DateTime,Open,High,Low,Close,Volume
2006-06-27,34.33,34.44,32.39,32.88,3426400
2006-06-28,32.78,33.0,32.45,32.86,1632900
2006-06-29,33.07,34.55,32.7,34.47,2676500
2006-06-30,34.76,34.86,34.11,34.46,1814100
2006-07-03,34.49,35.099998,34.24,34.94,748500
2006-07-05,34.88,35.029999,33.81,34.14,2166400
2006-07-06,34.2,34.66,32.88,33.42,2594200
2006-07-07,33.25,33.25,31.57,31.72,3756900
2006-07-10,31.72,31.86,29.56,30.22,4270700
2006-07-11,29.9,30.88,29.9,30.84,5982300
2006-07-12,31.0,32.2,30.9,31.6,4765500
2006-07-13,31.23,31.29,30.38,30.64,3149100
2006-07-14,30.63,30.63,29.78,30.45,1946900
2006-07-17,30.32,30.74,29.94,30.059999,1769300
2006-07-18,30.11,30.5,29.77,30.26,1953200
2006-07-19,30.31,31.68,30.18,31.41,2811700
2006-07-20,31.059999,32.38,30.76,31.3,3509400
2006-07-21,31.059999,31.24,30.01,30.11,2605500
2006-07-24,30.040001,31.58,30.02,31.31,2470300
2006-07-25,31.31,32.5,31.31,32.49,3564800
2006-07-26,32.48,32.49,31.35,31.64,3897000
2006-07-27,31.88,32.94,31.32,31.4,2880600
2006-07-28,31.69,33.15,31.52,32.41,3128000
2006-07-31,32.5,34.65,32.38,34.11,5467000
2006-08-01,33.26,33.98,32.53,32.98,3999700
2006-08-02,33.54,33.71,32.67,32.75,3275700
2006-08-03,32.67,34.049999,31.76,33.74,2251400
2006-08-04,34.12,34.74,32.82,33.31,2313100
2006-08-07,33.099998,33.25,32.27,33.060001,1753400
2006-08-08,33.060001,33.48,32.26,32.37,2354300
2006-08-09,32.79,33.63,32.61,32.9,2051400
2006-08-10,32.79,33.5,32.74,33.15,2717700
2006-08-11,32.98,32.98,32.11,32.33,3912000
2006-08-14,32.56,32.71,32.14,32.35,4196300
2006-08-15,32.65,34.029999,32.58,33.83,4824400
2006-08-16,34.75,34.79,33.45,34.42,4360400
2006-08-17,34.61,35.35,34.58,34.99,6358400
2006-08-18,33.94,34.94,32.4,34.61,9453300
2006-08-21,34.29,34.57,33.78,33.78,2286700
2006-08-22,33.68,34.4,33.36,33.41,2698000
2006-08-23,33.4,34.2,33.17,33.7,1895900
2006-08-24,33.9,34.040001,33.12,33.25,1393400
2006-08-25,33.029999,33.89,33.02,33.51,1700500
2006-08-28,33.53,34.18,33.47,33.89,1933500
2006-08-29,33.68,34.19,33.3,33.58,2102400
2006-08-30,33.68,34.44,33.17,34.27,2198600
2006-08-31,34.35,35.040001,34.3,34.76,2256000
2006-09-01,34.81,34.88,33.86,33.99,2640300
2006-09-05,33.82,34.31,33.56,34.21,1867000
2006-09-06,33.73,33.89,33.14,33.22,2567700
2006-09-07,33.0,33.0,31.44,31.48,4383600
2006-09-08,31.98,33.58,31.79,33.49,4335800
2006-09-11,33.23,34.049999,32.9,33.54,3431900
2006-09-12,33.59,34.32,33.45,34.3,2292500
2006-09-13,34.24,34.76,33.87,34.55,2372200
2006-09-14,34.4,34.84,34.26,34.49,2258600
2006-09-15,34.61,36.41,34.47,35.79,6062600
2006-09-18,36.0099983,36.85,35.98,36.29,2540400
2006-09-19,36.31,36.61,35.49,36.14,2169000
2006-09-20,36.049999,37.23,36.049999,36.91,2872900
2006-09-21,37.27,37.27,36.43,36.53,2177500
2006-09-22,36.48,36.53,35.8,36.09,931800
2006-09-25,35.94,36.65,35.36,36.64,2444100
2006-09-26,36.49,36.7,34.62,34.75,5253300
2006-09-27,34.85,35.52,34.46,34.71,3230500
2006-09-28,34.83,34.87,34.32,34.53,2727300
2006-09-29,34.62,35.07,34.22,34.78,2826400
2006-10-02,34.36,35.07,33.32,33.52,3513500
2006-10-03,33.3,33.8,33.0,33.29,2495800
2006-10-04,33.17,34.2,33.17,34.12,2894600
2006-10-05,34.0099983,35.16,33.82,35.16,3214500
2006-10-06,35.049999,35.25,34.85,35.099998,2262300
2006-10-09,34.99,35.68,34.16,35.27,2501700
2006-10-10,35.48,35.83,35.13,35.69,2443100
2006-10-11,35.7,35.7,34.26,34.75,2884400
2006-10-12,34.8,35.7,34.8,35.29,2368000
2006-10-13,35.21,35.49,34.7,34.89,2803200
2006-10-16,35.2,35.41,34.56,35.3,2380200
2006-10-17,35.0,35.15,34.4,34.8,2567900
2006-10-18,35.07,35.41,34.81,35.25,2836000
2006-10-19,35.17,35.26,34.32,34.93,2535400
2006-10-20,35.049999,35.26,34.38,35.080002,2262400
2006-10-23,35.19,36.0,34.57,35.92,3398400
2006-10-24,36.049999,36.57,35.72,36.54,2860000
2006-10-25,36.74,37.25,36.55,36.87,3185800
2006-10-26,37.11,37.4,36.63,37.28,1504000
2006-10-27,37.07,37.35,36.099998,36.21,1416000
2006-10-30,36.44,37.39,36.32,37.13,1733000
2006-10-31,37.0,37.27,36.31,36.75,2523300
2006-11-01,36.94,37.0,36.16,36.26,3064600
2006-11-02,36.33,36.57,35.89,36.02,3472500
2006-11-03,36.060001,36.16,35.75,36.0099983,2434100
2006-11-06,36.029999,36.099998,35.96,36.040001,1782800
2006-11-07,35.64,35.66,34.34,35.44,5323700
2006-11-08,35.11,35.8,35.09,35.52,3505400
2006-11-09,35.47,35.64,34.43,34.74,4962100
2006-11-10,34.88,34.89,34.11,34.68,4784500
2006-11-13,34.64,35.53,34.45,35.34,3848300
2006-11-14,35.52,36.38,35.22,36.029999,4321500
2006-11-15,36.28,36.8,36.28,36.62,3793500
2006-11-16,36.77,37.080002,36.21,37.0,5220000
2006-11-17,39.86,41.94,39.85,40.55,11978900
2006-11-20,40.55,41.060001,40.15,40.8,2847300
2006-11-21,40.94,41.040001,40.51,40.93,3344700
2006-11-22,40.9,41.66,40.78,41.44,2286800
2006-11-24,41.25,41.7,41.040001,41.58,752000
2006-11-27,41.63,41.63,40.28,40.53,3626100
2006-11-28,40.72,41.0099983,40.25,40.5,3303800
2006-11-29,40.85,41.24,40.21,40.58,3117200
2006-11-30,40.48,41.58,40.45,41.18,2241100
2006-12-01,41.12,41.2,40.029999,41.11,2641900
2006-12-04,40.93,42.44,40.9,42.09,2921400
2006-12-05,42.26,42.4,41.51,41.93,2042500
2006-12-06,41.6,42.51,41.25,42.3,2570600
2006-12-07,42.52,42.88,41.65,41.75,3499700
2006-12-08,41.75,42.78,41.080002,42.02,2489100
2006-12-11,41.15,42.19,40.75,41.16,2299000
2006-12-12,41.34,41.69,40.86,41.060001,2149700
2006-12-13,41.23,41.23,40.59,41.060001,1941800
2006-12-14,41.3,42.12,41.080002,41.34,2918500
2006-12-15,41.57,42.15,41.37,41.81,2830100
2006-12-18,42.0,42.099998,40.36,40.63,2330200
2006-12-19,40.45,40.83,39.65,40.56,1346900
2006-12-20,40.77,41.33,40.56,41.060001,1429000
2006-12-21,41.19,41.19,40.16,40.4,1190100
2006-12-22,40.54,40.56,39.66,40.040001,989600
2006-12-26,39.95,40.71,39.83,40.57,639500
2006-12-27,40.84,41.0,40.34,40.78,936400
2006-12-28,40.65,40.75,40.32,40.54,1501200
2006-12-29,40.39,40.92,40.32,40.46,1058800
2007-01-03,40.63,41.83,39.81,40.56,3873900
2007-01-04,40.69,41.55,40.26,41.33,2155200
2007-01-05,41.5,42.0,41.0099983,41.93,2172800
2007-01-08,41.9,42.47,41.59,41.8,1877500
2007-01-09,42.0,42.5,41.55,42.32,1734200
2007-01-10,42.26,42.94,41.93,42.72,1683900
2007-01-11,42.99,44.26,42.92,43.92,3786300
2007-01-12,43.83,44.42,43.33,43.74,2376800
2007-01-16,44.029999,44.64,43.81,44.2,1818800
2007-01-17,44.029999,45.19,44.029999,44.49,2359200
2007-01-18,44.65,44.9,42.94,43.09,2053900
2007-01-19,42.74,42.79,41.77,42.23,4163000
2007-01-22,42.13,42.54,41.79,42.42,3472200
2007-01-23,42.21,42.92,42.18,42.7,1833600
2007-01-24,43.099998,43.56,42.78,42.83,1831900
2007-01-25,42.77,43.09,42.07,42.27,1779600
2007-01-26,42.33,42.71,41.53,42.45,1891600
2007-01-29,42.64,43.25,41.87,42.2,1737500
2007-01-30,42.35,43.51,42.049999,43.38,2237600
2007-01-31,43.51,43.84,42.72,43.72,1786900
2007-02-01,43.74,44.39,43.32,44.26,1893400
2007-02-02,44.28,44.9,44.099998,44.29,2064500
2007-02-05,44.4,45.07,44.25,44.72,1963600
2007-02-06,44.72,44.88,43.41,43.72,2560200
2007-02-07,43.68,43.75,42.14,42.29,5501100
2007-02-08,42.21,42.88,42.0,42.26,2787600
2007-02-09,42.59,42.75,41.43,41.93,2782400
2007-02-12,41.96,42.19,41.31,41.48,2349200
2007-02-13,41.52,42.040001,41.02,41.33,1812300
2007-02-14,41.49,43.0099983,41.25,42.68,2829300
2007-02-15,42.34,42.99,42.28,42.61,2836500
2007-02-16,42.5,42.77,42.07,42.21,2801300
2007-02-20,42.26,42.35,41.91,42.19,2573500
2007-02-21,42.2,42.23,41.77,42.02,2709800
2007-02-22,41.94,42.26,41.88,42.13,2676100
2007-02-23,42.39,42.74,41.93,42.47,1984500
2007-02-26,42.75,42.98,42.15,42.18,3083700
2007-02-27,41.8,41.83,40.17,40.8,5039000
2007-02-28,39.6,41.23,38.88,41.15,12917000
2007-03-01,40.18,40.95,39.85,40.32,5690800
2007-03-02,39.86,40.51,39.52,39.79,3624700
2007-03-05,39.4,39.66,38.5,38.83,3285000
2007-03-06,39.0099983,39.63,38.81,39.34,3147300
2007-03-07,39.17,39.38,38.68,38.94,2227100
2007-03-08,39.099998,39.22,38.45,38.53,2216400
2007-03-09,38.65,38.74,38.0,38.54,2355700
2007-03-12,38.55,38.92,38.14,38.46,1979800
2007-03-13,38.14,38.2,37.35,37.44,2534600
2007-03-14,37.4,37.85,37.36,37.76,2901900
2007-03-15,37.81,38.040001,37.34,37.6,2257500
2007-03-16,37.61,37.96,37.25,37.4,2477800
2007-03-19,37.7,38.22,37.59,37.83,1666200
2007-03-20,37.83,38.78,37.8,38.6,2549000
2007-03-21,38.62,39.7,38.44,39.69,3298200
2007-03-22,39.97,40.0,38.91,38.95,2071400
2007-03-23,38.95,39.24,38.29,38.38,2560300
2007-03-26,38.55,38.55,37.7,38.040001,2891500
2007-03-27,37.89,38.13,37.66,37.76,2644500
2007-03-28,37.73,38.16,37.56,37.59,2834700
2007-03-29,37.78,37.86,36.74,37.15,2914000
2007-03-30,37.39,37.77,37.049999,37.6,3457200
2007-04-02,37.75,38.3,37.54,38.25,3729400
2007-04-03,38.36,38.8,38.26,38.49,2409600
2007-04-04,38.43,39.099998,38.26,38.87,2328600
2007-04-05,38.97,39.56,38.69,39.55,2355300
2007-04-09,39.58,39.59,38.8,38.84,2177400
2007-04-10,40.14,40.35,39.55,40.33,3956900
2007-04-11,40.19,40.28,39.33,39.41,2094300
2007-04-12,39.42,39.7,39.11,39.64,1279200
2007-04-13,39.53,39.67,38.83,39.24,1322400
2007-04-16,39.5,39.83,39.44,39.71,1101900
2007-04-17,39.72,39.81,39.060001,39.81,944200
2007-04-18,39.39,39.84,39.099998,39.69,1542900
2007-04-19,39.4,39.8,39.25,39.61,1250700
2007-04-20,40.19,40.19,39.4,39.65,2420900
2007-04-23,39.81,40.16,39.29,39.78,2392300
2007-04-24,39.86,41.18,39.86,40.54,2878100
2007-04-25,40.54,41.080002,40.28,41.040001,2011100
2007-04-26,42.0099983,42.2,41.29,41.76,2894600
2007-04-27,41.53,42.24,41.53,41.99,2119400
2007-04-30,41.77,41.95,41.24,41.27,1518200
2007-05-01,41.25,41.71,40.89,41.4,1641900
2007-05-02,41.31,42.080002,41.22,41.93,1181400
2007-05-03,42.049999,42.11,41.4,41.53,1714900
2007-05-04,41.61,41.95,41.26,41.7,1033300
2007-05-07,41.81,42.099998,41.37,41.9,1496000
2007-05-08,41.83,42.78,41.61,42.71,2484300
2007-05-09,42.76,43.33,42.67,42.93,2764300
2007-05-10,42.72,42.9,41.97,42.34,2817600
2007-05-11,42.93,43.3,42.38,43.27,1564500
2007-05-14,43.11,43.75,43.0099983,43.42,2001900
2007-05-15,43.3,43.75,42.83,43.080002,3179500
2007-05-16,43.22,43.82,42.73,43.8,2822900
2007-05-17,43.85,43.86,43.19,43.3,2735700
2007-05-18,42.5,44.57,41.72,44.3,7718900
2007-05-21,44.42,45.32,44.27,45.13,3297700
2007-05-22,44.9,45.62,44.72,45.53,2865600
2007-05-23,45.48,45.87,45.41,45.51,2873700
2007-05-24,45.37,45.6,44.54,44.74,2234300
2007-05-25,44.96,45.3,44.46,44.97,1104900
2007-05-29,44.91,45.040001,44.47,44.9,1414100
2007-05-30,44.6,45.13,44.27,45.029999,1687000
2007-05-31,44.98,45.5,44.59,45.45,1821000
2007-06-01,45.33,45.47,44.82,44.9,1274900
2007-06-04,44.66,45.14,44.29,45.099998,1356800
2007-06-05,44.2,44.85,44.080002,44.79,3414000
2007-06-06,44.42,44.87,44.33,44.55,1679300
2007-06-07,43.79,44.34,43.5,43.67,3503000
2007-06-08,43.049999,44.22,42.83,44.18,2742400
2007-06-11,44.0,45.07,43.6,44.83,2627300
2007-06-12,44.51,45.99,44.25,45.79,3532200
2007-06-13,45.75,47.17,45.35,47.040001,4394700
2007-06-14,46.049999,46.2,44.67,45.29,5396600
2007-06-15,45.78,45.78,44.68,45.0,4584300
2007-06-18,45.0,45.66,44.65,45.5,2109000
2007-06-19,45.26,46.75,45.11,46.5,2985100
2007-06-20,46.65,47.07,46.37,46.64,3512000
2007-06-21,46.62,47.5,46.62,47.17,4405900
2007-06-22,46.91,47.16,46.24,46.66,4112700
2007-06-25,46.6,47.69,46.41,46.91,3832300
2007-06-26,47.25,47.34,46.6,47.14,3229500
2007-06-27,46.8,47.73,46.61,47.72,3634400
2007-06-28,47.6,48.14,47.48,47.77,3555900
2007-06-29,47.73,47.9,46.51,47.080002,4746900
2007-07-02,46.64,47.5,46.6,47.29,2721300
2007-07-03,47.37,47.37,45.94,46.099998,2487100
2007-07-05,46.0,46.09,45.51,45.79,7246100
2007-07-06,45.46,45.55,44.66,45.2,6752700
2007-07-09,45.41,45.41,44.81,44.96,4175100
2007-07-10,44.89,45.35,44.6,44.9,3378100
2007-07-11,44.76,45.53,44.16,45.38,3238100
2007-07-12,45.3,46.9,45.15,46.9,3843400
2007-07-13,46.92,47.0,46.4,47.0,2263900
2007-07-16,46.75,47.49,46.64,47.029999,3909400
2007-07-17,47.26,47.47,46.88,47.3,1462700
2007-07-18,47.0,47.22,46.39,46.77,3158100
2007-07-19,47.0,47.95,46.55,47.9,2652900
2007-07-20,45.99,45.99,44.24,44.54,6083600
2007-07-23,44.85,45.19,44.44,44.72,2648100
2007-07-24,44.5,44.96,44.12,44.34,4186100
2007-07-25,44.45,44.69,43.85,44.17,3639400
2007-07-26,43.51,44.060001,42.65,43.63,6801100
2007-07-27,43.67,44.46,43.29,43.29,3131200
2007-07-30,43.24,44.080002,43.18,43.83,3485100
2007-07-31,44.0,44.0,42.32,42.37,4248000
2007-08-01,42.17,44.099998,42.17,43.69,9458300
2007-08-02,42.9,43.67,41.59,41.7,9400900
2007-08-03,41.7,42.0,40.47,40.47,4872700
2007-08-06,40.79,41.47,40.61,41.46,2930400
2007-08-07,41.12,43.83,40.8,42.91,3970500
2007-08-08,43.25,45.099998,42.92,44.029999,4024200
2007-08-09,43.85,44.8,43.38,43.63,4474700
2007-08-10,43.63,44.44,42.83,43.13,2969900
2007-08-13,43.5,44.9,43.2,44.62,3953100
2007-08-14,44.6,44.66,43.74,43.87,2736800
2007-08-15,43.22,45.0,42.38,42.61,3049600
2007-08-16,42.61,43.12,40.82,42.61,5125500
2007-08-17,44.66,45.11,43.0,44.9,5453800
2007-08-20,44.6,46.63,44.09,46.45,4007000
2007-08-21,45.41,46.0099983,44.57,45.69,3129800
2007-08-22,45.85,46.3,45.58,46.080002,2536800
2007-08-23,46.29,46.5,44.76,45.040001,2896200
2007-08-24,45.02,45.55,44.85,45.55,1392300
2007-08-27,45.029999,45.72,44.75,45.47,1518800
2007-08-28,45.12,45.47,44.029999,44.029999,1919500
2007-08-29,44.4,45.32,43.6,45.14,1304700
2007-08-30,44.93,46.25,44.65,45.4,1927800
2007-08-31,46.12,46.6,45.54,46.32,1794300
2007-09-04,46.15,47.099998,45.6,46.58,1784500
2007-09-05,46.34,46.85,46.16,46.84,1994700
2007-09-06,47.0,47.049999,46.34,46.72,1302800
2007-09-07,46.45,46.92,45.0,45.15,2246500
2007-09-10,45.51,46.25,45.36,45.44,2305200
2007-09-11,46.0,46.69,45.84,46.55,1294100
2007-09-12,46.36,47.46,46.17,46.79,1962000
2007-09-13,47.060001,47.5,46.73,47.24,1593100
2007-09-14,46.9,47.79,46.77,47.56,2233300
2007-09-17,47.34,47.56,46.69,47.21,1664600
2007-09-18,47.5,48.85,47.34,48.85,2729700
2007-09-19,48.63,50.040001,48.34,49.9,5744400
2007-09-20,49.5,49.7,49.0,49.31,2418500
2007-09-21,49.63,49.8,48.63,48.72,2965400
2007-09-24,48.58,48.68,48.0,48.41,2275700
2007-09-25,48.23,49.99,48.23,49.89,2323400
2007-09-26,49.81,50.55,49.43,50.099998,2097000
2007-09-27,50.16,50.22,49.27,49.8,1903900
2007-09-28,49.61,50.049999,49.57,49.97,1910800
2007-10-01,48.59,49.99,48.27,49.82,1992400
2007-10-02,50.040001,50.040001,49.13,49.91,1785200
2007-10-03,49.82,50.0,49.41,49.64,1135700
2007-10-04,49.78,50.46,49.51,49.97,1387900
2007-10-05,50.080002,50.61,49.21,50.56,2361100
2007-10-08,50.47,50.93,50.029999,50.75,1214200
2007-10-09,50.76,51.18,50.47,50.75,2161700
2007-10-10,50.71,50.96,50.35,50.7,1414000
2007-10-11,50.76,51.32,49.8,49.96,2267000
2007-10-12,50.25,51.0,50.02,50.8,2050000
2007-10-15,50.5,51.0,49.44,49.85,1335500
2007-10-16,49.97,50.5,48.94,49.18,2025300
2007-10-17,48.5,48.94,47.52,48.37,2929900
2007-10-18,48.46,49.43,48.3,49.07,1852600
2007-10-19,49.0,49.28,46.89,46.96,2690800
2007-10-22,46.72,47.84,45.86,47.49,2061500
2007-10-23,46.73,47.25,46.46,47.22,1963900
2007-10-24,46.8,47.44,45.54,47.19,2103900
2007-10-25,47.54,48.19,46.98,47.25,2177700
2007-10-26,47.54,48.099998,47.36,47.65,1975100
2007-10-29,47.77,48.12,47.16,47.71,3150200
2007-10-30,47.59,47.6,46.78,46.96,2335600
2007-10-31,47.3,48.9,46.85,48.9,3688800
2007-11-01,48.16,49.0,47.73,47.8,1871100
2007-11-02,48.37,48.94,47.48,48.81,1671500
2007-11-05,48.15,48.54,47.79,48.099998,1574900
2007-11-06,49.68,49.73,48.65,49.71,2448700
2007-11-07,49.38,49.84,48.37,48.42,1875800
2007-11-08,48.2,48.55,45.5,47.36,3746500
2007-11-09,46.51,47.26,46.02,46.16,2479600
2007-11-12,46.02,46.67,44.84,44.84,3080400
2007-11-13,46.66,48.6,44.84,47.99,3299500
2007-11-14,48.63,49.0,47.5,47.53,2579700
2007-11-15,47.28,48.0,46.84,47.46,2821600
2007-11-16,44.87,47.46,44.78,46.41,6011300
2007-11-19,46.31,46.69,45.7,46.07,2897100
2007-11-20,46.14,47.21,45.25,46.34,1796200
2007-11-21,46.29,47.18,44.9,45.23,2509500
2007-11-23,45.34,46.15,45.25,45.79,639200
2007-11-26,45.37,46.13,44.51,44.56,1689200
2007-11-27,44.95,46.53,44.6,45.87,2505900
2007-11-28,45.9,46.8,45.35,46.62,3532100
2007-11-29,46.46,47.64,46.18,47.46,1925500
2007-11-30,47.42,47.83,46.83,47.09,2218500
2007-12-03,46.76,47.95,46.69,47.53,2394200
2007-12-04,46.84,47.95,46.84,47.59,1410900
2007-12-05,47.98,49.21,47.85,48.72,2277400
2007-12-06,48.91,48.91,47.4,48.09,3183300
2007-12-07,48.0,48.37,47.44,48.2,1587200
2007-12-10,48.64,49.95,48.51,49.68,1852500
2007-12-11,49.33,50.18,49.0,49.099998,2791100
2007-12-12,49.97,50.13,49.0,49.5,2452900
2007-12-13,49.4,50.47,49.21,50.33,2125800
2007-12-14,49.84,50.56,49.54,49.56,2365300
2007-12-17,49.58,49.59,48.45,48.55,1863200
2007-12-18,48.52,50.029999,48.41,49.78,2616400
2007-12-19,49.63,50.02,49.2,49.68,1791600
2007-12-20,50.0,50.57,49.67,50.5,1851700
2007-12-21,50.9,51.12,50.34,50.99,3174200
2007-12-24,50.7,51.22,50.65,51.02,498300
2007-12-26,50.85,51.099998,50.42,51.040001,827100
2007-12-27,51.099998,51.15,49.62,49.85,1524800
2007-12-28,49.75,50.61,49.75,50.26,1149700
2007-12-31,50.099998,50.29,49.7,49.76,1476300
2008-01-02,49.64,49.71,48.040001,48.24,2401000
2008-01-03,48.29,48.83,47.62,47.84,2327400
2008-01-04,47.7,47.7,45.54,45.7,2674800
2008-01-07,45.88,47.049999,45.6,46.72,2879900
2008-01-08,47.0,47.099998,44.81,44.82,3891200
2008-01-09,44.84,45.69,44.0,44.39,3452900
2008-01-10,44.09,45.11,43.45,44.66,2998400
2008-01-11,44.11,44.39,43.12,43.18,2802400
2008-01-14,43.6,44.72,42.53,44.32,2665200
2008-01-15,43.81,44.35,42.63,42.65,2716200
2008-01-16,41.2,43.78,40.56,42.49,6220300
2008-01-17,42.5,42.5,40.12,40.89,5945000
2008-01-18,40.49,42.58,40.47,41.24,4750700
2008-01-22,39.41,40.85,39.24,40.11,4072400
2008-01-23,39.45,40.85,38.65,40.75,4545200
2008-01-24,40.59,42.6,40.54,42.44,3696400
2008-01-25,42.77,43.0099983,41.15,41.3,2579800
2008-01-28,41.31,41.41,40.44,41.14,1904200
2008-01-29,41.27,41.4,40.32,40.78,1877400
2008-01-30,40.45,42.17,40.23,40.97,2144200
2008-01-31,40.39,41.57,39.85,41.15,2981500
2008-02-01,41.84,42.6,40.66,41.96,2867300
2008-02-04,42.02,42.080002,40.96,41.22,2377300
2008-02-05,40.59,40.75,39.74,39.85,2718200
2008-02-06,40.21,40.23,38.53,38.72,2952200
2008-02-07,38.33,39.02,37.46,38.57,5277800
2008-02-08,38.47,39.13,38.27,38.94,2772000
2008-02-11,38.97,39.64,38.63,39.25,3041000
2008-02-12,39.67,40.39,38.29,38.48,4478400
2008-02-13,38.7,39.049999,38.2,38.74,5180400
2008-02-14,38.67,39.22,38.39,38.7,3972300
2008-02-15,38.51,38.77,37.99,38.15,3596900
2008-02-19,39.040001,39.36,37.84,37.9,3614000
2008-02-20,38.0,38.64,37.59,38.39,4660200
2008-02-21,38.64,39.21,38.39,38.95,5996200
2008-02-22,39.26,39.78,38.19,38.6,5846900
2008-02-25,38.88,39.6,38.81,39.3,4238700
2008-02-26,39.49,39.68,38.84,39.099998,6751000
2008-02-27,33.86,34.43,32.36,32.99,29708100
2008-02-28,32.84,33.39,32.76,33.11,8726500
2008-02-29,32.8,32.87,30.79,31.09,13575200
2008-03-03,30.97,31.61,30.2,30.35,10827100
2008-03-04,30.35,30.4,29.58,29.9,10258500
2008-03-05,30.0,31.54,29.99,31.51,9353900
2008-03-06,31.52,31.88,31.16,31.2,7289400
2008-03-07,31.01,31.9,30.99,31.61,7645900
2008-03-10,31.78,32.11,31.35,31.55,5386700
2008-03-11,31.9,33.26,31.71,33.21,6169400
2008-03-12,33.49,33.71,32.77,32.9,5042700
2008-03-13,32.67,34.73,32.12,34.53,7684800
2008-03-14,34.049999,34.7,33.61,34.080002,6822900
2008-03-17,33.34,34.35,33.19,33.91,5453900
2008-03-18,34.5,34.5,32.11,33.049999,9338400
2008-03-19,32.71,33.029999,31.36,31.39,10682300
2008-03-20,31.56,32.09,31.11,32.0,6868000
2008-03-24,32.18,32.7,31.9,32.63,3833000
2008-03-25,32.86,33.26,32.56,33.12,3435000
2008-03-26,32.93,33.0,32.38,32.74,2081400
2008-03-27,32.89,32.95,31.38,31.43,4187800
2008-03-28,32.61,32.61,31.67,31.77,3667400
2008-03-31,31.64,31.97,31.2,31.48,3939200
2008-04-01,31.38,32.86,31.16,32.83,3488200
2008-04-02,32.77,33.42,32.58,33.13,2870100
2008-04-03,33.39,33.53,32.76,33.49,3152200
2008-04-04,33.12,34.080002,33.099998,33.83,3804800
2008-04-07,33.81,34.049999,33.31,33.73,3346400
2008-04-08,33.36,33.82,33.31,33.61,2787300
2008-04-09,33.74,33.93,32.56,32.7,2701900
2008-04-10,32.8,33.19,32.22,33.11,2410100
2008-04-11,32.7,33.07,31.91,31.99,1998500
2008-04-14,31.85,31.99,31.66,31.68,1900000
2008-04-15,31.63,31.73,30.84,31.47,2657000
2008-04-16,31.62,32.67,31.52,32.6,3979200
2008-04-17,32.85,32.85,31.94,32.22,2534800
2008-04-18,32.84,33.62,32.44,33.27,3509500
2008-04-21,33.07,33.83,32.65,33.75,2645400
2008-04-22,33.51,34.23,33.49,34.07,3643200
2008-04-23,33.99,36.0,33.65,35.55,6703700
2008-04-24,37.32,38.049999,36.53,37.53,5521100
2008-04-25,37.77,39.5,37.42,39.38,5152300
2008-04-28,39.4,39.6,38.52,38.55,4701400
2008-04-29,38.41,39.27,37.75,38.92,4204600
2008-04-30,39.28,39.28,37.79,38.0,3792300
2008-05-01,37.75,39.41,37.7,39.31,2389000
2008-05-02,39.22,39.5,38.75,39.42,2754100
2008-05-05,38.98,39.02,37.86,38.35,4478700
2008-05-06,38.26,39.6,38.14,39.29,2099100
2008-05-07,39.35,39.35,37.99,38.24,4339900
2008-05-08,38.18,38.94,38.18,38.83,2246300
2008-05-09,38.33,39.49,38.26,39.099998,1638600
2008-05-12,39.25,39.93,39.0,39.67,3922600
2008-05-13,39.87,40.37,39.32,40.080002,3197700
2008-05-14,40.33,41.2,40.02,40.19,2462600
2008-05-15,40.19,41.12,39.48,40.94,3786900
2008-05-16,41.49,41.49,40.11,40.74,4680900
2008-05-19,40.55,40.96,40.049999,40.27,1854100
2008-05-20,40.099998,40.66,39.14,39.61,2182700
2008-05-21,39.82,40.44,39.11,39.43,2449200
2008-05-22,39.42,39.8,39.2,39.42,1612400
2008-05-23,39.099998,39.23,38.45,38.75,2624700
2008-05-27,38.56,39.83,38.51,39.65,1757100
2008-05-28,39.7,39.74,38.97,39.7,1500100
2008-05-29,40.11,41.54,40.11,40.93,2685900
2008-05-30,40.87,41.44,40.55,41.16,2041200
2008-06-02,40.9,41.16,39.87,40.42,2421200
2008-06-03,40.65,41.2,39.99,40.56,2255400
2008-06-04,40.6,41.18,40.080002,40.81,2535400
2008-06-05,40.65,41.57,40.55,41.49,2172200
2008-06-06,41.25,41.68,40.5,40.51,3386500
2008-06-09,40.83,40.85,39.99,40.77,2564200
2008-06-10,40.32,40.47,39.51,39.9,2415400
2008-06-11,39.76,39.97,38.17,38.24,3735600
2008-06-12,38.68,39.17,37.82,38.080002,2939400
2008-06-13,38.49,39.14,37.97,38.54,3553800
2008-06-16,38.07,39.36,38.07,39.28,2788100
2008-06-17,39.35,39.89,38.8,39.51,2159700
2008-06-18,39.16,39.45,38.45,38.63,4241000
2008-06-19,38.64,38.88,37.86,38.8,2713800
2008-06-20,38.44,38.48,36.62,36.88,4966700
2008-06-23,36.9,37.18,35.86,36.09,4469400
2008-06-24,35.9,36.12,35.46,35.74,3039400
2008-06-25,35.79,36.71,35.54,36.35,3183900
2008-06-26,35.26,35.88,34.72,34.77,5214600
2008-06-27,34.81,34.85,33.59,34.029999,5762100
2008-06-30,34.07,34.26,33.57,33.81,3701500
2008-07-01,33.48,34.99,33.45,34.64,4899400
2008-07-02,34.62,34.62,33.57,33.65,5309500
2008-07-03,34.18,34.5,33.78,33.96,1416500
2008-07-07,33.87,34.25,33.14,33.68,2980000
2008-07-08,33.55,34.62,33.42,34.6,2721100
2008-07-09,34.26,34.63,32.97,33.0099983,3084600
2008-07-10,33.25,33.94,33.049999,33.72,2411800
2008-07-11,33.66,33.83,31.83,33.049999,5382200
2008-07-14,33.49,33.71,32.97,33.3,2901400
2008-07-15,33.029999,34.44,32.8,34.099998,3278500
2008-07-16,34.049999,35.49,33.89,35.25,3011600
2008-07-17,35.52,36.11,35.09,35.99,2744700
2008-07-18,35.91,36.15,34.92,36.0099983,3111900
2008-07-21,35.71,35.81,34.0,34.25,3950100
2008-07-22,33.029999,34.099998,32.37,33.81,6497000
2008-07-23,33.76,34.44,33.51,33.91,4076000
2008-07-24,33.75,33.9,32.7,32.74,2560600
2008-07-25,32.79,33.049999,32.58,32.76,3509900
2008-07-28,32.95,32.95,32.09,32.2,2534900
2008-07-29,32.45,33.11,32.37,32.74,3767800
2008-07-30,32.8,33.0099983,32.25,32.75,3084000
2008-07-31,32.31,32.55,31.34,31.89,8164000
2008-08-01,31.95,33.77,31.61,33.67,8834600
2008-08-04,33.56,33.98,32.7,32.77,4319200
2008-08-05,33.040001,33.85,32.77,33.72,4472500
2008-08-06,33.66,34.4,33.39,34.2,2951500
2008-08-07,34.15,34.56,33.8,34.099998,2695600
2008-08-08,34.25,35.34,34.07,35.26,4478400
2008-08-11,34.84,35.82,34.59,35.54,3096300
2008-08-12,35.62,36.0,34.16,34.39,4252100
2008-08-13,34.07,34.68,33.68,34.28,4132000
2008-08-14,33.88,34.53,33.0,34.35,6462700
2008-08-15,37.76,39.0,37.46,38.37,13398800
2008-08-18,38.5,38.94,37.5,37.92,4114700
2008-08-19,37.96,38.0,36.47,36.61,3691200
2008-08-20,36.96,37.45,36.63,37.13,3532600
2008-08-21,37.060001,37.060001,36.23,36.62,1874700
2008-08-22,37.02,37.32,36.46,37.16,1879600
2008-08-25,36.36,36.97,35.83,36.2,2769500
2008-08-26,36.22,36.59,35.91,36.4,1956300
2008-08-27,36.26,37.31,35.97,36.93,2489300
2008-08-28,37.16,37.65,36.58,37.54,2176000
2008-08-29,37.09,37.23,35.46,35.53,3365300
2008-09-02,36.27,36.51,35.31,35.43,2790100
2008-09-03,35.43,35.48,34.28,34.62,3867600
2008-09-04,34.7,34.93,34.02,34.37,4374700
2008-09-05,34.0099983,34.6,33.11,33.77,3028900
2008-09-08,34.48,34.56,33.56,34.34,3441100
2008-09-09,34.45,34.61,33.93,33.95,4459200
2008-09-10,33.94,34.11,33.31,33.46,3392000
2008-09-11,33.26,34.38,33.15,34.32,3314700
2008-09-12,33.99,34.66,33.57,34.44,3387400
2008-09-15,33.099998,34.29,32.85,33.42,4057800
2008-09-16,33.09,34.3,32.88,33.54,5080800
2008-09-17,33.69,33.76,31.84,32.15,5762600
2008-09-18,32.57,33.85,30.96,33.46,6571600
2008-09-19,35.71,37.45,35.71,35.71,69100
2008-09-22,35.22,35.35,33.5,33.51,3210900
2008-09-23,33.78,34.2,32.96,33.15,2526300
2008-09-24,33.34,34.46,33.23,33.6,2316500
2008-09-25,34.0,35.0,33.48,34.21,2623300
2008-09-26,33.54,35.35,33.080002,35.21,3207100
2008-09-29,34.63,34.97,31.85,32.17,4595100
2008-09-30,32.75,33.55,31.57,33.55,3879300
2008-10-01,32.4,33.0,31.8,32.52,3946100
2008-10-02,32.38,32.54,30.32,30.45,3621000
2008-10-03,30.78,32.4,30.5,30.72,4576300
2008-10-06,30.24,30.61,26.87,28.46,5717000
2008-10-07,28.48,28.89,26.86,26.87,4445300
2008-10-08,26.82,29.23,26.5,27.059999,5500900
2008-10-09,27.44,27.61,25.0,25.25,4616400
2008-10-10,24.28,25.53,23.02,24.2,6582500
2008-10-13,25.44,27.88,25.14,27.77,6904700
2008-10-14,28.28,28.97,25.26,25.85,5187000
2008-10-15,25.48,26.14,23.15,23.2,4554800
2008-10-16,23.07,25.54,22.5,25.38,6036700
2008-10-17,24.72,28.25,24.12,24.56,3943800
2008-10-20,24.86,25.51,24.32,25.17,2967900
2008-10-21,24.92,25.4,24.32,24.38,5552400
2008-10-22,23.44,23.88,22.15,22.85,4388100
2008-10-23,22.95,23.35,21.56,22.92,3662700
2008-10-24,21.4,22.74,21.07,21.84,2969200
2008-10-27,21.45,21.9,20.64,20.68,3142800
2008-10-28,21.41,23.36,20.27,23.24,4563500
2008-10-29,23.92,23.92,22.22,22.31,3394400
2008-10-30,22.58,22.92,20.93,21.96,3917200
2008-10-31,21.88,22.28,20.55,21.31,5621400
2008-11-03,21.39,23.24,21.12,22.88,5740900
2008-11-04,22.81,23.65,21.73,22.5,9035500
2008-11-05,21.72,22.49,21.0,21.0,3125200
2008-11-06,21.059999,21.53,19.69,19.88,5311200
2008-11-07,20.08,20.97,19.89,20.76,3008900
2008-11-10,21.19,21.5,20.3,20.45,2919000
2008-11-11,20.25,20.47,19.46,19.77,3301900
2008-11-12,19.54,19.95,19.02,19.030001,3828900
2008-11-13,19.39,20.84,18.18,20.84,5706200
2008-11-14,20.43,20.64,19.17,19.53,3204100
2008-11-17,19.2,19.94,18.66,19.09,3912100
2008-11-18,19.12,19.69,18.51,19.15,4661800
2008-11-19,19.22,19.57,17.69,17.86,4202200
2008-11-20,17.68,18.44,16.58,16.82,6158200
2008-11-21,13.57,14.44,12.45,14.37,15518400
2008-11-24,14.77,15.84,13.99,15.69,6696700
2008-11-25,15.7,16.33,14.97,16.02,5903800
2008-11-26,15.73,17.059999,15.6,16.89,3787500
2008-11-28,16.72,16.97,16.24,16.59,1288300
2008-12-01,16.24,16.42,14.82,14.83,3329700
2008-12-02,15.05,15.69,14.81,15.57,3262500
2008-12-03,15.05,16.07,14.94,15.84,4125800
2008-12-04,15.43,15.95,14.91,15.13,3794200
2008-12-05,14.82,16.13,14.75,16.040001,2978600
2008-12-08,17.08,18.55,16.73,18.35,5182800
2008-12-09,18.49,19.51,18.0,18.26,4608500
2008-12-10,18.65,18.65,17.57,17.99,3366100
2008-12-11,17.54,18.14,17.36,17.39,3210000
2008-12-12,17.31,18.58,17.31,18.4,2919800
2008-12-15,18.51,18.64,17.37,17.61,2837500
2008-12-16,17.87,19.17,17.58,19.13,3326800
2008-12-17,18.83,19.54,18.61,19.21,3823300
2008-12-18,18.98,19.33,18.15,18.41,3992900
2008-12-19,18.49,18.97,18.26,18.52,4191400
2008-12-22,18.52,18.71,17.81,18.26,2439900
2008-12-23,17.83,18.84,17.83,18.34,1892100
2008-12-24,18.43,18.74,18.24,18.69,717100
2008-12-26,18.8,18.94,18.58,18.89,1734000
2008-12-29,18.32,18.9,18.12,18.43,2983700
2008-12-30,18.55,19.01,18.34,18.97,2612200
2008-12-31,18.92,20.01,18.85,19.65,2372600
2009-01-02,19.55,20.76,19.55,20.68,2845600
2009-01-05,20.6,20.92,20.049999,20.88,3018600
2009-01-06,21.11,21.71,20.71,20.85,3883500
2009-01-07,20.55,20.58,19.89,20.07,3831400
2009-01-08,19.59,19.61,18.96,19.2,5436400
2009-01-09,19.41,19.55,18.4,18.47,4674000
2009-01-12,18.42,19.11,18.42,18.78,4674300
2009-01-13,18.78,19.049999,18.18,18.46,4288200
2009-01-14,18.19,18.2,17.35,17.73,5476300
2009-01-15,15.85,16.18,14.98,15.48,12034500
2009-01-16,15.79,16.64,15.48,16.14,7731700
2009-01-20,16.14,16.31,15.71,15.72,6772500
2009-01-21,15.82,16.78,15.52,16.77,5039300
2009-01-22,16.31,16.44,15.73,16.13,4109500
2009-01-23,15.61,16.5,15.51,16.26,3603300
2009-01-26,16.47,16.77,16.09,16.43,3531400
2009-01-27,16.34,17.28,16.25,16.91,4032100
2009-01-28,17.29,17.35,16.97,17.25,4172800
2009-01-29,17.01,17.32,16.74,16.93,3328400
2009-01-30,17.13,17.21,16.43,16.56,3643200
2009-02-02,16.4,16.75,16.22,16.53,3940700
2009-02-03,16.57,17.26,16.45,17.19,4174400
2009-02-04,17.21,17.81,17.2,17.41,3899300
2009-02-05,17.36,18.049999,17.040001,17.81,4519800
2009-02-06,17.81,18.72,17.61,18.54,3156000
2009-02-09,18.55,18.64,18.0,18.2,2984900
2009-02-10,18.0,18.31,17.1,17.2,3506200
2009-02-11,17.22,17.76,17.049999,17.45,2305200
2009-02-12,17.0,17.71,16.86,17.55,3206800
2009-02-13,17.62,18.09,17.43,17.56,2079200
2009-02-17,16.78,16.96,16.46,16.57,2732100
2009-02-18,16.64,16.71,16.14,16.31,2670800
2009-02-19,16.55,17.049999,15.85,15.85,5843200
2009-02-20,15.75,15.87,15.09,15.26,9833600
2009-02-23,15.4,15.62,14.35,14.39,7687500
2009-02-24,14.53,14.82,14.35,14.6,8544700
2009-02-25,14.5,14.64,14.1,14.3,10346500
2009-02-26,14.43,14.46,13.86,14.06,8459500
2009-02-27,12.72,13.2,12.53,12.69,13025300
2009-03-02,12.52,12.76,11.7,11.86,12876800
2009-03-03,11.84,12.19,11.74,11.79,7680100
2009-03-04,12.04,12.73,12.01,12.51,7582300
2009-03-05,12.38,12.38,11.81,12.05,7818800
2009-03-06,12.28,12.52,11.76,12.02,5355100
2009-03-09,12.18,12.26,11.75,11.78,4950700
2009-03-10,12.01,12.56,11.79,12.54,6452900
2009-03-11,12.03,12.61,12.0,12.31,6274700
2009-03-12,12.35,12.78,12.18,12.74,5425500
2009-03-13,12.76,12.83,12.45,12.83,5812200
2009-03-16,12.83,13.21,12.7,12.88,7227100
2009-03-17,12.67,13.21,12.62,13.21,3594500
2009-03-18,12.8,14.26,12.8,14.0,5531300
2009-03-19,13.7,14.53,13.7,13.87,4269900
2009-03-20,14.21,14.21,13.37,13.39,5047900
2009-03-23,13.68,14.6,13.43,14.59,3437700
2009-03-24,14.42,14.93,14.15,14.85,5743500
2009-03-25,14.63,15.47,14.63,15.3,7981900
2009-03-26,15.64,16.18,15.47,16.16,5497900
2009-03-27,15.9,16.24,15.72,16.07,5962200
2009-03-30,15.97,15.97,14.91,15.23,6060900
2009-03-31,16.15,17.32,16.030001,16.81,10269300
2009-04-01,16.33,17.25,16.1,17.11,8038500
2009-04-02,17.5,18.7,17.32,17.98,9566000
2009-04-03,17.7,18.1,17.4,17.99,6034300
2009-04-06,17.95,18.39,17.58,18.27,6304900
2009-04-07,17.93,17.99,17.41,17.7,4293500
2009-04-08,17.7,18.5,17.67,18.44,4890900
2009-04-09,18.79,19.34,18.79,19.3,4458300
2009-04-13,19.18,19.18,18.61,18.76,4033100
2009-04-14,18.6,18.83,18.31,18.5,3424100
2009-04-15,18.38,18.49,18.01,18.39,3986100
2009-04-16,18.52,18.52,17.77,18.38,6961000
2009-04-17,18.39,18.61,18.01,18.51,4106800
2009-04-20,17.96,18.25,17.49,17.54,3539600
2009-04-21,17.36,18.26,17.25,18.15,3643900
2009-04-22,17.9,19.56,17.78,18.81,6847900
2009-04-23,18.81,19.08,18.040001,18.52,5130600
2009-04-24,18.3,19.85,18.3,19.68,6392200
2009-04-27,19.14,19.55,18.93,19.01,3965000
2009-04-28,18.77,19.08,18.54,18.7,3220400
2009-04-29,18.84,19.66,18.62,19.45,3525000
2009-04-30,19.47,20.3,19.32,19.94,4285200
2009-05-01,19.95,19.98,19.47,19.63,2495300
2009-05-04,19.86,20.52,19.75,20.47,3159500
2009-05-05,20.3,20.65,20.08,20.44,3623800
2009-05-06,20.65,20.66,19.87,20.47,3074900
2009-05-07,20.33,20.57,19.25,19.47,4228700
2009-05-08,19.72,20.049999,19.33,19.7,4074400
2009-05-11,19.42,19.99,19.0,19.8,2085000
2009-05-12,19.88,19.95,19.1,19.4,2059700
2009-05-13,19.01,19.2,18.5,18.5,2863500
2009-05-14,18.63,19.12,18.58,18.84,2040600
2009-05-15,18.79,19.29,18.43,19.0,2986400
2009-05-18,19.049999,19.48,18.53,19.48,2488000
2009-05-19,19.54,19.86,19.25,19.42,4220900
2009-05-20,19.48,19.88,19.0,19.14,3886900
2009-05-21,18.78,19.0,18.54,18.83,5866900
2009-05-22,21.34,21.52,20.55,20.7,11798300
2009-05-26,20.1,21.22,20.1,21.12,5171200
2009-05-27,21.18,21.86,20.94,21.16,3602800
2009-05-28,21.31,21.68,20.75,21.19,3055200
2009-05-29,21.1,21.5,20.82,21.46,3544100
2009-06-01,21.46,22.75,21.46,22.66,5264800
2009-06-02,22.72,22.85,22.17,22.22,2991200
2009-06-03,22.059999,22.35,21.63,22.08,2345200
2009-06-04,22.19,22.37,21.76,22.19,2771200
2009-06-05,22.38,22.6,21.83,22.17,3487900
2009-06-08,22.19,22.24,21.63,22.030001,2998400
2009-06-09,22.18,22.6,21.95,22.46,2858500
2009-06-10,22.51,22.65,21.88,22.3,2118400
2009-06-11,22.22,22.74,22.2,22.4,1903500
2009-06-12,22.12,22.33,21.82,22.24,2090300
2009-06-15,21.97,21.97,21.11,21.31,2757700
2009-06-16,21.13,21.62,20.95,20.98,2024100
2009-06-17,21.08,21.23,20.84,20.97,2687000
2009-06-18,20.99,21.0,20.51,20.72,2007000
2009-06-19,20.99,21.049999,20.34,20.54,3646200
2009-06-22,20.25,20.4,19.77,19.8,3148500
2009-06-23,19.87,19.98,19.58,19.74,2832000
2009-06-24,19.57,20.12,19.57,19.84,3195600
2009-06-25,19.59,20.14,19.52,20.08,2540100
2009-06-26,19.68,20.1,19.68,19.75,3524500
2009-06-29,20.12,20.12,19.5,19.54,4133900
2009-06-30,19.54,19.65,18.93,18.98,4540100
2009-07-01,19.12,19.24,18.64,18.66,6695400
2009-07-02,18.63,18.74,18.049999,18.11,4577900
2009-07-06,18.07,18.22,17.78,18.17,4761200
2009-07-07,18.12,18.3,17.69,17.69,4015300
2009-07-08,17.68,17.9,16.91,17.01,8001300
2009-07-09,17.0,17.96,16.91,17.75,6504000
2009-07-10,17.6,18.049999,17.56,17.79,4699400
2009-07-13,17.81,18.0,17.28,17.96,2663200
2009-07-14,17.86,18.049999,17.74,18.040001,3216000
2009-07-15,18.16,18.48,18.1,18.46,4288700
2009-07-16,18.29,18.75,18.17,18.68,2709500
2009-07-17,18.73,18.88,18.58,18.77,2661200
2009-07-20,18.77,19.37,18.75,19.31,3611800
2009-07-21,19.19,20.38,19.15,20.34,8280900
2009-07-22,20.5,21.35,20.3,21.14,9222700
2009-07-23,20.82,22.13,20.82,21.96,7719200
2009-07-24,21.77,22.33,21.48,22.3,4907300
2009-07-27,21.64,22.3,21.52,21.9,4747900
2009-07-28,22.45,22.95,22.28,22.51,7932700
2009-07-29,22.35,22.48,21.81,21.92,4807300
2009-07-30,22.3,22.47,21.68,21.79,5722300
2009-07-31,21.82,22.17,21.77,21.81,3086500
2009-08-03,22.0,22.19,21.63,21.89,5764000
2009-08-04,21.8,21.93,21.69,21.92,3304200
2009-08-05,22.5,22.5,21.57,21.76,4265400
2009-08-06,21.76,22.07,21.59,21.81,5265200
2009-08-07,22.6,23.88,22.44,23.76,8037800
2009-08-10,23.55,24.19,23.31,23.87,6372600
2009-08-11,23.84,24.29,23.8,23.99,5405100
2009-08-12,23.85,25.16,23.85,24.73,7606200
2009-08-13,24.76,24.89,23.81,24.2,10519400
2009-08-14,25.21,25.61,25.030001,25.38,13572900
2009-08-17,24.7,24.96,23.8,23.84,5652500
2009-08-18,24.1,24.39,23.96,24.36,4797500
2009-08-19,23.9,24.27,23.65,24.17,4234500
2009-08-20,24.28,24.59,24.17,24.27,2784800
2009-08-21,24.58,24.91,24.14,24.51,3852400
2009-08-24,24.54,24.54,23.94,24.02,3580300
2009-08-25,24.15,24.47,24.0,24.28,2985200
2009-08-26,24.21,24.59,23.98,24.19,2608200
2009-08-27,24.29,24.37,23.61,24.26,2339900
2009-08-28,24.37,24.68,23.63,23.92,2451700
2009-08-31,23.71,23.89,23.32,23.43,2343600
2009-09-01,23.54,23.99,22.69,22.7,3726400
2009-09-02,22.7,22.96,22.5,22.76,2686400
2009-09-03,22.74,22.93,22.33,22.56,3078400
2009-09-04,22.51,23.3,22.41,23.12,3023900
2009-09-08,22.78,23.13,22.64,22.81,4204000
2009-09-09,22.81,23.24,22.69,22.91,4370900
2009-09-10,22.7,23.83,22.7,23.78,5217900
2009-09-11,23.71,24.4,23.45,24.19,4329200
2009-09-14,23.93,24.12,23.76,23.92,2807400
2009-09-15,23.72,23.88,23.4,23.49,3018900
2009-09-16,23.54,24.1,23.4,24.07,3424500
2009-09-17,23.84,24.18,23.49,23.56,2590800
2009-09-18,23.52,23.79,23.2,23.54,3212900
2009-09-21,23.28,24.19,23.16,24.07,6113900
2009-09-22,23.84,24.3,23.72,23.9,2068600
2009-09-23,24.040001,24.19,23.62,23.71,3156600
2009-09-24,23.8,23.99,23.35,23.52,2750800
2009-09-25,23.32,23.77,23.28,23.61,2994000
2009-09-28,23.8,24.24,23.57,24.059999,2603600
2009-09-29,24.0,24.52,23.9,24.2,3402200
2009-09-30,24.22,24.49,23.41,23.8,4777500
2009-10-01,23.12,23.43,22.56,22.85,5423500
2009-10-02,22.71,22.75,22.33,22.62,4118700
2009-10-05,22.58,23.07,22.27,23.01,3675100
2009-10-06,23.25,23.85,23.11,23.76,3717100
2009-10-07,23.71,23.86,23.55,23.86,2203500
2009-10-08,23.84,24.0,23.61,23.92,3813600
2009-10-09,23.87,24.48,23.65,24.47,3047500
2009-10-12,24.48,25.21,24.17,25.02,4333700
2009-10-13,25.0,25.26,24.89,25.09,3375500
2009-10-14,25.13,25.45,24.96,25.23,3755300
2009-10-15,25.049999,25.56,24.89,25.49,3549000
2009-10-16,25.36,25.58,25.0,25.49,3229800
2009-10-19,25.62,26.0,25.47,25.97,3133800
2009-10-20,25.99,26.07,25.51,25.71,3255700
2009-10-21,26.02,27.26,25.97,26.93,6323800
2009-10-22,26.91,27.18,26.51,27.08,3975500
2009-10-23,26.94,27.030001,26.32,26.58,3379200
2009-10-26,26.62,26.82,25.93,26.11,3590000
2009-10-27,26.21,26.5,25.68,25.78,3055500
2009-10-28,25.87,26.07,25.48,25.48,4904200
2009-10-29,25.61,25.93,25.49,25.85,2353500
2009-10-30,25.79,25.93,24.9,24.93,2491500
2009-11-02,24.95,25.54,24.75,25.23,2370300
2009-11-03,25.12,25.25,24.73,25.23,2087000
2009-11-04,25.21,25.78,25.01,25.43,3571000
2009-11-05,25.5,26.17,25.17,26.12,1921000
2009-11-06,26.040001,26.49,25.68,26.49,1627000
2009-11-09,26.49,27.62,26.17,27.59,2614600
2009-11-10,27.52,27.74,27.35,27.6,2084100
2009-11-11,27.78,27.97,27.41,27.69,1537300
2009-11-12,27.7,27.75,26.92,26.98,2852600
2009-11-13,27.1,27.48,27.0,27.25,3684100
2009-11-16,27.36,27.66,27.24,27.44,4144600
2009-11-17,27.39,27.43,26.86,27.0,7227400
2009-11-18,25.02,25.3,23.86,24.2,19718300
2009-11-19,24.16,24.37,23.74,24.049999,4820400
2009-11-20,24.040001,24.049999,23.48,23.81,4633300
2009-11-23,24.16,24.62,23.97,24.36,5076300
2009-11-24,24.4,24.4,23.71,23.88,3365000
2009-11-25,24.0,24.21,23.67,24.030001,2866900
2009-11-27,23.39,23.85,23.16,23.62,1690900
2009-11-30,23.45,23.61,23.07,23.45,3556200
2009-12-01,23.62,24.11,23.45,23.96,3508800
2009-12-02,23.9,24.01,23.3,23.91,5533400
2009-12-03,23.67,24.43,23.67,23.91,3886000
2009-12-04,24.49,25.07,23.86,24.95,8337700
2009-12-07,24.88,25.02,24.56,24.72,2549800
2009-12-08,24.67,24.7,24.19,24.5,2306300
2009-12-09,24.29,24.43,23.6,23.74,6622600
2009-12-10,23.81,24.07,23.42,23.44,5119900
2009-12-11,23.43,23.75,23.24,23.63,5512400
2009-12-14,23.8,24.61,23.4,24.56,4706900
2009-12-15,24.19,24.66,24.19,24.45,4137000
2009-12-16,24.26,24.73,24.26,24.52,2803200
2009-12-17,24.41,24.47,24.16,24.19,2572500
2009-12-18,24.38,24.65,24.18,24.61,3953700
2009-12-21,24.65,25.07,24.62,25.02,1815800
2009-12-22,25.01,25.25,24.96,25.0,1543700
2009-12-23,25.13,25.3,24.94,25.3,1141100
2009-12-24,25.27,25.9,25.12,25.88,928300
2009-12-28,25.85,25.9,25.28,25.44,2113600
2009-12-29,25.45,25.55,25.25,25.51,1498300
2009-12-30,25.48,25.63,25.39,25.52,1584800
2009-12-31,25.55,25.65,25.39,25.41,1959400
2010-01-04,25.61,25.83,25.61,25.67,2228600
2010-01-05,25.62,25.71,25.059999,25.28,3008800
2010-01-06,25.15,25.52,24.83,25.34,6638400
2010-01-07,25.22,25.58,25.11,25.48,4161100
2010-01-08,25.4,26.4,25.22,26.26,4648300
2010-01-11,26.34,26.49,26.07,26.25,2151300
2010-01-12,26.17,26.23,25.63,25.89,3993300
2010-01-13,26.049999,26.43,25.87,26.25,2680200
2010-01-14,26.28,26.8,26.27,26.6,2659500
2010-01-15,26.22,26.75,25.85,26.08,3405900
2010-01-19,26.11,26.43,25.88,26.17,2395100
2010-01-20,26.08,26.19,25.29,26.12,3806700
2010-01-21,26.07,26.39,25.56,25.69,3318900
2010-01-22,25.63,25.78,24.95,25.1,4554000
2010-01-25,25.28,25.42,24.7,24.75,3712900
2010-01-26,24.63,24.81,24.32,24.38,3478400
2010-01-27,24.38,24.58,24.09,24.47,2305800
2010-01-28,24.49,24.65,23.71,23.79,4570300
2010-01-29,23.78,24.1,23.59,23.79,5132000
2010-02-01,23.73,24.08,23.55,23.81,3697900
2010-02-02,23.77,24.049999,23.67,23.95,2610600
2010-02-03,23.74,24.07,23.6,24.02,2190300
2010-02-04,23.8,23.89,22.95,22.95,4882300
2010-02-05,23.07,23.39,22.5,23.07,5224800
2010-02-08,22.98,23.45,22.93,23.1,3665200
2010-02-09,23.37,23.9,23.24,23.55,5002400
2010-02-10,23.51,23.88,23.32,23.59,2689700
2010-02-11,23.53,24.28,23.41,24.18,3197300
2010-02-12,23.94,24.3,23.8,24.22,4323000
2010-02-16,25.059999,25.45,24.85,25.24,6152000
2010-02-17,25.4,26.040001,25.39,25.88,4878700
2010-02-18,25.95,26.040001,25.73,25.92,2334100
2010-02-19,25.81,26.22,25.81,25.99,2929500
2010-02-22,26.040001,26.55,25.95,26.08,4149500
2010-02-23,26.0,26.16,25.57,25.66,5913100
2010-02-24,27.66,28.49,27.5,27.89,14246800
2010-02-25,27.24,28.0,27.13,27.93,6061300
2010-02-26,27.87,28.12,27.58,27.88,3554600
2010-03-01,27.97,28.41,27.97,28.15,3607100
2010-03-02,28.41,28.94,28.19,28.49,4580600
2010-03-03,28.68,28.94,28.44,28.61,3129100
2010-03-04,28.59,28.77,28.23,28.47,3184600
2010-03-05,28.6,28.99,28.53,28.85,2954800
2010-03-08,28.8,29.15,28.7,28.91,2094100
2010-03-09,28.77,29.22,28.68,29.059999,1644600
2010-03-10,29.15,29.43,28.75,29.18,3818300
2010-03-11,28.93,29.16,28.87,29.030001,2811200
2010-03-12,29.030001,29.34,28.98,29.16,2589800
2010-03-15,29.08,29.3,28.97,29.26,1316600
2010-03-16,29.25,29.35,29.09,29.31,1337800
2010-03-17,29.91,29.96,29.49,29.52,2864300
2010-03-18,29.69,29.73,29.35,29.42,2597500
2010-03-19,29.64,29.64,28.93,29.11,3888500
2010-03-22,29.030001,29.7,28.95,29.5,1859200
2010-03-23,29.58,29.82,29.5,29.71,2278300
2010-03-24,29.72,29.79,29.39,29.43,2421200
2010-03-25,29.79,29.96,29.48,29.49,2625000
2010-03-26,29.37,29.76,29.23,29.5,2764500
2010-03-29,29.54,29.75,29.44,29.56,1995400
2010-03-30,29.53,29.58,29.08,29.4,2309200
2010-03-31,29.2,29.6,29.13,29.38,1887100
2010-04-01,28.79,29.59,28.7,29.16,4580800
2010-04-05,29.2,30.36,29.2,30.18,3582900
2010-04-06,30.3,31.0,29.94,30.91,5373800
2010-04-07,30.66,30.84,30.43,30.65,3387100
2010-04-08,30.44,31.22,30.38,31.09,4469700
2010-04-09,31.02,31.23,30.93,31.13,2571700
2010-04-12,31.15,31.5,31.030001,31.43,2311300
2010-04-13,31.46,31.72,31.28,31.7,3640100
2010-04-14,31.59,31.75,31.48,31.7,1819700
2010-04-15,31.62,31.89,31.46,31.88,2087300
2010-04-16,31.86,32.0099983,31.44,31.55,3229800
2010-04-19,31.5,31.59,30.83,31.26,5261000
2010-04-20,31.45,32.2,31.36,32.16,2860900
2010-04-21,32.060001,32.5,31.88,32.45,2634100
2010-04-22,32.3,33.72,32.080002,33.64,5091800
2010-04-23,33.67,34.23,33.34,34.22,3931800
2010-04-26,34.38,35.18,34.080002,34.72,7339000
2010-04-27,34.56,34.97,33.76,33.85,5425200
2010-04-28,33.91,34.21,33.82,34.13,5299700
2010-04-29,34.22,34.67,34.099998,34.67,4136600
2010-04-30,34.68,34.82,33.88,33.99,3963100
2010-05-03,34.07,34.95,33.88,34.89,2795500
2010-05-04,34.27,34.28,32.92,33.25,6151500
2010-05-05,33.060001,33.2,31.71,31.71,7704000
2010-05-06,31.66,31.98,28.65,30.56,7015300
2010-05-07,30.68,30.83,29.16,30.059999,7068500
2010-05-10,31.27,32.47,31.27,32.4,5719500
2010-05-11,32.17,32.32,31.53,31.62,4818900
2010-05-12,31.53,32.82,31.41,32.77,3550000
2010-05-13,32.83,33.49,32.3,32.36,3090600
2010-05-14,32.12,32.21,30.43,30.77,6027500
2010-05-17,30.87,31.13,30.12,30.72,4559900
2010-05-18,30.99,31.19,29.95,30.15,4794900
2010-05-19,30.21,30.5,29.63,30.35,7446200
2010-05-20,30.76,30.76,28.22,28.28,12172600
2010-05-21,27.58,29.45,27.31,29.37,10653700
2010-05-24,29.21,29.82,28.84,29.42,5360500
2010-05-25,28.6,29.0,27.77,28.97,4678600
2010-05-26,29.31,29.57,28.49,28.66,3938800
2010-05-27,29.22,29.61,29.059999,29.59,3488900
2010-05-28,29.68,29.7,28.84,29.26,4341100
2010-06-01,29.01,29.58,28.5,28.56,4269600
2010-06-02,28.83,29.28,28.41,29.24,2958100
2010-06-03,29.17,30.02,29.08,29.98,3791900
2010-06-04,29.36,29.51,27.79,27.92,5716200
2010-06-07,27.51,27.73,26.55,26.69,6599600
2010-06-08,26.69,26.89,25.79,26.3,7458600
2010-06-09,26.42,27.45,26.32,26.44,5901500
2010-06-10,26.89,27.45,26.62,27.4,3901400
2010-06-11,27.01,27.66,26.9,27.58,2187100
2010-06-14,27.78,27.95,27.43,27.49,3172200
2010-06-15,27.58,28.69,27.45,28.54,5789900
2010-06-16,28.28,28.69,28.18,28.5,3370000
2010-06-17,28.58,28.69,28.26,28.51,3274800
2010-06-18,28.57,29.36,28.44,29.24,4351600
2010-06-21,29.58,29.88,28.77,29.0,3293200
2010-06-22,29.08,29.46,28.39,28.43,2637600
2010-06-23,28.3,28.32,27.51,27.83,7103700
2010-06-24,27.6,27.6,26.13,26.26,8276400
2010-06-25,26.43,26.91,26.18,26.58,7650700
2010-06-28,26.58,26.62,25.97,26.0,4611400
2010-06-29,25.66,25.71,24.3,24.58,6242700
2010-06-30,24.49,24.77,24.32,24.36,5140000
2010-07-01,24.32,24.65,23.64,24.57,6845900
2010-07-02,24.63,24.66,24.13,24.31,4152500
2010-07-06,24.69,24.96,23.85,24.049999,3920600
2010-07-07,25.030001,25.13,23.81,24.73,5101100
2010-07-08,24.95,25.02,24.21,24.61,4163200
2010-07-09,24.58,25.02,24.4,24.93,3552400
2010-07-12,24.78,25.15,24.67,25.08,2399300
2010-07-13,25.3,26.36,25.3,26.19,4754500
2010-07-14,26.27,26.51,25.93,26.48,4456100
2010-07-15,26.4,26.6,26.030001,26.47,3276600
2010-07-16,26.51,26.51,25.24,25.35,4486100
2010-07-19,25.4,25.69,25.09,25.54,2051300
2010-07-20,25.059999,26.67,24.77,26.62,5714700
2010-07-21,26.72,27.23,26.41,26.57,6133700
2010-07-22,26.88,28.37,26.8,28.040001,7233600
2010-07-23,27.98,28.89,27.82,28.85,3968100
2010-07-26,28.72,29.85,28.72,29.75,3940900
2010-07-27,29.72,29.75,29.08,29.15,3439500
2010-07-28,29.11,29.29,28.41,28.69,4069200
2010-07-29,28.84,29.54,28.4,29.24,4246800
2010-07-30,28.79,29.73,28.64,29.54,3620600
2010-08-02,30.0,31.059999,29.64,30.74,3189100
2010-08-03,30.82,30.85,30.030001,30.49,3238700
2010-08-04,30.51,31.12,30.46,30.86,3140600
2010-08-05,30.49,30.74,30.2,30.3,2848400
2010-08-06,28.98,29.46,28.01,28.77,7904500
2010-08-09,28.95,29.21,28.87,29.030001,2877000
2010-08-10,28.73,28.83,28.17,28.6,3166800
2010-08-11,28.1,28.1,27.46,27.92,3826100
2010-08-12,27.26,27.75,27.040001,27.45,3905500
2010-08-13,28.57,29.68,28.059999,28.12,11219200
2010-08-16,27.96,28.55,27.51,27.66,5160900
2010-08-17,27.96,28.39,27.67,27.91,3776700
2010-08-18,27.85,28.42,27.52,28.23,3456400
2010-08-19,28.030001,28.29,27.57,27.63,3473000
2010-08-20,27.64,28.26,27.58,28.11,3158300
2010-08-23,28.27,28.35,27.32,27.36,2696400
2010-08-24,27.25,27.53,26.63,27.41,4410500
2010-08-25,27.21,27.64,27.13,27.52,2878100
2010-08-26,27.74,28.01,27.38,27.4,2565300
2010-08-27,27.76,28.54,26.98,28.38,4257400
2010-08-30,28.33,28.44,27.52,27.53,2156300
2010-08-31,27.5,27.99,27.07,27.73,3546600
2010-09-01,28.26,29.09,28.17,28.83,2881200
2010-09-02,28.79,29.33,28.62,29.32,1717900
2010-09-03,29.81,30.16,29.52,30.02,2341700
2010-09-07,29.81,29.99,29.37,29.49,1758600
2010-09-08,29.68,30.23,29.56,30.07,2720300
2010-09-09,30.5,30.67,30.14,30.38,1931000
2010-09-10,30.35,31.07,30.11,30.96,2640900
2010-09-13,31.09,32.080002,31.08,31.96,3456900
2010-09-14,31.88,32.64,31.79,32.31,2620200
2010-09-15,32.13,32.61,32.0099983,32.49,2170000
2010-09-16,32.48,32.82,32.3,32.73,2294600
2010-09-17,32.98,33.18,32.39,32.56,5172400
2010-09-20,32.67,33.48,32.66,33.44,3405400
2010-09-21,33.44,33.6,32.96,33.07,3421100
2010-09-22,32.91,32.92,31.57,31.66,5057000
2010-09-23,31.32,31.79,31.13,31.22,4631800
2010-09-24,31.78,32.12,31.66,31.97,3881400
2010-09-27,31.83,32.029999,31.71,31.79,3026200
2010-09-28,32.060001,33.13,31.66,32.34,4184600
2010-09-29,32.33,32.7,31.87,31.94,3479600
2010-09-30,32.47,32.59,31.66,31.97,3739900
2010-10-01,31.23,32.17,31.23,31.88,3338100
2010-10-04,31.54,31.96,31.0,31.38,2081000
2010-10-05,31.92,32.94,31.64,32.71,4049400
2010-10-06,32.42,32.8,31.19,31.44,4006600
2010-10-07,31.65,32.14,31.25,31.94,2998200
2010-10-08,31.88,32.049999,31.23,31.43,2982800
2010-10-11,31.3,32.0,31.09,31.86,3328900
2010-10-12,32.060001,32.78,31.82,32.68,5121300
2010-10-13,32.91,33.63,32.85,33.46,4922600
2010-10-14,33.4,33.77,33.23,33.35,4210600
2010-10-15,33.66,33.77,33.14,33.32,4219200
2010-10-18,33.29,33.32,32.75,33.16,2917600
2010-10-19,32.81,33.17,32.17,32.77,3227000
2010-10-20,32.83,34.16,32.83,34.0099983,4238900
2010-10-21,34.099998,34.87,33.66,34.22,3937100
2010-10-22,34.24,34.85,33.94,34.84,2132500
2010-10-25,35.0,35.58,34.85,35.43,2426400
2010-10-26,35.099998,35.7,34.96,35.63,1839500
2010-10-27,35.35,35.85,34.88,35.63,3944400
2010-10-28,35.74,35.87,35.26,35.42,1477100
2010-10-29,35.31,36.29,35.31,36.2,1888800
2010-11-01,36.22,36.23,34.73,34.91,3791100
2010-11-02,35.31,35.58,35.029999,35.31,2130600
2010-11-03,35.43,35.65,34.75,35.31,2634800
2010-11-04,35.72,36.24,35.71,35.84,2836000
2010-11-05,36.0,36.12,35.5,35.68,2918900
2010-11-08,35.43,35.93,35.060001,35.41,3110200
2010-11-09,35.48,35.78,35.029999,35.3,1707500
2010-11-10,35.34,35.9,35.060001,35.86,1508400
2010-11-11,35.68,36.44,35.29,36.28,3340800
2010-11-12,35.9,36.060001,34.82,35.25,3226100
2010-11-15,35.36,35.89,35.09,35.12,2969400
2010-11-16,35.41,35.8,34.37,34.52,3542000
2010-11-17,34.7,35.32,34.34,35.28,3048900
2010-11-18,35.78,36.64,35.58,36.26,4376500
2010-11-19,34.59,35.44,33.65,33.77,8230100
2010-11-22,33.62,34.92,33.2,34.81,3647900
2010-11-23,34.29,34.47,33.68,34.42,2626400
2010-11-24,34.63,35.89,34.63,35.43,2269600
2010-11-26,35.0,35.48,34.92,35.2,949100
2010-11-29,35.18,35.7,34.48,35.52,2647100
2010-11-30,35.040001,35.58,34.69,35.29,2795800
2010-12-01,35.72,36.83,35.72,36.57,2979500
2010-12-02,36.56,37.7,36.4,37.64,2681500
2010-12-03,37.51,38.0,37.16,37.99,1667900
2010-12-06,37.85,37.9,37.24,37.58,1636000
2010-12-07,37.97,38.049999,37.17,37.27,2821900
2010-12-08,37.5,37.83,37.29,37.83,2745700
2010-12-09,38.0,38.36,37.91,38.09,2460900
2010-12-10,38.099998,39.19,38.099998,39.11,3062900
2010-12-13,39.16,39.2,38.55,38.55,2874900
2010-12-14,38.64,39.17,38.44,38.92,3511700
2010-12-15,38.8,39.0099983,38.099998,38.31,3703900
2010-12-16,38.46,38.76,37.58,38.71,2641100
2010-12-17,38.75,39.5,38.63,39.13,3228700
2010-12-20,39.14,39.51,38.48,39.39,2443800
2010-12-21,39.5,39.72,39.049999,39.65,1509800
2010-12-22,39.67,39.8,39.25,39.62,1225900
2010-12-23,39.49,39.63,39.029999,39.31,1001700
2010-12-27,39.07,39.23,38.38,39.13,1108400
2010-12-28,39.22,39.48,38.75,39.0099983,1288700
2010-12-29,39.040001,39.41,38.81,39.23,892900
2010-12-30,39.2,39.35,38.77,38.79,1162500
2010-12-31,38.71,38.82,37.92,38.2,1491300
2011-01-03,38.63,39.85,38.63,39.27,2969500
2011-01-04,39.28,39.32,38.040001,38.53,2690200
2011-01-05,39.36,41.33,39.36,41.24,6283800
2011-01-06,41.16,41.39,40.91,41.26,2867800
2011-01-07,41.41,41.45,40.35,40.76,3329000
2011-01-10,40.44,41.12,39.88,40.87,1991800
2011-01-11,41.18,41.37,40.63,40.8,2374000
2011-01-12,40.0099983,40.93,39.36,40.53,3675100
2011-01-13,40.43,41.24,40.33,41.080002,2311700
2011-01-14,40.9,41.62,40.8,41.44,1960000
2011-01-18,41.46,42.32,41.41,42.029999,1978100
2011-01-19,41.8,42.0,41.21,41.49,1603500
2011-01-20,41.44,41.49,40.43,41.31,2247600
2011-01-21,41.4,42.09,41.26,41.5,2860800
2011-01-24,41.47,41.65,40.63,41.049999,2282800
2011-01-25,40.8,40.81,39.51,40.33,2529400
2011-01-26,40.41,41.34,40.26,40.88,2685700
2011-01-27,40.89,40.99,39.77,40.77,2787100
2011-01-28,40.84,41.39,39.36,39.97,2590200
2011-01-31,39.99,40.75,39.88,40.68,2263800
2011-02-01,41.0,42.3,40.92,42.16,3049100
2011-02-02,41.97,43.54,41.81,43.41,3536800
2011-02-03,43.17,43.81,42.84,43.75,3331200
2011-02-04,43.8,44.37,43.59,43.69,2628100
2011-02-07,43.62,43.88,43.31,43.52,1841500
2011-02-08,43.41,43.41,42.32,42.93,2440600
2011-02-09,42.68,42.89,42.029999,42.24,1596100
2011-02-10,42.0,42.87,41.83,42.75,2429400
2011-02-11,42.62,42.86,42.32,42.69,1691200
2011-02-14,42.55,43.09,42.29,42.34,2531000
2011-02-15,42.17,42.78,42.0099983,42.71,1369400
2011-02-16,42.78,44.44,42.73,43.84,3075900
2011-02-17,43.73,43.86,42.77,43.66,2464000
2011-02-18,43.68,44.25,43.31,43.4,2041200
2011-02-22,42.68,43.0099983,41.75,42.099998,2601700
2011-02-23,42.099998,42.099998,39.57,39.59,5509400
2011-02-24,39.9,41.040001,39.7,40.43,3937100
2011-02-25,42.0,43.63,41.12,42.75,4944700
2011-02-28,42.62,42.76,41.63,42.049999,3268900
2011-03-01,42.13,42.28,41.09,41.21,2799900
2011-03-02,41.09,41.37,40.26,40.35,4221500
2011-03-03,40.79,41.93,40.71,41.17,1989800
2011-03-04,41.16,41.35,40.46,40.71,2012700
2011-03-07,41.0,41.29,39.72,40.11,2650800
2011-03-08,40.21,40.94,39.98,40.68,2420900
2011-03-09,40.53,40.7,39.91,40.34,2697600
2011-03-10,39.7,40.17,38.51,39.9,3099100
2011-03-11,39.53,40.4,39.51,40.11,2603400
2011-03-14,39.58,40.69,39.49,40.38,2293000
2011-03-15,38.88,39.57,38.68,39.25,3043900
2011-03-16,38.89,39.4,38.14,38.47,3819700
2011-03-17,39.060001,39.42,38.36,38.56,2682400
2011-03-18,39.099998,39.83,39.02,39.4,3365000
2011-03-21,40.27,41.45,40.11,40.97,2886500
2011-03-22,41.12,41.66,40.93,41.51,2904600
2011-03-23,41.31,41.87,40.58,41.62,2667000
2011-03-24,42.0,44.0,41.98,43.81,3705300
2011-03-25,43.68,44.0,43.11,43.27,2266400
2011-03-28,43.02,43.56,42.8,42.97,1617000
2011-03-29,42.85,43.69,42.53,43.4,1542700
2011-03-30,43.62,43.82,43.38,43.6,1309600
2011-03-31,43.59,44.43,43.54,44.11,3407600
2011-04-01,43.07,44.0,42.92,43.83,3207600
2011-04-04,43.74,44.5,43.71,44.0,2532500
2011-04-05,43.87,44.19,43.46,43.96,1867600
2011-04-06,44.2,44.5,43.0099983,43.47,2318500
2011-04-07,43.28,43.47,42.77,43.16,2502000
2011-04-08,43.38,43.46,42.47,42.79,1791100
2011-04-11,42.88,43.18,42.53,42.85,1748300
2011-04-12,42.63,43.0,42.2,42.36,1867600
2011-04-13,42.55,42.96,42.18,42.63,2090100
2011-04-14,42.31,42.76,42.049999,42.7,1506000
2011-04-15,42.67,43.24,42.47,43.09,2237900
2011-04-18,42.45,42.65,41.72,42.47,1886300
2011-04-19,42.51,42.66,42.15,42.43,1709900
2011-04-20,43.09,44.64,43.09,44.35,3989800
2011-04-21,44.44,44.96,44.41,44.88,1812300
2011-04-25,44.67,45.58,44.57,45.55,3424700
2011-04-26,45.56,45.6,44.93,44.99,2000000
2011-04-27,44.9,45.13,44.59,45.11,1982100
2011-04-28,44.93,45.45,44.71,45.0,1800000
2011-04-29,44.95,45.31,44.81,44.98,2960600
2011-05-02,45.32,45.37,44.28,44.66,1989500
2011-05-03,44.72,44.81,43.66,44.22,1300000
2011-05-04,44.21,44.31,43.21,43.75,1447100
2011-05-05,43.57,44.11,43.19,43.43,2700000
2011-05-06,44.040001,45.29,43.71,44.31,2853800
2011-05-09,44.37,44.81,44.080002,44.29,1196800
2011-05-10,44.33,45.31,44.28,45.15,2126500
2011-05-11,45.060001,45.49,44.52,45.2,2400000
2011-05-12,44.97,46.0,44.73,45.99,3000000
2011-05-13,45.95,46.15,45.46,45.57,3268700
2011-05-16,45.25,45.54,44.29,44.39,2114600
2011-05-17,44.2,44.41,43.37,43.49,3167100
2011-05-18,43.39,44.38,43.23,44.28,2461000
2011-05-19,44.5,45.0,44.07,44.39,2440800
2011-05-20,44.36,44.36,41.59,42.35,6938500
2011-05-23,41.72,42.39,41.17,42.27,4900000
2011-05-24,42.29,42.85,42.0099983,42.09,3801000
2011-05-25,42.060001,42.64,41.98,42.38,1920700
2011-05-26,42.22,42.83,42.15,42.68,1619400
2011-05-27,42.78,42.91,42.37,42.5,1398600
2011-05-31,42.79,43.0,42.41,42.98,2304800
2011-06-01,42.75,42.96,41.4,41.44,2523800
2011-06-02,41.38,41.63,40.78,41.36,3192200
2011-06-03,40.93,41.09,40.54,40.84,2271600
2011-06-06,40.68,40.8,40.19,40.28,1939200
2011-06-07,39.92,40.17,39.39,39.54,4456700
2011-06-08,39.5,39.5,37.65,38.24,6155200
2011-06-09,38.41,38.42,37.97,38.080002,3628200
2011-06-10,37.97,38.22,37.61,37.9,2996900
2011-06-13,37.99,38.27,37.48,37.56,3437800
2011-06-14,37.88,38.22,37.84,37.92,2029000
2011-06-15,37.46,37.57,36.34,36.57,5115500
2011-06-16,36.63,36.85,36.0,36.44,2379700
2011-06-17,36.74,36.9,35.65,35.69,4274400
2011-06-20,35.67,35.91,35.53,35.7,3395300
2011-06-21,35.88,37.11,35.75,37.040001,4804000
2011-06-22,36.66,36.79,36.0099983,36.47,2966900
2011-06-23,36.049999,37.23,35.87,37.17,3687800
2011-06-24,37.35,37.35,36.32,36.69,4203900
2011-06-27,36.55,37.72,36.5,37.43,2693100
2011-06-28,37.46,38.24,37.41,38.18,3463600
2011-06-29,38.26,38.72,37.59,38.54,4309000
2011-06-30,38.76,39.15,38.49,38.6,2808500
2011-07-01,38.6,38.89,38.44,38.7,3290800
2011-07-05,38.83,38.93,38.44,38.87,2222100
2011-07-06,38.92,39.43,38.69,39.37,2238400
2011-07-07,39.57,40.45,39.55,40.39,2627100
2011-07-08,39.9,40.24,39.73,40.12,2257600
2011-07-11,39.73,39.91,38.91,38.99,2373500
2011-07-12,39.029999,39.19,37.14,37.23,3826000
2011-07-13,37.54,38.21,37.2,37.26,2475500
2011-07-14,37.43,37.69,36.24,36.35,2918000
2011-07-15,36.53,36.8,35.82,36.15,2663500
2011-07-18,36.029999,36.040001,34.99,35.33,3074700
2011-07-19,35.59,36.57,35.58,36.33,4378300
2011-07-20,36.27,36.29,35.46,35.87,2984400
2011-07-21,35.94,36.43,35.5,36.2,3605400
2011-07-22,37.080002,37.59,36.5,37.07,2728100
2011-07-25,36.64,36.96,36.37,36.48,2357200
2011-07-26,36.48,36.77,36.22,36.57,1859600
2011-07-27,36.21,36.33,34.84,34.9,3995700
2011-07-28,34.91,35.11,34.29,34.34,3121200
2011-07-29,34.029999,34.79,33.67,34.4,2910500
2011-08-01,34.65,34.8,33.58,34.4,4635200
2011-08-02,34.080002,34.48,33.44,33.44,3981600
2011-08-03,33.38,34.0099983,32.86,33.95,5072500
2011-08-04,33.45,33.62,31.54,31.57,4456600
2011-08-05,31.91,32.060001,29.86,30.92,6257700
2011-08-08,29.93,30.24,28.049999,28.059999,9971400
2011-08-09,28.48,29.97,27.82,29.96,7179600
2011-08-10,29.32,29.45,28.09,28.16,6817000
2011-08-11,28.41,29.16,28.19,28.75,6257600
2011-08-12,28.9,29.49,28.41,29.18,5358500
2011-08-15,29.24,30.11,29.14,30.09,3052500
2011-08-16,29.8,29.88,28.94,29.45,3388100
2011-08-17,29.5,29.92,28.63,28.85,2879800
2011-08-18,27.49,27.9,26.16,26.51,8952400
2011-08-19,27.3,27.4,22.99,23.41,19676200
2011-08-22,24.21,24.83,24.15,24.29,7662700
2011-08-23,24.5,25.51,24.0,25.28,5753700
2011-08-24,25.2,26.52,24.89,26.47,5137900
2011-08-25,26.55,26.66,25.45,25.56,3691100
2011-08-26,25.5,26.8,25.29,26.63,3700200
2011-08-29,27.0,28.07,27.0,28.049999,3092900
2011-08-30,27.79,28.08,27.39,27.7,4142800
2011-08-31,27.89,28.92,27.84,28.2,3951900
2011-09-01,28.39,28.53,27.040001,27.23,3794400
2011-09-02,26.7,26.88,26.02,26.38,4489000
2011-09-06,25.56,26.23,25.25,26.13,3360700
2011-09-07,26.56,27.030001,26.55,27.0,4118000
2011-09-08,27.11,27.12,26.19,26.28,3537500
2011-09-09,26.12,26.38,25.22,25.41,11132000
2011-09-12,25.07,26.75,25.0,26.72,5531500
2011-09-13,26.71,27.78,26.71,27.69,6385900
2011-09-14,27.96,28.85,27.35,28.46,4286800
2011-09-15,28.73,29.43,28.54,29.41,4070300
2011-09-16,29.49,29.68,29.059999,29.45,3913200
2011-09-19,28.98,29.040001,28.32,28.79,3067200
2011-09-20,28.85,29.2,28.049999,28.11,3285700
2011-09-21,28.9,30.32,28.56,28.56,6730800
2011-09-22,27.48,28.13,27.0,27.66,6212300
2011-09-23,27.16,28.45,27.12,28.34,4047200
2011-09-26,28.46,28.56,27.33,28.3,3752000
2011-09-27,29.0,30.27,28.82,29.47,5057800
2011-09-28,30.19,30.22,28.62,28.7,3418100
2011-09-29,29.23,29.57,28.65,29.29,4346300
2011-09-30,28.87,29.049999,27.75,27.79,4830600
2011-10-03,27.08,27.44,25.43,25.45,6750300
2011-10-04,25.049999,26.13,24.63,26.08,6117800
2011-10-05,26.1,27.3,25.73,27.21,3924900
2011-10-06,27.12,28.01,26.41,27.99,3313800
2011-10-07,27.98,28.66,27.62,28.29,3897200
2011-10-10,28.87,29.28,28.5,29.27,3060300
2011-10-11,29.19,30.049999,28.92,30.01,3304000
2011-10-12,30.31,31.55,30.049999,31.02,4322700
2011-10-13,30.84,31.030001,30.36,30.99,3003300
2011-10-14,31.46,32.43,31.12,32.42,3221500
2011-10-17,32.16,32.4,31.16,31.25,3063000
2011-10-18,31.21,32.049999,30.63,31.89,2835700
2011-10-19,31.68,31.77,30.88,30.96,3417500
2011-10-20,31.07,31.37,30.049999,31.27,3090300
2011-10-21,31.61,32.56,31.53,31.78,4511500
2011-10-24,31.96,33.17,31.96,33.049999,2681800
2011-10-25,32.95,33.02,32.18,32.37,3258600
2011-10-26,32.81,32.9,31.69,32.74,3196100
2011-10-27,33.54,36.35,33.49,35.62,7256200
2011-10-28,35.23,36.040001,34.98,35.83,3387300
2011-10-31,35.25,35.31,34.46,34.6,3459900
2011-11-01,33.45,33.73,32.74,32.97,4712900
2011-11-02,33.39,34.23,33.21,33.55,3321600
2011-11-03,34.0,35.32,33.28,35.16,2817600
2011-11-04,34.78,35.19,34.38,35.02,1716700
2011-11-07,35.02,35.25,33.7,34.7,2917600
2011-11-08,35.049999,35.6,34.4,35.55,2305100
2011-11-09,34.2,34.2,32.41,32.54,4898600
2011-11-10,33.09,33.42,32.43,32.72,3023400
2011-11-11,33.34,34.47,33.32,34.2,2584300
2011-11-14,34.099998,34.2,33.34,33.61,2248100
2011-11-15,33.4,34.49,32.92,34.040001,3578100
2011-11-16,35.38,36.85,34.81,35.58,7614500
2011-11-17,35.82,35.89,33.86,34.45,5292300
2011-11-18,34.41,34.68,33.39,33.5,2936200
2011-11-21,33.23,33.24,32.13,32.4,3474900
2011-11-22,32.28,32.41,31.08,31.38,3941700
2011-11-23,30.98,30.98,29.96,30.040001,3302800
2011-11-25,29.94,30.52,29.76,29.8,1570400
2011-11-28,30.79,31.92,30.75,31.6,3662400
2011-11-29,31.71,32.17,31.3,31.49,2607100
2011-11-30,32.42,34.099998,32.41,34.07,3789700
2011-12-01,34.14,34.51,33.85,34.27,2384100
2011-12-02,34.62,34.88,33.9,33.97,2237100
2011-12-05,33.59,34.39,32.38,34.09,3926400
2011-12-06,33.9,34.92,33.89,34.78,3133800
2011-12-07,34.45,35.0,33.63,34.8,2978400
2011-12-08,34.36,34.75,33.86,33.92,2792000
2011-12-09,34.15,34.6,34.0099983,34.39,3005300
2011-12-12,33.91,34.15,33.11,33.44,2875100
2011-12-13,33.6,33.89,32.5,32.7,3020600
2011-12-14,32.45,32.66,31.11,31.25,3202400
2011-12-15,31.61,31.68,30.48,31.07,3657200
2011-12-16,31.33,32.46,31.15,31.2,3991900
2011-12-19,31.39,31.39,30.08,30.2,3965600
2011-12-20,30.62,31.72,30.62,31.49,2477300
2011-12-21,31.01,31.02,29.75,30.31,4709100
2011-12-22,30.36,30.83,30.15,30.46,2320800
2011-12-23,30.54,30.82,30.33,30.81,1100200
2011-12-27,30.69,31.12,30.6,30.78,1150500
2011-12-28,30.69,30.78,29.81,29.91,1950400
2011-12-29,29.93,30.5,29.88,30.4,1536000
2011-12-30,30.48,30.61,30.25,30.33,1131900
2012-01-03,31.22,31.83,30.77,30.81,2684000
2012-01-04,30.69,30.73,30.030001,30.21,2778600
2012-01-05,30.1,31.23,29.82,30.82,3319600
2012-01-06,30.83,31.16,30.52,30.96,2134100
2012-01-09,30.93,31.18,30.66,31.08,2108600
2012-01-10,31.58,32.84,31.54,32.53,3533100
2012-01-11,32.5,32.66,31.76,32.18,2330300
2012-01-12,32.33,32.46,31.84,32.3,1420700
2012-01-13,32.0,32.17,31.38,31.92,1351400
2012-01-17,32.5,32.92,32.07,32.16,1916800
2012-01-18,32.13,34.57,32.049999,34.34,4580500
2012-01-19,34.43,36.12,34.38,35.43,6584300
2012-01-20,35.33,35.88,34.97,35.040001,2711900
2012-01-23,35.0099983,35.53,34.35,34.66,2621200
2012-01-24,34.62,35.94,34.61,35.81,4452200
2012-01-25,35.71,36.26,35.5,36.23,5190900
2012-01-26,36.45,37.97,36.25,36.55,5665100
2012-01-27,36.38,36.7,35.86,36.6,2539900
2012-01-30,36.21,36.22,35.4,35.91,2039400
2012-01-31,36.19,36.23,35.68,36.0,1906100
2012-02-01,36.33,37.26,36.049999,37.0,4175000
2012-02-02,37.0,37.9,36.78,36.82,2776000
2012-02-03,37.37,37.95,37.37,37.85,2681000
2012-02-06,37.53,37.8,37.2,37.76,2239100
2012-02-07,37.74,38.56,37.41,38.34,3189400
2012-02-08,38.26,38.85,38.15,38.36,2203300
2012-02-09,38.35,38.61,37.98,38.4,2500700
2012-02-10,37.76,38.13,37.28,37.53,1944000
2012-02-13,37.99,38.5,37.82,38.37,1865800
2012-02-14,38.19,38.84,38.14,38.79,1431300
2012-02-15,39.02,39.18,38.48,38.65,1997900
2012-02-16,38.71,39.65,38.63,39.53,2398400
2012-02-17,39.51,39.58,38.88,38.91,2182400
2012-02-21,39.0,39.0099983,37.87,38.11,3253500
2012-02-22,38.0099983,38.35,37.61,37.76,3232600
2012-02-23,37.69,38.61,37.4,38.2,4318200
2012-02-24,38.23,38.3,37.13,37.62,5323000
2012-02-27,37.22,38.15,36.94,38.02,2453900
2012-02-28,38.02,38.29,37.59,37.99,2298800
2012-02-29,38.049999,38.42,37.55,37.85,2784800
2012-03-01,38.060001,38.52,37.3,37.99,2335000
2012-03-02,37.9,37.9,36.76,37.09,2970300
2012-03-05,37.029999,37.09,36.37,36.65,2060400
2012-03-06,36.31,36.43,35.55,35.72,2813900
2012-03-07,35.89,36.28,35.75,36.060001,2678600
2012-03-08,36.19,36.67,36.19,36.52,2130600
2012-03-09,36.5,37.23,36.5,36.81,2035200
2012-03-12,36.6,36.75,36.2,36.67,1180000
2012-03-13,37.060001,38.76,36.8,38.67,3457600
2012-03-14,38.93,39.64,38.51,39.35,4502600
2012-03-15,39.09,40.21,39.040001,40.080002,3374000
2012-03-16,40.029999,41.14,40.029999,40.9,5154200
2012-03-19,40.51,41.64,40.44,41.4,3816200
2012-03-20,40.85,41.24,40.51,41.099998,2831100
2012-03-21,41.0099983,41.71,40.9,41.7,3188200
2012-03-22,41.13,41.29,40.81,41.099998,2950200
2012-03-23,41.0,41.25,40.57,41.080002,1819500
2012-03-26,41.11,42.4,41.0099983,42.37,2738100
2012-03-27,42.14,42.6,41.89,42.19,3371500
2012-03-28,42.0099983,42.41,41.47,41.9,2652300
2012-03-29,41.62,42.24,41.28,42.040001,3138400
2012-03-30,42.18,42.5,41.87,42.32,2322500
2012-04-02,41.38,42.37,41.23,42.34,2794300
2012-04-03,42.060001,42.69,42.02,42.39,2641800
2012-04-04,41.74,41.95,41.43,41.75,2952500
2012-04-05,40.88,41.54,40.3,41.44,3449700
2012-04-09,40.7,40.9,40.44,40.54,2114300
2012-04-10,40.39,40.65,39.33,39.44,3162700
2012-04-11,40.15,40.15,39.39,39.62,3518900
2012-04-12,39.83,40.7,39.66,40.46,1971700
2012-04-13,40.33,41.34,40.28,41.25,3304300
2012-04-16,41.47,41.77,40.46,41.09,3078900
2012-04-17,41.35,42.0,41.35,41.8,1931500
2012-04-18,41.57,41.73,41.18,41.43,1074000
2012-04-19,41.3,41.87,40.35,40.58,2608100
2012-04-20,40.67,41.0099983,40.41,40.42,1986500
2012-04-23,39.86,39.95,38.71,39.029999,3925200
2012-04-24,39.22,39.22,38.46,38.71,1946200
2012-04-25,39.24,39.47,38.98,39.27,1559100
2012-04-26,39.24,40.28,39.060001,40.19,1595000
2012-04-27,40.2,40.31,39.58,39.63,2123500
2012-04-30,39.5,39.61,39.17,39.37,1405800
2012-05-01,39.48,41.28,39.37,40.73,2249000
2012-05-02,39.65,40.28,39.12,40.16,2144100
2012-05-03,40.19,40.26,38.83,38.92,1914900
2012-05-04,38.52,38.65,37.24,37.46,1954400
2012-05-07,37.19,37.5,37.040001,37.2,1491900
2012-05-08,36.81,36.93,35.44,36.61,3857200
2012-05-09,36.09,37.12,35.79,36.8,2266200
2012-05-10,37.049999,37.17,35.46,36.18,2559200
2012-05-11,36.09,36.66,35.98,36.25,2061900
2012-05-14,35.81,36.49,35.72,35.93,1653200
2012-05-15,36.17,37.41,35.94,36.45,3586700
2012-05-16,36.52,36.7,35.65,35.89,2709500
2012-05-17,35.91,36.029999,34.7,34.73,3193000
2012-05-18,31.89,32.33,28.52,30.26,24181800
2012-05-21,30.32,31.91,29.98,31.85,4779500
2012-05-22,31.76,32.69,31.7,32.43,5449800
2012-05-23,32.0099983,32.39,31.31,32.18,4328800
2012-05-24,32.26,32.26,31.67,31.86,4970000
2012-05-25,31.89,32.2,31.68,32.12,1821100
2012-05-29,32.51,32.97,32.29,32.78,2140500
2012-05-30,32.32,32.41,31.76,32.15,2116200
2012-05-31,32.16,32.28,31.44,32.02,2764300
2012-06-01,31.27,31.39,30.74,30.84,3728500
2012-06-04,30.95,31.23,30.049999,30.83,3968700
2012-06-05,30.8,31.52,30.63,31.27,2841300
2012-06-06,31.56,33.15,31.49,33.11,2704000
2012-06-07,33.47,33.74,32.54,32.65,2208200
2012-06-08,32.46,32.81,32.22,32.78,1642200
2012-06-11,33.18,33.37,31.78,31.84,1779500
2012-06-12,32.049999,32.47,31.8,32.3,1960800
2012-06-13,32.049999,32.25,31.54,31.7,2227300
2012-06-14,31.74,32.24,31.19,32.080002,1921100
2012-06-15,32.029999,33.43,31.94,33.37,3168300
2012-06-18,33.11,33.85,32.76,33.64,1614000
2012-06-19,33.99,35.13,33.76,34.64,2877500
2012-06-20,34.63,35.09,33.99,34.67,2605100
2012-06-21,34.69,34.69,32.98,33.049999,1831700
2012-06-22,33.11,33.92,32.92,33.81,1919500
2012-06-25,33.32,33.43,32.71,32.81,1454400
2012-06-26,32.96,33.28,32.56,32.95,1401500
2012-06-27,33.24,33.74,32.81,33.55,1399600
2012-06-28,33.13,33.54,32.24,32.83,1610800
2012-06-29,33.61,35.0,33.51,34.99,3097200
2012-07-02,35.029999,35.029999,34.25,34.51,1403300
2012-07-03,34.61,34.91,34.46,34.7,841800
2012-07-05,34.49,34.79,34.02,34.65,1024400
2012-07-06,34.19,34.26,31.99,32.31,4615100
2012-07-09,32.34,32.38,31.01,31.41,3585200
2012-07-10,31.58,32.0,30.37,30.65,3994900
2012-07-11,30.62,31.28,30.16,30.52,2947000
2012-07-12,30.27,31.58,30.12,31.26,3684700
2012-07-13,31.21,31.85,31.13,31.72,1624000
2012-07-16,31.53,31.56,30.94,31.39,1659900
2012-07-17,31.62,32.12,30.85,31.93,2118900
2012-07-18,31.81,32.54,31.63,32.21,2445700
2012-07-19,32.42,33.56,32.18,33.45,2154100
2012-07-20,33.3,33.32,32.12,32.16,2263300
2012-07-23,31.57,31.99,30.94,31.79,1360700
2012-07-24,31.78,31.86,31.07,31.33,2225100
2012-07-25,31.33,32.46,31.25,31.94,1919800
2012-07-26,32.82,33.83,32.67,33.49,3210000
2012-07-27,33.91,34.98,33.69,34.6,3136600
2012-07-30,34.65,34.68,33.62,34.12,1496700
2012-07-31,34.11,34.35,33.81,33.92,1800000
2012-08-01,34.22,34.55,33.78,34.040001,1694400
2012-08-02,33.69,34.31,33.19,33.78,2154400
2012-08-03,34.54,35.24,34.39,34.98,2495900
2012-08-06,35.07,35.09,34.61,34.69,2395400
2012-08-07,34.85,35.4,34.8,35.25,2708000
2012-08-08,35.18,35.54,35.060001,35.31,2032900
2012-08-09,35.2,35.51,34.97,35.17,1205100
2012-08-10,35.0099983,35.3,34.68,35.0099983,1391600
2012-08-13,34.86,35.049999,34.32,34.68,1183200
2012-08-14,34.9,34.93,33.96,34.16,2410000
2012-08-15,34.049999,34.58,34.049999,34.48,2468000
2012-08-16,34.61,34.89,34.02,34.67,3653600
2012-08-17,34.72,35.11,34.28,34.97,2684500
2012-08-20,34.76,34.91,33.72,33.96,3305200
2012-08-21,34.13,35.07,34.060001,34.6,2902800
2012-08-22,34.68,35.71,34.52,35.49,3166800
2012-08-23,35.37,36.21,34.96,35.71,5778600
2012-08-24,27.97,31.25,27.7,30.13,34419100
2012-08-27,30.43,30.63,29.57,30.51,5625600
2012-08-28,30.51,31.87,30.22,31.23,8353500
2012-08-29,31.34,31.51,30.66,30.92,4200400
2012-08-30,30.85,30.87,30.19,30.41,2775200
2012-08-31,30.82,31.48,30.55,31.049999,3575300
2012-09-04,30.91,31.66,30.83,31.41,3596300
2012-09-05,31.49,31.63,31.01,31.3,1778800
2012-09-06,31.6,33.080002,31.51,32.77,5547500
2012-09-07,32.74,32.74,32.17,32.22,3212600
2012-09-10,32.14,32.22,31.69,31.97,4896600
2012-09-11,32.16,32.38,31.92,32.19,3609700
2012-09-12,32.34,32.73,32.27,32.58,4340500
2012-09-13,32.48,32.97,32.21,32.74,2262400
2012-09-14,32.68,33.55,32.65,33.47,2399100
2012-09-17,33.4,33.59,33.049999,33.59,1852000
2012-09-18,33.47,33.57,33.099998,33.47,2703700
2012-09-19,33.53,34.16,33.44,33.56,4015000
2012-09-20,33.57,33.71,33.41,33.61,2715200
2012-09-21,33.75,34.0,33.59,33.68,2581500
2012-09-24,33.36,33.56,33.12,33.48,2494000
2012-09-25,33.58,34.0,32.74,32.93,3264300
2012-09-26,32.86,33.049999,32.19,32.4,2850400
2012-09-27,32.56,33.41,32.37,33.3,1507500
2012-09-28,33.27,33.89,33.099998,33.35,2649000
2012-10-01,32.61,33.74,32.61,33.38,3281900
2012-10-02,33.42,33.69,33.19,33.41,2258400
2012-10-03,33.46,33.81,33.36,33.78,1752800
2012-10-04,33.25,33.62,32.69,33.18,4503800
2012-10-05,33.46,33.61,32.87,33.099998,2780800
2012-10-08,33.0,33.16,32.37,32.45,2464900
2012-10-09,32.38,32.44,31.32,31.47,3544800
2012-10-10,31.44,31.75,30.95,31.030001,3212000
2012-10-11,31.29,31.41,30.92,31.01,2714500
2012-10-12,31.01,31.43,30.98,31.2,1747000
2012-10-15,31.26,31.94,31.22,31.9,1819800
2012-10-16,31.92,32.99,31.82,32.68,2419600
2012-10-17,32.55,32.67,31.91,32.2,2354300
2012-10-18,32.29,32.35,31.43,31.59,2418000
2012-10-19,31.58,31.6,30.42,30.47,5285400
2012-10-22,30.56,31.049999,30.2,30.95,3622200
2012-10-23,30.61,31.52,30.44,31.37,2325200
2012-10-24,31.65,31.84,31.23,31.46,2027500
2012-10-25,31.86,32.3,31.73,32.099998,3420200
2012-10-26,32.049999,32.56,31.9,32.31,2753600
2012-10-31,32.28,32.51,31.66,31.85,4332600
2012-11-01,32.049999,32.48,30.96,32.39,3364400
2012-11-02,32.56,32.71,32.099998,32.14,2192200
2012-11-05,32.24,32.24,31.73,31.98,1630900
2012-11-06,32.26,32.53,32.040001,32.41,2060500
2012-11-07,31.98,32.02,31.21,31.57,2906400
2012-11-08,30.99,31.24,30.72,30.73,5607100
2012-11-09,30.61,31.38,30.5,30.94,2517000
2012-11-12,31.0,31.26,30.78,31.0,1951100
2012-11-13,30.79,31.31,30.61,30.64,3024800
2012-11-14,30.73,31.44,30.39,30.44,3253700
2012-11-15,30.47,30.73,30.22,30.5,4306100
2012-11-16,30.82,31.99,30.53,31.48,7940200
2012-11-19,31.81,31.86,31.13,31.32,3467800
2012-11-20,31.3,31.42,30.77,30.87,2920500
2012-11-21,30.92,31.46,30.92,31.34,1976000
2012-11-23,31.51,31.83,31.38,31.8,794100
2012-11-26,31.66,32.24,31.57,32.24,2712700
2012-11-27,32.21,32.23,31.78,31.92,2051700
2012-11-28,31.78,33.17,31.71,33.099998,3080700
2012-11-29,33.23,33.63,33.22,33.51,2382000
2012-11-30,33.49,33.61,33.040001,33.13,2733000
2012-12-03,33.35,33.5,32.85,32.99,1536800
2012-12-04,33.09,33.2,32.84,33.080002,1696600
2012-12-05,33.040001,33.83,32.77,33.6,2996500
2012-12-06,33.6,33.96,33.43,33.8,1912900
2012-12-07,33.9,33.96,33.42,33.76,1434600
2012-12-10,33.48,34.029999,33.43,33.96,1727800
2012-12-11,33.72,34.9,33.72,34.62,2054700
2012-12-12,34.77,34.98,34.24,34.29,1504600
2012-12-13,34.28,34.33,33.53,33.88,2137200
2012-12-14,33.82,34.43,33.8,34.21,2836800
2012-12-17,34.24,35.21,34.21,34.88,2528600
2012-12-18,34.99,35.77,34.91,35.73,1939200
2012-12-19,35.97,36.96,35.73,36.0,6703500
2012-12-20,36.060001,36.14,35.78,35.9,1981000
2012-12-21,35.32,35.62,34.73,35.49,3889700
2012-12-24,35.3,35.9,35.25,35.68,795900
2012-12-26,35.75,36.0,35.099998,35.15,1644700
2012-12-27,35.13,35.26,34.32,35.12,2768300
2012-12-28,34.8,35.31,34.69,34.99,3666100
2012-12-31,34.84,35.52,34.61,35.35,2556500
2013-01-02,36.049999,36.95,36.049999,36.94,2998800
2013-01-03,36.75,36.92,36.27,36.37,1744100
2013-01-04,36.53,36.67,36.29,36.36,1340400
2013-01-07,36.0,36.14,35.84,36.09,1933500
2013-01-08,36.15,36.42,35.96,36.3,1520000
2013-01-09,36.35,37.040001,36.23,36.67,1640600
2013-01-10,36.89,36.94,36.029999,36.52,1416000
2013-01-11,36.6,36.97,36.52,36.8,1336500
2013-01-14,36.64,36.98,36.63,36.83,1418500
2013-01-15,36.53,36.82,36.39,36.71,1617500
2013-01-16,36.76,37.51,36.43,36.73,1213900
2013-01-17,36.77,37.68,36.73,37.33,1959800
2013-01-18,37.25,37.53,37.14,37.5,1599700
2013-01-22,37.4,37.58,36.19,36.55,2703600
2013-01-23,36.71,37.049999,36.61,36.86,1653200
2013-01-24,37.39,38.0,37.11,37.6,3326300
2013-01-25,39.5,40.0,38.9,38.99,8054800
2013-01-28,39.11,39.21,38.75,38.86,2798600
2013-01-29,38.65,39.11,38.02,38.86,2633600
2013-01-30,39.5,39.5,38.6,38.73,4317400
2013-01-31,38.77,39.3,38.62,38.88,2723400
2013-02-01,39.39,39.39,38.88,38.94,2843000
2013-02-04,38.75,39.18,38.4,38.53,1929200
2013-02-05,38.77,39.25,38.62,39.060001,1881800
2013-02-06,38.86,39.029999,38.51,38.71,2299800
2013-02-07,38.61,38.76,38.099998,38.65,2514200
2013-02-08,38.79,39.0,38.69,38.89,1534500
2013-02-11,39.07,39.21,38.63,38.89,1368400
2013-02-12,38.91,39.24,38.8,38.91,1908000
2013-02-13,38.91,39.17,38.53,38.66,1709000
2013-02-14,38.54,38.77,38.22,38.67,2525600
2013-02-15,38.65,39.51,38.59,39.0,2911000
2013-02-19,39.099998,39.12,38.84,38.98,1738000
2013-02-20,39.17,39.67,38.7,38.73,6135900
2013-02-21,38.58,38.62,37.91,37.97,2851300
2013-02-22,38.099998,38.37,37.82,37.91,2685000
2013-02-25,38.23,38.25,36.52,36.62,7225600
2013-02-26,35.92,38.080002,35.77,36.79,7572500
2013-02-27,36.62,36.98,35.99,36.2,9941400
2013-02-28,36.31,36.95,36.22,36.72,4037800
2013-03-01,37.25,37.56,36.55,37.36,11398400
2013-03-04,37.34,38.69,37.14,38.65,4082300
2013-03-05,38.76,39.55,38.75,39.34,3946600
2013-03-06,39.51,39.95,39.44,39.94,3070300
2013-03-07,39.87,40.080002,39.54,40.0099983,2433100
2013-03-08,40.0,40.3,39.78,40.17,2046100
2013-03-11,40.0,40.38,39.98,40.36,1281800
2013-03-12,40.37,40.44,39.72,40.3,2069900
2013-03-13,40.28,40.56,39.95,40.46,1803900
2013-03-14,40.67,40.81,40.46,40.69,1851100
2013-03-15,40.51,40.64,40.14,40.14,2128800
2013-03-18,39.76,40.31,39.34,40.029999,1787200
2013-03-19,40.049999,40.38,39.32,39.67,3069700
2013-03-20,40.53,41.42,40.26,41.16,3845400
2013-03-21,40.6,41.27,40.25,41.029999,2049200
2013-03-22,41.040001,41.4,40.78,41.39,1741500
2013-03-25,41.0,41.21,40.27,40.38,2239200
2013-03-26,40.61,40.99,40.42,40.6,1553800
2013-03-27,40.46,40.96,40.29,40.92,1348500
2013-03-28,40.62,41.3,40.43,41.25,1784800
2013-04-01,40.09,40.68,39.76,39.93,4038100
2013-04-02,39.97,40.65,39.37,39.57,2568800
2013-04-03,39.55,39.76,38.44,38.54,2713600
2013-04-04,38.53,38.68,38.040001,38.48,2636400
2013-04-05,37.87,38.4,37.27,38.35,2559600
2013-04-08,38.44,38.44,37.92,38.35,1808300
2013-04-09,38.37,38.63,38.029999,38.46,1421300
2013-04-10,38.47,39.87,38.46,39.65,1988800
2013-04-11,39.49,39.52,38.92,39.0099983,2320900
2013-04-12,38.95,38.95,38.0099983,38.36,2174600
2013-04-15,38.11,38.21,36.56,36.71,4335800
2013-04-16,37.14,37.8,37.0099983,37.69,2136600
2013-04-17,37.33,37.43,36.38,36.82,2699800
2013-04-18,36.9,37.02,35.92,35.93,2129600
2013-04-19,35.91,36.45,35.51,36.12,1835400
2013-04-22,36.16,36.41,35.62,36.24,1681600
2013-04-23,36.49,37.26,36.39,37.26,2617300
2013-04-24,37.11,37.72,36.82,37.56,2132400
2013-04-25,37.5,38.15,37.31,37.87,2025100
2013-04-26,37.93,38.11,37.3,37.31,1862600
2013-04-29,37.36,38.24,37.25,38.21,1669600
2013-04-30,38.24,39.38,38.14,39.38,5426200
2013-05-01,39.23,39.69,38.040001,38.19,2902400
2013-05-02,38.17,38.77,37.92,38.53,1324000
2013-05-03,39.0,39.53,38.78,39.52,2016200
2013-05-06,39.39,39.68,39.19,39.6,1909600
2013-05-07,39.66,40.02,39.16,39.54,1472000
2013-05-08,39.34,40.029999,39.28,39.98,1722700
2013-05-09,39.95,40.22,39.56,39.75,2664400
2013-05-10,39.81,39.94,39.41,39.75,2608900
2013-05-13,39.64,39.64,38.68,38.9,2894900
2013-05-14,39.029999,39.63,38.85,39.42,2169300
2013-05-15,39.32,39.78,39.19,39.43,2463100
2013-05-16,39.39,40.27,39.35,39.78,4493400
2013-05-17,36.75,37.33,34.4,37.11,16959500
2013-05-20,37.14,37.87,36.74,36.99,3450200
2013-05-21,37.049999,37.63,36.87,37.48,3278900
2013-05-22,37.41,37.94,36.46,36.57,3428700
2013-05-23,36.36,36.96,36.22,36.46,3391900
2013-05-24,36.34,36.47,35.74,36.080002,2768000
2013-05-28,36.51,37.080002,36.33,37.07,3167800
2013-05-29,36.85,37.31,36.66,37.099998,1745700
2013-05-30,37.14,37.99,37.080002,37.9,2327600
2013-05-31,37.53,38.36,37.4,37.73,3034500
2013-06-03,37.95,38.07,36.92,37.38,2239200
2013-06-04,37.32,37.71,36.57,36.7,2060600
2013-06-05,36.68,37.0,36.07,36.12,1650100
2013-06-06,36.029999,36.13,35.6,35.97,3224200
2013-06-07,36.32,36.92,36.12,36.65,2315100
2013-06-10,36.65,36.79,35.93,35.97,2931900
2013-06-11,35.61,35.89,35.27,35.33,2898100
2013-06-12,35.6,35.63,34.5,34.93,3441600
2013-06-13,34.8,36.02,34.6,35.88,4112800
2013-06-14,35.97,35.97,35.02,35.09,2341000
2013-06-17,34.9,35.57,34.88,35.43,1972700
2013-06-18,35.33,35.52,35.12,35.13,1887300
2013-06-19,35.48,36.4,35.3,35.51,3367200
2013-06-20,35.24,35.43,34.49,34.56,2847300
2013-06-21,34.5,34.68,33.59,34.21,4650900
2013-06-24,33.97,34.029999,33.0099983,33.48,2969300
2013-06-25,33.85,34.17,33.5,34.040001,2786000
2013-06-26,34.33,34.75,34.24,34.64,2578000
2013-06-27,34.71,35.26,34.63,34.92,1680600
2013-06-28,34.61,34.62,33.87,33.94,4020300
2013-07-01,34.0099983,34.32,33.73,33.8,2972600
2013-07-02,33.81,33.99,33.22,33.49,2272600
2013-07-03,33.31,33.68,33.23,33.49,1788000
2013-07-05,33.94,34.26,33.64,34.16,2322800
2013-07-08,34.3,34.47,34.18,34.38,2907400
2013-07-09,34.5,34.81,34.29,34.39,1990200
2013-07-10,34.36,34.59,33.98,34.31,2556300
2013-07-11,34.83,35.46,34.5,35.4,2247900
2013-07-12,35.49,36.4,35.42,36.0099983,2746200
2013-07-15,36.22,36.22,35.7,36.13,1027400
2013-07-16,36.11,36.39,35.83,36.16,1990600
2013-07-17,36.15,36.6,36.02,36.4,1617800
2013-07-18,36.37,36.91,36.37,36.87,2397700
2013-07-19,36.87,36.87,36.34,36.49,2558900
2013-07-22,36.4,36.71,36.07,36.47,1959600
2013-07-23,36.68,36.71,36.37,36.48,1845500
2013-07-24,36.8,37.22,36.8,36.86,1828700
2013-07-25,36.9,37.049999,36.45,36.73,1036500
2013-07-26,36.37,36.72,35.95,36.51,1296900
2013-07-29,36.4,36.64,36.049999,36.16,1363900
2013-07-30,36.27,36.72,36.060001,36.58,1604600
2013-07-31,36.51,36.68,34.73,35.39,4517500
2013-08-01,34.79,35.14,34.22,34.27,6839500
2013-08-02,34.42,35.14,34.16,35.029999,5530100
2013-08-05,34.95,35.51,34.9,35.26,3241600
2013-08-06,35.25,35.3,34.76,34.9,2054500
2013-08-07,34.9,34.98,34.31,34.89,1847800
2013-08-08,35.099998,35.72,35.080002,35.6,1856600
2013-08-09,35.63,36.0,35.48,35.85,1845600
2013-08-12,35.68,36.11,35.58,35.95,1549800
2013-08-13,36.060001,36.81,35.92,36.68,2446500
2013-08-14,36.6,36.81,36.17,36.74,2123300
2013-08-15,36.46,36.46,35.86,36.040001,2470500
2013-08-16,36.0,36.13,35.53,35.94,2803700
2013-08-19,35.96,36.36,35.4,35.41,1759900
2013-08-20,35.45,35.99,35.049999,35.69,1893100
2013-08-21,35.69,36.040001,35.57,35.62,2227300
2013-08-22,35.71,36.22,35.7,36.13,2767800
2013-08-23,38.9,41.72,38.75,38.91,16680800
2013-08-26,38.59,39.24,37.74,37.89,6671300
2013-08-27,37.38,37.6,36.95,36.99,4619700
2013-08-28,36.95,37.21,36.68,36.9,3196200
2013-08-29,36.75,37.29,36.72,37.02,2335600
2013-08-30,37.040001,37.12,36.56,36.75,1859400
2013-09-03,37.11,37.71,36.83,37.13,1981300
2013-09-04,37.049999,37.41,36.9,37.12,3630800
2013-09-05,37.099998,37.29,36.95,37.040001,1969200
2013-09-06,37.25,37.33,36.68,37.14,3792100
2013-09-09,37.18,37.83,37.14,37.7,1867300
2013-09-10,37.89,38.15,37.87,38.080002,2078800
2013-09-11,38.029999,38.34,37.78,38.31,3108300
2013-09-12,38.26,38.44,37.84,37.88,2063000
2013-09-13,38.060001,38.33,38.0,38.18,1970900
2013-09-16,38.55,39.11,38.55,39.07,4699200
2013-09-17,39.09,39.38,38.89,39.31,2514400
2013-09-18,39.5,40.68,39.41,40.62,4679600
2013-09-19,40.61,41.19,40.42,40.94,4134700
2013-09-20,40.96,41.13,40.68,41.0,3318400
2013-09-23,40.57,41.14,40.35,40.76,3129800
2013-09-24,40.74,41.02,40.23,40.82,2855300
2013-09-25,40.64,41.099998,40.23,40.67,2696800
2013-09-26,40.8,42.41,40.75,41.94,7341100
2013-09-27,41.59,42.11,41.45,41.79,3170400
2013-09-30,41.21,41.44,40.55,41.17,4474300
2013-10-01,40.36,40.87,40.17,40.49,8342400
2013-10-02,41.29,42.82,41.029999,42.55,13162800
2013-10-03,41.54,42.25,41.21,42.15,7238200
2013-10-04,41.96,42.79,41.68,42.49,3926500
2013-10-07,41.93,42.18,41.62,41.69,2723500
2013-10-08,41.65,41.94,40.24,40.39,3882100
2013-10-09,40.47,40.62,39.36,39.96,5028000
2013-10-10,40.13,40.76,40.09,40.61,2643400
2013-10-11,40.57,41.13,40.39,41.049999,2203000
2013-10-14,40.6,41.33,40.11,41.0,3443300
2013-10-15,41.040001,41.16,40.7,40.89,3259100
2013-10-16,41.0,41.14,40.66,40.78,2079000
2013-10-17,40.52,40.69,39.85,40.41,3446500
2013-10-18,40.39,40.72,40.12,40.28,2712300
2013-10-21,40.36,40.62,39.83,40.02,1995600
2013-10-22,40.27,40.41,39.9,40.0,1644800
2013-10-23,39.76,39.99,39.24,39.49,1898200
2013-10-24,39.59,40.36,39.54,40.2,2350600
2013-10-25,40.52,40.52,39.71,39.87,1341800
2013-10-28,39.8,40.040001,39.46,39.67,1188000
2013-10-29,39.86,40.3,39.51,40.3,2255700
2013-10-30,40.3,40.72,39.93,40.040001,2625700
2013-10-31,40.099998,40.34,39.85,39.9,2224700
2013-11-01,40.11,41.94,40.09,41.89,5897300
2013-11-04,41.85,42.0,41.5,41.8,2733900
2013-11-05,41.65,42.0099983,41.060001,41.71,3311200
2013-11-06,41.96,42.15,41.54,42.02,2775700
2013-11-07,42.25,43.17,41.41,41.76,3885700
2013-11-08,41.89,42.77,41.73,42.76,2151400
2013-11-11,42.71,43.74,42.44,43.48,3665000
2013-11-12,43.29,43.74,43.25,43.61,2003300
2013-11-13,43.54,43.7,43.15,43.54,2652800
2013-11-14,42.97,44.21,42.9,44.13,2635400
2013-11-15,44.2,45.029999,43.88,44.11,2898400
2013-11-18,44.14,44.4,43.24,43.3,2327200
2013-11-19,43.18,43.35,42.16,42.28,3622000
2013-11-20,42.5,43.040001,42.21,42.34,2803400
2013-11-21,42.58,43.6,42.21,43.53,4250400
2013-11-22,43.64,45.95,43.55,45.86,7218700
2013-11-25,45.55,45.73,44.93,45.39,3758600
2013-11-26,45.39,45.52,45.0,45.28,2557100
2013-11-27,45.4,45.74,45.049999,45.44,2152000
2013-11-29,45.28,45.4,44.97,45.25,1174000
2013-12-02,45.27,45.55,44.95,45.42,1871700
2013-12-03,45.4,45.98,45.2,45.77,2491300
2013-12-04,45.81,46.47,45.58,46.29,2598700
2013-12-05,46.18,46.56,45.81,45.94,2270100
2013-12-06,46.56,46.57,46.16,46.42,2032700
2013-12-09,45.8,46.85,45.75,46.78,2023800
2013-12-10,46.29,46.98,46.26,46.79,2518500
2013-12-11,46.94,47.049999,45.64,45.75,3141000
2013-12-12,45.85,46.17,45.25,45.51,3244300
2013-12-13,45.99,48.39,45.8,47.74,5599300
2013-12-16,47.71,48.0,47.17,47.19,2471800
2013-12-17,47.19,47.71,47.0,47.5,2172000
2013-12-18,47.34,48.3,46.6,48.27,2921000
2013-12-19,48.13,48.45,47.89,48.049999,1617200
2013-12-20,48.099998,49.22,47.84,49.19,5075500
2013-12-23,49.31,49.53,49.07,49.46,1854700
2013-12-24,49.35,49.73,49.18,49.7,852500
2013-12-26,49.63,49.85,49.36,49.39,1499200
2013-12-27,49.61,49.9,49.39,49.54,1206100
2013-12-30,49.6,49.79,49.07,49.58,909900
2013-12-31,49.79,50.5,49.61,50.32,2002300
2014-01-02,49.33,49.74,48.88,49.25,2488000
2014-01-03,49.11,49.5,48.78,48.9,1934200
2014-01-06,48.98,49.29,48.29,48.55,1856500
2014-01-07,48.89,50.099998,48.63,49.68,2002500
2014-01-08,49.5,50.55,49.049999,50.24,2047400
2014-01-09,50.82,51.68,50.74,51.080002,3716400
2014-01-10,51.14,51.48,50.64,51.47,2182700
2014-01-13,52.0,52.7,51.31,51.57,4561700
2014-01-14,51.65,52.74,51.29,52.64,2876400
2014-01-15,52.83,53.62,52.8,53.29,3241200
2014-01-16,53.22,53.73,52.98,53.6,2403300
2014-01-17,53.63,53.73,53.040001,53.24,2123200
2014-01-21,53.42,54.18,53.029999,53.3,2153300
2014-01-22,53.18,53.5,52.31,52.37,3108300
2014-01-23,52.68,52.68,51.71,51.86,3593200
2014-01-24,51.65,51.65,50.25,50.44,4245200
2014-01-27,50.63,50.95,49.33,50.59,3640900
2014-01-28,50.48,51.29,50.46,51.24,1818700
2014-01-29,50.76,51.0,49.61,49.65,2729000
2014-01-30,51.55,51.9,50.71,51.52,4046100
2014-01-31,50.77,51.63,50.7,51.25,2155300
2014-02-03,51.0099983,51.49,48.93,49.33,4320300
2014-02-04,49.79,50.38,49.63,50.12,2032300
2014-02-05,49.87,50.11,49.37,49.96,1699200
2014-02-06,49.89,51.11,49.7,50.96,1827300
2014-02-07,51.049999,52.19,50.82,51.99,2649700
2014-02-10,51.84,52.49,51.75,52.28,2340700
2014-02-11,52.55,53.09,52.3,52.92,1961000
2014-02-12,52.93,53.88,52.76,53.77,3001500
2014-02-13,53.51,54.49,53.39,54.13,3033100
2014-02-14,53.94,54.97,53.94,54.17,3345400
2014-02-18,54.17,54.86,53.8,54.52,2750800
2014-02-19,54.52,55.17,54.37,54.47,2309600
2014-02-20,54.37,54.98,53.6,54.9,1847400
2014-02-21,55.099998,55.55,54.62,55.4,2534700
2014-02-24,55.4,55.98,54.45,54.47,4212900
2014-02-25,54.45,54.77,54.029999,54.66,2481200
2014-02-26,54.82,55.029999,53.89,54.72,3835000
2014-02-27,57.2,58.68,53.72,54.28,11608800
2014-02-28,54.099998,54.16,51.89,52.48,6954000
2014-03-03,51.32,51.72,50.59,51.67,6328700
2014-03-04,52.32,53.53,52.049999,53.5,3840300
2014-03-05,53.15,53.7,52.99,53.44,2133800
2014-03-06,53.6,53.94,53.42,53.74,2273900
2014-03-07,53.68,53.92,53.25,53.61,1477900
2014-03-10,53.61,53.65,52.57,52.59,1839300
2014-03-11,52.66,53.26,52.52,52.81,2126500
2014-03-12,52.59,52.61,51.63,52.34,1982500
2014-03-13,52.62,52.73,50.13,50.47,4004700
2014-03-14,50.52,51.029999,50.32,50.47,2811700
2014-03-17,50.88,51.74,50.69,51.28,1956900
2014-03-18,51.38,52.47,51.3,52.43,1678800
2014-03-19,52.66,52.9,50.86,51.049999,3824900
2014-03-20,50.91,51.79,50.78,51.61,2717400
2014-03-21,52.07,52.07,50.040001,50.040001,3862700
2014-03-24,50.11,50.49,49.14,49.74,2705400
2014-03-25,49.87,50.75,49.46,49.78,2555800
2014-03-26,49.85,50.37,48.63,48.68,2973600
2014-03-27,48.6,48.6,47.91,48.28,4610800
2014-03-28,48.44,48.96,47.92,48.34,2210600
2014-03-31,48.78,49.7,48.69,49.18,2895800
2014-04-01,48.86,50.12,48.48,50.07,2833800
2014-04-02,50.099998,50.29,49.43,49.58,2069000
2014-04-03,49.71,49.9,48.18,48.31,2877800
2014-04-04,48.85,49.14,46.54,47.32,5314500
2014-04-07,47.080002,47.5,46.19,46.59,2269700
2014-04-08,46.68,47.44,46.27,47.15,3128200
2014-04-09,47.48,48.59,47.22,48.49,3074700
2014-04-10,48.44,48.44,45.89,45.97,4297800
2014-04-11,45.34,45.85,44.76,45.19,8206700
2014-04-14,45.74,46.34,45.27,45.83,2463300
2014-04-15,46.09,46.88,45.22,46.82,3221800
2014-04-16,47.26,47.64,46.63,47.55,2050700
2014-04-17,47.39,48.89,47.13,48.49,3302900
2014-04-21,48.64,48.87,48.060001,48.4,3048500
2014-04-22,48.4,49.38,48.23,49.0099983,1742700
2014-04-23,48.65,48.95,47.93,48.23,1624600
2014-04-24,48.73,48.9,47.22,47.72,2241000
2014-04-25,47.63,48.080002,46.93,47.0,2368800
2014-04-28,47.79,48.22,46.07,46.62,3470600
2014-04-29,46.8,47.59,46.5,47.57,1883700
2014-04-30,47.4,48.02,47.11,48.02,1624600
2014-05-01,47.84,48.94,47.81,48.42,2323600
2014-05-02,48.47,48.7,47.54,47.68,2144200
2014-05-05,47.61,47.86,47.080002,47.52,1389100
2014-05-06,47.31,47.61,46.97,47.029999,1690700
2014-05-07,47.07,47.23,46.09,46.76,2014700
2014-05-08,46.68,47.79,46.24,46.82,1937000
2014-05-09,46.77,47.0,46.11,46.85,961700
2014-05-12,47.040001,48.93,47.0,48.61,3270400
2014-05-13,48.79,49.049999,48.17,48.32,2172300
2014-05-14,48.55,48.95,48.029999,48.07,1749900
2014-05-15,48.049999,48.23,47.07,47.82,3479700
2014-05-16,50.45,52.07,49.61,51.67,7928700
2014-05-19,51.22,52.5,51.22,51.55,2841600
2014-05-20,51.64,51.72,50.53,51.07,2182100
2014-05-21,51.24,51.63,50.58,50.93,2374800
2014-05-22,50.97,51.7,50.77,51.51,1588600
2014-05-23,51.68,52.060001,51.15,52.0,1152800
2014-05-27,52.049999,52.75,51.89,52.47,1590900
2014-05-28,52.58,52.65,51.56,51.72,1957200
2014-05-29,51.88,52.77,51.74,52.69,2477000
2014-05-30,52.79,52.79,52.07,52.37,1826900
2014-06-02,52.45,52.75,51.73,52.52,1596800
2014-06-03,52.5,53.18,52.25,53.15,2434400
2014-06-04,52.88,53.24,52.74,53.029999,1242600
2014-06-05,52.95,53.74,52.83,53.72,1416800
2014-06-06,54.0,55.43,53.92,54.87,2313500
2014-06-09,54.66,54.87,54.17,54.51,2130200
2014-06-10,54.27,54.58,53.95,54.080002,1162800
2014-06-11,53.8,54.11,53.54,54.09,991800
2014-06-12,53.86,54.41,53.67,53.85,1147600
2014-06-13,54.12,54.45,53.77,54.25,1766000
2014-06-16,53.87,54.88,53.87,54.58,1584900
2014-06-17,54.15,55.0,54.15,54.63,1942500
2014-06-18,55.0,57.17,54.99,56.96,4854000
2014-06-19,56.78,57.17,55.67,56.31,1977700
2014-06-20,56.37,56.37,55.86,56.19,1870300
2014-06-23,56.12,56.43,55.84,56.17,885600
2014-06-24,56.11,56.49,55.71,55.8,1066900
2014-06-25,55.8,56.0,55.45,55.62,1579400
2014-06-26,55.88,56.26,55.44,56.25,1069200
2014-06-27,55.63,56.43,55.63,56.4,1131700
2014-06-30,56.2,56.69,55.82,56.38,2248900
2014-07-01,56.07,57.3,55.97,57.13,2329900
2014-07-02,56.78,57.59,56.76,56.83,1361900
2014-07-03,57.029999,57.28,56.84,56.88,842200
2014-07-07,56.76,56.8,55.84,55.93,1376400
2014-07-08,56.049999,56.2,54.54,55.64,2107000
2014-07-09,55.89,55.98,55.25,55.63,1097800
2014-07-10,55.37,55.99,54.78,55.44,1708900
2014-07-11,55.55,55.71,55.0,55.57,1226900
2014-07-14,55.81,56.17,55.7,56.040001,1241600
2014-07-15,55.96,56.11,55.17,55.48,1147200
2014-07-16,55.72,55.79,55.24,55.42,1064600
2014-07-17,55.42,55.98,55.17,55.42,2873500
2014-07-18,55.78,57.39,55.47,57.36,2613500
2014-07-21,56.91,57.2,55.95,56.2,2022700
2014-07-22,56.34,56.93,56.34,56.39,1754300
2014-07-23,56.77,56.87,55.85,55.88,2009000
2014-07-24,56.12,56.47,55.87,56.0,1642000
2014-07-25,55.82,55.96,55.14,55.23,1964700
2014-07-28,55.26,55.52,54.51,55.19,1460000
2014-07-29,55.32,55.84,55.23,55.47,1371700
2014-07-30,55.79,55.95,55.29,55.61,1067700
2014-07-31,54.98,55.19,53.17,53.35,2805800
2014-08-01,53.36,53.82,52.48,53.34,2439800
2014-08-04,53.37,54.31,53.3,54.15,1905300
2014-08-05,53.79,54.68,53.73,54.15,1575000
2014-08-06,53.87,54.9,53.4,54.23,2095900
2014-08-07,54.58,54.81,53.44,53.63,1334400
2014-08-08,53.67,54.96,53.48,53.91,1891600
2014-08-11,54.17,54.39,53.81,54.34,1920300
2014-08-12,53.95,54.77,53.95,54.62,1520500
2014-08-13,54.64,55.82,54.64,55.79,1223500
2014-08-14,55.35,56.92,55.35,56.28,3602300
2014-08-15,58.44,58.53,51.88,52.66,14273900
2014-08-18,53.040001,53.9,52.88,53.79,4700600
2014-08-19,53.95,54.029999,53.55,53.75,2290900
2014-08-20,53.66,53.91,53.17,53.59,3147100
2014-08-21,53.68,53.93,53.5,53.78,1751700
2014-08-22,53.89,53.89,53.39,53.46,2312500
2014-08-25,53.7,53.83,53.2,53.54,1052600
2014-08-26,53.52,54.59,53.52,54.24,1947700
2014-08-27,54.34,54.5,53.73,53.78,1161300
2014-08-28,53.63,54.27,53.31,54.0,1250700
2014-08-29,54.28,54.39,53.45,53.64,1774900
2014-09-02,53.96,53.96,52.88,53.46,1793300
2014-09-03,53.8,54.41,53.46,54.36,1940600
2014-09-04,54.27,55.25,53.95,54.18,2137500
2014-09-05,54.09,54.37,53.83,54.18,2099300
2014-09-08,54.17,54.93,54.11,54.37,1175200
2014-09-09,54.2,54.38,53.53,53.64,1372900
2014-09-10,53.58,53.88,53.27,53.37,1418400
2014-09-11,53.19,54.15,52.81,54.13,1862400
2014-09-12,54.07,54.25,52.69,53.54,3253000
2014-09-15,52.99,53.91,52.99,53.73,4057800
2014-09-16,53.56,54.76,53.48,54.75,3440500
2014-09-17,54.32,55.21,54.049999,54.89,3410000
2014-09-18,55.099998,55.91,55.0,55.73,2960400
2014-09-19,55.85,55.98,54.85,55.61,4684300
2014-09-22,55.24,55.42,54.12,54.88,4380300
2014-09-23,54.7,55.15,54.7,54.95,2227300
2014-09-24,55.040001,55.72,54.25,55.66,3607900
2014-09-25,55.57,55.65,54.4,54.43,3394500
2014-09-26,54.4,54.66,53.8,54.28,3518400
2014-09-29,53.68,55.080002,53.52,55.040001,1784500
2014-09-30,55.11,55.37,54.19,55.099998,2384500
2014-10-01,53.48,56.0,53.0,55.66,9834100
2014-10-02,56.78,58.75,56.42,57.74,10205200
2014-10-03,57.9,58.49,57.81,58.12,3592700
2014-10-06,58.38,58.68,58.12,58.18,2691100
2014-10-07,57.87,57.97,56.54,56.59,3293000
2014-10-08,56.54,57.18,55.59,57.080002,2846500
2014-10-09,57.0099983,57.64,55.72,56.07,3988800
2014-10-10,55.96,56.34,53.57,53.72,5370800
2014-10-13,53.45,53.68,51.89,51.94,3838300
2014-10-14,52.53,52.53,49.58,50.13,5947400
2014-10-15,49.0099983,50.67,48.38,50.52,4815800
2014-10-16,49.34,50.24,49.28,49.89,2944500
2014-10-17,50.35,51.21,50.14,50.79,2390500
2014-10-20,50.74,51.84,50.15,51.82,2905300
2014-10-21,52.44,53.11,52.060001,52.8,1784400
2014-10-22,52.84,53.11,52.080002,52.25,2794300
2014-10-23,52.63,54.15,52.46,53.55,2292000
2014-10-24,53.8,54.49,53.53,54.45,1882100
2014-10-27,54.25,54.97,54.07,54.77,1236000
2014-10-28,54.97,56.099998,54.85,56.099998,2073400
2014-10-29,56.0099983,56.7,55.58,55.96,1205300
2014-10-30,55.87,57.48,55.81,57.37,1627000
2014-10-31,58.51,58.74,57.47,57.54,2370300
2014-11-03,57.77,58.37,57.37,57.77,2541200
2014-11-04,57.58,58.37,57.53,58.24,2154100
2014-11-05,58.46,58.7,57.74,58.32,1748500
2014-11-06,58.6,59.33,58.45,59.2,1809200
2014-11-07,59.29,59.54,58.55,59.42,1700700
2014-11-10,59.32,59.79,59.060001,59.4,1773200
2014-11-11,59.67,59.67,58.83,58.99,1762100
2014-11-12,58.88,59.47,58.83,58.98,1674000
2014-11-13,59.35,59.66,58.91,59.31,1779800
2014-11-14,59.37,59.89,59.26,59.66,1329700
2014-11-17,59.52,59.88,58.79,58.99,1474700
2014-11-18,59.48,60.2,59.17,59.23,2378900
2014-11-19,59.42,59.44,58.84,59.099998,2122100
2014-11-20,58.66,59.14,58.29,58.41,3485100
2014-11-21,61.0,63.0,60.65,61.95,7463700
2014-11-24,61.68,61.8,60.92,61.28,4942200
2014-11-25,61.47,62.049999,60.8,61.029999,2232600
2014-11-26,61.040001,61.55,60.93,61.35,1074800
2014-11-28,61.76,62.49,61.4,62.0,989300
2014-12-01,61.72,61.97,60.5,60.51,1543300
2014-12-02,60.5,61.13,60.22,60.74,1794000
2014-12-03,60.54,61.48,60.54,61.45,1514300
2014-12-04,61.14,61.53,60.83,61.09,1019900
2014-12-05,61.13,61.42,60.65,60.9,1190700
2014-12-08,60.27,61.080002,59.92,60.099998,1464000
2014-12-09,59.48,60.33,59.13,60.17,1111100
2014-12-10,59.68,60.14,58.81,58.91,1353100
2014-12-11,59.25,60.14,58.68,58.82,922700
2014-12-12,58.7,59.6,58.45,58.88,1536100
2014-12-15,59.12,59.73,58.21,58.21,1968100
2014-12-16,57.07,57.85,56.47,56.63,2648600
2014-12-17,56.5,57.17,56.12,57.0099983,1507300
2014-12-18,57.92,59.47,57.38,59.46,2267100
2014-12-19,59.49,60.34,59.36,59.9,3121300
2014-12-22,60.02,60.66,59.7,60.19,849500
2014-12-23,60.34,60.98,59.99,60.65,1049700
2014-12-24,60.77,61.34,60.53,60.99,355500
2014-12-26,60.92,61.51,60.89,61.029999,680000
2014-12-29,60.83,60.98,60.32,60.76,648100
2014-12-30,60.24,60.92,60.18,60.51,1226100
2014-12-31,60.83,61.23,60.0099983,60.060001,1899200
2015-01-02,60.060001,60.49,58.95,59.53,901900
2015-01-05,59.15,59.44,58.46,58.66,2130600
2015-01-06,58.89,59.22,57.31,57.5,1941700
2015-01-07,57.78,58.52,57.099998,57.38,1218700
2015-01-08,57.87,59.13,57.74,58.8,1307200
2015-01-09,58.78,59.17,57.6,58.27,1348700
2015-01-12,58.34,58.55,57.14,57.29,1506500
2015-01-13,57.68,58.99,56.86,57.34,1588300
2015-01-14,56.59,57.12,55.9,56.41,1324300
2015-01-15,56.38,56.62,55.57,55.71,1129500
2015-01-16,55.59,56.95,55.51,56.85,1012900
2015-01-20,57.27,57.44,56.33,57.099998,1175200
2015-01-21,56.78,58.19,56.48,57.55,1666000
2015-01-22,57.89,58.63,56.97,58.27,1602100
2015-01-23,58.32,58.85,58.0099983,58.19,1212900
2015-01-26,58.28,58.51,57.43,58.23,855700
2015-01-27,57.56,57.76,55.54,56.15,1963300
2015-01-28,56.34,56.69,54.49,54.59,2177200
2015-01-29,54.58,55.47,54.080002,55.36,1114300
2015-01-30,54.78,55.32,53.89,54.0099983,1478000
2015-02-02,54.34,54.34,53.02,54.12,1980900
2015-02-03,54.5,55.0099983,53.92,54.92,1601400
2015-02-04,55.099998,56.99,55.09,56.44,2350600
2015-02-05,56.45,56.57,55.86,56.23,1672500
2015-02-06,56.49,57.75,56.29,57.07,1514200
2015-02-09,56.83,57.76,56.82,57.34,1435300
2015-02-10,57.63,58.74,57.63,58.5,1958700
2015-02-11,58.35,58.84,58.14,58.3,1344600
2015-02-12,58.69,59.099998,58.43,59.07,855500
2015-02-13,59.24,60.76,59.099998,60.67,2028500
2015-02-17,60.58,61.14,60.3,61.13,1464200
2015-02-18,60.8,61.5,60.5,61.11,2517100
2015-02-19,61.15,61.9,61.080002,61.46,2167200
2015-02-20,61.16,62.41,60.96,62.37,1798000
2015-02-23,62.42,62.42,61.38,61.95,1858200
2015-02-24,61.89,62.25,61.51,62.07,1479600
2015-02-25,62.15,62.57,61.82,62.0099983,1788100
2015-02-26,62.09,62.95,60.69,61.0099983,3911000
2015-02-27,63.049999,65.0,62.59,64.24,5326400
2015-03-02,64.050003,64.72,63.65,64.0,2927600
2015-03-03,63.47,63.96,62.67,62.7,3196100
2015-03-04,62.48,62.69,61.13,62.52,2588800
2015-03-05,62.5,63.15,61.99,62.95,2201400
2015-03-06,62.26,62.68,61.36,61.74,1716500
2015-03-09,61.65,62.24,61.51,61.76,1226600
2015-03-10,61.02,61.19,59.52,59.64,2789300
2015-03-11,59.88,60.67,59.7,59.88,2505600
2015-03-12,60.02,60.44,59.81,60.14,1841100
2015-03-13,59.88,60.57,59.41,60.48,1952400
2015-03-16,60.68,61.64,60.68,61.5,1421300
2015-03-17,61.2,61.62,61.17,61.43,1184500
2015-03-18,60.93,61.97,60.63,61.63,3138400
2015-03-19,61.6,61.83,60.94,61.0,1786300
2015-03-20,61.45,61.49,60.87,60.98,3533900
2015-03-23,60.95,61.38,60.75,60.83,1200500
2015-03-24,60.68,61.44,60.43,61.07,1314600
2015-03-25,60.95,61.040001,59.35,59.35,1932400
2015-03-26,58.7,59.38,58.46,58.72,1902900
2015-03-27,58.65,59.32,58.48,58.72,2385000
2015-03-30,58.86,59.37,58.72,59.3,4320700
2015-03-31,58.36,59.4,58.36,58.64,2882600
2015-04-01,57.68,59.060001,57.21,58.74,3443000
2015-04-02,58.79,60.07,58.49,59.82,2533800
2015-04-06,59.26,60.029999,58.87,59.71,2329500
2015-04-07,59.81,61.14,59.47,60.69,2002700
2015-04-08,60.89,61.96,60.78,61.83,2249500
2015-04-09,62.19,62.87,61.8,62.81,2030400
2015-04-10,62.49,63.09,62.040001,62.74,961300
2015-04-13,62.74,63.0,61.75,61.77,1221000
2015-04-14,61.95,62.33,61.42,62.0099983,2309300
2015-04-15,62.12,62.42,61.26,61.51,2258000
2015-04-16,61.18,61.76,60.86,61.66,1067100
2015-04-17,61.0099983,61.12,59.68,60.35,1911300
2015-04-20,60.82,61.33,60.62,61.040001,1322200
2015-04-21,61.38,61.82,61.19,61.61,1399600
2015-04-22,61.87,62.23,61.36,62.13,1096300
2015-04-23,61.87,63.21,61.84,62.75,1384400
2015-04-24,62.95,62.95,62.11,62.64,1082900
2015-04-27,62.0,62.17,60.35,60.6,3421600
2015-04-28,60.64,61.22,60.2,60.66,1789300
2015-04-29,60.37,60.97,59.049999,59.54,2293100
2015-04-30,58.9,58.92,56.38,56.83,5330000
2015-05-01,57.11,57.68,56.75,57.59,2042900
2015-05-04,57.65,58.17,57.42,57.76,1755100
2015-05-05,57.38,57.67,56.54,56.74,1183600
2015-05-06,57.11,57.37,55.77,56.19,1187000
2015-05-07,56.14,56.69,55.92,56.35,1145800
2015-05-08,57.0099983,57.76,56.73,57.27,1560000
2015-05-11,57.23,57.97,57.14,57.45,1270700
2015-05-12,57.23,57.42,56.53,56.8,2599300
2015-05-13,56.94,58.72,56.8,58.69,2561900
2015-05-14,59.029999,59.37,58.47,58.98,2662700
2015-05-15,59.23,59.42,58.67,58.8,1240100
2015-05-18,58.61,58.76,58.14,58.4,1871300
2015-05-19,58.56,58.65,57.37,57.52,5439700
2015-05-20,56.8,58.47,56.2,57.58,7858600
2015-05-21,57.39,57.73,56.9,57.51,3407300
2015-05-22,57.44,57.78,56.38,56.39,2515600
2015-05-26,56.23,56.23,54.51,55.09,3737500
2015-05-27,54.94,55.81,54.81,55.49,2235100
2015-05-28,55.31,55.69,54.5,54.55,2568200
2015-05-29,54.44,54.75,54.14,54.15,3208900
2015-06-01,54.39,54.7,53.75,54.39,2718000
2015-06-02,54.18,54.88,53.92,54.35,1927700
2015-06-03,54.68,55.33,54.4,54.94,2867900
2015-06-04,54.35,54.76,53.65,53.73,2744700
2015-06-05,53.82,54.64,53.44,54.61,2850800
2015-06-08,54.61,54.77,54.2,54.24,2680900
2015-06-09,54.21,54.3,53.87,53.92,2296300
2015-06-10,54.24,55.02,54.0099983,54.97,2381000
2015-06-11,54.2,54.56,53.99,54.48,1979900
2015-06-12,54.29,54.41,53.91,54.060001,1473600
2015-06-15,52.96,53.72,52.69,53.56,1920100
2015-06-16,53.23,53.77,53.17,53.44,1797700
2015-06-17,53.36,53.84,53.19,53.58,1244000
2015-06-18,53.73,54.31,53.51,54.17,1496300
2015-06-19,54.2,54.25,53.48,53.57,2216200
2015-06-22,53.9,54.77,53.86,54.55,2714900
2015-06-23,54.54,54.7,53.85,54.09,1795200
2015-06-24,53.99,54.65,53.73,53.91,1607400
2015-06-25,53.99,54.09,53.26,53.3,1693000
2015-06-26,53.39,53.44,51.81,52.2,3871100
2015-06-29,51.43,51.62,50.35,50.41,2425300
2015-06-30,51.09,51.09,49.84,50.080002,3551600
2015-07-01,50.59,50.73,50.099998,50.39,2854700
2015-07-02,50.43,50.94,50.3,50.83,2769600
2015-07-06,50.41,51.099998,50.2,50.95,2441600
2015-07-07,51.35,53.77,51.25,53.29,6125600
2015-07-08,52.72,53.07,52.23,52.48,3808100
2015-07-09,53.07,53.53,52.46,52.46,2745700
2015-07-10,52.99,53.0099983,51.66,52.51,6029000
2015-07-13,53.0,53.26,52.55,52.84,1962400
2015-07-14,52.79,53.56,52.65,53.3,1665800
2015-07-15,53.2,53.48,52.46,52.58,2128500
2015-07-16,53.099998,53.24,52.49,52.5,1795100
2015-07-17,52.4,52.4,51.84,52.19,1968900
2015-07-20,52.19,52.41,51.81,51.85,1461500
2015-07-21,52.24,52.77,51.93,52.12,1509000
2015-07-22,52.68,52.68,51.8,52.0,1207700
2015-07-23,52.0,52.95,51.88,52.35,1698400
2015-07-24,52.32,52.61,51.52,51.78,1335900
2015-07-27,51.44,51.5,50.95,51.049999,1392900
2015-07-28,50.83,51.060001,49.88,50.89,2407500
2015-07-29,50.85,51.11,49.89,50.09,2568300
2015-07-30,50.040001,50.68,49.5,50.6,1893400
2015-07-31,50.92,51.099998,50.38,50.58,1672000
2015-08-03,52.99,53.33,51.75,53.3,4625700
2015-08-04,53.72,54.26,53.27,54.15,3043000
2015-08-05,53.99,54.73,53.87,54.11,1866900
2015-08-06,54.2,54.3,52.8,52.94,1616300
2015-08-07,52.78,53.09,52.19,53.029999,1063800
2015-08-10,53.59,54.38,53.39,54.38,1394400
2015-08-11,54.040001,54.56,53.62,54.060001,1641000
2015-08-12,53.57,54.96,53.080002,54.82,2339200
2015-08-13,54.24,55.060001,54.029999,54.61,1873700
2015-08-14,54.55,55.0,54.35,54.86,1091200
2015-08-17,54.79,55.41,54.33,55.4,1047600
2015-08-18,55.28,55.41,54.44,54.59,1216000
2015-08-19,54.47,54.72,53.72,54.32,1366100
2015-08-20,53.71,54.099998,53.099998,53.099998,2646400
2015-08-21,52.55,53.07,51.75,51.76,3370900
2015-08-24,48.94,50.65,46.77,49.39,5094300
2015-08-25,50.89,50.89,48.11,48.17,4101900
2015-08-26,49.51,49.57,48.2,49.13,4923400
2015-08-27,49.62,50.58,49.09,50.0,7302100
2015-08-28,47.76,49.0,46.26,47.52,12496800
2015-08-31,47.33,47.33,46.43,46.75,5038300
2015-09-01,45.72,46.54,45.34,45.49,4605900
2015-09-02,46.11,46.31,44.46,45.99,6797400
2015-09-03,46.19,46.35,45.67,45.94,4776600
2015-09-04,45.2,45.94,45.12,45.37,2552700
2015-09-08,46.12,46.85,46.0099983,46.81,3951100
2015-09-09,47.21,47.45,46.029999,46.16,9429500
2015-09-10,45.97,46.72,45.82,46.23,6143500
2015-09-11,46.0099983,46.38,45.76,46.3,1933900
2015-09-14,45.39,46.35,45.38,46.15,2163900
2015-09-15,46.16,47.02,46.13,46.62,2525500
2015-09-16,46.57,46.99,46.5,46.9,2517400
2015-09-17,46.79,47.39,46.44,46.78,2839400
2015-09-18,46.17,47.3,46.060001,46.48,3875400
2015-09-21,46.58,47.6,46.5,47.41,3194800
2015-09-22,46.89,47.45,46.34,46.93,3505800
2015-09-23,46.85,47.57,46.67,46.92,2714200
2015-09-24,46.59,47.29,46.22,47.049999,2323700
2015-09-25,47.09,47.93,46.74,46.97,2169100
2015-09-28,47.049999,47.27,45.96,46.14,2297900
2015-09-29,46.13,46.37,45.0099983,45.24,3902000
2015-09-30,45.39,45.98,43.9,44.14,6358000
2015-10-01,43.68,44.35,42.78,43.14,7593800
2015-10-02,42.6,44.040001,42.060001,44.0,4404500
2015-10-05,44.3,44.57,43.99,44.29,2982100
2015-10-06,44.21,44.84,43.77,44.8,4743300
2015-10-07,44.83,45.96,44.8,45.9,3918600
2015-10-08,45.88,47.41,45.87,47.31,3119500
2015-10-09,47.41,51.67,47.39,51.57,9182500
2015-10-12,51.38,51.77,50.78,51.55,4496100
2015-10-13,51.42,52.53,51.02,52.080002,4986400
2015-10-14,52.099998,52.15,51.24,51.37,2647900
2015-10-15,51.53,52.39,51.53,52.16,1869000
2015-10-16,52.37,52.54,51.57,52.040001,3564700
2015-10-19,51.91,52.74,51.66,52.44,3104100
2015-10-20,51.99,52.34,51.69,52.0,2466600
2015-10-21,52.34,52.39,51.080002,51.13,1691900
2015-10-22,51.5,53.32,51.5,52.59,2456500
2015-10-23,52.8,52.85,51.86,52.39,2569100
2015-10-26,53.24,53.67,52.94,53.61,3245600
2015-10-27,53.44,54.13,53.18,54.099998,3133700
2015-10-28,54.24,55.82,53.95,55.5,3951400
2015-10-29,55.21,55.31,54.82,55.060001,2054900
2015-10-30,53.07,55.6,53.0,55.19,3082000
2015-11-02,55.51,57.029999,55.16,56.89,3198000
2015-11-03,56.9,58.56,56.63,57.93,2856400
2015-11-04,57.9,58.11,57.48,57.83,2243400
2015-11-05,61.0,63.72,60.14,63.49,12562200
2015-11-06,62.8,63.92,62.24,63.88,4827500
2015-11-09,62.54,63.63,62.39,63.51,3820200
2015-11-10,61.88,63.37,61.82,63.36,3786600
2015-11-11,63.51,63.64,62.099998,62.12,4474200
2015-11-12,62.0,62.42,61.38,61.75,3752600
2015-11-13,61.6,61.71,60.18,60.45,3338000
2015-11-16,60.78,61.72,60.07,60.93,4054700
2015-11-17,61.17,62.4,60.87,61.25,2976600
2015-11-18,61.28,61.61,60.099998,61.25,3014400
2015-11-19,61.47,62.65,61.040001,62.39,3594300
2015-11-20,60.55,60.88,58.55,60.55,7665500
2015-11-23,60.42,63.27,60.42,62.71,2903700
2015-11-24,62.24,63.36,62.040001,63.080002,1882600
2015-11-25,63.17,63.3,62.72,62.92,1220500
2015-11-27,63.040001,63.26,62.69,63.049999,674400
2015-11-30,63.02,63.89,62.78,63.47,2137100
2015-12-01,63.58,64.77,63.58,64.72,1926400
2015-12-02,64.53,64.99,64.17,64.55,3217400
2015-12-03,64.86,64.99,64.19,64.41,4276600
2015-12-04,64.66,65.78,64.26,65.29,1886000
2015-12-07,65.5,65.73,63.37,63.75,1987200
2015-12-08,63.25,64.27,62.64,63.96,1488400
2015-12-09,63.82,64.51,62.8,63.25,1364900
2015-12-10,63.23,63.92,63.029999,63.24,1211800
2015-12-11,62.78,63.099998,60.83,61.099998,1840900
2015-12-14,60.87,61.25,59.84,60.74,2307900
2015-12-15,61.21,62.27,60.82,61.09,1740300
2015-12-16,61.36,62.029999,60.95,61.93,1666200
2015-12-17,61.94,62.099998,60.74,60.74,1702500
2015-12-18,60.45,60.9,59.48,59.52,4337800
2015-12-21,59.66,60.63,59.53,60.16,1554700
2015-12-22,60.64,61.24,59.84,60.99,1107200
2015-12-23,61.23,62.19,60.84,62.040001,1044700
2015-12-24,62.029999,62.34,60.65,61.85,417300
2015-12-28,61.68,61.96,61.2,61.86,989100
2015-12-29,62.11,62.81,61.95,62.22,1004000
2015-12-30,62.26,63.16,61.93,62.25,929900
2015-12-31,62.13,62.85,60.91,60.93,1353900
2016-01-04,60.0099983,60.54,59.24,60.31,2070700
2016-01-05,60.39,60.8,60.0099983,60.39,1323600
2016-01-06,59.46,59.8,58.95,59.54,3306300
2016-01-07,58.36,58.69,55.97,55.98,3927900
2016-01-08,56.17,56.46,54.6,55.060001,2376800
2016-01-11,55.3,55.55,54.07,55.23,2020700
2016-01-12,55.51,56.5,54.55,54.79,2439200
2016-01-13,55.07,55.07,49.85,50.87,9264900
2016-01-14,51.040001,52.86,50.15,52.65,4160600
2016-01-15,50.99,51.36,48.95,49.4,5792200
2016-01-19,49.4,49.89,47.080002,47.59,3473100
2016-01-20,46.81,48.45,45.12,47.9,3554800
2016-01-21,47.98,48.55,46.94,47.87,2410500
2016-01-22,48.64,49.34,48.36,49.029999,1820100
2016-01-25,48.81,49.19,47.86,47.97,1684900
2016-01-26,48.29,48.67,47.39,48.42,2046400
2016-01-27,48.34,48.9,46.24,46.49,3296800
2016-01-28,46.95,47.4,45.040001,45.27,3138800
2016-01-29,45.72,46.83,45.34,46.82,2273700
2016-02-01,46.65,47.98,46.040001,47.65,2164700
2016-02-02,47.0,47.47,45.63,45.89,1812900
2016-02-03,49.9,50.9,47.47,49.56,6833700
2016-02-04,49.46,50.74,48.62,49.51,2402800
2016-02-05,48.98,49.24,45.82,46.17,3490900
2016-02-08,45.58,45.76,42.24,43.45,3009000
2016-02-09,42.45,44.55,41.6,42.64,3241900
2016-02-10,43.27,44.44,42.89,43.72,2702600
2016-02-11,42.8,43.69,41.85,43.26,2507900
2016-02-12,43.73,45.040001,43.0099983,44.92,1883900
2016-02-16,44.98,45.92,44.22,44.89,2603500
2016-02-17,45.34,47.07,45.34,46.67,1917600
2016-02-18,46.79,48.2,46.77,47.75,2846500
2016-02-19,47.58,50.34,47.4,49.91,3659400
2016-02-22,49.9,50.77,49.47,50.35,2235200
2016-02-23,49.92,50.63,49.28,49.69,1966900
2016-02-24,49.25,49.65,48.22,49.18,6582900
2016-02-25,49.49,50.28,48.75,49.42,8672500
2016-02-26,50.93,51.88,49.25,51.19,11190100
2016-02-29,50.98,52.58,50.95,51.74,3011200
2016-03-01,52.4,54.37,52.12,54.31,2822900
2016-03-02,54.02,54.43,53.65,54.41,1423700
2016-03-03,54.09,54.82,53.5,54.79,1445700
2016-03-04,55.25,57.12,55.02,56.25,2792800
2016-03-07,55.87,58.34,55.42,58.17,2631800
2016-03-08,57.67,57.95,56.029999,56.86,2416800
2016-03-09,57.13,57.42,55.85,56.69,2179600
2016-03-10,57.0,57.0,54.57,55.95,2404900
2016-03-11,56.9,57.2,56.3,56.61,3418400
2016-03-14,56.21,56.95,55.98,56.7,2004500
2016-03-15,56.45,56.46,55.54,56.32,1511100
2016-03-16,56.22,57.5,55.94,56.97,2281200
2016-03-17,56.92,57.34,56.39,57.060001,1591400
2016-03-18,57.69,58.61,57.3,57.81,2485800
2016-03-21,57.69,58.23,57.07,58.17,1384700
2016-03-22,57.8,58.6,57.029999,57.98,1297500
2016-03-23,57.9,58.37,57.16,57.29,1502500
2016-03-24,56.96,57.53,56.18,57.37,1152600
2016-03-28,57.31,57.6,56.35,57.11,1121300
2016-03-29,56.74,58.41,56.26,58.23,986500
2016-03-30,58.52,59.34,57.79,57.9,1350700
2016-03-31,57.83,58.62,57.47,58.31,1365100
2016-04-01,56.57,57.84,55.34,57.77,3741000
2016-04-04,57.8,58.57,57.0099983,58.19,1314000
2016-04-05,57.62,57.96,56.99,57.11,1138100
2016-04-06,57.060001,57.8,56.47,57.78,1628200
2016-04-07,57.36,57.51,56.32,56.39,1451300
2016-04-08,56.85,57.33,56.46,56.76,1161400
2016-04-11,57.07,57.89,56.77,56.87,1300100
2016-04-12,56.98,57.13,55.07,55.92,2598500
2016-04-13,56.26,57.84,55.97,57.71,1562300
2016-04-14,57.76,58.4,57.41,58.080002,990500
2016-04-15,58.0,58.52,57.44,58.42,1792900
2016-04-18,58.22,59.19,58.12,59.14,1599200
2016-04-19,59.18,59.44,58.68,59.13,1159700
2016-04-20,59.17,59.84,58.86,59.39,1270000
2016-04-21,59.44,60.49,59.42,60.07,1754900
2016-04-22,60.13,60.29,59.18,59.54,1012300
2016-04-25,59.36,60.0,59.31,59.99,1337700
2016-04-26,60.0,61.02,59.92,61.0099983,1645600
2016-04-27,61.0,62.42,60.84,61.4,2429800
2016-04-28,60.81,62.34,60.72,61.39,2500800
2016-04-29,60.93,61.24,59.14,59.82,1742800
2016-05-02,60.0,61.42,59.47,61.37,1318500
2016-05-03,60.87,61.2,59.7,60.34,1802400
2016-05-04,59.93,60.02,58.36,58.73,2281700
2016-05-05,59.07,59.39,58.34,58.46,1475800
2016-05-06,58.44,59.82,58.029999,58.66,2085400
2016-05-09,58.67,59.34,58.49,58.79,1606700
2016-05-10,58.91,59.66,58.89,59.57,2507100
2016-05-11,59.42,59.73,59.02,59.029999,1878700
2016-05-12,59.26,59.58,57.23,58.060001,1960500
2016-05-13,57.86,58.78,57.62,57.87,1565400
2016-05-16,57.94,59.36,57.78,59.080002,2768200
2016-05-17,58.93,59.29,57.87,57.98,1881500
2016-05-18,57.84,58.35,57.31,57.76,2453700
2016-05-19,57.69,58.24,56.83,57.52,2272100
2016-05-20,57.3,57.98,55.35,56.19,4816200
2016-05-23,56.18,57.25,55.89,56.96,3314000
2016-05-24,57.25,58.55,57.17,58.46,1980800
2016-05-25,58.75,59.94,58.75,58.91,2025500
2016-05-26,58.87,59.12,57.9,58.11,1461600
2016-05-27,58.2,59.37,58.2,59.34,1909700
2016-05-31,59.6,59.67,57.74,58.27,3000800
2016-06-01,57.97,58.74,57.95,58.3,1506300
2016-06-02,58.23,58.77,57.75,58.76,1032100
2016-06-03,58.56,58.61,57.36,58.29,1172800
2016-06-06,58.42,58.83,58.14,58.67,1606700
2016-06-07,58.63,59.0,58.25,58.68,1354400
2016-06-08,58.64,58.83,58.21,58.53,796400
2016-06-09,58.23,58.45,57.66,57.79,893500
2016-06-10,57.12,57.44,56.099998,56.18,1471000
2016-06-13,55.92,56.86,55.8,55.89,1332700
2016-06-14,55.76,55.94,55.29,55.71,1443400
2016-06-15,55.98,56.94,55.71,56.61,1452100
2016-06-16,56.16,56.87,55.71,56.77,1437500
2016-06-17,56.74,56.99,56.07,56.68,2217000
2016-06-20,57.47,58.2,57.28,57.56,1080200
2016-06-21,57.76,58.2,57.39,58.07,1078400
2016-06-22,57.72,58.29,57.33,57.38,1071500
2016-06-23,58.0099983,59.07,57.75,59.060001,1410200
2016-06-24,56.0099983,56.67,53.85,54.040001,4567300
2016-06-27,53.34,53.54,49.82,50.54,4719600
2016-06-28,51.12,51.96,50.42,51.48,2461300
2016-06-29,51.82,53.68,51.55,53.22,2449700
2016-06-30,53.3,54.14,52.99,54.14,1875400
2016-07-01,54.12,55.22,53.6,54.34,1497000
2016-07-05,53.92,53.98,52.32,52.8,1223900
2016-07-06,52.52,53.09,51.89,52.96,1115200
2016-07-07,53.13,53.6,52.94,53.53,1143800
2016-07-08,53.9,55.28,53.73,55.14,1285500
2016-07-11,55.62,55.96,55.44,55.49,919300
2016-07-12,55.91,57.53,55.77,57.38,1757600
2016-07-13,57.57,58.0,56.84,56.87,1621800
2016-07-14,57.57,58.29,56.9,58.16,1840700
2016-07-15,58.4,58.44,57.44,57.98,1324600
2016-07-18,57.91,58.42,57.4,58.0099983,1204300
2016-07-19,57.87,58.15,57.34,57.52,861700
2016-07-20,57.85,58.63,57.38,58.27,1986800
2016-07-21,58.12,58.89,57.54,57.58,1176400
2016-07-22,57.83,58.91,57.46,58.78,710600
2016-07-25,58.75,58.99,58.11,58.22,870300
2016-07-26,58.18,58.93,58.060001,58.75,936500
2016-07-27,58.75,59.78,58.5,59.62,1543600
2016-07-28,59.49,60.25,59.12,59.45,942900
2016-07-29,59.5,59.67,58.64,59.45,1194300
2016-08-01,59.33,59.93,59.0099983,59.74,1304600
2016-08-02,59.53,59.58,57.34,57.87,1389500
2016-08-03,57.78,58.4,56.8,57.95,2727300
2016-08-04,58.09,58.87,57.96,58.25,1631300
2016-08-05,58.44,59.48,58.25,59.33,1729300
2016-08-08,59.46,59.88,59.26,59.37,1297600
2016-08-09,59.52,60.5,59.41,60.34,1518300
2016-08-10,60.31,60.39,59.81,60.3,893700
2016-08-11,60.49,61.75,58.78,61.71,1629100
2016-08-12,61.36,61.96,60.95,61.83,1337400
2016-08-15,61.9,63.21,61.4,62.98,1576600
2016-08-16,62.91,63.26,62.61,62.65,1610000
2016-08-17,62.59,62.85,61.99,62.79,1124200
2016-08-18,62.89,63.76,62.72,63.5,1951100
2016-08-19,63.34,63.84,62.6,63.74,1380200
2016-08-22,63.33,63.59,62.68,63.29,1192700
2016-08-23,63.62,64.0,63.32,63.46,1555000
2016-08-24,63.31,63.79,62.96,63.17,1498600
2016-08-25,63.21,63.92,63.0,63.7,3075500
2016-08-26,66.0,69.21,65.059998,68.87,6591400
2016-08-29,68.5,68.89,67.86,68.32,3127600
2016-08-30,67.8,68.75,67.52,68.029999,2403300
2016-08-31,67.85,68.050003,67.010002,67.4,2264300
2016-09-01,67.42,67.67,66.78,67.37,1299800
2016-09-02,67.93,68.48,67.6,68.010002,1114200
2016-09-06,68.2,68.2,67.050003,67.69,1775500
2016-09-07,67.58,68.76,67.57,68.6,1956500
2016-09-08,68.41,69.15,68.16,68.81,1639800
2016-09-09,68.17,68.65,66.84,66.84,2205500
2016-09-12,65.92,67.47,65.39,67.35,2676100
2016-09-13,66.31,66.9,65.36,65.78,2290100
2016-09-14,65.76,66.24,65.059998,65.51,1836500
2016-09-15,65.7,67.4,65.5,67.39,2289600
2016-09-16,66.9,67.99,66.36,67.6,7049200
2016-09-19,67.95,69.2,67.65,68.13,2029700
2016-09-20,68.67,69.57,68.32,68.79,1693400
2016-09-21,68.91,71.78,68.91,71.69,3217200
2016-09-22,72.26,72.62,71.76,72.35,1858400
2016-09-23,72.19,72.42,71.53,71.67,1568700
2016-09-26,71.27,71.64,70.58,71.080002,1490500
2016-09-27,70.97,71.93,70.83,71.9,1465700
2016-09-28,72.2,72.69,71.55,72.65,1796500
2016-09-29,72.59,72.8,71.41,71.59,1425400
2016-09-30,72.029999,72.59,71.41,72.33,1513400
2016-10-03,71.15,72.26,70.85,71.18,2202800
2016-10-04,71.32,72.53,71.0,71.42,1557600
2016-10-05,71.57,73.24,71.57,73.21,1708000
2016-10-06,73.18,73.4,71.76,72.83,1415100
2016-10-07,72.8,72.8,71.47,72.010002,1598000
2016-10-10,72.0,73.07,72.0,72.21,1260200
2016-10-11,72.31,72.77,69.86,70.17,1704100
2016-10-12,70.43,70.6,69.76,70.33,1419900
2016-10-13,69.66,69.7,68.4,69.29,1690600
2016-10-14,71.23,71.23,69.29,69.46,1169300
2016-10-17,69.33,69.86,68.77,68.85,1080400
2016-10-18,69.92,70.32,69.55,70.13,1047200
2016-10-19,70.13,70.94,69.86,70.78,957200
2016-10-20,70.75,71.4,70.07,71.13,1127400
2016-10-21,70.85,71.34,70.0,71.18,1117100
2016-10-24,71.73,72.75,71.2,72.22,1342100
2016-10-25,72.07,72.41,70.92,71.36,1754400
2016-10-26,71.23,72.0,70.6,70.66,1118900
2016-10-27,71.22,72.12,70.46,70.58,1215800
2016-10-28,70.71,72.44,70.59,71.86,1502100
2016-10-31,72.29,72.66,71.48,72.28,1397400
2016-11-01,72.4,72.4,69.38,70.099998,1957400
2016-11-02,70.18,70.4,67.87,68.68,2032700
2016-11-03,68.91,69.21,67.52,67.61,1423000
2016-11-04,67.15,70.24,67.15,69.44,2714100
2016-11-07,70.81,72.12,70.32,72.0,2361600
2016-11-08,71.77,72.99,71.36,72.69,1519600
2016-11-09,69.54,73.93,69.51,72.63,3060700
2016-11-10,73.5,75.18,71.68,73.49,2917600
2016-11-11,73.2,74.040001,72.88,73.81,2710500
2016-11-14,74.37,75.18,73.44,73.55,2451600
2016-11-15,73.86,75.75,73.75,75.15,2192800
2016-11-16,74.92,78.42,74.79,77.57,4173300
2016-11-17,77.54,78.58,77.080002,78.46,1774700
2016-11-18,78.21,78.4,76.48,76.9,2243400
2016-11-21,77.4,77.65,75.44,75.52,2182700
2016-11-22,75.49,75.78,74.68,75.21,1990200
2016-11-23,75.040001,75.45,74.010002,75.15,1352200
2016-11-25,75.51,76.18,75.050003,75.83,786300
2016-11-28,75.52,76.31,74.93,75.18,1614400
2016-11-29,75.31,75.98,75.029999,75.26,2834500
2016-11-30,72.71,74.72,70.55,72.61,8438400
2016-12-01,72.77,73.24,69.0,69.22,4349900
2016-12-02,69.019997,70.87,68.059998,70.57,3173600
2016-12-05,70.44,72.41,70.15,71.18,2230200
2016-12-06,71.27,77.87,70.73,76.32,7002100
2016-12-07,76.26,80.92,75.42,80.34,7717400
2016-12-08,80.58,82.77,80.0,81.74,4003300
2016-12-09,82.29,83.080002,80.66,81.11,2371300
2016-12-12,81.07,81.76,77.58,78.37,2862500
2016-12-13,78.99,80.34,78.8,79.67,2734400
2016-12-14,79.69,79.92,76.15,76.83,3289300
2016-12-15,76.86,79.43,75.97,78.92,3745300
2016-12-16,79.029999,79.23,76.34,76.48,5327000
2016-12-19,76.76,77.080002,75.42,75.7,2005500
2016-12-20,76.16,76.54,74.88,76.010002,1630900
2016-12-21,76.050003,76.28,75.27,75.63,1568000
2016-12-22,75.33,75.63,74.34,74.58,2102400
2016-12-23,74.6,76.050003,74.45,76.0,1501700
2016-12-27,76.059998,76.5,75.4,75.98,1156600
2016-12-28,75.93,76.019997,74.51,75.019997,878500
2016-12-29,74.87,75.44,74.5,74.98,1019500
2016-12-30,75.4,75.42,73.6,74.010002,1529600
2017-01-03,74.61,77.099998,74.5,76.18,1896300
2017-01-04,76.19,77.96,76.089996,77.52,1889500
2017-01-05,77.080002,77.63,76.33,76.93,1368200
2017-01-06,77.28,79.81,76.89,79.3,1587700
2017-01-09,78.95,79.74,78.26,79.59,1489000
2017-01-10,79.29,80.37,78.56,79.98,1795600
2017-01-11,79.97,81.029999,79.17,80.87,1764000
2017-01-12,80.72,80.86,79.24,80.65,1646400
2017-01-13,80.72,81.41,80.44,81.32,1667300
2017-01-17,80.97,81.23,78.29,78.62,2403000
2017-01-18,79.099998,80.059998,78.69,79.71,1676900
2017-01-19,80.26,80.78,79.65,79.98,1498000
2017-01-20,80.7,81.89,80.24,81.67,6042500
2017-01-23,81.39,81.91,80.91,81.54,1204400
2017-01-24,81.6,82.63,81.53,82.0,1814700
2017-01-25,82.87,83.96,82.43,82.65,1589700
2017-01-26,82.77,82.94,81.48,81.64,1515800
2017-01-27,81.98,81.98,80.89,81.76,1487100
2017-01-30,81.57,81.67,79.15,81.16,1975800
2017-01-31,80.88,81.35,79.8,81.34,1249500
2017-02-01,81.089996,81.96,80.38,81.28,1440900
2017-02-02,80.82,82.87,80.040001,82.76,1116900
2017-02-03,83.57,84.97,83.14,84.41,1822400
2017-02-06,84.45,84.55,82.33,82.82,1925000
2017-02-07,82.29,85.11,81.8,84.5,2975400
2017-02-08,84.44,84.89,82.58,82.93,2182300
2017-02-09,84.33,84.91,83.17,83.88,1808400
2017-02-10,83.97,84.46,82.38,83.23,1695100
2017-02-13,83.65,84.72,82.94,84.28,4004600
2017-02-14,84.25,84.59,82.81,84.54,4043500
2017-02-15,84.28,84.94,83.54,84.36,2200800
2017-02-16,84.69,85.46,83.83,85.14,1829900
2017-02-17,84.72,86.49,83.75,86.4,1816300
2017-02-21,87.0,87.52,86.76,87.15,1910200
2017-02-22,86.8,87.14,86.17,86.38,1349900
2017-02-23,86.69,87.37,85.92,87.099998,1368000
2017-02-24,86.56,87.69,85.69,87.55,1370200
2017-02-27,87.47,87.95,86.58,87.74,1535200
2017-02-28,87.82,87.9,85.99,86.3,1973200
2017-03-01,87.38,89.18,86.46,88.93,2501900
2017-03-02,88.73,88.73,87.050003,87.32,4309400
2017-03-03,87.0,88.35,84.98,85.32,4617000
2017-03-06,84.3,84.46,82.58,82.94,2571400
2017-03-07,82.39,83.44,81.75,82.07,2293000
2017-03-08,82.53,83.85,81.82,83.46,2235200
2017-03-09,83.22,84.29,82.58,84.24,1935600
2017-03-10,84.8,86.18,84.66,86.12,2404300
2017-03-13,85.42,87.32,85.31,86.69,2412600
2017-03-14,86.6,86.6,85.47,85.91,1396000
2017-03-15,86.6,88.69,85.92,88.4,2365800
2017-03-16,88.6,89.15,85.97,86.73,8109100
2017-03-17,87.13,87.72,86.050003,86.22,2446100
2017-03-20,86.29,86.48,85.59,86.32,1194100
2017-03-21,86.5,86.64,83.53,83.64,2565900
2017-03-22,83.9,84.72,83.07,84.6,1567000
2017-03-23,84.61,86.07,84.24,85.69,2238300
2017-03-24,86.0,87.39,85.59,86.48,2059500
2017-03-27,85.41,86.059998,83.81,85.44,1774200
2017-03-28,85.43,86.099998,85.16,85.47,1086800
2017-03-29,85.31,86.47,84.98,86.4,1841000
2017-03-30,86.38,87.25,85.78,86.32,945600
2017-03-31,86.019997,86.9,85.37,86.47,1251600
2017-04-03,85.24,87.12,84.66,85.39,2478600
2017-04-04,85.16,85.97,84.58,84.95,1497100
2017-04-05,85.27,85.79,83.24,83.54,1885300
2017-04-06,83.49,84.76,82.7,84.07,1793100
2017-04-07,84.07,84.95,83.55,84.79,1920400
2017-04-10,84.91,85.88,84.62,85.66,1292800
2017-04-11,85.35,86.080002,84.48,85.99,1362200
2017-04-12,85.87,86.65,84.99,85.62,2405500
2017-04-13,85.2,86.18,84.099998,84.91,1970900
2017-04-17,85.37,86.25,85.29,85.99,1191300
2017-04-18,85.39,86.53,85.080002,86.41,1321900
2017-04-19,86.79,88.59,86.6,87.93,2375600
2017-04-20,88.3,88.82,87.16,88.41,1594500
2017-04-21,88.63,88.88,88.099998,88.58,2111400
2017-04-24,89.7,90.94,89.64,90.14,2439200
2017-04-25,90.8,90.8,89.81,90.32,1761500
2017-04-26,90.31,90.54,89.44,90.23,1616000
2017-04-27,90.66,90.77,90.040001,90.63,1168200
2017-04-28,90.77,90.77,89.2,90.07,1628900
2017-05-01,91.75,92.71,91.17,91.98,1844500
2017-05-02,92.22,93.48,91.29,93.45,1706200
2017-05-03,93.42,93.94,92.85,93.35,2250600
2017-05-04,93.41,93.99,92.93,93.25,1497900
2017-05-05,92.32,93.47,92.18,93.24,2147600
2017-05-08,93.37,93.66,93.080002,93.39,1313400
2017-05-09,94.41,95.3,93.99,94.74,2615100
2017-05-10,94.75,96.3,94.54,95.87,2031400
2017-05-11,95.5,95.9,93.87,95.41,1974100
2017-05-12,95.27,95.68,94.76,95.39,1511400
2017-05-15,95.73,97.2,95.69,96.63,2762300
2017-05-16,97.24,98.050003,96.55,98.029999,1799700
2017-05-17,96.87,97.92,93.87,93.97,3055700
2017-05-18,94.040001,96.25,93.07,95.83,2877500
2017-05-19,108.0,112.18,106.87,109.91,10091600
2017-05-22,109.8,114.019997,109.76,113.36,4152200
2017-05-23,113.25,114.25,112.43,112.97,2638300
2017-05-24,113.86,114.059998,111.85,112.48,3316300
2017-05-25,112.97,114.68,112.97,113.89,2539700
2017-05-26,114.24,114.42,112.87,113.029999,2109800
2017-05-30,112.8,113.66,112.26,113.16,2560300
2017-05-31,113.4,113.92,111.5,111.77,3222600
2017-06-01,111.72,113.12,110.94,113.029999,2322600
2017-06-02,113.78,113.88,111.76,112.91,2215100
2017-06-05,112.74,113.14,110.23,110.88,4008000
2017-06-06,110.4,112.27,110.19,111.45,2444800
2017-06-07,111.38,112.080002,110.6,111.17,2030100
2017-06-08,111.51,111.95,110.2,111.12,2030200
2017-06-09,111.16,111.7,103.62,105.95,3025600
2017-06-12,104.21,108.62,100.7,107.44,5134000
2017-06-13,107.6,108.24,105.17,107.55,2269800
2017-06-14,108.52,108.65,105.019997,106.2,1974800
2017-06-15,104.77,106.040001,103.48,105.58,1824800
2017-06-16,105.5,105.92,103.63,104.88,2565400
2017-06-19,105.6,106.7,105.16,106.16,2481500
2017-06-20,106.010002,107.11,104.3,104.93,1956000
2017-06-21,105.88,106.56,104.82,105.69,2645600
2017-06-22,105.72,107.26,104.55,106.78,2327900
2017-06-23,106.4,108.76,105.3,107.75,3666200
2017-06-26,107.76,109.07,105.31,106.12,1873400
2017-06-27,105.58,106.45,102.5,102.92,2269700
2017-06-28,103.69,104.86,101.54,104.28,1642400
2017-06-29,103.57,103.81,100.0,101.39,2347000
2017-06-30,102.32,102.37,100.75,100.82,1671300
2017-07-03,101.32,101.82,99.32,99.36,1454200
2017-07-05,99.37,103.040001,99.22,102.6,2785200
2017-07-06,101.59,103.11,100.79,102.050003,2605700
2017-07-07,102.29,104.28,102.29,103.32,1695300
2017-07-10,103.33,104.19,102.38,103.74,1191800
2017-07-11,103.47,104.73,102.98,104.3,1461700
2017-07-12,105.61,107.080002,104.76,106.68,2621600
2017-07-13,107.49,108.5,106.38,107.07,1428000
2017-07-14,107.46,108.91,107.010002,108.74,1480600
2017-07-17,108.9,109.0,106.56,106.94,1180700
2017-07-18,106.67,107.85,106.23,107.7,865700
2017-07-19,108.5,110.5,108.47,110.25,2044400
2017-07-20,109.72,110.5,108.88,109.91,1270900
2017-07-21,109.41,110.54,109.080002,109.75,1116400
2017-07-24,109.59,110.89,109.34,110.81,1953400
2017-07-25,110.91,112.4,110.2,112.26,1342500
2017-07-26,112.5,114.099998,112.41,114.080002,1891200
2017-07-27,114.97,115.25,109.32,111.52,2362400
2017-07-28,110.6,112.28,110.33,111.5,946200
2017-07-31,111.65,112.32,109.78,110.79,1393800
2017-08-01,111.27,112.59,111.099998,111.38,1315600
2017-08-02,111.080002,111.38,107.28,109.13,1757100
2017-08-03,107.95,108.5,105.6,107.88,2255600
2017-08-04,108.35,109.040001,107.56,108.39,1490900
2017-08-07,108.67,111.0,108.4,109.82,1493100
2017-08-08,109.38,110.27,108.0,108.35,1224200
2017-08-09,107.69,107.96,106.54,107.45,1151400
2017-08-10,106.56,107.54,104.77,104.98,1878300
2017-08-11,105.75,108.76,105.099998,108.010002,1461200
2017-08-14,109.2,110.0,108.010002,108.9,1637900
2017-08-15,109.019997,110.099998,108.12,109.8,1263300
2017-08-16,110.36,110.93,109.36,110.49,1320500
2017-08-17,110.07,110.82,107.73,107.89,1738700
2017-08-18,107.86,110.099998,107.19,108.56,1164300
2017-08-21,108.37,110.3,108.37,109.75,1279200
2017-08-22,110.31,112.24,109.77,111.010002,1708500
2017-08-23,110.91,111.34,110.050003,110.65,1636200
2017-08-24,110.58,111.25,109.040001,110.61,3128400
2017-08-25,115.0,119.73,113.54,114.97,7121000
2017-08-28,115.059998,115.14,110.010002,111.48,3618400
2017-08-29,109.65,111.9,109.25,111.27,1858600
2017-08-30,111.27,113.67,110.61,113.29,1458900
2017-08-31,113.63,114.7,112.82,114.46,1467200
2017-09-01,114.63,115.62,113.65,113.71,1566400
2017-09-05,113.46,114.81,112.52,113.77,3092900
2017-09-06,114.4,114.78,112.65,113.79,2339900
2017-09-07,114.14,114.47,113.19,114.050003,1731400
2017-09-08,114.17,115.72,114.099998,114.44,2656400
2017-09-11,112.98,117.13,112.22,116.48,2294700
2017-09-12,116.35,116.99,114.98,116.16,1607000
2017-09-13,116.040001,116.5,115.25,116.18,1449900
2017-09-14,115.62,116.14,114.5,115.47,1649700
2017-09-15,115.62,115.62,113.88,114.13,6232600
2017-09-18,113.74,114.66,112.87,113.84,2030000
2017-09-19,113.77,114.059998,112.97,113.080002,1954800
2017-09-20,113.07,113.34,111.35,112.73,1782700
2017-09-21,112.82,113.0,111.37,112.29,1154500
2017-09-22,111.68,112.82,111.64,111.78,1085000
2017-09-25,111.67,111.83,108.65,109.82,2026000
2017-09-26,110.59,111.38,108.83,110.61,1590500
2017-09-27,110.21,113.47,110.21,111.96,1731400
2017-09-28,111.4,111.96,110.52,111.45,1358300
2017-09-29,111.25,112.76,111.0,112.26,2033100
2017-10-02,110.69,113.76,110.68,112.47,1961300
2017-10-03,112.39,113.73,111.67,113.63,1044800
2017-10-04,113.79,114.07,112.35,114.050003,1122300
2017-10-05,114.5,116.83,113.9,116.54,1673800
2017-10-06,116.18,117.61,115.81,116.96,1806200
2017-10-09,116.8,117.52,116.64,117.14,847100
2017-10-10,117.22,117.53,116.32,117.050003,931500
2017-10-11,117.019997,118.66,116.93,118.57,1078400
2017-10-12,118.55,119.84,118.51,118.99,1236600
2017-10-13,119.77,119.77,118.45,119.63,1262900
2017-10-16,119.69,119.97,118.67,119.2,1179600
2017-10-17,119.35,119.76,118.059998,118.72,1184700
2017-10-18,118.5,118.86,117.78,118.54,1010600
2017-10-19,119.0,119.32,117.57,119.29,1099300
2017-10-20,119.98,121.88,119.7,120.81,1647600
2017-10-23,120.99,121.72,118.73,118.99,1487500
2017-10-24,118.96,119.61,117.9,119.29,1337800
2017-10-25,119.0,120.25,118.050003,119.94,1080000
2017-10-26,120.21,121.95,119.46,121.35,902700
2017-10-27,121.61,123.97,121.4,123.58,1523700
2017-10-30,123.040001,124.28,121.9,123.91,1610500
2017-10-31,124.28,125.010002,123.42,124.96,1839900
2017-11-01,125.63,126.44,123.4,124.78,1622800
2017-11-02,125.5,125.65,123.51,124.72,1736000
2017-11-03,124.5,125.5,124.11,124.85,1309700
2017-11-06,125.0,125.089996,123.19,123.82,1003200
2017-11-07,124.26,124.54,122.61,123.4,828400
2017-11-08,123.49,124.21,123.17,123.84,892500
2017-11-09,122.9,123.089996,120.010002,122.4,1465500
2017-11-10,121.95,123.32,121.31,123.11,929400
2017-11-13,124.34,125.019997,122.69,124.64,1216700
2017-11-14,124.4,124.82,123.16,123.87,1225300
2017-11-15,123.87,125.010002,122.44,124.019997,1442100
2017-11-16,124.79,127.0,124.64,127.0,1545200
2017-11-17,127.49,127.92,125.87,127.49,1460900
2017-11-20,127.51,128.28,126.11,126.28,1786200
2017-11-21,127.13,128.17,126.97,127.71,1642900
2017-11-22,128.0099945,128.69,126.84,127.77,1469500
2017-11-24,127.74,129.53999,127.65,129.5,1013600
2017-11-27,130.19,130.92,129.25999,130.24001,2337200
2017-11-28,130.75999,131.10001,127.49,129.95,4976600
2017-11-29,114.029999,114.46,106.2,109.34,19487000
2017-11-30,109.64,111.58,106.54,109.7,8481000
2017-12-01,108.81,110.12,106.29,107.059998,4922900
2017-12-04,108.0,108.69,105.16,107.95,3986000
2017-12-05,107.91,109.49,106.55,106.59,3002500
2017-12-06,105.73,107.83,105.73,106.92,1686600
2017-12-07,106.2,110.18,106.0,109.61,3074200
2017-12-08,109.6,110.17,106.69,107.16,3124700
2017-12-11,106.87,107.95,106.15,106.83,2412300
2017-12-12,106.32,107.98,105.58,106.33,2026100
2017-12-13,107.029999,107.89,105.51,106.019997,1982900
2017-12-14,105.95,107.12,105.95,106.25,1503900
2017-12-15,106.55,108.93,106.47,108.4,2704200
2017-12-18,108.66,109.43,107.28,107.48,2362600
2017-12-19,107.24,107.84,105.37,105.39,1862000
2017-12-20,106.019997,106.019997,104.19,105.029999,2513900
2017-12-21,105.58,105.67,103.65,104.43,3920700
2017-12-22,104.85,104.85,103.78,103.89,1533800
2017-12-26,103.45,104.15,103.19,103.8,1322200
2017-12-27,103.97,105.2,103.48,104.58,1111800
2017-12-28,104.66,105.22,104.2,105.07,870900
2017-12-29,105.040001,105.65,104.53,104.83,1068400
2018-01-02,105.34,107.16,104.39,107.12,2040600
2018-01-03,107.0,109.78,106.99,109.38,1953800
2018-01-04,110.13,112.21,109.23,112.07,2158700
2018-01-05,113.07,113.35,110.41,110.84,2384200
2018-01-08,110.42,111.74,109.040001,111.42,1782100
2018-01-09,111.57,112.31,110.65,112.11,1848900
2018-01-10,111.71,112.61,110.55,111.47,1645000
2018-01-11,111.67,113.96,111.47,113.26,2716000
2018-01-12,113.57,116.089996,113.07,115.91,2553000
2018-01-16,116.24,117.080002,111.72,111.98,2699000
2018-01-17,112.88,113.099998,111.059998,113.0,2932200
2018-01-18,112.28,114.15,112.050003,112.55,1625200
2018-01-19,112.96,115.91,112.37,115.29,2804200
2018-01-22,115.25,118.45,114.029999,117.43,2905900
2018-01-23,117.14,119.07,116.5,118.73,1985400
2018-01-24,118.91,119.24,116.64,116.9,2221700
2018-01-25,117.95,118.42,116.57,116.87,1690400
2018-01-26,117.55,118.85,117.12,117.78,1836300
2018-01-29,117.7,118.47,116.19,116.38,1058800
2018-01-30,115.46,116.35,113.77,115.019997,1556400
2018-01-31,115.65,116.64,114.9,115.62,1119800
2018-02-01,114.72,117.7,114.080002,115.57,1596400
2018-02-02,114.12,115.14,111.6,111.64,1808300
2018-02-05,110.6,116.15,109.18,109.18,2890800
2018-02-06,106.49,112.65,104.61,112.62,3144800
2018-02-07,111.77,113.56,110.51,110.54,1599700
2018-02-08,109.17,110.8,104.81,104.81,3056500
2018-02-09,105.81,107.92,101.55,105.94,3923900
2018-02-12,107.010002,109.21,104.74,108.38,1994100
2018-02-13,106.5,110.2,106.23,109.79,1339000
2018-02-14,108.36,110.34,107.41,109.92,1923900
2018-02-15,111.16,114.71,110.010002,113.52,2555000
2018-02-16,113.58,114.53,112.099998,112.95,1584200
2018-02-20,112.51,115.059998,112.0,114.27,1354300
2018-02-21,114.18,115.72,112.32,112.37,2045100
2018-02-22,112.74,114.76,111.9,112.39,1817200
2018-02-23,113.67,115.040001,112.38,115.029999,1818700
2018-02-26,115.63,117.5,114.73,116.92,2335200
2018-02-27,117.0,117.57,115.14,116.12,1658000
2018-02-28,117.019997,119.74,116.65,117.47,2825400
2018-03-01,117.95,118.98,114.010002,114.74,2959600
2018-03-02,113.3,116.43,111.050003,116.28,2681700
2018-03-05,115.18,119.3,115.050003,118.87,2502600
2018-03-06,119.25,120.64,118.25,119.87,4723900
2018-03-07,133.0099945,137.89999,130.059998,137.7,12753500
2018-03-08,137.0099945,137.69,133.94,137.28999,5255200
2018-03-09,138.44,140.0,137.35001,139.36,3752100
2018-03-12,139.21001,141.19,138.34,138.37,2109300
2018-03-13,139.74001,141.25999,135.070007,136.0,2309000
2018-03-14,136.85001,137.61,135.050003,136.19,1596400
2018-03-15,136.69,137.92,135.42999,136.72,1319200
2018-03-16,136.33,139.0099945,135.44,135.75,2438200
2018-03-19,133.94,135.46001,132.059998,134.31,2047300
2018-03-20,134.5,136.28999,133.89,134.60001,1760600
2018-03-21,135.0099945,137.60001,133.87,135.53999,2191000
2018-03-22,133.82001,135.92999,131.14999,131.41,2596500
2018-03-23,131.75,132.5,128.0,128.020004,2763400
2018-03-26,131.050003,134.59,130.059998,134.22,2290000
2018-03-27,134.53,134.59,127.19,128.31,3043600
2018-03-28,127.71,129.39,124.38,124.55,3534500
2018-03-29,125.2,128.31,123.87,125.58,4263800
2018-04-02,124.56,125.8,120.8,122.75,2683300
2018-04-03,124.18,126.44,122.21,124.84,2292300
2018-04-04,121.72,128.050003,121.36,127.5,2573800
2018-04-05,128.67999,129.14,126.98,128.020004,2082200
2018-04-06,126.69,127.96,124.96,125.75,2527800
2018-04-09,126.72,129.14,126.39,127.57,1893000
2018-04-10,129.25,132.37,128.19,131.73,2156900
2018-04-11,130.5,132.66,130.070007,130.94,1379900
2018-04-12,131.53999,133.039993,131.12,132.17,1700300
2018-04-13,133.55,133.55,127.98,129.17,2023400
2018-04-16,130.49001,131.14999,128.77,129.72,1707600
2018-04-17,131.21001,133.64,130.94,132.58,2100600
2018-04-18,133.19,134.73,132.080002,133.87,1321600
2018-04-19,133.49001,134.029999,131.49001,132.33,1250800
2018-04-20,132.47,132.47,128.96001,130.089996,1678500
2018-04-23,130.64,132.039993,128.28999,129.17999,1370000
2018-04-24,130.64,131.28,122.050003,123.68,2513400
2018-04-25,123.72,124.65,120.91,123.97,1978300
2018-04-26,124.62,127.55,123.97,126.98,1912800
2018-04-27,127.16,127.83,125.78,126.64,1175600
2018-04-30,127.32,128.089996,125.81,125.9,1448500
2018-05-01,125.3,127.37,125.29,127.059998,1163000
2018-05-02,126.82,127.21,124.99,125.26,1483200
2018-05-03,124.76,128.35001,123.88,127.6,1531800
2018-05-04,126.49,130.67999,125.59,129.46001,1632500
2018-05-07,129.75999,132.12,129.63,131.57001,1333400
2018-05-08,131.57001,133.16,130.71001,132.75999,1152300
2018-05-09,133.070007,136.37,133.070007,135.32001,1678400
2018-05-10,135.96001,137.67,134.89999,136.47,1374600
2018-05-11,136.56,136.94,135.33,136.21001,1477300
2018-05-14,136.99001,138.38,133.33,134.11,1698100
2018-05-15,133.16,137.45,131.59,136.16,2089000
2018-05-16,136.47,136.73,134.89,135.92999,1465200
2018-05-17,135.41,136.83,134.58,136.52,1404500
2018-05-18,136.62,139.67,136.25,138.85001,1723600
2018-05-21,139.61,139.94,136.92999,137.67,2474800
2018-05-22,138.50999,139.17,136.46001,136.71001,1740500
2018-05-23,135.31,139.5,135.020004,139.31,1949000
2018-05-24,139.059998,139.63,136.12,138.92,4021000
2018-05-25,132.71001,139.69,131.14999,132.75,6543600
2018-05-29,131.64999,132.24001,128.14,129.62,2946700
2018-05-30,130.66,132.039993,128.77,129.37,2149100
2018-05-31,129.50999,131.2,128.99001,129.10001,2733500
2018-06-01,130.3,133.64999,129.95,133.52,2076300
2018-06-04,133.45,135.67,131.99001,135.57001,1573000
2018-06-05,135.64999,138.13,134.47,136.8,1289500
2018-06-06,137.21001,138.0,135.75999,137.92999,1614800
2018-06-07,137.69,137.92999,132.38,134.14,1889700
2018-06-08,133.72,135.35001,132.97,135.13,1045700
2018-06-11,135.0099945,136.21001,134.71001,135.97,1349100
2018-06-12,136.53,137.91,136.38,137.36,1252800
2018-06-13,137.89,139.25,136.42999,137.16,1521600
2018-06-14,138.14,139.44,137.75999,138.41,1834100
2018-06-15,138.28,138.37,135.58,137.99001,2259800
2018-06-18,136.36,142.48,136.14999,141.25999,2990600
2018-06-19,139.0,141.28,138.10001,141.039993,2630100
2018-06-20,141.10001,142.94,140.66,140.94,2199800
2018-06-21,141.050003,141.96001,137.36,137.74001,1819400
2018-06-22,137.69,137.96001,133.37,136.50999,2703200
2018-06-25,134.88,135.070007,128.17,129.75,2649300
2018-06-26,129.74001,131.75,128.75999,130.17,1615300
2018-06-27,130.74001,131.97,126.59,127.62,2474700
2018-06-28,127.95,130.87,127.2,130.24001,1798200
2018-06-29,130.53,132.92,130.53,131.089996,1714600
2018-07-02,130.020004,131.96001,129.0099945,131.89999,1308300
2018-07-03,131.64999,133.2,131.28,131.60001,928100
2018-07-05,133.0099945,133.81,131.31,132.8,1708200
2018-07-06,133.25999,135.49001,132.66,135.11,1159200
2018-07-09,135.13,136.52,133.36,134.97,1761500
2018-07-10,134.89999,136.8,133.89,134.37,1426800
2018-07-11,133.50999,134.029999,131.64999,132.22,2160400
2018-07-12,133.0,137.88,132.58,137.46001,2244900
2018-07-13,136.99001,137.44,134.87,137.21001,972800
2018-07-16,136.62,137.32001,135.75999,136.24001,899400
2018-07-17,134.88,137.39,134.44,136.56,1105500
2018-07-18,136.55,137.96001,135.84,137.42999,1291700
2018-07-19,136.64,136.99001,134.33,134.5,1608100
2018-07-20,135.16,135.52,134.13,134.32001,1370500
2018-07-23,134.0,134.69,132.059998,134.5,1343400
2018-07-24,135.31,135.97,131.5,132.31,1071700
2018-07-25,132.31,135.92,131.64,135.85001,2093700
2018-07-26,135.55,137.46001,133.57001,136.14,1345400
2018-07-27,136.44,136.85001,130.0,131.16,1846100
2018-07-30,131.17,131.64,124.69,127.0,2637900
2018-07-31,127.41,130.45,126.58,128.44,1913200
2018-08-01,127.99,129.77,126.73,127.18,1885000
2018-08-02,125.93,131.32001,125.89,131.16,1452400
2018-08-03,131.33,132.47,129.96001,132.050003,1372800
2018-08-06,131.92999,134.61,131.32001,134.35001,1304200
2018-08-07,134.44,136.33,134.38,135.19,1226200
2018-08-08,134.83,135.25999,133.47,134.14,994700
2018-08-09,134.59,137.0,133.89,135.11,1160600
2018-08-10,134.27,136.21001,133.71001,134.85001,1115200
2018-08-13,135.24001,136.56,133.25999,133.39,1178700
2018-08-14,134.050003,135.25999,133.070007,134.0,1056200
2018-08-15,133.0099945,133.63,129.34,131.050003,1695200
2018-08-16,132.10001,133.89,131.10001,133.73,2660900
2018-08-17,133.13,133.53,129.87,132.35001,2117300
2018-08-20,132.35001,134.28999,131.63,133.72,2540900
2018-08-21,134.17999,136.96001,133.69,135.52,2547800
2018-08-22,134.84,137.55,134.84,136.94,1875300
2018-08-23,136.97,138.7,135.64999,136.31,2613800
2018-08-24,152.39,157.78,150.62,157.2,8511200
2018-08-27,158.059998,159.94,153.91,154.63,3290900
2018-08-28,154.87,157.83,154.67,156.81,2193300
2018-08-29,156.75,157.63,155.32001,155.67,2316000
2018-08-30,155.63,155.92999,153.58,153.86,1848900
2018-08-31,153.56,154.74001,153.27,154.35001,1661000
2018-09-04,154.17,154.48,152.28999,153.59,1515000
2018-09-05,153.87,154.31,148.45,149.33,1689400
2018-09-06,149.34,150.25999,147.33,148.8,1498000
2018-09-07,147.64,150.85001,146.71001,149.17,1533500
2018-09-10,149.96001,151.22,148.53999,150.75,1466300
2018-09-11,150.28999,151.73,150.070007,150.87,1098300
2018-09-12,150.82001,150.95,147.60001,150.78,1218200
2018-09-13,151.60001,154.059998,151.11,151.38,1126800
2018-09-14,151.33,153.21001,150.53999,151.35001,1502600
2018-09-17,150.23,152.0,146.28999,146.72,1690100
2018-09-18,146.81,150.53999,146.14,148.78999,1435700
2018-09-19,148.32001,148.98,145.89999,148.39999,1247900
2018-09-20,149.77,153.94,148.97,153.23,2795600
2018-09-21,153.86,154.59,151.63,152.39999,2662600
2018-09-24,150.64999,153.7,149.33,152.83,1575400
2018-09-25,153.11,155.56,152.98,155.39999,1473000
2018-09-26,155.99001,157.11,154.31,154.82001,1118700
2018-09-27,155.36,156.50999,154.87,156.0,1026200
2018-09-28,155.050003,156.67,154.83,156.11,976400
2018-10-01,155.64999,156.64,154.85001,155.5,1490000
2018-10-02,155.73,156.25999,153.13,153.92,1463600
2018-10-03,154.25999,155.83,153.44,154.87,1508300
2018-10-04,153.67,154.78999,149.75999,152.10001,5205100
2018-10-05,152.0,153.38,150.42999,152.0,3242600
2018-10-08,151.14,152.33,145.12,146.21001,3913100
2018-10-09,146.52,148.13,142.7,142.86,2442500
2018-10-10,141.66,141.99001,133.34,133.5,3865600
2018-10-11,132.60001,134.42,129.0,130.89,3051200
2018-10-12,135.67999,140.25,135.25,138.17999,3965700
2018-10-15,138.47,139.32001,132.8,134.60001,2273300
2018-10-16,137.3,141.8,136.62,141.42,2096000
2018-10-17,141.17999,142.10001,138.7,141.77,1599300
2018-10-18,140.75999,141.45,135.75999,137.28999,2011900
2018-10-19,137.98,140.42999,133.10001,133.17999,3067600
2018-10-22,133.92999,137.31,131.45,135.64,1931300
2018-10-23,132.64999,136.089996,130.11,134.12,2325900
2018-10-24,133.31,134.039993,124.68,124.92,3694700
2018-10-25,127.19,131.0,126.18,130.0099945,2707300
2018-10-26,125.54,128.96001,123.93,124.71,3264100
2018-10-29,128.78,129.16,119.93,124.13,3619300
2018-10-30,123.87,126.88,122.96,125.96,2060600
2018-10-31,128.28,132.5,127.67,129.25,2260500
2018-11-01,130.0,135.66,127.34,135.23,2485600
2018-11-02,135.50999,137.28999,132.71001,134.13,1578800
2018-11-05,134.7,134.88,131.55,133.5,1147800
2018-11-06,133.12,135.7,132.0099945,133.7,869700
2018-11-07,135.25999,139.42,135.25999,138.92,2897300
2018-11-08,138.78,140.71001,137.89,140.61,1617400
2018-11-09,139.28,139.28999,133.78,135.55,1603000
2018-11-12,134.17999,134.49001,128.85001,130.11,1787600
2018-11-13,131.11,134.17,129.72,130.92,1527000
2018-11-14,133.0,133.99001,128.23,129.42999,1520700
2018-11-15,128.63,134.7,127.94,134.28999,1771600
2018-11-16,134.8,135.96001,132.53,134.039993,1956400
2018-11-19,134.21001,134.96001,125.050003,125.74,2703700
2018-11-20,123.17,125.9,120.099998,123.050003,3656000
2018-11-21,136.0,139.39999,132.23,135.039993,6007100
2018-11-23,132.89,134.74001,131.7,132.69,2257000
2018-11-26,134.98,139.10001,134.16,138.8,2889000
2018-11-27,137.34,143.0,136.63,140.16,3639800
2018-11-28,141.34,145.21001,140.31,143.16,3333600
2018-11-29,141.95,147.44,141.95,145.55,3248100
2018-11-30,145.92,146.5,142.19,144.5,2624800
2018-12-03,148.029999,150.41,146.53,148.020004,2913400
2018-12-04,146.64,148.85001,139.38,139.84,2790200
2018-12-06,136.36,140.14,133.3,140.14,2588300
2018-12-07,138.71001,139.87,131.62,132.57001,2111700
2018-12-10,132.42999,135.63,130.5,135.020004,1657300
2018-12-11,138.28,138.98,133.24001,133.87,2171200
2018-12-12,137.5,140.42,136.22,137.78999,1772700
2018-12-13,136.46001,138.95,133.66,135.57001,1485900
2018-12-14,133.60001,135.83,130.99001,131.5,1463100
2018-12-17,130.99001,131.95,126.51,127.27,2248000
2018-12-18,128.36,131.53999,128.28999,130.58,1878600
2018-12-19,130.44,134.82001,127.0,128.13,2705300
2018-12-20,127.64,129.44,121.040001,124.93,2581600
2018-12-21,125.84,126.7,120.11,120.3,3894400
2018-12-24,118.72,122.14,117.72,118.32,1642000
2018-12-26,119.54,125.93,118.2,125.93,1842400
2018-12-27,122.66,127.49,121.26,127.41,1850900
2018-12-28,128.71001,130.11,125.07,127.23,1349200
2018-12-31,129.19,129.5,127.18,128.61,1394800
2019-01-02,125.39,129.64,124.65,128.96001,1517500
2019-01-03,126.49,127.5,121.12,121.85,2564700
2019-01-04,124.37,129.37,121.81,128.28,2480600
2019-01-07,128.27,133.39999,128.14999,132.72,1634600
2019-01-08,134.25999,135.7,132.25,133.87,1324800
2019-01-09,134.72,137.78,133.41,136.77,1770500
2019-01-10,135.21001,137.53,134.85001,136.71001,1517600
2019-01-11,135.78,137.5,135.25,136.74001,903200
2019-01-14,135.37,136.17999,134.12,134.75,906300
2019-01-15,131.88,137.45,131.88,135.88,1574000
2019-01-16,136.17999,137.5,134.8,135.3,1425800
2019-01-17,134.63,137.89999,134.25999,136.5,2127900
2019-01-18,138.28999,141.84,135.46001,141.73,2684500
2019-01-22,140.28,141.52,138.12,139.059998,2015500
2019-01-23,139.46001,141.14,136.56,137.49001,1637900
2019-01-24,136.020004,137.5,135.24001,136.050003,2117900
2019-01-25,138.11,142.48,137.75999,142.080002,1959500
2019-01-28,140.64999,141.089996,138.74001,140.77,1314600
2019-01-29,140.92,141.77,139.0099945,140.16,806600
2019-01-30,141.67999,146.059998,140.61,146.0,1295800
2019-01-31,146.2,148.57001,145.86,147.2,1416300
2019-02-01,147.78,149.56,146.89999,149.070007,1647400
2019-02-04,149.059998,152.64999,149.0,151.59,1717500
2019-02-05,151.73,153.69,151.67,152.42,1591400
2019-02-06,152.16,153.14,150.78999,152.28,1325800
2019-02-07,151.0,151.92999,149.14,150.56,1859600
2019-02-08,149.12,154.41,149.12,154.31,1407900
2019-02-11,155.0,156.27,153.8,154.57001,1432200
2019-02-12,156.39999,159.61,155.89,159.53999,1738900
2019-02-13,159.97,161.10001,159.21001,160.029999,1898000
2019-02-14,158.84,161.050003,158.0099945,159.94,1470400
2019-02-15,161.50999,161.50999,159.39,160.35001,1699100
2019-02-19,160.42999,160.97,159.0,160.67999,1758600
2019-02-20,160.55,161.49001,158.48,159.8,1175500
2019-02-21,159.64,160.67999,158.85001,159.83,1050500
2019-02-22,160.87,161.78,160.19,161.50999,948800
2019-02-25,163.53999,166.28999,163.49001,163.94,1976500
2019-02-26,163.78,164.28999,161.71001,163.31,1576000
2019-02-27,162.59,164.32001,160.66,164.28,1530900
2019-02-28,164.070007,164.67,162.59,163.0099945,2233300
2019-03-01,167.77,169.050003,158.39999,159.77,3836700
2019-03-04,161.0,161.84,153.25,157.78999,4197500
2019-03-05,158.2,158.2,154.17,154.71001,2193300
2019-03-06,154.75999,155.96001,152.039993,153.50999,1803500
2019-03-07,152.89999,153.97,150.88,152.77,3167600
2019-03-08,150.28999,152.5,149.5,152.37,1692100
2019-03-11,152.39,155.28,151.86,154.039993,2074600
2019-03-12,154.36,155.39,152.88,154.81,1418600
2019-03-13,155.34,157.089996,153.21001,153.38,2143600
2019-03-14,153.050003,154.25999,151.92999,153.14999,2233800
2019-03-15,152.7,154.67999,152.46001,153.28,3513600
2019-03-18,153.28999,155.32001,152.33,153.85001,1925200
2019-03-19,154.62,156.12,153.66,155.10001,2172900
2019-03-20,156.0,156.27,152.36,154.31,1805700
2019-03-21,154.27,159.039993,154.27,158.82001,1550300
2019-03-22,158.0,158.82001,153.94,154.22,1858300
2019-03-25,153.53,155.55,152.42999,154.69,1768900
2019-03-26,155.49001,157.39,154.86,155.91,1511400
2019-03-27,155.64999,156.10001,151.14999,153.10001,1595400
2019-03-28,153.74001,154.53,151.2,153.029999,1483500
2019-03-29,154.69,155.94,153.86,155.82001,1833400
2019-04-01,158.22,163.97,157.28999,163.82001,3886200
2019-04-02,163.53,164.85001,163.029999,164.35001,1904100
2019-04-03,165.55,168.56,165.0,166.64999,2655600
2019-04-04,166.69,168.0,163.22,165.050003,2234600
2019-04-05,166.039993,167.14999,165.14,166.33,1259100
2019-04-08,165.82001,166.92999,163.13,166.74001,1699100
2019-04-09,166.14999,167.37,165.56,167.059998,1214000
2019-04-10,167.3,170.91,167.17,170.46001,1643500
2019-04-11,171.32001,172.11,170.029999,171.88,1601300
2019-04-12,173.020004,173.44,170.64999,171.87,1404500
2019-04-15,172.0099945,173.22,170.99001,172.77,984600
2019-04-16,173.0,174.39999,171.34,172.67,1516600
2019-04-17,173.12,173.39999,167.61,168.029999,1862600
2019-04-18,168.35001,169.38,164.81,169.2,1634600
2019-04-22,168.69,172.31,167.89999,172.14999,1245600
2019-04-23,173.0,176.21001,172.5,175.28,1889400
2019-04-24,175.039993,177.37,175.039993,176.31,1168800
2019-04-25,176.75999,177.48,172.92,175.32001,1415500
2019-04-26,175.37,177.11,174.31,176.99001,1263700
2019-04-29,177.28999,178.56,176.35001,176.67999,1188500
2019-04-30,176.67,178.42,175.38,178.21001,1072200
2019-05-01,178.92999,178.95,173.89999,173.97,1292200
2019-05-02,173.64,174.66,171.33,173.36,996700
2019-05-03,174.72,176.88,174.059998,176.7,959600
2019-05-06,171.8,175.50999,169.8,175.28,1271000
2019-05-07,173.0,174.21001,168.87,170.72,1725400
2019-05-08,170.34,172.78999,169.72,171.50999,1097200
2019-05-09,169.23,172.0099945,167.46001,171.42,1267600
2019-05-10,170.64,174.19,167.81,173.77,1302200
2019-05-13,168.050003,170.71001,164.60001,164.92999,1802100
2019-05-14,166.73,170.75,166.14,169.96001,1339700
2019-05-15,168.17,173.92999,168.17,173.32001,1475000
2019-05-16,174.14999,178.42,173.75999,176.67999,1261200
2019-05-17,174.97,177.7,173.89,174.33,1276100
2019-05-20,172.42999,172.83,168.31,170.61,1717800
2019-05-21,172.75999,174.94,172.23,174.23,1478600
2019-05-22,173.87,175.47,173.24001,174.029999,1257000
2019-05-23,170.0099945,173.74001,167.14,169.53999,2521800
2019-05-24,160.67999,165.17999,158.50999,161.22,6108900
2019-05-28,161.52,165.35001,160.7,161.089996,3036900
2019-05-29,160.0,162.28999,159.25999,161.52,2439300
2019-05-30,161.87,163.56,161.31,162.62,1110100
2019-05-31,160.0,162.47,159.78999,160.91,1862900
2019-06-03,161.42,161.77,153.55,154.82001,2980100
2019-06-04,157.58,160.050003,155.81,159.91,1877000
2019-06-05,162.32001,162.56,158.45,161.31,1229200
2019-06-06,161.089996,161.48,158.37,161.16,1236500
2019-06-07,162.039993,166.0,161.67,165.3,1388900
2019-06-10,166.38,168.14999,164.99001,165.12,1504300
2019-06-11,166.94,167.92999,162.029999,163.2,1363600
2019-06-12,163.46001,163.81,161.72,163.77,901800
2019-06-13,164.53999,164.88,161.77,162.32001,1121400
2019-06-14,161.85001,163.0,156.22,158.16,1573800
2019-06-17,158.39,158.81,157.089996,157.38,1423300
2019-06-18,159.87,163.38,159.27,161.89999,1427800
2019-06-19,163.0099945,166.78999,162.35001,165.63,2892600
2019-06-20,169.029999,171.11,167.89,169.45,2739900
2019-06-21,169.33,171.67999,169.0,170.89,3079900
2019-06-24,171.37,171.83,168.28999,168.5,2507700
2019-06-25,169.28,169.37,162.84,163.16,2368300
2019-06-26,164.17,165.81,162.32001,162.48,1157300
2019-06-27,163.14999,166.070007,162.78,165.25,1624000
2019-06-28,166.12,166.36,162.87,162.89999,4849700
2019-07-01,166.99001,170.059998,165.52,169.28999,2262200
2019-07-02,169.11,170.32001,168.39999,170.10001,862200
2019-07-03,170.36,172.17999,168.84,172.0,852800
2019-07-05,170.39,172.34,169.44,172.23,1233400
2019-07-08,170.75,171.39,168.77,169.87,1766300
2019-07-09,168.77,171.42999,168.25999,171.35001,1257400
2019-07-10,172.50999,175.28,172.0,172.74001,1419100
2019-07-11,173.11,174.8,171.5,173.33,1111200
2019-07-12,174.46001,174.46001,170.92999,174.19,1224400
2019-07-15,174.89999,174.89999,172.7,173.71001,812500
2019-07-16,174.020004,174.66,170.67,171.0099945,1076000
2019-07-17,170.64999,172.020004,169.77,171.62,1102600
2019-07-18,170.67999,173.63,170.57001,172.38,904300
2019-07-19,173.3,174.35001,169.21001,169.31,1155900
2019-07-22,170.31,172.27,170.089996,170.36,1072300
2019-07-23,171.45,171.45,167.97,169.74001,952300
2019-07-24,169.020004,173.95,167.92999,173.50999,1086400
2019-07-25,171.91,172.75999,167.14999,169.92,1591000
2019-07-26,170.23,171.50999,167.77,167.99001,1159200
2019-07-29,168.31,168.62,160.7,162.77,1930100
2019-07-30,162.080002,162.85001,160.0099945,160.28999,1036500
2019-07-31,160.28,160.60001,154.28999,156.17,1676100
2019-08-01,156.12,158.83,153.029999,153.47,2680300
2019-08-02,153.23,154.27,146.10001,147.75999,3830700
2019-08-05,143.58,144.050003,141.059998,143.57001,3382200
2019-08-06,145.25999,146.67,142.059998,143.67,2234200
2019-08-07,141.88,144.96001,140.64,144.17,1790600
2019-08-08,146.48,152.22,146.19,152.089996,3198600
2019-08-09,151.039993,152.67,149.46001,151.34,1888200
2019-08-12,149.53,150.36,147.85001,148.87,2587100
2019-08-13,148.59,154.52,148.14,151.81,1795400
2019-08-14,148.52,148.67,143.61,146.92,2198600
2019-08-15,144.99001,144.99001,141.46001,142.92,3180500
2019-08-16,144.71001,145.32001,143.53999,144.13,1951800
2019-08-19,146.75,146.8,145.46001,146.17999,1900500
2019-08-20,145.72,147.42,144.53,146.56,1078300
2019-08-21,147.75,148.10001,145.0099945,145.95,1967100
2019-08-22,145.89999,146.42999,143.17,145.21001,2616000
2019-08-23,144.39999,147.11,143.24001,143.99001,2552500
2019-08-26,145.82001,147.86,145.66,147.8,2027100
2019-08-27,149.45,151.39999,148.69,150.21001,4223900
2019-08-28,131.42999,141.36,129.7,140.080002,18498400
2019-08-29,142.020004,142.98,140.16,142.63,3284400
2019-08-30,143.78999,144.13,141.11,142.82001,2991400
2019-09-03,141.0,143.0,139.87,141.14999,2335600
2019-09-04,142.56,145.59,141.86,144.34,1879700
2019-09-05,146.28,149.11,145.62,148.22,2956800
2019-09-06,148.83,152.71001,148.10001,150.35001,2092900
2019-09-09,151.020004,151.64999,147.57001,151.020004,2900600
2019-09-10,149.98,151.37,146.059998,148.050003,2077200
2019-09-11,149.27,154.91,147.55,154.67,3307200
2019-09-12,155.67,159.88,155.050003,155.69,3478900
2019-09-13,155.53,156.14,152.87,153.48,1994200
2019-09-16,152.47,155.0099945,152.46001,153.87,1505100
2019-09-17,152.25,153.86,152.0,153.67,1318400
2019-09-18,152.13,152.34,148.25,151.11,2046100
2019-09-19,151.39,154.19,151.39,153.38,1345100
2019-09-20,153.14,154.25999,151.42999,153.34,1925700
2019-09-23,152.46001,153.53,151.7,152.37,1042700
2019-09-24,152.94,153.63,148.17,149.13,1975600
2019-09-25,148.85001,149.14,144.92,147.42999,2022900
2019-09-26,146.86,149.89,145.72,149.070007,1058900
2019-09-27,149.37,149.99001,143.7,145.19,1781300
2019-09-30,145.74001,147.97,144.7,147.7,1182500
2019-10-01,148.5,149.49001,144.99001,145.71001,1586000
2019-10-02,143.99001,144.12,141.67999,142.84,1620000
2019-10-03,142.37,145.080002,140.25999,144.77,1402300
2019-10-04,145.88,147.39,144.25,146.89,1200400
2019-10-07,145.98,148.50999,145.98,147.56,1019100
2019-10-08,146.17,148.0,145.31,145.64999,1727600
2019-10-09,147.32001,148.7,146.28999,148.37,854700
2019-10-10,147.95,149.089996,144.5,144.73,1456800
2019-10-11,147.16,152.25999,146.7,150.32001,1856800
2019-10-14,149.71001,150.42999,148.58,150.27,795000
2019-10-15,150.56,151.25999,149.37,150.0,1221700
2019-10-16,147.85001,148.17,143.25999,145.38,2887400
2019-10-17,146.020004,146.82001,144.029999,144.27,1440500
2019-10-18,144.020004,144.49001,138.89999,139.67,2959700
2019-10-21,140.89999,142.37,139.2,141.49001,1800300
2019-10-22,142.020004,142.58,139.71001,140.070007,1297600
2019-10-23,139.57001,142.8,138.62,141.92999,1646300
2019-10-24,143.0,146.10001,142.52,145.37,1302600
2019-10-25,144.98,147.17,144.32001,145.53999,1062500
2019-10-28,146.99001,147.84,145.36,146.99001,866800
2019-10-29,146.98,147.92,145.39,145.59,891200
2019-10-30,146.24001,149.52,144.84,148.78,1114300
2019-10-31,148.75999,149.039993,145.34,147.36,1048000
2019-11-01,148.60001,151.0,147.61,150.25,1142700
2019-11-04,151.14999,151.75999,149.55,151.27,1025900
2019-11-05,152.039993,153.37,149.080002,151.73,1023500
2019-11-06,151.67999,151.96001,150.48,151.50999,832300
2019-11-07,152.31,153.8,151.0,151.82001,639400
2019-11-08,150.78999,152.99001,150.42999,152.96001,665400
2019-11-11,152.39,154.10001,151.89999,152.92,539500
2019-11-12,154.78,158.58,154.33,158.059998,1618100
2019-11-13,156.84,159.33,156.059998,159.21001,978400
2019-11-14,158.41,159.34,157.32001,158.14,1272000
2019-11-15,158.36,161.8,157.50999,161.75,1726600
2019-11-18,160.029999,163.72,159.78,162.44,1538100
2019-11-19,163.47,164.94,162.42,164.53,1269600
2019-11-20,165.0,167.050003,164.080002,165.33,1528900
2019-11-21,165.33,165.92,164.11,165.050003,1242500
2019-11-22,165.96001,167.2,164.48,167.0099945,899400
2019-11-25,168.0,169.28999,167.67,168.88,1573300
2019-11-26,169.78999,172.0,168.7,170.8,3420200
2019-11-27,170.53,180.62,169.7,180.17999,4433900
2019-11-29,178.5,181.36,176.64999,180.89999,1472300
2019-12-02,180.69,181.19,175.070007,175.63,1886800
2019-12-03,172.2,175.73,170.92,175.39999,1352200
2019-12-04,175.089996,177.33,173.61,176.39999,1122700
2019-12-05,177.56,177.56,175.22,176.63,975000
2019-12-06,177.92999,179.92,176.73,179.32001,971400
2019-12-09,179.31,181.55,178.71001,178.83,1425100
2019-12-10,178.5,179.81,177.66,178.46001,1159000
2019-12-11,179.080002,179.89999,177.71001,179.64,1605700
2019-12-12,175.75999,178.95,175.32001,177.89999,1506200
2019-12-13,178.42,179.78999,177.56,179.41,1323400
2019-12-16,180.13,184.87,180.0099945,184.37,1750200
2019-12-17,184.61,185.39999,180.74001,181.49001,1427100
2019-12-18,182.0,185.080002,181.5,183.75,1137600
2019-12-19,184.0,184.75,182.37,183.78,974400
2019-12-20,185.75,185.75,182.62,182.84,2396800
2019-12-23,183.17999,183.83,181.73,182.92,903600
2019-12-24,183.2,184.0,182.82001,183.91,256200
2019-12-26,184.39999,185.31,183.67999,184.24001,634400
2019-12-27,185.3,185.64,183.7,185.38,645200
2019-12-30,184.63,185.5,182.0099945,183.3,999200
2019-12-31,183.050003,184.32001,182.31,183.46001,760300
2020-01-02,184.21001,187.89,181.88,187.83,1515000
2020-01-03,184.49001,186.41,183.78,184.95,737900
2020-01-06,183.78,187.25,183.16,187.12,1021900
2020-01-07,186.13,188.17,185.10001,187.5,897200
2020-01-08,188.22,190.5,187.029999,189.95,1314800
2020-01-09,191.71001,192.7,190.67999,191.94,1164500
2020-01-10,193.16,193.42,191.84,192.36,708900
2020-01-13,190.0,193.37,190.0,192.45,1454200
2020-01-14,192.25,193.13,190.63,191.11,1146500
2020-01-15,190.94,192.17,190.0099945,190.78999,1444000
2020-01-16,192.50999,193.12,191.5,192.5,2195900
2020-01-17,192.38,194.24001,191.31,193.35001,2384900
2020-01-21,194.0099945,197.55,193.7,195.84,1455400
2020-01-22,197.47,198.72,194.62,194.73,1068600
2020-01-23,195.39,198.91,193.75999,198.60001,1687300
2020-01-24,199.42999,200.89999,197.91,199.19,2437200
2020-01-27,195.77,197.14999,192.96001,195.87,1837800
2020-01-28,196.25999,200.42999,195.67999,200.029999,1270100
2020-01-29,200.92,201.57001,198.86,199.74001,838200
2020-01-30,198.42,200.84,196.98,198.99001,1520900
2020-01-31,198.77,199.32001,193.31,196.85001,1616600
2020-02-03,197.86,199.94,197.78,199.25999,888300
2020-02-04,202.0,204.19,200.50999,203.94,1093300
2020-02-05,206.72,207.19,200.78999,202.080002,1366500
2020-02-06,203.62,206.92,202.46001,206.0,1326000
2020-02-07,205.58,210.13,204.64,207.0099945,1410200
2020-02-10,207.24001,207.75999,205.34,206.10001,1557000
2020-02-11,207.35001,207.99001,204.52,205.8,1289700
2020-02-12,206.75999,207.72,205.45,207.11,1177200
2020-02-13,206.34,208.47,206.34,207.50999,897500
2020-02-14,208.089996,209.2,207.24001,208.95,996900
2020-02-18,209.47,209.82001,206.89999,207.059998,1342500
2020-02-19,209.33,211.17999,208.64,210.75999,1569900
2020-02-20,210.44,211.58,205.070007,206.67,1527300
2020-02-21,205.0,206.27,199.85001,201.91,1774800
2020-02-24,195.56,197.28999,192.42999,194.37,2104900
2020-02-25,196.47,197.42,185.74001,186.73,2282300
2020-02-26,188.59,194.14999,187.66,190.67,2850100
2020-02-27,184.24001,188.49001,180.070007,180.64999,2688300
2020-02-28,176.57001,191.36,175.050003,190.88,4339600
2020-03-02,190.67,191.97,183.27,190.83,2698800
2020-03-03,187.85001,190.0,177.82001,180.55,2756100
2020-03-04,183.89999,191.67999,182.13,191.42,2242800
2020-03-05,185.47,192.73,182.83,184.039993,2328700
2020-03-06,177.83,179.67999,168.55,173.42,3272200
2020-03-09,157.82001,164.81,156.71001,160.050003,3108500
2020-03-10,165.60001,166.5,157.10001,164.48,3439400
2020-03-11,159.55,161.75,152.36,154.39999,2789400
2020-03-12,143.78999,148.5,135.7,136.0,5014100
2020-03-13,146.0,158.17,138.45,158.029999,3998400
2020-03-16,140.99001,153.49001,135.24001,148.080002,4100900
2020-03-17,149.69,157.95,140.050003,154.92,4110600
2020-03-18,145.22,154.38,125.38,141.82001,4762400
2020-03-19,141.45,152.27,134.98,149.23,3749300
2020-03-20,151.46001,156.059998,145.38,148.020004,4515800
2020-03-23,147.81,151.84,138.10001,144.14,3309200
2020-03-24,151.25,153.39999,141.42999,149.96001,2691500
2020-03-25,149.39999,154.97,142.32001,149.99001,2497000
2020-03-26,150.85001,163.14999,150.64999,160.88,2752500
2020-03-27,155.83,156.62,140.32001,141.57001,2929000
2020-03-30,142.74001,157.17999,141.28999,155.91,3378400
2020-03-31,154.0,158.91,152.83,156.10001,3678200
2020-04-01,147.53,150.47,137.86,139.22,3185100
2020-04-02,136.97,142.14,135.52,137.050003,2729600
2020-04-03,136.89,141.53999,136.28,139.0,2214500
2020-04-06,146.12,153.52,144.61,152.32001,2732300
2020-04-07,157.73,157.8,147.25999,148.7,2098200
2020-04-08,150.78999,161.78,149.46001,159.21001,3142100
2020-04-09,160.71001,170.81,160.17,164.89999,3705100
2020-04-13,162.37,163.99001,156.91,160.92,1896500
2020-04-14,165.17,174.75999,164.0,172.22,1917700
2020-04-15,168.57001,172.53999,167.44,169.14,2014500
2020-04-16,171.46001,173.49001,168.12,171.0,1847500
2020-04-17,176.080002,182.0,173.97,180.94,2357700
2020-04-20,178.19,181.52,176.44,177.87,1192000
2020-04-21,175.96001,177.16,166.86,170.020004,2331700
2020-04-22,176.050003,177.33,173.36,175.37,1013500
2020-04-23,172.99001,178.98,172.22,175.55,1582400
2020-04-24,177.25999,180.97,174.19,180.35001,1150900
2020-04-27,182.24001,186.56,182.24001,182.50999,1684100
2020-04-28,185.53,185.78999,176.27,177.31,1829100
2020-04-29,180.61,189.86,180.0,187.89999,1559200
2020-04-30,187.0,189.55,185.14,187.13,1941400
2020-05-01,179.22,181.53999,172.22,174.89999,2061600
2020-05-04,174.78,179.33,173.13,177.8,1153400
2020-05-05,179.57001,184.87,179.28,180.49001,972800
2020-05-06,182.23,185.080002,179.66,181.23,1011800
2020-05-07,182.92999,186.46001,180.81,184.0,1631900
2020-05-08,186.0,187.16,183.25,184.28999,1005400
2020-05-11,183.14,186.14,182.92,184.39999,1112100
2020-05-12,184.37,187.12,180.97,180.97,1097300
2020-05-13,180.60001,182.67999,173.83,176.86,1164800
2020-05-14,174.53,177.98,170.57001,177.87,1222700
2020-05-15,176.49001,181.13,175.44,180.72,1077900
2020-05-18,183.84,190.81,183.039993,190.10001,1436800
2020-05-19,190.13,198.89999,190.13,194.71001,1519100
2020-05-20,197.97,199.59,194.32001,196.64,1028900
2020-05-21,196.080002,197.58,193.64999,194.75,1261100
2020-05-22,194.029999,196.89999,192.50999,195.78,1534600
2020-05-26,199.32001,203.83,198.62,199.53,1662400
2020-05-27,198.64999,199.82001,192.50999,199.81,2193000
2020-05-28,196.38,208.3,194.60001,202.63,3709300
2020-05-29,203.60001,210.71001,200.34,210.38,2750300
2020-06-01,210.0,221.50999,209.059998,219.28999,2745600
2020-06-02,218.92999,221.0,212.11,219.089996,2479900
2020-06-03,220.75,227.39,219.17,226.39,2025100
2020-06-04,225.0,227.37,223.28999,225.2,2177500
2020-06-05,224.67,234.53999,223.0,233.71001,1955900
2020-06-08,231.14,236.47,230.46001,233.50999,2273400
2020-06-09,232.49001,237.8,231.45,234.14999,1916300
2020-06-10,235.59,240.25,233.46001,236.59,1810500
2020-06-11,233.0,233.47,218.95,219.10001,2798400
2020-06-12,227.95,228.13,218.95,222.96001,1865100
2020-06-15,218.96001,229.75,218.75999,229.0,1522400
2020-06-16,234.95,241.77,234.0,240.92999,2385700
2020-06-17,242.28999,243.75999,236.42,237.039993,1127100
2020-06-18,237.95,239.2,236.050003,238.070007,1181200
2020-06-19,242.11,242.98,235.49001,237.82001,2023800
2020-06-22,236.0,241.13,236.0,240.88,1203700
2020-06-23,242.91,247.14,241.46001,241.62,1461700
2020-06-24,240.28999,242.67,231.44,233.44,1863700
2020-06-25,233.5,234.81,228.37,234.47,1782500
2020-06-26,234.92999,236.71001,230.66,232.74001,1510200
2020-06-29,232.53,233.92999,227.75999,232.17,930500
2020-06-30,232.95,239.95,231.2,239.19,1602500
2020-07-01,239.94,242.67,237.8,241.22,1275300
2020-07-02,242.50999,244.39999,239.17999,240.14999,1158200
2020-07-06,243.32001,248.35001,243.070007,244.36,1092700
2020-07-07,243.12,245.60001,238.8,238.94,993500
2020-07-08,241.64,244.0,239.42,243.89999,960300
2020-07-09,250.3,251.39,242.070007,248.2,1594000
2020-07-10,248.22,248.89,243.0,244.24001,1142900
2020-07-13,246.17,246.73,231.25999,231.86,2030600
2020-07-14,228.86,234.67999,226.55,234.60001,2459300
2020-07-15,236.0,237.16,231.5,235.58,1112300
2020-07-16,233.86,235.39,229.25,234.029999,1029200
2020-07-17,235.8,238.059998,232.67,237.7,1102400
2020-07-20,239.050003,246.96001,237.42999,246.039993,1050200
2020-07-21,246.64,247.3,237.34,239.69,987800
2020-07-22,241.39999,243.91,239.059998,240.74001,515000
2020-07-23,241.28999,245.16,235.73,237.34,1176600
2020-07-24,234.14,236.029999,230.24001,232.88,1007600
2020-07-27,234.96001,239.97,233.31,239.69,731100
2020-07-28,238.53,240.60001,234.14,234.58,623900
2020-07-29,236.58,240.12,236.58,238.61,503000
2020-07-30,235.28999,237.64999,231.42,236.10001,712800
2020-07-31,238.36,238.36,231.5,236.42999,1144200
2020-08-03,239.42,240.46001,235.84,239.48,1269300
2020-08-04,239.28999,241.87,236.73,239.89999,973700
2020-08-05,240.070007,246.36,235.24001,243.2,1292700
2020-08-06,243.64,244.5,239.24001,243.57001,735900
2020-08-07,242.47,242.47,233.2,236.24001,1042900
2020-08-10,236.39999,236.92999,227.52,231.88,1307700
2020-08-11,231.17,232.78999,227.55,228.78999,927500
2020-08-12,229.3,233.87,229.3,231.57001,905100
2020-08-13,232.88,243.25,232.57001,238.19,1200700
2020-08-14,237.92,239.63,233.46001,234.35001,786200
2020-08-17,236.3,239.35001,235.64999,239.0,919800
2020-08-18,241.94,246.33,240.25999,242.69,1482500
2020-08-19,244.39999,244.98,239.17,241.42,1250700
2020-08-20,240.44,250.62,239.45,249.14999,1080500
2020-08-21,249.33,249.92999,245.27,248.27,1088300
2020-08-24,250.10001,253.47,249.66,251.8,1227100
2020-08-25,249.020004,254.35001,246.39999,252.24001,1555100
2020-08-26,246.66,253.25999,237.19,248.21001,3075800
2020-08-27,250.19,250.19,241.74001,243.11,1137800
2020-08-28,244.85001,250.5,244.85001,247.39,999000
2020-08-31,246.33,247.98,242.55,245.7,1210700
2020-09-01,247.99001,253.7,244.67,253.50999,1413400
2020-09-02,255.48,261.94,254.14999,261.35001,2373900
2020-09-03,256.81,256.81,239.23,242.089996,2497700
2020-09-04,240.53,244.44,228.17999,233.88,2704600
2020-09-08,224.16,230.19,223.92,224.36,1845600
2020-09-09,227.61,234.98,225.59,232.78,2018100
2020-09-10,234.0,239.0099945,226.95,228.2,2128600
2020-09-11,228.17999,231.34,223.27,227.48,992200
2020-09-14,231.029999,232.89999,228.23,229.83,1276800
2020-09-15,231.48,240.050003,231.089996,235.87,1969700
2020-09-16,236.41,237.59,230.33,230.75999,1092500
2020-09-17,225.5,227.50999,220.42999,226.97,1884400
2020-09-18,228.32001,229.34,219.89,225.13,2034100
2020-09-21,220.8,227.75999,218.50999,227.64,1205500
2020-09-22,229.41,230.080002,225.72,229.56,841100
2020-09-23,228.60001,230.33,221.050003,221.87,901900
2020-09-24,219.49001,223.89999,215.83,220.96001,1147900
2020-09-25,221.17999,228.97,219.92,227.8,1054700
2020-09-28,232.5,234.34,229.10001,232.14999,995900
2020-09-29,232.50999,234.38,230.57001,232.92,951100
2020-09-30,232.28999,236.71001,228.95,231.0099945,1466000
2020-10-01,232.75999,238.61,232.75,233.96001,1438800
2020-10-02,228.77,231.14,223.50999,225.56,1253300
2020-10-05,226.86,230.13,225.039993,228.92999,915700
2020-10-06,228.32001,231.57001,226.5,228.0099945,979900
2020-10-07,229.31,234.21001,229.31,233.0099945,1039100
2020-10-08,237.23,238.0,232.25999,234.31,1382100
2020-10-09,234.38,238.14,233.32001,237.5,1794400
2020-10-12,243.46001,246.12,239.92,242.12,1988000
2020-10-13,242.75,247.87,242.39,244.089996,1374500
2020-10-14,246.88,250.74001,244.53,246.7,1414700
2020-10-15,244.0,253.96001,242.12,252.029999,2635800
2020-10-16,253.21001,261.45001,253.17,259.97,2288700
2020-10-19,262.67001,268.44,258.59,259.94,2330500
2020-10-20,261.41,262.57999,257.17001,257.34,1715500
2020-10-21,257.39001,259.69,253.10001,254.0099945,872700
2020-10-22,254.52,255.64,247.020004,252.75999,1033300
2020-10-23,253.27,254.64999,249.89999,254.42,640600
2020-10-26,251.59,254.64999,246.39999,249.13,1256900
2020-10-27,251.0099945,253.87,250.27,250.60001,1008800
2020-10-28,246.21001,246.38,236.7,237.62,1357100
2020-10-29,238.33,245.72,238.11,242.84,1043000
2020-10-30,240.13,241.5,233.32001,235.53999,1514600
2020-11-02,237.2,242.57001,236.21001,240.74001,1728400
2020-11-03,244.38,250.46001,241.84,248.31,1045600
2020-11-04,257.41,257.82999,241.46001,245.89,2779300
2020-11-05,254.25999,260.5,252.35001,255.92,1467400
2020-11-06,255.38,261.60001,253.25,259.41,819100
2020-11-09,274.23999,276.67999,262.26001,262.60999,2361800
2020-11-10,259.38,259.98001,245.88,247.22,1615300
2020-11-11,252.84,257.41,244.3,246.78999,2067600
2020-11-12,247.98,253.029999,244.69,245.71001,1004500
2020-11-13,254.39999,256.91,248.63,251.0,1518600
2020-11-16,249.37,251.56,246.86,248.78999,1087500
2020-11-17,249.24001,253.67,247.62,252.71001,1015400
2020-11-18,252.39,255.13,250.53,252.22,908600
2020-11-19,250.24001,259.66,250.24001,256.88,1077600
2020-11-20,256.73001,260.60001,254.089996,254.89,1458500
2020-11-23,255.57001,257.95001,251.60001,257.25,1337400
2020-11-24,257.72,260.89001,256.60001,258.97,1587500
2020-11-25,260.98999,282.48999,260.01001,271.23999,3128300
2020-11-27,272.19,276.48001,270.51001,272.81,886900
2020-11-30,275.0,281.35001,272.20999,280.23001,2612000
2020-12-01,281.87,282.0,275.16,279.10999,1753700
2020-12-02,277.98999,279.14999,273.76001,277.059998,1426300
2020-12-03,276.0,279.79001,275.70999,277.29001,1841700
2020-12-04,277.29001,281.78,276.98001,278.0,1688200
2020-12-07,278.17999,282.26999,278.0,280.79999,1422300
2020-12-08,281.69,286.23999,280.31,284.38,939000
2020-12-09,288.97,289.45001,278.070007,279.42001,1484300
2020-12-10,278.14001,282.17999,274.23999,281.16,1160400
2020-12-11,280.25,280.48999,275.38,279.67999,1251100
2020-12-14,281.57001,293.48001,280.049988,288.32999,1743800
2020-12-15,288.20001,290.66,287.070007,287.53,997300
2020-12-16,288.73999,293.10001,288.73999,292.17001,1054700
2020-12-17,294.64999,297.76001,292.38,297.35001,1108500
2020-12-18,299.82999,305.95001,298.73001,305.0,2766100
2020-12-21,302.84,303.98999,296.70001,300.88,1421500
2020-12-22,303.31,304.29999,300.0,303.85999,1302800
2020-12-23,305.64999,307.22,300.0,300.17999,689700
2020-12-24,300.39999,302.76001,298.76999,301.39001,323100
2020-12-28,304.25,305.44,298.019989,299.64999,702600
2020-12-29,300.0,301.73001,296.029999,298.10999,672800
2020-12-30,300.25,301.51001,297.94,299.41,513700
2020-12-31,299.0,305.85001,299.0,305.34,941700
2021-01-04,304.10999,307.82999,293.049988,296.84,1406900
2021-01-05,297.84,302.51001,296.54001,301.70001,1636900
2021-01-06,294.14999,309.95001,294.13,302.87,1557700
2021-01-07,305.45001,316.45001,305.01001,315.20001,1527600
2021-01-08,316.41,320.42999,315.079987,319.85001,1196700
2021-01-11,317.42999,319.84,313.75,317.81,1232900
2021-01-12,320.0,320.94,317.10999,320.13,859500
2021-01-13,320.75,321.13,313.070007,314.32999,1182000
2021-01-14,314.079987,316.10999,310.059998,311.10999,1269700
2021-01-15,311.73999,316.35001,308.029999,308.51001,1248300
2021-01-19,314.82999,315.47,310.25,310.97,1414000
2021-01-20,311.51999,315.26001,307.42001,308.57999,1794500
2021-01-21,309.23999,309.95999,305.34,306.45999,2000800
2021-01-22,303.0,306.5,296.51001,299.17001,2590200
2021-01-25,301.76001,302.48999,289.51999,293.64001,2697900
2021-01-26,294.0,295.94,291.32001,291.75,2134200
2021-01-27,285.32001,285.32001,272.70001,273.47,2714700
2021-01-28,277.16,289.39999,276.70001,284.22,1752700
2021-01-29,281.67999,283.63,274.63,277.42999,1611200
2021-02-01,280.41,287.73001,279.32999,286.32001,1159900
2021-02-02,288.62,296.76999,288.62,294.60999,1146100
2021-02-03,294.45001,295.94,292.73001,292.85001,856000
2021-02-04,294.35999,300.67001,291.72,300.48999,930900
2021-02-05,302.98999,307.85999,301.88,305.85999,1086200
2021-02-08,308.32999,310.070007,302.12,302.81,945200
2021-02-09,308.14999,308.14999,302.76999,304.5,1399900
2021-02-10,305.56,306.20001,299.64999,301.70999,1195600
2021-02-11,304.48999,305.48001,298.32001,300.20999,1612300
2021-02-12,297.92999,305.5,295.32001,305.14001,1529900
2021-02-16,307.95001,316.31,307.29999,308.22,1571900
2021-02-17,306.10001,307.19,296.44,302.51999,891000
2021-02-18,299.0,301.78,292.85999,300.72,1264600
2021-02-19,301.73999,310.049988,301.10999,305.39999,1208100
2021-02-22,301.45999,303.14999,297.67001,297.70001,954500
2021-02-23,292.41,293.51999,284.56,290.25,1487200
2021-02-24,281.32999,299.14999,280.62,298.91,1397400
2021-02-25,294.81,298.76999,282.25,284.029999,1489300
2021-02-26,283.45001,291.98001,274.82001,276.0,2529200
2021-03-01,279.85999,284.72,278.070007,284.26999,1831000
2021-03-02,285.54999,286.89999,277.32999,277.92001,1267200
2021-03-03,275.70001,276.82001,267.040009,269.29999,1409100
2021-03-04,266.79999,273.28,263.019989,265.44,1812600
2021-03-05,270.32999,270.32999,255.020004,267.39001,1835500
2021-03-08,265.20999,268.28,252.60001,253.10001,1623200
2021-03-09,262.23999,266.42999,260.029999,263.97,2708400
2021-03-10,269.76001,271.75,262.32001,263.64001,1420700
2021-03-11,270.92001,276.0,269.019989,274.35999,2029300
2021-03-12,270.070007,272.0,264.39999,268.10999,926000
2021-03-15,267.98001,273.75,266.29999,273.019989,864900
2021-03-16,275.20999,277.70001,272.01001,275.01001,1041300
2021-03-17,272.019989,275.31,265.089996,272.84,1092200
2021-03-18,265.56,271.0,263.14001,263.44,1355700
2021-03-19,261.79001,265.20999,258.85001,261.5,2320400
2021-03-22,261.029999,269.29001,261.029999,265.95999,1863400
2021-03-23,268.91,274.82999,267.01001,269.0,1313600
2021-03-24,270.0,270.97,262.97,263.17999,1191700
2021-03-25,262.20999,263.34,257.32001,262.19,906200
2021-03-26,261.35001,269.22,260.88,269.01001,1642200
2021-03-29,266.97,273.10001,265.5,270.78,1311200
2021-03-30,268.17999,271.89999,264.47,268.42999,904400
2021-03-31,269.79001,279.66,269.64999,277.14999,1666100
2021-04-01,277.84,285.64001,277.84,283.89999,1509400
2021-04-05,285.73999,289.42001,284.29001,288.32001,950800
2021-04-06,286.85999,288.63,284.64999,285.5,898400
2021-04-07,286.82999,287.59,283.23999,286.12,718700
2021-04-08,290.0,297.76001,288.64999,293.42999,1220400
2021-04-09,292.56,297.89999,290.38,297.57001,1032700
2021-04-12,294.0,296.25,293.0,294.5,1378600
2021-04-13,295.34,298.66,293.12,295.35001,1007800
2021-04-14,297.23999,301.41,293.79001,294.35001,881100
2021-04-15,299.78,303.69,298.22,298.85999,1103500
2021-04-16,300.17999,301.35999,296.57999,300.16,861100
2021-04-19,297.26999,299.45999,288.85001,290.20001,939200
2021-04-20,288.16,289.049988,282.82001,286.35999,967300
2021-04-21,285.76001,289.73001,284.14999,288.87,893500
2021-04-22,287.54001,292.23999,285.72,288.0,1721000
2021-04-23,289.47,296.57001,289.12,295.26999,1073500
2021-04-26,294.67001,300.76001,294.39999,299.34,833400
2021-04-27,299.41,299.97,294.25,297.87,812700
2021-04-28,298.070007,299.56,296.17999,299.23001,908300
2021-04-29,301.5,301.5,293.79001,296.28,906900
2021-04-30,294.54999,295.47,290.5,291.91,732200
2021-05-03,292.98999,293.5,286.070007,287.5,644600
2021-05-04,284.23001,284.23001,274.5,279.73001,1052200
2021-05-05,280.20999,282.0,277.67999,281.079987,839400
2021-05-06,280.48999,284.72,277.79001,284.35001,1131000
2021-05-07,285.66,292.64001,283.89999,285.76001,799600
2021-05-10,285.89001,286.0,275.88,276.049988,839200
2021-05-11,269.0,280.56,265.75,277.42001,933200
2021-05-12,271.95001,275.089996,267.34,269.54001,984100
2021-05-13,270.94,273.70001,267.22,269.72,1289700
2021-05-14,272.51999,278.82001,270.16,277.63,1154300
2021-05-17,275.0,275.60999,270.35001,274.78,755100
2021-05-18,276.35001,276.98001,272.56,272.75,812000
2021-05-19,267.63,274.70999,266.79001,273.97,821300
2021-05-20,275.20999,282.97,275.20999,281.16,971200
2021-05-21,283.63,285.0,279.32999,281.67999,996300
2021-05-24,285.29001,288.51999,283.82999,287.48001,923100
2021-05-25,288.28,291.48001,287.059998,289.47,1119900
2021-05-26,288.72,293.48999,288.089996,292.51001,1192200
2021-05-27,290.25,291.17001,284.79999,286.67001,2369800
2021-05-28,287.0,291.5,282.14999,285.85999,1948500
2021-06-01,287.0,287.41,280.01001,281.29999,1205900
2021-06-02,280.84,284.0,278.35001,279.67001,937600
2021-06-03,276.14999,278.67001,271.70001,274.47,1468600
2021-06-04,277.97,285.32999,275.85999,284.78,1138800
2021-06-07,283.97,283.97,276.10999,278.89001,1431400
2021-06-08,281.98999,283.39001,278.26001,278.66,808800
2021-06-09,280.98999,280.98999,275.20999,275.5,1245800
2021-06-10,275.31,280.10999,274.34,277.5,1444300
2021-06-11,278.5,281.35999,277.13,277.51001,985700
2021-06-14,278.29001,281.28,276.76001,280.51999,1177000
2021-06-15,281.26001,281.70999,275.97,276.76001,1151700
2021-06-16,277.0,278.32001,271.25,273.70999,1207900
2021-06-17,272.16,278.79999,271.14999,276.34,1893900
2021-06-18,275.51999,281.13,275.01001,277.98001,1627600
2021-06-21,278.47,283.5,275.87,283.22,1189900
2021-06-22,283.45999,286.41,282.79001,286.070007,881100
2021-06-23,286.60999,286.64999,282.67999,283.67001,922900
2021-06-24,286.70999,289.10001,285.88,286.95999,817300
2021-06-25,288.85999,289.89999,285.60001,288.73999,1943400
2021-06-28,290.22,295.0,289.26999,293.35999,994300
2021-06-29,292.35999,298.14001,290.13,297.73999,1146400
2021-06-30,296.67001,296.87,290.92999,291.89999,977800
2021-07-01,291.78,295.22,290.60999,293.70001,757900
2021-07-02,295.029999,298.31,295.029999,297.73999,667400
2021-07-06,298.19,301.0,294.12,295.60001,1446400
2021-07-07,296.64999,299.20999,293.45999,296.10999,999300
2021-07-08,292.29999,296.13,290.040009,294.47,1180900
2021-07-09,294.029999,296.95999,290.48999,295.38,1027800
2021-07-12,297.62,298.70001,290.31,291.92999,888500
2021-07-13,292.44,297.22,290.92999,296.42001,1051100
2021-07-14,298.5,300.73001,296.14001,297.10001,1052500
2021-07-15,297.48001,298.0,292.059998,294.79001,839800
2021-07-16,296.78,297.63,293.079987,293.32999,698000
2021-07-19,289.57999,290.0,284.42001,287.31,1048100
2021-07-20,287.89999,298.64001,285.92001,296.12,1169600
2021-07-21,294.82001,302.10999,294.42001,301.78,867800
2021-07-22,302.87,309.32999,302.049988,308.51001,1083300
2021-07-23,310.19,314.92001,309.29999,312.64999,1066800
2021-07-26,312.0,313.95999,309.81,313.62,903700
2021-07-27,314.040009,314.37,304.31,308.25,1076600
2021-07-28,309.41,314.089996,306.070007,313.13,1024400
2021-07-29,313.67999,322.67999,312.67999,320.5,1457500
2021-07-30,318.29999,321.73001,317.01001,321.13,1311500
2021-08-02,321.41,324.13,319.14999,322.070007,914000
2021-08-03,323.029999,328.19,320.85001,327.60999,1043200
2021-08-04,328.0,331.12,326.019989,329.089996,1341800
2021-08-05,331.10001,331.5,326.75,328.82001,1342800
2021-08-06,327.45999,334.059998,326.67001,332.76999,856900
2021-08-09,333.17999,333.88,330.29001,332.76999,763000
2021-08-10,332.85001,335.67001,328.76999,331.28,874900
2021-08-11,332.0,333.57001,325.35001,328.64001,1021100
2021-08-12,327.39999,332.42001,325.57999,332.049988,884400
2021-08-13,333.94,334.0,330.25,332.78,754400
2021-08-16,332.31,332.67001,326.64999,330.17999,924100
2021-08-17,328.56,328.89001,322.57999,324.70001,1086500
2021-08-18,323.57001,326.059998,322.23001,323.51999,913800
2021-08-19,322.70001,332.37,322.45999,330.35001,1226300
2021-08-20,331.64999,335.26999,330.54999,334.38,860100
2021-08-23,336.0,338.28,334.019989,336.76001,1253200
2021-08-24,338.98001,344.39001,338.48001,341.070007,1032200
2021-08-25,342.51999,343.56,339.32999,342.26999,1502100
2021-08-26,317.20001,324.0,308.019989,310.19,5486100
2021-08-27,314.23001,318.23001,310.14999,315.64001,1840400
2021-08-30,316.94,318.72,310.16,313.39001,1411900
2021-08-31,313.13,314.29001,309.10999,310.089996,1567000
2021-09-01,311.79999,315.45999,300.79001,303.23999,3085400
2021-09-02,306.5,306.84,285.35001,287.47,5475100
2021-09-03,286.70001,293.0,284.5,288.75,1819000
2021-09-07,290.76001,290.89001,284.48001,287.45999,2177000
2021-09-08,286.45001,289.81,284.79999,289.56,1504300
2021-09-09,289.81,292.5,285.70001,287.67999,1444700
2021-09-10,288.66,290.59,284.10999,284.42999,1565100
2021-09-13,284.51001,286.29001,278.45999,281.28,1518100
2021-09-14,282.19,282.92999,278.60001,279.35001,1278800
2021-09-15,280.57999,287.29999,278.56,286.62,1430000
2021-09-16,287.10999,291.20999,285.22,290.67999,1433200
2021-09-17,290.87,292.20001,286.54001,288.14999,2113600
2021-09-20,282.51999,286.66,279.84,283.60001,1168500
2021-09-21,285.72,286.17001,282.089996,283.19,719900
2021-09-22,283.88,288.78,283.66,286.42001,1054800
2021-09-23,287.85999,293.32001,287.39999,292.16,1061700
2021-09-24,290.5,295.34,290.5,294.67001,1067700
2021-09-27,294.0,295.29001,289.34,294.059998,1677500
2021-09-28,288.64001,291.59,283.75,287.85001,1835800
2021-09-29,290.42001,292.88,286.89999,287.98999,1163000
2021-09-30,290.32999,292.57001,284.95999,285.17001,1668500
2021-10-01,283.79999,286.51001,279.79001,284.059998,1245700
2021-10-04,282.87,283.98999,271.089996,272.92999,1747700
2021-10-05,274.92999,278.85001,274.35001,275.98001,953700
2021-10-06,272.95001,278.66,271.75,277.42001,940600
2021-10-07,280.13,285.44,280.13,283.019989,909500
2021-10-08,284.049988,284.35999,278.73001,278.94,797300
2021-10-11,276.64999,280.29999,276.41,276.54001,681000
2021-10-12,275.29999,278.38,275.10999,275.91,1117100
2021-10-13,278.67001,284.48001,278.67001,283.45001,883100
2021-10-14,286.85001,289.94,286.01001,289.17001,799200
2021-10-15,290.81,291.88,289.35001,291.19,931700
2021-10-18,290.20999,293.049988,289.35999,292.67001,766500
2021-10-19,294.54001,297.54999,292.34,296.69,849500
2021-10-20,297.81,299.19,295.39001,298.64001,915100
2021-10-21,298.25,306.35001,298.10999,305.67999,1099600
2021-10-22,306.0,312.48001,305.67999,308.57999,1161900
2021-10-25,308.69,313.45001,307.26999,311.79001,913400
2021-10-26,312.26001,315.0,311.95001,312.79999,979900
2021-10-27,313.37,314.98001,307.53,308.51001,865400
2021-10-28,309.22,317.63,308.70001,317.10001,932000
2021-10-29,315.53,318.73999,313.70999,317.60999,1061200
2021-11-01,318.5,319.73999,313.17999,315.01001,697600
2021-11-02,315.31,317.73001,312.76999,314.92001,993000
2021-11-03,313.70999,314.25,302.01001,308.37,1409200
2021-11-04,308.85999,319.72,308.38,318.97,956800
2021-11-05,320.0,325.64001,319.62,324.51999,1306700
2021-11-08,327.14999,330.25,325.019989,329.070007,911400
2021-11-09,328.42001,334.51001,327.89999,329.39999,1110400
2021-11-10,328.87,330.29999,319.29001,320.53,1148600
2021-11-11,323.079987,327.79001,322.029999,325.20999,720400
2021-11-12,327.25,331.62,326.26999,329.32001,709700
2021-11-15,330.73999,332.45999,325.089996,326.39001,865500
2021-11-16,326.0,334.20001,325.23999,333.64001,1161700
2021-11-17,334.79999,335.48001,328.54001,330.54999,1401000
2021-11-18,330.95999,331.76999,320.98001,322.17999,1194900
2021-11-19,325.57999,327.14001,321.64001,322.51999,1355400
2021-11-22,324.14001,325.20999,310.45001,310.48001,1379800
2021-11-23,308.98001,310.70001,297.73001,304.0,2303400
2021-11-24,262.88,268.35001,245.050003,256.89999,10904600
2021-11-26,258.17999,260.0,252.62,254.17,2180900
2021-11-29,257.20999,266.42999,254.020004,261.14999,3192400
2021-11-30,261.73999,263.0,252.49001,254.19,3072700
2021-12-01,260.85999,265.32001,249.41,249.67999,2318400
2021-12-02,252.74001,258.54001,250.81,257.66,2473700
2021-12-03,259.60999,263.48999,253.050003,259.019989,2411400
2021-12-06,259.53,267.84,254.16,265.56,2260100
2021-12-07,270.59,278.54999,267.28,276.70001,2716400
2021-12-08,277.39001,278.64001,273.48001,276.29001,1824700
2021-12-09,275.48001,280.0,267.51999,267.67001,1583000
2021-12-10,271.019989,274.23001,267.67999,269.0,1237400
2021-12-13,267.89001,273.63,265.57999,268.88,1293200
2021-12-14,262.84,268.79001,260.95001,263.22,1145900
2021-12-15,262.67999,272.070007,262.67001,271.73001,2003800
2021-12-16,273.39999,277.51999,268.44,269.60999,1956000
2021-12-17,269.75,279.70001,267.84,277.64999,2763900
2021-12-20,270.0,276.82001,268.040009,275.12,1651600
2021-12-21,278.94,282.12,272.98999,280.42001,1103700
2021-12-22,280.64999,284.51999,279.0,282.60999,979600
2021-12-23,282.13,283.51999,280.20001,280.98999,1079100
2021-12-27,282.95001,285.38,281.26001,284.29999,721700
2021-12-28,285.0,285.37,281.60999,282.76999,681800
2021-12-29,282.76999,283.39001,279.26001,282.57001,547800
2021-12-30,282.73001,285.01001,281.23001,281.70999,696400
2021-12-31,281.70999,283.92999,280.34,281.19,643300
2022-01-03,280.73001,284.95999,275.66,283.72,1082800
2022-01-04,283.14999,284.87,273.040009,278.19,1282900
2022-01-05,276.51001,278.070007,263.81,264.32001,1559900
2022-01-06,261.94,266.070007,259.94,264.10999,1679400
2022-01-07,262.5,266.64001,258.48999,262.32001,1179000
2022-01-10,256.54001,262.73001,250.60001,262.39001,1637500
2022-01-11,260.47,271.98999,260.0,270.63,1373100
2022-01-12,271.26001,274.95001,265.29001,269.60001,1186900
2022-01-13,271.81,273.31,259.59,260.17001,1297900
2022-01-14,258.079987,261.37,251.14,259.10001,1856700
2022-01-18,253.89999,257.98999,251.2,252.029999,1612900
2022-01-19,253.88,259.5,252.84,254.35001,1609600
2022-01-20,258.89999,262.48999,252.14,252.41,1908400
2022-01-21,250.22,250.61,238.82001,239.19,2880200
2022-01-24,234.25,246.28999,229.62,245.35001,3647000
2022-01-25,240.020004,240.94,230.92999,233.78,2851300
2022-01-26,237.10001,242.55,230.86,233.28,1989200
2022-01-27,235.61,239.75,228.070007,228.66,1562800
2022-01-28,229.61,239.78,226.39999,239.53999,1958800
2022-01-31,239.71001,249.91,239.28999,249.78999,1415700
2022-02-01,250.89,250.96001,244.56,249.77,1468500
2022-02-02,250.92999,252.34,245.86,248.0,1431800
2022-02-03,242.45,245.84,236.81,237.75999,1570000
2022-02-04,235.52,244.64999,235.50999,241.24001,1458400
2022-02-07,242.53999,245.42,239.47,240.48,1313300
2022-02-08,240.19,242.25999,237.0,241.10001,1635600
2022-02-09,244.35001,251.42,244.2,251.34,1441700
2022-02-10,242.67999,248.029999,236.49001,238.52,2050100
2022-02-11,239.77,241.080002,226.61,227.13,1864900
2022-02-14,227.66,231.33,223.81,226.89999,1692500
2022-02-15,229.94,234.41,227.69,233.38,1377900
2022-02-16,232.73,234.82001,227.27,233.74001,1358000
2022-02-17,231.3,231.78999,222.19,223.39,2230400
2022-02-18,224.49001,228.11,216.19,216.84,2792900
2022-02-22,216.5,219.78999,215.0,215.64999,3351800
2022-02-23,217.74001,218.89999,208.74001,209.020004,2786300
2022-02-24,204.13,218.34,199.63,218.17999,4380600
2022-02-25,218.17999,226.71001,212.73,219.62,2886000
2022-02-28,218.19,221.63,216.46001,220.23,1926700
2022-03-01,220.94,222.62,213.3,214.0,1845900
2022-03-02,216.34,218.16,209.52,216.50999,1677100
2022-03-03,219.45,219.45,208.56,210.0,1730000
2022-03-04,209.0,212.35001,206.52,207.66,1963000
2022-03-07,207.89999,209.69,199.020004,199.089996,1930500
2022-03-08,197.7,202.57001,192.34,195.95,1974000
2022-03-09,202.71001,207.75999,200.98,204.88,1850000
2022-03-10,199.88,203.070007,198.039993,199.78999,1458900
2022-03-11,198.25999,200.63,192.11,192.31,1987000
2022-03-14,192.31,194.17,186.28999,188.7,2193900
2022-03-15,190.36,193.72,188.99001,192.42999,1696700
2022-03-16,195.97,204.63,195.36,204.5,2431900
2022-03-17,204.050003,212.22,202.37,211.64999,2241400
2022-03-18,210.0,215.31,209.85001,213.3,2777300
2022-03-21,211.73,213.84,208.059998,212.38,1641000
2022-03-22,211.98,218.87,211.020004,216.66,1470700
2022-03-23,213.75999,214.97,206.33,207.34,2462900
2022-03-24,208.89999,213.080002,204.58,213.050003,2507700
2022-03-25,213.25999,214.74001,207.75999,212.14,1466000
2022-03-28,212.87,216.089996,211.45,215.41,1698200
2022-03-29,219.55,223.45,217.96001,223.0,1799200
2022-03-30,218.62,223.81,218.28,221.0,1747100
2022-03-31,219.42,221.71001,214.19,214.35001,1967700
2022-04-01,215.62,217.23,210.56,213.039993,1329100
2022-04-04,213.88,220.41,213.75,218.77,1128400
2022-04-05,218.16,218.58,210.67999,211.55,1415800
2022-04-06,207.23,208.98,202.58,203.94,1947000
2022-04-07,202.42999,206.86,201.52,204.77,1391900
2022-04-08,201.94,205.47,198.2,202.25,1421100
2022-04-11,198.41,202.089996,197.64999,199.029999,1455300
2022-04-12,203.39999,206.23,195.24001,196.14,1335900
2022-04-13,196.0,202.19,195.34,201.74001,1158900
2022-04-14,202.97,203.17,196.22,196.73,1197200
2022-04-18,195.089996,198.7,193.64,196.53999,1142200
2022-04-19,194.35001,205.74001,194.35001,203.8,1764200
2022-04-20,205.86,207.050003,201.72,201.92,1244500
2022-04-21,204.92,209.0,193.98,195.13,1536900
2022-04-22,194.57001,195.62,187.070007,187.31,1686900
2022-04-25,186.64999,191.53999,185.55,191.14999,1719000
2022-04-26,189.33,190.0,183.84,185.59,1606000
2022-04-27,185.59,189.67999,180.19,180.47,1917800
2022-04-28,185.25,198.039993,184.95,195.84,2083700
2022-04-29,193.71001,196.60001,188.75999,189.28,1425800
2022-05-02,189.23,193.28,186.75999,192.89999,1741600
2022-05-03,192.36,194.16,188.89,193.22,1696100
2022-05-04,193.7,204.10001,191.58,203.75,2023700
2022-05-05,203.78,204.78999,195.61,198.39,3483900
2022-05-06,196.39,197.64999,187.11,193.77,2921600
2022-05-09,189.33,191.91,185.029999,186.32001,3236800
2022-05-10,193.3,194.32001,181.17,186.41,2757000
2022-05-11,183.50999,191.83,179.75,180.67999,2388400
2022-05-12,177.48,186.64,175.41,185.050003,2554300
2022-05-13,187.12,197.5,186.56,197.070007,1731400
2022-05-16,194.45,196.38,191.66,192.58,1342900
2022-05-17,197.0,198.99001,189.53999,195.64,1596100
2022-05-18,192.089996,193.95,186.39999,187.98,1286900
2022-05-19,187.39999,196.82001,186.28,193.72,1554500
2022-05-20,196.21001,197.97,185.58,191.41,2246100
2022-05-23,182.95,184.88,173.89999,183.50999,3781100
2022-05-24,181.48,182.92999,176.42999,179.55,2368300
2022-05-25,180.12,187.66,178.60001,186.53,1841800
2022-05-26,187.38,193.56,185.42,191.63,2278000
2022-05-27,204.0,211.85001,201.0,211.38,2985300
2022-05-31,209.69,210.029999,204.059998,207.75,3012800
2022-06-01,210.0,212.78999,205.78999,207.38,1417600
2022-06-02,207.22,214.24001,206.73,214.089996,1509800
2022-06-03,210.080002,210.85001,206.31,208.37,1105200
2022-06-06,211.27,212.28999,207.47,208.60001,835400
2022-06-07,206.50999,211.13,205.10001,207.17,1249800
2022-06-08,206.32001,207.59,203.35001,203.73,872900
2022-06-09,202.77,203.19,194.96001,195.059998,975400
2022-06-10,189.84,190.7,184.45,187.080002,1722900
2022-06-13,179.61,182.28,172.16,173.10001,1914800
2022-06-14,174.39999,175.39,170.059998,171.59,1591300
2022-06-15,174.57001,180.27,171.67,176.71001,1911700
2022-06-16,171.029999,171.62,163.2,164.31,2104600
2022-06-17,164.39,169.81,164.39,167.77,3324000
2022-06-21,170.089996,172.55,166.27,166.88,1464900
2022-06-22,166.080002,171.13,165.0099945,169.14999,1705700
2022-06-23,173.14,183.87,171.95,183.41,2636900
2022-06-24,184.32001,192.99001,183.25,192.48,2814100
2022-06-27,191.48,193.33,184.50999,185.87,1814300
2022-06-28,186.62,186.62,176.31,176.81,1561000
2022-06-29,177.7,179.49001,174.36,176.85001,1305600
2022-06-30,174.7,175.83,170.35001,171.96001,1706900
2022-07-01,172.78,174.62,170.48,173.86,1203100
2022-07-05,171.7,177.039993,170.22,176.89999,1833100
2022-07-06,179.96001,180.98,175.3,176.73,1027700
2022-07-07,176.27,182.55,175.92999,182.25,1091600
2022-07-08,181.38,182.19,175.75,179.83,1197800
2022-07-11,177.84,179.45,174.070007,176.72,991100
2022-07-12,177.42999,181.36,171.8,172.33,1425800
2022-07-13,167.0,171.67999,166.94,170.95,1139100
2022-07-14,170.75999,171.89999,167.21001,170.96001,1292500
2022-07-15,174.36,177.11,172.60001,176.21001,1443800
2022-07-18,178.34,179.5,175.61,177.22,2114100
2022-07-19,180.85001,185.059998,178.95,184.75999,1149900
2022-07-20,186.31,197.070007,185.53,196.38,1741700
2022-07-21,196.2,199.85001,195.32001,199.10001,1304400
2022-07-22,199.19,203.55,194.48,195.95,1457600
2022-07-25,194.75999,196.059998,192.53999,195.71001,1445000
2022-07-26,196.34,196.92,192.17,193.070007,1470700
2022-07-27,196.58,204.67,194.88,203.41,1574200
2022-07-28,203.3,212.62,203.22,212.16,1791900
2022-07-29,211.89,217.64999,211.21001,216.32001,1780000
2022-08-01,212.0099945,218.34,211.88,218.14,1446900
2022-08-02,214.36,217.87,213.28999,216.17999,1894000
2022-08-03,216.64,220.35001,215.99001,218.44,1562500
2022-08-04,218.75999,222.0,216.16,221.94,1645400
2022-08-05,216.46001,223.12,216.14,221.7,1113400
2022-08-08,222.96001,224.92,219.25,220.69,811000
2022-08-09,218.78999,219.19,215.12,218.14,970200
2022-08-10,225.14999,227.58,224.11,226.32001,1176900
2022-08-11,228.34,232.28,226.33,227.25999,1042800
2022-08-12,229.67999,233.14999,227.56,233.0099945,957200
2022-08-15,232.38,234.96001,231.92,234.039993,853200
2022-08-16,231.25,235.0099945,230.17999,233.64,893000
2022-08-17,230.37,231.31,227.66,228.2,1028800
2022-08-18,228.83,230.53,227.67,228.86,1043300
2022-08-19,226.62,226.62,221.49001,222.59,1064100
2022-08-22,219.45,219.50999,215.87,216.39999,1240900
2022-08-23,215.71001,218.77,213.2,213.63,1075300
2022-08-24,215.020004,217.27,213.44,214.42999,1758900
2022-08-25,234.72,234.99001,216.45,220.14999,3236600
2022-08-26,218.87,220.31,207.46001,207.77,1876200
2022-08-29,206.089996,208.81,204.27,205.71001,1162700
2022-08-30,206.72,208.080002,200.16,202.81,1347500
2022-08-31,205.83,207.0,200.87,201.74001,1236500
2022-09-01,200.31,202.3,195.31,201.95,1257000
2022-09-02,204.72,205.53,197.49001,198.69,1097400
2022-09-06,200.28999,201.31,196.55,198.17999,1334900
2022-09-07,199.57001,207.13,198.27,206.19,1325500
2022-09-08,203.2,210.3,202.41,209.82001,1805600
2022-09-09,211.41,213.28999,210.089996,211.67999,1097400
2022-09-12,212.89999,215.32001,210.86,215.16,1275700
2022-09-13,204.28,211.050003,204.11,208.34,3041600
2022-09-14,209.19,210.94,206.0,208.52,1787500
2022-09-15,207.0,209.97,200.070007,201.3,1630800
2022-09-16,196.0,196.44,191.87,194.97,2234800
2022-09-19,193.029999,196.96001,191.92999,196.89,993500
2022-09-20,195.53999,197.42,193.50999,194.97,850700
2022-09-21,197.39999,201.22,191.94,192.42,1199900
2022-09-22,189.82001,191.3,187.0099945,187.14999,1154300
2022-09-23,186.63,186.82001,181.67,184.56,1101400
2022-09-26,185.050003,188.84,183.71001,183.99001,1063000
2022-09-27,186.35001,189.66,183.020004,187.96001,1604100
2022-09-28,188.83,192.49001,186.67,190.98,1562400
2022-09-29,189.23,191.37,186.94,189.46001,1375200
2022-09-30,189.11,191.88,186.57001,186.8,1341000
2022-10-03,187.83,193.44,187.62,192.46001,1628600
2022-10-04,197.67,200.24001,197.3,199.99001,2117900
2022-10-05,196.14,205.17999,194.78,204.53,1995900
2022-10-06,203.81,209.64,203.37,205.87,1791600
2022-10-07,201.59,202.17,193.27,194.74001,1261200
2022-10-10,194.66,195.50999,187.50999,191.029999,1305100
2022-10-11,190.96001,192.029999,185.72,191.029999,1468100
2022-10-12,191.98,194.72,190.75,193.64,1523300
2022-10-13,186.59,195.24001,182.3,193.85001,1669800
2022-10-14,197.46001,197.91,189.56,189.81,1212700
2022-10-17,196.33,200.62,196.2,198.7,1281400
2022-10-18,204.67999,206.24001,197.38,200.7,1494000
2022-10-19,197.39999,200.36,196.020004,197.020004,767200
2022-10-20,197.96001,203.60001,196.85001,197.83,743100
2022-10-21,197.50999,202.21001,193.73,201.39,1053600
2022-10-24,202.89999,208.22,198.52,207.089996,1050800
2022-10-25,209.5,216.0099945,208.92,215.72,1237400
2022-10-26,213.33,219.62,211.0099945,214.56,1180100
2022-10-27,216.19,217.34,209.58,210.14999,1625000
2022-10-28,211.42,216.99001,208.59,216.39,1051900
2022-10-31,214.75999,216.28999,214.0,214.3,965000
2022-11-01,216.71001,218.53,212.25,214.050003,1105500
2022-11-02,214.41,214.41,199.12,199.38,2115900
2022-11-03,197.35001,200.63,194.0,194.22,1939800
2022-11-04,196.0,196.37,189.69,193.69,2641300
2022-11-07,195.12,196.85001,192.67,194.88,2247200
2022-11-08,196.0,203.88,194.0,199.0099945,1377500
2022-11-09,196.35001,197.92,194.039993,194.61,1206300
2022-11-10,208.27,223.37,207.95,222.96001,1946700
2022-11-11,222.5,232.44,221.39999,228.8,1870100
2022-11-14,225.63,226.64,221.080002,223.31,1523900
2022-11-15,231.2,233.69,229.89,232.3,1930300
2022-11-16,230.49001,231.23,219.82001,221.14,2290600
2022-11-17,215.86,218.089996,212.73,214.67999,1659800
2022-11-18,219.23,219.23,209.64999,210.37,1588200
2022-11-21,208.39999,209.16,205.92,206.5,1793700
2022-11-22,206.5,209.64,202.88,208.89999,2548700
2022-11-23,190.75,199.67,188.0099945,197.070007,6274800
2022-11-25,196.78999,200.96001,196.25,200.66,1318200
2022-11-28,199.84,202.98,194.78999,195.35001,1624500
2022-11-29,195.39999,196.53,190.96001,195.17999,1473800
2022-11-30,195.32001,202.81,193.92999,201.95,4608700
2022-12-01,202.37,208.7,202.12,206.92999,1649500
2022-12-02,200.89999,204.059998,200.19,201.11,1323500
2022-12-05,198.78,199.47,195.27,198.39,1547000
2022-12-06,197.33,197.78999,191.81,194.61,1132300
2022-12-07,194.61,196.87,191.83,193.34,1281400
2022-12-08,194.28,197.89999,192.7,196.63,1370100
2022-12-09,195.77,197.27,193.84,194.31,1031000
2022-12-12,193.27,199.98,193.14,199.88,1344400
2022-12-13,210.88,211.83,201.49001,203.020004,1535400
2022-12-14,203.41,206.77,199.050003,200.059998,1404500
2022-12-15,195.8,197.5,192.22,194.11,1808200
2022-12-16,192.73,195.12,189.84,192.39999,2292800
2022-12-19,192.72,192.72,188.14999,188.53999,1281000
2022-12-20,186.28,189.78,185.50999,187.92,949400
2022-12-21,188.67,193.38,186.28,192.23,1177300
2022-12-22,189.31,190.11,185.85001,188.10001,1998700
2022-12-23,186.36,188.8,185.75999,188.16,941100
2022-12-27,188.070007,188.070007,185.3,186.28999,914100
2022-12-28,184.49001,187.41,181.59,181.89999,1172100
2022-12-29,183.47,189.28,182.85001,188.12,988600
2022-12-30,184.78,186.94,183.070007,186.87,1057500
2023-01-03,190.62,192.96001,183.0,185.14999,1181600
2023-01-04,187.89,190.71001,186.0,187.96001,1069600
2023-01-05,186.050003,186.32001,180.38,182.070007,1488400
2023-01-06,184.23,188.60001,179.61,187.19,1294700
2023-01-09,190.52,199.089996,190.48,192.47,1400800
2023-01-10,190.23,194.3,190.23,193.42999,1126800
2023-01-11,195.36,200.28,194.059998,199.92999,1144100
2023-01-12,199.58,201.8,197.089996,199.96001,1247100
2023-01-13,197.059998,201.039993,197.059998,200.59,961000
2023-01-17,200.14,202.61,199.46001,200.7,1194500
2023-01-18,201.38,205.47,197.67,198.020004,1117900
2023-01-19,195.67999,199.25,195.64999,196.050003,987400
2023-01-20,198.24001,206.73,198.2,205.89999,1248400
2023-01-23,206.059998,211.63,205.10001,211.28999,1079300
2023-01-24,209.31,210.61,204.84,206.42999,908400
2023-01-25,202.0,203.81,198.0099945,202.5,1273200
2023-01-26,206.27,209.24001,205.77,208.46001,876600
2023-01-27,206.33,212.5,206.0,210.88,1284600
2023-01-30,207.070007,210.60001,206.8,209.12,1122000
2023-01-31,210.33,215.55,208.89,215.16,1633300
2023-02-01,213.89,223.99001,212.98,222.19,1313700
2023-02-02,226.42999,232.14999,225.81,228.22,1827400
2023-02-03,221.67999,227.49001,221.0,223.66,1199500
2023-02-06,219.020004,220.53,216.94,218.34,1174800
2023-02-07,217.85001,224.0099945,215.67999,223.64999,1021800
2023-02-08,223.86,225.95,220.94,221.32001,1024200
2023-02-09,224.42,229.42999,222.75999,224.64999,1581900
2023-02-10,220.94,224.84,219.84,222.8,1096400
2023-02-13,223.38,225.96001,222.85001,224.0,1021200
2023-02-14,223.37,229.33,222.080002,228.039993,1372900
2023-02-15,226.48,229.32001,225.39,229.28,926900
2023-02-16,223.75,225.39,221.17999,222.13,825400
2023-02-17,219.39,221.24001,216.5,219.98,1194100
2023-02-21,215.72,218.42999,214.31,215.55,1277500
2023-02-22,215.71001,218.46001,215.31,216.7,1465000
2023-02-23,218.059998,221.55,216.12,221.16,2070900
2023-02-24,203.19,205.11,191.44,192.53,4971500
2023-02-27,195.0,200.0,194.080002,196.67999,2251800
2023-02-28,195.11,201.67,195.11,198.69,1896000
2023-03-01,199.48,200.13,195.17999,196.38,1300100
2023-03-02,195.69,201.97,195.53,201.13,1523300
2023-03-03,201.75,208.12,201.75,207.46001,1789900
2023-03-06,208.0,211.12,206.97,208.33,1299100
2023-03-07,209.0,211.50999,205.070007,205.48,1209800
2023-03-08,205.84,207.58,203.070007,204.50999,1012300
2023-03-09,205.71001,208.75,199.89999,200.49001,1439700
2023-03-10,201.11,201.37,193.12,194.020004,1341700
2023-03-13,193.33,200.3,191.039993,197.87,1905500
2023-03-14,200.070007,202.5,196.35001,199.22,1792500
2023-03-15,196.17,197.42,193.16,195.78999,1857200
2023-03-16,196.17999,202.14999,195.23,200.59,1463000
2023-03-17,199.3,202.71001,196.89999,199.11,2216100
2023-03-20,200.31,202.89,198.24001,200.42,1577400
2023-03-21,202.0,208.62,201.58,207.14999,1785700
2023-03-22,206.44,207.28,198.34,198.38,1718900
2023-03-23,200.92,204.67,199.11,201.14,1549700
2023-03-24,201.070007,202.97,198.16,200.22,1403800
2023-03-27,201.55,202.82001,197.25999,198.75,1580700
2023-03-28,196.75,197.82001,195.13,197.27,1463000
2023-03-29,199.61,199.94,197.62,199.16,1206600
2023-03-30,201.070007,202.82001,200.12,201.61,1072900
2023-03-31,202.78,208.38,202.0099945,208.16,1871100
2023-04-03,205.089996,207.86,204.34,207.58,1472600
2023-04-04,209.0,210.89,202.13,203.32001,1300700
2023-04-05,201.62,202.37,195.92999,197.55,1518000
2023-04-06,196.89,198.32001,194.62,197.34,1174500
2023-04-10,195.0,198.53,193.28999,198.14,1075100
2023-04-11,197.39,198.73,195.7,197.78,993100
2023-04-12,200.82001,201.17999,192.75999,193.16,1818700
2023-04-13,194.88,196.92999,194.14,196.31,1685500
2023-04-14,195.96001,199.39,192.88,194.66,1478800
2023-04-17,196.64,200.080002,195.35001,197.089996,1343500
2023-04-18,199.8,200.82001,196.35001,197.45,1013200
2023-04-19,195.55,196.94,193.67,196.56,932200
2023-04-20,194.50999,196.84,193.74001,194.64,1194100
2023-04-21,194.41,195.16,192.27,194.089996,891700
2023-04-24,193.81,196.23,192.62,195.84,999900
2023-04-25,193.82001,194.14999,190.13,190.21001,1115000
2023-04-26,191.19,192.39999,189.2,189.89999,1062100
2023-04-27,192.35001,192.62,188.38,190.11,1513200
2023-04-28,189.42,194.89999,188.45,194.78999,1138700
2023-05-01,194.78999,197.31,193.27,196.47,917100
2023-05-02,196.56,197.029999,191.78,192.42,1421700
2023-05-03,193.58,197.45,193.38,193.7,972500
2023-05-04,194.57001,195.38,191.77,193.029999,855900
2023-05-05,193.98,196.5,192.89999,194.94,1281200
2023-05-08,193.47,194.7,189.53999,191.99001,1045600
2023-05-09,191.53,194.52,190.95,192.73,959700
2023-05-10,196.080002,197.46001,193.23,196.32001,1437600
2023-05-11,196.12,196.82001,192.28999,193.10001,731400
2023-05-12,193.64,194.89999,192.67,194.45,948800
2023-05-15,193.73,197.0099945,191.25999,196.91,835000
2023-05-16,196.17999,197.42,193.19,193.25,1059900
2023-05-17,195.059998,199.089996,193.14,198.46001,1212700
2023-05-18,198.5,205.0,198.42,204.84,1591400
2023-05-19,204.0,204.25,199.25,200.89,1522200
2023-05-22,201.48,204.23,199.62,203.49001,1058800
2023-05-23,199.27,201.83,196.50999,196.64,1696300
2023-05-24,193.94,198.020004,192.5,196.75,1757100
2023-05-25,197.84,199.50999,195.67,197.56,2487100
2023-05-26,200.77,202.5,193.19,198.89999,2839300
2023-05-30,202.2,202.88,192.98,195.039993,1776300
2023-05-31,195.46001,200.86,194.82001,199.39,3895700
2023-06-01,199.21001,205.39,197.050003,203.3,1549100
2023-06-02,205.31,208.48,203.0,204.24001,1385500
2023-06-05,203.92999,208.91,202.72,208.42999,1341300
2023-06-06,209.24001,209.92,207.17999,208.0099945,926800
2023-06-07,208.25,208.47,200.33,201.16,1329700
2023-06-08,201.13,201.78,198.41,200.16,1043100
2023-06-09,200.64999,203.35001,198.0099945,201.39,1348300
2023-06-12,202.91,208.24001,202.89,208.10001,1511100
2023-06-13,208.62,213.55,207.37,213.28999,1799600
2023-06-14,212.85001,214.89999,209.66,213.55,1933400
2023-06-15,211.41,222.14999,211.39,221.42999,2128100
2023-06-16,223.64,223.64,212.36,213.5,3289000
2023-06-20,211.63,214.029999,209.27,211.99001,1730900
2023-06-21,210.0,212.12,207.69,207.98,1711800
2023-06-22,207.050003,207.85001,205.039993,206.7,1889600
2023-06-23,202.86,203.19,200.25,202.0,1538600
2023-06-26,201.14,204.44,199.64,200.78,1286900
2023-06-27,201.75999,207.25,201.050003,206.85001,1556800
2023-06-28,206.14999,208.36,203.91,206.3,1194400
2023-06-29,207.020004,210.5,205.36,206.17999,1104300
2023-06-30,207.42,207.75999,203.75,204.61,2094800
2023-07-03,203.0,205.19,202.11,203.7,818900
2023-07-05,202.41,203.97,200.50999,203.85001,1688600
2023-07-06,200.0,201.19,197.52,201.050003,1685700
2023-07-07,200.39999,203.95,200.39999,201.57001,1176300
2023-07-10,201.0,208.070007,201.0,207.33,1097400
2023-07-11,207.59,212.66,206.88,212.050003,1183500
2023-07-12,216.67,218.020004,214.92,215.32001,1469800
2023-07-13,217.98,218.84,216.52,216.59,1011800
2023-07-14,215.95,216.070007,210.5,214.14,1189400
2023-07-17,213.49001,216.12,212.7,213.73,1428400
2023-07-18,212.57001,217.92,212.41,217.24001,1754800
2023-07-19,217.97,222.63,216.84,219.070007,1869400
2023-07-20,217.14,218.53,210.66,210.97,1163300
2023-07-21,213.11,214.91,209.25,209.89999,4587600
2023-07-24,210.82001,212.2,207.58,210.53,1508100
2023-07-25,211.0,212.64,210.5,210.75999,850400
2023-07-26,208.63,213.67999,208.23,212.75,1095000
2023-07-27,216.0,220.25,208.45,209.46001,1901900
2023-07-28,213.020004,215.28999,208.32001,209.78999,1479500
2023-07-31,210.83,212.17999,209.12,211.99001,1302000
2023-08-01,211.17,213.25,209.0,212.45,757200
2023-08-02,209.45,209.83,203.67999,206.78,1386700
2023-08-03,203.97,206.050003,202.33,202.62,1426800
2023-08-04,204.91,204.91,200.53999,201.57001,1017600
2023-08-07,202.52,204.32001,201.53999,203.72,849300
2023-08-08,200.89999,203.96001,198.86,203.23,1227000
2023-08-09,203.7,206.72,203.25,204.77,1949400
2023-08-10,208.33,210.86,206.089996,208.059998,1660300
2023-08-11,205.75,209.0,205.60001,207.96001,1167900
2023-08-14,206.89,211.92999,206.89,211.48,1096400
2023-08-15,209.91,211.78999,208.81,209.53,1289700
2023-08-16,208.84,210.039993,203.57001,203.64999,1517300
2023-08-17,203.96001,204.10001,198.46001,198.7,1526100
2023-08-18,196.5,200.53,195.28999,199.67999,975700
2023-08-21,200.39999,202.92,199.74001,202.020004,951300
2023-08-22,202.34,202.81,200.0,200.58,1041400
2023-08-23,202.25,205.81,201.97,204.36,1697500
2023-08-24,215.5,216.75,208.14,208.60001,2648100
2023-08-25,209.85001,216.8,209.49001,215.92,1933700
2023-08-28,217.23,218.41,216.080002,217.089996,1098000
2023-08-29,217.0,219.57001,215.7,219.39999,1151900
2023-08-30,219.39999,223.45,218.48,221.55,1331100
2023-08-31,221.74001,224.25999,220.89,221.94,1729100
2023-09-01,224.070007,224.13,218.45,220.020004,1160700
2023-09-05,218.089996,220.78999,216.59,219.46001,1189800
2023-09-06,219.080002,222.69,218.14999,222.2,1709700
2023-09-07,221.14,221.62,218.17999,221.0099945,1288200
2023-09-08,220.56,221.92,217.86,219.19,1002200
2023-09-11,219.49001,220.42999,217.5,218.74001,838800
2023-09-12,215.13,217.070007,211.25,211.8,1574600
2023-09-13,212.2,213.83,210.57001,212.25999,1095000
2023-09-14,213.34,217.2,211.60001,216.67,1137200
2023-09-15,216.67,217.36,212.81,213.35001,1944400
2023-09-18,212.44,214.21001,212.19,213.52,880400
2023-09-19,212.13,212.60001,209.070007,212.059998,1146000
2023-09-20,213.12,213.42999,207.61,207.73,1230300
2023-09-21,206.78,207.11,203.2,204.059998,1425000
2023-09-22,204.55,206.28,203.78999,204.039993,1122700
2023-09-25,203.0099945,205.7,202.0,205.67,1141900
2023-09-26,204.050003,204.58,200.25999,201.66,1544400
2023-09-27,202.059998,203.64,200.089996,202.28,1065000
2023-09-28,202.28,208.57001,201.95,207.89,1466200
2023-09-29,209.71001,210.99001,206.58,206.91,1073900
2023-10-02,206.059998,209.42,205.53999,208.99001,855100
2023-10-03,207.89,209.050003,201.21001,203.28,1103100
2023-10-04,204.28,207.62,204.050003,207.059998,892700
2023-10-05,206.23,206.46001,200.41,203.96001,958600
2023-10-06,202.080002,211.28,201.33,210.039993,1238100
2023-10-09,208.10001,211.050003,206.61,210.56,766000
2023-10-10,211.14999,214.91,210.0,212.47,914200
2023-10-11,214.10001,215.17999,211.63,213.2,965500
2023-10-12,213.83,215.0,211.12,212.77,1207100
2023-10-13,212.83,213.75,208.63,209.47,1313900
2023-10-16,211.020004,213.97,210.10001,211.78,786400
2023-10-17,209.32001,215.44,208.23,213.99001,1004200
2023-10-18,211.35001,212.089996,209.070007,209.64,1307500
2023-10-19,210.33,210.92999,205.2,206.070007,1383500
2023-10-20,206.25,206.72,201.34,202.69,1060600
2023-10-23,201.62,203.17,198.82001,199.72,1012500
2023-10-24,201.82001,205.71001,201.47,205.039993,998700
2023-10-25,203.14999,204.41,199.82001,200.21001,1155800
2023-10-26,201.0,202.42,192.92,196.12,1944200
2023-10-27,196.25,197.11,192.88,195.14999,1157400
2023-10-30,196.080002,198.67,194.62,197.78999,1084400
2023-10-31,198.28999,198.63,195.32001,197.63,1057700
2023-11-01,198.12,199.46001,195.94,198.92999,1066700
2023-11-02,199.50999,200.28,192.0099945,199.24001,1940000
2023-11-03,200.74001,205.35001,200.28,203.98,1354500
2023-11-06,203.17,203.33,199.84,201.99001,1005500
2023-11-07,204.020004,206.75,202.78999,205.31,910200
2023-11-08,206.16,207.92,205.36,206.92999,745300
2023-11-09,208.020004,208.88,204.39999,204.67999,844800
2023-11-10,205.25999,211.050003,203.72,210.58,1013800
2023-11-13,209.25999,211.97,208.42,210.10001,1055700
2023-11-14,214.53999,218.070007,213.97,217.36,1155500
2023-11-15,217.21001,218.25999,215.52,216.11,1031500
2023-11-16,216.10001,217.5,213.89,215.020004,1130400
2023-11-17,215.3,217.53999,214.33,217.33,1131100
2023-11-20,217.49001,221.97,217.17999,219.7,1522200
2023-11-21,219.0,221.99001,216.63,217.67,2109800
2023-11-22,201.25,208.55,200.050003,202.66,4286500
2023-11-24,202.66,203.57001,201.11,203.42,912500
2023-11-27,202.21001,203.020004,200.85001,202.25999,1441400
2023-11-28,201.8,207.64999,201.8,207.37,1573200
2023-11-29,210.029999,217.39,210.029999,213.85001,2799400
2023-11-30,215.22,218.78,212.7,218.42999,3073700
2023-12-01,218.27,225.25999,217.0,224.92999,1976900
2023-12-04,222.94,224.28,217.96001,221.31,1747000
2023-12-05,220.0099945,220.84,216.78999,220.45,1386500
2023-12-06,221.71001,221.97,218.58,219.55,1463000
2023-12-07,220.0,224.46001,219.050003,223.84,1330400
2023-12-08,222.070007,225.31,221.89999,224.0099945,1073600
2023-12-11,224.50999,228.28,224.50999,226.089996,1487000
2023-12-12,224.83,228.95,224.25,227.94,1369300
2023-12-13,228.99001,235.0,227.89999,234.91,2051500
2023-12-14,235.36,242.64,235.25999,240.81,3303500
2023-12-15,241.35001,243.17,238.89,242.28999,3179500
2023-12-18,240.78999,242.47,236.35001,239.14,1764800
2023-12-19,239.64999,240.8,237.75,238.16,1528600
2023-12-20,237.33,241.56,235.72,236.71001,1353500
2023-12-21,240.64999,242.64999,239.059998,241.89,1024300
2023-12-22,243.74001,244.029999,240.31,242.75999,719400
2023-12-26,242.49001,245.36,241.96001,245.070007,595000
2023-12-27,245.36,245.88,244.38,245.11,771900
2023-12-28,245.63,245.85001,244.020004,244.91,537200
2023-12-29,243.72,245.39999,242.78999,243.48,721400
2024-01-02,240.78999,241.2,232.22,234.12,1443500
2024-01-03,231.71001,231.71001,227.039993,227.19,1278800
2024-01-04,227.19,229.57001,225.45,228.92,1552800
2024-01-05,228.77,231.86,228.41,229.52,1138100
2024-01-08,231.0,235.95,230.78,235.45,1447500
2024-01-09,233.5,236.67999,232.63,235.96001,878500
2024-01-10,236.19,239.17999,235.77,238.82001,964900
2024-01-11,239.53,241.020004,237.34,240.64999,1035400
2024-01-12,242.47,243.34,239.83,242.44,1012600
2024-01-16,240.28,242.67999,240.13,241.5,1364800
2024-01-17,239.66,240.44,235.96001,238.47,1330400
2024-01-18,238.35001,241.94,237.85001,241.17999,1042600
2024-01-19,242.37,249.050003,241.73,248.64,1205600
2024-01-22,250.0,252.81,249.81,250.78999,1441000
2024-01-23,251.17999,253.24001,249.31,252.78,1030000
2024-01-24,255.0,256.48001,252.5,252.66,1174500
2024-01-25,255.62,255.8,250.53,251.75,1116100
2024-01-26,252.39999,254.28999,250.86,253.070007,940200
2024-01-29,253.050003,257.63,252.69,257.23001,937300
2024-01-30,255.63,257.56,255.039993,256.47,1204400
2024-01-31,255.020004,256.92999,251.73,253.81,2017200
2024-02-01,253.48,255.77,251.37,255.070007,1214100
2024-02-02,254.5,259.25,254.050003,256.45001,1592900
2024-02-05,255.84,256.42001,251.74001,252.81,1336000
2024-02-06,254.070007,254.91,252.7,253.98,865200
2024-02-07,256.81,261.0,255.19,258.42999,1125200
2024-02-08,258.079987,262.92001,258.019989,261.51001,771100
2024-02-09,262.85001,269.53,262.85001,266.67999,1828600
2024-02-12,265.91,267.31,261.51001,262.040009,1055300
2024-02-13,254.14,258.73001,252.75,256.76001,1341600
2024-02-14,259.41,263.029999,259.13,262.17001,925500
2024-02-15,264.73999,264.94,259.59,261.25,724500
2024-02-16,261.0,261.44,257.20001,258.29999,1369400
2024-02-20,256.32999,256.70001,251.66,255.25999,1277500
2024-02-21,252.0,252.67999,249.13,252.52,742300
2024-02-22,258.64999,260.32999,255.77,256.98001,1077900
2024-02-23,259.25,260.0,256.85001,257.20001,821500
2024-02-26,257.84,259.14001,256.14001,257.35001,987800
2024-02-27,258.5,258.60001,255.96001,256.95001,951000
2024-02-28,254.8,258.84,254.66,255.25,1703000
2024-02-29,256.35001,258.98999,255.0,258.17001,3331700
2024-03-01,275.0,279.53,258.60001,264.73999,3852700
2024-03-04,263.01001,263.85001,259.66,260.70001,1945000
2024-03-05,257.35001,257.51001,246.17,247.28999,1850300
2024-03-06,248.14999,252.23,248.14999,251.10001,1008100
2024-03-07,252.89,256.089996,250.89,253.84,1380900
2024-03-08,253.77,256.029999,251.69,251.86,881500
2024-03-11,252.31,259.10999,251.38,258.26001,1469200
2024-03-12,258.85001,264.089996,258.39001,262.78,1437900
2024-03-13,262.91,264.079987,258.51001,258.70001,1134300
2024-03-14,258.56,259.47,254.38,258.53,1227700
2024-03-15,256.66,258.040009,253.13,254.24001,3010900
2024-03-18,256.17999,259.48001,254.89999,255.17999,906300
2024-03-19,253.050003,257.23999,251.37,256.19,857600
2024-03-20,257.35001,262.82999,256.73001,262.42999,1259900
2024-03-21,265.0,268.89999,263.89999,265.75,1693300
2024-03-22,265.10999,267.040009,262.73001,262.85999,893000
2024-03-25,260.59,262.82001,258.32999,261.57001,1076600
2024-03-26,262.019989,264.63,261.51001,261.67001,939800
2024-03-27,260.59,262.29999,258.029999,260.97,992300
2024-03-28,261.31,262.95001,259.73999,260.42001,896000
2024-04-01,259.89999,260.75,256.39001,259.44,791600
2024-04-02,249.55,252.75999,247.19,248.71001,1692000
2024-04-03,247.59,250.85001,245.5,246.38,1326000
2024-04-04,248.53999,252.67999,243.73,244.81,1437600
2024-04-05,246.0,248.28,244.070007,244.74001,1330000
2024-04-08,244.75999,247.14999,244.39,245.89,1273500
2024-04-09,246.86,248.45,244.60001,247.92999,840600
2024-04-10,243.59,244.2,238.10001,239.0099945,1284900
2024-04-11,239.059998,242.56,237.53999,241.059998,1171300
2024-04-12,236.58,238.0,234.050003,236.98,1617000
2024-04-15,239.95,239.95,228.91,229.62,1385700
2024-04-16,230.39999,230.42999,227.57001,228.24001,2120200
2024-04-17,212.77,219.5,207.42999,214.92,6357400
2024-04-18,214.56,214.75999,206.23,210.63,4608900
2024-04-19,211.55,216.84,210.2,216.5,3157500
2024-04-22,218.7,219.27,214.33,217.13,1776400
2024-04-23,217.13,219.35001,217.13,217.92999,1504600
2024-04-24,217.35001,218.62,214.14999,215.0,2628200
2024-04-25,214.33,216.8,213.53999,216.39999,2211400
2024-04-26,215.77,219.36,215.5,217.92999,1277900
2024-04-29,218.38,219.089996,214.49001,216.78,1437000
2024-04-30,216.45,217.64,212.75,212.85001,1427500
2024-05-01,211.0,216.0,209.080002,210.71001,1687700
2024-05-02,211.85001,212.39999,208.8,209.95,1589200
2024-05-03,214.37,217.35001,214.14,215.19,1197100
2024-05-06,215.52,217.2,214.49001,216.7,1343800
2024-05-07,216.38,216.74001,213.45,214.62,1860000
2024-05-08,213.75,214.67999,213.0,213.95,1189700
2024-05-09,214.8,218.73,213.66,218.63,1487000
2024-05-10,219.42999,220.73,216.61,217.77,1032800
2024-05-13,219.78999,219.98,216.13,216.64999,1465600
2024-05-14,215.75999,217.059998,214.74001,215.83,1883300
2024-05-15,219.13,221.64999,217.72,220.24001,1251000
2024-05-16,219.95,221.25999,218.42999,220.42999,1405400
2024-05-17,220.89,221.31,219.21001,221.21001,1568000
2024-05-20,221.39999,221.98,219.84,221.39999,1046100
2024-05-21,219.35001,220.60001,218.0,220.28,898300
2024-05-22,220.50999,221.83,219.46001,219.96001,1214300
2024-05-23,221.070007,221.2,214.52,215.16,1759100
2024-05-24,212.3,216.52,209.0,214.89,1496700
2024-05-28,213.63,213.63,209.75,210.45,1845300
2024-05-29,207.66,210.12,206.72,208.50999,2968800
2024-05-30,207.10001,207.10001,199.55,199.92999,4026500
2024-05-31,199.17,201.82001,195.32001,201.60001,4174800
2024-06-03,219.59,222.21001,208.34,210.82001,8149000
2024-06-04,211.0,214.070007,208.84,212.0,3179100
2024-06-05,213.69,218.27,212.98,216.28,2465800
2024-06-06,216.99001,219.38,215.11,215.87,2064800
2024-06-07,215.94,216.72,215.089996,216.050003,2411200
2024-06-10,213.69,218.64,213.69,218.2,1901600
2024-06-11,211.0,215.28999,205.86,211.5,3714900
2024-06-12,219.44,223.28999,214.50999,223.020004,4046800
2024-06-13,221.78999,224.53,221.039993,223.10001,2520200
2024-06-14,224.39,227.080002,222.37,225.87,2563000
2024-06-17,235.0,242.82001,230.60001,240.50999,5019800
2024-06-18,240.50999,245.74001,240.50999,244.12,3377000
2024-06-20,243.56,244.61,240.89999,243.50999,2763200
2024-06-21,244.3,244.32001,237.64999,242.31,5677300
2024-06-24,239.67,241.84,239.0,239.17,2799000
2024-06-25,240.89,243.070007,240.12,242.53,2760600
2024-06-26,240.49001,245.35001,240.49001,243.28,1717500
2024-06-27,243.45,246.55,242.39999,243.67999,1239400
2024-06-28,243.039993,248.2,243.039993,247.45,2851200
2024-07-01,248.62,249.0,242.28,245.83,1172600
2024-07-02,245.84,248.95,245.77,247.86,1062700
2024-07-03,248.17,248.31,245.48,246.3,907900
2024-07-05,246.27,248.71001,245.77,247.87,1344700
2024-07-08,246.10001,249.33,245.39999,247.96001,1230200
2024-07-09,243.17,245.99001,241.17999,243.96001,1708600
2024-07-10,243.67999,247.33,241.42,247.050003,1666300
2024-07-11,247.82001,252.63,247.82001,248.77,1267800
2024-07-12,249.12,255.55,248.63,253.45,1130300
2024-07-15,253.33,255.47,252.11,253.17,870300
2024-07-16,254.8,256.049988,252.34,253.82001,835900
2024-07-17,248.5,253.0,248.080002,250.17999,1239600
2024-07-18,249.67999,249.67999,240.64,242.81,1399100
2024-07-19,242.95,243.53999,239.62,242.45,1120500
2024-07-22,245.48,245.78999,242.89999,245.25999,712500
2024-07-23,244.96001,247.31,244.63,246.23,693900
2024-07-24,244.59,245.23,239.0099945,239.45,1510700
2024-07-25,240.17,245.64999,239.66,242.23,1680300
2024-07-26,243.8,245.34,239.99001,240.86,1267100
2024-07-29,242.55,244.029999,240.35001,242.58,723500
2024-07-30,244.19,245.63,240.059998,243.34,1141900
2024-07-31,246.39999,250.75,243.53999,247.52,1288900
2024-08-01,247.089996,248.61,238.57001,241.78,1299600
2024-08-02,236.67,238.0,230.64999,231.37,2812400
2024-08-05,226.7,228.25,223.029999,225.72,2341100
2024-08-06,230.44,236.49001,229.32001,234.23,2183700
2024-08-07,236.56,240.029999,232.36,232.57001,875700
2024-08-08,236.17,239.39999,233.42999,239.28999,911300
2024-08-09,238.16,242.28,237.84,240.44,876400
2024-08-12,240.17,241.75,238.0099945,239.57001,1000100
2024-08-13,242.10001,245.59,241.60001,244.61,1088000
2024-08-14,244.61,246.94,243.78999,246.22,790800
2024-08-15,248.17999,250.5,247.22,250.21001,933900
2024-08-16,248.39,249.28,246.33,248.23,1075400
2024-08-19,248.5,251.44,248.0,251.11,1050200
2024-08-20,250.77,251.89,249.78,250.13,871200
2024-08-21,250.31,252.92999,250.0099945,252.059998,1055900
2024-08-22,253.0,253.22,249.58,249.91,796900
2024-08-23,254.32001,255.78999,251.85001,255.25999,1413900
2024-08-26,256.92999,258.82001,255.82001,256.20999,979700
2024-08-27,256.0,258.48999,255.50999,256.98999,1059100
2024-08-28,256.01001,256.98001,252.58,254.62,1220800
2024-08-29,257.22,261.82001,256.62,258.23001,2225500
2024-08-30,270.0,275.67999,258.029999,258.39999,4054800
2024-09-03,261.76999,267.82999,256.82999,257.82999,2026700
2024-09-04,256.56,259.42001,255.37,255.78999,1472500
2024-09-05,257.019989,257.019989,249.86,251.77,2392700
2024-09-06,252.7,255.0,249.61,250.37,1487900
2024-09-09,251.62,256.049988,251.55,255.67,1497300
2024-09-10,256.17999,257.85001,252.23,257.60999,1895800
2024-09-11,255.63,259.67001,251.94,258.98001,2148200
2024-09-12,259.13,260.63,256.60999,259.47,1216700
2024-09-13,260.59,264.54999,260.0,263.95999,1468600
2024-09-16,265.5,269.0,265.0,267.73001,1410400
2024-09-17,268.089996,270.25,266.48999,266.89001,949800
2024-09-18,267.97,267.97,263.57001,264.20999,1155800
2024-09-19,270.25,272.34,267.79001,269.76001,1911500
2024-09-20,270.57999,272.72,266.5,267.29001,2551400
2024-09-23,269.23001,269.38,266.92001,268.45999,2070500
2024-09-24,267.94,270.12,266.62,269.64999,1189000
2024-09-25,268.95001,270.73999,267.57001,268.0,1174500
2024-09-26,271.13,273.48999,269.73001,273.35999,1108000
2024-09-27,273.35999,274.5,271.0,271.89999,614900
2024-09-30,274.84,275.85001,272.059998,275.48001,1109600
2024-10-01,274.60999,275.0,266.54999,267.47,1043900
2024-10-02,267.92001,271.98999,267.44,270.17001,827200
2024-10-03,267.54999,270.57001,267.54999,268.59,740000
2024-10-04,272.85999,273.85001,267.48999,271.16,846400
2024-10-07,268.32001,270.23999,266.019989,267.23001,757300
2024-10-08,268.19,276.26001,267.51001,275.079987,1413000
2024-10-09,274.92999,277.66,274.079987,276.88,782100
2024-10-10,275.0,277.91,275.0,277.70999,849100
2024-10-11,277.48999,282.54001,277.48001,281.67001,1332300
2024-10-14,283.14999,286.42999,281.25,285.31,1263900
2024-10-15,285.31,287.95999,285.29001,286.48001,1602400
2024-10-16,288.17999,289.35999,284.89999,289.19,1364300
2024-10-17,290.44,292.88,289.13,290.57001,1808600
2024-10-18,290.57001,294.13,290.0,292.98999,1511700
2024-10-21,291.35999,293.75,288.79999,289.78,1254400
2024-10-22,287.54001,290.51999,286.25,288.48001,1012600
2024-10-23,287.12,287.57999,283.92999,286.29999,1209000
2024-10-24,288.54999,289.17001,285.51001,285.76999,1238300
2024-10-25,287.72,289.0,285.040009,286.040009,973400
2024-10-28,286.34,288.64001,286.34,286.51999,1016500
2024-10-29,286.32001,290.20001,284.48999,289.66,886800
2024-10-30,288.17999,291.20999,287.92999,288.82001,751600
2024-10-31,287.79999,288.47,283.42001,283.79999,1488000
2024-11-01,282.82999,289.26001,281.60999,286.57001,1047800
2024-11-04,287.19,289.76001,285.32001,287.62,896300
2024-11-05,288.84,293.059998,287.0,291.79001,1009200
2024-11-06,299.0,305.48999,297.91,302.32999,2258100
2024-11-07,302.95001,306.23001,301.049988,305.51001,1057200
2024-11-08,306.26001,307.17001,305.019989,305.56,968600
2024-11-11,305.45999,314.70001,304.64001,313.89001,1556800
2024-11-12,311.22,314.01001,304.75,309.73001,1748800
2024-11-13,308.63,315.73001,307.91,313.14001,1273500
2024-11-14,310.23001,312.88,305.98001,306.64999,1545600
2024-11-15,305.059998,305.079987,297.12,299.14999,2300200
2024-11-18,299.35999,303.01001,297.0,302.049988,920100
2024-11-19,298.13,306.39999,298.019989,305.20001,1348200
2024-11-20,305.92999,308.38,303.14999,307.84,1441900
2024-11-21,310.0,317.45001,308.25,315.41,1602100
2024-11-22,315.95999,321.89999,315.040009,321.26999,1905300
2024-11-25,324.53,326.62,318.69,319.39001,2967000
2024-11-26,320.79001,320.98999,316.54001,317.95999,2519900
2024-11-27,293.20001,301.47,289.64999,290.64001,3442300
2024-11-29,289.029999,292.62,289.029999,291.89999,1317800
2024-12-02,291.73999,297.94,291.44,296.64999,2073000
2024-12-03,294.14001,301.59,293.5,298.95999,1944500
2024-12-04,302.72,304.97,299.89001,304.23001,1528700
2024-12-05,302.53,307.25,301.32001,305.17001,1378800
2024-12-06,305.92001,309.42999,305.56,307.70999,1377600
2024-12-09,308.0,311.51001,305.72,308.54999,1599900
2024-12-10,306.16,307.79999,303.63,303.98999,1110000
2024-12-11,305.37,310.89999,304.76001,307.45999,1261700
2024-12-12,305.42001,310.29001,304.48999,309.34,998100
2024-12-13,308.13,308.35999,302.95001,303.76999,1131000
2024-12-16,303.92999,307.14001,302.37,304.89001,1186000
2024-12-17,302.63,303.39999,299.47,302.82001,1781500
2024-12-18,303.70999,304.070007,291.47,292.82999,1844800
2024-12-19,293.64999,297.82001,290.94,293.63,1381200
2024-12-20,290.70001,299.73999,288.54001,298.12,4190800
2024-12-23,297.98999,298.45001,294.35999,297.48999,876100
2024-12-24,297.54999,301.23001,296.67999,301.23001,560000
2024-12-26,299.42999,301.73001,299.42999,300.28,646800
2024-12-27,298.64001,298.84,294.57001,297.59,1041600
2024-12-30,292.98999,298.92001,291.73999,297.53,1191200
2024-12-31,298.54999,298.54999,294.97,295.57001,708100
2025-01-02,297.75,298.01001,291.79999,293.32001,975100
2025-01-03,295.23001,297.0,292.48999,294.059998,1176300
2025-01-06,293.10999,296.89999,291.17999,292.51001,1231400
2025-01-07,290.72,294.70001,289.029999,290.82001,1018600
2025-01-08,294.16,298.69,292.75,296.37,1369100
2025-01-10,291.37,292.60999,284.47,284.95999,2352200
2025-01-13,281.42001,287.040009,279.84,284.82001,1869600
2025-01-14,285.070007,289.31,284.82001,286.87,1137600
2025-01-15,293.47,296.19,290.73999,290.94,1554000
2025-01-16,290.44,293.35001,288.69,290.079987,1077300
2025-01-17,296.25,296.25,290.62,291.45001,1466100
2025-01-21,294.62,297.75,294.049988,296.91,1192100
2025-01-22,297.42001,302.20999,297.01001,301.45001,1498400
2025-01-23,297.60999,301.5,297.5,301.079987,1157500
2025-01-24,301.17999,302.54999,300.13,300.82999,764100
2025-01-27,295.28,302.85001,293.57001,299.070007,1365500
2025-01-28,306.0,314.10001,301.28,309.92999,2088900
2025-01-29,307.29999,308.0,302.20001,304.17001,1083500
2025-01-30,306.79999,311.5,306.70001,309.95001,1255600
2025-01-31,311.76999,317.049988,311.019989,311.34,1285300
2025-02-03,309.10999,310.0,302.38,306.23001,1447600
2025-02-04,307.57999,308.92001,304.48999,306.85001,884400
2025-02-05,306.87,311.64001,303.97,311.35999,947700
2025-02-06,311.5,312.079987,306.45999,307.70001,988000
2025-02-07,308.5,310.19,300.14001,301.14999,1485800
2025-02-10,303.76999,308.72,301.64001,304.98999,1761600
2025-02-11,302.059998,304.28,298.049988,299.72,1375500
2025-02-12,294.32001,298.32999,293.14001,297.28,1400100
2025-02-13,297.5,303.54999,297.45001,303.48001,1288000
2025-02-14,303.48001,304.97,301.29999,302.72,924100
2025-02-18,300.0,300.51999,291.019989,295.66,2746300
2025-02-19,293.67999,299.67001,292.41,299.059998,1601400
2025-02-20,298.92999,298.92999,289.89001,291.019989,1578600
2025-02-21,290.040009,291.39001,284.51001,285.0,1670100
2025-02-24,287.0,287.16,280.51001,285.26001,1374100
2025-02-25,285.040009,285.78,280.66,283.72,1873200
2025-02-26,284.26001,289.60001,284.17001,285.67001,1295700
2025-02-27,286.14999,293.17001,282.31,282.35001,3083000
2025-02-28,279.42001,285.0,267.12,274.20999,5094000
2025-03-03,278.26001,280.45999,270.60999,272.029999,2524500
2025-03-04,270.64001,271.0,262.79999,267.42999,2430600
2025-03-05,265.69,268.75,262.72,267.23999,1788700
2025-03-06,262.41,266.5,259.23999,260.39001,1641700
2025-03-07,259.57999,261.35001,252.17999,259.75,3448300
2025-03-10,256.60999,256.92999,246.31,248.39999,3198600
2025-03-11,247.56,254.38,246.95,250.85001,2776600
2025-03-12,254.5,255.91,250.11,251.85001,2432100
2025-03-13,251.85001,252.67,244.85001,246.92999,1498400
2025-03-14,248.99001,254.89,248.99001,254.42999,1303000
2025-03-17,252.96001,263.25,252.63,260.62,1785300
2025-03-18,259.95001,261.35999,257.98001,259.95001,1509700
2025-03-19,263.070007,271.63,263.0,268.29999,1930200
2025-03-20,268.049988,271.47,266.14001,267.82001,1465400
2025-03-21,262.45001,268.38,262.45001,267.25,2014200
2025-03-24,271.95999,272.31,269.019989,269.19,1660400
2025-03-25,270.59,273.79001,270.59,273.079987,1068500
2025-03-26,271.70999,274.26001,270.29001,271.20999,1092800
2025-03-27,268.5,273.51999,268.20001,269.81,1230500
2025-03-28,267.29001,268.57001,260.92999,261.63,1233400
2025-03-31,259.019989,262.17001,255.17999,261.79999,1844800
2025-04-01,261.17999,264.89999,258.26999,264.60999,1042900
2025-04-02,260.12,269.67001,259.35001,267.92999,1245700
2025-04-03,256.98001,260.42999,254.029999,257.14999,1791100
2025-04-04,250.11,252.66,244.39,245.50999,3161400
2025-04-07,237.63,253.96001,232.67,243.62,3597300
2025-04-08,249.71001,251.49001,235.2,238.84,1838100
2025-04-09,238.080002,265.14001,237.25,263.53,2456700
2025-04-10,257.16,259.20001,248.58,256.92001,2238400
2025-04-11,256.92001,260.79001,251.42,258.45001,1274600
2025-04-14,263.0,263.64001,258.20001,260.70999,1261600
2025-04-15,262.39999,266.54999,262.0,265.34,1082300
2025-04-16,261.79001,266.14999,257.91,260.16,1323100
2025-04-17,262.29999,262.39001,258.14001,259.47,1053400
2025-04-21,255.92,256.51999,250.46001,254.27,1277200
2025-04-22,257.81,263.14001,256.040009,261.14001,1072900
2025-04-23,265.48999,270.79999,263.57999,264.44,1021800
2025-04-24,265.54001,272.76999,265.019989,271.70999,1303300
2025-04-25,271.29999,272.26999,268.76999,269.92999,1308100
2025-04-28,269.79001,273.56,269.42001,271.47,1171900
2025-04-29,270.79999,273.17999,270.39999,272.89001,820400
2025-04-30,270.39999,274.87,267.60999,274.25,1226000
2025-05-01,276.14001,278.57001,273.14001,273.48999,1303900
2025-05-02,278.29999,281.19,276.32001,279.98999,959600
2025-05-05,278.19,283.26999,278.19,280.070007,894600
2025-05-06,277.88,281.29999,276.20999,278.64001,678300
2025-05-07,279.38,284.76999,279.37,283.35999,1271200
2025-05-08,284.89001,291.35001,284.059998,289.62,1149000
2025-05-09,289.79999,291.98999,285.76999,287.48001,906900
2025-05-12,295.95001,297.85999,292.51999,293.20001,1500000
2025-05-13,294.17999,298.82999,292.95001,297.01001,1220300
2025-05-14,295.85001,297.98999,294.64999,295.54001,1353200
2025-05-15,294.97,297.17999,294.39999,295.78,1780800
2025-05-16,296.10001,298.20999,294.82001,298.079987,1901600
2025-05-19,294.59,297.25,293.0,295.89999,1635400
2025-05-20,294.59,295.89999,292.26999,295.84,1388300
2025-05-21,292.76999,297.79001,291.79999,292.92999,1831200
2025-05-22,292.39001,296.44,292.37,295.0,2366800
2025-05-23,295.0,304.79999,291.53,295.35001,3197300
2025-05-27,297.51999,301.17999,294.79001,300.35999,2132600
2025-05-28,301.0,303.10001,298.85999,299.23001,1477600
2025-05-29,300.48001,301.17999,294.79999,297.0,1250600
2025-05-30,297.48999,298.0,293.70999,296.12,4533900
2025-06-02,294.41,295.88,291.23999,295.26001,1023700
2025-06-03,295.12,299.72,294.48001,299.51999,1525700
2025-06-04,299.10001,301.42999,298.040009,298.35999,1031200
2025-06-05,298.35999,300.67001,297.22,298.22,1091100
2025-06-06,300.17001,300.17999,297.39999,297.85999,941700
2025-06-09,297.0,298.79001,290.63,297.20999,1316600
2025-06-10,298.41,298.51999,295.97,297.54001,896700
2025-06-11,298.0,299.12,295.98001,296.76999,1198600
2025-06-12,296.92001,299.67001,296.10999,298.57001,1054300
2025-06-13,294.089996,296.69,291.14001,292.16,1129700
2025-06-16,293.35001,299.39001,292.89999,299.29999,1384900
2025-06-17,298.39999,300.51999,295.81,296.85001,1070000
2025-06-18,296.85001,297.57001,293.76001,295.19,1110700
2025-06-20,297.75,299.70001,295.079987,297.20999,2874600
2025-06-23,297.82001,301.17999,293.48999,300.95001,1828900
2025-06-24,304.019989,306.059998,301.92001,304.19,1470100
2025-06-25,304.38,305.0,302.019989,302.37,1226400
2025-06-26,303.48999,305.76001,300.70999,304.92999,1159900
2025-06-27,307.47,309.84,304.85999,305.13,1703000
2025-06-30,307.45999,310.23001,305.76001,309.57001,1570500
2025-07-01,308.41,312.51001,306.14999,311.67001,2001300
2025-07-02,309.88,310.82001,306.32001,310.34,1139500
2025-07-03,312.17999,318.25,310.34,316.66,836400
2025-07-07,317.73001,319.48999,313.81,315.31,1409800
2025-07-08,317.20999,319.13,314.70999,314.91,1457600
2025-07-09,316.070007,316.60001,300.0,307.26999,2562700
2025-07-10,300.0,300.48001,281.64999,286.10999,4698700
2025-07-11,285.60999,286.16,279.89999,280.39001,2441800
2025-07-14,298.37,298.37,286.69,294.54999,3744800
2025-07-15,293.26001,294.73001,288.64999,288.95999,1830900
2025-07-16,289.79001,290.92999,286.51999,289.47,1350000
2025-07-17,289.67001,292.38,288.85999,292.16,1639200
2025-07-18,293.70999,297.70001,292.29999,297.029999,2421100
2025-07-21,296.089996,298.76999,294.81,295.16,1592100
2025-07-22,296.45001,300.60001,295.57999,299.42999,1198200
2025-07-23,300.89999,302.39999,298.48999,300.98001,1683100
2025-07-24,301.01001,302.29001,299.040009,301.10001,1286900
2025-07-25,301.70999,304.35999,300.070007,303.28,1025300
2025-07-28,304.57999,306.10999,303.22,304.47,720100
2025-07-29,305.17999,307.78,304.42999,306.60999,1120900
2025-07-30,306.079987,309.81,305.48999,308.14001,960700
2025-07-31,307.92001,309.20001,302.23999,303.10999,1492200
2025-08-01,301.26001,301.51001,294.98001,297.019989,1346200
2025-08-04,299.25,302.91,298.98999,302.5,933600
2025-08-05,303.89999,304.25,298.85999,299.20001,816100
2025-08-06,300.82999,305.32999,300.14999,305.17999,1163600
2025-08-07,305.75,306.17999,288.92999,292.98999,1383000
2025-08-08,293.019989,294.54001,289.22,290.67999,1540500
2025-08-11,290.67001,292.23001,282.95999,284.62,2227600
2025-08-12,285.10999,286.45999,280.39001,283.029999,2345600
2025-08-13,284.72,287.089996,280.85001,287.01001,1974900
2025-08-14,286.070007,287.079987,282.67001,283.75,1412000
2025-08-15,285.059998,288.53,284.25,286.73001,1149600
2025-08-18,287.19,290.29999,286.67001,289.64999,936200
2025-08-19,290.38,294.19,289.17001,289.23999,1170400
2025-08-20,289.89001,290.049988,286.73001,288.63,1058200
2025-08-21,286.53,287.42999,285.17001,286.059998,1184500
2025-08-22,286.5,291.29999,285.28,290.23001,1116900
2025-08-25,290.39001,291.23001,284.31,285.34,1180100
2025-08-26,285.34,286.67001,281.75,282.45001,1922200
2025-08-27,283.45999,286.57001,283.20001,285.95001,1389200
2025-08-28,288.66,294.48999,287.79001,288.48999,4151600
2025-08-29,318.0,326.45001,307.26001,314.70001,4904200
2025-09-02,313.019989,319.47,312.64999,319.16,2665000
2025-09-03,320.29999,324.37,314.38,317.51001,1943100
2025-09-04,318.57999,320.0,312.60001,319.92999,1422000
2025-09-05,322.64001,326.85001,320.48001,326.37,1632200
2025-09-08,326.88,329.089996,324.42001,326.79001,1794000
2025-09-09,326.69,326.87,323.17001,325.19,1271400
2025-09-10,325.37,325.5,321.97,323.79999,1323700
2025-09-11,325.23999,326.5,323.14001,324.51999,1484100
2025-09-12,324.54001,324.63,318.76001,319.049988,1077500
2025-09-15,318.70999,321.47,318.51001,321.070007,1034100
2025-09-16,320.88,321.019989,316.17001,318.51001,1171800
2025-09-17,319.56,322.67999,317.39999,319.28,1758400
2025-09-18,321.73001,326.70999,319.82001,323.040009,1883600
2025-09-19,325.029999,326.54001,320.85001,322.67001,3364400
2025-09-22,321.39001,326.47,318.67001,324.39001,1695700
2025-09-23,323.45001,325.16,322.01001,324.85999,1417900
2025-09-24,325.48999,326.35001,322.45001,323.51999,1102600
2025-09-25,322.47,322.97,319.16,320.17001,1057800
2025-09-26,320.17001,323.44,319.39001,322.88,850800
2025-09-29,325.0,326.10999,320.94,322.029999,1162000
2025-09-30,322.23001,322.23001,314.84,317.67001,1159900
2025-10-01,318.79001,320.54001,311.63,315.73001,1786900
2025-10-02,314.82999,321.57001,314.35999,320.91,1367000
2025-10-03,320.14999,321.57001,318.10001,318.89999,971900
2025-10-06,322.0,326.20001,320.13,323.42999,1568800
2025-10-07,323.10999,324.0,309.57001,314.19,1468900
2025-10-08,315.0,315.82001,309.16,311.41,1429700
2025-10-09,310.5,312.92999,305.81,310.32001,1357000
2025-10-10,309.079987,312.29001,302.42999,303.5,1480200
2025-10-13,303.63,308.70001,302.66,307.97,982600
2025-10-14,304.57999,308.45999,303.10999,306.59,1338600
2025-10-15,308.64999,310.0,303.17999,305.079987,992900
2025-10-16,307.76001,308.91,298.79999,299.82001,1066200
2025-10-17,299.32001,305.26001,298.91,303.66,2202100
2025-10-20,305.0,308.079987,304.32001,307.95001,885100
2025-10-21,307.95001,311.47,306.98001,310.57001,710300
2025-10-22,309.82001,311.28,305.12,308.14999,1471300
2025-10-23,304.0,310.10001,304.0,309.84,1006900
2025-10-24,313.01001,314.51001,311.14999,312.88,953300
2025-10-27,313.35001,314.17001,311.13,313.53,938100
2025-10-28,312.87,315.0,310.73001,311.079987,919400
2025-10-29,306.53,307.0,296.019989,297.079987,1682200
2025-10-30,295.25,303.57001,295.25,300.76999,1527800
2025-10-31,300.42001,302.70001,297.92001,301.34,1076700
2025-11-03,302.98999,304.88,299.39999,303.64001,1079400
2025-11-04,302.26001,304.13,299.17001,300.85999,1301000
2025-11-05,301.23001,302.44,299.32001,300.95999,1250700
2025-11-06,299.45999,299.89999,293.72,294.85999,1165800
2025-11-07,294.60001,297.47,293.51001,297.17999,950500
2025-11-10,297.39999,299.54999,293.059998,298.72,1194200
2025-11-11,299.17001,302.42999,297.95001,301.85999,855600
2025-11-12,301.54999,303.20001,300.29999,301.73999,1191100
2025-11-13,300.5,301.79001,296.37,297.17001,1122700
2025-11-14,295.81,301.29999,292.57001,299.39001,1049800
2025-11-17,299.53,299.53,290.89001,291.95999,1081300
2025-11-18,292.87,294.35001,289.059998,292.23001,1526300
2025-11-19,291.60001,293.81,290.089996,291.19,1359000
2025-11-20,295.26001,296.89999,286.42999,286.95001,1212500
2025-11-21,288.69,293.13,286.32001,290.79999,1359300
2025-11-24,291.35001,292.79999,288.95001,289.85001,3027600
2025-11-25,290.28,297.67001,287.079987,294.42999,2336400
2025-11-26,313.97,320.0,299.13,301.38,4686400
2025-11-28,300.29001,304.0,299.42001,303.34,912400
2025-12-01,301.17001,307.37,300.32001,305.12,1464600
2025-12-02,306.059998,310.84,305.31,310.25,1625400
2025-12-03,308.76001,312.62,305.48001,307.23999,1346700
2025-12-04,307.79999,309.29999,303.76999,305.85001,1458000
2025-12-05,306.0,307.82999,304.29999,306.73999,1558800
2025-12-08,307.60001,309.22,298.63,301.39001,1667800
2025-12-09,301.070007,303.64999,299.53,300.75,1393600
2025-12-10,299.45999,304.69,297.51999,300.10001,1792800
2025-12-11,299.92999,305.0,298.20001,300.92999,1534500
2025-12-12,302.48001,302.48001,296.32999,297.64001,1425200
2025-12-15,299.20999,301.47,292.38,294.31,2281000
2025-12-16,294.31,296.22,291.88,293.98001,1482200
2025-12-17,294.13,298.29999,292.049988,292.97,1390500
2025-12-18,294.64999,300.029999,293.76999,299.23999,1960400
2025-12-19,299.92001,301.57999,297.89999,300.079987,3311300
2025-12-22,301.38,303.79001,299.37,300.47,1412200
2025-12-23,298.85999,300.38,295.60999,297.57999,1128400
2025-12-24,297.67001,298.64999,296.51001,298.20999,320800
2025-12-26,298.42001,300.72,298.34,300.70999,439300
2025-12-29,299.079987,303.10001,299.079987,301.23001,656900
2025-12-30,299.53,301.66,299.059998,299.54001,627700
2025-12-31,298.62,299.070007,295.85001,296.01001,749200
2026-01-02,296.0,296.059998,282.51001,286.73001,1317700
2026-01-05,288.040009,293.10001,286.63,288.66,1463800
2026-01-06,288.51001,294.23999,287.51999,293.17001,1264500
2026-01-07,294.73001,296.79999,293.040009,293.79001,987700
2026-01-08,291.0,292.049988,273.79999,276.57999,2778000
2026-01-09,276.79999,278.45001,273.79999,276.019989,1820900
2026-01-12,275.91,279.32001,274.019989,277.89001,1204600
2026-01-13,277.5,279.34,266.76999,270.63,2171000
2026-01-14,268.95001,271.01001,259.26999,261.28,2221200
2026-01-15,262.23001,264.079987,259.76001,262.26001,1773800
2026-01-16,262.72,266.39999,260.72,265.69,3839400
2026-01-20,261.54001,262.48999,252.55,253.87,2671200
2026-01-21,253.87,257.48999,253.34,257.44,2342600
2026-01-22,268.70999,271.44,263.049988,269.76999,3157400
2026-01-23,269.41,271.29001,266.87,270.0,1493400
2026-01-26,270.41,274.25,269.76001,272.34,1804300
2026-01-27,271.20001,272.049988,264.59,268.089996,1458400
2026-01-28,268.51001,271.12,266.60999,268.32999,1268100
2026-01-29,260.0,260.47,247.2,255.67999,3641800
2026-01-30,253.59,255.67,250.95,252.87,1739200
2026-02-02,259.60999,259.66,253.75,255.57001,1622000
2026-02-03,250.0099945,251.64,238.95,240.78999,3540400
2026-02-04,238.75999,249.85001,236.22,243.41,2728100
2026-02-05,245.84,246.78999,236.78,238.059998,3414200
2026-02-06,239.64999,242.44,234.0,240.39999,2139700
2026-02-09,238.86,243.089996,236.42999,242.53,1524400
2026-02-10,242.67999,247.12,241.16,243.58,2324100
2026-02-11,234.12,239.8,229.52,232.59,2622400
2026-02-12,232.60001,235.19,216.0099945,223.49001,5413400
2026-02-13,223.83,233.63,222.88,231.22,2752800
2026-02-17,228.10001,229.34,221.089996,225.32001,2629300
2026-02-18,224.49001,230.089996,223.21001,229.74001,2009500
2026-02-19,229.86,230.0,226.5,229.10001,1451000
2026-02-20,227.64999,232.21001,225.78,226.98,1743100
2026-02-23,223.63,225.64999,216.72,218.64,2060800
2026-02-24,217.53999,225.3,215.0099945,220.91,2204300
2026-02-25,220.95,225.8,219.050003,224.81,1955800
2026-02-26,228.42999,233.73,227.31,233.45,4076500
2026-02-27,233.58,248.7,233.3,245.87,5370700
2026-03-02,243.53,249.14999,243.0,246.94,2401000
2026-03-03,246.10001,254.83,244.45,253.39999,2606300
2026-03-04,253.3,258.81,252.5,257.89001,2656900
2026-03-05,258.54999,264.75,256.89999,264.12,2186400
2026-03-06,261.54001,263.049988,257.73001,260.98999,2021000
2026-03-09,260.76999,262.51999,256.5,260.75,1803400
2026-03-10,260.57999,261.78,252.089996,253.85001,1857600
2026-03-11,255.45,259.54001,249.75999,251.83,1959000
2026-03-12,250.71001,255.95,249.24001,249.89,1653500
2026-03-13,249.52,252.83,248.53999,251.17,1442800
2026-03-16,252.089996,253.020004,249.3,249.78,1353400
2026-03-17,250.59,259.39001,250.59,252.92,1254700
2026-03-18,250.28,254.44,248.25,248.48,1811000
2026-03-19,248.98,255.34,246.080002,247.64999,2148400
2026-03-20,245.95,248.61,241.5,247.99001,4418400
2026-03-23,248.28999,251.059998,244.73,247.44,2658100
2026-03-24,245.28,245.28,237.28,239.39,2224400
2026-03-25,241.24001,243.2,232.41,235.42,1685100
2026-03-26,234.66,243.62,234.32001,239.83,1468200
2026-03-27,237.63,237.87,229.24001,229.84,2233100
2026-03-30,232.25999,238.53999,231.050003,235.67999,1653500
2026-03-31,234.92,241.21001,234.89,239.39999,1947000
2026-04-01,238.86,240.49001,232.17999,237.87,1800300
2026-04-02,239.72,241.46001,234.089996,238.080002,1990700
2026-04-06,236.84,239.0,234.67,237.72,1189800
2026-04-07,236.33,238.60001,232.91,234.96001,1319000
2026-04-08,241.14999,244.8,239.029999,240.64999,1990500
2026-04-09,237.50999,238.5,217.17999,225.13,3604900
2026-04-10,221.53999,223.14999,214.10001,218.45,2504900
2026-04-13,218.0099945,227.53,216.42,227.14,2836300
2026-04-14,227.89,230.67999,225.080002,228.59,1813700
2026-04-15,234.78999,240.78,232.2,239.32001,1759600
2026-04-16,244.50999,245.58,240.42,243.16,1516700
2026-04-17,249.39999,250.0,241.27,242.020004,2550900
2026-04-20,241.48,246.3,241.25,245.31,1260400
2026-04-21,245.23,250.91,243.5,245.48,1441100
2026-04-22,247.28999,250.0,245.0,247.57001,1518100
2026-04-23,240.36,241.10001,227.0,231.98,2428600
2026-04-24,232.58,237.74001,231.17999,237.44,1386100
2026-04-27,235.91,241.58,234.67999,235.029999,1689400
2026-04-28,237.97,241.99001,232.22,234.85001,1705600
2026-04-29,233.84,235.98,231.14,235.87,1237600
2026-04-30,233.89999,237.67999,231.14999,237.0,1769600
2026-05-01,241.88,246.86,238.42,244.35001,2342500
2026-05-04,244.19,249.98,242.75999,247.53999,1621500
2026-05-05,247.2,250.35001,244.89999,249.42999,2207000
2026-05-06,245.38,248.75,240.0,243.080002,2073300
2026-05-07,246.56,255.14,246.56,251.039993,2026600
2026-05-08,247.64999,247.64999,241.92999,244.5,1747800
2026-05-11,241.83,244.97,234.28,236.070007,1926700
2026-05-12,238.029999,240.125,233.83,234.87,1490751
