DateTime,Open,High,Low,Close,Volume
2015-01-02,24.99,25.16,24.6,24.96,6910200
2015-01-05,24.75,24.9,24.15,24.16,11419800
2015-01-06,24.13,24.3,23.23,23.25,19678300
2015-01-07,23.37,23.54,23.09,23.47,15710300
2015-01-08,23.69,24.32,23.67,24.22,16696900
2015-01-09,24.1,24.34,23.9,24.24,8737000
2015-01-12,24.27,24.28,23.52,23.66,12581500
2015-01-13,23.9,24.28,23.21,23.33,14419300
2015-01-14,23.01,23.32,22.85,23.02,21954700
2015-01-15,23.57,23.72,23.24,23.33,26527200
2015-01-16,23.21,23.51,22.88,23.47,16733200
2015-01-20,23.58,23.77,23.31,23.63,13686000
2015-01-21,23.75,24.5,23.64,24.32,13106700
2015-01-22,24.3,24.63,23.77,24.62,12543500
2015-01-23,24.52,24.52,23.97,24.11,13218600
2015-01-26,24.11,24.3,23.81,24.24,7787700
2015-01-27,23.86,23.99,23.4,23.57,13424700
2015-01-28,23.78,24.2,23.35,23.38,10843000
2015-01-29,23.37,23.72,23.059999,23.62,8518900
2015-01-30,23.39,23.72,22.79,22.84,13074500
2015-02-02,22.92,23.0,22.29,22.86,14152300
2015-02-03,22.87,23.47,22.83,23.45,11810800
2015-02-04,23.46,23.85,23.44,23.62,14635900
2015-02-05,23.63,24.049999,23.37,23.96,13207000
2015-02-06,24.059999,24.67,23.93,24.24,16898700
2015-02-09,24.0,24.049999,23.48,23.51,11718200
2015-02-10,23.7,24.31,23.48,24.28,11140100
2015-02-11,24.27,24.35,23.99,24.26,14902200
2015-02-12,23.65,24.31,23.58,24.14,19818300
2015-02-13,24.07,24.53,23.94,24.12,12979000
2015-02-17,23.99,24.32,23.89,24.13,12948700
2015-02-18,24.1,24.24,23.9,24.1,11429700
2015-02-19,24.01,25.39,24.01,24.93,29232400
2015-02-20,24.92,25.57,24.8,25.13,23555700
2015-02-23,25.049999,25.25,24.75,24.91,14203100
2015-02-24,24.99,25.39,24.89,25.36,13374500
2015-02-25,25.24,25.39,24.91,25.1,11742700
2015-02-26,25.049999,25.049999,24.45,24.91,21342100
2015-02-27,24.88,25.25,24.74,25.049999,13294300
2015-03-02,24.94,25.64,24.94,25.63,17091100
2015-03-03,25.46,25.47,24.45,24.49,18989700
2015-03-04,24.44,24.45,23.96,24.27,12448600
2015-03-05,24.29,24.35,24.07,24.18,10047400
2015-03-06,24.11,24.21,23.65,23.91,18044100
2015-03-09,23.8,24.19,23.8,24.09,9924300
2015-03-10,23.94,24.049999,23.48,23.51,11622000
2015-03-11,23.64,23.83,23.44,23.46,16238700
2015-03-12,23.34,23.78,23.23,23.77,14311000
2015-03-13,23.98,24.32,23.93,24.24,14834900
2015-03-16,24.34,24.59,24.18,24.57,12944500
2015-03-17,24.4,24.49,24.15,24.21,12973600
2015-03-18,24.07,24.4,23.5,24.37,23018300
2015-03-19,24.37,24.37,23.97,24.08,9698600
2015-03-20,24.24,24.31,24.1,24.12,17346600
2015-03-23,24.14,24.46,23.96,23.97,11439900
2015-03-24,24.0,24.26,23.84,23.9,11834900
2015-03-25,23.88,23.95,22.5,22.63,25737200
2015-03-26,22.25,22.88,21.8,22.4,34670400
2015-03-27,22.51,22.95,22.31,22.83,20147100
2015-03-30,22.98,23.09,22.62,22.77,19359200
2015-03-31,22.55,22.76,22.43,22.56,13746600
2015-04-01,22.53,22.67,22.18,22.39,16055300
2015-04-02,22.48,22.61,22.2,22.27,9281100
2015-04-06,22.1,22.26,21.94,22.16,32215500
2015-04-07,22.19,22.27,21.79,21.99,28793600
2015-04-08,22.01,22.42,22.0,22.38,18046100
2015-04-09,22.31,22.58,22.11,22.51,14365500
2015-04-10,22.44,22.58,22.22,22.5,12043900
2015-04-13,22.44,22.58,22.31,22.33,8909000
2015-04-14,22.21,22.34,22.040001,22.2,12358400
2015-04-15,22.059999,22.71,22.049999,22.55,15021000
2015-04-16,22.2,22.22,21.71,21.88,33201500
2015-04-17,21.7,21.76,21.37,21.49,20698400
2015-04-20,21.71,21.93,21.68,21.76,13365200
2015-04-21,22.27,22.67,22.059999,22.29,30028400
2015-04-22,22.26,22.42,22.01,22.31,11528400
2015-04-23,22.14,22.24,21.95,22.17,9290300
2015-04-24,22.27,22.35,21.75,21.8,14286800
2015-04-27,20.53,20.55,19.64,19.97,219415200
2015-04-28,20.13,20.49,19.99,20.040001,55701400
2015-04-29,19.95,20.01,19.63,20.01,31274200
2015-04-30,19.92,19.92,19.65,19.79,33200100
2015-05-01,19.93,20.11,19.82,19.98,27346000
2015-05-04,19.98,20.08,19.86,19.88,14802900
2015-05-05,19.77,19.84,19.32,19.36,27823300
2015-05-06,19.45,19.56,19.17,19.45,24425100
2015-05-07,19.21,19.67,19.2,19.56,14345900
2015-05-08,19.78,19.85,19.65,19.69,15655300
2015-05-11,19.8,19.96,19.73,19.92,18837100
2015-05-12,19.91,19.99,19.78,19.89,15269900
2015-05-13,19.95,20.040001,19.78,19.93,23811200
2015-05-14,20.030001,20.1,19.79,19.86,30896500
2015-05-15,20.57,20.59,20.12,20.2,55400700
2015-05-18,20.26,20.34,20.02,20.19,24351900
2015-05-19,20.2,20.33,19.93,19.99,22054900
2015-05-20,19.95,20.07,19.87,19.91,17596200
2015-05-21,19.83,20.26,19.82,20.15,11819800
2015-05-22,20.18,20.28,20.07,20.14,13257200
2015-05-26,20.11,20.24,19.88,19.99,15117000
2015-05-27,19.96,20.5,19.96,20.34,16439200
2015-05-28,20.34,20.6,20.29,20.36,18479800
2015-05-29,20.43,20.43,20.059999,20.13,17857100
2015-06-01,20.030001,20.34,20.030001,20.31,11839700
2015-06-02,20.27,20.59,20.09,20.38,15954100
2015-06-03,20.54,20.59,20.33,20.36,9133500
2015-06-04,20.24,20.31,19.86,20.059999,17684700
2015-06-05,20.040001,20.23,19.93,20.15,12782500
2015-06-08,20.14,20.24,19.81,19.87,15101500
2015-06-09,19.82,20.01,19.71,19.91,12721000
2015-06-10,20.0,20.14,19.96,20.040001,14241500
2015-06-11,20.040001,20.11,19.74,19.78,16586500
2015-06-12,19.74,19.79,19.59,19.62,12228200
2015-06-15,19.45,19.79,19.34,19.71,15661300
2015-06-16,19.64,19.85,19.57,19.82,11534800
2015-06-17,19.79,19.9,19.52,19.54,18479200
2015-06-18,19.62,19.86,19.58,19.84,16078000
2015-06-19,19.83,19.93,19.68,19.72,16973900
2015-06-22,19.79,19.95,19.7,19.86,13235400
2015-06-23,19.84,20.13,19.83,19.96,11025300
2015-06-24,20.24,20.46,20.08,20.1,19194700
2015-06-25,20.22,20.28,20.01,20.059999,10723500
2015-06-26,19.96,20.16,19.63,19.78,17069800
2015-06-29,19.59,19.59,19.19,19.21,20049100
2015-06-30,19.28,19.41,19.059999,19.22,15942300
2015-07-01,19.34,19.66,19.34,19.51,13062000
2015-07-02,19.55,19.64,19.45,19.61,9067000
2015-07-06,19.38,19.72,19.26,19.27,11559000
2015-07-07,19.23,19.3,18.73,19.17,20994000
2015-07-08,19.0,19.040001,18.52,18.55,18978900
2015-07-09,18.74,18.91,18.51,18.52,14214400
2015-07-10,18.83,18.99,18.72,18.77,18375200
2015-07-13,18.9,19.63,18.87,19.31,21962000
2015-07-14,19.31,19.42,18.86,18.89,27788000
2015-07-15,18.9,18.99,18.52,18.57,22511400
2015-07-16,18.43,18.48,17.64,17.87,32327000
2015-07-17,17.9,17.9,17.69,17.77,13387000
2015-07-20,17.75,17.96,17.69,17.77,12652800
2015-07-21,17.77,18.040001,17.74,17.83,9426700
2015-07-22,17.66,17.7,17.4,17.49,12036100
2015-07-23,17.47,17.86,17.46,17.72,13400500
2015-07-24,17.74,17.74,17.21,17.37,14637100
2015-07-27,17.25,17.49,17.13,17.38,18439200
2015-07-28,17.39,17.77,17.21,17.62,14067200
2015-07-29,17.56,17.6,17.35,17.55,11913300
2015-07-30,17.6,17.74,17.53,17.57,12332800
2015-07-31,17.52,17.6,17.32,17.36,16080600
2015-08-03,17.46,17.46,17.11,17.16,12754200
2015-08-04,17.1,17.22,16.83,16.83,17050000
2015-08-05,16.99,17.23,16.92,17.030001,13308100
2015-08-06,17.11,17.19,16.8,16.85,12857200
2015-08-07,16.78,16.99,16.77,16.98,13570800
2015-08-10,17.16,17.69,17.13,17.6,14581500
2015-08-11,17.36,17.45,17.14,17.34,20174000
2015-08-12,17.1,17.39,16.98,17.3,14675100
2015-08-13,17.38,17.45,17.0,17.049999,17273900
2015-08-14,16.7,16.78,16.24,16.64,42704600
2015-08-17,16.54,17.059999,16.47,17.030001,14596500
2015-08-18,16.96,16.96,16.46,16.53,15286200
2015-08-19,16.44,16.66,16.24,16.44,13984600
2015-08-20,16.31,16.37,15.97,15.98,12890000
2015-08-21,15.82,16.040001,15.46,15.48,19420700
2015-08-24,14.67,15.67,14.25,15.1,34065200
2015-08-25,15.43,15.6,14.84,14.84,26214300
2015-08-26,15.2,15.35,14.71,15.24,38654400
2015-08-27,15.38,16.0,15.36,15.94,21758900
2015-08-28,15.86,16.18,15.84,15.99,11053700
2015-08-31,15.96,16.21,15.85,16.09,16130200
2015-09-01,15.68,16.01,15.39,15.49,17930300
2015-09-02,15.73,15.79,15.38,15.68,13136800
2015-09-03,15.78,16.13,15.74,15.76,13300400
2015-09-04,15.57,15.67,15.28,15.39,15285300
2015-09-08,15.68,15.8,15.62,15.73,14935300
2015-09-09,15.74,15.91,15.44,15.46,15443800
2015-09-10,15.41,15.8,15.26,15.56,15424000
2015-09-11,15.54,15.63,15.35,15.5,10501800
2015-09-14,15.5,15.71,15.49,15.6,10151500
2015-09-15,15.77,15.95,15.68,15.92,13098700
2015-09-16,15.98,16.2,15.83,16.17,12053400
2015-09-17,16.040001,16.31,15.92,16.02,15661700
2015-09-18,15.83,16.1,15.73,15.93,24123400
2015-09-21,16.0,16.049999,15.56,15.64,14699300
2015-09-22,15.46,15.56,14.97,15.1,19368400
2015-09-23,15.05,15.1,14.58,14.61,16846500
2015-09-24,14.55,14.88,14.29,14.69,19878600
2015-09-25,14.96,15.0,14.4,14.6,17564300
2015-09-28,14.59,14.65,14.36,14.37,29601100
2015-09-29,14.42,14.73,14.33,14.55,17131100
2015-09-30,14.69,14.87,14.59,14.69,22366300
2015-10-01,14.72,14.78,14.45,14.67,17555400
2015-10-02,14.49,14.94,14.44,14.94,14386200
2015-10-05,14.64,15.18,14.64,15.1,23367200
2015-10-06,15.09,15.32,14.92,15.24,13421500
2015-10-07,15.4,15.62,15.21,15.39,17421000
2015-10-08,15.39,15.73,15.33,15.67,11398400
2015-10-09,15.62,15.72,15.32,15.65,14906100
2015-10-12,15.62,15.65,15.47,15.6,8574100
2015-10-13,15.44,15.53,15.13,15.14,17777100
2015-10-14,15.21,15.51,15.07,15.44,20314000
2015-10-15,15.6,15.9,15.4,15.72,25250600
2015-10-16,15.75,16.01,15.58,15.83,15916600
2015-10-19,16.0,16.049999,15.64,15.81,11012300
2015-10-20,15.79,16.32,15.75,16.19,19316700
2015-10-21,16.53,16.7,16.049999,16.07,20605600
2015-10-22,16.2,16.67,16.08,16.21,31972200
2015-10-23,16.2,16.51,16.12,16.44,15106000
2015-10-26,16.65,16.7,16.08,16.33,11076200
2015-10-27,16.26,16.66,16.25,16.27,14499900
2015-10-28,16.12,16.66,16.12,16.54,13535400
2015-10-29,16.5,16.82,16.37,16.74,14808500
2015-10-30,16.7,16.83,16.57,16.77,10770700
2015-11-02,16.79,16.95,16.77,16.89,7825500
2015-11-03,16.9,17.049999,16.76,17.0,9825800
2015-11-04,16.91,17.030001,16.82,16.87,11165100
2015-11-05,16.91,17.01,16.68,16.81,9679500
2015-11-06,16.78,17.059999,16.63,17.049999,11137300
2015-11-09,16.77,17.040001,16.64,16.81,12893600
2015-11-10,16.65,16.84,16.59,16.76,9401900
2015-11-11,16.84,16.89,16.6,16.79,7059600
2015-11-12,16.69,16.83,16.5,16.53,18727000
2015-11-13,17.12,17.5,16.85,17.24,20075500
2015-11-16,17.14,17.79,17.02,17.74,15869900
2015-11-17,17.66,17.9,17.52,17.82,15621200
2015-11-18,17.83,18.18,17.82,18.13,12712300
2015-11-19,18.2,18.42,18.14,18.2,12973500
2015-11-20,18.29,18.36,17.99,18.18,13651100
2015-11-23,17.82,18.48,17.82,18.13,8125700
2015-11-24,17.96,18.54,17.95,18.38,11883600
2015-11-25,18.45,18.67,18.3,18.45,12356800
2015-11-27,18.41,18.74,18.39,18.62,5012300
2015-11-30,18.72,18.92,18.7,18.77,11926100
2015-12-01,18.74,19.23,18.72,19.18,17276500
2015-12-02,19.09,19.34,19.08,19.13,10679400
2015-12-03,19.23,19.31,18.68,18.76,15094900
2015-12-04,18.74,19.09,18.74,19.030001,12265900
2015-12-07,19.1,19.15,18.88,18.91,13871100
2015-12-08,18.63,19.02,18.61,18.95,10641200
2015-12-09,18.72,19.29,18.71,19.030001,13953500
2015-12-10,18.88,18.98,18.71,18.75,13511000
2015-12-11,18.6,18.62,18.26,18.32,13903800
2015-12-14,18.4,18.43,17.82,18.049999,16391900
2015-12-15,18.2,18.57,18.17,18.46,16828400
2015-12-16,18.51,18.6,18.15,18.5,14933200
2015-12-17,18.71,18.71,18.040001,18.059999,13475400
2015-12-18,17.93,18.2,17.85,18.1,29994500
2015-12-21,18.3,18.55,18.15,18.52,9573300
2015-12-22,18.56,18.84,18.42,18.76,9538800
2015-12-23,18.8,19.26,18.77,19.09,15180500
2015-12-24,19.08,19.19,19.02,19.11,3195700
2015-12-28,19.18,19.24,18.75,19.0,8102300
2015-12-29,19.01,19.41,19.01,19.26,10880400
2015-12-30,19.09,19.35,18.94,18.96,6435400
2015-12-31,18.94,18.96,18.67,18.67,8685100
2016-01-04,18.31,18.47,18.2,18.47,13331700
2016-01-05,18.47,18.63,18.29,18.49,9442800
2016-01-06,18.17,18.23,17.24,17.73,28687200
2016-01-07,17.3,17.61,17.02,17.21,17003200
2016-01-08,17.23,17.26,16.52,16.79,30972800
2016-01-11,16.98,17.049999,16.4,16.68,23412700
2016-01-12,16.93,17.2,16.57,16.75,13943700
2016-01-13,16.92,17.11,16.02,16.2,26701100
2016-01-14,16.36,17.030001,16.2,16.81,20913200
2016-01-15,15.95,16.42,15.85,16.08,25362700
2016-01-19,16.36,16.76,16.32,16.45,21473700
2016-01-20,16.32,16.59,15.96,16.37,27857800
2016-01-21,16.55,17.1,16.26,16.81,17693100
2016-01-22,17.18,17.36,16.86,17.049999,14021300
2016-01-25,17.0,17.16,16.9,16.91,9212100
2016-01-26,17.049999,17.48,17.0,17.35,15786700
2016-01-27,17.3,17.52,16.98,17.09,12590200
2016-01-28,17.23,17.58,16.67,16.68,17497100
2016-01-29,16.83,17.69,16.83,17.65,18896700
2016-02-01,17.45,17.82,17.4,17.65,8861100
2016-02-02,17.4,17.43,16.99,17.049999,11379600
2016-02-03,17.42,17.43,16.88,17.29,9221600
2016-02-04,17.34,17.77,17.26,17.58,13648100
2016-02-05,17.42,17.51,16.69,16.81,16145200
2016-02-08,16.56,16.57,15.87,16.19,15377300
2016-02-09,15.98,16.35,15.62,16.1,13838900
2016-02-10,16.19,16.3,15.95,15.99,13051600
2016-02-11,15.72,15.94,15.44,15.64,11210400
2016-02-12,15.8,16.14,15.5,16.059999,8707200
2016-02-16,16.15,16.99,16.15,16.72,22150100
2016-02-17,16.89,17.27,16.78,17.14,11855600
2016-02-18,17.17,17.29,17.030001,17.17,12865500
2016-02-19,18.5,18.85,18.23,18.38,35168200
2016-02-22,18.7,18.82,18.45,18.59,15303400
2016-02-23,18.48,18.73,18.42,18.51,12056300
2016-02-24,18.28,18.72,18.09,18.69,10671000
2016-02-25,18.76,18.95,18.58,18.89,10102000
2016-02-26,19.0,19.02,18.81,19.0,10634400
2016-02-29,18.98,19.23,18.87,18.87,9630500
2016-03-01,19.09,19.38,18.99,19.37,10150500
2016-03-02,19.15,19.51,19.1,19.49,11373300
2016-03-03,19.4,19.55,19.31,19.45,8138300
2016-03-04,19.55,19.55,19.27,19.39,8932600
2016-03-07,19.21,19.5,19.19,19.44,9190700
2016-03-08,19.26,19.41,18.76,18.78,12899000
2016-03-09,19.01,19.28,18.94,19.17,10108300
2016-03-10,19.34,19.64,19.2,19.57,15402100
2016-03-11,19.7,20.1,19.6,20.040001,15394400
2016-03-14,19.98,20.1,19.84,19.91,11496400
2016-03-15,19.81,19.94,19.77,19.9,10204300
2016-03-16,19.91,20.14,19.83,20.049999,14361000
2016-03-17,19.87,20.43,19.87,20.28,13491100
2016-03-18,20.35,20.53,20.16,20.49,19742300
2016-03-21,20.46,20.9,20.35,20.73,13961000
2016-03-22,20.63,20.88,20.5,20.78,7568600
2016-03-23,20.68,20.76,20.2,20.28,12699200
2016-03-24,20.28,20.32,19.71,20.15,14108500
2016-03-28,20.22,20.32,20.15,20.2,5424300
2016-03-29,20.12,20.68,20.040001,20.59,7850900
2016-03-30,20.81,21.2,20.81,21.040001,12446200
2016-03-31,20.91,21.41,20.89,21.18,14526500
2016-04-01,20.99,21.42,20.89,21.42,11886700
2016-04-04,21.35,21.46,21.14,21.17,7935300
2016-04-05,21.0,21.13,20.88,20.95,8911600
2016-04-06,20.77,21.12,20.72,21.059999,8766800
2016-04-07,20.9,20.99,20.68,20.8,9180800
2016-04-08,21.040001,21.23,20.7,20.79,8668100
2016-04-11,20.95,21.17,20.92,20.94,13810000
2016-04-12,21.030001,21.040001,20.77,20.93,8306100
2016-04-13,20.96,21.38,20.95,21.31,8393600
2016-04-14,21.33,21.52,20.72,21.48,18154200
2016-04-15,21.47,21.51,21.29,21.47,12349900
2016-04-18,21.4,21.67,21.26,21.56,9351900
2016-04-19,21.38,21.52,21.17,21.2,12243000
2016-04-20,21.13,21.32,20.97,21.14,13615900
2016-04-21,21.09,21.24,20.85,20.95,8925900
2016-04-22,20.94,21.26,20.87,21.1,9139300
2016-04-25,21.02,21.13,20.87,20.94,6772300
2016-04-26,21.12,21.45,21.0,21.27,9230900
2016-04-27,21.25,21.52,21.17,21.42,9512600
2016-04-28,21.26,21.29,20.72,20.81,10875700
2016-04-29,20.65,20.67,20.17,20.47,14884500
2016-05-02,20.5,20.65,20.3,20.31,11773500
2016-05-03,20.11,20.34,19.98,20.1,16630800
2016-05-04,20.0,20.02,19.71,19.85,12115100
2016-05-05,19.89,19.98,19.7,19.85,9268100
2016-05-06,19.75,19.9,19.63,19.87,7069100
2016-05-09,19.87,20.01,19.8,19.89,5616400
2016-05-10,19.9,20.0,19.79,19.98,11661700
2016-05-11,19.89,20.16,19.84,20.01,20502400
2016-05-12,20.14,20.18,19.46,19.63,11787900
2016-05-13,19.58,19.72,19.52,19.61,10177800
2016-05-16,19.54,19.98,19.54,19.85,7795900
2016-05-17,19.8,19.98,19.59,19.64,7844900
2016-05-18,19.64,20.1,19.59,19.92,10025000
2016-05-19,19.79,20.040001,19.72,19.91,14193300
2016-05-20,21.72,22.78,21.7,22.66,53385000
2016-05-23,22.88,23.02,22.77,22.9,24854300
2016-05-24,22.93,23.49,22.92,23.49,19040300
2016-05-25,23.79,23.88,23.38,23.66,14740200
2016-05-26,23.67,23.87,23.6,23.73,12330500
2016-05-27,23.86,24.58,23.8,24.44,18555600
2016-05-31,24.32,24.47,24.1,24.42,18801400
2016-06-01,24.3,24.48,24.23,24.38,10480900
2016-06-02,24.5,24.65,24.44,24.52,18034800
2016-06-03,24.41,24.47,24.11,24.39,16194500
2016-06-06,24.42,24.53,24.1,24.17,13550500
2016-06-07,24.31,24.36,24.11,24.17,10476100
2016-06-08,24.2,24.3,24.09,24.23,8014900
2016-06-09,24.030001,24.46,23.91,24.42,11920900
2016-06-10,24.4,24.45,23.96,24.07,12630200
2016-06-13,23.98,24.15,23.85,23.94,11253000
2016-06-14,23.72,23.88,23.46,23.74,14600500
2016-06-15,23.84,23.95,23.52,23.7,13912700
2016-06-16,23.52,23.75,23.32,23.69,12827600
2016-06-17,23.65,23.65,23.36,23.43,22138500
2016-06-20,23.87,23.96,23.63,23.63,13020700
2016-06-21,23.69,23.92,23.64,23.83,7720100
2016-06-22,23.83,24.27,23.78,23.97,11645700
2016-06-23,24.34,24.53,24.13,24.52,10942900
2016-06-24,23.5,23.96,23.15,23.23,35722800
2016-06-27,23.040001,23.17,22.17,22.29,20293800
2016-06-28,22.75,22.97,22.56,22.94,13573800
2016-06-29,23.25,23.71,23.18,23.56,13315300
2016-06-30,23.71,23.98,23.47,23.97,10256700
2016-07-01,23.77,24.02,23.74,23.89,8593000
2016-07-05,23.75,23.87,23.49,23.84,8747100
2016-07-06,23.62,24.02,23.52,24.0,9625800
2016-07-07,24.02,24.46,24.0,24.29,10056500
2016-07-08,24.5,24.97,24.43,24.93,14148100
2016-07-11,25.0,25.3,25.0,25.15,11026200
2016-07-12,25.32,25.46,25.13,25.41,10623000
2016-07-13,25.49,25.97,25.42,25.91,15989700
2016-07-14,26.08,26.24,25.74,26.1,14888600
2016-07-15,26.15,26.34,25.95,26.34,11635400
2016-07-18,26.53,26.64,26.36,26.6,13473000
2016-07-19,26.5,26.82,26.32,26.39,15996700
2016-07-20,26.57,26.77,26.42,26.65,9809500
2016-07-21,26.61,26.66,26.059999,26.23,14638500
2016-07-22,26.39,26.41,26.08,26.37,5292100
2016-07-25,26.44,26.58,26.25,26.49,6859600
2016-07-26,26.66,26.83,26.46,26.81,11877000
2016-07-27,26.88,27.11,26.62,26.9,10220900
2016-07-28,26.82,26.95,26.58,26.62,8239100
2016-07-29,26.58,26.68,26.16,26.29,8805600
2016-08-01,26.41,26.46,26.19,26.27,6456700
2016-08-02,26.23,26.25,25.68,25.97,10462200
2016-08-03,25.9,26.22,25.86,26.2,5615600
2016-08-04,26.2,26.37,26.14,26.37,4926200
2016-08-05,26.5,26.87,26.38,26.81,6914600
2016-08-08,26.85,26.92,26.72,26.83,5746100
2016-08-09,26.95,26.95,26.71,26.79,6923700
2016-08-10,26.8,26.86,26.37,26.41,6234300
2016-08-11,26.56,26.99,26.41,26.82,7599100
2016-08-12,26.86,27.22,26.86,27.18,9852900
2016-08-15,27.4,27.75,27.35,27.47,10768500
2016-08-16,27.43,27.52,27.21,27.22,6704700
2016-08-17,27.43,27.43,27.0,27.29,10255300
2016-08-18,27.6,27.71,27.26,27.68,20765000
2016-08-19,28.99,29.74,28.64,29.64,53886000
2016-08-22,29.5,29.53,28.87,29.15,29150800
2016-08-23,29.25,30.15,29.2,29.95,23549500
2016-08-24,29.95,30.0,29.61,29.7,12402100
2016-08-25,29.63,29.96,29.59,29.65,10441700
2016-08-26,29.78,30.16,29.7,29.97,12175200
2016-08-29,29.92,30.27,29.6,30.049999,9799100
2016-08-30,30.19,30.2,29.7,29.99,12069300
2016-08-31,29.89,29.91,29.55,29.84,10595700
2016-09-01,29.94,30.29,29.83,30.29,10705200
2016-09-02,30.39,30.41,29.82,30.02,11528100
2016-09-06,30.040001,30.22,29.79,29.98,14689400
2016-09-07,30.030001,30.25,29.87,29.91,11248800
2016-09-08,29.86,29.97,29.64,29.79,8170400
2016-09-09,29.5,29.65,28.67,28.86,14681900
2016-09-12,28.64,29.77,28.53,29.59,16269100
2016-09-13,29.29,29.62,29.09,29.38,13010400
2016-09-14,29.38,29.5,29.27,29.43,12243000
2016-09-15,29.58,30.39,29.52,30.15,15579400
2016-09-16,30.38,30.44,29.89,30.049999,16245800
2016-09-19,30.44,30.78,30.27,30.3,13655500
2016-09-20,30.6,30.71,30.19,30.39,13183700
2016-09-21,30.43,30.67,30.0,30.57,21288300
2016-09-22,30.76,31.07,30.17,30.29,15660400
2016-09-23,30.33,30.42,29.61,29.66,13971800
2016-09-26,29.49,29.62,29.22,29.35,12610300
2016-09-27,29.35,29.76,29.26,29.64,17381900
2016-09-28,29.73,29.98,29.47,29.74,14034800
2016-09-29,29.66,29.82,29.3,29.58,11534000
2016-09-30,29.68,30.21,29.66,30.15,13210900
2016-10-03,30.18,30.4,29.8,29.92,9867600
2016-10-04,29.9,30.13,29.52,29.61,8483100
2016-10-05,29.74,30.18,29.59,29.94,7940000
2016-10-06,30.049999,30.07,29.44,29.89,13015400
2016-10-07,29.83,29.91,29.48,29.75,11641500
2016-10-10,29.97,30.0,29.35,29.38,10270700
2016-10-11,29.37,29.39,28.31,28.64,20018700
2016-10-12,28.66,28.8,28.26,28.64,11687700
2016-10-13,28.25,28.26,27.56,27.86,16963800
2016-10-14,27.95,28.41,27.82,28.07,12138200
2016-10-17,28.65,28.65,27.74,27.8,11038600
2016-10-18,28.24,28.34,27.96,28.02,11970800
2016-10-19,27.98,28.43,27.95,28.32,11794000
2016-10-20,28.22,28.45,28.02,28.38,12119100
2016-10-21,28.26,28.56,28.049999,28.43,9875700
2016-10-24,28.71,29.16,28.65,29.15,12300700
2016-10-25,29.08,29.3,28.75,28.86,9773200
2016-10-26,28.71,29.02,28.62,28.85,7343500
2016-10-27,29.07,29.3,28.67,28.86,9128000
2016-10-28,28.96,29.18,28.57,28.66,11541600
2016-10-31,28.73,29.17,28.71,29.08,10929200
2016-11-01,29.11,29.23,28.51,28.9,10437400
2016-11-02,28.74,29.09,28.47,28.59,9944300
2016-11-03,28.52,28.59,28.12,28.27,12013800
2016-11-04,28.049999,28.64,28.02,28.22,8665800
2016-11-07,28.67,29.35,28.63,29.33,12024900
2016-11-08,29.34,29.67,29.11,29.51,7395800
2016-11-09,29.33,29.33,28.36,29.13,12558600
2016-11-10,29.21,29.9,28.1,28.18,14796800
2016-11-11,28.5,28.84,28.24,28.82,12748400
2016-11-14,29.4,29.5,28.93,28.99,12293800
2016-11-15,29.31,29.64,29.1,29.61,12678700
2016-11-16,30.0,30.3,29.54,30.02,16103200
2016-11-17,30.39,30.85,30.0,30.73,19147600
2016-11-18,30.47,31.25,30.35,30.74,23958900
2016-11-21,30.88,31.45,30.84,31.35,13076800
2016-11-22,31.53,31.8,31.35,31.67,8955600
2016-11-23,31.64,31.95,31.51,31.88,9876700
2016-11-25,31.71,31.97,31.44,31.88,4703900
2016-11-28,31.84,32.16,31.62,31.84,8412900
2016-11-29,31.67,32.35,31.57,32.16,8982900
2016-11-30,32.16,32.54,32.049999,32.2,14878900
2016-12-01,32.14,32.18,29.85,30.1,25173900
2016-12-02,30.2,31.45,30.059999,31.44,15229600
2016-12-05,31.7,31.84,31.34,31.53,13035900
2016-12-06,31.71,31.83,31.21,31.61,10088000
2016-12-07,31.8,32.65,31.29,32.51,12589000
2016-12-08,32.78,32.92,32.45,32.71,10131400
2016-12-09,32.78,32.83,31.91,32.35,10774400
2016-12-12,32.18,32.32,31.67,32.0,7709200
2016-12-13,32.040001,32.37,31.95,32.029999,6322000
2016-12-14,31.93,32.36,31.87,32.14,10482800
2016-12-15,32.34,33.099998,31.96,33.060001,11742600
2016-12-16,33.4,33.4,32.42,32.51,13336500
2016-12-19,32.25,32.76,32.25,32.44,10385100
2016-12-20,32.75,32.91,32.35,32.61,8185600
2016-12-21,32.5,32.99,32.5,32.58,6521200
2016-12-22,32.95,33.62,32.86,33.0099983,9492900
2016-12-23,32.92,33.0,32.66,32.9,4028100
2016-12-27,33.15,33.46,33.099998,33.33,5008500
2016-12-28,33.55,33.68,32.88,32.9,5388600
2016-12-29,32.8,32.99,32.48,32.66,4472500
2016-12-30,32.86,32.91,32.18,32.27,5887700
2017-01-03,32.36,32.71,31.66,31.94,13209400
2017-01-04,32.09,32.51,32.060001,32.24,9460600
2017-01-05,32.3,32.4,31.91,32.099998,7290200
2017-01-06,32.040001,32.23,31.86,32.040001,7063600
2017-01-09,32.27,33.07,32.21,32.78,9271800
2017-01-10,32.87,33.2,32.74,33.13,8753300
2017-01-11,33.21,33.48,32.8,33.47,10620100
2017-01-12,33.25,33.34,32.6,33.31,6484100
2017-01-13,33.32,33.9,33.3,33.79,6911200
2017-01-17,33.79,33.83,33.09,33.3,6428600
2017-01-18,33.68,34.0,33.53,33.69,10609400
2017-01-19,33.7,34.13,33.67,33.75,8333400
2017-01-20,33.92,34.18,33.77,33.84,8571700
2017-01-23,33.76,34.2,33.56,33.75,7254400
2017-01-24,33.89,34.21,33.88,34.029999,9702800
2017-01-25,34.3,34.83,34.22,34.42,12086300
2017-01-26,34.42,34.47,33.85,33.98,9375500
2017-01-27,34.26,35.15,34.22,35.040001,11055900
2017-01-30,34.79,34.83,33.77,34.34,11183800
2017-01-31,34.14,34.32,33.93,34.25,9468000
2017-02-01,34.59,35.049999,34.5,35.029999,15244900
2017-02-02,34.97,35.029999,34.64,34.94,7518000
2017-02-03,34.98,35.39,34.98,35.31,8560300
2017-02-06,35.32,35.39,35.0099983,35.18,5877100
2017-02-07,35.38,35.64,35.07,35.54,8155200
2017-02-08,35.8,35.8,35.18,35.6,8735900
2017-02-09,35.75,35.85,35.38,35.41,6515500
2017-02-10,35.64,35.64,35.09,35.32,11636400
2017-02-13,35.72,35.83,35.37,35.46,11900300
2017-02-14,35.5,35.55,35.12,35.23,9956600
2017-02-15,35.46,35.74,35.26,35.49,17410000
2017-02-16,35.62,35.65,34.58,35.18,21684900
2017-02-17,34.97,35.8,34.72,35.67,14892800
2017-02-21,35.52,36.82,35.52,36.58,13814800
2017-02-22,36.45,36.67,36.21,36.51,10380000
2017-02-23,36.56,36.66,35.9,36.16,7852500
2017-02-24,35.81,36.32,35.55,36.3,7505800
2017-02-27,36.47,36.5,36.099998,36.43,6490900
2017-02-28,36.33,36.44,36.099998,36.22,8585600
2017-03-01,36.52,36.93,36.5,36.85,7298300
2017-03-02,36.71,36.95,36.33,36.49,7854800
2017-03-03,36.44,36.88,36.42,36.87,7244100
2017-03-06,36.68,36.96,36.51,36.86,9219100
2017-03-07,36.81,37.26,36.75,36.97,7841500
2017-03-08,37.0099983,37.23,36.96,37.19,8052700
2017-03-09,37.029999,37.48,37.02,37.38,8494100
2017-03-10,37.66,38.19,37.65,38.12,11486500
2017-03-13,38.2,38.59,38.17,38.44,9111400
2017-03-14,38.35,38.44,37.78,38.27,9646600
2017-03-15,38.41,38.95,38.3,38.92,9405800
2017-03-16,39.0,39.28,38.85,39.049999,8305200
2017-03-17,39.34,39.38,39.09,39.28,11023700
2017-03-20,39.33,39.77,39.21,39.57,6916900
2017-03-21,39.7,39.81,38.3,38.58,13550100
2017-03-22,38.48,38.83,38.34,38.82,9075700
2017-03-23,38.84,39.11,38.61,38.85,6904600
2017-03-24,39.38,39.68,38.74,38.97,9059900
2017-03-27,38.45,39.0,38.3,38.86,6823900
2017-03-28,38.74,39.2,38.71,38.82,7924900
2017-03-29,38.82,38.95,38.66,38.87,6404400
2017-03-30,38.91,39.13,38.8,38.89,5997700
2017-03-31,38.8,39.040001,38.53,38.9,8567600
2017-04-03,38.99,39.060001,38.52,38.89,7165100
2017-04-04,38.71,39.02,38.66,39.0,7241400
2017-04-05,39.16,39.35,38.38,38.38,6927400
2017-04-06,38.35,38.65,37.85,38.58,7158900
2017-04-07,38.45,39.029999,38.45,38.93,6318100
2017-04-10,38.82,39.2,38.74,38.86,7339600
2017-04-11,38.69,38.69,37.6,38.2,10549700
2017-04-12,38.35,38.37,37.63,37.77,6802500
2017-04-13,37.67,38.25,37.41,37.52,5754000
2017-04-17,37.64,38.029999,37.57,38.02,5242500
2017-04-18,37.79,38.11,37.6,38.049999,6047300
2017-04-19,39.2,39.66,39.15,39.25,13394400
2017-04-20,39.54,39.97,39.15,39.89,9402800
2017-04-21,39.9,40.09,39.47,39.79,8762000
2017-04-24,40.37,40.61,40.09,40.44,6925300
2017-04-25,40.62,40.87,40.28,40.79,7236900
2017-04-26,40.78,40.92,40.42,40.71,5578300
2017-04-27,40.96,41.82,40.94,41.33,8312500
2017-04-28,41.099998,41.33,40.58,40.61,9209000
2017-05-01,40.98,41.71,40.85,41.7,7478300
2017-05-02,41.72,41.75,41.13,41.71,6950800
2017-05-03,41.71,41.71,41.2,41.55,5673900
2017-05-04,41.65,41.81,41.41,41.62,5016100
2017-05-05,41.85,41.89,41.3,41.83,4748200
2017-05-08,41.9,41.96,41.44,41.54,6380000
2017-05-09,41.82,42.25,41.72,42.040001,8074600
2017-05-10,42.53,43.09,42.47,42.87,11555100
2017-05-11,43.02,43.48,42.73,43.48,11149900
2017-05-12,43.53,43.64,43.060001,43.44,9365100
2017-05-15,43.88,44.43,43.71,44.32,12098100
2017-05-16,44.8,45.080002,44.31,45.07,13410500
2017-05-17,44.58,44.7,42.73,42.76,20062000
2017-05-18,43.099998,44.099998,42.84,43.91,21882200
2017-05-19,45.049999,45.74,43.91,44.080002,23338600
2017-05-22,44.19,45.0,43.62,44.73,12606300
2017-05-23,44.81,44.94,44.3,44.91,8541900
2017-05-24,45.0,45.13,44.47,44.63,7565600
2017-05-25,44.76,45.33,44.55,45.02,8662600
2017-05-26,44.87,45.5,44.75,45.5,6633400
2017-05-30,45.47,45.74,45.21,45.56,6593500
2017-05-31,45.66,46.040001,45.33,45.88,13082100
2017-06-01,45.97,46.26,45.8,46.0,7176800
2017-06-02,46.22,46.86,45.9,46.8,9523900
2017-06-05,46.63,47.24,46.51,46.72,6807600
2017-06-06,46.57,47.21,46.48,46.57,7806200
2017-06-07,46.7,47.34,46.62,47.26,8026500
2017-06-08,47.4,47.47,46.93,47.43,7936100
2017-06-09,47.62,47.86,43.41,44.74,20477200
2017-06-12,44.14,44.5,42.32,44.34,20623500
2017-06-13,44.91,45.5,44.28,44.85,12330600
2017-06-14,45.080002,45.29,43.37,43.98,10697300
2017-06-15,43.19,43.67,42.83,43.16,11523000
2017-06-16,43.19,43.9,43.060001,43.11,10775100
2017-06-19,43.7,44.39,43.63,44.29,9649900
2017-06-20,44.26,44.59,43.3,43.36,9083700
2017-06-21,43.41,43.82,43.09,43.62,9713600
2017-06-22,43.69,43.92,43.080002,43.34,7632100
2017-06-23,43.45,44.3,43.41,44.09,13947700
2017-06-26,44.47,44.65,42.91,43.25,10911400
2017-06-27,43.0,43.099998,41.83,41.89,12734900
2017-06-28,41.9,42.78,41.42,42.69,14308300
2017-06-29,42.35,42.46,40.79,41.44,12362500
2017-06-30,41.81,42.02,41.09,41.31,10044100
2017-07-03,41.33,41.96,40.98,41.0099983,6519500
2017-07-05,41.28,42.23,41.25,42.12,10942500
2017-07-06,41.72,42.59,41.56,42.11,11934200
2017-07-07,42.36,43.8,42.36,43.54,10748700
2017-07-10,43.6,44.5,43.51,44.21,10357900
2017-07-11,44.21,45.5,44.040001,45.4,13527400
2017-07-12,45.68,45.98,44.84,45.28,10395800
2017-07-13,45.28,45.66,44.99,45.3,9036100
2017-07-14,45.38,46.13,45.35,46.12,8085700
2017-07-17,46.2,46.45,45.68,46.15,7679900
2017-07-18,46.02,46.63,45.68,46.62,6594200
2017-07-19,46.9,47.21,46.74,47.18,9533900
2017-07-20,47.11,47.34,46.37,47.25,8782300
2017-07-21,46.78,47.0,46.23,46.81,7539500
2017-07-24,46.68,47.02,46.56,46.78,8495500
2017-07-25,46.63,46.67,45.85,46.4,7271900
2017-07-26,46.61,47.47,46.52,47.45,9161300
2017-07-27,47.5,47.59,45.3,46.040001,17026600
2017-07-28,45.9,46.0,44.91,45.25,9584300
2017-07-31,45.43,45.48,44.0099983,44.31,11121300
2017-08-01,44.39,44.79,44.02,44.099998,9452300
2017-08-02,44.35,44.44,42.51,42.73,15632000
2017-08-03,42.7,43.12,42.31,42.7,11475800
2017-08-04,42.85,43.14,42.36,42.82,7510900
2017-08-07,42.86,44.049999,42.85,43.96,7758400
2017-08-08,44.040001,44.52,43.73,43.9,9798300
2017-08-09,43.39,44.029999,43.060001,43.81,5634700
2017-08-10,43.37,43.58,41.94,42.029999,11299300
2017-08-11,42.029999,43.14,41.98,43.080002,10761600
2017-08-14,43.7,44.24,43.59,43.78,9764800
2017-08-15,44.040001,44.35,43.6,43.88,6250200
2017-08-16,44.35,44.62,43.76,44.46,8490600
2017-08-17,44.33,44.4,43.0,43.12,14283400
2017-08-18,44.77,45.25,43.66,44.3,20996200
2017-08-21,44.11,44.26,43.02,43.31,14374500
2017-08-22,43.62,44.53,43.61,44.45,8664500
2017-08-23,44.2,44.2,43.83,44.02,8480900
2017-08-24,44.3,44.31,43.25,43.72,9253000
2017-08-25,43.79,43.95,43.12,43.31,6385800
2017-08-28,43.36,43.72,43.36,43.63,5545100
2017-08-29,43.02,44.19,42.93,44.02,6768800
2017-08-30,44.0,45.49,43.99,45.47,8797200
2017-08-31,45.43,45.47,44.84,45.12,9213400
2017-09-01,45.19,45.3,44.76,45.099998,5307500
2017-09-05,44.63,44.96,43.87,44.48,9198600
2017-09-06,44.7,44.96,44.21,44.73,12116700
2017-09-07,44.94,45.4,44.59,45.22,8291500
2017-09-08,45.2,45.25,44.12,44.35,8128900
2017-09-11,44.89,45.79,44.85,45.58,8893000
2017-09-12,45.84,46.02,45.37,45.65,7233800
2017-09-13,46.099998,46.42,45.53,46.12,7500500
2017-09-14,45.98,47.36,45.78,47.049999,12338900
2017-09-15,46.97,47.69,46.87,47.14,13880400
2017-09-18,47.8,48.53,47.74,48.049999,11215500
2017-09-19,48.029999,48.5,47.58,48.26,9385000
2017-09-20,48.37,48.37,46.78,47.28,11021300
2017-09-21,47.31,47.53,46.76,47.15,8533600
2017-09-22,46.89,47.92,46.84,47.77,5867700
2017-09-25,47.52,47.64,45.97,46.33,11445900
2017-09-26,46.56,46.86,45.58,45.92,11086600
2017-09-27,46.73,49.71,46.68,48.84,20364400
2017-09-28,48.92,50.88,48.65,50.62,22109100
2017-09-29,50.59,52.28,50.56,52.09,21008700
2017-10-02,52.21,52.63,51.62,52.080002,15636000
2017-10-03,52.21,52.36,51.26,51.84,11304600
2017-10-04,51.78,52.0,51.15,51.6,8294700
2017-10-05,51.65,51.74,50.77,51.43,9337000
2017-10-06,51.2,52.41,51.15,52.4,8509500
2017-10-09,52.69,53.040001,52.21,52.69,8763000
2017-10-10,53.049999,53.07,51.79,52.59,8217200
2017-10-11,52.39,53.38,52.3,53.23,7746000
2017-10-12,53.15,54.13,53.040001,53.31,12611400
2017-10-13,53.6,54.049999,53.24,53.94,10208300
2017-10-16,54.28,55.09,54.28,55.040001,9921100
2017-10-17,54.97,55.28,54.28,55.13,10241700
2017-10-18,55.29,55.61,54.67,55.34,9459400
2017-10-19,54.7,55.34,54.15,55.33,7969200
2017-10-20,55.84,56.24,55.73,56.09,10575300
2017-10-23,56.49,56.73,55.8,56.37,11003900
2017-10-24,56.61,56.66,55.86,56.38,7763900
2017-10-25,56.29,56.38,54.57,55.3,13694600
2017-10-26,55.67,56.43,55.59,55.93,8210500
2017-10-27,56.26,56.82,55.5,56.69,10523600
2017-10-30,56.5,56.6,55.58,55.9,7336200
2017-10-31,56.049999,56.68,55.69,56.43,7661500
2017-11-01,57.0,57.34,55.2,55.71,10479900
2017-11-02,55.72,56.38,55.11,56.26,6545500
2017-11-03,56.29,56.55,55.92,56.55,5566400
2017-11-06,56.69,56.72,55.7,56.33,7887700
2017-11-07,56.38,57.21,56.31,56.47,8177400
2017-11-08,56.49,57.13,56.22,56.92,7468200
2017-11-09,56.48,56.58,54.8,55.48,10275700
2017-11-10,55.65,56.51,55.31,56.36,7373100
2017-11-13,56.4,57.09,56.099998,57.029999,9414500
2017-11-14,56.83,56.9,55.8,56.42,9640800
2017-11-15,56.23,56.54,55.46,55.77,9612500
2017-11-16,56.36,58.0,56.26,57.84,16712300
2017-11-17,60.46,60.89,56.09,56.49,27436500
2017-11-20,56.66,58.22,56.66,57.62,14360200
2017-11-21,58.0,58.86,58.0,58.8,10199400
2017-11-22,58.94,59.0,57.5,57.68,8302400
2017-11-24,57.85,58.13,57.67,57.91,3703300
2017-11-27,56.92,57.33,56.27,56.94,7962100
2017-11-28,57.0,57.63,56.76,57.33,7878900
2017-11-29,56.86,57.060001,51.59,52.91,25319800
2017-11-30,53.71,53.76,52.33,52.77,14549700
2017-12-01,52.0,52.72,50.37,51.91,16271800
2017-12-04,52.060001,52.34,49.27,49.77,19956100
2017-12-05,49.45,51.9,48.25,50.080002,21045700
2017-12-06,49.87,51.27,49.099998,51.0099983,19296300
2017-12-07,51.69,52.59,51.33,52.3,14690100
2017-12-08,53.0,53.79,51.19,51.43,15131800
2017-12-11,51.57,52.2,50.97,51.62,9740800
2017-12-12,51.5,51.74,50.41,50.47,9547500
2017-12-13,50.81,51.080002,50.57,50.76,13858300
2017-12-14,51.0,51.81,50.57,51.31,8940300
2017-12-15,51.57,52.88,51.15,52.54,14575400
2017-12-18,53.16,53.54,52.76,53.4,13304300
2017-12-19,52.85,53.43,52.33,52.96,10922600
2017-12-20,54.11,54.25,52.92,53.29,9950800
2017-12-21,53.18,53.31,51.81,51.89,9530900
2017-12-22,51.75,52.24,51.3,52.060001,8087600
2017-12-26,51.22,51.43,50.42,51.049999,7393600
2017-12-27,51.34,51.83,50.97,51.68,5962100
2017-12-28,51.89,52.15,51.5,51.72,5634400
2017-12-29,51.82,51.94,51.060001,51.12,6971500
2018-01-02,51.68,53.060001,51.22,53.040001,9819500
2018-01-03,53.54,54.28,53.19,53.98,10898900
2018-01-04,54.5,54.94,53.98,54.29,9462800
2018-01-05,54.65,54.91,54.22,54.6,10902200
2018-01-08,55.0099983,56.45,54.97,55.92,12658000
2018-01-09,56.17,56.18,54.040001,54.86,13564900
2018-01-10,54.09,54.11,52.56,53.3,14537200
2018-01-11,53.47,53.53,52.62,53.2,10694200
2018-01-12,53.24,54.0,53.080002,53.45,9072300
2018-01-16,54.82,55.4,54.0099983,54.5,14385000
2018-01-17,55.71,57.52,55.47,57.34,17924200
2018-01-18,56.75,58.63,56.68,57.4,17677700
2018-01-19,57.7,57.72,56.22,57.4,11458700
2018-01-22,57.47,57.53,56.87,57.46,11479800
2018-01-23,57.88,58.18,57.18,57.79,8813500
2018-01-24,57.32,57.42,56.36,56.88,11787300
2018-01-25,58.18,58.73,55.46,55.76,15271900
2018-01-26,56.42,57.12,55.93,57.12,11253500
2018-01-29,56.73,56.92,54.82,55.33,12350600
2018-01-30,54.28,54.33,53.21,53.38,14603700
2018-01-31,53.68,54.14,52.91,53.63,13166800
2018-02-01,53.16,54.18,52.93,53.28,9706000
2018-02-02,52.58,52.79,50.52,50.68,16813100
2018-02-05,49.98,51.47,48.31,48.31,17999700
2018-02-06,47.41,50.26,46.4,50.25,21455700
2018-02-07,49.87,50.58,48.67,48.69,14763400
2018-02-08,48.98,49.15,45.74,45.75,19922900
2018-02-09,46.84,48.5,45.13,48.080002,22648200
2018-02-12,48.96,49.88,48.41,49.5,16326100
2018-02-13,49.26,49.65,48.5,49.55,12878600
2018-02-14,49.4,52.12,49.15,51.96,22166600
2018-02-15,52.16,54.0,50.58,53.99,26888200
2018-02-16,53.8,56.09,53.67,55.029999,27810900
2018-02-20,54.74,57.36,54.35,56.66,22000700
2018-02-21,57.0,57.34,56.080002,56.13,16464300
2018-02-22,56.49,56.98,55.81,56.07,14924600
2018-02-23,56.59,57.13,56.31,57.0099983,13532400
2018-02-26,57.52,59.0,57.34,58.81,14822200
2018-02-27,58.64,58.9,57.63,57.64,13102700
2018-02-28,57.9,58.77,57.58,57.59,13152700
2018-03-01,57.54,58.44,56.12,57.07,17330200
2018-03-02,55.9,58.14,55.12,58.029999,15719300
2018-03-05,57.31,58.42,57.11,57.63,13326700
2018-03-06,58.32,60.18,58.099998,59.99,23269600
2018-03-07,59.099998,60.09,58.6,59.42,17284000
2018-03-08,59.76,59.91,59.0,59.37,12223400
2018-03-09,59.71,61.76,59.47,61.61,18066500
2018-03-12,61.91,62.4,60.88,60.97,16207800
2018-03-13,61.38,62.24,59.49,59.69,15676500
2018-03-14,59.99,60.71,59.39,60.23,11896400
2018-03-15,60.4,61.24,59.59,60.28,11944200
2018-03-16,60.38,60.52,59.23,59.44,15070200
2018-03-19,58.82,59.080002,57.47,58.5,13747300
2018-03-20,58.42,59.52,58.32,59.23,8527300
2018-03-21,59.59,61.57,59.46,60.78,17171400
2018-03-22,59.67,60.62,58.9,58.96,14876400
2018-03-23,58.67,58.83,55.37,55.38,19399900
2018-03-26,57.21,58.52,56.61,58.47,14489000
2018-03-27,59.0,59.22,54.84,55.44,17542500
2018-03-28,55.0,55.43,53.73,54.060001,16677800
2018-03-29,54.6,56.61,54.19,55.61,12580200
2018-04-02,55.27,55.53,52.42,52.89,21063600
2018-04-03,53.52,54.44,53.0099983,53.98,10802200
2018-04-04,52.29,55.76,52.29,55.56,11991900
2018-04-05,55.87,56.21,53.86,54.29,12344400
2018-04-06,53.26,53.87,51.92,52.34,15088600
2018-04-09,52.98,54.98,52.8,53.02,11143500
2018-04-10,54.61,55.26,53.8,54.8,10495400
2018-04-11,54.49,55.91,54.35,54.95,9364800
2018-04-12,55.3,56.67,55.16,56.43,9133700
2018-04-13,56.88,57.060001,55.69,56.07,6786400
2018-04-16,56.44,57.24,56.18,56.87,7982800
2018-04-17,57.2,58.4,57.17,57.86,9833000
2018-04-18,56.0,56.4,54.57,54.73,18705500
2018-04-19,53.68,54.18,50.8,51.19,24443500
2018-04-20,51.080002,52.040001,50.68,51.09,16258000
2018-04-23,51.53,51.74,49.93,50.18,12427900
2018-04-24,50.71,51.049999,48.18,48.72,16358900
2018-04-25,48.76,49.47,47.74,49.14,13284600
2018-04-26,50.0099983,50.66,49.55,50.49,12701500
2018-04-27,51.040001,51.39,49.24,49.4,11514300
2018-04-30,49.52,49.95,49.17,49.67,12695000
2018-05-01,49.74,50.95,49.51,50.91,10935500
2018-05-02,50.66,51.28,50.37,50.53,10285000
2018-05-03,50.27,50.91,49.88,50.71,11661500
2018-05-04,50.39,52.69,50.18,52.56,12523300
2018-05-07,52.74,52.9,52.15,52.59,10071100
2018-05-08,52.7,53.49,52.6,53.45,13492900
2018-05-09,53.53,54.17,53.26,54.13,9581400
2018-05-10,54.53,55.62,54.32,55.53,9880400
2018-05-11,55.43,55.89,54.55,54.84,10897300
2018-05-14,55.83,56.94,55.23,55.26,12333800
2018-05-15,54.75,54.87,53.48,54.09,12837300
2018-05-16,54.5,55.46,54.46,55.17,10166700
2018-05-17,54.68,54.98,53.46,53.96,20101000
2018-05-18,50.29,50.46,48.53,49.51,51042200
2018-05-21,50.71,51.37,49.37,50.0,20898900
2018-05-22,50.61,51.33,50.0,50.25,15094000
2018-05-23,49.81,50.8,49.73,50.34,15595400
2018-05-24,50.59,50.91,49.86,50.77,10442000
2018-05-25,50.73,51.33,50.4,50.85,12202900
2018-05-29,51.099998,52.25,51.040001,52.02,16094900
2018-05-30,52.38,52.49,51.45,51.59,13439600
2018-05-31,51.31,51.61,50.62,50.78,16462700
2018-06-01,51.3,52.27,51.11,52.24,11341200
2018-06-04,52.35,52.47,51.89,52.29,9911300
2018-06-05,52.71,53.23,52.32,52.91,13547100
2018-06-06,52.93,52.93,52.11,52.53,10027100
2018-06-07,51.61,51.82,50.4,51.25,16869000
2018-06-08,50.41,51.22,50.23,51.15,9954400
2018-06-11,51.2,51.22,49.56,49.89,18725500
2018-06-12,50.07,50.88,49.83,50.86,17236800
2018-06-13,50.3,51.59,50.25,50.98,17174100
2018-06-14,50.99,51.040001,49.62,49.69,16482500
2018-06-15,49.16,49.7,48.76,49.31,23243800
2018-06-18,48.88,49.0,48.15,48.32,13780900
2018-06-19,47.56,48.81,47.2,48.55,13586400
2018-06-20,48.75,48.98,48.14,48.58,9735900
2018-06-21,49.59,49.79,48.66,48.99,13209300
2018-06-22,49.4,49.4,47.73,47.96,13200500
2018-06-25,47.0,47.33,46.080002,46.71,14442800
2018-06-26,47.16,47.3,46.56,46.67,14748300
2018-06-27,46.92,47.19,45.2,45.25,14900200
2018-06-28,44.96,45.49,44.57,45.29,13760400
2018-06-29,45.73,46.82,45.69,46.19,15112200
2018-07-02,45.099998,45.71,44.92,45.68,11042900
2018-07-03,45.76,45.88,44.74,44.8,7538500
2018-07-05,45.41,45.68,44.99,45.44,8950700
2018-07-06,45.46,46.22,44.89,46.13,11467600
2018-07-09,46.26,46.65,45.52,46.52,9727700
2018-07-10,46.53,46.92,46.26,46.74,8802000
2018-07-11,46.049999,46.22,44.98,45.2,13333000
2018-07-12,45.34,45.89,45.34,45.68,9735400
2018-07-13,45.59,46.23,45.5,46.13,6349000
2018-07-16,46.040001,46.66,45.96,46.31,7228500
2018-07-17,45.95,47.46,45.95,47.3,9692800
2018-07-18,48.97,49.15,47.84,48.28,15309300
2018-07-19,47.71,48.0,46.56,46.67,11481100
2018-07-20,46.67,47.099998,46.21,46.76,7792500
2018-07-23,46.3,46.54,45.43,46.43,7364300
2018-07-24,46.61,47.27,45.83,45.91,10903300
2018-07-25,45.79,46.07,45.13,45.96,9276400
2018-07-26,46.0,47.31,45.97,47.17,11637500
2018-07-27,48.63,49.48,47.88,48.3,17601100
2018-07-30,48.28,48.43,47.61,47.91,9305400
2018-07-31,48.36,49.060001,48.16,48.63,10816400
2018-08-01,48.89,48.97,47.77,47.97,8326600
2018-08-02,47.39,48.83,47.11,48.11,9371700
2018-08-03,48.19,48.86,47.85,48.84,7032700
2018-08-06,49.080002,49.79,48.9,49.48,8555000
2018-08-07,49.79,49.97,49.080002,49.63,7530600
2018-08-08,49.6,50.39,49.45,50.18,8458800
2018-08-09,48.96,49.58,48.16,49.16,9514900
2018-08-10,48.18,48.66,47.91,48.13,8088800
2018-08-13,48.060001,48.6,47.66,48.25,6436600
2018-08-14,48.42,48.89,48.23,48.38,6879800
2018-08-15,47.85,48.099998,47.17,47.51,10296200
2018-08-16,47.99,48.23,47.15,47.43,13733100
2018-08-17,44.77,44.82,42.62,43.77,52584200
2018-08-20,43.8,44.15,43.02,43.53,15056100
2018-08-21,43.34,44.23,42.85,43.76,15570800
2018-08-22,43.52,43.55,42.97,42.99,11214300
2018-08-23,42.81,43.3,42.65,42.79,9504400
2018-08-24,42.84,43.060001,42.52,42.73,8294700
2018-08-27,42.96,44.2,42.75,43.75,12581300
2018-08-28,43.23,43.64,42.95,43.4,13190500
2018-08-29,43.31,43.38,42.86,43.099998,14226400
2018-08-30,42.9,43.5,42.89,43.14,10122300
2018-08-31,43.12,43.3,42.83,43.02,9982200
2018-09-04,42.84,43.0,42.049999,42.62,15147400
2018-09-05,42.3,42.58,41.92,42.5,15022100
2018-09-06,41.98,42.2,40.24,40.27,22590500
2018-09-07,40.0,40.4,39.63,39.85,11910100
2018-09-10,40.099998,40.28,39.4,39.6,15560700
2018-09-11,39.14,39.46,38.51,39.18,14716700
2018-09-12,38.13,38.76,37.39,38.39,17214800
2018-09-13,38.78,39.15,38.62,38.89,13402900
2018-09-14,38.91,39.58,38.88,39.099998,10359200
2018-09-17,38.95,39.17,38.64,38.7,10794500
2018-09-18,38.85,39.43,38.77,39.19,9846200
2018-09-19,39.39,39.47,38.85,39.040001,8213400
2018-09-20,39.28,39.84,39.18,39.39,12464200
2018-09-21,39.33,39.96,39.15,39.63,20729500
2018-09-24,39.24,39.5,38.86,39.099998,10678400
2018-09-25,39.15,39.23,38.51,38.58,9222500
2018-09-26,38.099998,38.87,38.080002,38.26,10927600
2018-09-27,38.31,38.74,38.07,38.35,7146400
2018-09-28,38.27,39.34,38.12,38.65,11751200
2018-10-01,38.5,38.77,38.049999,38.34,10337000
2018-10-02,38.33,39.36,38.17,38.9,9626500
2018-10-03,39.15,39.65,38.69,38.92,7441700
2018-10-04,38.57,38.71,37.5,37.89,12199100
2018-10-05,37.82,38.049999,36.98,37.24,9790200
2018-10-08,37.0,37.3,36.31,36.59,10259500
2018-10-09,36.53,36.58,35.69,35.72,13392700
2018-10-10,35.0,35.69,34.09,34.43,23974600
2018-10-11,34.36,34.8,32.78,32.79,31702100
2018-10-12,33.85,34.34,33.33,33.69,16781800
2018-10-15,33.44,33.85,33.049999,33.43,10151000
2018-10-16,33.9,34.8,33.72,34.76,11705500
2018-10-17,36.02,36.080002,34.89,34.96,15149200
2018-10-18,34.8,34.89,33.77,33.92,12345600
2018-10-19,34.17,34.81,33.89,34.29,14616500
2018-10-22,34.39,34.54,33.15,33.53,13210100
2018-10-23,32.11,33.94,32.11,33.52,16111600
2018-10-24,33.099998,33.61,31.78,31.81,14457700
2018-10-25,32.21,32.94,32.09,32.64,12494800
2018-10-26,31.71,32.99,31.57,32.36,13317000
2018-10-29,32.65,32.75,30.53,31.12,14150400
2018-10-30,31.2,32.46,31.1,32.42,15142300
2018-10-31,32.9,33.26,32.22,32.88,12942900
2018-11-01,32.98,35.45,32.91,35.35,14184200
2018-11-02,35.81,36.02,34.72,35.27,11959700
2018-11-05,35.32,35.39,33.75,34.32,7785300
2018-11-06,34.16,34.92,34.099998,34.87,6816400
2018-11-07,35.26,35.27,34.53,35.25,11028800
2018-11-08,34.8,35.62,34.75,34.94,9029900
2018-11-09,34.5,34.63,33.83,34.28,11136200
2018-11-12,33.73,33.8,32.46,32.62,10618000
2018-11-13,32.95,34.060001,32.7,33.49,11847500
2018-11-14,33.8,34.39,33.2,33.58,9513500
2018-11-15,33.32,35.5,33.24,35.02,15175700
2018-11-16,32.15,35.82,32.07,35.4,28075300
2018-11-19,35.24,35.67,34.28,34.42,15053300
2018-11-20,33.34,36.92,33.14,35.77,25487100
2018-11-21,36.17,36.28,35.13,35.19,11659600
2018-11-23,34.86,35.61,34.8,35.049999,5203200
2018-11-26,35.57,36.049999,35.13,36.0099983,11741200
2018-11-27,35.65,36.6,35.37,36.0,11117800
2018-11-28,36.36,37.13,35.55,37.11,12038400
2018-11-29,36.79,37.09,36.28,36.54,7934200
2018-11-30,36.47,37.28,36.33,37.28,13387000
2018-12-03,38.3,38.64,37.78,38.34,14371100
2018-12-04,38.0,38.07,35.15,35.43,21733000
2018-12-06,34.63,34.88,33.98,34.69,17391700
2018-12-07,34.45,34.83,33.59,33.64,15636700
2018-12-10,33.64,34.31,33.45,34.17,10337700
2018-12-11,34.76,35.38,33.96,34.02,13436900
2018-12-12,34.59,34.99,33.95,34.2,11895500
2018-12-13,34.45,34.49,33.53,33.71,9675800
2018-12-14,33.19,33.51,32.63,32.65,10822900
2018-12-17,32.52,33.76,32.52,32.67,12262100
2018-12-18,33.07,34.32,32.89,33.28,13636700
2018-12-19,32.73,33.76,31.36,31.53,14660000
2018-12-20,31.9,32.25,30.78,30.9,16178300
2018-12-21,30.89,31.83,30.25,30.31,24879500
2018-12-24,30.0,30.32,28.96,28.99,10464900
2018-12-26,29.38,30.67,28.79,30.64,13325600
2018-12-27,30.22,31.57,30.12,31.55,10920200
2018-12-28,31.66,33.060001,31.66,32.38,13042900
2018-12-31,32.71,33.0,32.2,32.74,9697100
2019-01-02,32.040001,33.79,32.0,33.48,11106300
2019-01-03,32.73,33.25,31.48,31.54,21580700
2019-01-04,32.26,33.85,32.21,33.7,15631800
2019-01-07,33.8,34.8,33.64,34.3,13868800
2019-01-08,34.72,34.72,32.67,32.91,12485300
2019-01-09,33.32,34.84,33.29,34.3,11757100
2019-01-10,34.080002,34.82,33.89,34.76,7573600
2019-01-11,34.42,35.32,34.19,34.78,6449600
2019-01-14,34.19,34.3,33.41,33.86,9552400
2019-01-15,34.09,34.33,33.4,33.75,6593600
2019-01-16,33.92,34.27,33.56,33.64,6778900
2019-01-17,33.5,34.71,33.25,34.54,10260700
2019-01-18,34.96,36.32,34.63,35.71,11332700
2019-01-22,35.32,35.37,34.12,34.44,10047400
2019-01-23,34.71,34.94,33.71,34.31,9560200
2019-01-24,36.18,37.92,36.0099983,37.82,21529900
2019-01-25,38.53,39.48,38.31,39.19,17553400
2019-01-28,37.62,38.95,37.52,38.7,12459600
2019-01-29,39.27,39.35,37.84,38.2,8754600
2019-01-30,38.61,40.0,38.49,39.6,12546200
2019-01-31,39.28,39.75,38.72,39.080002,11588900
2019-02-01,39.080002,39.97,39.080002,39.31,11091000
2019-02-04,39.16,39.31,38.45,38.9,12458400
2019-02-05,38.88,39.29,38.6,39.12,13240200
2019-02-06,39.29,40.71,39.2,40.28,21058100
2019-02-07,39.73,40.33,39.56,39.92,13395500
2019-02-08,39.3,39.8,38.73,39.78,9891300
2019-02-11,39.97,40.19,39.33,39.9,9969500
2019-02-12,40.38,40.89,40.28,40.69,8911900
2019-02-13,40.96,41.24,40.72,40.85,10134200
2019-02-14,40.7,41.22,40.51,40.71,13938400
2019-02-15,40.0,40.2,38.59,39.099998,22396300
2019-02-19,39.0,39.71,39.0,39.3,12353100
2019-02-20,39.15,39.36,38.88,39.0,9575900
2019-02-21,39.0,39.26,38.53,38.83,7178800
2019-02-22,38.89,39.44,38.8,39.43,8149300
2019-02-25,39.92,40.080002,39.62,39.66,8064800
2019-02-26,39.53,39.87,39.48,39.58,6159300
2019-02-27,39.3,39.32,38.3,38.78,14038500
2019-02-28,38.48,38.61,37.92,38.34,9785100
2019-03-01,38.66,38.94,38.060001,38.56,7852900
2019-03-04,38.97,40.18,38.41,39.080002,20810700
2019-03-05,39.18,39.25,38.76,38.93,12449100
2019-03-06,38.88,38.94,37.66,38.07,12557800
2019-03-07,37.95,37.95,37.049999,37.57,9831700
2019-03-08,36.84,37.84,36.8,37.74,8174400
2019-03-11,37.95,38.89,37.81,38.51,7199500
2019-03-12,38.7,39.029999,38.32,38.71,6267600
2019-03-13,38.94,39.099998,38.56,38.6,6404400
2019-03-14,38.7,39.83,38.7,38.93,9491100
2019-03-15,39.35,41.029999,39.3,40.39,23021500
2019-03-18,40.41,40.71,39.91,40.0,7670800
2019-03-19,40.2,40.74,40.17,40.37,7134500
2019-03-20,40.38,40.62,39.36,39.57,7772400
2019-03-21,39.79,41.99,39.78,41.33,13135700
2019-03-22,41.040001,41.21,39.81,39.86,9468300
2019-03-25,39.69,40.13,39.07,39.4,6710200
2019-03-26,39.83,40.48,39.19,39.63,8138100
2019-03-27,39.67,39.91,38.57,38.93,7737600
2019-03-28,38.92,39.2,38.24,38.51,8298300
2019-03-29,39.060001,39.85,39.0,39.66,9221500
2019-04-01,40.3,41.17,40.21,41.13,11731000
2019-04-02,41.0,41.22,40.61,40.99,8688600
2019-04-03,41.66,43.0099983,41.62,42.43,13204800
2019-04-04,42.07,42.83,42.02,42.62,8472800
2019-04-05,43.0,43.39,42.69,43.040001,8502800
2019-04-08,42.93,43.0099983,42.11,42.92,6314200
2019-04-09,42.55,42.6,41.66,42.0099983,7412500
2019-04-10,41.91,42.34,41.73,42.17,5442400
2019-04-11,42.43,42.94,42.29,42.47,6577500
2019-04-12,43.0,43.36,42.77,42.99,4923500
2019-04-15,42.75,43.13,42.33,42.71,5739300
2019-04-16,43.099998,44.15,43.049999,43.72,9881100
2019-04-17,44.35,44.53,43.57,43.89,8290900
2019-04-18,44.0099983,44.27,43.79,43.95,6122100
2019-04-22,43.86,43.98,43.27,43.79,4672200
2019-04-23,43.8,43.99,43.4,43.83,6703900
2019-04-24,43.91,45.64,43.88,44.46,10613300
2019-04-25,45.16,45.75,44.3,44.45,9547000
2019-04-26,43.6,44.71,43.33,44.66,7203900
2019-04-29,44.57,44.91,44.2,44.24,5847300
2019-04-30,44.15,44.58,43.72,44.07,10447200
2019-05-01,44.040001,44.67,43.38,43.38,9388100
2019-05-02,43.18,44.25,42.86,43.7,12709000
2019-05-03,44.029999,44.15,43.61,43.96,7375400
2019-05-06,42.41,43.15,41.79,43.11,11824300
2019-05-07,42.26,42.42,41.2,42.049999,9898300
2019-05-08,41.7,42.2,41.26,41.58,7709200
2019-05-09,40.77,41.19,39.85,40.94,11580600
2019-05-10,40.82,41.19,39.79,40.8,9025500
2019-05-13,39.26,39.64,38.67,39.09,10724700
2019-05-14,39.53,40.39,39.4,40.0099983,8370100
2019-05-15,40.41,41.86,40.11,41.5,12051000
2019-05-16,41.3,42.19,40.96,41.66,11932500
2019-05-17,43.35,44.36,42.57,42.7,20218200
2019-05-20,41.8,42.76,40.22,40.35,21371800
2019-05-21,41.18,41.36,40.82,41.27,8949900
2019-05-22,40.75,40.88,40.15,40.49,5897500
2019-05-23,39.65,40.080002,39.15,39.94,8459800
2019-05-24,40.27,40.4,39.45,39.5,8541800
2019-05-28,39.81,40.029999,39.0,39.0099983,10715500
2019-05-29,38.72,39.55,38.4,39.37,10137000
2019-05-30,39.45,40.4,39.29,39.75,7491700
2019-05-31,39.2,39.96,38.68,38.69,8394900
2019-06-03,38.97,39.66,38.54,38.78,7795300
2019-06-04,39.52,40.65,39.28,40.42,14138900
2019-06-05,40.8,41.17,40.16,40.59,10143400
2019-06-06,40.54,41.49,40.49,41.38,8101700
2019-06-07,41.6,41.88,41.080002,41.51,6391200
2019-06-10,42.0,43.55,41.79,43.14,9651700
2019-06-11,43.91,44.55,43.64,43.75,10536500
2019-06-12,42.64,42.69,41.36,41.5,10059800
2019-06-13,41.61,42.02,41.15,41.65,6979500
2019-06-14,40.96,41.49,40.56,41.23,7695100
2019-06-17,41.11,41.2,40.24,40.5,12453300
2019-06-18,40.93,42.6,40.84,42.31,11291800
2019-06-19,42.69,42.84,42.24,42.53,9333000
2019-06-20,43.74,43.99,43.0,43.21,8633300
2019-06-21,42.9,43.2,42.61,42.96,12096400
2019-06-24,42.91,42.93,42.24,42.33,10997100
2019-06-25,42.25,42.7,41.9,41.98,9637900
2019-06-26,43.0,43.8,42.93,43.58,10023900
2019-06-27,43.89,44.87,43.79,44.69,8894400
2019-06-28,45.13,45.39,44.68,44.91,15599700
2019-07-01,46.63,47.55,45.22,45.68,11452200
2019-07-02,45.11,45.22,44.12,44.66,13869000
2019-07-03,44.52,44.78,44.36,44.67,5559100
2019-07-05,44.24,44.42,43.56,43.98,6618200
2019-07-08,43.16,43.75,43.060001,43.45,9733000
2019-07-09,43.23,44.060001,42.88,43.97,12432400
2019-07-10,44.5,45.43,44.45,44.72,7184700
2019-07-11,45.07,45.37,44.37,45.28,8128500
2019-07-12,45.36,46.55,45.36,46.51,9030900
2019-07-15,46.85,47.43,45.92,46.28,6723200
2019-07-16,46.0,46.23,45.5,46.0099983,6671000
2019-07-17,46.26,46.47,45.62,46.22,8459900
2019-07-18,46.47,48.64,46.38,48.17,14577100
2019-07-19,48.31,48.49,47.66,47.81,9415200
2019-07-22,49.32,50.8,49.21,50.73,21604000
2019-07-23,50.64,51.32,50.12,51.029999,10063900
2019-07-24,50.99,52.42,50.76,52.14,11289800
2019-07-25,51.72,51.79,50.67,50.82,8301000
2019-07-26,50.89,51.099998,50.46,50.74,5737600
2019-07-29,50.46,50.77,50.060001,50.67,4485700
2019-07-30,50.060001,51.049999,49.91,50.73,4666300
2019-07-31,50.53,50.59,48.69,49.37,8334800
2019-08-01,49.44,51.049999,47.91,48.47,11076800
2019-08-02,48.0,48.4,47.19,47.55,8093900
2019-08-05,46.2,46.2,44.97,45.46,12069900
2019-08-06,46.42,46.97,45.68,46.33,7428200
2019-08-07,46.040001,46.86,45.75,46.68,7591400
2019-08-08,47.09,47.95,46.89,47.86,6122900
2019-08-09,47.54,47.54,46.56,47.15,5293200
2019-08-12,46.98,47.09,46.23,46.46,7105200
2019-08-13,46.43,48.25,46.07,48.060001,9013700
2019-08-14,46.95,47.25,46.39,46.71,7212300
2019-08-15,47.0,47.31,46.5,47.16,8256800
2019-08-16,45.96,46.99,44.62,46.63,17658200
2019-08-19,47.6,47.93,46.8,47.099998,8860000
2019-08-20,46.93,47.14,46.51,46.73,7753800
2019-08-21,47.2,47.52,46.73,46.83,5198200
2019-08-22,47.14,47.28,46.44,47.029999,4280700
2019-08-23,46.51,46.84,44.82,45.12,11614800
2019-08-26,46.0,46.17,45.44,45.61,5715200
2019-08-27,46.0,46.24,45.11,45.51,5926900
2019-08-28,45.4,46.040001,45.049999,45.9,4811500
2019-08-29,46.66,47.42,46.63,47.31,6786700
2019-08-30,47.55,48.09,47.39,48.02,7819300
2019-09-03,47.64,47.77,47.16,47.61,7145800
2019-09-04,48.57,49.56,48.4,49.51,10227700
2019-09-05,50.46,51.73,50.27,50.35,10415400
2019-09-06,50.47,50.5,49.8,50.099998,6913400
2019-09-09,50.29,50.8,49.96,50.66,6653800
2019-09-10,50.38,50.49,49.62,50.19,7304000
2019-09-11,50.43,51.57,50.0099983,51.56,8100400
2019-09-12,51.65,51.86,51.040001,51.25,6251800
2019-09-13,51.74,51.98,51.040001,51.35,6052700
2019-09-16,50.73,51.48,50.28,50.92,5164300
2019-09-17,50.55,51.26,50.43,51.2,5435500
2019-09-18,51.26,52.099998,51.029999,52.09,7880200
2019-09-19,52.49,52.62,51.37,51.68,5951300
2019-09-20,51.9,52.02,50.87,50.96,11287300
2019-09-23,50.85,51.97,50.8,51.76,4511200
2019-09-24,52.02,52.58,50.87,51.16,7074000
2019-09-25,50.65,52.12,50.5,51.93,5381400
2019-09-26,52.17,52.46,51.81,52.15,4848600
2019-09-27,51.12,51.46,49.15,49.43,11206000
2019-09-30,49.75,50.22,49.26,49.9,6674800
2019-10-01,50.41,51.0,49.78,50.02,7727000
2019-10-02,49.37,49.88,49.21,49.46,6426000
2019-10-03,49.42,49.77,48.78,49.64,6519300
2019-10-04,50.0099983,50.9,49.89,50.88,4596700
2019-10-07,50.82,51.11,50.58,50.65,5257200
2019-10-08,50.15,50.28,49.080002,49.31,5706200
2019-10-09,50.12,51.17,50.0,50.84,6279400
2019-10-10,50.67,51.6,50.64,51.0099983,5330200
2019-10-11,52.16,52.39,51.71,51.75,6801000
2019-10-14,51.81,52.13,51.79,51.94,3395600
2019-10-15,52.07,53.14,51.88,52.91,8052200
2019-10-16,51.88,52.8,51.35,51.56,8383000
2019-10-17,52.46,53.25,51.84,52.14,5150400
2019-10-18,52.22,52.41,51.040001,51.68,6419100
2019-10-21,52.19,52.71,51.99,52.64,5738200
2019-10-22,52.65,52.71,51.94,51.98,4442600
2019-10-23,51.29,51.45,50.24,50.53,8493800
2019-10-24,52.94,55.12,52.75,55.07,18652600
2019-10-25,54.9,55.84,54.53,55.72,8567800
2019-10-28,56.029999,57.29,56.0,56.95,8755200
2019-10-29,56.68,57.09,55.4,55.52,6353600
2019-10-30,55.33,55.44,54.67,55.21,4246700
2019-10-31,55.19,55.19,53.56,54.26,6741600
2019-11-01,54.93,55.47,54.41,55.46,5899000
2019-11-04,56.02,56.4,55.34,55.74,4150500
2019-11-05,56.09,56.29,55.57,55.88,3857900
2019-11-06,55.6,55.88,54.91,55.82,3965900
2019-11-07,56.31,56.49,55.63,55.94,4486900
2019-11-08,55.7,56.14,55.13,56.029999,3313900
2019-11-11,55.77,56.73,55.55,56.59,5651000
2019-11-12,57.0,57.25,56.2,56.42,5115400
2019-11-13,56.11,57.39,56.0099983,57.12,5703000
2019-11-14,57.14,57.2,56.51,56.96,8236000
2019-11-15,60.33,62.92,60.22,62.060001,28389000
2019-11-18,61.89,63.07,61.36,62.35,10413100
2019-11-19,62.29,62.67,60.85,60.94,9886800
2019-11-20,60.029999,60.43,59.09,59.65,12037600
2019-11-21,56.64,58.45,55.65,56.44,13935300
2019-11-22,56.56,57.14,55.44,55.94,8627700
2019-11-25,56.62,58.42,56.56,58.28,11193700
2019-11-26,58.27,58.42,57.080002,57.57,10254000
2019-11-27,57.89,58.39,57.74,58.29,5701700
2019-11-29,58.09,58.3,57.72,57.9,2905800
2019-12-02,58.14,58.14,56.48,56.7,6159400
2019-12-03,55.18,55.91,54.95,55.34,7671700
2019-12-04,56.41,56.54,55.59,56.09,6564400
2019-12-05,56.33,56.53,55.65,55.84,5291000
2019-12-06,56.75,57.49,56.48,56.6,6033500
2019-12-09,57.12,57.23,56.55,56.6,4729500
2019-12-10,57.17,57.17,56.46,56.62,6329100
2019-12-11,56.82,59.13,56.7,59.040001,8839700
2019-12-12,59.02,60.48,59.0099983,60.36,9280400
2019-12-13,60.0099983,60.81,59.78,59.87,6172600
2019-12-16,61.0,61.43,59.93,59.96,6430100
2019-12-17,60.45,60.9,60.23,60.79,7848000
2019-12-18,60.82,61.41,60.37,60.38,6525100
2019-12-19,60.57,60.7,59.88,60.67,6002700
2019-12-20,61.21,61.98,60.7,61.81,15663100
2019-12-23,61.95,62.0,61.029999,61.080002,5840900
2019-12-24,61.37,61.52,60.94,61.5,1624100
2019-12-26,61.61,61.68,61.040001,61.31,2960600
2019-12-27,61.59,61.68,60.83,61.17,3314500
2019-12-30,61.35,61.38,60.19,60.93,3566400
2019-12-31,60.68,61.080002,60.099998,61.040001,3878200
2020-01-02,62.0,62.65,61.7,62.2,6647900
2020-01-03,60.69,61.73,60.56,61.21,5415200
2020-01-06,59.85,60.46,59.3,59.89,8586000
2020-01-07,60.27,62.099998,60.14,61.62,7970400
2020-01-08,61.7,62.2,61.25,61.58,4364400
2020-01-09,62.2,62.85,61.21,61.97,5713500
2020-01-10,62.53,62.71,61.2,61.47,4456100
2020-01-13,61.48,61.95,61.34,61.81,4111100
2020-01-14,62.09,63.55,62.080002,62.35,7998000
2020-01-15,62.3,62.37,61.35,61.93,6314100
2020-01-16,62.59,63.23,62.47,63.21,5733800
2020-01-17,63.79,63.81,62.53,62.85,6327800
2020-01-21,62.74,63.89,62.65,63.2,5777400
2020-01-22,63.7,64.6,63.62,63.89,5598700
2020-01-23,64.13,64.26,63.13,63.89,6540700
2020-01-24,64.8,64.93,61.61,62.0,8007500
2020-01-27,59.95,60.45,58.82,59.049999,9350600
2020-01-28,59.76,60.35,58.92,60.19,6228100
2020-01-29,60.07,60.66,59.49,59.82,6515300
2020-01-30,61.54,62.029999,59.42,60.25,9656100
2020-01-31,59.82,59.85,57.53,57.99,10132200
2020-02-03,58.68,60.25,58.66,59.72,7847300
2020-02-04,61.41,63.65,61.2,63.0099983,12322100
2020-02-05,63.98,64.44,62.87,63.8,8252100
2020-02-06,64.019997,64.16,63.049999,63.19,4870600
2020-02-07,62.84,62.98,61.63,61.71,6093200
2020-02-10,61.080002,62.96,61.080002,62.92,5121100
2020-02-11,63.6,64.7,63.34,64.45,6203800
2020-02-12,64.93,65.68,64.62,65.37,11592200
2020-02-13,66.75,69.44,65.95,67.37,21742700
2020-02-14,67.46,67.9,66.55,66.85,8104000
2020-02-18,64.23,66.0,63.85,65.16,10208500
2020-02-19,66.5,67.74,66.27,67.41,8502600
2020-02-20,67.0,67.35,65.22,66.4,7535900
2020-02-21,65.91,66.13,63.63,64.27,9658100
2020-02-24,61.13,61.85,60.4,61.080002,11223700
2020-02-25,61.92,62.28,58.48,58.86,9942500
2020-02-26,59.58,60.76,59.31,59.81,10851500
2020-02-27,57.2,58.5,56.4,57.0,15746200
2020-02-28,54.19,58.18,54.080002,58.12,14943900
2020-03-02,58.7,60.19,57.0,60.16,10795200
2020-03-03,59.97,61.38,57.56,58.040001,14036600
2020-03-04,59.44,60.65,58.27,60.52,7925800
2020-03-05,58.56,60.44,58.26,59.13,9842500
2020-03-06,57.0,58.48,56.25,57.79,8958500
2020-03-09,52.81,55.33,52.0,52.07,10305900
2020-03-10,54.4,56.17,52.57,56.17,10107400
2020-03-11,54.28,54.99,51.41,52.49,12974200
2020-03-12,48.78,50.36,45.099998,45.11,18043700
2020-03-13,48.67,51.23,45.35,50.89,15539300
2020-03-16,44.049999,46.7,40.41,40.53,13763000
2020-03-17,41.76,46.07,39.77,44.86,16361200
2020-03-18,40.57,41.76,36.64,39.18,18870000
2020-03-19,38.68,42.07,36.86,40.19,13066600
2020-03-20,41.49,43.26,37.8,37.99,13967100
2020-03-23,38.64,41.54,37.92,40.17,15138400
2020-03-24,44.24,46.24,43.029999,45.14,16338500
2020-03-25,44.93,48.22,43.77,44.73,11550700
2020-03-26,46.23,49.39,45.34,49.2,11864900
2020-03-27,47.7,48.13,44.84,45.049999,10624200
2020-03-30,45.4,47.51,45.33,47.3,7839200
2020-03-31,47.17,47.28,45.15,45.82,11068000
2020-04-01,43.83,46.18,42.83,43.3,10665900
2020-04-02,42.5,44.46,42.13,43.24,8764600
2020-04-03,43.46,43.62,41.58,42.28,9488600
2020-04-06,44.84,46.45,44.64,46.15,12046500
2020-04-07,48.0,48.97,46.3,47.56,11962600
2020-04-08,48.63,51.62,48.52,51.46,14429000
2020-04-09,52.0,52.74,48.68,49.59,11654400
2020-04-13,49.3,49.97,48.37,49.88,5750000
2020-04-14,51.41,52.84,51.080002,52.47,8025500
2020-04-15,51.31,51.31,49.75,50.37,7206700
2020-04-16,51.87,52.57,50.8,52.23,8878100
2020-04-17,53.64,53.9,52.27,53.2,9367600
2020-04-20,52.099998,52.49,50.61,50.63,7041200
2020-04-21,49.9,50.049999,48.21,48.33,9359600
2020-04-22,50.099998,52.43,49.81,52.11,7785000
2020-04-23,51.75,52.22,50.59,50.9,9048300
2020-04-24,51.22,51.88,49.94,51.74,7663900
2020-04-27,52.5,52.72,50.65,51.029999,6587400
2020-04-28,51.91,52.12,50.26,50.42,7759500
2020-04-29,51.83,54.65,51.42,54.34,8946300
2020-04-30,53.45,53.88,49.64,49.68,14457000
2020-05-01,48.080002,48.36,46.37,46.89,13583100
2020-05-04,46.56,47.64,46.22,47.58,7798000
2020-05-05,48.83,50.75,48.53,48.85,8220600
2020-05-06,49.99,51.16,49.54,50.5,8594600
2020-05-07,51.46,51.8,50.91,51.25,6645600
2020-05-08,52.41,53.89,52.24,53.81,8082200
2020-05-11,54.13,54.41,53.37,54.0099983,8211500
2020-05-12,54.4,54.59,52.31,52.33,7479000
2020-05-13,52.5,52.86,50.4,51.49,8696600
2020-05-14,50.75,54.65,49.66,54.43,15839000
2020-05-15,53.16,53.47,51.17,52.040001,20755900
2020-05-18,53.53,54.65,52.41,54.36,11293300
2020-05-19,54.5,57.0,54.029999,55.47,10535600
2020-05-20,56.5,58.16,56.32,56.88,9824100
2020-05-21,56.84,56.92,54.85,55.02,7467200
2020-05-22,55.02,55.17,53.72,54.39,7121000
2020-05-26,56.31,56.71,54.96,55.14,7757600
2020-05-27,55.59,56.44,53.32,56.4,9071600
2020-05-28,56.12,56.68,54.35,54.67,7234100
2020-05-29,55.0,56.38,54.46,56.18,10819600
2020-06-01,55.63,56.47,55.19,55.69,5374800
2020-06-02,56.0,56.22,54.75,55.79,6998700
2020-06-03,56.69,58.25,56.41,57.81,8026700
2020-06-04,57.16,59.2,57.099998,58.13,7456900
2020-06-05,59.71,61.11,59.62,60.19,8349700
2020-06-08,59.93,60.47,59.09,59.9,5528700
2020-06-09,59.02,60.26,58.93,59.79,6184300
2020-06-10,60.2,60.57,59.46,59.86,5319800
2020-06-11,58.26,58.59,55.35,55.41,9386800
2020-06-12,57.51,58.0099983,54.97,56.55,8534200
2020-06-15,54.92,57.23,54.52,57.049999,7221000
2020-06-16,58.96,60.13,57.9,58.54,9718000
2020-06-17,58.73,60.43,58.54,60.0,8338100
2020-06-18,59.57,60.72,59.57,60.38,5674000
2020-06-19,61.4,62.33,60.41,60.95,10092800
2020-06-22,60.52,61.39,59.58,61.27,5379900
2020-06-23,61.93,61.98,60.44,60.84,7264900
2020-06-24,60.33,60.89,59.15,59.97,7937300
2020-06-25,59.6,60.07,58.61,59.98,6298900
2020-06-26,59.57,60.14,58.0099983,58.38,12786500
2020-06-29,58.44,59.07,57.56,59.060001,5035900
2020-06-30,59.12,60.94,59.07,60.45,6067600
2020-07-01,60.43,60.78,59.54,59.68,5305200
2020-07-02,60.5,61.65,60.34,61.0,5596100
2020-07-06,62.39,63.71,62.29,63.46,7776900
2020-07-07,63.38,63.83,62.029999,62.18,5078200
2020-07-08,62.9,63.18,62.02,62.77,4045700
2020-07-09,63.080002,63.7,62.24,63.49,6155900
2020-07-10,63.28,63.49,62.049999,62.59,5899000
2020-07-13,63.0099983,63.78,61.41,61.51,6178600
2020-07-14,60.8,62.63,60.07,62.54,6297500
2020-07-15,62.75,62.84,61.3,62.099998,5226400
2020-07-16,61.61,62.62,61.5,62.34,3934300
2020-07-17,62.85,62.85,61.95,62.3,4585200
2020-07-20,62.61,63.9,61.88,63.73,5017000
2020-07-21,64.12,64.84,63.26,63.81,5833900
2020-07-22,63.58,64.61,63.52,64.22,5027800
2020-07-23,64.33,65.33,63.2,63.63,5351800
2020-07-24,60.37,61.35,59.62,60.62,11041000
2020-07-27,61.63,63.07,61.11,63.0099983,7194700
2020-07-28,62.53,62.95,61.9,62.3,4565700
2020-07-29,62.67,63.66,62.17,63.25,4621400
2020-07-30,63.23,64.43,62.99,64.42,5525000
2020-07-31,64.79,64.79,63.12,64.33,5900600
2020-08-03,64.79,65.59,64.68,65.010002,5540600
2020-08-04,65.0,65.2,64.18,64.85,5190200
2020-08-05,64.87,65.25,64.42,64.87,4572700
2020-08-06,63.87,64.17,62.6,63.61,7395900
2020-08-07,63.69,65.010002,62.78,63.57,7124200
2020-08-10,63.65,65.28,63.62,65.24,7387000
2020-08-11,65.32,66.12,64.23,64.46,7608600
2020-08-12,64.99,66.67,64.7,66.5,6170100
2020-08-13,66.36,66.6,64.61,65.07,10684400
2020-08-14,67.39,69.9,66.5,67.62,23421900
2020-08-17,68.099998,68.23,66.77,66.94,6883000
2020-08-18,67.39,67.39,66.07,66.43,6166700
2020-08-19,66.57,66.73,65.69,65.87,4979500
2020-08-20,64.71,64.82,63.28,63.79,8307800
2020-08-21,63.099998,63.28,61.92,62.27,11150600
2020-08-24,63.36,63.8,62.68,63.74,8366500
2020-08-25,64.11,64.65,63.43,64.050003,5156900
2020-08-26,64.050003,64.26,63.49,63.76,5964900
2020-08-27,64.29,64.29,61.29,62.029999,8917800
2020-08-28,62.060001,63.099998,61.97,63.07,5206000
2020-08-31,62.44,62.61,61.42,61.6,6454200
2020-09-01,61.98,62.099998,61.23,61.89,7919800
2020-09-02,62.49,65.3,62.37,65.080002,10802500
2020-09-03,64.19,64.37,61.049999,61.46,11013000
2020-09-04,61.21,61.83,58.55,60.96,14688100
2020-09-08,57.07,57.79,55.32,55.63,20934800
2020-09-09,56.61,56.98,54.51,55.2,16267600
2020-09-10,55.6,56.25,54.94,55.12,10670500
2020-09-11,55.61,56.31,54.68,55.0,9203300
2020-09-14,56.23,57.12,56.12,56.46,8495700
2020-09-15,57.23,57.88,56.48,57.2,7209800
2020-09-16,57.49,58.2,56.38,56.47,8339400
2020-09-17,54.82,56.63,54.69,56.34,7098700
2020-09-18,56.79,56.8,55.2,56.15,11913000
2020-09-21,55.21,57.36,54.15,57.32,8494300
2020-09-22,57.96,58.11,56.71,57.89,7629300
2020-09-23,58.099998,58.88,57.0099983,57.25,8831800
2020-09-24,56.94,58.82,56.76,57.79,6318500
2020-09-25,57.49,58.38,56.65,58.23,6542600
2020-09-28,58.28,59.85,58.25,59.36,8616000
2020-09-29,59.38,60.25,59.15,59.65,5402200
2020-09-30,59.43,60.18,58.99,59.45,9074400
2020-10-01,60.37,61.02,59.51,60.65,7542800
2020-10-02,59.09,59.66,58.19,58.21,7103900
2020-10-05,58.93,60.63,58.76,60.6,6694600
2020-10-06,60.33,62.16,60.17,60.4,6947900
2020-10-07,61.5,61.79,60.92,61.12,5335400
2020-10-08,61.7,62.7,61.37,62.6,5411500
2020-10-09,63.29,63.81,63.060001,63.29,6366800
2020-10-12,64.059998,65.12,63.98,64.68,7021900
2020-10-13,65.24,65.42,64.16,64.69,7189900
2020-10-14,64.9,65.18,63.43,63.98,5823900
2020-10-15,62.4,63.69,62.02,63.51,6397300
2020-10-16,63.76,63.93,62.41,63.0,6841000
2020-10-19,63.17,63.62,61.81,62.049999,5757500
2020-10-20,62.67,63.0099983,62.02,62.26,4479700
2020-10-21,62.4,62.86,61.91,62.11,6188900
2020-10-22,61.73,62.15,60.86,61.7,6013400
2020-10-23,61.7,62.17,60.66,60.95,6519800
2020-10-26,60.33,60.5,58.65,59.51,6715400
2020-10-27,59.78,59.99,58.77,58.83,4626200
2020-10-28,57.78,58.22,56.87,57.32,8976600
2020-10-29,57.23,60.23,56.95,59.5,6314400
2020-10-30,58.74,59.28,58.26,59.23,7336200
2020-11-02,59.95,60.48,59.53,60.33,7475100
2020-11-03,60.99,62.44,60.99,61.83,9967600
2020-11-04,63.44,65.19,62.13,64.86,9808300
2020-11-05,66.0,70.059998,65.91,69.95,13118100
2020-11-06,68.9,70.86,68.35,70.53,8639700
2020-11-09,73.2,75.93,71.26,71.3,10154600
2020-11-10,70.95,71.49,69.099998,69.39,8206100
2020-11-11,70.2,71.7,69.88,71.16,8071900
2020-11-12,70.86,71.15,69.43,69.8,8542700
2020-11-13,72.27,73.94,71.51,72.81,10179400
2020-11-16,72.97,74.53,72.58,74.48,8104400
2020-11-17,73.76,74.57,73.059998,74.37,5460100
2020-11-18,74.69,76.67,74.59,75.71,10667700
2020-11-19,75.26,77.51,74.51,77.25,8990100
2020-11-20,77.2,78.57,76.68,76.72,7609100
2020-11-23,76.97,80.58,76.97,80.5,8809800
2020-11-24,81.0,83.14,79.82,82.95,9542000
2020-11-25,82.9,83.019997,81.07,81.14,5518500
2020-11-27,81.81,83.53,81.68,82.66,3098200
2020-11-30,82.0,82.59,80.71,82.48,7543100
2020-12-01,83.050003,84.62,82.88,84.27,7041400
2020-12-02,83.69,85.59,83.61,85.29,5272800
2020-12-03,85.74,87.029999,85.69,86.099998,4825000
2020-12-04,86.92,88.92,86.65,88.84,6876900
2020-12-07,89.27,89.46,87.82,89.14,5524100
2020-12-08,89.23,90.26,89.040001,89.75,4703000
2020-12-09,89.57,90.099998,87.18,87.82,7017800
2020-12-10,87.0,88.61,86.46,87.89,5731200
2020-12-11,87.050003,88.59,86.59,88.3,5776400
2020-12-14,88.5,90.52,88.32,88.5,6425500
2020-12-15,89.9,90.61,87.95,88.47,6179500
2020-12-16,88.31,89.25,87.29,88.55,5808100
2020-12-17,89.13,89.24,87.13,87.5,5559400
2020-12-18,87.66,88.15,85.34,86.089996,14603100
2020-12-21,84.39,86.53,83.8,86.41,5226600
2020-12-22,86.55,86.61,85.54,85.64,3901200
2020-12-23,86.3,86.5,83.96,84.029999,4585900
2020-12-24,84.74,85.39,84.2,85.33,1409200
2020-12-28,86.37,86.74,84.56,84.87,3018300
2020-12-29,85.019997,85.12,83.53,84.27,4518000
2020-12-30,85.38,87.57,85.16,86.98,6294300
2020-12-31,86.99,87.059998,85.17,86.3,5715900
2021-01-04,87.24,89.3,86.15,86.87,8449900
2021-01-05,86.4,89.62,86.4,89.6,6987200
2021-01-06,88.29,91.9,88.28,90.83,9818000
2021-01-07,92.13,95.059998,91.99,94.56,8784100
2021-01-08,96.29,97.8,94.88,95.56,9059700
2021-01-11,94.62,98.3,94.18,97.96,8357500
2021-01-12,98.53,100.87,98.2,100.010002,7186100
2021-01-13,100.49,100.49,97.96,98.050003,5310000
2021-01-14,102.83,106.6,102.7,105.8,11663000
2021-01-15,105.16,105.42,101.15,103.14,8981200
2021-01-19,105.099998,109.58,104.39,109.22,9362200
2021-01-20,110.11,110.88,105.16,107.84,9926000
2021-01-21,109.11,109.28,106.27,107.97,7271400
2021-01-22,108.050003,109.75,106.25,106.33,6207600
2021-01-25,107.51,110.099998,107.0,108.12,8437500
2021-01-26,108.85,108.9,105.27,105.53,6029800
2021-01-27,102.099998,104.059998,98.080002,98.58,9782700
2021-01-28,101.19,103.35,99.97,101.15,7433000
2021-01-29,100.23,100.46,96.07,96.68,7943400
2021-02-01,99.25,102.15,97.68,101.21,9083600
2021-02-02,102.99,103.94,101.77,103.59,5108600
2021-02-03,104.32,104.41,99.82,99.87,5399200
2021-02-04,100.21,103.73,100.21,103.24,6356300
2021-02-05,104.86,105.2,100.69,100.71,6349300
2021-02-08,101.85,106.25,101.76,106.19,6621400
2021-02-09,106.21,107.36,104.78,105.38,5769200
2021-02-10,106.94,108.2,105.029999,105.88,5001700
2021-02-11,107.43,114.3,107.29,113.0,12147100
2021-02-12,113.0,117.82,111.69,116.7,8157500
2021-02-16,118.51,121.13,117.69,118.35,9260100
2021-02-17,116.46,117.059998,112.089996,115.71,7225200
2021-02-18,114.0,115.63,112.44,113.43,8239600
2021-02-19,121.61,124.5,118.9,119.46,21054100
2021-02-22,117.97,119.87,114.62,115.23,7850600
2021-02-23,112.86,117.8,110.69,116.14,9387900
2021-02-24,115.050003,123.019997,114.42,122.81,10098100
2021-02-25,121.17,121.22,113.6,113.93,11352800
2021-02-26,116.53,120.25,113.44,118.19,11626500
2021-03-01,121.18,122.48,119.46,122.25,7003000
2021-03-02,121.84,121.91,117.24,117.5,6505000
2021-03-03,118.28,119.85,115.099998,115.44,7257100
2021-03-04,115.34,116.49,107.13,108.24,12433400
2021-03-05,111.59,114.34,105.65,113.45,9962700
2021-03-08,112.8,114.12,105.5,105.68,12091500
2021-03-09,110.26,114.95,109.41,114.22,12040800
2021-03-10,115.8,116.5,112.58,112.68,8820300
2021-03-11,117.26,117.85,115.64,117.19,7715500
2021-03-12,114.55,116.45,113.33,114.29,7426000
2021-03-15,114.63,115.43,113.099998,114.88,7061200
2021-03-16,117.029999,121.27,116.92,118.5,10383000
2021-03-17,116.19,121.14,114.9,119.9,8342600
2021-03-18,117.86,118.78,114.11,114.28,9040500
2021-03-19,114.51,117.059998,112.14,114.86,13044700
2021-03-22,117.6,121.48,116.97,119.33,11318700
2021-03-23,119.9,120.2,115.56,116.38,8263800
2021-03-24,122.65,125.8,120.42,121.099998,20252500
2021-03-25,118.76,120.48,116.22,119.72,10381600
2021-03-26,119.67,128.98,119.17,128.64,14037000
2021-03-29,127.040001,127.83,123.47,125.71,10539600
2021-03-30,124.89,127.9,123.86,126.76,7970900
2021-03-31,129.97,135.5,129.0,133.60001,18589500
2021-04-01,138.14,142.36,137.2,141.52,15929200
2021-04-05,145.5,146.0,141.74001,143.050003,14377400
2021-04-06,143.88,145.3,136.95,139.53999,18004800
2021-04-07,140.25,141.87,136.82001,139.14,13702700
2021-04-08,140.61,141.67999,138.21001,139.35001,10238000
2021-04-09,138.32001,140.17999,137.49001,138.91,9637200
2021-04-12,137.82001,138.73,134.50999,135.0,11147500
2021-04-13,136.63,136.99001,133.2,135.10001,8034300
2021-04-14,134.67,137.14,133.24001,134.14,8134200
2021-04-15,136.0,136.14,132.85001,134.41,8269400
2021-04-16,133.5,134.74001,133.0099945,133.73,7686300
2021-04-19,133.39,135.28,128.7,130.89,12826400
2021-04-20,129.38,131.67,128.31,128.59,7583300
2021-04-21,130.14,135.16,129.0,135.050003,12108800
2021-04-22,134.77,135.74001,130.45,131.75,11483500
2021-04-23,133.49001,135.17,132.75,134.86,8079100
2021-04-26,134.83,138.67,134.2,137.3,7927200
2021-04-27,138.14999,138.25,135.55,136.78,5767400
2021-04-28,136.64,136.92,134.57001,135.69,6172700
2021-04-29,137.25,137.60001,133.089996,135.39,6668400
2021-04-30,132.0,134.39999,131.39999,132.71001,8691800
2021-05-03,134.25,135.61,131.7,132.85001,7750200
2021-05-04,129.99001,130.67999,125.32,128.72,14199100
2021-05-05,131.73,132.52,128.75999,130.28999,7276600
2021-05-06,129.64,131.89,127.76,131.73,7270500
2021-05-07,132.55,134.10001,131.64,132.95,7524800
2021-05-10,131.92,131.92,124.51,124.69,10471500
2021-05-11,120.0,124.34,117.62,123.55,15287800
2021-05-12,119.33,121.010002,114.39,114.88,18648200
2021-05-13,118.49,121.47,117.89,119.92,14228000
2021-05-14,121.89,125.8,120.26,124.83,12422300
2021-05-17,122.0,123.62,120.37,123.57,9379000
2021-05-18,125.34,125.39,121.69,121.81,7536700
2021-05-19,118.42,125.080002,117.79,124.8,10424200
2021-05-20,126.81,130.67,125.24,130.31,18239800
2021-05-21,129.85001,130.69,127.019997,128.66,14252400
2021-05-24,130.19,135.63,129.59,134.58,11405600
2021-05-25,136.45,139.14999,135.94,137.5,12721000
2021-05-26,137.97,138.97,136.21001,136.89999,10577900
2021-05-27,135.94,138.19,135.84,137.82001,10623400
2021-05-28,139.17,139.46001,137.82001,138.13,7186300
2021-06-01,139.0,142.12,137.25999,138.21001,8839300
2021-06-02,138.050003,140.36,136.92,139.0099945,6401200
2021-06-03,137.39999,138.029999,135.089996,136.38,8191900
2021-06-04,137.73,140.85001,137.62,139.85001,6662800
2021-06-07,139.46001,139.69,138.19,138.97,5943100
2021-06-08,140.34,140.75,135.24001,135.86,8129200
2021-06-09,136.85001,137.47,134.57001,134.64999,6887800
2021-06-10,135.87,138.17,135.3,137.16,6163000
2021-06-11,136.92999,137.14999,135.23,136.82001,6077700
2021-06-14,136.8,139.55,135.75,139.029999,6062900
2021-06-15,139.13,140.61,138.2,138.64,6059300
2021-06-16,139.50999,140.28999,136.039993,136.98,8030400
2021-06-17,136.55,138.64999,135.050003,137.32001,7690300
2021-06-18,135.25,136.25999,130.63,131.23,13258400
2021-06-21,131.19,133.58,130.32001,133.050003,5984000
2021-06-22,132.82001,134.44,131.60001,133.44,5680900
2021-06-23,134.3,136.21001,134.28,135.5,6327400
2021-06-24,137.0,138.47,136.71001,138.25999,6374100
2021-06-25,138.71001,139.21001,135.38,136.19,7276700
2021-06-28,138.78,141.42,137.92999,140.99001,6984400
2021-06-29,140.45,142.78999,140.39,141.92,5340500
2021-06-30,141.99001,142.64,140.070007,142.39999,5963400
2021-07-01,141.7,142.19,137.59,137.95,7693500
2021-07-02,139.92999,140.52,137.52,138.16,5299600
2021-07-06,139.28,141.11,134.82001,136.78,7432600
2021-07-07,138.50999,138.74001,134.020004,134.87,5956800
2021-07-08,131.64,134.39,129.72,132.53,7770900
2021-07-09,133.42,135.38,132.089996,134.89999,5762900
2021-07-12,135.99001,137.029999,134.67,136.8,5459600
2021-07-13,136.0,136.97,134.75,136.28999,4950600
2021-07-14,138.19,139.88,135.41,135.64999,5982300
2021-07-15,134.98,135.92999,131.60001,133.2,7057900
2021-07-16,134.0,134.59,127.92,128.17999,8190600
2021-07-19,125.19,128.72,123.88,128.62,8934000
2021-07-20,129.2,133.12,127.8,131.97,7417600
2021-07-21,132.82001,138.27,132.53,138.0,6434100
2021-07-22,137.0,138.75,136.37,137.17999,5564000
2021-07-23,137.95,139.0,136.53,138.42999,4345600
2021-07-26,138.23,139.88,137.44,138.48,4638200
2021-07-27,137.63,137.63,131.58,134.89999,6344100
2021-07-28,135.63,137.88,135.0,137.21001,5041900
2021-07-29,135.41,137.86,133.50999,137.5,5382600
2021-07-30,136.5,141.39999,136.47,139.92999,8556400
2021-08-02,141.039993,145.25,140.89,142.0099945,10230600
2021-08-03,142.53999,143.36,140.24001,142.16,5589600
2021-08-04,143.0,144.7,141.81,142.75999,5434600
2021-08-05,143.42999,143.88,141.16,142.27,4282200
2021-08-06,141.72,143.16,141.59,142.64999,3843300
2021-08-09,143.49001,143.69,141.45,142.0,4026600
2021-08-10,142.91,143.0,135.3,138.059998,6403900
2021-08-11,138.50999,138.59,132.60001,134.82001,9630600
2021-08-12,132.0,132.020004,127.69,129.22,12962600
2021-08-13,129.13,130.44,128.58,129.89999,8812400
2021-08-16,129.42999,132.050003,129.10001,131.69,10412000
2021-08-17,130.050003,130.84,126.71,128.8,8208400
2021-08-18,128.81,131.64,127.18,127.37,6768800
2021-08-19,126.22,129.99001,125.28,129.2,9020200
2021-08-20,130.38,131.99001,125.25,127.2,13707600
2021-08-23,128.31,131.5,127.8,131.49001,7710700
2021-08-24,131.8,133.38,130.62,131.44,6356600
2021-08-25,131.53999,134.2,131.44,132.82001,6735100
2021-08-26,132.78,133.83,131.59,132.49001,3958700
2021-08-27,133.0099945,137.14999,132.86,136.55,8413900
2021-08-30,137.57001,137.89,135.38,136.050003,4617700
2021-08-31,136.45,136.60001,133.55,135.13,5586000
2021-09-01,135.67999,136.039993,133.24001,133.46001,6260300
2021-09-02,134.73,135.95,133.88,134.45,5142200
2021-09-03,133.84,136.42999,133.35001,135.83,4836000
2021-09-07,136.64999,137.17,133.75,136.49001,5550400
2021-09-08,135.7,135.94,131.75,133.56,7440600
2021-09-09,133.029999,135.85001,132.92,135.0,6808600
2021-09-10,138.28,140.8,136.61,136.84,9054700
2021-09-13,138.72,141.3,137.56,139.44,8507600
2021-09-14,138.11,141.8,137.91,140.14,8073200
2021-09-15,139.99001,141.34,137.44,141.23,6103200
2021-09-16,140.36,144.63,139.17,144.089996,8467300
2021-09-17,143.0,143.0,139.38,140.8,10884400
2021-09-20,136.56,136.69,133.55,135.53,8822500
2021-09-21,137.13,137.24001,133.45,135.17999,5782200
2021-09-22,136.19,138.8,135.55,138.10001,6344300
2021-09-23,139.33,142.14999,138.71001,141.11,5620700
2021-09-24,139.41,142.37,139.16,141.92,3729900
2021-09-27,139.60001,143.27,139.53999,142.74001,5248600
2021-09-28,137.61,139.58,132.53,132.89,12873900
2021-09-29,132.8,134.039993,128.039993,128.27,10730100
2021-09-30,129.38,130.85001,128.50999,128.73,7329800
2021-10-01,129.25999,129.60001,126.42,129.13,6459200
2021-10-04,127.66,127.82,123.17,125.2,9549500
2021-10-05,127.48,129.2,125.4,128.070007,7330400
2021-10-06,126.3,128.17999,125.72,126.52,7388700
2021-10-07,128.64999,129.95,127.46,127.88,5761300
2021-10-08,128.3,128.78999,125.87,126.22,6300500
2021-10-11,125.7,129.2,125.66,127.5,5472000
2021-10-12,128.75999,128.83,124.94,126.76,7637900
2021-10-13,128.78,129.48,127.5,128.21001,4950600
2021-10-14,131.62,132.25,129.64999,132.070007,7947600
2021-10-15,132.25999,132.91,131.25,131.59,4826600
2021-10-18,130.36,133.39999,129.84,133.28,4208500
2021-10-19,133.33,135.34,132.61,134.60001,3694300
2021-10-20,133.97,135.2,133.35001,133.98,4619000
2021-10-21,131.66,133.50999,130.50999,133.34,5611000
2021-10-22,135.21001,141.56,134.50999,135.92999,10744900
2021-10-25,136.25,137.92,135.3,135.75999,4005600
2021-10-26,137.28,137.39999,131.67999,132.0,7864600
2021-10-27,133.28,134.28,131.41,132.16,7837600
2021-10-28,134.57001,137.85001,134.52,136.020004,6391700
2021-10-29,134.78999,137.25999,134.55,136.64999,5715300
2021-11-01,136.98,139.67,136.42,139.50999,5329000
2021-11-02,139.5,141.47,138.89,141.21001,4822900
2021-11-03,141.44,143.35001,139.88,142.75,4117500
2021-11-04,143.27,150.49001,142.5,150.13,9272800
2021-11-05,150.27,153.73,148.78999,153.28999,7706800
2021-11-08,154.86,154.89,151.23,152.96001,5878500
2021-11-09,152.98,156.67999,151.42,156.28999,7274600
2021-11-10,153.25,155.0,150.27,150.39999,7149500
2021-11-11,152.23,154.17999,151.3,153.89999,5061000
2021-11-12,154.67,157.41,154.11,156.82001,5778600
2021-11-15,156.96001,158.14,155.2,156.27,7304300
2021-11-16,155.38,159.0,153.55,157.86,6200700
2021-11-17,157.91,158.50999,155.89,155.98,5759200
2021-11-18,158.5,158.98,154.74001,158.74001,9929500
2021-11-19,150.97,156.45,149.74001,150.029999,16028700
2021-11-22,151.0,152.98,147.36,147.55,9029100
2021-11-23,148.71001,149.95,145.10001,148.92,7254500
2021-11-24,148.39,149.13,145.81,149.0099945,6185900
2021-11-26,145.61,147.17999,142.22,143.28999,7334100
2021-11-29,146.77,151.56,145.5,151.22,9932300
2021-11-30,151.11,151.98,146.46001,147.19,13505800
2021-12-01,151.25,156.58,149.84,151.67,14372000
2021-12-02,148.0,149.89999,143.74001,146.49001,9573200
2021-12-03,148.50999,150.74001,143.33,145.83,7768000
2021-12-06,145.78,148.36,141.020004,147.38,8579700
2021-12-07,151.0,158.0,150.13,156.89,10514900
2021-12-08,156.86,157.86,155.14999,157.28999,6582400
2021-12-09,155.84,158.34,152.38,152.64999,5420000
2021-12-10,156.11,156.89,150.64999,152.73,5291900
2021-12-13,154.089996,154.47,146.72,147.10001,6202500
2021-12-14,144.98,148.2,144.53,147.73,5691500
2021-12-15,147.95,153.89,145.16,153.66,6883000
2021-12-16,154.39999,155.35001,146.25999,146.7,7155900
2021-12-17,145.28999,148.98,144.22,146.14999,9334700
2021-12-20,143.8,146.78,143.25,145.0099945,4653400
2021-12-21,149.36,151.52,147.020004,151.42,5986900
2021-12-22,149.97,152.44,148.92,152.32001,4293700
2021-12-23,153.070007,156.53999,153.0,155.49001,4625500
2021-12-27,156.19,162.81,156.19,162.72,6416500
2021-12-28,162.85001,162.99001,158.75,159.64,5834300
2021-12-29,159.89999,163.020004,159.55,160.98,4654400
2021-12-30,160.67999,160.92,157.63,157.98,4171400
2021-12-31,158.14,159.67,157.039993,157.36,3594300
2022-01-03,157.74001,160.78,156.7,159.92999,5363900
2022-01-04,159.99001,161.84,154.50999,158.36,6947000
2022-01-05,158.039993,158.89,153.5,153.74001,6840100
2022-01-06,153.28,157.39999,151.84,156.34,6576000
2022-01-07,155.10001,157.38,150.64,150.81,6335700
2022-01-10,147.72,149.89999,143.27,149.59,9683900
2022-01-11,148.38,152.66,146.27,152.45,6824400
2022-01-12,154.73,159.75,154.62,159.55,10379800
2022-01-13,164.0,166.53,156.5,157.17999,12553600
2022-01-14,155.78,167.059998,155.60001,167.0,11437300
2022-01-18,165.36,165.89,151.52,152.36,12417000
2022-01-19,154.42999,155.82001,142.92,143.070007,12929000
2022-01-20,145.69,147.32001,138.56,139.14999,10573800
2022-01-21,137.52,141.89999,134.64999,135.059998,12408200
2022-01-24,131.50999,139.44,129.69,139.28999,13204800
2022-01-25,134.8,136.41,131.37,132.99001,11800000
2022-01-26,137.71001,141.58,132.84,135.58,11852600
2022-01-27,134.24001,135.45,129.3,130.14999,13539100
2022-01-28,129.60001,132.5,123.85,132.45,13292900
2022-01-31,132.92,138.37,131.63,138.17999,8588900
2022-02-01,138.23,139.28,133.37,138.61,8151400
2022-02-02,140.7,141.39999,137.21001,140.75999,8134100
2022-02-03,138.19,141.22,135.10001,136.50999,10040600
2022-02-04,134.34,136.75,131.94,135.57001,8514400
2022-02-07,135.75999,138.28999,135.2,136.13,7242200
2022-02-08,134.84,139.2,133.5,138.75,6644100
2022-02-09,141.66,144.98,139.49001,144.2,7652600
2022-02-10,139.78999,145.16,139.0099945,139.77,8525700
2022-02-11,139.55,140.56,131.28,132.49001,9473100
2022-02-14,132.37,134.39999,129.69,131.86,9529300
2022-02-15,134.69,140.38,134.28999,139.84,9065200
2022-02-16,138.48,141.71001,136.89999,140.96001,7990700
2022-02-17,142.83,143.78999,134.75,136.47,11879800
2022-02-18,136.99001,137.029999,130.92999,133.35001,8151300
2022-02-22,129.94,135.16,128.5,130.25999,7667700
2022-02-23,131.96001,134.22,127.62,127.86,8413800
2022-02-24,123.080002,133.63,122.68,133.42,8500900
2022-02-25,133.36,136.14,131.74001,135.72,7784500
2022-02-28,133.82001,137.059998,132.029999,134.2,7428100
2022-03-01,133.74001,135.059998,128.089996,129.61,9212500
2022-03-02,130.0,134.47,129.64999,133.17999,7008700
2022-03-03,135.12,135.12,129.57001,130.64,5449700
2022-03-04,128.38,129.56,124.12,125.74,7096100
2022-03-07,127.56,128.050003,119.11,119.22,9207100
2022-03-08,119.79,127.87,118.17,124.15,10525000
2022-03-09,127.7,129.84,126.2,128.62,7623200
2022-03-10,125.72,126.0,122.68,124.97,5604400
2022-03-11,130.0,130.0,123.37,123.64,6016000
2022-03-14,123.74,124.72,119.099998,120.13,6733200
2022-03-15,121.72,124.95,119.86,124.41,6875300
2022-03-16,127.32,130.74001,125.089996,130.48,9668900
2022-03-17,129.32001,132.25999,128.31,131.99001,6781100
2022-03-18,130.60001,135.75,129.75,135.14,11516500
2022-03-21,134.10001,135.38,131.92,134.2,6206600
2022-03-22,134.0,137.34,133.85001,135.48,4997800
2022-03-23,133.61,135.10001,131.2,131.42,5457900
2022-03-24,133.0099945,138.64999,131.33,138.59,7617800
2022-03-25,138.63,138.99001,134.8,137.059998,6074200
2022-03-28,135.089996,137.75,133.7,137.66,5209600
2022-03-29,140.080002,142.0099945,138.91,141.44,6162600
2022-03-30,140.69,141.3,135.080002,135.8,6387500
2022-03-31,136.10001,137.35001,131.64999,131.8,8474800
2022-04-01,132.88,133.039993,125.57,127.41,10138100
2022-04-04,127.17,129.7,126.9,129.44,8347800
2022-04-05,128.78,128.98,121.35,121.71,11653700
2022-04-06,119.010002,121.22,117.07,119.33,11602000
2022-04-07,119.080002,123.9,118.59,122.4,11817200
2022-04-08,121.26,122.39,119.46,119.96,6408100
2022-04-11,118.2,119.050003,116.14,116.24,7785100
2022-04-12,118.099998,119.26,114.17,114.56,9883800
2022-04-13,115.24,118.12,114.49,116.86,9351400
2022-04-14,117.41,117.53,113.25,113.36,7711200
2022-04-18,112.5,115.98,112.34,114.87,6822700
2022-04-19,114.13,117.24,113.54,117.059998,6086600
2022-04-20,120.52,122.37,117.52,117.89,8856100
2022-04-21,119.21,121.080002,115.34,115.69,7849400
2022-04-22,115.23,116.19,112.63,112.8,8489400
2022-04-25,111.41,114.72,111.2,114.47,8518300
2022-04-26,112.84,113.2,108.83,108.92,9461800
2022-04-27,108.37,112.37,107.9,108.81,6891600
2022-04-28,111.41,115.99,109.59,114.63,7379100
2022-04-29,113.029999,116.16,110.16,110.35,7998900
2022-05-02,111.099998,113.2,108.18,112.97,9425100
2022-05-03,112.18,114.73,111.43,113.8,5463700
2022-05-04,114.17,119.12,112.040001,118.81,6352100
2022-05-05,116.07,116.9,111.85,113.47,8172500
2022-05-06,111.88,115.050003,109.89,112.5,6247000
2022-05-09,107.94,110.79,105.38,105.75,10088400
2022-05-10,109.22,109.57,105.18,107.18,8881000
2022-05-11,106.66,109.13,103.61,103.92,8311700
2022-05-12,103.029999,106.88,102.99,106.76,9287100
2022-05-13,108.19,112.63,108.029999,111.86,8321100
2022-05-16,109.61,112.31,108.62,110.48,7218200
2022-05-17,114.54,117.32,113.33,116.84,6646500
2022-05-18,113.99,117.050003,110.79,111.34,8522800
2022-05-19,111.41,113.48,110.2,110.74,10115800
2022-05-20,112.0,112.74,101.33,106.46,16285500
2022-05-23,107.089996,111.35,106.98,109.93,7669100
2022-05-24,107.88,108.73,105.71,106.59,6785400
2022-05-25,105.07,109.42,105.07,108.53,7378200
2022-05-26,106.96,115.71,106.82,115.07,9173100
2022-05-27,116.62,119.7,116.4,119.48,8510500
2022-05-31,117.55,118.68,115.56,117.29,9751200
2022-06-01,117.96,118.5,112.8,114.46,6852200
2022-06-02,114.69,117.41,113.55,117.33,6408500
2022-06-03,114.89,116.34,114.14,114.96,5080700
2022-06-06,117.14,117.88,114.37,115.0,3824600
2022-06-07,113.2,115.99,112.4,115.67,4725500
2022-06-08,115.27,115.67,111.19,112.46,5138300
2022-06-09,111.099998,111.97,107.15,107.24,5947900
2022-06-10,105.45,106.31,101.81,101.88,8391600
2022-06-13,98.26,98.85,95.65,96.32,10484200
2022-06-14,97.4,97.96,95.39,96.62,7058400
2022-06-15,97.85,99.3,95.59,97.42,9377200
2022-06-16,94.79,95.11,88.75,89.59,13359300
2022-06-17,88.21,90.94,87.62,89.83,14451300
2022-06-21,91.7,95.68,91.16,95.17,12207400
2022-06-22,93.089996,95.93,92.85,93.94,7652000
2022-06-23,94.63,95.32,92.11,93.28,8286300
2022-06-24,95.32,98.28,94.67,97.36,10582900
2022-06-27,97.97,98.87,96.54,97.61,4950100
2022-06-28,98.11,98.91,94.74,95.019997,6494200
2022-06-29,93.97,94.2,91.41,91.94,7570200
2022-06-30,90.25,93.52,89.27,90.98,8183600
2022-07-01,88.72,88.72,84.46,86.27,13121600
2022-07-05,83.24,86.23,82.67,86.0,9549900
2022-07-06,86.25,87.48,84.95,86.56,5732400
2022-07-07,88.69,91.16,88.67,90.75,7469600
2022-07-08,89.64,91.65,89.3,91.19,4890800
2022-07-11,89.5,90.07,87.82,88.62,5319300
2022-07-12,89.24,90.019997,88.089996,88.73,5492300
2022-07-13,86.53,90.12,86.48,89.080002,5786900
2022-07-14,88.48,92.080002,86.41,91.67,8686500
2022-07-15,92.36,94.59,90.21,94.47,8051200
2022-07-18,95.76,96.4,92.55,93.14,5683400
2022-07-19,94.68,98.64,94.37,98.23,8203200
2022-07-20,97.59,102.86,97.51,102.23,8314000
2022-07-21,103.54,103.97,101.019997,103.84,5463800
2022-07-22,103.71,103.96,100.94,101.67,5100400
2022-07-25,100.51,101.27,99.46,101.0,4367000
2022-07-26,100.58,100.98,98.57,98.91,5073900
2022-07-27,100.57,104.5,100.059998,103.46,7275000
2022-07-28,103.37,105.29,100.75,105.16,6090500
2022-07-29,103.5,106.55,103.040001,105.98,5817700
2022-08-01,104.49,107.34,103.67,106.4,4737500
2022-08-02,104.71,106.54,103.66,104.99,4137900
2022-08-03,105.74,110.6,105.68,109.010002,6088000
2022-08-04,109.42,111.19,109.029999,111.059998,5279600
2022-08-05,109.059998,111.22,107.44,109.62,4784000
2022-08-08,109.2,110.36,105.94,107.83,6038600
2022-08-09,103.75,103.97,97.88,99.66,10355800
2022-08-10,102.77,105.13,100.94,105.050003,8599800
2022-08-11,105.79,108.91,104.99,105.53,5555600
2022-08-12,106.2,111.32,105.76,110.38,6644700
2022-08-15,109.8,111.65,108.0,109.78,8342600
2022-08-16,108.44,109.59,107.010002,108.49,4892400
2022-08-17,107.0,107.27,104.12,106.0,5495600
2022-08-18,106.68,109.33,105.5,108.27,10062400
2022-08-19,106.63,107.3,103.35,104.63,12380900
2022-08-22,102.8,103.42,100.35,100.81,6180100
2022-08-23,101.11,103.31,101.050003,101.93,4882300
2022-08-24,101.25,102.089996,100.14,101.48,4741200
2022-08-25,101.97,105.18,101.47,105.0,7645200
2022-08-26,105.0,105.0,98.55,98.8,7757100
2022-08-29,97.55,98.71,96.37,96.54,5609700
2022-08-30,97.91,98.28,93.56,94.52,11623200
2022-08-31,94.71,94.82,92.61,94.07,8729700
2022-09-01,91.54,91.97,89.029999,91.81,9953700
2022-09-02,93.15,93.84,90.54,91.24,6795400
2022-09-06,91.12,91.6,89.22,90.29,5922500
2022-09-07,90.57,92.77,89.88,91.94,5567500
2022-09-08,91.019997,93.83,90.26,93.79,5233000
2022-09-09,95.12,97.010002,95.059998,96.51,5094300
2022-09-12,96.9,97.67,95.24,96.3,5329300
2022-09-13,92.43,93.35,90.0,90.39,8422200
2022-09-14,91.94,91.94,89.6,90.64,5828200
2022-09-15,90.040001,90.82,88.089996,88.92,7120300
2022-09-16,87.62,89.35,86.94,88.87,10893600
2022-09-19,87.85,90.29,87.71,89.72,5260300
2022-09-20,88.019997,89.019997,87.35,88.12,4435700
2022-09-21,88.37,91.26,87.050003,87.089996,6953400
2022-09-22,86.64,86.79,84.59,85.040001,8558400
2022-09-23,84.19,84.48,82.7,84.29,7384500
2022-09-26,84.29,85.58,82.84,82.94,7015800
2022-09-27,84.43,85.18,82.53,84.15,6220000
2022-09-28,83.0,86.4,82.84,86.0,7992500
2022-09-29,84.75,85.099998,83.2,84.42,8542500
2022-09-30,81.94,84.46,81.53,81.93,9051000
2022-10-03,83.040001,87.61,83.010002,86.25,9631500
2022-10-04,89.12,90.27,88.47,89.41,7914900
2022-10-05,87.65,90.17,86.19,89.22,7608600
2022-10-06,88.98,91.19,87.88,88.12,6686700
2022-10-07,85.17,85.54,82.019997,82.6,10029900
2022-10-10,82.0,82.13,77.36,79.19,14211900
2022-10-11,77.74,78.77,74.97,76.3,12441100
2022-10-12,76.55,77.0,75.47,76.010002,7770200
2022-10-13,72.18,81.52,71.12,79.42,17560200
2022-10-14,79.56,79.9,74.59,74.82,10453000
2022-10-17,77.21,77.89,74.16,74.41,10772300
2022-10-18,76.69,77.44,74.15,75.23,10231000
2022-10-19,75.0,77.79,74.44,77.26,10579200
2022-10-20,78.36,82.12,77.21,78.66,13287900
2022-10-21,78.83,82.65,78.13,82.42,11569500
2022-10-24,82.83,85.080002,81.9,84.94,12005000
2022-10-25,85.94,88.5,85.75,87.53,10349400
2022-10-26,86.47,90.25,85.8,88.14,8989100
2022-10-27,88.78,89.99,86.37,86.54,6822500
2022-10-28,86.62,89.93,86.46,89.72,6388600
2022-10-31,88.86,89.4,87.66,88.29,6875400
2022-11-01,90.5,90.8,89.0,89.79,6105600
2022-11-02,90.35,93.29,87.53,87.76,10650300
2022-11-03,85.96,87.71,84.7,86.3,6849700
2022-11-04,90.050003,91.8,88.84,91.7,8692700
2022-11-07,92.26,95.12,92.099998,95.040001,7684200
2022-11-08,96.98,98.79,94.78,97.46,10067000
2022-11-09,95.28,96.61,94.24,94.38,6864600
2022-11-10,100.16,104.89,99.48,104.79,11692800
2022-11-11,105.31,110.89,104.79,110.53,11160000
2022-11-14,108.86,110.23,107.45,107.61,7761700
2022-11-15,111.17,112.12,108.77,110.46,9438600
2022-11-16,105.38,107.13,102.99,104.22,12082500
2022-11-17,100.42,105.6,100.21,104.45,10682800
2022-11-18,109.99,110.0,103.65,104.7,10921100
2022-11-21,103.53,105.91,101.84,105.14,9282400
2022-11-22,105.92,107.29,103.85,107.040001,8497200
2022-11-23,106.32,108.57,106.32,107.67,4077500
2022-11-25,106.92,107.5,105.79,105.82,3012500
2022-11-28,104.0,105.089996,102.81,103.47,6382700
2022-11-29,104.059998,104.92,102.92,103.25,3450400
2022-11-30,103.97,109.64,102.66,109.6,11167000
2022-12-01,110.15,110.67,105.76,107.010002,6976200
2022-12-02,104.32,107.32,104.22,106.71,3903300
2022-12-05,106.37,107.69,105.21,106.43,4692500
2022-12-06,106.82,107.07,103.77,104.71,4571700
2022-12-07,104.71,107.65,104.14,106.11,6383600
2022-12-08,107.040001,109.44,106.5,108.61,5493200
2022-12-09,107.78,109.74,107.0,107.34,4705700
2022-12-12,106.82,109.42,105.64,109.37,4831400
2022-12-13,115.39,116.089996,111.16,111.87,9557300
2022-12-14,111.36,112.61,108.55,109.64,6429300
2022-12-15,107.75,108.019997,104.019997,104.56,6773500
2022-12-16,104.15,105.93,103.55,104.73,12925700
2022-12-19,104.83,105.059998,102.67,103.99,6162500
2022-12-20,102.07,104.61,102.040001,103.5,4761800
2022-12-21,104.63,106.51,104.2,105.9,4889100
2022-12-22,102.11,102.61,95.97,97.6,11326600
2022-12-23,96.69,97.39,95.33,97.22,4753500
2022-12-27,96.18,96.84,95.17,95.34,6121400
2022-12-28,94.67,95.78,93.68,94.23,4274000
2022-12-29,96.050003,97.64,95.13,97.14,5071800
2022-12-30,95.6,97.48,95.029999,97.38,3407000
2023-01-03,99.77,100.019997,96.12,96.73,5921500
2023-01-04,98.22,99.62,97.19,99.31,6289500
2023-01-05,97.84,99.24,97.36,97.92,4557100
2023-01-06,100.0,104.86,98.58,104.27,7241700
2023-01-09,105.55,108.76,104.16,106.49,6212300
2023-01-10,106.14,108.19,105.86,108.040001,4638800
2023-01-11,106.68,110.19,106.53,110.059998,5532600
2023-01-12,110.58,111.89,107.23,110.2,5330900
2023-01-13,107.53,110.2,107.44,109.97,5641600
2023-01-17,109.41,110.63,107.78,109.41,4848100
2023-01-18,110.76,112.39,109.58,109.7,5374100
2023-01-19,109.49,109.64,106.089996,106.16,5325100
2023-01-20,106.8,109.78,106.49,109.65,5078500
2023-01-23,108.53,114.91,108.5,114.16,7669300
2023-01-24,113.47,114.07,112.47,112.99,3504700
2023-01-25,110.99,114.44,109.41,113.95,5957600
2023-01-26,114.4,115.76,112.27,115.58,5813000
2023-01-27,112.62,113.89,110.7,112.5,8705700
2023-01-30,110.69,110.97,107.97,108.2,7351700
2023-01-31,108.96,111.56,108.61,111.49,6577100
2023-02-01,112.11,120.13,111.91,119.010002,9886400
2023-02-02,120.31,124.92,120.3,124.26,11206500
2023-02-03,122.92,123.67,119.61,119.98,6156900
2023-02-06,118.21,119.44,116.91,117.69,5331000
2023-02-07,117.39,121.29,116.75,120.52,4935300
2023-02-08,119.15,119.37,115.47,115.95,6460500
2023-02-09,118.36,119.56,115.080002,116.080002,5512200
2023-02-10,114.8,114.97,112.97,114.77,4374400
2023-02-13,115.17,116.72,114.55,116.53,4198200
2023-02-14,114.87,119.010002,113.85,118.44,4870700
2023-02-15,117.0,119.58,115.99,119.46,4980000
2023-02-16,116.88,118.080002,115.14,115.39,9117600
2023-02-17,116.78,117.4,113.38,115.44,9287100
2023-02-21,113.64,114.83,110.93,111.28,7583900
2023-02-22,111.12,112.38,109.48,110.41,5089200
2023-02-23,112.54,113.96,109.91,112.91,7136100
2023-02-24,111.010002,112.099998,110.38,111.31,5808400
2023-02-27,113.51,113.89,111.49,112.07,5362700
2023-02-28,116.14,118.07,114.85,116.15,13010900
2023-03-01,117.7,119.32,116.94,117.26,6756800
2023-03-02,115.45,119.089996,113.93,118.45,6502200
2023-03-03,118.75,119.14,116.95,118.96,7232400
2023-03-06,119.85,121.5,118.22,118.54,5775700
2023-03-07,118.33,118.72,115.66,116.37,5225900
2023-03-08,116.62,119.099998,116.62,118.65,4474900
2023-03-09,118.69,120.96,116.85,117.040001,5701400
2023-03-10,118.34,118.62,113.92,114.39,7009600
2023-03-13,113.79,117.32,111.92,115.84,8221300
2023-03-14,118.78,121.24,117.88,120.34,8322400
2023-03-15,118.52,118.83,115.7,118.48,9517700
2023-03-16,118.21,123.43,116.9,122.83,6787700
2023-03-17,123.65,124.39,121.62,122.6,13761500
2023-03-20,123.0,124.76,122.43,124.040001,4974700
2023-03-21,123.88,125.62,118.41,120.4,10090100
2023-03-22,120.27,123.74,118.69,118.86,8342500
2023-03-23,121.27,124.99,120.17,122.78,6182200
2023-03-24,121.64,122.12,118.050003,119.53,6354500
2023-03-27,120.75,120.98,118.32,118.87,4628200
2023-03-28,118.89,119.059998,115.58,116.4,5523800
2023-03-29,118.72,121.010002,117.36,119.85,7865300
2023-03-30,122.0,123.38,121.34,122.11,6213800
2023-03-31,121.52,123.52,121.0,122.83,5016500
2023-04-03,121.63,122.44,120.6,122.32,5146800
2023-04-04,122.94,122.97,119.39,120.12,4772200
2023-04-05,119.59,119.69,115.65,117.32,6691700
2023-04-06,114.18,115.29,111.87,114.45,6275000
2023-04-10,112.47,116.71,112.45,116.5,4096500
2023-04-11,117.33,117.83,116.080002,116.38,3373000
2023-04-12,117.73,117.8,112.87,113.16,5838900
2023-04-13,113.53,113.91,111.52,113.47,5299500
2023-04-14,113.36,115.050003,111.37,112.9,5211600
2023-04-17,109.22,111.97,109.0,111.79,6952200
2023-04-18,112.5,113.59,110.53,111.27,5055000
2023-04-19,109.85,110.61,109.12,110.34,6796800
2023-04-20,111.25,116.33,111.25,114.39,8699500
2023-04-21,113.47,114.099998,112.21,113.46,4516800
2023-04-24,113.49,113.94,112.54,113.61,3218100
2023-04-25,112.5,113.66,110.42,110.61,6282600
2023-04-26,111.16,111.5,109.82,110.31,6245800
2023-04-27,111.3,112.18,109.15,111.68,9447000
2023-04-28,111.7,113.26,111.12,113.029999,8063500
2023-05-01,113.3,114.44,112.099998,112.95,4171600
2023-05-02,112.92,113.39,111.2,112.16,4850200
2023-05-03,111.94,115.27,111.89,113.29,5624100
2023-05-04,113.050003,113.41,111.72,112.45,3579600
2023-05-05,113.7,116.62,112.97,116.059998,4874200
2023-05-08,116.87,117.59,114.93,115.75,3247600
2023-05-09,114.080002,114.41,112.86,113.84,3173700
2023-05-10,115.52,116.24,114.14,115.41,4101000
2023-05-11,115.3,115.84,113.91,115.46,3630400
2023-05-12,116.71,117.07,114.99,116.089996,3838200
2023-05-15,116.69,121.26,116.019997,121.11,5859200
2023-05-16,120.83,123.07,120.44,120.92,5080700
2023-05-17,122.25,126.3,121.88,125.7,7349600
2023-05-18,125.81,132.059998,125.76,129.92,10891200
2023-05-19,128.3,128.32001,125.25,126.95,10255500
2023-05-22,127.23,127.56,125.65,126.55,4709100
2023-05-23,125.89,126.73,124.19,124.49,4604500
2023-05-24,121.92,122.62,120.18,121.73,6315600
2023-05-25,127.17,130.73,126.13,130.47,9575700
2023-05-26,130.77,136.69,129.99001,136.059998,9083800
2023-05-30,138.0,138.8,135.49001,136.57001,7753800
2023-05-31,133.60001,135.75,132.16,133.3,11368600
2023-06-01,133.73,136.19,131.69,134.83,5007000
2023-06-02,135.14,135.33,132.38,134.63,5327400
2023-06-05,134.82001,135.14999,133.039993,133.73,3798300
2023-06-06,131.39999,135.35001,130.75,133.94,5468900
2023-06-07,135.27,137.039993,133.58,135.0099945,4835700
2023-06-08,135.85001,136.75999,134.14999,136.2,4507000
2023-06-09,137.78999,137.98,135.82001,136.12,3675200
2023-06-12,137.74001,140.23,136.83,140.0099945,5931900
2023-06-13,141.5,142.53,139.41,141.78999,6859500
2023-06-14,138.41,141.36,138.23,141.17,6474600
2023-06-15,138.69,141.42999,137.92999,140.11,5524400
2023-06-16,140.89,140.95,138.13,138.92999,8846900
2023-06-20,139.11,140.32001,137.27,138.52,3840000
2023-06-21,138.53,139.16,135.87,136.67,4715300
2023-06-22,135.0,139.60001,135.0,138.92,3763600
2023-06-23,136.55,136.78999,134.84,136.070007,6955400
2023-06-26,136.47,140.87,136.47,139.8,7256100
2023-06-27,140.14999,146.69,139.96001,146.55,7343900
2023-06-28,142.8,145.92,142.050003,144.029999,6645200
2023-06-29,144.69,145.25,143.50999,144.23,3916500
2023-06-30,145.3,145.55,143.44,144.53999,6142600
2023-07-03,144.020004,145.91,143.38,145.47,2533600
2023-07-05,144.25,144.92,142.16,142.25999,5198400
2023-07-06,140.66,141.33,138.75999,140.38,5793500
2023-07-07,139.62,142.12,139.41,139.57001,3459400
2023-07-10,139.78,141.88,139.7,140.56,6364400
2023-07-11,140.17999,140.44,134.0099945,137.56,7710000
2023-07-12,139.21001,139.7,137.85001,138.89,5590100
2023-07-13,140.12,143.66,140.020004,142.64999,5410800
2023-07-14,144.57001,145.39,142.38,142.74001,6058400
2023-07-17,142.98,146.5,141.83,145.5,6306700
2023-07-18,143.8,145.14999,141.91,144.50999,6493600
2023-07-19,144.050003,144.64999,141.17999,141.78,5379400
2023-07-20,137.82001,138.19,133.52,134.039993,9883200
2023-07-21,135.22,137.3,135.19,136.39999,15685200
2023-07-24,137.60001,139.080002,136.85001,138.35001,5276000
2023-07-25,138.69,141.39999,138.5,140.059998,5038500
2023-07-26,137.63,140.28999,136.81,139.020004,4050400
2023-07-27,144.23,150.42999,144.21001,146.14,8928900
2023-07-28,149.58,153.28,148.7,151.92999,7802000
2023-07-31,151.92999,152.67999,150.52,151.59,4184400
2023-08-01,150.92,152.86,150.28,152.63,3088100
2023-08-02,150.62,150.62,146.88,147.33,5468300
2023-08-03,146.0099945,148.7,145.36,147.81,4338600
2023-08-04,147.52,149.070007,145.070007,145.66,3982900
2023-08-07,147.050003,150.69,147.029999,150.38,3896100
2023-08-08,148.14999,148.31,145.89999,148.0099945,3443700
2023-08-09,147.98,148.91,144.8,145.16,4796600
2023-08-10,146.77,147.98,143.10001,144.61,4018300
2023-08-11,142.22,142.47,138.53,138.83,5189900
2023-08-14,138.2,141.94,137.67,141.89,4850400
2023-08-15,141.27,141.85001,139.74001,140.080002,3384900
2023-08-16,140.53,141.25999,138.17,138.25,4613000
2023-08-17,139.19,139.78999,136.57001,137.59,7065700
2023-08-18,137.33,143.64999,135.53,142.66,11536300
2023-08-21,143.28,149.22,143.16,148.77,8121900
2023-08-22,150.75999,151.14999,146.94,147.85001,4867300
2023-08-23,147.0099945,148.57001,146.050003,148.0,5300400
2023-08-24,149.53999,149.95,141.82001,142.52,6771000
2023-08-25,143.59,144.96001,140.96001,144.36,4720600
2023-08-28,145.31,147.19,144.039993,145.42,3565800
2023-08-29,143.86,150.52,143.86,149.98,5017200
2023-08-30,149.19,151.57001,148.17999,150.95,4000000
2023-08-31,149.41,153.39,149.41,152.75999,6593800
2023-09-01,154.5,154.53999,152.5,153.99001,3692700
2023-09-05,153.97,154.82001,152.32001,153.61,4266700
2023-09-06,153.25,155.25999,151.55,153.17999,3109600
2023-09-07,149.22,149.49001,145.13,148.23,6720300
2023-09-08,147.72,148.5,146.17999,147.53,4473300
2023-09-11,150.0,150.0,144.039993,146.71001,4145000
2023-09-12,146.029999,146.44,143.72,143.97,4470600
2023-09-13,144.21001,147.11,143.8,144.58,4625200
2023-09-14,146.41,146.71001,143.94,144.57001,5629800
2023-09-15,140.85001,141.22,136.71001,138.25,13650100
2023-09-18,137.88,140.98,137.52,140.27,5607700
2023-09-19,139.71001,140.050003,136.67,137.71001,6365400
2023-09-20,138.75999,139.66,136.89,136.97,5806900
2023-09-21,135.020004,137.50999,134.94,135.19,5241000
2023-09-22,136.99001,138.31,135.75,136.17,5301100
2023-09-25,135.89,137.039993,134.72,136.59,5161300
2023-09-26,135.61,136.029999,133.53999,134.080002,5343000
2023-09-27,135.22,136.070007,133.10001,135.059998,6296200
2023-09-28,134.67999,139.8,134.28,138.22,5341600
2023-09-29,140.22,141.56,138.070007,138.45,4447600
2023-10-02,138.86,141.41,137.25999,139.50999,4896900
2023-10-03,138.67999,140.0099945,135.42999,136.72,6173000
2023-10-04,137.57001,139.61,136.97,139.3,5543600
2023-10-05,139.45,140.14999,137.78,139.28,4310400
2023-10-06,138.050003,141.16,135.14999,140.28999,5234100
2023-10-09,139.47,140.92999,137.75999,140.14999,3271500
2023-10-10,141.039993,142.73,140.35001,141.39999,3342900
2023-10-11,142.82001,142.94,140.81,142.17999,5136900
2023-10-12,143.0,148.39999,142.77,145.0,8109900
2023-10-13,147.050003,147.10001,140.72,141.14,6600500
2023-10-16,141.75999,142.66,139.74001,141.0,6097400
2023-10-17,139.13,142.78999,136.81,142.72,5915900
2023-10-18,139.89999,142.48,138.10001,141.45,5357900
2023-10-19,142.84,143.050003,133.77,134.42999,9400300
2023-10-20,134.52,136.14999,133.36,134.12,6148800
2023-10-23,133.2,135.81,131.89999,134.23,3820100
2023-10-24,135.33,135.55,133.50999,134.89999,5238800
2023-10-25,133.070007,133.25999,129.75,130.11,7118100
2023-10-26,131.11,134.41,130.50999,130.84,5462700
2023-10-27,131.27,133.11,130.56,131.3,4397300
2023-10-30,131.96001,132.96001,129.82001,131.029999,4604600
2023-10-31,131.8,132.55,129.21001,132.35001,4108100
2023-11-01,133.029999,135.83,132.78,135.28999,5127800
2023-11-02,137.81,139.78,136.67,138.50999,6088400
2023-11-03,139.49001,141.77,139.070007,139.75,5559600
2023-11-06,140.39999,140.78999,139.21001,140.36,4823200
2023-11-07,140.0,141.92,139.69,141.74001,4886800
2023-11-08,142.37,144.53,141.61,144.23,4305900
2023-11-09,144.89999,147.21001,142.89,143.17,4979900
2023-11-10,145.19,150.99001,144.67,150.67999,6699400
2023-11-13,149.0,150.25,147.55,149.74001,4125200
2023-11-14,153.029999,154.91,152.14,154.080002,6505000
2023-11-15,154.97,156.77,154.059998,155.37,4383300
2023-11-16,155.39999,157.75999,151.2,154.81,10513800
2023-11-17,142.039993,149.050003,141.94,148.59,18912700
2023-11-20,148.88,153.0,148.81,152.57001,7087400
2023-11-21,151.57001,151.81,148.17,149.25,6517900
2023-11-22,151.029999,153.78999,149.020004,149.48,5071300
2023-11-24,149.33,150.66,149.33,150.34,1992000
2023-11-27,149.5,151.75999,148.77,150.81,3429700
2023-11-28,149.36,149.99001,146.50999,148.059998,5799600
2023-11-29,150.24001,152.82001,148.85001,149.36,4975600
2023-11-30,150.41,150.48,147.039993,149.78,7555600
2023-12-01,149.56,151.98,148.63,151.59,4923600
2023-12-04,150.039993,150.66,145.66,148.27,5859600
2023-12-05,146.53,147.47,145.22,146.14999,5206300
2023-12-06,148.67999,148.72,144.69,144.7,4491100
2023-12-07,146.96001,148.53999,144.57001,148.39,5753600
2023-12-08,147.42,148.81,145.99001,147.72,4987800
2023-12-11,149.21001,155.66,149.14,155.14,6945800
2023-12-12,155.14,158.17999,154.64,157.22,5705200
2023-12-13,157.029999,158.38,154.63,156.99001,5561700
2023-12-14,157.77,163.059998,157.71001,161.74001,7401200
2023-12-15,162.21001,164.21001,161.49001,161.95,8577200
2023-12-18,160.89,161.35001,157.73,160.36,4772300
2023-12-19,160.58,162.73,160.020004,162.33,4958200
2023-12-20,160.81,162.0,156.83,156.92,5488700
2023-12-21,161.0,161.82001,159.58,161.39,4257300
2023-12-22,161.60001,163.0,160.84,162.050003,2770600
2023-12-26,162.3,164.97,162.10001,164.28,2520500
2023-12-27,164.53999,164.99001,163.53,164.21001,3319600
2023-12-28,165.0,165.0099945,162.85001,163.12,2909700
2023-12-29,163.11,163.56,160.7,162.070007,2980700
2024-01-02,160.0,160.11,153.42999,154.37,8607300
2024-01-03,151.71001,153.17,150.73,151.45,6100100
2024-01-04,149.8,152.0,148.75,149.31,6196100
2024-01-05,150.080002,151.52,148.050003,149.0,5398900
2024-01-08,149.83,152.78999,149.72,151.56,6515500
2024-01-09,149.87,151.69,148.92999,151.029999,5606700
2024-01-10,151.77,151.89999,148.24001,149.81,5035700
2024-01-11,150.25,152.44,148.48,151.95,5995600
2024-01-12,152.2,152.39999,150.37,151.25,4083200
2024-01-16,151.3,154.24001,149.84,153.75999,6528000
2024-01-17,153.11,153.75,150.2,153.37,6630600
2024-01-18,158.66,160.74001,156.78,160.34,8133700
2024-01-19,162.57001,168.28,162.3,167.94,9157600
2024-01-22,168.17999,171.91,167.64,168.3,7176400
2024-01-23,167.75999,168.0,164.71001,167.050003,5053600
2024-01-24,171.39,175.96001,170.67,174.14,9729000
2024-01-25,177.17,178.39999,172.42999,172.63,7234400
2024-01-26,169.070007,169.57001,166.62,166.89999,6653700
2024-01-29,166.31,168.50999,166.080002,168.48,5370700
2024-01-30,167.33,169.17,165.82001,166.24001,5255300
2024-01-31,164.0,166.62,160.96001,164.3,6049400
2024-02-01,165.46001,167.74001,164.83,166.97,4082600
2024-02-02,165.92,169.17999,165.46001,168.17999,4740800
2024-02-05,168.60001,172.28,168.28,171.089996,5749100
2024-02-06,170.99001,172.71001,167.5,168.7,4550100
2024-02-07,170.49001,172.91,168.83,170.89999,5103400
2024-02-08,169.99001,175.0,169.38,173.89,7327900
2024-02-09,179.039993,186.14999,178.61,185.84,9539900
2024-02-12,185.27,188.21001,184.64,185.53999,7085400
2024-02-13,178.60001,182.19,176.94,180.31,9692500
2024-02-14,182.64,186.98,182.64,186.19,8437900
2024-02-15,189.0,189.47,186.38,187.66,8622900
2024-02-16,202.020004,206.77,197.3,199.57001,15552000
2024-02-20,195.59,195.86,186.12,189.14,11216100
2024-02-21,187.92,190.37,185.89,190.33,6994400
2024-02-22,198.28,201.55,196.67,199.73,10225900
2024-02-23,199.32001,201.34,196.61,197.16,5108100
2024-02-26,199.8,203.99001,199.13,203.55,6466600
2024-02-27,203.73,204.44,201.22,202.86,5167100
2024-02-28,198.49001,199.17999,196.49001,197.53999,6207900
2024-02-29,199.91,202.0,197.25999,201.62,9449600
2024-03-01,203.77,211.38,203.56,210.25,7645100
2024-03-04,212.0,213.37,209.039993,209.49001,7089800
2024-03-05,207.75,210.75999,204.78,207.39,6100200
2024-03-06,209.95,213.50999,209.13,212.17,5642400
2024-03-07,213.23,214.25999,211.50999,212.61,6363100
2024-03-08,212.48,213.60001,205.39,205.56,6932700
2024-03-11,203.28,203.28,197.61,201.37,6566600
2024-03-12,203.88,205.0099945,199.34,204.94,7211300
2024-03-13,202.97,203.88,199.94,200.56,5050300
2024-03-14,201.92999,202.39999,199.050003,200.75,4934900
2024-03-15,199.44,201.28,197.0,198.64999,9935600
2024-03-18,201.67999,203.17,199.63,200.73,5062300
2024-03-19,199.17999,201.55,197.3,201.34,4624500
2024-03-20,201.0,205.92,198.8,205.059998,4278000
2024-03-21,213.37,214.91,210.36,210.8,6145200
2024-03-22,208.50999,211.72,208.42999,210.25,3829200
2024-03-25,207.63,211.31,207.35001,208.46001,3137600
2024-03-26,209.78999,211.21001,206.57001,206.67,3607400
2024-03-27,208.039993,208.49001,203.89999,208.0,3123900
2024-03-28,207.56,207.64999,202.71001,206.23,5750100
2024-04-01,206.92999,211.77,205.96001,208.69,3189700
2024-04-02,206.58,206.58,203.39999,206.11,4311400
2024-04-03,203.60001,209.14999,203.5,207.38,3375600
2024-04-04,211.61,213.039993,201.67,203.39,6242800
2024-04-05,204.89999,209.53,204.89999,207.85001,3330100
2024-04-08,212.86,213.0,208.13,209.039993,4435500
2024-04-09,211.35001,212.10001,207.63,210.41,3660100
2024-04-10,208.89,211.66,208.12,209.25,4645300
2024-04-11,209.46001,213.33,208.36,212.98,4291600
2024-04-12,208.0,209.95,206.91,207.86,5852400
2024-04-15,211.89999,214.46001,204.27,205.67999,4492500
2024-04-16,206.34,210.42,205.75,209.48,3749200
2024-04-17,206.089996,207.0,198.10001,199.89,6350300
2024-04-18,197.47,198.42,193.52,194.32001,6219400
2024-04-19,194.25999,194.69,188.16,189.77,6493500
2024-04-22,191.55,191.78,186.86,189.46001,7149800
2024-04-23,190.25,194.5,189.97,193.24001,4425900
2024-04-24,197.99001,199.36,192.72,196.059998,4609400
2024-04-25,196.28,198.45,193.60001,197.5,4238300
2024-04-26,197.029999,203.99001,197.029999,203.38,3933500
2024-04-29,203.50999,205.28999,201.78,205.25999,2789200
2024-04-30,203.67,205.83,198.57001,198.64999,3898200
2024-05-01,196.080002,200.67999,192.69,193.99001,5815500
2024-05-02,196.25999,198.48,193.28,197.91,3523200
2024-05-03,202.0,205.27,199.95,204.089996,3818500
2024-05-06,205.31,209.17999,204.3,208.86,3638500
2024-05-07,209.24001,209.47,207.22,207.32001,3200900
2024-05-08,205.91,207.96001,204.75,207.36,2932300
2024-05-09,207.36,208.25,205.72,206.33,2758200
2024-05-10,208.8,212.57001,208.52,209.73,3502900
2024-05-13,208.39999,208.47,205.44,206.63,3526900
2024-05-14,205.84,210.10001,204.71001,209.82001,3442200
2024-05-15,212.5,217.61,210.85001,217.49001,5820900
2024-05-16,218.22,218.75,213.92,214.029999,7977900
2024-05-17,216.39999,219.36,210.23,212.080002,8031800
2024-05-20,212.14999,221.75,212.11,219.95,5954500
2024-05-21,218.0,220.25999,215.81,219.8,3918200
2024-05-22,220.52,220.73,216.23,218.14999,5047000
2024-05-23,225.0,225.070007,216.33,217.95,5806600
2024-05-24,220.2,223.12,218.64,220.89,3793700
2024-05-28,222.14999,223.22,219.88,221.32001,5509400
2024-05-29,217.59,220.64999,217.16,219.050003,4718800
2024-05-30,217.97,219.69,215.5,216.53999,4062500
2024-05-31,216.75,218.50999,209.020004,215.080002,13548700
2024-06-03,218.33,218.35001,208.92999,214.21001,3828100
2024-06-04,213.8,214.35001,209.029999,212.22,4379600
2024-06-05,219.60001,224.72,218.19,223.37,7887900
2024-06-06,221.67,223.25999,219.020004,221.75,3951200
2024-06-07,224.21001,224.55,220.080002,221.73,3627200
2024-06-10,219.71001,228.83,219.63,228.16,4797900
2024-06-11,227.27,230.070007,224.64,229.97,4768600
2024-06-12,231.42999,238.39999,230.78,237.64999,5573500
2024-06-13,231.47,238.36,231.42,237.55,3682400
2024-06-14,234.080002,238.25999,233.62,237.029999,3306500
2024-06-17,236.67,243.28,236.27,242.86,4974600
2024-06-18,242.78,249.42,242.089996,247.83,5256900
2024-06-20,247.0,247.83,238.66,239.99001,7045000
2024-06-21,238.32001,238.48,232.83,235.41,15389100
2024-06-24,233.0,235.41,229.42999,229.84,5928700
2024-06-25,231.039993,234.55,228.53999,234.27,4779000
2024-06-26,235.0,236.92,230.8,232.17,4818700
2024-06-27,237.5,237.82001,231.8,232.53,4309600
2024-06-28,235.35001,241.28999,233.91,235.99001,6387400
2024-07-01,236.86,238.36,233.080002,237.41,4239600
2024-07-02,235.020004,241.0,235.020004,240.86,3510600
2024-07-03,241.64,244.72,239.85001,243.31,2768800
2024-07-05,244.69,244.72,240.87,242.59,4076200
2024-07-08,243.11,247.17999,243.11,246.28999,3782100
2024-07-09,248.0,252.13,247.48,251.47,4889900
2024-07-10,253.0,255.89,250.66,254.97,4258100
2024-07-11,255.57001,255.57001,241.10001,241.25999,5623800
2024-07-12,241.61,248.77,240.53999,243.39999,5396300
2024-07-15,244.52,248.81,243.61,245.55,3674300
2024-07-16,246.96001,247.52,241.94,245.84,4124800
2024-07-17,231.24001,233.32001,219.75999,220.070007,10538900
2024-07-18,222.14999,222.33,213.25,217.64999,7715800
2024-07-19,217.5,218.28,209.67,210.25999,6517100
2024-07-22,216.23,224.089996,213.36,223.47,7515600
2024-07-23,220.45,221.95,218.62,219.64999,3635300
2024-07-24,217.37,217.77,205.53,206.53,9263400
2024-07-25,207.14999,209.21001,200.33,202.32001,9961400
2024-07-26,206.99001,208.36,202.81,206.47,5209000
2024-07-29,208.3,212.53,204.89,205.57001,4199200
2024-07-30,208.25999,209.17,195.34,196.74001,7652600
2024-07-31,206.10001,212.87,204.5,212.2,11123700
2024-08-01,204.13,209.080002,192.32001,196.3,11268300
2024-08-02,187.87,189.57001,179.63,181.81,12991600
2024-08-05,175.16,187.17,171.61,181.89,10079100
2024-08-06,183.32001,188.50999,180.3,183.31,5803900
2024-08-07,190.0,191.39999,177.94,178.50999,6652100
2024-08-08,185.25999,190.83,181.19,190.55,8637100
2024-08-09,190.0099945,193.32001,188.050003,191.17999,5050800
2024-08-12,191.5,196.39999,190.35001,193.089996,5568100
2024-08-13,196.44,201.83,193.72,200.8,6198900
2024-08-14,202.69,204.81,197.73,201.63,5377900
2024-08-15,207.31,213.0,205.13,211.83,12073500
2024-08-16,204.95,208.89,201.17999,207.89999,11644600
2024-08-19,207.0,211.11,202.5,210.94,5285400
2024-08-20,209.28999,210.59,204.35001,206.16,4860300
2024-08-21,208.050003,210.0,206.57001,209.12,4460500
2024-08-22,208.63,210.34,199.44,200.2,6621900
2024-08-23,202.16,205.83,200.17999,202.67,5296400
2024-08-26,200.67,201.25999,195.14999,196.23,7333900
2024-08-27,194.78,196.8,191.78999,195.77,6632500
2024-08-28,194.67999,196.64,190.8,192.89,6412500
2024-08-29,196.67,198.31,191.67,192.98,6730300
2024-08-30,197.53,197.84,192.55,197.25999,7313800
2024-09-03,193.080002,194.070007,182.5,183.37,12163400
2024-09-04,179.99001,184.32001,177.42999,182.38,6378100
2024-09-05,179.039993,183.74001,177.89,180.24001,6495000
2024-09-06,179.5,180.71001,173.39,174.75,8887900
2024-09-09,177.10001,178.55,174.57001,177.55,7492500
2024-09-10,177.97,178.50999,174.11,178.050003,5367900
2024-09-11,180.24001,186.41,175.41,185.94,8187100
2024-09-12,184.36,185.13,180.050003,183.21001,8013000
2024-09-13,185.3,188.8,184.95,188.47,4851300
2024-09-16,185.0,187.91,183.14,187.58,5915800
2024-09-17,189.5,190.5,185.98,188.59,4026100
2024-09-18,190.75999,191.66,185.75,186.14,4266900
2024-09-19,194.55,198.33,192.91,196.71001,7326100
2024-09-20,194.35001,195.53,189.47,192.16,14306900
2024-09-23,194.42,195.64,192.69,194.039993,4457900
2024-09-24,196.50999,197.85001,193.75999,196.78,4849700
2024-09-25,195.28999,200.28999,195.28999,197.31,5060100
2024-09-26,210.82001,212.14999,202.5,209.61,7849800
2024-09-27,211.080002,211.33,204.0,204.92,4524800
2024-09-30,201.0,204.31,198.69,202.050003,5746000
2024-10-01,203.41,204.059998,193.64,197.2,6930100
2024-10-02,197.83,204.50999,196.74001,201.14999,5536600
2024-10-03,197.71001,203.13,197.71001,199.59,3813300
2024-10-04,204.62,204.92,199.50999,201.97,4131100
2024-10-07,199.38,201.59,198.23,200.13,3711100
2024-10-08,200.13,202.55,198.67,200.88,3616100
2024-10-09,201.39999,205.59,200.63,205.059998,4141600
2024-10-10,201.020004,204.25,199.95,203.96001,3796800
2024-10-11,202.14,207.23,202.14,205.059998,2604100
2024-10-14,206.96001,214.25,206.96001,213.89,5239300
2024-10-15,213.67999,215.7,189.57001,191.020004,16613200
2024-10-16,193.22,193.22,183.89999,184.59,10972600
2024-10-17,190.0,190.8,183.0,183.24001,9727100
2024-10-18,186.28,186.78999,184.64,186.36,5758600
2024-10-21,186.16,186.71001,184.10001,184.46001,4918100
2024-10-22,184.60001,185.28,182.57001,183.0,6753600
2024-10-23,181.95,183.74001,179.78999,182.7,6015200
2024-10-24,186.88,187.8,183.23,183.75,6122100
2024-10-25,186.49001,189.2,186.17,186.52,4794700
2024-10-28,186.52,187.64,184.41,185.34,4101000
2024-10-29,185.34,191.53,184.64999,190.12,6007400
2024-10-30,187.0,188.19,184.7,185.3,5851300
2024-10-31,185.21001,185.21001,179.28,181.58,7307500
2024-11-01,181.83,185.47,181.22,183.38,6318900
2024-11-04,183.2,183.86,180.46001,181.82001,3857600
2024-11-05,183.3,186.75,183.10001,186.48,4053000
2024-11-06,188.96001,189.38,184.75,187.52,6393300
2024-11-07,190.96001,194.33,190.96001,194.089996,5274700
2024-11-08,192.28999,194.10001,191.27,192.029999,4767300
2024-11-11,192.31,193.2,186.46001,188.56,5475200
2024-11-12,188.71001,189.75,184.47,186.61,5478400
2024-11-13,184.070007,185.48,182.52,182.78999,8634600
2024-11-14,186.78,187.62,185.089996,186.0,11747400
2024-11-15,168.34,174.070007,167.33,168.88,16287500
2024-11-18,167.67999,171.67,166.85001,170.73,8331100
2024-11-19,168.34,169.96001,167.49001,169.31,8651100
2024-11-20,169.31,170.53,167.059998,170.49001,6197300
2024-11-21,171.22,177.070007,171.050003,175.75,8917400
2024-11-22,175.12,176.080002,173.38,174.88,4242600
2024-11-25,176.71001,177.19,171.92999,174.55,8926500
2024-11-26,175.34,175.49001,170.92999,173.2,6517100
2024-11-27,173.2,173.34,168.75999,171.32001,4348700
2024-11-29,176.38,178.42999,174.25999,174.71001,5944400
2024-12-02,175.48,184.27,174.71001,183.27,9100600
2024-12-03,181.21001,183.25999,180.8,183.16,5939900
2024-12-04,185.34,185.7,180.45,181.16,5819800
2024-12-05,176.53999,179.42,170.55,172.029999,8663800
2024-12-06,172.16,173.32001,171.35001,173.020004,6058500
2024-12-09,171.97,174.5,170.21001,171.86,7647100
2024-12-10,173.5,173.88,167.44,168.17,8230900
2024-12-11,169.73,173.2,169.49001,171.13,6698600
2024-12-12,169.7,170.11,166.81,169.080002,6108500
2024-12-13,169.10001,171.53,167.77,169.35001,7051700
2024-12-16,170.039993,171.74001,168.85001,169.41,6643000
2024-12-17,169.0,170.75,168.37,170.34,6817600
2024-12-18,170.94,174.42999,164.55,165.45,9000700
2024-12-19,162.78999,165.24001,161.029999,161.44,9252600
2024-12-20,159.98,164.73,158.96001,163.59,15336700
2024-12-23,164.77,167.69,164.17,167.46001,5040200
2024-12-24,167.42999,168.72,166.89999,168.37,2595800
2024-12-26,167.35001,168.85001,166.75,167.55,2793700
2024-12-27,166.14999,167.2,164.63,166.83,3599600
2024-12-30,164.0,164.97,161.97,163.64,4763100
2024-12-31,164.42999,165.17999,161.97,162.63,3565500
2025-01-02,164.47,166.71001,162.83,163.87,4164600
2025-01-03,165.38,170.42,164.77,170.059998,5719800
2025-01-06,174.98,180.38,174.86,177.48,8475500
2025-01-07,180.070007,181.84,176.39999,177.82001,7332100
2025-01-08,177.75,178.17,174.84,176.99001,4581700
2025-01-10,174.72,174.72,169.50999,171.64999,6325300
2025-01-13,169.10001,171.61,167.73,170.86,5465800
2025-01-14,171.86,173.7,170.32001,173.64999,3842100
2025-01-15,176.75,179.50999,175.88,178.38,5908600
2025-01-16,185.8,191.71001,183.0099945,186.48,10825400
2025-01-17,193.0,193.16,188.78999,192.050003,8115100
2025-01-21,194.74001,195.22,190.82001,192.87,7959100
2025-01-22,196.83,200.55,195.33,195.50999,7288600
2025-01-23,190.13,191.2,187.78999,190.7,6307300
2025-01-24,190.89,191.28,185.61,186.75,6088400
2025-01-27,179.55,179.56,170.42,174.57001,12150200
2025-01-28,173.75,174.83,170.0,172.85001,7360500
2025-01-29,180.0,180.21001,173.78,175.28,5679900
2025-01-30,179.39999,183.27,177.46001,181.72,6013800
2025-01-31,182.59,186.44,180.059998,180.35001,5902800
2025-02-03,175.32001,180.25,174.24001,178.8,5321300
2025-02-04,175.47,179.3,175.45,178.56,4687100
2025-02-05,176.73,181.0099945,175.28,180.67,3958500
2025-02-06,179.61,183.080002,178.56,182.8,4479100
2025-02-07,183.14,183.53999,178.73,180.0,4992000
2025-02-10,182.86,184.029999,181.42,183.66,5744100
2025-02-11,181.8,183.58,181.089996,183.2,3913300
2025-02-12,179.42,181.53,178.28999,180.89,6640800
2025-02-13,180.31,184.52,179.62,184.27,10302000
2025-02-14,174.84,176.0,168.61,169.2,12452800
2025-02-18,171.78999,173.75999,169.10001,172.0,10704900
2025-02-19,172.31,174.89999,171.13,174.059998,5797000
2025-02-20,175.14,178.37,174.5,176.0099945,6687300
2025-02-21,176.13,176.25,170.60001,171.98,7365400
2025-02-24,173.77,175.23,168.34,168.57001,7126200
2025-02-25,168.12,169.67999,164.45,165.53999,8570300
2025-02-26,167.38,170.25,166.42,168.50999,5048500
2025-02-27,170.25,170.57001,156.38,156.64,9543600
2025-02-28,157.28999,160.050003,153.95,158.070007,9427600
2025-03-03,159.73,160.32001,150.67,152.13,9259100
2025-03-04,153.059998,156.23,149.55,152.87,8538600
2025-03-05,153.14,155.87,150.0,155.32001,5860000
2025-03-06,151.53999,154.050003,149.60001,151.53999,6967800
2025-03-07,151.46001,156.35001,150.19,155.67999,5537800
2025-03-10,152.42,154.45,147.88,149.99001,8008400
2025-03-11,148.97,150.50999,145.37,146.99001,7739900
2025-03-12,151.72,151.72,148.44,149.059998,8482200
2025-03-13,148.89,153.059998,148.37,149.95,5702200
2025-03-14,152.13,156.5,152.13,155.66,5138800
2025-03-17,152.95,157.21001,152.84,155.46001,4764300
2025-03-18,154.32001,154.94,151.81,153.50999,4282300
2025-03-19,153.17999,157.070007,152.78999,154.46001,4426500
2025-03-20,152.23,155.62,151.67999,154.38,5480300
2025-03-21,150.28999,152.19,149.0099945,152.12,15911300
2025-03-24,155.5,156.27,154.60001,154.95,5855200
2025-03-25,154.84,154.95,152.52,153.64,5093700
2025-03-26,153.14,153.99001,149.50999,150.67999,4850800
2025-03-27,149.83,149.89999,146.94,147.67999,6933800
2025-03-28,148.8,149.8,144.12,145.059998,7715000
2025-03-31,142.77,145.67999,141.16,145.12,7116300
2025-04-01,144.10001,146.11,141.8,145.66,5869500
2025-04-02,144.029999,149.31,143.84,147.75,4904800
2025-04-03,141.0,141.87,135.39999,135.50999,11779600
2025-04-04,129.11,132.46001,123.94,126.95,15564000
2025-04-07,124.97,141.57001,123.74,132.85001,18941900
2025-04-08,138.41,140.7,127.5,128.96001,16423700
2025-04-09,129.58,150.96001,128.60001,149.73,20667300
2025-04-10,142.23,143.81,133.49001,138.24001,16290700
2025-04-11,138.57001,146.23,135.5,144.94,10617200
2025-04-14,146.88,147.7,142.14,144.53,6835900
2025-04-15,144.97,147.039993,144.24001,145.45,5259900
2025-04-16,137.82001,141.080002,134.35001,138.19,9279100
2025-04-17,138.99001,139.64999,136.94,137.46001,6486100
2025-04-21,135.13,136.0099945,132.8,135.56,8395300
2025-04-22,137.17999,139.080002,136.32001,138.3,5222700
2025-04-23,144.85001,147.83,142.74001,143.58,7994300
2025-04-24,147.61,150.39999,145.35001,150.17,7609200
2025-04-25,148.2,152.61,147.87,151.55,4805200
2025-04-28,150.78999,151.87,147.50999,150.78999,7052500
2025-04-29,149.0,151.070007,147.91,149.55,5721300
2025-04-30,145.97,151.039993,144.71001,150.71001,7273600
2025-05-01,151.64,152.28,148.74001,148.96001,6732000
2025-05-02,152.78999,156.7,152.69,155.10001,6083200
2025-05-05,154.11,156.64,153.85001,154.61,4069300
2025-05-06,152.0,154.48,151.89999,153.029999,3471700
2025-05-07,153.35001,156.2,151.50999,155.81,5499000
2025-05-08,158.029999,158.8,155.81,156.0,4824600
2025-05-09,156.92999,158.0,154.64999,155.61,3884200
2025-05-12,166.44,169.8,165.64999,167.99001,11724100
2025-05-13,168.87,174.17999,168.47,173.029999,8980200
2025-05-14,173.45,175.28,173.050003,174.14,7069700
2025-05-15,171.75,176.38,171.2,174.75,12811600
2025-05-16,168.42999,169.47,161.92,165.57001,16540400
2025-05-19,162.53999,166.0,162.37,165.94,7465700
2025-05-20,165.050003,165.94,164.23,165.73,5372400
2025-05-21,163.53999,166.28999,161.67,162.23,5658600
2025-05-22,160.69,163.3,160.28,160.52,6355700
2025-05-23,156.64,158.41,155.66,157.50999,5733400
2025-05-27,160.63,162.48,159.17,161.83,8470400
2025-05-28,161.91,163.67,160.88,161.59,6727200
2025-05-29,165.46001,165.53999,158.45,159.48,6845600
2025-05-30,159.039993,159.23,153.47,156.75,15273600
2025-06-02,155.78999,157.62,155.42999,157.27,5875300
2025-06-03,156.92999,161.95,156.36,161.74001,6355400
2025-06-04,162.5,163.48,160.17999,161.92999,5990600
2025-06-05,163.22,165.62,161.10001,164.19,7386800
2025-06-06,165.44,169.53,165.44,166.74001,5717500
2025-06-09,167.81,171.82001,167.81,169.78999,6320000
2025-06-10,170.58,174.39,169.99001,173.77,5711600
2025-06-11,174.24001,175.78999,170.33,172.78999,6133200
2025-06-12,172.49001,175.36,172.28,175.0,4468500
2025-06-13,171.059998,173.58,170.39,170.59,5297100
2025-06-16,173.020004,176.88,172.78999,176.55,6712900
2025-06-17,176.28,178.32001,174.059998,174.089996,6631400
2025-06-18,175.25999,175.25999,171.81,172.84,4946900
2025-06-20,174.47,175.37,165.91,169.46001,18396600
2025-06-23,170.25999,172.28999,168.72,171.96001,6838800
2025-06-24,175.070007,180.52,175.0,180.17999,7254500
2025-06-25,181.11,183.21001,180.5,183.070007,5431800
2025-06-26,183.19,184.5,182.059998,183.52,5199700
2025-06-27,184.38,185.8,181.12,183.21001,14202800
2025-06-30,183.8,184.77,182.53,183.070007,4070700
2025-07-01,182.44,184.92999,180.89999,183.75999,6572300
2025-07-02,182.63,190.91,181.63,190.0099945,8800600
2025-07-03,189.35001,192.039993,189.27,191.050003,3568500
2025-07-07,189.039993,191.64999,188.61,190.78,6577400
2025-07-08,192.14,196.3,191.52,194.99001,8097100
2025-07-09,195.8,197.96001,194.24001,195.39,6170800
2025-07-10,198.0,199.42,196.64999,198.029999,5229100
2025-07-11,196.85001,198.78,196.14999,197.92999,4424400
2025-07-14,195.61,198.82001,194.49001,197.10001,7264000
2025-07-15,200.080002,201.11,198.5,199.28999,6007100
2025-07-16,194.0,195.16,189.75,194.81,9400000
2025-07-17,192.62,194.029999,191.95,192.52,5704000
2025-07-18,193.059998,193.57001,190.14,190.44,4757100
2025-07-21,190.78999,194.39999,190.78,192.61,5061500
2025-07-22,192.27,192.5,185.13,187.14,7074500
2025-07-23,187.67999,189.39999,186.14,187.0099945,5419800
2025-07-24,188.16,190.039993,187.070007,188.12,4819900
2025-07-25,185.81,186.52,184.10001,185.69,6608700
2025-07-28,189.0099945,190.5,188.63,190.27,4913000
2025-07-29,191.62,192.45,187.95,188.41,4605400
2025-07-30,189.73,190.87,187.74001,189.39,4018500
2025-07-31,177.88,181.47,174.50999,180.059998,11375400
2025-08-01,176.60001,181.63,176.25,179.99001,8393200
2025-08-04,182.0,183.0,180.5,182.82001,4189300
2025-08-05,182.67,183.25999,177.39999,179.14999,5292000
2025-08-06,178.88,179.24001,175.48,178.14,5857800
2025-08-07,184.35001,186.8,181.86,183.14999,6616600
2025-08-08,183.14999,185.38,182.62,184.87,4338400
2025-08-11,187.14999,189.72,183.78,184.38,7816000
2025-08-12,185.73,189.73,184.28,188.45,5915400
2025-08-13,189.8,191.14,188.73,190.029999,5923400
2025-08-14,187.86,190.029999,186.78,188.24001,10992400
2025-08-15,162.7,167.5,161.71001,161.75999,31803300
2025-08-18,161.81,164.55,161.75,163.53,10125800
2025-08-19,164.24001,165.2,161.49001,162.22,8921500
2025-08-20,161.8,161.97,157.94,160.96001,9323300
2025-08-21,159.94,161.28999,159.080002,159.84,8294900
2025-08-22,160.67999,165.0,159.98,162.49001,7448100
2025-08-25,162.31,162.62,160.75,161.99001,4186800
2025-08-26,162.0099945,164.81,161.67999,164.50999,6770200
2025-08-27,163.25999,164.64999,162.55,164.39,4633500
2025-08-28,164.72,166.16,163.74001,165.27,7899500
2025-08-29,162.87,163.66,159.42999,160.75999,7202100
2025-09-02,156.72,158.3,156.0099945,157.57001,7683400
2025-09-03,158.050003,158.050003,154.47,156.25,7335000
2025-09-04,155.94,159.67,155.39999,158.24001,6245100
2025-09-05,160.25999,162.85001,158.82001,162.75,7046800
2025-09-08,163.81,164.64999,161.85001,162.050003,7933600
2025-09-09,161.92,164.25999,161.75,163.5,5315400
2025-09-10,164.3,165.39999,162.55,163.42,5690200
2025-09-11,164.0,170.66,164.0,170.14999,8999900
2025-09-12,167.91,169.67,167.17999,167.8,5170600
2025-09-15,169.11,171.059998,168.53,170.92999,5597600
2025-09-16,172.46001,174.10001,171.58,173.53999,6447500
2025-09-17,174.25,179.55,173.97,178.13,9588300
2025-09-18,188.0,191.55,183.83,189.75999,15473700
2025-09-19,190.82001,191.85001,188.66,190.10001,18903500
2025-09-22,193.19,201.14999,192.42999,200.52,15475500
2025-09-23,201.23,204.10001,198.8,200.87,12417900
2025-09-24,199.080002,203.75,197.39999,201.44,6360500
2025-09-25,199.039993,200.72,196.2,199.60001,6027600
2025-09-26,200.0,205.2,197.39,203.92,7363300
2025-09-29,206.34,210.5,204.67999,204.95,9295400
2025-09-30,204.36,210.27,202.87,204.74001,12253800
2025-10-01,204.74001,218.44,203.61,217.74001,12699200
2025-10-02,225.0,226.41,218.73,223.59,11166000
2025-10-03,219.91,220.5,215.60001,217.53,9269800
2025-10-06,222.34,226.49001,220.77,223.91,7891900
2025-10-07,223.91,224.83,211.27,211.56,10543300
2025-10-08,210.0,218.64999,209.0,217.50999,7875500
2025-10-09,217.0,220.86,215.50999,220.3,6701400
2025-10-10,220.7,224.47,209.73,209.95,12829700
2025-10-13,220.35001,221.13,217.029999,219.48,7853000
2025-10-14,213.89999,221.64999,213.71001,218.19,8260000
2025-10-15,223.96001,228.10001,220.52,227.58,8033600
2025-10-16,230.60001,232.070007,224.029999,227.72,7742800
2025-10-17,226.47,227.36,222.7,224.99001,5272800
2025-10-20,227.14999,231.33,226.53,228.13,5494800
2025-10-21,225.92,228.16,225.21001,226.0,4557500
2025-10-22,226.0,226.77,216.070007,220.56,7498100
2025-10-23,218.39,230.55,218.12,228.47,7001900
2025-10-24,229.0,230.72,226.28999,228.75,5346700
2025-10-27,233.0,235.78999,231.13,231.33,7671700
2025-10-28,229.67999,231.020004,227.080002,227.64,6118500
2025-10-29,232.89999,237.39,232.0,235.75,7784500
2025-10-30,237.78,242.5,232.080002,232.55,7317700
2025-10-31,233.74001,237.91,230.45,233.10001,6532600
2025-11-03,235.67,239.78999,234.0,237.71001,6160600
2025-11-04,231.42,236.97,229.77,230.19,6896400
2025-11-05,230.19,241.91,230.10001,240.89,7230800
2025-11-06,240.77,240.77,232.92999,233.53,9278400
2025-11-07,232.27,232.52,223.38,230.070007,6892800
2025-11-10,236.23,236.53999,232.059998,235.080002,7673700
2025-11-11,232.57001,233.25,227.0,228.67,6237600
2025-11-12,231.23,231.84,228.89999,230.73,5955400
2025-11-13,227.39,229.0,219.63,223.23,13465900
2025-11-14,203.75,226.16,203.39999,226.0099945,15254400
2025-11-17,224.2,231.71001,223.25999,228.71001,8713600
2025-11-18,226.48,227.62,219.42,225.12,12167400
2025-11-19,227.28999,235.91,226.5,235.13,8870500
2025-11-20,238.78999,240.75999,218.96001,220.23,9264000
2025-11-21,219.2,228.16,215.5,224.0099945,8596800
2025-11-24,222.86,233.2,222.86,230.91,8806600
2025-11-25,237.55,244.62,233.14,242.46001,8330300
2025-11-26,242.83,252.66,242.83,249.97,8791100
2025-11-28,250.8,252.48,247.85001,252.25,2916300
2025-12-01,250.23,255.78999,248.53,254.75,6842400
2025-12-02,255.63,267.049988,255.63,265.32999,9196800
2025-12-03,265.29999,269.14999,259.70999,268.63,7999600
2025-12-04,268.34,272.76001,266.0,269.44,6348800
2025-12-05,269.79001,273.59,267.35999,268.0,5373400
2025-12-08,269.5,272.16,266.54001,268.16,5338100
2025-12-09,266.070007,268.70999,264.73001,267.14001,4062600
2025-12-10,266.76999,276.10001,265.85999,275.14999,6244600
2025-12-11,271.22,271.98999,262.82999,270.10999,7061200
2025-12-12,267.26001,269.70999,257.13,259.20999,6739300
2025-12-15,263.42999,265.69,259.79001,261.26999,6406000
2025-12-16,259.79001,261.57999,255.3,258.84,5859700
2025-12-17,258.16,260.10001,246.92,248.27,7855400
2025-12-18,259.089996,260.82001,252.23,253.5,8741200
2025-12-19,255.71001,261.32001,253.58,256.41,25749700
2025-12-22,262.82999,262.82999,257.60001,259.01001,4182000
2025-12-23,258.16,260.45001,257.88,260.23001,3791500
2025-12-24,260.23001,261.48001,259.32999,260.78,1279500
2025-12-26,261.84,262.94,260.20001,261.89999,1836000
2025-12-29,260.82001,264.64999,260.0,263.049988,2601600
2025-12-30,264.19,265.01001,259.78,259.97,2185100
