DateTime,Open,High,Low,Close,Volume
2006-06-27,1.836,1.875,1.8085,1.824,112820000
2006-06-28,1.835,1.8555,1.824,1.835,75034000
2006-06-29,1.841,1.9285,1.835,1.926,127450000
2006-06-30,1.929,1.942,1.8915,1.934,103824000
2006-07-03,1.926,1.931,1.9115,1.9305,28726000
2006-07-05,1.914,1.9215,1.839,1.8555,114680000
2006-07-06,1.8535,1.887,1.826,1.84,87454000
2006-07-07,1.8355,1.864,1.7875,1.8055,100082000
2006-07-10,1.815,1.835,1.77,1.7895,77534000
2006-07-11,1.787,1.796,1.7505,1.783,121772000
2006-07-12,1.78,1.795,1.7285,1.7315,97894000
2006-07-13,1.7165,1.7315,1.6855,1.6865,129110000
2006-07-14,1.6755,1.6865,1.64,1.646,161896000
2006-07-17,1.6395,1.6965,1.6395,1.6835,143946000
2006-07-18,1.6825,1.7145,1.648,1.6745,104300000
2006-07-19,1.675,1.7385,1.6695,1.724,177326000
2006-07-20,1.7195,1.7405,1.6915,1.709,116724000
2006-07-21,1.6925,1.6985,1.646,1.6595,142732000
2006-07-24,1.6675,1.734,1.667,1.7155,147708000
2006-07-25,1.7,1.708,1.6695,1.6795,344600000
2006-07-26,1.438,1.45,1.298,1.313,1539704000
2006-07-27,1.3225,1.34,1.3105,1.328,527876000
2006-07-28,1.34,1.359,1.3285,1.3585,248440000
2006-07-31,1.351,1.3645,1.337,1.3445,160764000
2006-08-01,1.3275,1.332,1.292,1.316,262576000
2006-08-02,1.3075,1.315,1.2945,1.3045,156208000
2006-08-03,1.3045,1.345,1.295,1.3345,138822000
2006-08-04,1.347,1.3795,1.34,1.3645,205048000
2006-08-07,1.3595,1.3645,1.3295,1.339,109528000
2006-08-08,1.34,1.351,1.3095,1.318,145204000
2006-08-09,1.327,1.335,1.3,1.3105,138224000
2006-08-10,1.31,1.326,1.294,1.3245,128112000
2006-08-11,1.3215,1.3215,1.288,1.3035,102318000
2006-08-14,1.311,1.353,1.309,1.3265,102560000
2006-08-15,1.3485,1.393,1.331,1.3885,164032000
2006-08-16,1.3985,1.407,1.376,1.3975,152732000
2006-08-17,1.398,1.4875,1.3915,1.4545,189926000
2006-08-18,1.4545,1.4615,1.411,1.456,119972000
2006-08-21,1.435,1.449,1.3985,1.4065,106698000
2006-08-22,1.407,1.4445,1.4025,1.4185,91742000
2006-08-23,1.428,1.4445,1.3885,1.407,94528000
2006-08-24,1.412,1.4125,1.377,1.3985,90338000
2006-08-25,1.3895,1.4115,1.381,1.4015,70852000
2006-08-28,1.42,1.45,1.4135,1.4455,121348000
2006-08-29,1.4485,1.486,1.4375,1.476,147962000
2006-08-30,1.4785,1.5425,1.474,1.5335,226066000
2006-08-31,1.5375,1.5495,1.5235,1.5415,118940000
2006-09-01,1.5425,1.59,1.5425,1.588,131264000
2006-09-05,1.5805,1.615,1.562,1.6115,149354000
2006-09-06,1.588,1.599,1.5325,1.54,182282000
2006-09-07,1.5285,1.532,1.484,1.4865,178034000
2006-09-08,1.5095,1.533,1.497,1.5255,104544000
2006-09-11,1.5115,1.5565,1.486,1.5395,148076000
2006-09-12,1.5435,1.597,1.5265,1.586,130548000
2006-09-13,1.5865,1.598,1.5685,1.5835,87408000
2006-09-14,1.577,1.5935,1.559,1.5825,74114000
2006-09-15,1.595,1.637,1.579,1.626,205474000
2006-09-18,1.6225,1.6335,1.594,1.604,102462000
2006-09-19,1.612,1.615,1.541,1.579,171440000
2006-09-20,1.5905,1.6405,1.59,1.606,170978000
2006-09-21,1.612,1.628,1.5035,1.511,311074000
2006-09-22,1.511,1.5475,1.495,1.542,144980000
2006-09-25,1.5525,1.5985,1.537,1.5895,132392000
2006-09-26,1.5945,1.6295,1.59,1.625,132022000
2006-09-27,1.614,1.623,1.5965,1.6165,109396000
2006-09-28,1.6135,1.6165,1.561,1.592,149988000
2006-09-29,1.6005,1.617,1.577,1.606,104544000
2006-10-02,1.599,1.6015,1.5415,1.5435,136300000
2006-10-03,1.545,1.6,1.529,1.585,160680000
2006-10-04,1.5875,1.6415,1.565,1.638,141296000
2006-10-05,1.634,1.67,1.62,1.666,169118000
2006-10-06,1.6575,1.661,1.625,1.6295,84384000
2006-10-09,1.6245,1.674,1.6225,1.669,105784000
2006-10-10,1.6635,1.679,1.6245,1.631,126668000
2006-10-11,1.6305,1.6575,1.6135,1.6455,134570000
2006-10-12,1.655,1.6855,1.6315,1.6775,119794000
2006-10-13,1.6675,1.679,1.654,1.666,81346000
2006-10-16,1.6425,1.66,1.6275,1.63,135388000
2006-10-17,1.61,1.6305,1.5875,1.6235,132714000
2006-10-18,1.6285,1.639,1.6,1.6155,106986000
2006-10-19,1.6085,1.642,1.605,1.627,80752000
2006-10-20,1.6345,1.6345,1.6105,1.6285,116788000
2006-10-23,1.6235,1.6455,1.607,1.644,161186000
2006-10-24,1.6435,1.9,1.643,1.6815,463106000
2006-10-25,1.865,1.899,1.802,1.884,930450000
2006-10-26,1.8625,1.9245,1.859,1.915,341466000
2006-10-27,1.9075,1.919,1.883,1.912,199068000
2006-10-30,1.9025,1.917,1.884,1.9075,137648000
2006-10-31,1.911,1.9295,1.89,1.9045,124208000
2006-11-01,1.9065,1.91,1.873,1.878,133378000
2006-11-02,1.8665,1.8885,1.8555,1.8725,108946000
2006-11-03,1.8805,1.8855,1.8435,1.873,102482000
2006-11-06,1.882,1.9175,1.8765,1.9105,90818000
2006-11-07,1.91,1.95,1.902,1.9385,154902000
2006-11-08,1.929,1.974,1.923,1.9735,163198000
2006-11-09,1.975,1.9885,1.9405,1.942,116142000
2006-11-10,1.9395,1.968,1.938,1.963,89902000
2006-11-13,1.9615,2.0,1.9565,1.9995,138886000
2006-11-14,2.0055001,2.0835,1.981,2.0755,219026000
2006-11-15,2.075,2.155,2.075,2.13,271134000
2006-11-16,2.1225,2.1475,2.12,2.142,220016000
2006-11-17,2.1275,2.1335,2.111,2.1275,130604000
2006-11-20,2.1175,2.1275,2.097,2.122,115928000
2006-11-21,2.1275,2.1625,2.106,2.127,139688000
2006-11-22,2.125,2.149,2.109,2.148,90712000
2006-11-24,2.128,2.147,2.1155,2.1205,44826000
2006-11-27,2.109,2.14,2.036,2.0425,179456000
2006-11-28,2.0375,2.0535,2.015,2.046,141986000
2006-11-29,2.024,2.055,2.0,2.0315,157092000
2006-11-30,2.021,2.032,1.9925,2.017,126926000
2006-12-01,2.013,2.027,1.9545,1.9705,166122000
2006-12-04,1.9655,1.974,1.9435,1.955,194414000
2006-12-05,1.9565,1.965,1.936,1.949,114754000
2006-12-06,1.9385,1.979,1.932,1.945,115538000
2006-12-07,1.9465,1.9545,1.9025,1.906,132430000
2006-12-08,1.896,1.9475,1.885,1.923,102794000
2006-12-11,1.911,1.9575,1.904,1.9345,96972000
2006-12-12,1.922,1.947,1.9075,1.923,101664000
2006-12-13,1.9305,1.9595,1.9095,1.925,93556000
2006-12-14,1.937,1.977,1.93,1.951,125922000
2006-12-15,1.969,2.0095,1.9615,2.00049996,163070000
2006-12-18,2.01,2.032,1.943,1.963,129734000
2006-12-19,1.939,1.986,1.9115,1.971,150400000
2006-12-20,1.9715,2.015,1.9695,2.00049996,155686000
2006-12-21,1.9935,2.017,1.9825,1.9945,131004000
2006-12-22,1.999,2.0255,1.9955,2.012,111702000
2006-12-26,2.0065,2.0065,1.971,1.99,89472000
2006-12-27,1.993,2.0235,1.99,2.0145,70730000
2006-12-28,2.019,2.0315,1.996,2.0105,90910000
2006-12-29,2.003,2.0125,1.9675,1.973,83940000
2007-01-03,1.934,1.953,1.9025,1.935,248102000
2007-01-04,1.9295,1.957,1.913,1.945,126368000
2007-01-05,1.936,1.9395,1.88,1.9185,132394000
2007-01-08,1.911,1.9155,1.8585,1.875,135660000
2007-01-09,1.88,1.903,1.867,1.889,114060000
2007-01-10,1.8745,1.885,1.8535,1.8575,130550000
2007-01-11,1.8585,1.9,1.8585,1.87,129312000
2007-01-12,1.868,1.9105,1.8635,1.91,89328000
2007-01-16,1.92,1.9445,1.8985,1.933,112874000
2007-01-17,1.935,1.95,1.889,1.894,100536000
2007-01-18,1.875,1.8825,1.836,1.849,182100000
2007-01-19,1.8345,1.874,1.83,1.851,121918000
2007-01-22,1.8825,1.895,1.84,1.8475,166340000
2007-01-23,1.845,1.8535,1.815,1.8215,106272000
2007-01-24,1.8255,1.868,1.825,1.863,105434000
2007-01-25,1.904,1.9115,1.839,1.854,134952000
2007-01-26,1.863,1.863,1.815,1.8425,82786000
2007-01-29,1.835,1.8725,1.827,1.8715,147900000
2007-01-30,1.8645,1.871,1.8315,1.8525,96270000
2007-01-31,1.8475,1.9095,1.838,1.8835,145550000
2007-02-01,1.8975,1.965,1.8925,1.935,522462000
2007-02-02,1.8615,1.887,1.834,1.8695,517014000
2007-02-05,1.8625,1.871,1.8385,1.858,122218000
2007-02-06,1.86,1.9205,1.854,1.9135,172254000
2007-02-07,1.9245,1.976,1.92,1.949,210064000
2007-02-08,1.9475,1.9755,1.9335,1.955,109672000
2007-02-09,1.9595,1.9655,1.933,1.936,119202000
2007-02-12,1.9395,1.9495,1.918,1.9425,76714000
2007-02-13,1.9425,1.9805,1.9425,1.9655,90110000
2007-02-14,1.9615,2.014,1.957,2.007,136282000
2007-02-15,2.007,2.016,1.993,2.003,101764000
2007-02-16,1.995,2.022,1.9935,2.0165,93580000
2007-02-20,2.0065,2.087,2.0,2.0755,178068000
2007-02-21,2.0595,2.066,2.046,2.063,90168000
2007-02-22,2.07,2.1,2.0445,2.05,98522000
2007-02-23,2.05,2.06,2.037,2.039,109948000
2007-02-26,2.043,2.06,2.02,2.044,80704000
2007-02-27,2.0095,2.027,1.939,1.9415,177014000
2007-02-28,1.9455,1.979,1.904,1.957,153748000
2007-03-01,1.966,1.966,1.9025,1.9425,185116000
2007-03-02,1.916,1.9435,1.8845,1.8845,155756000
2007-03-05,1.8575,1.916,1.852,1.8525,191312000
2007-03-06,1.8845,1.933,1.8705,1.929,256964000
2007-03-07,1.934,1.966,1.914,1.918,172892000
2007-03-08,1.9385,1.961,1.899,1.905,152586000
2007-03-09,1.924,1.9445,1.9,1.942,124002000
2007-03-12,1.932,1.9525,1.919,1.9405,97580000
2007-03-13,1.915,1.944,1.8845,1.891,104082000
2007-03-14,1.888,1.911,1.863,1.904,171822000
2007-03-15,1.905,1.9145,1.8775,1.889,145314000
2007-03-16,1.886,1.904,1.876,1.8925,137310000
2007-03-19,1.9,1.927,1.9,1.9225,84532000
2007-03-20,1.9265,1.9345,1.9115,1.929,76026000
2007-03-21,1.9275,1.99,1.9155,1.99,99928000
2007-03-22,1.974,1.986,1.9455,1.9745,106630000
2007-03-23,1.978,1.98,1.949,1.949,58830000
2007-03-26,1.949,1.9525,1.9215,1.9505,70422000
2007-03-27,1.941,1.971,1.938,1.9685,79872000
2007-03-28,1.9545,1.9755,1.937,1.967,124044000
2007-03-29,1.9825,1.996,1.965,1.9905,128104000
2007-03-30,1.9875,2.012,1.971,1.9895,119938000
2007-04-02,1.9925,2.0235,1.9775,2.021,141826000
2007-04-03,2.021,2.069,2.02,2.0595,119364000
2007-04-04,2.061,2.0775,2.046,2.0765,81294000
2007-04-05,2.0785,2.088,2.072,2.084,65768000
2007-04-09,2.086,2.107,2.0805,2.083,83654000
2007-04-10,2.0785,2.098,2.073,2.093,68436000
2007-04-11,2.0865,2.0935,2.062,2.084,101568000
2007-04-12,2.0865,2.1185,2.07,2.1135,95090000
2007-04-13,2.1095,2.125,2.0965,2.1205,72200000
2007-04-16,2.1885,2.265,2.1835,2.26,268880000
2007-04-17,2.264,2.266,2.2375,2.2535,147978000
2007-04-18,2.24,2.2575,2.2315,2.2495,99928000
2007-04-19,2.2305,2.2575,2.2205,2.232,96194000
2007-04-20,2.2545,2.2585,2.226,2.2475,119610000
2007-04-23,2.2135,2.2405,2.208,2.2385,141772000
2007-04-24,2.2375,2.25,2.2215,2.2375,397752000
2007-04-25,2.656,2.859,2.6475,2.8405,2086584000
2007-04-26,2.825,3.152,2.8035,3.139,1243590000
2007-04-27,3.062,3.192,3.031,3.13,1014668000
2007-04-30,3.0955,3.122,3.059,3.0665,479584000
2007-05-01,3.056,3.102,3.014,3.102,370380000
2007-05-02,3.084,3.1125,3.045,3.059,288544000
2007-05-03,3.054,3.127,3.038,3.1095,269640000
2007-05-04,3.1195,3.1875,3.1175,3.1615,285986000
2007-05-07,3.1215,3.1615,3.0355,3.041,296166000
2007-05-08,3.027,3.092,2.985,3.0915,271022000
2007-05-09,3.1,3.1475,3.065,3.1425,177498000
2007-05-10,3.122,3.1325,3.0425,3.046,201040000
2007-05-11,3.048,3.08,3.028,3.078,158382000
2007-05-14,3.084,3.087,3.03,3.085,155208000
2007-05-15,3.07,3.0985,3.026,3.029,174042000
2007-05-16,3.051,3.167,3.0050001,3.161,289708000
2007-05-17,3.144,3.176,3.101,3.1085,237418000
2007-05-18,3.124,3.165,3.114,3.165,195984000
2007-05-21,3.179,3.434,3.165,3.415,729376000
2007-05-22,3.424,3.4535,3.3605,3.444,344226000
2007-05-23,3.4605,3.6655,3.4395,3.45,851650000
2007-05-24,3.452,3.521,3.3855,3.4675,476492000
2007-05-25,3.4845,3.485,3.4125,3.4275,199744000
2007-05-29,3.4215,3.489,3.386,3.4815,234616000
2007-05-30,3.453,3.504,3.443,3.493,211522000
2007-05-31,3.534,3.537,3.4285,3.457,186204000
2007-06-01,3.445,3.465,3.4175,3.429,140290000
2007-06-04,3.4125,3.5325,3.3825,3.521,227610000
2007-06-05,3.555,3.712,3.543,3.6825,608850000
2007-06-06,3.657,3.6875,3.593,3.6145,311820000
2007-06-07,3.6285,3.736,3.544,3.602,482764000
2007-06-08,3.6235,3.662,3.5525,3.662,204090000
2007-06-11,3.65,3.6525,3.55,3.5585,223182000
2007-06-12,3.522,3.538,3.471,3.5035,236590000
2007-06-13,3.545,3.5945,3.4625,3.5445,238358000
2007-06-14,3.545,3.606,3.54,3.597,164906000
2007-06-15,3.6425,3.6435,3.5595,3.62,196664000
2007-06-18,3.617,3.632,3.57,3.5915,156272000
2007-06-19,3.5775,3.583,3.484,3.4905,237420000
2007-06-20,3.5125,3.525,3.4525,3.455,183452000
2007-06-21,3.458,3.4885,3.433,3.4835,152194000
2007-06-22,3.4775,3.494,3.421,3.443,167652000
2007-06-25,3.4675,3.4815,3.415,3.433,151870000
2007-06-26,3.4265,3.4315,3.369,3.374,224956000
2007-06-27,3.348,3.4105,3.3355,3.407,164858000
2007-06-28,3.423,3.5115,3.4075,3.4445,195644000
2007-06-29,3.4515,3.4595,3.4075,3.4205,106332000
2007-07-02,3.4405,3.4855,3.41,3.4805,98122000
2007-07-03,3.502,3.5025,3.451,3.4725,44470000
2007-07-05,3.468,3.4825,3.403,3.4365,89758000
2007-07-06,3.4375,3.465,3.4005,3.4485,92306000
2007-07-09,3.469,3.6175,3.451,3.6035,296338000
2007-07-10,3.5825,3.597,3.5035,3.514,177708000
2007-07-11,3.529,3.5825,3.5075,3.5365,131872000
2007-07-12,3.5655,3.6785,3.5365,3.6395,229032000
2007-07-13,3.654,3.7675,3.6485,3.755,250040000
2007-07-16,3.7365,3.742,3.65,3.6845,166698000
2007-07-17,3.7195,3.726,3.6795,3.6895,121688000
2007-07-18,3.6635,3.6745,3.6125,3.666,125794000
2007-07-19,3.712,3.716,3.656,3.6675,105470000
2007-07-20,3.631,3.648,3.525,3.5815,182614000
2007-07-23,3.589,3.6335,3.5425,3.587,185356000
2007-07-24,3.552,3.608,3.4425,3.4625,506846000
2007-07-25,4.233,4.44,4.1825,4.309,1209048000
2007-07-26,4.251,4.45,4.1715,4.2005,465342000
2007-07-27,4.2135,4.2665,4.124,4.202,278852000
2007-07-30,4.15,4.2025,4.0755,4.135,257112000
2007-07-31,4.185,4.1865,3.9,3.927,282090000
2007-08-01,3.905,3.9075,3.753,3.8655,338360000
2007-08-02,3.893,3.988,3.806,3.9855,207232000
2007-08-03,3.977,4.0375,3.8355,3.84,159750000
2007-08-06,3.853,3.95,3.83,3.95,180058000
2007-08-07,3.9275,4.0,3.8945,3.957,161186000
2007-08-08,3.9885,3.994,3.828,3.889,164896000
2007-08-09,3.82,3.863,3.7055,3.7055,166968000
2007-08-10,3.6575,3.825,3.6185,3.739,181352000
2007-08-13,3.8045,3.816,3.735,3.7435,121372000
2007-08-14,3.7395,3.7395,3.646,3.6725,118924000
2007-08-15,3.651,3.7575,3.613,3.619,127518000
2007-08-16,3.6,3.662,3.5025,3.6395,215746000
2007-08-17,3.7245,3.752,3.6555,3.751,144812000
2007-08-20,3.749,3.764,3.69,3.735,118322000
2007-08-21,3.7105,3.8915,3.7045,3.8745,168582000
2007-08-22,3.912,3.9745,3.892,3.925,136962000
2007-08-23,3.947,3.95,3.8255,3.865,113300000
2007-08-24,3.84,3.97,3.8345,3.9625,113314000
2007-08-27,4.028,4.04,3.921,3.9325,139026000
2007-08-28,3.893,3.9325,3.804,3.811,115340000
2007-08-29,3.848,3.9525,3.843,3.9525,101536000
2007-08-30,3.92,4.0054998,3.915,3.934,92576000
2007-08-31,4.0,4.0265,3.985,3.9955,123148000
2007-09-04,3.995,4.1765,3.9865,4.135,165320000
2007-09-05,4.112,4.2445,4.111,4.1875,181244000
2007-09-06,4.225,4.323,4.1425,4.3105,176538000
2007-09-07,4.235,4.2485,4.1605,4.226,164624000
2007-09-10,4.2465,4.258,4.1255,4.167,107338000
2007-09-11,4.2085,4.3305,4.1765,4.314,137196000
2007-09-12,4.3035,4.4445,4.2985,4.365,180606000
2007-09-13,4.3975,4.4035,4.325,4.363,119670000
2007-09-14,4.3205,4.4045,4.3155,4.3885,79094000
2007-09-17,4.349,4.367,4.299,4.3455,89690000
2007-09-18,4.369,4.58,4.3355,4.4375,178488000
2007-09-19,4.476,4.491,4.413,4.45,129174000
2007-09-20,4.445,4.521,4.441,4.4825,115616000
2007-09-21,4.5145,4.595,4.4825,4.565,130490000
2007-09-24,4.565,4.6875,4.5405,4.6295,106436000
2007-09-25,4.5995,4.675,4.5475,4.674,116006000
2007-09-26,4.702,4.713,4.6145,4.6715,115406000
2007-09-27,4.7035,4.7055,4.6555,4.669,56254000
2007-09-28,4.6385,4.68,4.585,4.6575,96274000
2007-10-01,4.671,4.705,4.6415,4.6705,107948000
2007-10-02,4.693,4.695,4.57,4.618,97344000
2007-10-03,4.6095,4.64,4.589,4.623,101044000
2007-10-04,4.6275,4.6285,4.5725,4.613,66366000
2007-10-05,4.6775,4.6855,4.617,4.6715,110470000
2007-10-08,4.711,4.7925,4.7,4.7925,148568000
2007-10-09,4.8295,4.8365,4.7375,4.766,142892000
2007-10-10,4.775,4.7875,4.7185,4.733,111356000
2007-10-11,4.7665,4.787,4.4065,4.467,196448000
2007-10-12,4.471,4.6195,4.446,4.6185,167198000
2007-10-15,4.59,4.606,4.505,4.5265,112176000
2007-10-16,4.4345,4.5025,4.425,4.4765,170230000
2007-10-17,4.595,4.595,4.453,4.5275,153574000
2007-10-18,4.4685,4.5215,4.4575,4.4925,106590000
2007-10-19,4.4965,4.5325,4.466,4.488,182524000
2007-10-22,4.4625,4.5845,4.451,4.5645,197368000
2007-10-23,4.764,5.0545,4.7105,5.041,835236000
2007-10-24,4.5435,4.544,4.1635,4.4365,832348000
2007-10-25,4.4115,4.475,4.316,4.4105,232618000
2007-10-26,4.45,4.544,4.385,4.5,176524000
2007-10-29,4.5205,4.5735,4.474,4.505,141944000
2007-10-30,4.4835,4.5325,4.4025,4.412,108108000
2007-10-31,4.4025,4.48,4.35,4.4575,140896000
2007-11-01,4.3875,4.479,4.325,4.3825,165314000
2007-11-02,4.3985,4.406,4.175,4.299,204610000
2007-11-05,4.2175,4.301,4.138,4.2185,149062000
2007-11-06,4.2305,4.375,4.2185,4.3635,158680000
2007-11-07,4.3205,4.458,4.308,4.352,167956000
2007-11-08,4.34,4.348,4.07,4.179,236064000
2007-11-09,4.121,4.121,3.942,3.9445,232404000
2007-11-12,3.913,4.0044999,3.825,3.85,187938000
2007-11-13,3.8955,4.0025001,3.89,3.993,189926000
2007-11-14,4.02,4.0575,3.9075,3.9255,168548000
2007-11-15,3.9715,3.9865,3.835,3.8925,156630000
2007-11-16,3.8505,3.9495,3.8315,3.93,142282000
2007-11-19,3.9415,3.9875,3.897,3.959,172996000
2007-11-20,3.993,4.1,3.9155,4.0195,232200000
2007-11-21,3.962,4.043,3.9325,3.988,133566000
2007-11-23,4.0054998,4.0725,3.949,4.0715,55618000
2007-11-26,4.115,4.2245,4.057,4.065,172210000
2007-11-27,4.146,4.2825,4.1105,4.2795,172684000
2007-11-28,4.3775,4.5285,4.3375,4.515,228068000
2007-11-29,4.4945,4.5735,4.434,4.4575,139542000
2007-11-30,4.528,4.554,4.4155,4.528,137632000
2007-12-03,4.5015,4.6125,4.4885,4.5455,120010000
2007-12-04,4.502,4.728,4.502,4.7205,146758000
2007-12-05,4.7495,4.7495,4.599,4.6595,132172000
2007-12-06,4.664,4.75,4.6415,4.7105,109454000
2007-12-07,4.728,4.734,4.6455,4.7155,78696000
2007-12-10,4.7155,4.7175,4.615,4.651,103612000
2007-12-11,4.655,4.797,4.5375,4.5375,205392000
2007-12-12,4.642,4.6875,4.466,4.564,144562000
2007-12-13,4.5525,4.65,4.5315,4.62,120926000
2007-12-14,4.5385,4.562,4.4465,4.454,120046000
2007-12-17,4.4505,4.453,4.2495,4.2545,153954000
2007-12-18,4.2915,4.373,4.193,4.3445,145322000
2007-12-19,4.347,4.4975,4.3415,4.469,152324000
2007-12-20,4.507,4.5375,4.4545,4.529,117596000
2007-12-21,4.5735,4.614,4.5195,4.563,132098000
2007-12-24,4.5525,4.578,4.515,4.5505,40342000
2007-12-26,4.574,4.697,4.525,4.6425,108844000
2007-12-27,4.6335,4.7645,4.625,4.7125,142274000
2007-12-28,4.7635,4.795,4.605,4.7225,151758000
2007-12-31,4.6905,4.7185,4.6225,4.632,115104000
2008-01-02,4.7675,4.8715,4.735,4.8125,277174000
2008-01-03,4.803,4.8625,4.726,4.7605,182450000
2008-01-04,4.663,4.67,4.425,4.4395,205400000
2008-01-07,4.431,4.5285,4.2735,4.441,199632000
2008-01-08,4.3775,4.5915,4.3465,4.394,245666000
2008-01-09,4.378,4.39,4.012,4.261,328218000
2008-01-10,4.199,4.2985,4.1485,4.213,232198000
2008-01-11,4.2015,4.2015,4.0145,4.054,212486000
2008-01-14,4.109,4.166,3.9435,4.1435,181122000
2008-01-15,4.0245,4.0505,3.9255,4.012,193118000
2008-01-16,3.979,4.118,3.922,4.0175,248140000
2008-01-17,4.0079999,4.1125,3.977,4.006,198018000
2008-01-18,3.9965,4.1155,3.902,3.988,267286000
2008-01-22,3.679,3.986,3.611,3.924,256444000
2008-01-23,3.78,3.84,3.4975,3.6985,408114000
2008-01-24,3.7265,3.894,3.7095,3.8835,197732000
2008-01-25,3.9345,4.0715,3.8165,3.88,200552000
2008-01-28,3.8455,3.87,3.717,3.791,170106000
2008-01-29,3.7885,3.795,3.603,3.6975,199160000
2008-01-30,3.677,3.871,3.6625,3.7105,505974000
2008-01-31,3.4455,3.9435,3.442,3.885,857718000
2008-02-01,3.951,3.97,3.6685,3.7315,327220000
2008-02-04,3.725,3.833,3.695,3.6975,183104000
2008-02-05,3.64,3.7105,3.6,3.6045,192678000
2008-02-06,3.615,3.6215,3.4085,3.4245,247990000
2008-02-07,3.3685,3.6355,3.361,3.5455,290034000
2008-02-08,3.67,3.73,3.626,3.675,234008000
2008-02-11,3.657,3.798,3.6385,3.7595,155274000
2008-02-12,3.7715,3.8525,3.6895,3.7225,188980000
2008-02-13,3.7495,3.9425,3.6635,3.8865,221406000
2008-02-14,3.8865,3.894,3.759,3.79,149944000
2008-02-15,3.75,3.7595,3.597,3.648,222402000
2008-02-19,3.677,3.7,3.5775,3.604,142184000
2008-02-20,3.595,3.694,3.555,3.682,129014000
2008-02-21,3.697,3.7105,3.4685,3.495,263016000
2008-02-22,3.527,3.6105,3.493,3.604,246854000
2008-02-25,3.6175,3.675,3.5705,3.6635,157164000
2008-02-26,3.5955,3.675,3.514,3.5845,197826000
2008-02-27,3.534,3.574,3.4785,3.5435,178610000
2008-02-28,3.515,3.53,3.3555,3.3925,263356000
2008-02-29,3.3505,3.375,3.1985,3.2235,233292000
2008-03-03,3.1795,3.2245,3.06,3.1215,274422000
2008-03-04,3.0835,3.33,3.0615,3.267,334072000
2008-03-05,3.283,3.317,3.191,3.2495,222528000
2008-03-06,3.2375,3.273,3.125,3.137,166866000
2008-03-07,3.11,3.2435,3.1005,3.2045,208762000
2008-03-10,3.195,3.2575,3.1455,3.1735,186420000
2008-03-11,3.2975,3.3585,3.1855,3.3575,194858000
2008-03-12,3.3385,3.4115,3.282,3.3255,154976000
2008-03-13,3.2555,3.4775,3.2185,3.416,214150000
2008-03-14,3.4305,3.534,3.303,3.411,248414000
2008-03-17,3.286,3.3895,3.246,3.3265,194182000
2008-03-18,3.4125,3.5965,3.3795,3.585,191014000
2008-03-19,3.555,3.7,3.5085,3.5085,220838000
2008-03-20,3.5085,3.6745,3.469,3.6595,228214000
2008-03-24,3.691,3.8465,3.6375,3.7975,187908000
2008-03-25,3.7915,3.8145,3.7025,3.7585,126550000
2008-03-26,3.707,3.756,3.662,3.69,125702000
2008-03-27,3.7185,3.7345,3.54,3.54,158848000
2008-03-28,3.55,3.6105,3.463,3.488,105582000
2008-03-31,3.5125,3.582,3.4815,3.565,109406000
2008-04-01,3.6495,3.8545,3.638,3.835,194680000
2008-04-02,3.854,3.95,3.806,3.8685,171848000
2008-04-03,3.7575,3.8005,3.6905,3.747,162998000
2008-04-04,3.763,3.8915,3.714,3.8435,143056000
2008-04-07,3.868,3.9215,3.8,3.845,133448000
2008-04-08,3.82,3.8805,3.775,3.865,99320000
2008-04-09,3.828,3.8335,3.683,3.7195,133206000
2008-04-10,3.724,3.7745,3.6365,3.7415,125110000
2008-04-11,3.692,3.715,3.581,3.5995,135712000
2008-04-14,3.585,3.7,3.5645,3.6305,87090000
2008-04-15,3.6485,3.699,3.5325,3.625,136262000
2008-04-16,3.651,3.75,3.647,3.7295,134936000
2008-04-17,3.709,3.751,3.6805,3.702,124400000
2008-04-18,3.824,4.1,3.816,4.0050001,335826000
2008-04-21,4.0015001,4.067,3.953,4.0089998,186708000
2008-04-22,3.997,3.997,3.877,3.98,144900000
2008-04-23,4.015,4.132,3.937,4.05,385008000
2008-04-24,3.8855,4.0265,3.8465,3.8845,421470000
2008-04-25,3.8905,4.066,3.863,4.043,189130000
2008-04-28,4.032,4.125,4.006,4.0985,219838000
2008-04-29,4.071,4.0885,3.993,4.037,134528000
2008-04-30,4.045,4.067,3.896,3.9315,157514000
2008-05-01,3.92,4.0005002,3.8985,3.968,143940000
2008-05-02,4.015,4.06,3.82,3.8655,163098000
2008-05-05,3.8635,3.8885,3.7935,3.796,112948000
2008-05-06,3.7755,3.8385,3.7525,3.7855,130914000
2008-05-07,3.763,3.832,3.6545,3.659,167532000
2008-05-08,3.6865,3.708,3.578,3.6395,162626000
2008-05-09,3.61,3.667,3.583,3.6205,84870000
2008-05-12,3.65,3.7465,3.589,3.7265,144308000
2008-05-13,3.7285,3.748,3.6655,3.728,100416000
2008-05-14,3.746,3.7875,3.699,3.71,91784000
2008-05-15,3.6945,3.816,3.6775,3.806,138354000
2008-05-16,3.821,3.8415,3.743,3.823,124134000
2008-05-19,3.9505,4.2375,3.943,4.1145,373696000
2008-05-20,4.1085,4.135,4.0015001,4.036,158244000
2008-05-21,4.0185,4.0575,3.875,3.915,141410000
2008-05-22,3.934,3.9845,3.9,3.963,107812000
2008-05-23,3.9275,3.9435,3.8715,3.9175,126638000
2008-05-27,3.913,4.045,3.8985,4.031,202164000
2008-05-28,4.0365,4.0395,3.9495,4.0040002,134012000
2008-05-29,4.0305,4.098,4.0085001,4.0175,137152000
2008-05-30,4.029,4.0885,4.015,4.081,105412000
2008-06-02,4.0575,4.0785,4.0025001,4.0115,124304000
2008-06-03,4.0355,4.0945,3.963,4.0054998,117400000
2008-06-04,4.0054998,4.091,3.986,4.075,129166000
2008-06-05,4.1055,4.244,4.09,4.2255,178774000
2008-06-06,4.162,4.182,4.028,4.0315,156874000
2008-06-09,4.0595,4.0765,3.906,3.9715,130746000
2008-06-10,3.91,4.052,3.91,3.981,121312000
2008-06-11,3.9675,4.0,3.8515,3.864,117490000
2008-06-12,3.901,3.9525,3.7505,3.8075,124088000
2008-06-13,3.835,4.0,3.835,3.9585,119490000
2008-06-16,3.921,4.1265,3.9205,4.085,115088000
2008-06-17,4.1575,4.215,4.14,4.1485,176048000
2008-06-18,4.1,4.1585,4.066,4.126,136932000
2008-06-19,4.1105,4.2235,4.075,4.213,134346000
2008-06-20,4.155,4.173,4.0255,4.055,131778000
2008-06-23,4.065,4.1075,3.9775,4.034,148516000
2008-06-24,3.9775,4.0395,3.8815,3.982,142802000
2008-06-25,4.0225,4.1075,3.976,4.0255,147866000
2008-06-26,3.955,3.9945,3.8,3.815,226202000
2008-06-27,3.7795,3.8035,3.631,3.733,236810000
2008-06-30,3.7515,3.806,3.6605,3.6665,142082000
2008-07-01,3.612,3.7115,3.526,3.681,205850000
2008-07-02,3.708,3.7205,3.569,3.572,140888000
2008-07-03,3.6255,3.692,3.526,3.6,84964000
2008-07-07,3.6185,3.72,3.538,3.6245,147110000
2008-07-08,3.619,3.7745,3.5875,3.752,158320000
2008-07-09,3.728,3.745,3.524,3.5305,138242000
2008-07-10,3.535,3.5885,3.3995,3.5315,198832000
2008-07-11,3.47,3.4995,3.337,3.427,158600000
2008-07-14,3.4655,3.475,3.2795,3.314,180426000
2008-07-15,3.2935,3.431,3.1495,3.3515,226842000
2008-07-16,3.347,3.6375,3.342,3.592,240778000
2008-07-17,3.56,3.619,3.387,3.6055,191948000
2008-07-18,3.497,3.542,3.42,3.456,165960000
2008-07-21,3.476,3.49,3.315,3.424,137938000
2008-07-22,3.3545,3.457,3.294,3.3985,175916000
2008-07-23,3.373,3.6035,3.373,3.527,358324000
2008-07-24,3.815,4.119,3.8145,3.936,619932000
2008-07-25,3.9815,4.047,3.906,3.9155,183014000
2008-07-28,3.8545,3.9155,3.743,3.799,209604000
2008-07-29,3.8245,3.94,3.808,3.9105,135418000
2008-07-30,3.918,3.9925,3.821,3.9105,151346000
2008-07-31,3.8375,3.9085,3.805,3.817,106014000
2008-08-01,3.818,3.8245,3.7025,3.7875,95490000
2008-08-04,3.7995,3.865,3.7505,3.7855,89964000
2008-08-05,3.846,3.976,3.826,3.9555,155892000
2008-08-06,3.9275,3.9315,3.8365,3.9045,128122000
2008-08-07,3.8505,3.9025,3.8,3.8475,108896000
2008-08-08,3.839,4.0605,3.8145,4.0255,183254000
2008-08-11,4.0089998,4.5875,3.989,4.4045,501404000
2008-08-12,4.366,4.424,4.305,4.3625,160530000
2008-08-13,4.314,4.4125,4.227,4.3345,144176000
2008-08-14,4.2855,4.4375,4.261,4.4015,138034000
2008-08-15,4.414,4.4765,4.313,4.32,137432000
2008-08-18,4.3045,4.314,4.152,4.1555,130948000
2008-08-19,4.1545,4.1755,4.053,4.0645,132608000
2008-08-20,4.1,4.1625,4.06,4.1065,119012000
2008-08-21,4.0705,4.1885,4.049,4.163,123156000
2008-08-22,4.2135,4.273,4.1965,4.263,93556000
2008-08-25,4.2315,4.232,4.1225,4.1425,87128000
2008-08-26,4.137,4.156,4.0625,4.088,87484000
2008-08-27,4.072,4.137,4.05,4.0865,112546000
2008-08-28,4.1105,4.1825,4.09,4.171,156682000
2008-08-29,4.145,4.145,4.025,4.0405,94574000
2008-09-02,4.158,4.225,4.0605,4.0705,120016000
2008-09-03,4.07,4.1,4.00099993,4.0385,114852000
2008-09-04,4.03,4.0405,3.901,3.9015,166330000
2008-09-05,3.867,4.036,3.854,3.9595,161382000
2008-09-08,4.1125,4.1875,3.9425,4.058,189812000
2008-09-09,4.038,4.098,3.9495,3.952,116436000
2008-09-10,4.0005002,4.011,3.8075,3.837,188894000
2008-09-11,3.7635,3.99,3.755,3.9755,156272000
2008-09-12,3.9405,3.98,3.831,3.915,129602000
2008-09-15,3.843,3.994,3.815,3.867,179616000
2008-09-16,3.84,3.9815,3.8335,3.9365,261844000
2008-09-17,3.884,3.912,3.562,3.577,263312000
2008-09-18,3.654,3.875,3.504,3.825,247944000
2008-09-19,4.006,4.3385,3.825,4.05,295444000
2008-09-22,4.0565,4.0815,3.716,3.7465,140754000
2008-09-23,3.7895,3.8145,3.5385,3.588,171884000
2008-09-24,3.615,3.6825,3.447,3.498,187448000
2008-09-25,3.533,3.6375,3.5005,3.604,121460000
2008-09-26,3.476,3.5525,3.404,3.535,134942000
2008-09-29,3.4205,3.4685,3.066,3.1675,240086000
2008-09-30,3.292,3.656,3.266,3.638,260938000
2008-10-01,3.589,3.5995,3.4205,3.479,192444000
2008-10-02,3.3815,3.448,3.2705,3.368,174522000
2008-10-03,3.471,3.5475,3.3295,3.35,224562000
2008-10-06,3.203,3.2945,3.0235,3.2615,267710000
2008-10-07,3.2895,3.3215,2.925,2.926,255120000
2008-10-08,2.782,3.1375,2.7675,3.051,286490000
2008-10-09,3.0985,3.175,2.8,2.8,278618000
2008-10-10,2.6495,2.9875,2.5525,2.8125,360434000
2008-10-13,2.948,3.1105,2.8685,3.101,223896000
2008-10-14,3.175,3.2,2.74,2.793,346132000
2008-10-15,2.723,2.7345,2.4175,2.436,325152000
2008-10-16,2.32,2.535,2.1695,2.5145,441622000
2008-10-17,2.4415,3.1165,2.4205,2.5325,258928000
2008-10-20,2.6085,2.655,2.4955,2.6485,169042000
2008-10-21,2.593,2.6475,2.496,2.5115,173392000
2008-10-22,2.5025,2.6235,2.395,2.4995,390264000
2008-10-23,2.1685,2.5455,2.1655,2.516,652038000
2008-10-24,2.2375,2.616,2.225,2.448,392118000
2008-10-27,2.45,2.6295,2.4215,2.479,235184000
2008-10-28,2.575,2.815,2.4535,2.802,296694000
2008-10-29,2.7765,2.9895,2.726,2.8445,303926000
2008-10-30,2.938,2.9945,2.754,2.8355,222514000
2008-10-31,2.8005,2.8625,2.7505,2.862,170692000
2008-11-03,2.8175,2.8625,2.751,2.7885,143402000
2008-11-04,2.858,2.9365,2.761,2.9225,153276000
2008-11-05,2.8735,2.9,2.581,2.599,229968000
2008-11-06,2.49,2.552,2.315,2.361,309756000
2008-11-07,2.388,2.4895,2.3505,2.4605,148792000
2008-11-10,2.499,2.534,2.343,2.423,179298000
2008-11-11,2.355,2.403,2.2405,2.315,198784000
2008-11-12,2.1995,2.272,2.045,2.078,295372000
2008-11-13,2.07,2.25,1.924,2.2465,338706000
2008-11-14,2.1805,2.225,2.075,2.0875,238994000
2008-11-17,1.9955,2.063,1.9535,1.9845,214236000
2008-11-18,1.9865,2.033,1.804,1.922,300984000
2008-11-19,1.8985,1.95,1.7875,1.792,250422000
2008-11-20,1.7645,1.986,1.734,1.7515,368478000
2008-11-21,1.8195,1.95,1.786,1.8935,300854000
2008-11-24,1.9395,2.172,1.935,2.125,290994000
2008-11-25,2.1045,2.1445,1.9805,2.1095,260300000
2008-11-26,2.0435,2.2,2.0145,2.198,268794000
2008-11-28,2.2015,2.205,2.111,2.135,69620000
2008-12-01,2.1,2.163,2.019,2.0235,223578000
2008-12-02,2.0695,2.0855,1.941,2.0595,174274000
2008-12-03,2.0079999,2.294,2.0025001,2.2605,313512000
2008-12-04,2.297,2.525,2.2875,2.366,395646000
2008-12-05,2.2945,2.4245,2.165,2.413,292176000
2008-12-08,2.4575,2.607,2.368,2.5705,218814000
2008-12-09,2.4905,2.724,2.485,2.5625,266296000
2008-12-10,2.573,2.575,2.417,2.485,155076000
2008-12-11,2.4665,2.5245,2.4085,2.4125,151672000
2008-12-12,2.376,2.569,2.376,2.5625,173296000
2008-12-15,2.5325,2.5475,2.4075,2.4425,145708000
2008-12-16,2.481,2.648,2.4645,2.6315,177258000
2008-12-17,2.613,2.7385,2.5765,2.659,183662000
2008-12-18,2.65,2.7425,2.56,2.604,150362000
2008-12-19,2.5795,2.6495,2.546,2.578,219264000
2008-12-22,2.58,2.6075,2.4235,2.492,178500000
2008-12-23,2.506,2.5805,2.506,2.554,116908000
2008-12-24,2.583,2.5975,2.5505,2.572,32910000
2008-12-26,2.6895,2.6975,2.5775,2.589,136946000
2008-12-29,2.5715,2.5885,2.428,2.47,130158000
2008-12-30,2.4755,2.5605,2.437,2.538,132026000
2008-12-31,2.537,2.5845,2.4955,2.564,155844000
2009-01-02,2.5675,2.7265,2.5535,2.718,145928000
2009-01-05,2.7865,2.787,2.6515,2.703,190196000
2009-01-06,2.7275,2.911,2.6875,2.868,221602000
2009-01-07,2.8145,2.8475,2.7675,2.81,158854000
2009-01-08,2.7495,2.866,2.729,2.858,131558000
2009-01-09,2.846,2.85,2.735,2.7755,133682000
2009-01-12,2.706,2.715,2.5435,2.596,191126000
2009-01-13,2.548,2.6645,2.5375,2.5725,157664000
2009-01-14,2.505,2.505,2.407,2.4245,208852000
2009-01-15,2.428,2.6115,2.3815,2.572,232346000
2009-01-16,2.59,2.6165,2.4765,2.5795,165164000
2009-01-20,2.5375,2.585,2.4135,2.422,135344000
2009-01-21,2.4655,2.5345,2.4125,2.527,116590000
2009-01-22,2.471,2.544,2.413,2.497,142666000
2009-01-23,2.445,2.571,2.4225,2.5315,115866000
2009-01-26,2.509,2.5445,2.426,2.4815,143114000
2009-01-27,2.465,2.521,2.386,2.422,174764000
2009-01-28,2.486,2.5745,2.4485,2.518,161132000
2009-01-29,2.498,2.5925,2.457,2.5,359336000
2009-01-30,2.868,2.987,2.862,2.941,795662000
2009-02-02,2.9285,3.1,2.9065,3.0575,386486000
2009-02-03,3.0435,3.21,3.0,3.1795,293892000
2009-02-04,3.169,3.172,3.0415,3.053,274526000
2009-02-05,3.0575,3.1905,3.0315,3.159,203392000
2009-02-06,3.159,3.35,3.159,3.3275,240898000
2009-02-09,3.328,3.368,3.269,3.3355,188752000
2009-02-10,3.3075,3.3615,3.1535,3.1655,214012000
2009-02-11,3.155,3.245,3.1125,3.2175,166946000
2009-02-12,3.1625,3.2125,3.0855,3.198,161910000
2009-02-13,3.1985,3.234,3.1435,3.163,82618000
2009-02-17,3.0835,3.1325,3.059,3.0835,142522000
2009-02-18,3.1135,3.139,3.026,3.1175,147320000
2009-02-19,3.142,3.209,3.0835,3.0975,135378000
2009-02-20,3.0535,3.2075,3.042,3.193,187090000
2009-02-23,3.208,3.2455,3.076,3.0855,146720000
2009-02-24,3.0985,3.305,3.0945,3.28,205428000
2009-02-25,3.245,3.2875,3.141,3.1855,182442000
2009-02-26,3.206,3.2365,3.117,3.117,145506000
2009-02-27,3.063,3.254,3.047,3.2395,229766000
2009-03-02,3.197,3.276,3.0755,3.0995,210238000
2009-03-03,3.1375,3.1645,3.065,3.085,193832000
2009-03-04,3.14,3.2895,3.12,3.2405,239218000
2009-03-05,3.206,3.29,3.18,3.2385,235406000
2009-03-06,3.26,3.275,2.991,3.0845,301876000
2009-03-09,3.11,3.2015,3.0074999,3.0245,271228000
2009-03-10,3.1245,3.295,3.089,3.2855,308714000
2009-03-11,3.312,3.4685,3.2635,3.427,277634000
2009-03-12,3.4175,3.4935,3.3625,3.479,226978000
2009-03-13,3.482,3.487,3.3765,3.4315,178068000
2009-03-16,3.428,3.4645,3.334,3.349,188746000
2009-03-17,3.3685,3.5855,3.35,3.5675,238056000
2009-03-18,3.5485,3.6955,3.5065,3.5625,208034000
2009-03-19,3.57,3.5955,3.462,3.505,176382000
2009-03-20,3.5195,3.5445,3.454,3.498,169362000
2009-03-23,3.568,3.7805,3.535,3.779,172248000
2009-03-24,3.7425,3.75,3.6155,3.6405,149158000
2009-03-25,3.6545,3.6975,3.492,3.62,157912000
2009-03-26,3.6735,3.749,3.632,3.6845,133154000
2009-03-27,3.5805,3.6145,3.505,3.526,171376000
2009-03-30,3.52,3.5835,3.4875,3.572,167462000
2009-03-31,3.6305,3.725,3.606,3.672,178364000
2009-04-01,3.651,3.7545,3.5855,3.675,140828000
2009-04-02,3.6815,3.862,3.672,3.817,221338000
2009-04-03,3.821,3.916,3.775,3.9085,116198000
2009-04-06,3.863,3.918,3.8,3.8995,115026000
2009-04-07,3.8485,3.854,3.744,3.7755,114976000
2009-04-08,3.7965,3.8555,3.7285,3.849,113060000
2009-04-09,3.8755,4.0,3.863,3.9885,141646000
2009-04-13,3.992,3.9985,3.8925,3.947,124244000
2009-04-14,3.9,3.973,3.847,3.861,123208000
2009-04-15,3.775,3.7905,3.6755,3.7355,188256000
2009-04-16,3.7665,3.874,3.758,3.8625,149356000
2009-04-17,3.839,3.936,3.794,3.9025,148520000
2009-04-20,3.922,3.9895,3.8415,3.8785,173738000
2009-04-21,3.8665,3.955,3.8645,3.937,143244000
2009-04-22,3.9085,4.109,3.8905,3.96,175510000
2009-04-23,4.0665,4.103,3.954,4.0305,323754000
2009-04-24,4.1015,4.334,4.0365,4.223,469686000
2009-04-27,4.194,4.249,4.1105,4.156,194118000
2009-04-28,4.134,4.2675,4.12,4.12,158480000
2009-04-29,4.1495,4.1495,3.963,3.9895,194702000
2009-04-30,4.0465,4.1335,3.9945,4.026,170752000
2009-05-01,4.019,4.019,3.8925,3.948,122434000
2009-05-04,4.013,4.0675,3.9425,3.9885,140386000
2009-05-05,4.0505,4.1,4.0095,4.095,117406000
2009-05-06,4.144,4.18,3.983,4.0995,172080000
2009-05-07,4.1365,4.1375,3.894,3.964,192642000
2009-05-08,3.9845,4.0115,3.8155,3.8975,163860000
2009-05-11,3.84,3.9925,3.8005,3.9305,137446000
2009-05-12,3.935,3.9485,3.8265,3.8965,110974000
2009-05-13,3.8125,3.8325,3.7005,3.7095,175410000
2009-05-14,3.6895,3.803,3.6655,3.7555,186872000
2009-05-15,3.727,3.8105,3.671,3.68,160234000
2009-05-18,3.698,3.798,3.655,3.7975,136582000
2009-05-19,3.7715,3.948,3.756,3.8935,160578000
2009-05-20,3.925,4.0555,3.871,3.8985,147020000
2009-05-21,3.8375,3.8985,3.77,3.798,112810000
2009-05-22,3.805,3.852,3.751,3.782,69694000
2009-05-26,3.7515,3.924,3.7275,3.9195,133992000
2009-05-27,3.9255,3.975,3.8375,3.855,111342000
2009-05-28,3.885,3.955,3.794,3.8825,98862000
2009-05-29,3.886,3.9005,3.82,3.8995,101444000
2009-06-01,3.9105,4.24,3.8745,4.1525,215930000
2009-06-02,4.121,4.2725,4.105,4.2465,187940000
2009-06-03,4.1655,4.2855,4.1565,4.284,152068000
2009-06-04,4.271,4.32,4.2285,4.276,109308000
2009-06-05,4.3145,4.3975,4.265,4.378,165270000
2009-06-08,4.3375,4.359,4.2555,4.318,112042000
2009-06-09,4.3465,4.3835,4.3085,4.354,89502000
2009-06-10,4.379,4.428,4.2415,4.3295,121472000
2009-06-11,4.315,4.3745,4.2525,4.2845,100194000
2009-06-12,4.2515,4.26,4.1005,4.204,124460000
2009-06-15,4.1415,4.165,4.05,4.159,108036000
2009-06-16,4.185,4.1975,4.064,4.1075,109316000
2009-06-17,4.125,4.215,4.032,4.1325,155702000
2009-06-18,4.1405,4.1475,4.05,4.08,109062000
2009-06-19,4.1075,4.173,4.075,4.148,108764000
2009-06-22,4.1205,4.1215,3.928,3.9575,194888000
2009-06-23,3.9485,3.955,3.8125,3.884,148310000
2009-06-24,3.9,4.0265,3.89,3.9635,121628000
2009-06-25,3.955,4.1115,3.9515,4.11,147208000
2009-06-26,4.095,4.207,4.0565,4.194,175506000
2009-06-29,4.1935,4.21,4.1205,4.1515,125406000
2009-06-30,4.181,4.246,4.1235,4.183,159696000
2009-07-01,4.221,4.225,4.0685,4.08,139624000
2009-07-02,4.0555,4.0685,3.9255,3.966,144372000
2009-07-06,3.9225,3.9445,3.827,3.905,147376000
2009-07-07,3.9265,3.9345,3.7705,3.7815,129830000
2009-07-08,3.823,3.8965,3.785,3.868,170814000
2009-07-09,3.9125,3.927,3.841,3.905,127190000
2009-07-10,3.876,3.941,3.8085,3.8815,119522000
2009-07-13,3.9035,4.0825,3.9005,4.0735,161004000
2009-07-14,4.074,4.121,4.021,4.0975,90872000
2009-07-15,4.15,4.232,4.139,4.2275,126780000
2009-07-16,4.221,4.312,4.186,4.3055,107238000
2009-07-17,4.29,4.325,4.26,4.2925,101032000
2009-07-20,4.3135,4.444,4.313,4.4115,121132000
2009-07-21,4.426,4.4505,4.37,4.4505,154572000
2009-07-22,4.4325,4.4615,4.389,4.4395,106592000
2009-07-23,4.492,4.72,4.4795,4.6935,383242000
2009-07-24,4.38,4.445,4.275,4.3245,384092000
2009-07-27,4.312,4.3245,4.178,4.212,225586000
2009-07-28,4.192,4.282,4.13,4.249,175498000
2009-07-29,4.2235,4.275,4.176,4.217,130058000
2009-07-30,4.282,4.3625,4.2585,4.3045,145064000
2009-07-31,4.288,4.3375,4.231,4.288,117738000
2009-08-03,4.328,4.41,4.328,4.372,133260000
2009-08-04,4.374,4.374,4.2465,4.29,123558000
2009-08-05,4.282,4.2875,4.151,4.2145,145588000
2009-08-06,4.2155,4.242,4.1525,4.2235,93860000
2009-08-07,4.205,4.298,4.205,4.266,112560000
2009-08-10,4.2505,4.2735,4.1635,4.222,88812000
2009-08-11,4.182,4.22,4.1225,4.178,100500000
2009-08-12,4.171,4.33,4.169,4.298,112388000
2009-08-13,4.286,4.3185,4.2035,4.23,114248000
2009-08-14,4.2055,4.2085,4.139,4.179,98494000
2009-08-17,4.058,4.089,4.0125,4.053,137772000
2009-08-18,4.0705,4.1345,4.0395,4.106,117688000
2009-08-19,4.0455,4.15,4.0245,4.15,103412000
2009-08-20,4.149,4.2175,4.133,4.2045,107500000
2009-08-21,4.239,4.253,4.177,4.25,122614000
2009-08-24,4.2585,4.2795,4.212,4.225,94464000
2009-08-25,4.233,4.317,4.1975,4.2095,95820000
2009-08-26,4.205,4.238,4.169,4.2,72276000
2009-08-27,4.2005,4.2425,4.157,4.2155,79954000
2009-08-28,4.239,4.2495,4.1285,4.138,92414000
2009-08-31,4.0965,4.0975,4.0175,4.0595,105276000
2009-09-01,4.037,4.121,3.95,3.958,124916000
2009-09-02,3.952,4.0075002,3.89,3.907,130254000
2009-09-03,3.9195,3.948,3.8755,3.923,82804000
2009-09-04,3.9135,3.989,3.8815,3.9435,93430000
2009-09-08,3.993,4.052,3.9435,4.045,140752000
2009-09-09,4.03,4.1315,4.025,4.112,135524000
2009-09-10,4.1165,4.2035,4.115,4.1925,140462000
2009-09-11,4.222,4.245,4.188,4.227,120138000
2009-09-14,4.1905,4.2285,4.173,4.193,71440000
2009-09-15,4.2085,4.2205,4.1395,4.1775,88936000
2009-09-16,4.2955,4.549,4.295,4.535,262286000
2009-09-17,4.5375,4.5595,4.45,4.522,157454000
2009-09-18,4.537,4.55,4.4735,4.514,135390000
2009-09-21,4.4845,4.538,4.424,4.528,84186000
2009-09-22,4.573,4.7095,4.555,4.6875,165298000
2009-09-23,4.641,4.725,4.611,4.619,113706000
2009-09-24,4.6,4.6355,4.5385,4.6055,101502000
2009-09-25,4.572,4.6125,4.4875,4.526,85136000
2009-09-28,4.552,4.6405,4.53,4.6105,70160000
2009-09-29,4.598,4.6165,4.505,4.586,87878000
2009-09-30,4.613,4.7085,4.5715,4.668,170784000
2009-10-01,4.625,4.645,4.5185,4.552,132902000
2009-10-02,4.5025,4.557,4.479,4.4925,100788000
2009-10-05,4.5125,4.5465,4.4135,4.4335,140570000
2009-10-06,4.4665,4.554,4.42,4.5455,139274000
2009-10-07,4.575,4.724,4.5575,4.6985,148902000
2009-10-08,4.74,4.836,4.7115,4.761,193486000
2009-10-09,4.75,4.7975,4.713,4.7855,93880000
2009-10-12,4.8085,4.8125,4.6535,4.68,111828000
2009-10-13,4.6915,4.7625,4.684,4.7415,94400000
2009-10-14,4.811,4.891,4.801,4.873,111136000
2009-10-15,4.7565,4.853,4.754,4.8005,124842000
2009-10-16,4.765,4.806,4.6805,4.766,140768000
2009-10-19,4.7675,4.814,4.7125,4.734,120348000
2009-10-20,4.7955,4.805,4.7135,4.749,155552000
2009-10-21,4.7635,4.8315,4.6455,4.671,155224000
2009-10-22,4.683,4.705,4.585,4.6725,330370000
2009-10-23,5.5525,5.9825,5.531,5.9245,1166116000
2009-10-26,5.9605,6.284,5.9245,6.232,645424000
2009-10-27,6.1465,6.213,5.971,6.1035,406084000
2009-10-28,6.0785,6.256,6.038,6.082,337754000
2009-10-29,6.195,6.215,6.006,6.129,256436000
2009-10-30,6.0985,6.145,5.9105,5.9405,266244000
2009-11-02,5.933,5.975,5.8355,5.942,225600000
2009-11-03,5.8835,5.944,5.8315,5.9185,189570000
2009-11-04,5.95,5.9625,5.838,5.855,152350000
2009-11-05,5.873,6.0475,5.8125,6.0305,181736000
2009-11-06,6.15,6.349,6.1335,6.31,264520000
2009-11-09,6.3555,6.416,6.2795,6.3335,172484000
2009-11-10,6.34,6.5305,6.3,6.5075,210586000
2009-11-11,6.554,6.5655,6.4165,6.4955,148684000
2009-11-12,6.499,6.6075,6.499,6.5265,144202000
2009-11-13,6.558,6.6495,6.4875,6.6485,147536000
2009-11-16,6.606,6.728,6.549,6.5795,180366000
2009-11-17,6.57,6.5925,6.466,6.5625,154960000
2009-11-18,6.545,6.5705,6.4765,6.5645,104270000
2009-11-19,6.527,6.527,6.424,6.4495,119964000
2009-11-20,6.388,6.4995,6.3705,6.483,133052000
2009-11-23,6.5525,6.65,6.55,6.65,137562000
2009-11-24,6.6785,6.7165,6.611,6.647,146394000
2009-11-25,6.6655,6.71,6.62,6.7015,101424000
2009-11-27,6.515,6.65,6.494,6.587,88452000
2009-11-30,6.6095,6.804,6.608,6.7955,202390000
2009-12-01,6.847,6.9675,6.7875,6.925,193152000
2009-12-02,6.9575,7.1335,6.948,7.1125,235960000
2009-12-03,7.181,7.2955,7.0385,7.0585,330470000
2009-12-04,7.171,7.1725,6.7555,6.879,296548000
2009-12-07,6.9,6.95,6.692,6.7105,156740000
2009-12-08,6.715,6.804,6.6435,6.7055,160056000
2009-12-09,6.73,6.7355,6.491,6.5655,252658000
2009-12-10,6.6205,6.8095,6.62,6.769,226872000
2009-12-11,6.8035,6.8145,6.66,6.7075,160934000
2009-12-14,6.625,6.6305,6.4675,6.569,200458000
2009-12-15,6.538,6.623,6.4795,6.5115,148576000
2009-12-16,6.5465,6.5725,6.3825,6.418,205226000
2009-12-17,6.468,6.504,6.345,6.3455,169530000
2009-12-18,6.3955,6.4395,6.2825,6.424,192108000
2009-12-21,6.524,6.66,6.5095,6.6395,189472000
2009-12-22,6.688,6.7995,6.6325,6.6875,165150000
2009-12-23,6.74,6.9525,6.7175,6.947,190922000
2009-12-24,6.96,6.985,6.877,6.9235,102576000
2009-12-28,6.9875,7.099,6.9265,6.9655,175278000
2009-12-29,7.0645,7.129,6.9275,6.9705,168012000
2009-12-30,6.92,6.92,6.764,6.8245,138264000
2009-12-31,6.8545,6.864,6.726,6.726,90460000
2010-01-04,6.8125,6.8305,6.657,6.695,151998000
2010-01-05,6.6715,6.774,6.5905,6.7345,177038000
2010-01-06,6.73,6.7365,6.5825,6.6125,143576000
2010-01-07,6.6005,6.616,6.44,6.5,220604000
2010-01-08,6.528,6.684,6.4515,6.676,196610000
2010-01-11,6.631,6.64,6.4605,6.5155,175588000
2010-01-12,6.4495,6.491,6.3275,6.3675,181926000
2010-01-13,6.395,6.4855,6.2875,6.4555,214464000
2010-01-14,6.457,6.519,6.32,6.3675,195498000
2010-01-15,6.459,6.4825,6.353,6.357,307530000
2010-01-19,6.3155,6.4,6.2165,6.3805,177852000
2010-01-20,6.3565,6.46,6.254,6.289,181494000
2010-01-21,6.363,6.4075,6.25,6.331,199412000
2010-01-22,6.28,6.3835,6.038,6.0715,231378000
2010-01-25,6.105,6.114,5.906,6.0155,240478000
2010-01-26,6.028,6.149,5.953,5.974,191180000
2010-01-27,6.0515,6.1665,5.94,6.1375,295306000
2010-01-28,6.2215,6.36,6.14,6.3015,545862000
2010-01-29,6.4885,6.5925,6.207,6.2705,589426000
2010-02-01,6.159,6.243,5.691,5.9435,755488000
2010-02-02,5.9395,5.949,5.72,5.906,461594000
2010-02-03,5.856,5.9805,5.828,5.955,248118000
2010-02-04,5.932,6.0165,5.787,5.797,255680000
2010-02-05,5.794,5.8825,5.705,5.8695,220496000
2010-02-08,5.969,6.05,5.828,5.8415,197804000
2010-02-09,5.91,5.9545,5.85,5.9015,184460000
2010-02-10,5.9,5.9305,5.8,5.868,124664000
2010-02-11,5.8605,6.021,5.825,6.0044999,166870000
2010-02-12,5.9495,5.997,5.875,5.983,161470000
2010-02-16,6.0029998,6.025,5.859,5.8765,178654000
2010-02-17,5.8535,5.8565,5.7775,5.8155,178896000
2010-02-18,5.792,5.9255,5.741,5.904,196002000
2010-02-19,5.8955,5.9545,5.85,5.876,142312000
2010-02-22,5.8685,5.9485,5.809,5.9005,136146000
2010-02-23,5.9005,5.9625,5.8255,5.862,141364000
2010-02-24,5.898,5.99,5.8575,5.986,147798000
2010-02-25,5.9085,5.917,5.7925,5.91,190668000
2010-02-26,5.894,5.9715,5.85,5.92,114432000
2010-03-01,5.935,6.233,5.8765,6.227,265930000
2010-03-02,6.2505,6.3675,6.24,6.2765,241950000
2010-03-03,6.27,6.347,6.2215,6.2945,128808000
2010-03-04,6.299,6.4425,6.2785,6.4265,150194000
2010-03-05,6.4565,6.4725,6.3535,6.4455,135386000
2010-03-08,6.415,6.5425,6.3855,6.5055,112118000
2010-03-09,6.4795,6.5405,6.3985,6.441,121416000
2010-03-10,6.4555,6.5585,6.424,6.5255,112514000
2010-03-11,6.5225,6.681,6.518,6.679,144816000
2010-03-12,6.71,6.71,6.559,6.591,123016000
2010-03-15,6.585,6.6,6.4315,6.5565,126584000
2010-03-16,6.562,6.6145,6.525,6.5895,82650000
2010-03-17,6.6205,6.6345,6.561,6.567,87176000
2010-03-18,6.551,6.6425,6.522,6.638,100426000
2010-03-19,6.6855,6.6855,6.483,6.5175,178100000
2010-03-22,6.51,6.548,6.432,6.5235,107668000
2010-03-23,6.5445,6.547,6.4035,6.463,84262000
2010-03-24,6.432,6.47,6.36,6.402,93928000
2010-03-25,6.457,6.8455,6.402,6.7365,324192000
2010-03-26,6.745,6.8495,6.688,6.753,131314000
2010-03-29,6.7685,6.8315,6.7165,6.756,92538000
2010-03-30,6.787,6.9095,6.768,6.829,123854000
2010-03-31,6.8,6.84,6.724,6.7885,92012000
2010-04-01,6.79,6.8255,6.559,6.5905,175716000
2010-04-05,6.6425,6.687,6.539,6.5745,116330000
2010-04-06,6.5615,6.8,6.559,6.778,159006000
2010-04-07,6.798,6.804,6.693,6.7435,118908000
2010-04-08,6.7355,7.0625,6.7355,7.048,253782000
2010-04-09,7.036,7.0665,6.9535,7.0029998,120222000
2010-04-12,7.0,7.1455,6.984,7.06,108906000
2010-04-13,7.0615,7.099,6.956,7.0079999,95710000
2010-04-14,7.017,7.225,6.96,7.214,158006000
2010-04-15,7.2275,7.3545,7.2,7.291,156592000
2010-04-16,7.244,7.3585,7.0725,7.1085,167936000
2010-04-19,7.1175,7.1835,6.9565,7.1215,120440000
2010-04-20,7.1915,7.232,7.105,7.21,86234000
2010-04-21,7.2585,7.45,7.176,7.3215,147488000
2010-04-22,7.3505,7.5545,7.294,7.5045,303316000
2010-04-23,7.269,7.4545,7.121,7.1815,379504000
2010-04-26,7.16,7.3865,7.145,7.3555,186366000
2010-04-27,7.2775,7.322,7.0555,7.101,172780000
2010-04-28,7.1295,7.1375,6.9345,6.9675,184706000
2010-04-29,7.0044999,7.1225,6.9895,7.0865,126284000
2010-04-30,7.07,7.07,6.8455,6.855,122270000
2010-05-03,6.86,6.972,6.8055,6.8745,113092000
2010-05-04,6.781,6.7905,6.419,6.4915,253356000
2010-05-05,6.4,6.5805,6.3775,6.5465,189162000
2010-05-06,6.5,6.6165,6.03,6.4355,203780000
2010-05-07,6.3985,6.559,6.188,6.249,238552000
2010-05-10,6.4865,6.6105,6.463,6.5645,136122000
2010-05-11,6.4975,6.654,6.4235,6.523,120882000
2010-05-12,6.5705,6.7065,6.484,6.6935,118090000
2010-05-13,6.6965,6.8495,6.55,6.5735,118804000
2010-05-14,6.518,6.55,6.338,6.4265,105556000
2010-05-17,6.412,6.4975,6.29,6.4455,112844000
2010-05-18,6.507,6.5625,6.2755,6.314,105138000
2010-05-19,6.2755,6.3965,6.19,6.2295,129266000
2010-05-20,6.132,6.25,5.939,5.9855,171888000
2010-05-21,5.895,6.2485,5.876,6.136,159338000
2010-05-24,6.1285,6.225,6.0325,6.106,90718000
2010-05-25,5.927,6.2595,5.925,6.243,138268000
2010-05-26,6.2525,6.2895,6.115,6.1605,139292000
2010-05-27,6.249,6.3425,6.03,6.335,94954000
2010-05-28,6.3035,6.38,6.2005,6.273,79096000
2010-06-01,6.2485,6.3285,6.151,6.162,73190000
2010-06-02,6.201,6.3215,6.0825,6.3155,95294000
2010-06-03,6.3125,6.4575,6.2425,6.438,105538000
2010-06-04,6.3165,6.41,6.109,6.1385,109954000
2010-06-07,6.292,6.3305,6.0835,6.1005,131328000
2010-06-08,6.1,6.1,5.79,5.942,229688000
2010-06-09,6.0155,6.0735,5.868,5.8955,147384000
2010-06-10,6.0,6.175,5.96,6.1605,121236000
2010-06-11,6.0695,6.1765,6.0145,6.1515,84092000
2010-06-14,6.212,6.285,6.175,6.1915,78460000
2010-06-15,6.16,6.346,6.125,6.342,90820000
2010-06-16,6.2695,6.399,6.268,6.345,79286000
2010-06-17,6.337,6.39,6.2345,6.2945,69580000
2010-06-18,6.324,6.374,6.2535,6.2915,76720000
2010-06-21,6.3395,6.374,6.0705,6.1275,106554000
2010-06-22,6.1325,6.2615,6.0775,6.1155,124144000
2010-06-23,6.1055,6.161,6.0019999,6.0725,109102000
2010-06-24,6.0305,6.0425,5.84,5.9165,155422000
2010-06-25,5.907,6.088,5.8815,6.05,115394000
2010-06-28,5.9425,6.0019999,5.855,5.89,112244000
2010-06-29,5.813,5.824,5.3005,5.4305,257326000
2010-06-30,5.429,5.634,5.4055,5.463,194814000
2010-07-01,5.445,5.5845,5.335,5.548,170596000
2010-07-02,5.546,5.5645,5.428,5.457,89542000
2010-07-06,5.5325,5.6265,5.45,5.503,104386000
2010-07-07,5.492,5.6815,5.4905,5.6715,98820000
2010-07-08,5.751,5.874,5.7035,5.811,135500000
2010-07-09,5.8275,5.87,5.7325,5.863,81302000
2010-07-12,5.8905,5.985,5.866,5.9755,95672000
2010-07-13,6.0345,6.244,6.015,6.1825,141822000
2010-07-14,6.1515,6.1875,6.0735,6.165,105140000
2010-07-15,6.0064998,6.124,5.963,6.103,120954000
2010-07-16,6.064,6.096,5.9005,5.9245,124558000
2010-07-19,5.919,6.037,5.85,5.997,100618000
2010-07-20,6.0305,6.0355,5.8755,6.0050001,135700000
2010-07-21,6.031,6.0625,5.863,5.8715,100234000
2010-07-22,5.9355,6.0435,5.901,6.0035,300068000
2010-07-23,5.2965,5.964,5.29,5.9435,848422000
2010-07-26,5.913,5.93,5.744,5.92,222756000
2010-07-27,5.9215,5.925,5.7535,5.8565,155922000
2010-07-28,5.85,5.91,5.82,5.8565,109446000
2010-07-29,5.8995,5.9435,5.776,5.843,123516000
2010-07-30,5.7765,5.937,5.7255,5.8945,141550000
2010-08-02,5.9575,6.019,5.8785,6.0035,108874000
2010-08-03,6.0,6.1435,5.984,6.121,119076000
2010-08-04,6.153,6.4235,6.15,6.379,185416000
2010-08-05,6.3385,6.4,6.291,6.3915,85646000
2010-08-06,6.336,6.42,6.295,6.416,101304000
2010-08-09,6.423,6.4965,6.3925,6.4415,101716000
2010-08-10,6.3975,6.5,6.369,6.5,114138000
2010-08-11,6.405,6.406,6.26,6.2945,110834000
2010-08-12,6.188,6.35,6.1775,6.328,87358000
2010-08-13,6.303,6.374,6.213,6.2345,79532000
2010-08-16,6.1805,6.3685,6.152,6.3035,80494000
2010-08-17,6.367,6.499,6.3395,6.443,100894000
2010-08-18,6.4625,6.5405,6.413,6.4825,158030000
2010-08-19,6.461,6.501,6.341,6.3785,111650000
2010-08-20,6.36,6.402,6.301,6.388,83402000
2010-08-23,6.393,6.461,6.325,6.33,77226000
2010-08-24,6.2705,6.272,6.159,6.2265,107394000
2010-08-25,6.1925,6.3685,6.1915,6.3425,106890000
2010-08-26,6.3575,6.3795,6.241,6.243,93890000
2010-08-27,6.273,6.332,6.1125,6.332,101600000
2010-08-30,6.3015,6.3475,6.1845,6.1895,68520000
2010-08-31,6.1425,6.295,6.125,6.2415,84512000
2010-09-01,6.318,6.63,6.3085,6.6245,142766000
2010-09-02,6.6085,6.7605,6.6025,6.7605,108148000
2010-09-03,6.8445,6.975,6.8315,6.9395,131624000
2010-09-07,6.878,6.93,6.8445,6.861,77660000
2010-09-08,6.8965,6.985,6.8225,6.957,116570000
2010-09-09,7.0195,7.0685,6.963,7.019,99160000
2010-09-10,7.0375,7.13,7.0019999,7.122,100872000
2010-09-13,7.2035,7.287,7.188,7.2535,101548000
2010-09-14,7.225,7.335,7.1915,7.2875,86388000
2010-09-15,7.244,7.281,7.178,7.2725,98072000
2010-09-16,7.27,7.4115,7.258,7.4065,116540000
2010-09-17,7.445,7.449,7.325,7.416,145192000
2010-09-20,7.435,7.5975,7.3675,7.565,128988000
2010-09-21,7.538,7.6655,7.48,7.5365,150840000
2010-09-22,7.492,7.635,7.455,7.5915,132248000
2010-09-23,7.56,7.796,7.5485,7.6425,141312000
2010-09-24,7.7715,8.0445,7.771,8.0365,211812000
2010-09-27,8.011,8.06,7.894,7.9685,128926000
2010-09-28,7.992,8.044,7.7445,7.985,169884000
2010-09-29,7.9515,8.089,7.8875,7.9495,145750000
2010-09-30,8.00049973,8.0465,7.78,7.853,152120000
2010-10-01,7.854,7.872,7.61,7.6855,173668000
2010-10-04,7.6975,7.798,7.6395,7.7695,106930000
2010-10-05,7.854,8.0605,7.8505,8.0435,112400000
2010-10-06,8.03,8.034,7.73,7.77,121216000
2010-10-07,7.8255,7.87,7.6695,7.8135,92440000
2010-10-08,7.759,7.814,7.639,7.7775,138368000
2010-10-11,7.7445,7.8315,7.617,7.6515,89728000
2010-10-12,7.6255,7.8475,7.57,7.824,105616000
2010-10-13,7.8345,7.8395,7.6925,7.7585,112656000
2010-10-14,7.758,7.8475,7.7115,7.7765,80482000
2010-10-15,7.921,8.244,7.8375,8.232,202710000
2010-10-18,8.25,8.2595,8.091,8.178,126626000
2010-10-19,8.034,8.14,7.85,7.9335,150500000
2010-10-20,7.939,7.9935,7.8285,7.9335,115808000
2010-10-21,8.1335,8.3065,8.0645,8.2485,269650000
2010-10-22,8.1225,8.5085,8.1135,8.4565,326368000
2010-10-25,8.5785,8.5995,8.416,8.45,130618000
2010-10-26,8.3785,8.55,8.375,8.4975,93792000
2010-10-27,8.4455,8.4875,8.327,8.3755,114436000
2010-10-28,8.4155,8.4245,8.2525,8.342,93688000
2010-10-29,8.29,8.425,8.2405,8.2615,99970000
2010-11-01,8.2225,8.229,8.076,8.129,104798000
2010-11-02,8.1875,8.297,8.168,8.2305,85200000
2010-11-03,8.27,8.4305,8.1145,8.4235,122242000
2010-11-04,8.493,8.6265,8.42,8.4465,147918000
2010-11-05,8.4675,8.5825,8.4295,8.5385,104244000
2010-11-08,8.542,8.66,8.439,8.5995,114120000
2010-11-09,8.6335,8.657,8.453,8.5135,79572000
2010-11-10,8.5295,8.6685,8.4705,8.6665,108806000
2010-11-11,8.55,8.6025,8.471,8.5185,113834000
2010-11-12,8.506,8.563,8.2525,8.284,143212000
2010-11-15,8.258,8.2675,7.928,7.945,192972000
2010-11-16,7.937,8.0455,7.8385,7.889,131428000
2010-11-17,7.892,8.0425,7.8775,7.9175,90498000
2010-11-18,8.037,8.25,8.037,8.2085,124506000
2010-11-19,8.1975,8.2495,8.142,8.241,89296000
2010-11-22,8.255,8.53,8.25,8.5195,122850000
2010-11-23,8.4305,8.4405,8.231,8.41,129306000
2010-11-24,8.5765,8.8945,8.5765,8.8625,200850000
2010-11-26,8.868,8.919,8.808,8.86,85432000
2010-11-29,8.9995,9.092,8.8785,8.9745,193900000
2010-11-30,8.8475,8.885,8.745,8.77,135244000
2010-12-01,8.958,8.966,8.8,8.8275,115402000
2010-12-02,8.843,8.8725,8.696,8.8265,110752000
2010-12-03,8.775,8.82,8.7025,8.784,98150000
2010-12-06,8.776,8.9215,8.73,8.9025,113084000
2010-12-07,9.025,9.0735,8.8285,8.8385,101542000
2010-12-08,8.8745,8.908,8.76,8.8145,74538000
2010-12-09,8.8885,8.9055,8.69,8.7425,91110000
2010-12-10,8.744,8.7975,8.668,8.781,71310000
2010-12-13,8.8165,8.897,8.6865,8.7125,84050000
2010-12-14,8.714,8.788,8.6545,8.697,73706000
2010-12-15,8.686,8.95,8.6795,8.7785,116210000
2010-12-16,8.779,8.915,8.752,8.902,82430000
2010-12-17,8.9205,8.9375,8.851,8.879,90146000
2010-12-20,8.9635,9.199,8.902,9.1645,174706000
2010-12-21,9.194,9.2825,9.13,9.2375,102220000
2010-12-22,9.25,9.2725,9.2055,9.238,51562000
2010-12-23,9.217,9.249,9.0945,9.1295,67164000
2010-12-27,9.095,9.157,9.0225,9.107,44988000
2010-12-28,9.105,9.1385,9.0525,9.0545,39500000
2010-12-29,9.09,9.2175,9.0205,9.1685,62402000
2010-12-30,9.196,9.2275,9.1375,9.1375,39224000
2010-12-31,9.098,9.115,8.9755,9.0,69038000
2011-01-03,9.0685,9.3,9.0605,9.211,106628000
2011-01-04,9.3075,9.385,9.189,9.2505,100636000
2011-01-05,9.205,9.3725,9.2035,9.371,68376000
2011-01-06,9.325,9.3705,9.2625,9.293,63594000
2011-01-07,9.394,9.4225,9.187,9.2745,104434000
2011-01-10,9.252,9.2645,9.1255,9.234,67518000
2011-01-11,9.271,9.3,9.1605,9.217,56284000
2011-01-12,9.268,9.269,9.165,9.204,53582000
2011-01-13,9.18,9.3225,9.1755,9.2765,67340000
2011-01-14,9.275,9.447,9.246,9.4375,73256000
2011-01-18,9.433,9.58,9.4125,9.5625,77924000
2011-01-19,9.545,9.55,9.3105,9.3435,77648000
2011-01-20,9.2645,9.3425,9.05,9.098,114198000
2011-01-21,9.15,9.1625,8.842,8.871,136124000
2011-01-24,8.8975,8.9245,8.7075,8.8425,112006000
2011-01-25,8.775,8.8375,8.714,8.835,93020000
2011-01-26,8.8755,8.8945,8.7315,8.7695,75244000
2011-01-27,8.874,9.25,8.8655,9.2225,291888000
2011-01-28,8.5725,8.6855,8.345,8.557,398164000
2011-01-31,8.508,8.572,8.3705,8.482,134362000
2011-02-01,8.526,8.655,8.4755,8.6055,101718000
2011-02-02,8.571,8.76,8.5435,8.6765,90950000
2011-02-03,8.675,8.7335,8.5975,8.6855,73578000
2011-02-04,8.7,8.8595,8.6875,8.7965,86956000
2011-02-07,8.8075,8.8775,8.7385,8.8215,105094000
2011-02-08,8.833,9.1555,8.8295,9.153,155898000
2011-02-09,9.1575,9.3235,9.113,9.265,166254000
2011-02-10,9.2195,9.362,9.18,9.3105,106628000
2011-02-11,9.278,9.475,9.2685,9.4625,89758000
2011-02-14,9.4625,9.57,9.4175,9.521,81226000
2011-02-15,9.4365,9.5245,9.4125,9.4515,77818000
2011-02-16,9.4885,9.5,9.3175,9.331,92564000
2011-02-17,9.2885,9.4545,9.2655,9.388,68510000
2011-02-18,9.377,9.425,9.2565,9.325,83572000
2011-02-22,9.184,9.236,8.966,9.021,112742000
2011-02-23,9.0125,9.0575,8.7195,8.834,109640000
2011-02-24,8.843,8.9875,8.728,8.8875,93130000
2011-02-25,8.9475,9.0375,8.855,8.862,83828000
2011-02-28,8.6955,8.7945,8.6075,8.6645,135664000
2011-03-01,8.6765,8.698,8.4335,8.472,116942000
2011-03-02,8.4545,8.665,8.4175,8.601,103714000
2011-03-03,8.6855,8.723,8.6025,8.6395,82764000
2011-03-04,8.631,8.6375,8.4755,8.5835,98486000
2011-03-07,8.596,8.6045,8.312,8.454,118658000
2011-03-08,8.4695,8.4855,8.336,8.3445,84380000
2011-03-09,8.3335,8.4875,8.195,8.4525,142178000
2011-03-10,8.3535,8.4235,8.241,8.307,119968000
2011-03-11,8.275,8.46,8.206,8.4035,92198000
2011-03-14,8.33,8.404,8.2285,8.3365,80440000
2011-03-15,8.0695,8.344,8.038,8.254,98690000
2011-03-16,8.235,8.407,8.1435,8.235,104162000
2011-03-17,8.2955,8.315,8.039,8.0485,129428000
2011-03-18,8.0595,8.177,8.0295,8.091,148854000
2011-03-21,8.1685,8.2895,8.086,8.226,81102000
2011-03-22,8.2035,8.222,8.1125,8.13,72228000
2011-03-23,8.115,8.313,8.041,8.266,94426000
2011-03-24,8.4105,8.6,8.368,8.555,125664000
2011-03-25,8.582,8.6745,8.515,8.549,85876000
2011-03-28,8.59,8.625,8.4625,8.4675,68016000
2011-03-29,8.5365,8.742,8.5035,8.731,97692000
2011-03-30,8.889,9.058,8.883,8.971,137186000
2011-03-31,8.9655,9.0785,8.925,9.0065002,96530000
2011-04-01,9.079,9.1625,8.9295,9.0065002,113682000
2011-04-04,9.0445,9.1805,9.0345,9.147,83728000
2011-04-05,9.105,9.318,9.09,9.2645,111384000
2011-04-06,9.3075,9.4135,9.056,9.138,108614000
2011-04-07,9.139,9.2585,9.088,9.2455,91280000
2011-04-08,9.263,9.311,9.139,9.2355,74528000
2011-04-11,9.243,9.3245,9.0925,9.202,65942000
2011-04-12,9.153,9.2295,8.971,9.024,106690000
2011-04-13,9.0415,9.144,8.99,9.1145,84326000
2011-04-14,9.0695,9.104,8.968,9.091,71764000
2011-04-15,9.05,9.089,8.951,9.00049973,85448000
2011-04-18,8.919,8.9455,8.7685,8.917,92330000
2011-04-19,8.9175,8.9735,8.83,8.941,52920000
2011-04-20,9.081,9.25,9.0795,9.1935,81350000
2011-04-21,9.228,9.2985,9.1525,9.2945,66962000
2011-04-25,9.2825,9.3175,9.1885,9.271,68762000
2011-04-26,9.3135,9.321,9.037,9.115,224000000
2011-04-27,9.16,9.89,9.1375,9.8315,472460000
2011-04-28,9.798,9.8395,9.6135,9.7535,146000000
2011-04-29,9.719,9.8295,9.689,9.7905,132818000
2011-05-02,9.8285,10.171,9.809,10.0595,187962000
2011-05-03,10.05,10.1295,9.8345,9.9225,122000000
2011-05-04,9.9125,10.093,9.7685,9.9985,131000000
2011-05-05,9.933,10.05,9.806,9.8555,92000000
2011-05-06,9.955,9.978,9.828,9.88,80278000
2011-05-09,9.917,10.118,9.839,10.04,116508000
2011-05-10,10.097,10.2645,10.078,10.197,117718000
2011-05-11,10.156,10.275,10.1125,10.219,96180000
2011-05-12,10.211,10.3095,10.031,10.3035,96000000
2011-05-13,10.285,10.3195,10.118,10.128,82474000
2011-05-16,10.027,10.045,9.5685,9.6255,187728000
2011-05-17,9.591,9.799,9.588,9.7405,141466000
2011-05-18,9.7065,9.914,9.6625,9.8545,99116000
2011-05-19,9.9165,9.9975,9.8775,9.94,74024000
2011-05-20,9.8975,9.99,9.862,9.9325,67620000
2011-05-23,9.778,9.8645,9.601,9.811,84000000
2011-05-24,9.85,9.85,9.65,9.6635,59454000
2011-05-25,9.6785,9.7175,9.557,9.613,93226000
2011-05-26,9.562,9.8225,9.544,9.75,81504000
2011-05-27,9.738,9.806,9.675,9.7065,47052000
2011-05-31,9.797,9.922,9.7515,9.8345,68180000
2011-06-01,9.803,9.863,9.6025,9.62,68904000
2011-06-02,9.614,9.722,9.528,9.6825,60898000
2011-06-03,9.5615,9.6605,9.381,9.416,99490000
2011-06-06,9.4005,9.4925,9.259,9.2845,74320000
2011-06-07,9.286,9.5315,9.276,9.3775,97330000
2011-06-08,9.3725,9.4905,9.316,9.4025,74332000
2011-06-09,9.487,9.588,9.2855,9.484,83746000
2011-06-10,9.4625,9.5385,9.314,9.3265,75208000
2011-06-13,9.3405,9.4655,9.243,9.3145,77378000
2011-06-14,9.4495,9.536,9.3535,9.498,79206000
2011-06-15,9.402,9.6225,9.265,9.299,126354000
2011-06-16,9.287,9.35,9.0795,9.1825,120642000
2011-06-17,9.3255,9.3695,9.232,9.3185,126444000
2011-06-20,9.298,9.4425,9.2785,9.386,56634000
2011-06-21,9.415,9.75,9.356,9.7115,83652000
2011-06-22,9.698,9.76,9.566,9.5815,62594000
2011-06-23,9.475,9.723,9.415,9.708,92192000
2011-06-24,9.694,9.746,9.5675,9.6275,72290000
2011-06-27,9.725,10.129,9.7015,10.0625,122014000
2011-06-28,10.096,10.144,10.03,10.1175,76506000
2011-06-29,10.1335,10.3125,10.0515,10.209,92178000
2011-06-30,10.039,10.26,10.025,10.2245,88962000
2011-07-01,10.2775,10.5135,10.1805,10.4745,80174000
2011-07-05,10.438,10.7225,10.4365,10.6595,71704000
2011-07-06,10.606,10.72,10.5505,10.7095,52152000
2011-07-07,10.7545,10.89,10.7545,10.837,62898000
2011-07-08,10.715,10.916,10.6625,10.914,74158000
2011-07-11,10.837,10.875,10.55,10.6275,80674000
2011-07-12,10.732,10.7825,10.556,10.5615,79714000
2011-07-13,10.735,10.8415,10.607,10.675,84598000
2011-07-14,10.679,10.7955,10.469,10.519,78050000
2011-07-15,10.654,10.7265,10.4645,10.6435,81452000
2011-07-18,10.6265,10.6695,10.4145,10.5765,57962000
2011-07-19,10.6885,10.92,10.6885,10.903,88744000
2011-07-20,11.0024996,11.01,10.7205,10.7775,67458000
2011-07-21,10.837,10.8545,10.5535,10.6605,90906000
2011-07-22,10.693,10.8975,10.5555,10.826,71834000
2011-07-25,10.7745,10.804,10.65,10.6745,66856000
2011-07-26,10.7495,10.78,10.5175,10.709,197272000
2011-07-27,11.2195,11.36,10.981,11.126,259112000
2011-07-28,11.1635,11.2975,11.0115,11.195,107098000
2011-07-29,11.0645,11.2875,10.9755,11.126,103354000
2011-08-01,11.25,11.3725,10.883,11.066,115786000
2011-08-02,11.016,11.1215,10.565,10.585,131734000
2011-08-03,10.6485,10.7415,10.277,10.498,163942000
2011-08-04,10.3365,10.4,10.0725,10.074,131590000
2011-08-05,10.2335,10.366,9.742,10.135,200480000
2011-08-08,9.82,10.0195,9.5025,9.685,208550000
2011-08-09,9.835,10.2545,9.523,10.2545,209824000
2011-08-10,10.038,10.12,9.68,9.7065,175152000
2011-08-11,9.8505,10.0425,9.568,9.918,148038000
2011-08-12,10.014,10.228,9.8605,10.115,112408000
2011-08-15,10.103,10.264,9.916,10.1475,95718000
2011-08-16,10.057,10.0695,9.7375,9.884,104118000
2011-08-17,9.9265,9.98,9.687,9.7965,79822000
2011-08-18,9.5605,9.567,8.986,9.126,165504000
2011-08-19,9.0145,9.5,8.8775,8.9465,144884000
2011-08-22,9.1415,9.21,8.855,8.877,106274000
2011-08-23,8.946,9.742,8.926,9.6775,147032000
2011-08-24,9.6945,9.8155,9.5085,9.6865,124974000
2011-08-25,9.7205,9.8495,9.5535,9.6015,75216000
2011-08-26,9.562,9.986,9.48,9.9635,106214000
2011-08-29,10.141,10.3335,10.1275,10.3265,90220000
2011-08-30,10.289,10.6245,10.216,10.546,118314000
2011-08-31,10.6135,10.8085,10.5675,10.7615,148100000
2011-09-01,10.764,10.882,10.581,10.627,105506000
2011-09-02,10.447,10.5345,10.35,10.5,84640000
2011-09-06,10.2385,10.83,10.2235,10.809,124324000
2011-09-07,10.94,11.0094995,10.711,10.995,105916000
2011-09-08,10.915,11.032,10.817,10.863,87958000
2011-09-09,10.7525,10.848,10.4875,10.5695,91486000
2011-09-12,10.4375,10.833,10.4325,10.828,106842000
2011-09-13,10.8895,10.9975,10.7505,10.9765,96718000
2011-09-14,11.011,11.2495,10.836,11.1285,117634000
2011-09-15,11.1995,11.36,11.0625,11.339,112176000
2011-09-16,11.3785,12.022,11.337,11.965,235060000
2011-09-19,11.8555,12.2,11.644,12.0845,164466000
2011-09-20,12.04,12.0525,11.5515,11.6625,147710000
2011-09-21,11.7255,12.026,11.5905,11.5935,117630000
2011-09-22,11.236,11.4395,10.95,11.1615,165092000
2011-09-23,11.0255,11.2245,10.953,11.1805,129362000
2011-09-26,11.374,11.512,11.07,11.4925,115882000
2011-09-27,11.711,11.7375,11.12,11.2105,156750000
2011-09-28,11.3175,11.7905,11.28,11.4855,288738000
2011-09-29,11.7085,11.715,10.8145,11.122,187570000
2011-09-30,10.9095,11.15,10.7605,10.8115,131006000
2011-10-03,10.8505,11.08,10.5695,10.599,132488000
2011-10-04,10.481,10.75,10.0215,10.625,174232000
2011-10-05,10.6265,11.0085001,10.424,10.975,130164000
2011-10-06,11.014,11.181,10.8775,11.0755,136986000
2011-10-07,11.124,11.395,10.9205,11.237,135686000
2011-10-10,11.3115,11.64,11.205,11.566,102862000
2011-10-11,11.53,11.8375,11.45,11.774,100074000
2011-10-12,11.832,12.092,11.7165,11.8405,130216000
2011-10-13,11.85,11.984,11.7615,11.8075,96670000
2011-10-14,12.0435,12.3355,12.0089998,12.3355,118474000
2011-10-17,12.2145,12.3355,12.0335,12.1165,95580000
2011-10-18,12.1155,12.2305,11.831,12.194,92194000
2011-10-19,12.0335,12.1665,11.4625,11.5765,134302000
2011-10-20,11.6065,11.737,11.49,11.6805,90498000
2011-10-21,11.8455,11.85,11.53,11.739,91450000
2011-10-24,11.801,12.0235,11.7,11.8805,99516000
2011-10-25,11.9295,11.9505,11.2945,11.3575,280252000
2011-10-26,10.1845,10.379,9.8255,9.92,482684000
2011-10-27,10.213,10.43,10.055,10.339,215486000
2011-10-28,10.3265,10.92,10.2875,10.866,197608000
2011-10-31,10.7895,10.9445,10.652,10.6755,146866000
2011-11-01,10.4055,10.8105,10.3715,10.605,170236000
2011-11-02,10.7775,10.8395,10.636,10.781,122440000
2011-11-03,10.815,10.925,10.651,10.9145,106300000
2011-11-04,10.8825,10.9115,10.7165,10.824,81316000
2011-11-07,10.842,11.01,10.7,10.85,77200000
2011-11-08,10.96,10.9675,10.7605,10.8995,78290000
2011-11-09,10.7475,10.785,10.53,10.561,93612000
2011-11-10,10.675,10.703,10.405,10.5395,100892000
2011-11-11,10.626,10.894,10.5155,10.8695,103262000
2011-11-14,10.7825,11.1175,10.7125,10.9465,130444000
2011-11-15,10.9,11.0165,10.713,10.8915,114780000
2011-11-16,10.8135,10.8485,10.5615,10.5995,110188000
2011-11-17,10.6255,10.645,10.105,10.226,159662000
2011-11-18,10.2665,10.267,9.8555,9.857,168750000
2011-11-21,9.6645,9.668,9.2525,9.4625,226424000
2011-11-22,9.3475,9.702,9.179,9.617,198312000
2011-11-23,9.653,9.73,9.3945,9.4495,160226000
2011-11-25,9.5205,9.5415,9.0755,9.12,99440000
2011-11-28,9.5825,9.731,9.527,9.7075,144146000
2011-11-29,9.739,9.775,9.365,9.4195,131502000
2011-11-30,9.738,9.765,9.4375,9.6145,154340000
2011-12-01,9.5925,9.9035,9.5795,9.8565,146554000
2011-12-02,9.8535,9.983,9.759,9.8015,150524000
2011-12-05,9.943,9.95,9.6835,9.812,118442000
2011-12-06,9.799,9.916,9.5055,9.5995,104040000
2011-12-07,9.5515,9.8355,9.456,9.766,128546000
2011-12-08,9.6785,9.7945,9.504,9.524,87222000
2011-12-09,9.5605,9.6975,9.42,9.6515,103176000
2011-12-12,9.5015,9.5575,9.3815,9.476,86864000
2011-12-13,9.428,9.484,8.925,9.0255,185946000
2011-12-14,8.95,9.0375,8.5125,9.0105,232284000
2011-12-15,9.1025,9.24,8.9765,9.063,145198000
2011-12-16,9.121,9.2205,9.0155,9.063,133282000
2011-12-19,9.1,9.1585,8.95,8.9665,90672000
2011-12-20,9.1345,9.1585,9.027,9.126,92002000
2011-12-21,9.096,9.175,8.6245,8.7175,161334000
2011-12-22,8.7545,8.9835,8.7105,8.9515,93898000
2011-12-23,8.961,8.984,8.78,8.864,69930000
2011-12-27,8.8865,8.9295,8.808,8.8135,59018000
2011-12-28,8.8195,8.8325,8.614,8.6945,73190000
2011-12-29,8.481,8.7275,8.3485,8.693,164186000
2011-12-30,8.668,8.7585,8.6245,8.655,85596000
2012-01-03,8.7945,8.974,8.7775,8.9515,102216000
2012-01-04,8.9605,9.025,8.8035,8.8755,84104000
2012-01-05,8.797,8.9125,8.7025,8.8805,76182000
2012-01-06,8.9035,9.2325,8.875,9.1305,140168000
2012-01-09,9.138,9.2185,8.85,8.928,101138000
2012-01-10,9.055,9.12,8.855,8.967,79716000
2012-01-11,8.982,9.0385,8.9095,8.945,62054000
2012-01-12,8.971,8.9745,8.7875,8.7965,107716000
2012-01-13,8.7905,8.94,8.675,8.921,95070000
2012-01-17,9.0074997,9.165,8.9255,9.083,112890000
2012-01-18,9.097,9.5125,9.056,9.472,149470000
2012-01-19,9.544,9.797,9.518,9.7225,141920000
2012-01-20,9.5355,9.645,9.452,9.5465,112206000
2012-01-23,9.5395,9.5865,9.2615,9.3045,91706000
2012-01-24,9.25,9.4205,9.191,9.35,93476000
2012-01-25,9.3495,9.4085,9.2305,9.39,86128000
2012-01-26,9.465,9.7425,9.4365,9.666,117472000
2012-01-27,9.6545,9.825,9.6165,9.7685,93180000
2012-01-30,9.684,9.75,9.5065,9.6075,108482000
2012-01-31,9.7,9.7815,9.485,9.722,255444000
2012-02-01,8.6905,8.9975,8.6,8.973,426732000
2012-02-02,8.9825,9.097,8.84,9.086,174726000
2012-02-03,9.1415,9.395,9.0945,9.384,162410000
2012-02-06,9.314,9.328,9.146,9.157,106200000
2012-02-07,9.1325,9.247,9.103,9.2095,102078000
2012-02-08,9.2475,9.3245,9.1455,9.274,109532000
2012-02-09,9.225,9.2845,9.088,9.249,143784000
2012-02-10,9.171,9.3815,9.126,9.277,115942000
2012-02-13,9.3585,9.625,9.284,9.5795,121428000
2012-02-14,9.554,9.6785,9.305,9.565,190542000
2012-02-15,9.5645,9.577,9.163,9.2235,155888000
2012-02-16,8.8895,9.084,8.757,8.9965,251276000
2012-02-17,9.0045004,9.1705,8.968,9.125,148362000
2012-02-21,9.1325,9.2375,9.029,9.113,135130000
2012-02-22,9.0975,9.1495,9.0145,9.029,115708000
2012-02-23,8.982,9.0375,8.848,8.9445,103076000
2012-02-24,8.985,9.037,8.9185,8.9565,73374000
2012-02-27,8.877,8.9595,8.825,8.9265,74124000
2012-02-28,8.945,9.2145,8.8975,9.19,115290000
2012-02-29,9.1945,9.2,8.9505,8.9845,106006000
2012-03-01,8.9945,9.0245,8.829,9.0019999,98720000
2012-03-02,8.974,9.092,8.946,8.965,73156000
2012-03-05,8.95,9.091,8.909,9.013,93654000
2012-03-06,8.934,9.175,8.902,9.0545,112244000
2012-03-07,9.1325,9.275,9.12,9.1885,99030000
2012-03-08,9.2085,9.419,9.19,9.382,84430000
2012-03-09,9.3395,9.36,9.172,9.216,90212000
2012-03-12,9.2065,9.27,9.11,9.1695,51752000
2012-03-13,9.196,9.2435,9.0385,9.2295,88116000
2012-03-14,9.1825,9.216,9.057,9.113,73994000
2012-03-15,9.101,9.2215,9.015,9.2215,83202000
2012-03-16,9.164,9.284,9.1175,9.2525,98680000
2012-03-19,9.1725,9.334,9.15,9.276,78068000
2012-03-20,9.244,9.7205,9.144,9.6165,183308000
2012-03-21,9.625,9.714,9.563,9.5865,84288000
2012-03-22,9.527,9.703,9.513,9.62,74792000
2012-03-23,9.6005,9.81,9.59,9.752,119680000
2012-03-26,9.824,10.1485,9.775,10.1435,152274000
2012-03-27,10.1795,10.4925,10.144,10.272,192016000
2012-03-28,10.307,10.35,10.0155,10.058,124900000
2012-03-29,10.064,10.2655,10.0315,10.2305,114224000
2012-03-30,10.251,10.3425,10.0935,10.1255,88762000
2012-04-02,9.901,9.995,9.85,9.9025,128606000
2012-04-03,9.912,10.1195,9.875,9.983,100014000
2012-04-04,9.8475,9.884,9.618,9.6995,109138000
2012-04-05,9.6775,9.8015,9.6775,9.7195,64350000
2012-04-09,9.601,9.71,9.525,9.5935,62718000
2012-04-10,9.6375,9.676,9.3285,9.349,89100000
2012-04-11,9.4815,9.5985,9.3395,9.3985,86756000
2012-04-12,9.403,9.613,9.2805,9.5345,80558000
2012-04-13,9.495,9.497,9.313,9.423,68636000
2012-04-16,9.4505,9.4735,9.1825,9.275,80886000
2012-04-17,9.3605,9.502,9.3435,9.4195,56584000
2012-04-18,9.441,9.6725,9.437,9.5535,80038000
2012-04-19,9.6465,9.7275,9.4875,9.555,80048000
2012-04-20,9.617,9.674,9.49,9.499,64872000
2012-04-23,9.4495,9.4495,9.2755,9.412,69620000
2012-04-24,9.434,9.535,9.3255,9.5165,67526000
2012-04-25,9.5835,9.74,9.58,9.721,79102000
2012-04-26,9.6785,9.818,9.651,9.7995,204680000
2012-04-27,11.2415,11.4345,11.011,11.3425,442338000
2012-04-30,11.1975,11.692,11.1525,11.595,195138000
2012-05-01,11.47,11.6485,11.42,11.502,135098000
2012-05-02,11.391,11.572,11.37,11.5125,91868000
2012-05-03,11.487,11.6265,11.4015,11.4725,81110000
2012-05-04,11.39,11.486,11.187,11.1995,91704000
2012-05-07,11.118,11.3435,11.1145,11.258,66286000
2012-05-08,11.1575,11.2695,10.91,11.195,90448000
2012-05-09,11.0295,11.289,11.0080004,11.149,74240000
2012-05-10,11.1955,11.454,11.0975,11.3345,92968000
2012-05-11,11.2975,11.534,11.2865,11.384,83872000
2012-05-14,11.28,11.3645,11.1255,11.1465,61932000
2012-05-15,11.325,11.5305,11.15,11.2195,114274000
2012-05-16,11.25,11.4,11.125,11.203,105236000
2012-05-17,11.2525,11.3,10.9045,10.918,90110000
2012-05-18,10.9705,10.9815,10.6405,10.6925,104634000
2012-05-21,10.7015,10.999,10.641,10.9055,71596000
2012-05-22,10.9155,10.9435,10.698,10.7665,74662000
2012-05-23,10.7355,10.8775,10.559,10.864,84876000
2012-05-24,10.849,10.883,10.635,10.762,62822000
2012-05-25,10.7495,10.799,10.611,10.6445,43428000
2012-05-29,10.715,10.8275,10.6145,10.7375,53878000
2012-05-30,10.607,10.649,10.3875,10.4615,81564000
2012-05-31,10.474,10.6895,10.3555,10.6455,98880000
2012-06-01,10.422,10.5615,10.365,10.411,79030000
2012-06-04,10.37,10.7675,10.3185,10.7285,85992000
2012-06-05,10.6925,10.843,10.558,10.6605,70878000
2012-06-06,10.7315,10.92,10.726,10.882,54202000
2012-06-07,10.9825,11.0745,10.9055,10.94,70078000
2012-06-08,10.9305,10.971,10.833,10.924,57540000
2012-06-11,10.8745,11.0435,10.76,10.825,74982000
2012-06-12,10.8825,10.9,10.726,10.821,56666000
2012-06-13,10.776,10.869,10.676,10.7365,46504000
2012-06-14,10.763,10.825,10.628,10.7225,61218000
2012-06-15,10.7645,10.9665,10.723,10.9175,75704000
2012-06-18,10.864,11.188,10.8365,11.133,67392000
2012-06-19,11.163,11.26,11.083,11.2015,54332000
2012-06-20,11.2255,11.237,11.042,11.151,48888000
2012-06-21,11.192,11.3015,11.026,11.0285,56860000
2012-06-22,11.0915,11.1255,10.9675,11.108,43750000
2012-06-25,11.015,11.0795,10.9,11.0035,47646000
2012-06-26,11.0725,11.3195,11.0725,11.2805,75082000
2012-06-27,11.2505,11.375,11.165,11.281,55984000
2012-06-28,11.196,11.231,10.9375,11.0655,59896000
2012-06-29,11.235,11.4175,11.1855,11.4175,72288000
2012-07-02,11.465,11.467,11.317,11.466,46614000
2012-07-03,11.457,11.4765,11.3795,11.4765,26634000
2012-07-05,11.431,11.525,11.3265,11.353,53646000
2012-07-06,11.3175,11.445,11.209,11.2525,64064000
2012-07-09,11.25,11.3,11.1725,11.2525,38440000
2012-07-10,11.3125,11.357,10.914,10.975,59642000
2012-07-11,10.9475,11.087,10.767,10.9185,54694000
2012-07-12,10.8305,10.865,10.6305,10.768,52324000
2012-07-13,10.7815,10.9655,10.694,10.9195,44438000
2012-07-16,10.83,10.9155,10.723,10.8005,40084000
2012-07-17,10.8725,10.897,10.698,10.8465,39740000
2012-07-18,10.8075,10.9335,10.7855,10.8735,41860000
2012-07-19,11.0365,11.375,11.0345,11.3085,108988000
2012-07-20,11.268,11.4695,11.2645,11.4145,83400000
2012-07-23,11.236,11.329,11.077,11.3005,110302000
2012-07-24,11.3135,11.3305,11.0615,11.152,100174000
2012-07-25,11.1,11.125,10.7955,10.8525,72934000
2012-07-26,11.0,11.0725,10.7475,11.00049973,138748000
2012-07-27,11.2625,11.917,11.225,11.866,226278000
2012-07-30,11.85,12.037,11.7035,11.8045,74728000
2012-07-31,11.755,11.815,11.5805,11.665,69072000
2012-08-01,11.707,11.719,11.535,11.6045,50876000
2012-08-02,11.528,11.717,11.433,11.5405,60962000
2012-08-03,11.7015,11.8245,11.6515,11.7485,56506000
2012-08-06,11.778,11.787,11.6905,11.6995,36874000
2012-08-07,11.7065,11.9,11.6625,11.828,41166000
2012-08-08,11.7645,11.8225,11.6795,11.719,30686000
2012-08-09,11.6965,11.7995,11.675,11.703,30962000
2012-08-10,11.654,11.7425,11.5715,11.6375,37050000
2012-08-13,11.6115,11.7185,11.55,11.622,39946000
2012-08-14,11.7355,11.836,11.631,11.6595,55020000
2012-08-15,11.613,11.907,11.6125,11.871,65294000
2012-08-16,11.886,12.141,11.81,12.0775,86242000
2012-08-17,12.03,12.1675,12.0235,12.0585,61716000
2012-08-20,12.0685,12.0825,11.91,12.0175,37798000
2012-08-21,12.044,12.1925,11.9275,11.9725,51430000
2012-08-22,11.97,12.245,11.94,12.155,49474000
2012-08-23,12.107,12.174,11.951,12.06,49078000
2012-08-24,12.084,12.3435,12.068,12.287,73976000
2012-08-27,12.2895,12.375,12.156,12.196,58594000
2012-08-28,12.1985,12.339,12.15,12.3055,54846000
2012-08-29,12.339,12.3805,12.2295,12.356,35452000
2012-08-30,12.3495,12.5,12.2625,12.311,72950000
2012-08-31,12.4035,12.4725,12.275,12.4135,66950000
2012-09-04,12.4135,12.55,12.233,12.394,79016000
2012-09-05,12.3805,12.4305,12.265,12.311,53052000
2012-09-06,12.4115,12.635,12.36,12.569,107228000
2012-09-07,12.6925,12.971,12.676,12.957,100590000
2012-09-10,12.95,13.0,12.841,12.8545,51344000
2012-09-11,12.88,12.88,12.713,12.7835,50496000
2012-09-12,12.825,12.889,12.675,12.7815,45464000
2012-09-13,12.747,13.1,12.69,13.012,70512000
2012-09-14,13.07,13.2055,12.9885,13.0635,73324000
2012-09-17,13.0625,13.0625,12.85,12.9,46126000
2012-09-18,12.924,13.025,12.85,12.9375,44300000
2012-09-19,12.9725,13.142,12.9265,13.084,52736000
2012-09-20,13.0015001,13.0435,12.9,13.0405,58272000
2012-09-21,13.087,13.1,12.837,12.8735,121186000
2012-09-24,12.761,12.78,12.65,12.74,54158000
2012-09-25,12.8165,12.9475,12.5515,12.623,88116000
2012-09-26,12.62,12.7305,12.4115,12.4835,58410000
2012-09-27,12.527,12.87,12.526,12.8295,67948000
2012-09-28,12.807,12.85,12.66,12.716,49132000
2012-10-01,12.77,12.808,12.5245,12.6005,51624000
2012-10-02,12.64,12.6575,12.4515,12.53,43916000
2012-10-03,12.5605,12.805,12.478,12.796,54912000
2012-10-04,12.8005,13.076,12.7935,13.0235,54008000
2012-10-05,13.06,13.095,12.8745,12.9255,56130000
2012-10-08,12.8835,12.99,12.778,12.953,35246000
2012-10-09,12.9335,12.9675,12.5365,12.548,69896000
2012-10-10,12.6,12.623,12.2005,12.2495,78966000
2012-10-11,12.4,12.465,12.0945,12.211,68946000
2012-10-12,12.159,12.273,12.0955,12.118,44064000
2012-10-15,12.1425,12.239,11.9255,12.209,59196000
2012-10-16,12.2435,12.2885,12.104,12.197,44082000
2012-10-17,12.1685,12.44,12.165,12.3745,66054000
2012-10-18,12.3885,12.5455,12.135,12.2425,106106000
2012-10-19,12.258,12.341,11.947,12.0,87906000
2012-10-22,11.9405,11.9475,11.616,11.689,90000000
2012-10-23,11.5525,11.825,11.5005,11.7155,88616000
2012-10-24,11.794,11.797,11.3975,11.4245,73574000
2012-10-25,11.546,11.546,11.146,11.146,134826000
2012-10-26,11.43,11.9355,11.3345,11.912,227350000
2012-10-31,11.816,11.935,11.525,11.6445,95952000
2012-11-01,11.7115,11.7275,11.567,11.607,78102000
2012-11-02,11.7005,11.87,11.6055,11.621,67494000
2012-11-05,11.602,11.7415,11.5055,11.7165,36922000
2012-11-06,11.7705,11.8875,11.7225,11.878,53226000
2012-11-07,11.7825,11.783,11.471,11.603,72484000
2012-11-08,11.611,11.6725,11.355,11.3675,59648000
2012-11-09,11.313,11.5485,11.23,11.3155,61850000
2012-11-12,11.3295,11.461,11.2705,11.3235,42576000
2012-11-13,11.256,11.395,11.2355,11.33,52596000
2012-11-14,11.325,11.3705,11.1255,11.1475,60682000
2012-11-15,11.115,11.258,10.909,11.03,68094000
2012-11-16,11.0655,11.3125,10.932,11.2615,87056000
2012-11-19,11.416,11.625,11.3725,11.4855,71824000
2012-11-20,11.5,11.691,11.475,11.689,55434000
2012-11-21,11.692,11.9335,11.6375,11.9015,59186000
2012-11-23,11.9945,12.0,11.824,11.994,35536000
2012-11-26,12.0195,12.216,11.9,12.181,83566000
2012-11-27,12.161,12.2835,12.077,12.17,60970000
2012-11-28,12.1225,12.3615,12.075,12.3555,54868000
2012-11-29,12.4025,12.624,12.375,12.5635,106210000
2012-11-30,12.519,12.6325,12.4135,12.6025,75948000
2012-12-03,12.627,12.708,12.5,12.5165,59812000
2012-12-04,12.497,12.65,12.433,12.6245,62294000
2012-12-05,12.622,12.7775,12.519,12.698,57044000
2012-12-06,12.65,12.7585,12.5755,12.6685,71158000
2012-12-07,12.707,12.7605,12.6005,12.6635,43406000
2012-12-10,12.655,12.739,12.365,12.3885,70076000
2012-12-11,12.425,12.674,12.3325,12.5345,83704000
2012-12-12,12.5535,12.718,12.503,12.588,52562000
2012-12-13,12.5555,12.727,12.501,12.5625,49204000
2012-12-14,12.5055,12.595,12.3895,12.4595,50538000
2012-12-17,12.4905,12.7,12.463,12.693,45540000
2012-12-18,12.7285,13.1555,12.7285,13.02,99220000
2012-12-19,13.065,13.0835,12.884,12.8995,46000000
2012-12-20,12.918,13.1205,12.827,13.075,51692000
2012-12-21,12.891,12.919,12.787,12.846,94092000
2012-12-24,12.865,12.975,12.848,12.931,19688000
2012-12-26,12.8575,12.871,12.402,12.4315,83054000
2012-12-27,12.414,12.4675,12.143,12.4155,72786000
2012-12-28,12.2925,12.372,12.2525,12.259,37174000
2012-12-31,12.1875,12.6205,12.1375,12.5435,68380000
2013-01-02,12.804,12.905,12.663,12.8655,65420000
2013-01-03,12.8635,13.044,12.8185,12.924,55018000
2013-01-04,12.879,12.99,12.8325,12.9575,37484000
2013-01-07,13.1485,13.4865,13.1335,13.423,98200000
2013-01-08,13.3535,13.449,13.1785,13.319,60214000
2013-01-09,13.4085,13.475,13.27,13.3175,45312000
2013-01-10,13.427,13.437,13.115,13.267,57268000
2013-01-11,13.255,13.4215,13.2055,13.397,48266000
2013-01-14,13.4,13.713,13.377,13.6365,85500000
2013-01-15,13.534,13.6365,13.465,13.595,46538000
2013-01-16,13.5265,13.562,13.3915,13.4465,41312000
2013-01-17,13.575,13.5985,13.4605,13.524,37692000
2013-01-18,13.5415,13.725,13.48,13.606,58840000
2013-01-22,13.581,13.605,13.4615,13.5095,42754000
2013-01-23,13.5285,13.5545,13.3325,13.4055,50178000
2013-01-24,13.4685,13.8325,13.4685,13.673,68340000
2013-01-25,13.75,14.236,13.72,14.1995,99362000
2013-01-28,14.189,14.224,13.72,13.802,86428000
2013-01-29,13.7675,13.773,12.9175,13.0175,203452000
2013-01-30,14.15,14.21,13.3555,13.638,261508000
2013-01-31,13.552,13.797,13.185,13.275,135442000
2013-02-01,13.4465,13.4465,13.14,13.25,122300000
2013-02-04,13.139,13.234,12.9535,12.999,74472000
2013-02-05,13.1,13.4015,13.073,13.3445,80258000
2013-02-06,13.258,13.3445,13.0555,13.111,55408000
2013-02-07,13.205,13.205,12.7555,13.0115,79514000
2013-02-08,13.07,13.2625,13.0275,13.0975,77584000
2013-02-11,13.16,13.1625,12.83,12.8605,68074000
2013-02-12,12.9595,13.0080004,12.85,12.935,58874000
2013-02-13,13.0765,13.498,13.015,13.4735,105860000
2013-02-14,13.3685,13.5325,13.27,13.462,69260000
2013-02-15,13.3815,13.446,13.1555,13.2545,79598000
2013-02-19,13.2955,13.5055,13.225,13.4875,57084000
2013-02-20,13.51,13.715,13.3185,13.3205,70578000
2013-02-21,13.256,13.474,13.1625,13.297,72748000
2013-02-22,13.331,13.3555,13.0805,13.271,62496000
2013-02-25,13.347,13.4345,12.9825,12.9935,60648000
2013-02-26,13.0445,13.102,12.7865,12.968,66972000
2013-02-27,12.97,13.2915,12.843,13.1625,58162000
2013-02-28,13.0905,13.35,13.0315,13.2135,53344000
2013-03-01,13.1635,13.33,13.052,13.287,59140000
2013-03-04,13.268,13.665,13.207,13.6555,69060000
2013-03-05,13.7,13.834,13.4995,13.7795,73724000
2013-03-06,13.788,13.8245,13.5915,13.6895,41014000
2013-03-07,13.705,13.74,13.5925,13.694,38780000
2013-03-08,13.75,13.772,13.575,13.7095,37596000
2013-03-11,13.6715,13.6995,13.52,13.562,38098000
2013-03-12,13.55,13.87,13.518,13.7065,64924000
2013-03-13,13.762,13.825,13.632,13.755,37684000
2013-03-14,13.4835,13.5,13.1765,13.287,104534000
2013-03-15,13.249,13.363,13.0024996,13.091,97318000
2013-03-18,12.965,13.0745,12.856,12.8945,54404000
2013-03-19,12.92,12.975,12.631,12.8205,74770000
2013-03-20,12.9025,12.988,12.7275,12.864,54778000
2013-03-21,12.8055,12.85,12.634,12.6695,56128000
2013-03-22,12.7275,12.8885,12.6035,12.8875,62492000
2013-03-25,12.929,12.9715,12.725,12.801,50278000
2013-03-26,12.8525,13.074,12.814,13.0155,48420000
2013-03-27,12.9375,13.2965,12.895,13.265,57498000
2013-03-28,13.291,13.369,13.203,13.3245,49474000
2013-04-01,13.349,13.37,13.0505,13.0805,50496000
2013-04-02,13.12,13.2945,13.0275,13.166,52622000
2013-04-03,13.106,13.1835,12.8875,12.9515,48276000
2013-04-04,12.9615,13.0205,12.806,12.954,39288000
2013-04-05,12.786,12.809,12.6835,12.774,51148000
2013-04-08,12.796,12.984,12.7815,12.9475,45912000
2013-04-09,12.9425,13.1305,12.85,13.057,43132000
2013-04-10,13.089,13.299,12.966,13.2385,46450000
2013-04-11,13.237,13.5485,13.237,13.4925,61810000
2013-04-12,13.506,13.6635,13.351,13.6435,57326000
2013-04-15,13.554,13.756,13.355,13.386,66520000
2013-04-16,13.4655,13.64,13.403,13.617,42744000
2013-04-17,13.54,13.5425,13.2125,13.37,62702000
2013-04-18,13.3405,13.3495,12.83,12.971,62752000
2013-04-19,12.908,13.144,12.875,13.016,52050000
2013-04-22,12.9675,13.23,12.9015,13.1775,42382000
2013-04-23,13.225,13.4935,13.225,13.445,45412000
2013-04-24,13.475,13.5735,13.3405,13.439,37056000
2013-04-25,13.5765,13.79,13.525,13.735,122330000
2013-04-26,13.4985,13.601,12.6405,12.7405,280600000
2013-04-29,12.745,12.8505,12.4575,12.487,142340000
2013-04-30,12.4685,12.734,12.428,12.6905,84976000
2013-05-01,12.695,12.71,12.2875,12.4115,87828000
2013-05-02,12.447,12.6465,12.289,12.6275,78724000
2013-05-03,12.807,12.9625,12.735,12.9025,70280000
2013-05-06,12.9045,12.975,12.671,12.786,46956000
2013-05-07,12.8155,12.987,12.6455,12.8865,62674000
2013-05-08,12.8435,13.015,12.7665,12.934,53540000
2013-05-09,12.9365,13.1775,12.844,13.0080004,55386000
2013-05-10,13.044,13.1825,13.0105,13.1815,62906000
2013-05-13,13.1385,13.294,13.1,13.2255,42990000
2013-05-14,13.225,13.47,13.2015,13.4165,54000000
2013-05-15,13.3535,13.4525,13.228,13.328,54410000
2013-05-16,13.298,13.4215,13.1925,13.206,32870000
2013-05-17,13.2915,13.499,13.25,13.495,50546000
2013-05-20,13.45,13.5895,13.325,13.3815,44180000
2013-05-21,13.437,13.5385,13.383,13.443,34824000
2013-05-22,13.3695,13.3795,13.04,13.148,66640000
2013-05-23,13.0245,13.1585,12.9795,13.09,40006000
2013-05-24,12.9925,13.0965,12.917,13.087,33926000
2013-05-28,13.324,13.555,13.3,13.3645,69420000
2013-05-29,13.273,13.4125,13.242,13.2765,38068000
2013-05-30,13.2855,13.4285,13.2805,13.3415,33350000
2013-05-31,13.3,13.5955,13.297,13.46,67486000
2013-06-03,13.448,13.4555,13.1475,13.344,50878000
2013-06-04,13.35,13.444,13.151,13.285,41772000
2013-06-05,13.2905,13.583,13.251,13.3585,70246000
2013-06-06,13.3875,13.525,13.2105,13.3915,49526000
2013-06-07,13.487,14.0050001,13.4565,13.8435,92652000
2013-06-10,13.834,14.1235,13.762,14.0535,61730000
2013-06-11,13.8,13.9205,13.712,13.739,61956000
2013-06-12,13.83,13.84,13.5225,13.5835,44778000
2013-06-13,13.575,13.84,13.5145,13.7895,52996000
2013-06-14,13.75,13.8535,13.672,13.6995,43016000
2013-06-17,13.8175,14.01,13.7825,13.903,57680000
2013-06-18,13.954,14.1455,13.9055,14.088,42922000
2013-06-19,14.063,14.167,13.8935,13.908,56550000
2013-06-20,13.757,13.93,13.6195,13.672,59680000
2013-06-21,13.7285,13.792,13.4895,13.668,84020000
2013-06-24,13.5645,13.658,13.25,13.5305,77276000
2013-06-25,13.615,13.6735,13.45,13.6045,48992000
2013-06-26,13.699,13.899,13.675,13.8785,60590000
2013-06-27,13.959,14.01,13.727,13.8775,50390000
2013-06-28,13.8095,13.9915,13.8095,13.8845,63866000
2013-07-01,13.95,14.1645,13.858,14.105,57764000
2013-07-02,14.052,14.329,14.0295,14.1865,64764000
2013-07-03,14.1,14.27,14.1,14.2015,27460000
2013-07-05,14.25,14.319,14.1035,14.294,39708000
2013-07-08,14.321,14.5835,14.307,14.5295,60934000
2013-07-09,14.55,14.6285,14.4005,14.5765,55512000
2013-07-10,14.5705,14.667,14.47,14.6165,36204000
2013-07-11,14.7495,15.0345,14.605,14.983,80146000
2013-07-12,14.9345,15.3775,14.925,15.3775,90786000
2013-07-15,15.3635,15.3995,15.2175,15.3285,44912000
2013-07-16,15.365,15.4695,15.2755,15.3435,53204000
2013-07-17,15.3485,15.44,15.2845,15.4345,40594000
2013-07-18,15.3135,15.317,15.0935,15.2055,61276000
2013-07-19,15.2195,15.2895,15.0955,15.2615,59462000
2013-07-22,15.4625,15.4625,15.1,15.174,50414000
2013-07-23,15.158,15.253,15.028,15.053,39992000
2013-07-24,15.151,15.192,14.902,14.947,40010000
2013-07-25,14.95,15.225,14.8375,15.17,108116000
2013-07-26,14.9775,15.681,14.7775,15.6005,176350000
2013-07-29,15.5535,15.65,15.295,15.305,64236000
2013-07-30,15.386,15.489,15.0785,15.1205,61068000
2013-07-31,15.1955,15.2575,15.05,15.061,37826000
2013-08-01,15.154,15.3105,14.945,15.2785,59434000
2013-08-02,15.2315,15.2665,15.075,15.2105,50052000
2013-08-05,15.17,15.181,14.915,15.0495,44664000
2013-08-06,15.0255,15.068,14.876,15.0375,36980000
2013-08-07,15.0074997,15.0495,14.8075,14.8455,39220000
2013-08-08,14.926,14.926,14.6275,14.787,46868000
2013-08-09,14.784,14.9635,14.715,14.863,39006000
2013-08-12,14.7895,14.954,14.763,14.8345,30090000
2013-08-13,14.794,14.8185,14.5335,14.6985,46998000
2013-08-14,14.7145,14.7145,14.527,14.567,28300000
2013-08-15,14.4395,14.465,14.2575,14.3235,45228000
2013-08-16,14.3275,14.4165,14.225,14.241,48450000
2013-08-19,14.2595,14.478,14.174,14.2785,49548000
2013-08-20,14.294,14.4755,14.287,14.3545,31726000
2013-08-21,14.2545,14.425,14.1915,14.2285,36306000
2013-08-22,14.24,14.4935,14.24,14.4865,28452000
2013-08-23,14.5605,14.575,14.395,14.5005,39238000
2013-08-26,14.5215,14.5525,14.281,14.3105,34234000
2013-08-27,14.1935,14.264,13.987,14.0465,49520000
2013-08-28,14.018,14.15,13.9665,14.079,29142000
2013-08-29,14.0725,14.299,14.0,14.199,31328000
2013-08-30,14.2295,14.2435,14.0,14.049,30694000
2013-09-03,14.2365,14.5695,14.2085,14.44,57952000
2013-09-04,14.4165,14.7615,14.379,14.682,48772000
2013-09-05,14.6815,14.85,14.6355,14.705,36332000
2013-09-06,14.7665,14.944,14.54,14.793,45840000
2013-09-09,14.861,14.998,14.83,14.9855,32872000
2013-09-10,15.0275,15.05,14.861,15.018,35568000
2013-09-11,14.9455,15.093,14.892,14.982,34852000
2013-09-12,14.9695,15.1,14.883,14.943,32124000
2013-09-13,15.007,15.011,14.81,14.896,27012000
2013-09-16,14.991,15.05,14.763,14.803,36168000
2013-09-17,14.8815,15.2325,14.8005,15.2085,45930000
2013-09-18,15.203,15.637,15.1455,15.6015,58928000
2013-09-19,15.6885,15.727,15.552,15.603,47018000
2013-09-20,15.627,16.0285,15.6205,15.817,106046000
2013-09-23,15.7005,15.795,15.4385,15.5745,37698000
2013-09-24,15.6215,15.904,15.564,15.7065,40672000
2013-09-25,15.7265,15.8355,15.5375,15.6325,40172000
2013-09-26,15.695,15.9685,15.663,15.906,39798000
2013-09-27,15.846,15.8605,15.6675,15.8005,33150000
2013-09-30,15.6705,15.7655,15.553,15.632,32472000
2013-10-01,15.711,16.049999,15.6825,16.047501,47928000
2013-10-02,15.902,16.0865,15.876,16.025499,44348000
2013-10-03,16.019501,16.146,15.651,15.738,53496000
2013-10-04,15.7565,15.96,15.631,15.952,36300000
2013-10-07,15.762,15.767,15.487,15.5015,41664000
2013-10-08,15.575,15.5775,15.0135,15.1615,63324000
2013-10-09,15.171,15.175,14.825,14.9115,64948000
2013-10-10,15.2315,15.335,15.1295,15.2585,51102000
2013-10-11,15.2385,15.5465,15.192,15.5445,43262000
2013-10-14,15.461,15.5825,15.35,15.535,38782000
2013-10-15,15.4935,15.5395,15.263,15.32,45222000
2013-10-16,15.419,15.54,15.2775,15.5245,43414000
2013-10-17,15.3535,15.55,15.262,15.5385,52968000
2013-10-18,15.968,16.5945,15.8375,16.4465,119396000
2013-10-21,16.4945,16.5,16.19,16.322,50446000
2013-10-22,16.386,16.8555,16.284,16.627,78710000
2013-10-23,16.542,16.586,16.203,16.338,56364000
2013-10-24,16.4815,16.6325,16.3375,16.6105,117694000
2013-10-25,17.93,18.42,17.631,18.1695,240736000
2013-10-28,17.996,18.1375,17.86,17.908,72716000
2013-10-29,17.948,18.1445,17.8145,18.135,43708000
2013-10-30,18.131,18.25,17.9325,18.054001,90044000
2013-10-31,18.0865,18.3,17.95,18.2015,49336000
2013-11-01,18.2815,18.2885,17.805,17.95,66620000
2013-11-04,18.0060005,18.049999,17.72,17.937,38768000
2013-11-05,17.839,18.0084991,17.742,17.9445,40142000
2013-11-06,18.022499,18.1435,17.725,17.809,45646000
2013-11-07,17.793,17.895,17.094,17.178,84926000
2013-11-08,17.2975,17.5525,17.202,17.5155,53138000
2013-11-11,17.5295,17.7685,17.403,17.719,45234000
2013-11-12,17.6495,17.774,17.364,17.4765,46862000
2013-11-13,17.37,17.811,17.284,17.811,55466000
2013-11-14,17.8695,18.447,17.8215,18.37,83196000
2013-11-15,18.3815,18.645,18.2775,18.4585,89832000
2013-11-18,18.514,18.6745,18.2335,18.309,54748000
2013-11-19,18.291,18.439,18.125,18.247,38096000
2013-11-20,18.378,18.378,18.022499,18.1285,35430000
2013-11-21,18.2025,18.4625,18.165,18.446,39292000
2013-11-22,18.5,18.725,18.3155,18.6155,59310000
2013-11-25,18.691,18.8895,18.659,18.832,59446000
2013-11-26,18.8805,19.125,18.741,19.068501,54488000
2013-11-27,19.175,19.35,19.1305,19.3355,45394000
2013-11-29,19.455,19.705,19.431,19.681,48120000
2013-12-02,19.95,19.95,19.455,19.615,94280000
2013-12-03,19.5055,19.5475,19.155,19.233,74058000
2013-12-04,19.175,19.4845,19.074499,19.298,47106000
2013-12-05,19.3325,19.3325,19.068501,19.2245,38130000
2013-12-06,19.4175,19.4175,19.1915,19.3475,39694000
2013-12-09,19.4055,19.4105,19.1285,19.2445,55236000
2013-12-10,19.187,19.453,19.151,19.389,54736000
2013-12-11,19.367,19.449,19.1,19.1095,49026000
2013-12-12,19.063,19.25,18.975,19.0625,42474000
2013-12-13,19.266,19.471,19.19,19.212,60500000
2013-12-16,19.2515,19.585,19.25,19.4485,45034000
2013-12-17,19.5325,19.568,19.325,19.3825,46878000
2013-12-18,19.4615,19.815,19.155,19.798,69782000
2013-12-19,19.7135,19.8645,19.63,19.7595,48544000
2013-12-20,19.8275,20.236,19.789,20.11,100678000
2013-12-23,20.1845,20.25,19.96,20.146,53190000
2013-12-24,20.126,20.186,19.8185,19.96,27608000
2013-12-26,20.0895,20.226,19.8405,20.2195,37370000
2013-12-27,20.2325,20.2815,19.8125,19.904,39738000
2013-12-30,19.9705,19.996,19.6225,19.6685,49742000
2013-12-31,19.729,19.9415,19.69,19.9395,39930000
2014-01-02,19.94,19.968,19.701,19.8985,42756000
2014-01-03,19.9145,20.1355,19.811,19.822,44204000
2014-01-06,19.7925,19.85,19.421,19.6815,63412000
2014-01-07,19.752,19.9235,19.7145,19.9015,38320000
2014-01-08,19.9235,20.15,19.802,20.096001,46330000
2014-01-09,20.1855,20.3445,19.922,20.050501,42060000
2014-01-10,20.1265,20.188,19.69,19.883,53590000
2014-01-13,19.899,19.989,19.4225,19.549,56898000
2014-01-14,19.6065,19.9315,19.5645,19.877,46802000
2014-01-15,19.947,19.9655,19.6265,19.7935,53566000
2014-01-16,19.684,19.9645,19.4705,19.79,52024000
2014-01-17,19.713,20.1745,19.683,19.9805,90102000
2014-01-21,20.15,20.39,20.08,20.3525,62442000
2014-01-22,20.4,20.403,20.1,20.227,41210000
2014-01-23,20.049999,20.3085,19.8895,19.9935,60508000
2014-01-24,19.908,20.01,19.3635,19.38,89168000
2014-01-27,19.525,19.705,19.0245,19.314,78736000
2014-01-28,19.37,19.737,19.356,19.7215,57890000
2014-01-29,19.608,19.6425,19.162,19.21,67646000
2014-01-30,19.6885,20.3125,19.385,20.1505,209478000
2014-01-31,18.588,18.7725,17.888,17.9345,323096000
2014-02-03,17.949,18.0425,17.0049992,17.3075,205616000
2014-02-04,17.4795,17.7,17.201,17.3975,96258000
2014-02-05,17.3,17.4685,16.8865,17.3225,88708000
2014-02-06,17.37,17.741,17.37,17.7295,66714000
2014-02-07,17.949,18.09,17.6245,18.054001,86610000
2014-02-10,18.0805,18.25,17.9675,18.043501,68994000
2014-02-11,18.091999,18.1805,17.8125,18.0895,64442000
2014-02-12,17.8215,17.8875,17.316,17.4625,131754000
2014-02-13,17.385,17.86,17.325,17.86,83500000
2014-02-14,17.967,17.967,17.6675,17.8675,70404000
2014-02-18,17.764,17.7865,17.4725,17.6825,99960000
2014-02-19,17.632,17.727,17.305,17.369,83362000
2014-02-20,17.44,17.523,17.219,17.49,69856000
2014-02-21,17.622,17.707,17.3375,17.338,84200000
2014-02-24,17.2595,17.65,17.1645,17.589,72894000
2014-02-25,17.65,18.054001,17.579,17.916,74728000
2014-02-26,17.993,18.2375,17.8585,17.99,72442000
2014-02-27,17.861,18.029499,17.775,18.0065002,62098000
2014-02-28,18.030001,18.2935,17.854,18.105,77640000
2014-03-03,17.937,18.048,17.724,17.989,55966000
2014-03-04,18.195,18.284,18.123,18.195,54088000
2014-03-05,18.2065,18.6365,18.195,18.6185,76966000
2014-03-06,18.7025,18.7665,18.445,18.608,58532000
2014-03-07,18.729,18.7495,18.4765,18.603,45596000
2014-03-10,18.6345,18.6365,18.35,18.5265,42116000
2014-03-11,18.5495,18.64,18.364,18.441,44922000
2014-03-12,18.32,18.558,18.1805,18.532,44332000
2014-03-13,18.831,19.1555,18.404,18.5755,136580000
2014-03-14,18.64,18.9285,18.5775,18.687,88044000
2014-03-17,18.786,18.9425,18.744,18.752,46060000
2014-03-18,18.866,18.95,18.75,18.9385,49670000
2014-03-19,18.9385,18.95,18.471,18.6615,52934000
2014-03-20,18.532,18.65,18.311,18.4485,51170000
2014-03-21,18.55,18.642,17.92,18.031,108282000
2014-03-24,18.0044994,18.075001,17.43,17.5925,97470000
2014-03-25,17.7015,17.9485,17.442,17.7355,88914000
2014-03-26,17.8565,17.88,17.17,17.1705,82414000
2014-03-27,17.1575,17.2,16.544,16.9235,115328000
2014-03-28,17.0025005,17.35,16.804,16.9145,79736000
2014-03-31,17.12,17.3145,16.703,16.8185,85950000
2014-04-01,16.9045,17.2215,16.9,17.1495,72002000
2014-04-02,17.2995,17.415,17.018999,17.098,89510000
2014-04-03,17.091,17.125,16.423,16.681,127986000
2014-04-04,16.7575,16.772,15.7805,16.15,250692000
2014-04-07,16.0495,16.247,15.6565,15.888,141548000
2014-04-08,16.094,16.4,15.922,16.3535,131552000
2014-04-09,16.4235,16.609,16.125,16.5905,101132000
2014-04-10,16.53,16.55,15.825,15.8555,122534000
2014-04-11,15.7,15.825,15.475,15.5865,145750000
2014-04-14,15.8835,16.024,15.564,15.7955,85870000
2014-04-15,15.835,15.914,15.275,15.804,107972000
2014-04-16,16.0585,16.2,15.7355,16.184,85698000
2014-04-17,15.988,16.433,15.988,16.2455,85984000
2014-04-21,16.1985,16.5575,16.1155,16.5435,59988000
2014-04-22,16.6,16.875,16.447,16.466,74232000
2014-04-23,16.653,16.6565,16.1695,16.229,72092000
2014-04-24,16.4835,16.87,16.1475,16.8575,185874000
2014-04-25,15.8125,15.8245,15.1355,15.1915,323604000
2014-04-28,15.2,15.2195,14.4,14.829,289596000
2014-04-29,14.822,15.092,14.5225,15.019,130186000
2014-04-30,14.905,15.228,14.905,15.2065,81772000
2014-05-01,15.2065,15.524,15.2,15.3945,86572000
2014-05-02,15.521,15.6645,15.2155,15.4005,79902000
2014-05-05,15.3185,15.5115,15.25,15.5025,50398000
2014-05-06,15.4765,15.4905,14.852,14.869,93646000
2014-05-07,14.778,14.82,14.334,14.6355,140304000
2014-05-08,14.541,14.794,14.3615,14.416,76964000
2014-05-09,14.5285,14.684,14.219,14.612,81260000
2014-05-12,14.715,15.167,14.708,15.143,74592000
2014-05-13,15.13,15.28,15.0375,15.232,70198000
2014-05-14,15.125,15.232,14.833,14.881,66466000
2014-05-15,14.901,14.96,14.519,14.7595,85902000
2014-05-16,14.64,14.944,14.5775,14.885,72736000
2014-05-19,14.788,14.95,14.6905,14.838,45684000
2014-05-20,14.855,15.223,14.8375,15.0595,81914000
2014-05-21,15.1105,15.298,15.076,15.2505,68176000
2014-05-22,15.2525,15.427,15.1505,15.2455,51536000
2014-05-23,15.273,15.6175,15.245,15.612,61058000
2014-05-27,15.7205,15.7315,15.369,15.541,97242000
2014-05-28,15.475,15.691,15.371,15.508,54520000
2014-05-29,15.521,15.7435,15.51,15.689,47310000
2014-05-30,15.7215,15.7325,15.3785,15.6275,85204000
2014-06-02,15.6295,15.63,15.35,15.442,44068000
2014-06-03,15.2875,15.396,15.2535,15.3595,47584000
2014-06-04,15.3425,15.475,15.192,15.339,42142000
2014-06-05,15.405,16.397,15.345,16.1785,155934000
2014-06-06,16.25,16.544,16.2465,16.4835,104880000
2014-06-09,16.5785,16.65,16.2825,16.375,64244000
2014-06-10,16.3825,16.775,16.375,16.6205,73268000
2014-06-11,16.8,17.035999,16.694,16.76,88736000
2014-06-12,16.7775,16.7775,16.233,16.2955,85526000
2014-06-13,16.3525,16.465,16.1765,16.3135,55296000
2014-06-16,16.243,16.4345,16.176,16.381,48996000
2014-06-17,16.377,16.567,16.2615,16.281,58482000
2014-06-18,16.4,16.7875,16.25,16.719,128030000
2014-06-19,16.763,16.945,16.299,16.35,106412000
2014-06-20,16.388,16.411,16.021,16.21,121080000
2014-06-23,16.1665,16.3775,16.070499,16.362,52096000
2014-06-24,16.377,16.4865,16.137,16.208,52532000
2014-06-25,16.2165,16.4075,16.087,16.372,46556000
2014-06-26,16.4245,16.4325,16.1065,16.2845,53990000
2014-06-27,16.294,16.326,16.1635,16.2285,48324000
2014-06-30,16.249,16.349,16.112,16.239,53426000
2014-07-01,16.293,16.66,16.255,16.6195,63472000
2014-07-02,16.66,16.838,16.583,16.6425,53626000
2014-07-03,16.7415,16.915,16.654,16.8745,38886000
2014-07-07,16.875,16.8775,16.626,16.6775,42578000
2014-07-08,16.655,16.687,16.07,16.1905,85432000
2014-07-09,16.2355,16.51,16.1575,16.4985,63322000
2014-07-10,16.217,16.499,16.1325,16.396,53300000
2014-07-11,16.7355,17.35,16.7355,17.31,166016000
2014-07-14,17.3515,17.7885,17.268,17.766,112198000
2014-07-15,17.686,17.7795,17.47,17.722,83418000
2014-07-16,17.781,17.966,17.65,17.795,70072000
2014-07-17,17.672,17.848,17.569,17.6225,72720000
2014-07-18,17.72,17.984,17.604,17.933,68148000
2014-07-21,17.905,18.085501,17.836,17.988,45568000
2014-07-22,17.7625,18.1465,17.7625,18.042,57778000
2014-07-23,17.9525,18.0315,17.831,17.907,53746000
2014-07-24,17.999,18.2425,17.926,17.9305,141774000
2014-07-25,15.865,16.2435,15.738,16.2005,356930000
2014-07-28,16.2125,16.241,15.825,16.0205,118640000
2014-07-29,16.099001,16.145,15.975,16.0,57676000
2014-07-30,16.0725,16.1365,15.925,16.1255,79380000
2014-07-31,16.00049973,16.034,15.593,15.6495,103840000
2014-08-01,15.6845,15.7915,15.2295,15.353,148830000
2014-08-04,15.442,15.809,15.425,15.6825,84018000
2014-08-05,15.665,15.7275,15.503,15.616,57042000
2014-08-06,15.5415,15.789,15.51,15.6945,45938000
2014-08-07,15.7605,15.794,15.4825,15.5725,58712000
2014-08-08,15.597,15.866,15.533,15.84,54118000
2014-08-11,15.924,16.018999,15.844,15.9165,49372000
2014-08-12,15.9445,16.0655,15.8475,15.966,38316000
2014-08-13,16.38,16.586,16.307,16.314,98782000
2014-08-14,16.39,16.7045,16.3355,16.6605,68408000
2014-08-15,16.7,16.75,16.416,16.6815,77934000
2014-08-18,16.774,16.89,16.6885,16.7265,49708000
2014-08-19,16.7435,16.7905,16.6505,16.7565,34276000
2014-08-20,16.734,16.858,16.701,16.789,36210000
2014-08-21,16.824,16.829,16.6115,16.6455,39422000
2014-08-22,16.6495,16.704,16.54,16.5795,44224000
2014-08-25,16.6605,16.8385,16.6355,16.701,39154000
2014-08-26,16.85,17.218,16.7275,17.091499,73094000
2014-08-27,17.1045,17.3335,17.066999,17.159,59232000
2014-08-28,17.0,17.0895,16.94,17.00099945,45054000
2014-08-29,17.087999,17.091,16.884,16.952,38790000
2014-09-02,16.999,17.125,16.858,17.119,46520000
2014-09-03,17.127,17.1635,16.8775,16.95,39874000
2014-09-04,17.1845,17.469,17.179,17.2975,79312000
2014-09-05,17.315,17.3415,17.125,17.319,42140000
2014-09-08,17.227,17.2905,16.952,17.117,59106000
2014-09-09,17.0805,17.087999,16.459,16.4875,92936000
2014-09-10,16.715,16.749,16.441,16.5665,75948000
2014-09-11,16.497,16.6505,16.3195,16.526,54404000
2014-09-12,16.478,16.6445,16.4395,16.5595,68586000
2014-09-15,16.5455,16.5665,15.95,16.1945,80008000
2014-09-16,16.053499,16.474,16.0049992,16.388,65198000
2014-09-17,16.388,16.4,16.076,16.2,82720000
2014-09-18,16.272,16.355,16.1855,16.25,51538000
2014-09-19,16.38,16.638,16.2785,16.566,137724000
2014-09-22,16.4245,16.4745,16.052999,16.225,62194000
2014-09-23,16.123,16.38,16.0625,16.1815,47052000
2014-09-24,16.2085,16.472,15.978,16.4105,52844000
2014-09-25,16.3995,16.427,16.07,16.0965,58576000
2014-09-26,16.030001,16.175,15.882,16.1605,72760000
2014-09-29,16.025,16.1875,15.95,16.091,38492000
2014-09-30,16.068001,16.1715,15.9255,16.122,52724000
2014-10-01,16.102,16.1085,15.7775,15.873,61782000
2014-10-02,15.846,15.9265,15.5655,15.9205,71078000
2014-10-03,16.018,16.258,15.9765,16.137,60748000
2014-10-06,16.175,16.2065,15.98,16.11,45806000
2014-10-07,15.9715,16.1,15.8335,15.849,47308000
2014-10-08,15.829,16.2055,15.707,16.135,69056000
2014-10-09,16.074499,16.1135,15.726,15.7685,71758000
2014-10-10,15.701,15.8885,15.569,15.5695,73638000
2014-10-13,15.4935,15.66,15.1735,15.3225,87278000
2014-10-14,15.4,15.612,15.2875,15.4155,67716000
2014-10-15,15.2175,15.395,14.955,15.2985,106878000
2014-10-16,14.6915,15.341,14.6915,15.143,94626000
2014-10-17,15.3575,15.46,15.136,15.182,88102000
2014-10-20,15.1475,15.3265,15.101,15.3105,64690000
2014-10-21,15.495,15.782,15.3535,15.7665,71186000
2014-10-22,15.7715,15.949,15.632,15.6485,62518000
2014-10-23,15.67,15.84,15.57,15.659,180764000
2014-10-24,14.22,14.6905,14.2,14.353,396022000
2014-10-27,14.285,14.521,14.251,14.4985,119012000
2014-10-28,14.488,14.9,14.488,14.7795,111452000
2014-10-29,14.9555,14.9805,14.6535,14.706,97638000
2014-10-30,14.699,14.987,14.618,14.9535,81104000
2014-10-31,15.2575,15.286,15.075,15.273,91014000
2014-11-03,15.312,15.4005,15.162,15.286,64850000
2014-11-04,15.1995,15.2125,15.0085001,15.1405,68548000
2014-11-05,15.1505,15.2,14.708,14.826,93490000
2014-11-06,14.8345,14.85,14.6145,14.832,75162000
2014-11-07,14.891,14.9995,14.8145,14.993,52948000
2014-11-10,15.0,15.29,15.0,15.2555,56182000
2014-11-11,15.297,15.619,15.1825,15.6005,76072000
2014-11-12,15.5375,15.629,15.4395,15.5755,43660000
2014-11-13,15.6,15.8945,15.5755,15.824,73728000
2014-11-14,15.856,16.644,15.82,16.391,177556000
2014-11-17,16.322,16.4,15.9015,16.1525,95698000
2014-11-18,16.1995,16.478,16.1625,16.2465,70990000
2014-11-19,16.3625,16.42,16.201,16.327,65632000
2014-11-20,16.2,16.6335,16.1665,16.527,68734000
2014-11-21,16.771,16.9165,16.5735,16.6315,89332000
2014-11-24,16.739,16.8695,16.68,16.782,55084000
2014-11-25,16.7635,16.8165,16.564,16.752,51300000
2014-11-26,16.689,16.7325,16.5875,16.6785,39672000
2014-11-28,16.8015,17.063,16.8015,16.932,61036000
2014-12-01,16.906,17.032,16.2965,16.3,98898000
2014-12-02,16.375,16.3965,16.1625,16.3155,55806000
2014-12-03,16.2865,16.3385,15.718,15.825,113620000
2014-12-04,15.7765,15.9295,15.6735,15.8465,65806000
2014-12-05,15.84,15.8465,15.542,15.6315,65304000
2014-12-08,15.5785,15.828,15.241,15.332,72784000
2014-12-09,15.1495,15.682,15.057,15.625,80990000
2014-12-10,15.6,15.6595,15.234,15.292,64918000
2014-12-11,15.3945,15.632,15.3005,15.368,65258000
2014-12-12,15.1995,15.532,15.1505,15.366,63070000
2014-12-15,15.4435,15.543,15.1075,15.3035,76832000
2014-12-16,15.2175,15.2245,14.7505,14.753,130026000
2014-12-17,14.8185,14.9835,14.6515,14.944,88670000
2014-12-18,15.2005,15.225,14.6625,14.8865,154762000
2014-12-19,14.8455,15.077,14.776,14.995,174182000
2014-12-22,15.097,15.368,15.097,15.327,80076000
2014-12-23,15.349,15.3745,15.1625,15.3145,54274000
2014-12-24,15.319,15.35,15.144,15.1515,30276000
2014-12-26,15.25,15.539,15.1905,15.4545,57876000
2014-12-29,15.3925,15.7135,15.329,15.602,60180000
2014-12-30,15.4955,15.697,15.467,15.515,41860000
2014-12-31,15.5775,15.649,15.5005,15.5175,40960000
2015-01-02,15.629,15.7375,15.348,15.426,55664000
2015-01-05,15.3505,15.419,15.0425,15.1095,55484000
2015-01-06,15.112,15.15,14.619,14.7645,70380000
2015-01-07,14.875,15.064,14.7665,14.921,52806000
2015-01-08,15.016,15.157,14.8055,15.023,61768000
2015-01-09,15.074,15.1435,14.834,14.8465,51848000
2015-01-12,14.878,14.9255,14.464,14.5705,68428000
2015-01-13,14.874,15.075,14.6615,14.737,82728000
2015-01-14,14.5965,14.7955,14.325,14.6635,110774000
2015-01-15,14.7,14.8,14.341,14.3475,88384000
2015-01-16,14.314,14.5395,14.2625,14.537,69564000
2015-01-20,14.6295,14.668,14.3195,14.472,61502000
2015-01-21,14.482,15.3,14.363,14.8625,201302000
2015-01-22,15.0,15.6125,15.0,15.516,107252000
2015-01-23,15.404,15.8465,15.386,15.6195,89928000
2015-01-26,15.591,15.65,15.376,15.483,63394000
2015-01-27,15.315,15.512,15.1315,15.3375,58406000
2015-01-28,15.4905,15.5755,15.19,15.1955,61276000
2015-01-29,15.2365,15.64,14.9665,15.589,173132000
2015-01-30,17.316,17.975,17.037001,17.7265,477122000
2015-02-02,17.5025,18.25,17.5005,18.2235,204638000
2015-02-03,18.0145,18.391,18.0105,18.1775,124252000
2015-02-04,17.919,18.375,17.9115,18.2375,83398000
2015-02-05,18.3,18.94,18.295,18.6945,144952000
2015-02-06,18.7435,18.7995,18.5505,18.714,77848000
2015-02-09,18.55,18.7205,18.36,18.528,54492000
2015-02-10,18.5595,18.715,18.4255,18.65,45744000
2015-02-11,18.5615,18.855,18.555,18.757,55730000
2015-02-12,18.755,18.9255,18.6575,18.8585,55822000
2015-02-13,18.9205,19.15,18.8505,19.091499,69502000
2015-02-17,18.886,18.9995,18.6335,18.7715,73464000
2015-02-18,18.689,18.837,18.6425,18.6685,53012000
2015-02-19,18.6745,19.094,18.6715,18.95,59076000
2015-02-20,18.931,19.185,18.792,19.183,65160000
2015-02-23,19.172,19.227,18.9,19.007,43540000
2015-02-24,18.9325,19.024,18.808,18.9295,38416000
2015-02-25,18.8635,19.3925,18.827,19.2685,63490000
2015-02-26,19.2035,19.4685,19.164,19.24,53742000
2015-02-27,19.2,19.2995,18.9895,19.0079994,50646000
2015-03-02,19.0425,19.295,18.974,19.283,42784000
2015-03-03,19.1975,19.305,19.08,19.2305,38930000
2015-03-04,19.2855,19.395,19.1095,19.136,45182000
2015-03-05,19.2805,19.421,19.1945,19.3915,53870000
2015-03-06,19.276,19.35,18.944,19.0044994,52540000
2015-03-09,18.92,18.9665,18.764,18.928,46228000
2015-03-10,18.8725,18.8885,18.459,18.4755,62420000
2015-03-11,18.5305,18.6675,18.313,18.3185,49902000
2015-03-12,18.441,18.775,18.376,18.712,56200000
2015-03-13,18.576,18.6995,18.334,18.529,52234000
2015-03-16,18.519,18.697,18.336,18.6675,47082000
2015-03-17,18.5555,18.725,18.482,18.596,40740000
2015-03-18,18.4985,18.7995,18.335,18.757,53082000
2015-03-19,18.6935,18.8555,18.6095,18.662,38314000
2015-03-20,18.8145,18.9685,18.796,18.9245,75272000
2015-03-23,18.9035,19.088499,18.747,18.7555,44786000
2015-03-24,18.6995,18.762,18.6135,18.7045,44564000
2015-03-25,18.7585,19.025,18.5145,18.548,68590000
2015-03-26,18.4795,18.57,18.2825,18.3675,58600000
2015-03-27,18.3555,18.6585,18.3285,18.528,52196000
2015-03-30,18.5935,18.806,18.5775,18.7295,36418000
2015-03-31,18.662,18.885,18.5755,18.605,50122000
2015-04-01,18.605,18.658,18.417,18.513,49162000
2015-04-02,18.525,18.664,18.45,18.6125,37506000
2015-04-06,18.505,19.01,18.468,18.852,61014000
2015-04-07,18.8075,18.9655,18.7015,18.7205,39098000
2015-04-08,18.733,19.079,18.7325,19.059999,52728000
2015-04-09,19.033001,19.221,18.94,19.177,47846000
2015-04-10,19.2155,19.356,19.066,19.1325,51470000
2015-04-13,19.1765,19.264,19.007,19.118,37890000
2015-04-14,19.1755,19.3905,19.060499,19.2555,51672000
2015-04-15,19.2325,19.289,19.082001,19.1725,38664000
2015-04-16,19.1845,19.3725,19.1775,19.302,41608000
2015-04-17,19.1315,19.178,18.72,18.778,76794000
2015-04-20,18.9275,19.597,18.85,19.4755,100322000
2015-04-21,19.5655,19.73,19.34,19.559,92870000
2015-04-22,19.5955,19.714,19.4,19.49,69494000
2015-04-23,19.5105,19.594,19.3075,19.4995,159600000
2015-04-24,21.95,22.6325,21.95,22.255,343538000
2015-04-27,22.193,22.3495,21.8705,21.928,108618000
2015-04-28,21.9255,21.95,21.402,21.4655,82810000
2015-04-29,21.3375,21.712,21.3015,21.4685,72434000
2015-04-30,21.3555,21.5875,20.962,21.089001,72958000
2015-05-01,21.191,21.282,20.8,21.1435,71316000
2015-05-04,21.24,21.4885,21.121,21.152,45408000
2015-05-05,21.1425,21.3755,21.051001,21.0595,57128000
2015-05-06,21.071501,21.136,20.7275,20.955,51050000
2015-05-07,21.2075,21.425,21.1425,21.344,55322000
2015-05-08,21.5375,21.76,21.5085,21.6845,58176000
2015-05-11,21.6255,21.95,21.5685,21.6425,47874000
2015-05-12,21.554,21.6625,21.3355,21.551,38956000
2015-05-13,21.499,21.6765,21.29,21.3435,39926000
2015-05-14,21.4725,21.65,21.3505,21.614,37770000
2015-05-15,21.4,21.52,21.215,21.3,84806000
2015-05-18,21.3,21.3635,21.073,21.262,47804000
2015-05-19,21.2435,21.412,21.0315,21.085501,49284000
2015-05-20,21.030001,21.355,20.918,21.193,43924000
2015-05-21,21.4,21.845,21.4,21.5815,82428000
2015-05-22,21.5775,21.622,21.3805,21.3815,40412000
2015-05-26,21.31,21.35,21.1,21.2735,44884000
2015-05-27,21.3725,21.5925,21.2505,21.571,44622000
2015-05-28,21.4855,21.5675,21.2735,21.3285,38248000
2015-05-29,21.3615,21.625,21.3615,21.4615,60322000
2015-06-01,21.52,21.658,21.31,21.546,45066000
2015-06-02,21.5035,21.6615,21.3125,21.5495,33378000
2015-06-03,21.72,21.9195,21.6375,21.8295,54558000
2015-06-04,21.72,21.838,21.463,21.539,50216000
2015-06-05,21.483,21.54,21.325,21.3475,38158000
2015-06-08,21.281,21.34,21.071501,21.175,43450000
2015-06-09,21.148,21.3745,20.957,21.274,45774000
2015-06-10,21.323,21.61,21.283,21.5385,43446000
2015-06-11,21.6145,21.9445,21.5735,21.6485,58450000
2015-06-12,21.5625,21.618,21.413,21.496,41088000
2015-06-15,21.383,21.4025,21.132,21.1835,41020000
2015-06-16,21.2075,21.3985,21.1335,21.363,45928000
2015-06-17,21.418,21.5675,21.2375,21.3905,43718000
2015-06-18,21.515,21.9865,21.4705,21.9695,67568000
2015-06-19,22.013,22.2495,21.662,21.746,89902000
2015-06-22,21.85,21.962,21.709,21.8145,36472000
2015-06-23,21.7795,22.352,21.6845,22.2995,64900000
2015-06-24,22.2485,22.3235,22.011499,22.042,52416000
2015-06-25,21.9035,22.1735,21.8195,22.0049992,44750000
2015-06-26,22.087999,22.1745,21.753,21.905,52490000
2015-06-29,21.749,21.85,21.45,21.493,55064000
2015-06-30,21.71,21.7785,21.523,21.7045,51938000
2015-07-01,21.9675,22.0,21.779,21.8695,39742000
2015-07-02,21.85,21.91,21.674,21.8855,26868000
2015-07-06,21.7615,21.9865,21.676,21.802,38064000
2015-07-07,21.784,21.8865,21.2785,21.836,69084000
2015-07-08,21.7175,21.7995,21.4415,21.485,47662000
2015-07-09,21.745,21.936,21.7075,21.7195,45428000
2015-07-10,22.0245,22.236,21.95,22.1755,48020000
2015-07-13,22.4145,22.8935,22.377,22.7785,79136000
2015-07-14,23.116,23.48,22.908,23.2785,94724000
2015-07-15,23.152,23.235,23.01,23.0595,59748000
2015-07-16,23.275,23.794,23.24,23.774,81912000
2015-07-17,23.885,24.271,23.8625,24.1505,98644000
2015-07-20,24.6285,24.66,24.27,24.405,95050000
2015-07-21,24.395,24.444,24.1275,24.4,63636000
2015-07-22,24.2995,24.625,24.245,24.4135,62298000
2015-07-23,24.583,24.583,23.785,24.109,187488000
2015-07-24,28.9495,29.0285,26.4675,26.471,438188000
2015-07-27,26.3875,27.2475,26.33,26.5705,149820000
2015-07-28,26.8,26.8195,26.156,26.3015,105462000
2015-07-29,26.546,26.6485,26.251,26.45,75052000
2015-07-30,26.3825,26.96,26.2145,26.838,74862000
2015-07-31,26.9545,27.142,26.726,26.8075,60512000
2015-08-03,26.8725,27.021999,26.468,26.7515,60284000
2015-08-04,26.4845,26.8475,26.458,26.595,58692000
2015-08-05,26.94,26.957,26.706,26.8505,57788000
2015-08-06,26.965,27.137,26.376,26.473,76410000
2015-08-07,26.458,26.473,25.9105,26.131,79384000
2015-08-10,26.426,26.614,26.15,26.2,52318000
2015-08-11,26.1825,26.449,26.1,26.373,53532000
2015-08-12,26.1875,26.375,25.653,26.2955,79246000
2015-08-13,26.3685,26.733,26.2745,26.483,57904000
2015-08-14,26.4125,26.7055,26.4125,26.576,39896000
2015-08-17,26.5645,26.937,26.356,26.761,51634000
2015-08-18,26.752,26.9745,26.65,26.751,41426000
2015-08-19,26.687,26.8625,26.45,26.646,46480000
2015-08-20,26.5195,26.6625,25.7885,25.789,88160000
2015-08-21,25.368,25.6165,24.7235,24.7235,134130000
2015-08-24,23.179,23.829,22.55,23.1685,201952000
2015-08-25,24.3745,24.472,23.3125,23.3185,113586000
2015-08-26,24.201,25.186,23.938,25.0385,127172000
2015-08-27,25.6855,26.1345,25.363,25.9185,122290000
2015-08-28,25.875,26.075001,25.652,25.9005,54934000
2015-08-31,25.822,25.9705,25.4535,25.6445,60046000
2015-09-01,24.957,25.5,24.6715,24.827,77290000
2015-09-02,25.2545,25.543,24.886,25.5275,74142000
2015-09-03,25.725,25.792,25.1285,25.236,62994000
2015-09-04,24.8825,25.1425,24.782,24.95,53850000
2015-09-08,25.4345,25.9175,25.4255,25.877,76214000
2015-09-09,26.2,26.4975,25.753,25.8445,87414000
2015-09-10,25.7575,26.3065,25.739,26.112,51520000
2015-09-11,26.053499,26.472,26.0305,26.472,64558000
2015-09-14,26.472,26.6225,25.929,26.069,62604000
2015-09-15,26.1625,26.396,25.86,26.1185,57318000
2015-09-16,26.099001,26.415,25.926,26.3695,45056000
2015-09-17,26.349,27.3485,26.3285,26.9435,83390000
2015-09-18,26.731,27.312,26.5675,27.013,123202000
2015-09-21,27.2165,27.489,26.9795,27.4195,65666000
2015-09-22,26.9855,27.1775,26.633,26.92,76834000
2015-09-23,26.915,27.060499,26.7,26.8035,44752000
2015-09-24,26.5275,26.728,26.1435,26.6875,70020000
2015-09-25,27.1285,27.14,26.07,26.2125,80620000
2015-09-28,26.00099945,26.014,24.7165,25.203,108690000
2015-09-29,25.3,25.574,24.525,24.8035,89150000
2015-09-30,25.272,25.64,25.0835,25.5945,80094000
2015-10-01,25.55,26.040001,25.3,26.035999,75370000
2015-10-02,25.6495,26.63,25.405,26.627,91956000
2015-10-05,26.8495,27.2955,26.8,27.184,67828000
2015-10-06,27.275,27.575,26.6665,26.874,90056000
2015-10-07,27.0895,27.1,26.45,27.097,76242000
2015-10-08,26.8355,26.9695,25.9945,26.658,93528000
2015-10-09,26.724,27.0895,26.5135,26.99,70748000
2015-10-12,26.998,27.541,26.99,27.5095,55522000
2015-10-13,27.313,27.66,27.155,27.445,58760000
2015-10-14,27.567,27.6125,26.984,27.2415,71642000
2015-10-15,27.3875,28.15,27.35,28.122,98740000
2015-10-16,28.2635,28.547,28.015499,28.538,86316000
2015-10-19,28.538,28.95,28.369,28.6575,87508000
2015-10-20,28.6,28.65,27.764,28.044001,86924000
2015-10-21,28.1935,28.2625,27.626,27.7885,66872000
2015-10-22,28.135,28.4575,27.8335,28.1955,155588000
2015-10-23,30.884,30.9725,29.768,29.9515,213854000
2015-10-26,30.115,30.4925,29.8145,30.4305,85394000
2015-10-27,30.43,30.7355,30.2765,30.5505,75742000
2015-10-28,30.615,30.8615,30.475,30.855,78524000
2015-10-29,30.885,31.377,30.7695,31.3275,77920000
2015-10-30,31.3005,31.536,31.264,31.295,77488000
2015-11-02,31.3565,31.4315,31.0205,31.4175,56330000
2015-11-03,31.4765,31.4945,31.1,31.2655,64938000
2015-11-04,31.388,32.2965,31.3675,32.047501,96810000
2015-11-05,32.355,32.85,32.1545,32.7825,94476000
2015-11-06,32.75,33.113,32.6,32.9685,81844000
2015-11-09,32.9325,33.098,32.3925,32.7745,80976000
2015-11-10,32.5505,33.0,32.363,32.984,69790000
2015-11-11,33.1625,33.798,33.1625,33.6625,107746000
2015-11-12,33.65,33.782,33.211,33.28,85694000
2015-11-13,33.1785,33.35,32.022499,32.1175,125222000
2015-11-16,32.046001,32.4995,31.1145,32.3905,148718000
2015-11-17,32.5325,32.6625,32.049999,32.165,86404000
2015-11-18,32.3255,33.244,32.3185,33.177,89396000
2015-11-19,33.2495,33.643,32.95,33.063499,94104000
2015-11-20,33.397,33.4435,32.8785,33.4225,77922000
2015-11-23,33.575,34.1385,33.506,33.9495,87702000
2015-11-24,33.707,33.79,33.060501,33.5575,90868000
2015-11-25,33.75,33.985,33.562,33.767,53958000
2015-11-27,34.040001,34.0495,33.605,33.663,39336000
2015-11-30,33.795,34.064499,33.23,33.24,113864000
2015-12-01,33.6875,34.049999,33.393,33.953,95024000
2015-12-02,34.049999,34.241,33.7125,33.8005,85470000
2015-12-03,33.972,34.1395,33.074001,33.3125,101294000
2015-12-04,33.3,33.739,33.07,33.632,90696000
2015-12-07,33.737,33.773,33.025002,33.4915,74656000
2015-12-08,33.1565,33.9995,32.9895,33.8665,73038000
2015-12-09,33.9,33.95,32.784,33.2395,103164000
2015-12-10,33.2795,33.4265,32.978,33.116,69110000
2015-12-11,32.5615,32.894,31.981,32.0074997,109488000
2015-12-14,32.087502,32.9295,31.7635,32.8955,86594000
2015-12-15,33.2515,33.575,32.8675,32.932,95068000
2015-12-16,33.178,33.8675,32.966,33.7885,79290000
2015-12-17,34.0,34.125,33.5325,33.5325,73632000
2015-12-18,33.4325,33.842,33.2065,33.207,136826000
2015-12-21,33.425,33.495,32.9465,33.2255,65018000
2015-12-22,33.3415,33.4245,32.963,33.1575,53356000
2015-12-23,33.325,33.33,32.8315,33.185,54458000
2015-12-24,33.1675,33.234,33.029999,33.1395,21824000
2015-12-28,33.278,33.775,33.275,33.76,75672000
2015-12-29,33.899,34.822,33.8945,34.6985,114700000
2015-12-30,34.5945,34.7745,34.319,34.4535,70380000
2015-12-31,34.304,34.3875,33.7945,33.7945,74992000
2016-01-04,32.8145,32.886,31.3755,31.8495,186290000
2016-01-05,32.343,32.3455,31.3825,31.6895,116452000
2016-01-06,31.1,31.9895,31.015499,31.6325,106584000
2016-01-07,31.09,31.5,30.2605,30.397,141498000
2016-01-08,30.983,31.207,30.3,30.3525,110258000
2016-01-11,30.624,30.9925,29.9285,30.887,97832000
2016-01-12,31.2625,31.2995,30.612,30.8945,94482000
2016-01-13,31.044001,31.044001,28.958,29.0905,153104000
2016-01-14,29.012501,30.1125,28.494,29.65,144760000
2016-01-15,28.612,29.231,28.265,28.509,155690000
2016-01-19,28.8545,29.2,28.3225,28.724,96144000
2016-01-20,28.218,28.9225,27.359,28.5885,159328000
2016-01-21,28.679,29.4405,28.411,28.751,99044000
2016-01-22,29.4365,30.0049992,29.2055,29.819,102402000
2016-01-25,29.8995,30.425,29.728,29.8265,87922000
2016-01-26,30.1725,30.225,29.519,30.0625,75314000
2016-01-27,30.099501,30.1695,28.939,29.1675,103058000
2016-01-28,30.4185,31.903,29.8775,31.7675,280304000
2016-01-29,28.599,29.65,28.5,29.35,293552000
2016-02-01,28.9075,29.09,28.5155,28.7405,127102000
2016-02-02,28.5,28.578,27.5045,27.605,126240000
2016-02-03,27.675,27.8,26.094999,26.5535,200974000
2016-02-04,26.25,26.9495,25.961,26.813,123982000
2016-02-05,26.464,26.4725,24.9595,25.1065,194178000
2016-02-08,24.3235,24.675,23.7605,24.405,196510000
2016-02-09,23.9005,24.919,23.7,24.1035,141558000
2016-02-10,24.588,25.233,24.3,24.524,135724000
2016-02-11,24.5585,25.465,24.2,25.191,147948000
2016-02-12,25.535,25.8375,25.074499,25.354,107696000
2016-02-16,25.974,26.2225,25.583,26.055,102370000
2016-02-17,26.437,26.874,25.9695,26.705,96480000
2016-02-18,27.0595,27.059999,26.1865,26.25,94700000
2016-02-19,26.0355,26.7975,25.7675,26.745,99494000
2016-02-22,27.11,28.032499,27.054001,27.975,111332000
2016-02-23,27.7775,27.8455,27.2665,27.647,81016000
2016-02-24,27.2875,27.7135,26.6575,27.702,124634000
2016-02-25,27.776,27.9695,27.2645,27.7575,90510000
2016-02-26,28.0060005,28.125,27.6585,27.7615,97540000
2016-02-29,27.7,28.2405,27.6255,27.626,82908000
2016-03-01,27.8145,28.9625,27.8,28.952,100770000
2016-03-02,29.0875,29.25,28.685,29.0105,91644000
2016-03-03,28.898,28.9935,28.6555,28.8745,54826000
2016-03-04,29.053499,29.07,28.5535,28.757,68330000
2016-03-07,28.677,28.6815,27.7775,28.14,98538000
2016-03-08,27.8935,28.5675,27.737,28.013,94600000
2016-03-09,27.978,28.0175,27.5065,27.9735,87546000
2016-03-10,28.337,28.35,27.395,27.9465,78398000
2016-03-11,28.3475,28.503,28.1365,28.4805,75426000
2016-03-14,28.35,28.8445,28.1525,28.6685,69084000
2016-03-15,28.55,29.076,28.35,28.851,77536000
2016-03-16,28.832,29.066,28.557,28.7135,70754000
2016-03-17,28.4755,28.57,27.7505,27.972,118562000
2016-03-18,28.047001,28.1165,27.3045,27.604,145938000
2016-03-21,27.4455,27.762,26.929,27.699,103114000
2016-03-22,27.2555,28.138,27.2525,28.024,80012000
2016-03-23,28.049999,28.624,27.905,28.4815,79674000
2016-03-24,28.3555,29.1775,28.354,29.1475,103710000
2016-03-28,29.22,29.2375,28.778,28.9935,62430000
2016-03-29,29.0074997,29.7925,28.825,29.693,87852000
2016-03-30,29.8355,30.162,29.75,29.9345,77810000
2016-03-31,29.964,30.0375,29.6105,29.682,53636000
2016-04-01,29.5245,29.9515,29.415,29.925,58348000
2016-04-04,29.95,29.975,29.5275,29.6595,49416000
2016-04-05,29.5385,29.6735,29.2625,29.307,46178000
2016-04-06,29.376,30.1195,29.375,30.104,56998000
2016-04-07,29.938,29.98,29.454,29.5715,63780000
2016-04-08,29.716,29.893,29.45,29.73,51838000
2016-04-11,29.807,30.2,29.7455,29.7965,54086000
2016-04-12,29.92,30.203,29.6155,30.1585,52822000
2016-04-13,30.384,30.8405,30.2645,30.741,84566000
2016-04-14,30.7535,31.219,30.7535,31.0375,70242000
2016-04-15,31.096001,31.3385,30.9055,31.2945,57754000
2016-04-18,31.2675,31.882,31.248,31.7675,87218000
2016-04-19,31.857,31.9005,31.040001,31.395,81118000
2016-04-20,31.5,31.8275,31.15,31.6495,52188000
2016-04-21,31.55,31.891,31.425,31.55,51926000
2016-04-22,31.2235,31.4125,30.578,31.025,101678000
2016-04-25,30.8305,31.349,30.8125,31.31,53658000
2016-04-26,31.3085,31.3375,30.744,30.844,50428000
2016-04-27,30.59,30.7975,30.063999,30.3285,81376000
2016-04-28,30.777,31.34,29.96,30.1,157452000
2016-04-29,33.3,33.499,32.7,32.9795,206214000
2016-05-02,33.196,34.275,33.1015,34.1925,131570000
2016-05-03,33.868,34.014999,33.5215,33.566,98468000
2016-05-04,33.1295,33.7,33.107,33.545,92710000
2016-05-05,33.6655,33.8245,32.8,32.9545,97682000
2016-05-06,32.8025,33.8475,32.8005,33.6975,87306000
2016-05-09,33.6975,34.349,33.5705,33.9875,79644000
2016-05-10,34.7,35.2275,34.675,35.1535,122112000
2016-05-11,35.2895,35.95,35.0825,35.6615,146764000
2016-05-12,35.869,36.1225,35.5755,35.8965,100964000
2016-05-13,35.732,35.9625,35.3255,35.496,95268000
2016-05-16,35.5065,35.6625,35.014,35.533,108658000
2016-05-17,35.495,35.7235,34.6955,34.7635,102428000
2016-05-18,34.478,35.127,34.438,34.8725,85664000
2016-05-19,34.594,34.97,34.478,34.926,60512000
2016-05-20,35.052502,35.362,35.0,35.14,58324000
2016-05-23,35.2125,35.3,34.821,34.8375,51902000
2016-05-24,34.9005,35.375,34.9,35.21,60676000
2016-05-25,35.4,35.543,35.276,35.4175,65354000
2016-05-26,35.4165,35.75,35.3645,35.7455,48934000
2016-05-27,35.75,35.83,35.555,35.612,44984000
2016-05-31,35.6165,36.2115,35.566,36.1395,72366000
2016-06-01,36.044998,36.3215,35.911,35.972,65262000
2016-06-02,36.0485,36.414,35.775,36.412,60532000
2016-06-03,36.337,36.35,35.9215,36.277,67346000
2016-06-06,36.325,36.575,36.221,36.3365,54096000
2016-06-07,36.4945,36.5,36.0275,36.187,54650000
2016-06-08,36.32,36.471,36.080002,36.332,44468000
2016-06-09,36.155,36.4455,36.115,36.3825,43406000
2016-06-10,36.1175,36.249,35.7105,35.8955,68514000
2016-06-13,35.7005,36.099499,35.558,35.762,67044000
2016-06-14,35.6165,36.040501,35.6135,35.965,50138000
2016-06-15,36.099998,36.128,35.6675,35.713,54188000
2016-06-16,35.6025,35.9,35.265,35.8755,61960000
2016-06-17,35.9095,35.91,34.959,35.3195,117956000
2016-06-20,35.675,36.065498,35.5405,35.7005,73544000
2016-06-21,35.786,35.92,35.636,35.791,42750000
2016-06-22,35.829,35.85,35.3785,35.53,45210000
2016-06-23,35.775,36.106,35.625,36.104,56500000
2016-06-24,34.65,35.6265,34.61,34.948,152650000
2016-06-27,34.6005,34.841,34.106,34.568,111360000
2016-06-28,35.0,35.4,34.9085,35.3975,80740000
2016-06-29,35.7875,35.975,35.677,35.78,61402000
2016-06-30,35.86,35.9685,35.627,35.781,57102000
2016-07-01,35.866,36.4,35.827,36.284,58408000
2016-07-05,36.14,36.478,35.9805,36.405,48628000
2016-07-06,36.2855,36.8885,36.129,36.8805,78764000
2016-07-07,36.9665,36.9775,36.5815,36.8285,58916000
2016-07-08,37.007,37.305,36.9,37.2905,68584000
2016-07-11,37.5,37.795,37.35,37.689,63906000
2016-07-12,37.843,37.867,37.016499,37.4105,112474000
2016-07-13,37.338,37.8435,37.0625,37.1315,82846000
2016-07-14,37.443,37.452,36.951,37.060001,47810000
2016-07-15,37.3275,37.3275,36.7025,36.772,62428000
2016-07-18,36.7745,37.080002,36.436,36.8035,59098000
2016-07-19,36.625,37.1665,36.6155,36.9975,44336000
2016-07-20,37.2,37.3125,37.035,37.286,44280000
2016-07-21,37.375,37.468,37.1395,37.2215,46342000
2016-07-22,37.3895,37.564,37.1765,37.243,45554000
2016-07-25,37.3275,37.425,36.7675,36.9805,53586000
2016-07-26,37.1355,37.1565,36.6375,36.7795,50594000
2016-07-27,36.8985,37.047001,36.693,36.8335,58262000
2016-07-28,37.299,37.668,36.985,37.6305,152352000
2016-07-29,38.25,38.3,37.75,37.9405,135542000
2016-08-01,37.9935,38.525,37.853,38.387,71564000
2016-08-02,38.1905,38.2505,37.851,38.028999,72066000
2016-08-03,37.853,37.9445,37.6125,37.732,71630000
2016-08-04,37.685,38.25,37.5175,38.038502,63564000
2016-08-05,38.2405,38.4235,38.1545,38.299,54088000
2016-08-08,38.3405,38.35,38.050999,38.328,39726000
2016-08-09,38.3695,38.63,38.345,38.4155,37522000
2016-08-10,38.49,38.605,38.3095,38.428,32086000
2016-08-11,38.497,38.6875,38.456,38.562,40394000
2016-08-12,38.423,38.6575,38.421,38.628,31266000
2016-08-15,38.595,38.602,38.3855,38.4245,42370000
2016-08-16,38.431,38.4365,38.191,38.202,32092000
2016-08-17,38.2205,38.261,37.96,38.2315,37822000
2016-08-18,38.2,38.2585,38.029999,38.223,29176000
2016-08-19,38.095001,38.1245,37.8445,37.8655,46864000
2016-08-22,37.875,37.9925,37.605,37.974,33586000
2016-08-23,38.1655,38.235,38.049999,38.1225,30482000
2016-08-24,38.15,38.1705,37.768,37.8625,34882000
2016-08-25,37.8,38.028,37.737,37.961,32460000
2016-08-26,38.0024986,38.5,37.99,38.45,55536000
2016-08-29,38.436,38.749,38.43,38.5645,43972000
2016-08-30,38.5525,38.592,38.278,38.379,34184000
2016-08-31,38.33,38.482,38.2,38.458,32676000
2016-09-01,38.545,38.602,38.3375,38.531,35846000
2016-09-02,38.7055,38.8,38.585,38.622,43636000
2016-09-06,38.702,39.474,38.511,39.4435,74396000
2016-09-07,39.4765,39.5395,39.2165,39.224,48492000
2016-09-08,39.1945,39.325,39.071999,39.203,40610000
2016-09-09,38.968,39.049999,38.0055008,38.007,85146000
2016-09-12,37.8675,38.633,37.8,38.5745,62494000
2016-09-13,38.4385,38.4945,37.9525,38.050499,62344000
2016-09-14,38.11,38.375,37.9425,38.054501,50460000
2016-09-15,38.099998,38.5435,37.879,38.4845,60680000
2016-09-16,38.664,39.022999,38.583,38.926,109984000
2016-09-19,38.9985,39.097,38.55,38.755,45944000
2016-09-20,38.8,39.068501,38.8,39.011002,38744000
2016-09-21,39.1625,39.5345,38.9505,39.487,54372000
2016-09-22,39.7135,40.2945,39.7135,40.235,81578000
2016-09-23,40.1565,40.3875,40.106,40.2875,47070000
2016-09-26,40.09,40.2965,39.8575,39.958,53028000
2016-09-27,40.092499,40.832,40.0555,40.8055,76392000
2016-09-28,40.9,41.507,40.8515,41.436,88442000
2016-09-29,41.413,41.875,41.2315,41.4525,98444000
2016-09-30,41.6305,41.9975,41.62,41.8655,88612000
2016-10-03,41.8,41.993,41.5625,41.837,55388000
2016-10-04,42.045502,42.1185,41.513,41.7015,59006000
2016-10-05,41.9,42.2835,41.806,42.218,69382000
2016-10-06,42.185,42.3605,42.029999,42.083,53680000
2016-10-07,42.2895,42.2975,41.8725,41.9715,48524000
2016-10-10,42.1625,42.26,42.0135,42.085499,36542000
2016-10-11,42.050999,42.064499,41.4175,41.55,71764000
2016-10-12,41.7,41.8835,41.505,41.7045,47608000
2016-10-13,41.45,41.59,41.060501,41.464,61828000
2016-10-14,41.754,41.787,41.148,41.148,59996000
2016-10-17,41.075001,41.099998,40.584,40.6475,67230000
2016-10-18,41.1055,41.163,40.751,40.8825,50250000
2016-10-19,41.02,41.033501,40.7585,40.8845,41814000
2016-10-20,40.6995,40.7855,40.155,40.516,63040000
2016-10-21,40.468,40.971,40.45,40.9495,55860000
2016-10-24,41.2475,41.915,41.1105,41.9045,81218000
2016-10-25,41.965,42.1545,41.661,41.759,64968000
2016-10-26,41.638,41.672,41.0,41.1295,79962000
2016-10-27,41.562,41.586,40.7715,40.918,148128000
2016-10-28,39.099998,39.4745,38.7305,38.816,216822000
2016-10-31,39.051498,39.685,39.0055008,39.491,108266000
2016-11-01,39.95,40.042,38.8355,39.2705,106108000
2016-11-02,39.1965,39.2375,38.1775,38.278,100530000
2016-11-03,38.2525,38.85,38.2,38.3515,77450000
2016-11-04,38.1395,38.3,37.6615,37.7525,102442000
2016-11-07,38.582,39.3865,38.547,39.2465,119688000
2016-11-08,39.2485,39.587,38.955,39.3875,68252000
2016-11-09,38.2,38.875,38.0045013,38.594,171258000
2016-11-10,38.9405,38.9415,35.885,37.119,254940000
2016-11-11,36.7865,37.163,36.445,36.9505,132456000
2016-11-14,37.2755,37.3,35.505,35.9535,146426000
2016-11-15,36.5,37.339,36.2995,37.162,135116000
2016-11-16,36.994,37.4935,36.7805,37.3245,72976000
2016-11-17,37.466,37.875,37.4,37.82,73802000
2016-11-18,38.049999,38.387,37.882,38.0079994,87468000
2016-11-21,38.3,39.017502,38.2555,39.0,92292000
2016-11-22,39.4085,39.62,39.049999,39.2665,106226000
2016-11-23,39.086498,39.087502,38.656,39.0060005,70806000
2016-11-25,39.325,39.3375,38.895,39.018501,36742000
2016-11-28,38.8495,38.85,38.212,38.3385,88776000
2016-11-29,38.4,38.4945,38.066002,38.126,65446000
2016-11-30,38.099998,38.4045,37.5125,37.5285,92518000
2016-12-01,37.6205,37.6685,36.9015,37.1825,93320000
2016-12-02,37.17,37.4245,36.835,37.016998,71226000
2016-12-05,37.25,38.074501,37.099998,37.968,86294000
2016-12-06,38.1995,38.412,37.8625,38.236,75894000
2016-12-07,38.2275,38.521,37.791,38.521,73698000
2016-12-08,38.5935,38.6895,38.2595,38.3665,63792000
2016-12-09,38.5,38.5125,38.267,38.433,49418000
2016-12-12,38.32,38.3445,37.86,38.0060005,59278000
2016-12-13,38.248,39.123,38.099998,38.717,105706000
2016-12-14,38.9125,39.042999,38.1405,38.441,109096000
2016-12-15,38.314,38.455,38.015499,38.049999,76038000
2016-12-16,38.25,38.2565,37.7,37.8885,96964000
2016-12-19,37.9445,38.525,37.808,38.3,62264000
2016-12-20,38.4325,38.7195,38.3855,38.561,54072000
2016-12-21,38.5,38.561,38.285,38.53,40892000
2016-12-22,38.406,38.5605,38.151,38.317,50872000
2016-12-23,38.2275,38.325,37.8995,38.029499,39632000
2016-12-27,38.17,38.7325,38.060001,38.57,52774000
2016-12-28,38.8125,39.0,38.525,38.6065,66020000
2016-12-29,38.62,38.67,38.0425,38.2575,63166000
2016-12-30,38.3235,38.37,37.414,37.4935,82788000
2017-01-03,37.896,37.938,37.385,37.6835,70422000
2017-01-04,37.9195,37.984,37.71,37.859,50210000
2017-01-05,38.077499,39.12,38.013,39.022499,116602000
2017-01-06,39.118,39.972,38.924,39.7995,119724000
2017-01-09,39.9,40.088501,39.5885,39.846,68922000
2017-01-10,39.83,39.9,39.477,39.795,51168000
2017-01-11,39.683,39.975,39.4755,39.951,59856000
2017-01-12,40.015499,40.7065,39.975,40.682,97478000
2017-01-13,40.716,41.0825,40.57,40.857,75838000
2017-01-17,40.785,40.8,40.172,40.486,73410000
2017-01-18,40.475,40.5865,40.2135,40.374,47084000
2017-01-19,40.5,40.6755,40.366,40.452,50816000
2017-01-20,40.764,40.801,40.313,40.4165,67524000
2017-01-23,40.34,40.925,40.254,40.894,55950000
2017-01-24,41.099998,41.1995,40.725,41.122,59434000
2017-01-25,41.2895,41.871,41.2645,41.826,78452000
2017-01-26,41.7765,42.192,41.65,41.9575,71726000
2017-01-27,41.95,41.985,41.472,41.7885,59974000
2017-01-30,41.65,41.675,40.819,41.519,74946000
2017-01-31,41.1875,41.3495,40.978,41.174,62744000
2017-02-01,41.4605,41.689,41.247,41.6175,77004000
2017-02-02,41.8295,42.1245,41.413,41.9975,147010000
2017-02-03,40.336,40.915,40.2,40.51,217376000
2017-02-06,40.49,40.536,40.15,40.382,77946000
2017-02-07,40.4655,40.808,40.375,40.625,69322000
2017-02-08,40.6345,41.074001,40.625,40.9855,57160000
2017-02-09,41.080002,41.25,40.9855,41.068001,49698000
2017-02-10,41.191,41.4,41.1425,41.373,48592000
2017-02-13,41.581,42.15,41.4275,41.8265,83452000
2017-02-14,41.85,41.9155,41.5725,41.8195,55848000
2017-02-15,41.7,42.1405,41.641,42.135,59378000
2017-02-16,42.091999,42.25,41.969,42.207,54294000
2017-02-17,42.099998,42.3635,42.036499,42.2535,62246000
2017-02-21,42.442,42.899,42.3625,42.822,70154000
2017-02-22,42.8475,42.9215,42.609,42.7805,52340000
2017-02-23,42.8785,43.042999,42.4,42.6095,69240000
2017-02-24,42.2345,42.2905,41.8875,42.262,73760000
2017-02-27,42.119,42.625,41.9835,42.432,54272000
2017-02-28,42.5725,42.7045,42.1025,42.252,55874000
2017-03-01,42.6525,42.7415,42.4505,42.654,55202000
2017-03-02,42.654,42.741,42.364,42.4455,42642000
2017-03-03,42.36,42.5995,42.3135,42.494,38822000
2017-03-06,42.2615,42.4245,42.056,42.3305,52208000
2017-03-07,42.274,42.423,42.1875,42.301,44952000
2017-03-08,42.4,42.6535,42.3395,42.525,45730000
2017-03-09,42.55,42.82,42.5155,42.65,40964000
2017-03-10,42.85,42.8675,42.586,42.623,48728000
2017-03-13,42.5885,42.7845,42.5855,42.7295,38194000
2017-03-14,42.6775,42.6875,42.3775,42.6265,42612000
2017-03-15,42.7165,42.7225,42.3555,42.6485,51244000
2017-03-16,42.765,42.775,42.5255,42.671,36846000
2017-03-17,42.6745,42.6915,42.532,42.6155,67688000
2017-03-20,42.5755,42.89,42.5505,42.8485,45654000
2017-03-21,42.942,43.14,42.065498,42.16,87658000
2017-03-22,42.0215,42.4685,41.9525,42.403,53174000
2017-03-23,42.41,42.5445,42.24,42.369,39060000
2017-03-24,42.584,42.59,42.1765,42.2805,42766000
2017-03-27,41.9035,42.515,41.675,42.341,55116000
2017-03-28,42.5875,42.923,42.505,42.8,60832000
2017-03-29,42.9525,43.822,42.951,43.716,89716000
2017-03-30,43.7475,43.853,43.583,43.817,55254000
2017-03-31,43.85,44.5175,43.8325,44.327,79152000
2017-04-03,44.4,44.6745,44.271,44.5755,68446000
2017-04-04,44.575,45.427,44.514,45.3415,99694000
2017-04-05,45.541,46.186,45.281,45.464,150168000
2017-04-06,45.69,45.8595,44.7245,44.914,126882000
2017-04-07,44.9825,45.0045013,44.4655,44.744,74218000
2017-04-10,44.9815,45.4255,44.95,45.352,63686000
2017-04-11,45.352,45.562,44.875,45.118,60254000
2017-04-12,45.1545,45.2045,44.7625,44.8115,49122000
2017-04-13,44.5725,44.7485,44.2245,44.2335,63492000
2017-04-17,44.375,45.119,44.375,45.099499,57094000
2017-04-18,45.0495,45.4805,45.039001,45.189,59984000
2017-04-19,45.392,45.525,44.8685,44.96,57404000
2017-04-20,44.985,45.266,44.8145,45.103,56288000
2017-04-21,45.1335,45.1825,44.8385,44.9265,48410000
2017-04-24,45.434,45.4995,45.191,45.3705,62458000
2017-04-25,45.352,45.474,45.15,45.381,67612000
2017-04-26,45.515,45.7875,45.378,45.4645,52178000
2017-04-27,45.7195,46.092999,45.6055,45.919,106110000
2017-04-28,47.4415,47.4795,46.2165,46.2495,147294000
2017-05-01,46.39,47.72,46.39,47.4115,109330000
2017-05-02,47.3325,47.505,47.070499,47.347,76976000
2017-05-03,47.3,47.3,46.795,47.051498,71654000
2017-05-04,47.2375,47.25,46.711,46.8765,48368000
2017-05-05,47.026001,47.039501,46.515,46.7075,57328000
2017-05-08,47.047501,47.4525,46.9605,47.452,68314000
2017-05-09,47.64,47.8945,47.51,47.641,65242000
2017-05-10,47.675,47.6875,47.25,47.4475,41930000
2017-05-11,47.2555,47.5145,47.039001,47.381,43882000
2017-05-12,47.725,48.1395,47.5765,48.067501,72518000
2017-05-15,47.9365,48.1575,47.803,47.8985,85412000
2017-05-16,48.049999,48.503,48.045502,48.3035,62522000
2017-05-17,47.735,48.02,47.206,47.238,102912000
2017-05-18,47.24,48.1375,47.238,47.9245,78786000
2017-05-19,48.142,48.446,47.986,47.992,79442000
2017-05-22,48.2,48.569,48.145,48.5335,52844000
2017-05-23,48.751,48.76,48.3425,48.577,48312000
2017-05-24,48.8,49.049999,48.5115,49.017502,48920000
2017-05-25,49.2425,49.95,49.1055,49.669,96440000
2017-05-26,49.75,49.9325,49.4625,49.789,69384000
2017-05-30,49.8255,50.060001,49.776,49.835,65262000
2017-05-31,50.0,50.0060005,49.108,49.731,78262000
2017-06-01,49.9295,49.9495,49.5685,49.7975,49096000
2017-06-02,49.9495,50.424,49.7835,50.3365,75046000
2017-06-05,50.3615,50.6605,50.1755,50.567,54398000
2017-06-06,50.6,50.825,50.0625,50.15,66928000
2017-06-07,50.2975,50.5125,50.099998,50.5035,56460000
2017-06-08,50.603,50.6805,50.3055,50.5135,55358000
2017-06-09,50.625,50.6495,46.35,48.9155,152954000
2017-06-12,48.35,48.7975,47.25,48.2455,188944000
2017-06-13,48.8995,49.225,48.305,49.039501,91600000
2017-06-14,49.4295,49.517,48.3355,48.8235,79498000
2017-06-15,47.935,48.2865,47.543,48.2085,107478000
2017-06-16,49.8,49.9875,49.099998,49.3855,229454000
2017-06-19,50.85,50.85,49.495,49.7585,100868000
2017-06-20,49.9,50.244,49.601,49.6295,81536000
2017-06-21,49.935,50.136,49.6325,50.1115,58450000
2017-06-22,50.1115,50.348,49.86,50.064999,45068000
2017-06-23,50.127,50.231,49.901,50.187,57582000
2017-06-26,50.425,50.49,49.6,49.699,67724000
2017-06-27,49.5345,49.94,48.8,48.839,75648000
2017-06-28,48.9275,49.534,48.4605,49.5165,74752000
2017-06-29,48.95,49.378,48.2625,48.7965,86060000
2017-06-30,49.0060005,49.1735,48.3805,48.4,67806000
2017-07-03,48.6395,48.7245,47.55,47.683,58182000
2017-07-05,48.0765,48.75,47.7625,48.57,73060000
2017-07-06,48.233,48.72,47.951,48.257,65192000
2017-07-07,48.4775,49.0055008,48.457,48.938,52868000
2017-07-10,49.25,49.972,49.175,49.8235,70926000
2017-07-11,49.65,49.7995,49.186,49.7065,59654000
2017-07-12,50.032501,50.4275,49.905,50.3255,72172000
2017-07-13,50.231,50.344,49.795,50.031502,57616000
2017-07-14,50.12,50.2225,49.8445,50.0905,42050000
2017-07-17,50.2345,50.7375,50.1905,50.502,74252000
2017-07-18,50.3,51.3015,50.2,51.2225,80152000
2017-07-19,51.25,51.5795,51.125,51.3435,59280000
2017-07-20,51.5795,51.7485,51.126,51.435,61950000
2017-07-21,51.063999,51.305,50.55,51.2835,54692000
2017-07-24,51.417,52.1505,51.3715,51.9475,65760000
2017-07-25,51.9025,52.1665,51.624,51.9935,48952000
2017-07-26,52.16,52.66,52.16,52.64,58426000
2017-07-27,53.4775,54.1655,52.0089989,52.3,219834000
2017-07-28,50.607,51.6425,50.049999,51.0019989,154188000
2017-07-31,50.9525,50.9525,49.351,49.389,147042000
2017-08-01,49.8055,50.32,49.579,49.8095,91452000
2017-08-02,50.088501,50.1605,49.086498,49.7945,81400000
2017-08-03,49.9735,49.975,49.2295,49.346,65116000
2017-08-04,49.484,49.5835,49.099998,49.379,54606000
2017-08-07,49.5325,49.75,49.357,49.6135,53532000
2017-08-08,49.7175,49.814,49.2895,49.492,58056000
2017-08-09,49.13,49.4,48.7635,49.1005,71394000
2017-08-10,48.815,48.993,47.734,47.846,113682000
2017-08-11,48.0,48.5195,47.569,48.3995,69360000
2017-08-14,48.9205,49.275,48.8095,49.165,63458000
2017-08-15,49.445,49.587,49.099998,49.137,50986000
2017-08-16,49.0825,49.323,48.661,48.909,62642000
2017-08-17,48.892,48.892,48.015999,48.0285,70248000
2017-08-18,48.07,48.2715,47.7325,47.9235,65696000
2017-08-21,47.8785,48.060001,47.273,47.6645,63290000
2017-08-22,47.776,48.3965,47.775,48.345,55000000
2017-08-23,47.969,48.099998,47.71,47.9,53366000
2017-08-24,47.871,47.95,47.056999,47.6225,103914000
2017-08-25,47.8,47.881,47.205,47.263,66496000
2017-08-28,47.327,47.65,47.1125,47.301,51934000
2017-08-29,47.0,47.8,46.8165,47.703,57486000
2017-08-30,47.922,48.4705,47.8455,48.3795,58092000
2017-08-31,48.735,49.049999,48.638,49.029999,66630000
2017-09-01,49.21,49.225,48.844,48.9125,50718000
2017-09-05,48.77,48.8385,48.018501,48.2635,57664000
2017-09-06,48.416,48.592,48.029999,48.39,42598000
2017-09-07,48.7,49.029499,48.6275,48.9735,51336000
2017-09-08,48.955,48.994,48.1735,48.295,52106000
2017-09-11,48.723,49.097,48.711,48.898,43734000
2017-09-12,49.1635,49.2335,48.776,49.129,49622000
2017-09-13,49.1985,50.0,48.971,49.98,67494000
2017-09-14,49.84,49.928,49.387,49.6105,78266000
2017-09-15,49.6505,49.8125,49.2015,49.3395,75204000
2017-09-18,49.52,49.6395,48.4085,48.7095,68226000
2017-09-19,48.8625,48.912,48.373,48.493,53422000
2017-09-20,48.5895,48.7405,48.108,48.6605,57776000
2017-09-21,48.5655,48.585,48.101,48.2325,46752000
2017-09-22,48.050499,48.2805,47.721,47.755,52836000
2017-09-25,47.4655,47.471,46.6445,46.9895,102480000
2017-09-26,47.2745,47.4315,46.5875,46.93,71296000
2017-09-27,47.4,47.765,47.165,47.5435,62978000
2017-09-28,47.593,47.985,47.505,47.82,50452000
2017-09-29,48.0055008,48.2415,47.919,48.067501,50876000
2017-10-02,48.2,48.3655,47.606,47.9595,48858000
2017-10-03,47.9,48.1845,47.5185,47.855,53332000
2017-10-04,47.7105,48.3895,47.7025,48.2725,50548000
2017-10-05,48.5,49.0755,48.482,49.0425,64584000
2017-10-06,48.782,49.7875,48.782,49.479,75642000
2017-10-09,49.662,49.925,49.375,49.5495,58772000
2017-10-10,49.8335,49.8975,49.0050011,49.36,61698000
2017-10-11,49.5635,49.775,49.335,49.75,46742000
2017-10-12,49.8405,50.422,49.62,50.046501,81346000
2017-10-13,50.35,50.3885,50.051498,50.147,48630000
2017-10-16,50.422,50.4785,50.051998,50.317,40178000
2017-10-17,50.2795,50.5735,50.219,50.4565,46394000
2017-10-18,50.4635,51.1155,49.8275,49.85,49994000
2017-10-19,49.5,49.5525,49.012001,49.3305,62164000
2017-10-20,49.6765,49.731,49.099998,49.1455,47302000
2017-10-23,49.3365,49.339,48.125,48.315,69882000
2017-10-24,48.45,48.9925,48.25,48.795,54478000
2017-10-25,48.9,49.222,48.312,48.6455,60662000
2017-10-26,49.016499,49.145,48.4275,48.6215,112374000
2017-10-27,52.907,55.279,52.5275,55.047501,331300000
2017-10-30,54.7505,56.1395,54.678,55.5425,132262000
2017-10-31,55.45,55.527,55.056,55.264,69540000
2017-11-01,55.27,55.4485,54.837,55.184,75110000
2017-11-02,54.8905,55.097,54.3435,54.711,73698000
2017-11-03,54.5575,55.634,54.426,55.58,75030000
2017-11-06,55.4575,56.2705,55.4385,56.033001,67622000
2017-11-07,56.237,56.53,55.875,56.1585,53780000
2017-11-08,56.141,56.777,55.9555,56.644,51630000
2017-11-09,56.298,56.481,55.7885,56.4565,74654000
2017-11-10,56.305,56.5875,56.203,56.2675,43598000
2017-11-13,56.15,56.995,56.117,56.4585,58368000
2017-11-14,56.5055,56.9,56.1945,56.842,62768000
2017-11-15,56.3505,56.5875,56.081501,56.3345,78574000
2017-11-16,56.508,56.908,56.5025,56.8645,44266000
2017-11-17,56.914,56.94,56.2905,56.494,48268000
2017-11-20,56.4885,56.671,56.1275,56.3155,43278000
2017-11-21,56.643,57.0,56.41,56.9745,49588000
2017-11-22,57.049999,58.0135,57.049999,57.808,71106000
2017-11-24,58.035,59.342,58.035,59.3,70560000
2017-11-27,60.133,60.6705,59.5575,59.7915,134880000
2017-11-28,60.244,60.267,59.426,59.68,91188000
2017-11-29,59.74,59.74,57.2595,58.063499,185150000
2017-11-30,58.355,58.9285,58.0,58.8375,90184000
2017-12-01,58.6025,58.9825,57.6,58.1175,82142000
2017-12-04,58.6925,58.76,56.4,56.6975,118638000
2017-12-05,56.413,57.9635,56.237,57.078499,81596000
2017-12-06,56.8995,57.7945,56.804,57.6175,57066000
2017-12-07,57.8295,58.1595,57.55,57.9895,50232000
2017-12-08,58.52,58.6395,57.855,58.099998,61002000
2017-12-11,58.23,58.495,57.85,58.446,47270000
2017-12-12,58.3255,58.68,58.080502,58.254,44718000
2017-12-13,58.5,58.5435,58.0135,58.2065,52336000
2017-12-14,58.1855,58.8965,58.1225,58.713,64286000
2017-12-15,58.9515,59.1375,58.4665,58.957,95572000
2017-12-18,59.3685,59.739,59.045502,59.529,58952000
2017-12-19,59.4575,59.6485,58.957,59.369,51756000
2017-12-20,59.525,59.55,58.8,58.881,47424000
2017-12-21,58.795,58.9585,58.382,58.738,42462000
2017-12-22,58.604,58.731,58.3915,58.418,31702000
2017-12-26,58.418,58.916,58.0275,58.838,40104000
2017-12-27,58.9955,59.3645,58.7805,59.113,37344000
2017-12-28,59.45,59.505,59.219,59.305,36834000
2017-12-29,59.1175,59.2,58.375,58.4735,53768000
2018-01-02,58.6,59.5,58.5255,59.4505,53890000
2018-01-03,59.415,60.2745,59.415,60.21,62176000
2018-01-04,60.25,60.7935,60.233,60.4795,60442000
2018-01-05,60.8755,61.457,60.5,61.457,70894000
2018-01-08,61.8,62.654,61.6015,62.3435,85590000
2018-01-09,62.845,62.9665,62.088001,62.635,73226000
2018-01-10,62.2575,62.7165,61.8615,62.7165,53720000
2018-01-11,62.987,63.8385,62.823,63.834,62500000
2018-01-12,63.6695,65.288,63.6695,65.26,108874000
2018-01-16,66.15,66.997,64.615,65.243,144414000
2018-01-17,65.612,65.7,64.043999,64.75,105076000
2018-01-18,64.6975,65.23,64.201,64.666,80538000
2018-01-19,65.6,65.65,64.6495,64.729,91570000
2018-01-22,64.8585,66.3725,64.833,66.3655,82802000
2018-01-23,66.9045,68.245,66.867,68.127,103386000
2018-01-24,68.741,69.408,66.9,67.8755,136150000
2018-01-25,68.4,68.917,67.881,68.8975,95060000
2018-01-26,69.6005,70.1265,69.045502,70.1025,97146000
2018-01-29,70.459,71.5695,70.022003,70.884,114038000
2018-01-30,70.1585,71.9625,69.6,71.891,117438000
2018-01-31,72.565,73.629,72.502,72.5445,128494000
2018-02-01,72.25,72.994,69.257,69.5,182276000
2018-02-02,73.8695,74.9,70.7,71.4975,222514000
2018-02-05,70.131,72.949,66.036003,69.5,229900000
2018-02-06,68.072998,72.1995,67.5895,72.142,221336000
2018-02-07,72.45,73.0495,70.7575,70.839,143254000
2018-02-08,71.484,71.6875,67.497,67.525,171572000
2018-02-09,68.6745,69.175,63.2965,66.98,282830000
2018-02-12,68.2335,69.6905,67.2005,69.3115,134778000
2018-02-13,69.2965,70.986,69.1765,70.7255,118358000
2018-02-14,70.3125,72.603,70.168,72.5525,119184000
2018-02-15,73.3445,73.447,71.842,73.087997,113054000
2018-02-16,72.8685,73.29,72.328,72.4345,89452000
2018-02-20,72.3245,74.4385,72.3245,73.4175,129984000
2018-02-21,74.25,75.1745,73.946,74.146,126088000
2018-02-22,74.768,75.127,73.788,74.267,97162000
2018-02-23,74.767,75.0,74.325,75.0,88362000
2018-02-26,75.46,76.142,75.35,76.097504,99100000
2018-02-27,76.225,76.339,75.3605,75.599,96176000
2018-02-28,75.9755,76.435,75.6,75.6225,90300000
2018-03-01,75.68,75.9245,73.25,74.6725,136704000
2018-03-02,73.455,75.052498,72.7505,75.012497,131752000
2018-03-05,74.712,76.269,74.050003,76.1805,104678000
2018-03-06,76.66,77.1065,76.4,76.882,91234000
2018-03-07,76.326,77.295,76.1255,77.25,83482000
2018-03-08,77.5,77.744,77.2625,77.593,77252000
2018-03-09,78.175,78.947,77.954,78.9445,90686000
2018-03-12,79.63,80.2665,79.335,79.9195,103484000
2018-03-13,80.798,80.877,78.9005,79.409,130638000
2018-03-14,79.85,80.322,79.5445,79.55,85188000
2018-03-15,79.75,79.8455,78.9055,79.116,81394000
2018-03-16,79.1725,79.472,78.375,78.584,108500000
2018-03-19,77.7265,78.083,76.2675,77.2465,131616000
2018-03-20,77.517,79.35,77.2705,79.3255,91632000
2018-03-21,79.3225,79.5,78.1585,79.093002,95016000
2018-03-22,78.2735,78.6925,77.12,77.246,126412000
2018-03-23,76.9505,77.451,74.768,74.778,160120000
2018-03-26,76.5,77.8495,74.9625,77.793,112494000
2018-03-27,78.62,78.7985,74.116,74.8525,139992000
2018-03-28,72.35,72.795,69.3085,71.571,274106000
2018-03-29,70.3,72.7735,68.26,72.367,251622000
2018-04-02,70.881,71.068001,67.75,68.5995,209272000
2018-04-03,69.569,70.7,67.7665,69.6025,204624000
2018-04-04,67.912,70.7695,67.644,70.5285,139646000
2018-04-05,72.099503,72.978,71.3535,72.5875,128270000
2018-04-06,71.4985,72.625,70.013,70.2615,117646000
2018-04-09,71.2515,71.924,70.1285,70.304,84164000
2018-04-10,71.5995,71.919,70.785,71.811,85082000
2018-04-11,71.972,72.439,71.2445,71.3525,71650000
2018-04-12,71.975,72.606,71.753,72.425,62700000
2018-04-13,72.457,72.989,71.226,71.5395,73706000
2018-04-16,72.25,72.35,71.374,72.074997,56172000
2018-04-17,73.115,75.3595,72.851,75.1915,102288000
2018-04-18,75.7325,76.69,75.2055,76.392,104550000
2018-04-19,77.161,78.426,76.953,77.8455,130474000
2018-04-20,78.059998,78.059998,75.8045,76.3745,110832000
2018-04-23,77.3345,77.4,75.1705,75.893,89308000
2018-04-24,76.79,76.975,72.4225,73.0045013,149894000
2018-04-25,72.9,73.4995,70.751,73.0084991,131746000
2018-04-26,74.2505,76.471,73.925,75.898,176022000
2018-04-27,81.7005,81.905,78.3695,78.631,261064000
2018-04-30,79.125,79.8,78.046997,78.3065,109282000
2018-05-01,78.161,79.25,77.609,79.113,91442000
2018-05-02,79.049004,79.425,78.318,78.484,87206000
2018-05-03,78.00050354,78.74,77.301,78.604,85038000
2018-05-04,78.1225,79.245,78.1095,79.047501,68872000
2018-05-07,79.467,80.3475,79.3915,80.0070038,76038000
2018-05-08,79.75,79.844,79.1255,79.6195,61358000
2018-05-09,80.0,80.4,79.6,80.4,72746000
2018-05-10,80.424,80.78,80.172,80.454,56350000
2018-05-11,80.5495,80.555,79.8945,80.1455,45278000
2018-05-14,80.2,80.559,80.0025024,80.077003,50190000
2018-05-15,79.39,79.39,78.261,78.806,101550000
2018-05-16,78.875,79.7215,78.8335,79.364,51412000
2018-05-17,79.028,79.702,78.65,79.087997,42952000
2018-05-18,79.066498,79.1795,78.605,78.7185,52852000
2018-05-21,79.25,79.6025,78.75,79.273,58504000
2018-05-22,79.4945,79.4945,78.7625,79.07,42312000
2018-05-23,78.5525,80.093002,78.317,80.093002,67238000
2018-05-24,79.9015,80.412,79.419,80.1535,68600000
2018-05-25,80.15,80.706,80.022499,80.5075,53968000
2018-05-29,80.0355,81.0895,80.0074997,80.6435,76930000
2018-05-30,80.905,81.3,80.6465,81.2445,58148000
2018-05-31,81.15,81.75,81.067497,81.481,63326000
2018-06-01,81.8515,82.3365,81.7545,82.077003,66268000
2018-06-04,82.445,83.284,82.2745,83.2635,63754000
2018-06-05,83.6495,84.95,83.503,84.8175,95644000
2018-06-06,85.2255,85.725,84.3235,84.7875,109464000
2018-06-07,84.928,84.995,83.8055,84.465,75314000
2018-06-08,84.056,84.472,83.6505,84.1995,59102000
2018-06-11,84.0755,84.712,84.029503,84.456,46710000
2018-06-12,84.65,84.9755,84.576,84.9375,45184000
2018-06-13,85.1405,85.6875,85.0059967,85.243,66550000
2018-06-14,85.674,86.24,85.4435,86.193,63488000
2018-06-15,85.7,86.043503,85.426,85.7985,95552000
2018-06-18,85.313,86.337,85.128,86.1895,62154000
2018-06-19,85.452,86.8055,85.019501,86.739,85802000
2018-06-20,87.125,88.1465,87.068001,87.504,86652000
2018-06-21,88.0,88.155,85.878,86.511,98822000
2018-06-22,87.131,87.15,85.595,85.7835,81502000
2018-06-25,85.1255,85.25,82.3155,83.1575,150224000
2018-06-26,83.6185,85.078499,83.167,84.5545,87732000
2018-06-27,85.4055,85.5975,83.0,83.025497,97444000
2018-06-28,83.627,85.275,83.058502,85.072502,90594000
2018-06-29,85.85,86.1705,84.716,84.99,90870000
2018-07-02,84.135,85.6945,83.903,85.689,63714000
2018-07-03,86.198,86.25,84.624,84.698,43546000
2018-07-05,85.269,85.5345,84.1075,84.9865,59662000
2018-07-06,84.8,85.7635,84.5835,85.5315,53006000
2018-07-09,86.2025,86.978,85.8115,86.951,60240000
2018-07-10,86.9265,87.5,86.55,87.1535,60058000
2018-07-11,86.8995,87.848,86.7,87.75,64196000
2018-07-12,88.2255,89.9,88.109,89.831,90654000
2018-07-13,90.1965,90.765,89.7615,90.6515,87664000
2018-07-16,91.097504,92.097504,90.7225,91.1245,109324000
2018-07-17,90.578,92.5845,89.869,92.1965,113658000
2018-07-18,92.4,92.944,91.5635,92.146,97238000
2018-07-19,91.473,92.050003,90.5635,90.6485,93538000
2018-07-20,91.2505,91.742,90.503,90.685,77688000
2018-07-23,90.6105,90.95,88.4995,90.099998,77770000
2018-07-24,91.4505,92.0,90.469,91.462,85574000
2018-07-25,91.465,93.192,91.132,93.1805,74764000
2018-07-26,91.95,92.234,90.225,90.4,198488000
2018-07-27,93.8025,94.0025024,90.3265,90.8635,193620000
2018-07-30,91.3665,91.475,88.301,88.961,131246000
2018-07-31,89.3245,90.091499,86.966,88.872,114774000
2018-08-01,89.2,89.922,88.801,89.8585,83062000
2018-08-02,89.4385,91.828,89.3,91.7165,87094000
2018-08-03,91.887,92.050003,91.074997,91.1645,69210000
2018-08-06,91.2905,92.3885,90.946,92.3875,67836000
2018-08-07,92.7265,93.486,92.3135,93.124,67550000
2018-08-08,93.050003,94.5755,92.725,94.326,79260000
2018-08-09,94.099998,95.7285,93.874,94.926,97208000
2018-08-10,94.4255,94.975,93.9105,94.315,72798000
2018-08-13,94.925,96.25,94.6835,94.81,110630000
2018-08-14,95.9695,96.050499,95.0,95.9825,79722000
2018-08-15,95.4775,95.8105,93.4895,94.131,154014000
2018-08-16,95.197,95.25,94.1775,94.326,79142000
2018-08-17,94.29,94.4,92.7775,94.111,82086000
2018-08-20,94.5285,94.5875,93.303,93.8355,57240000
2018-08-21,94.0,94.8875,93.7205,94.171,62112000
2018-08-22,93.832,95.29,93.832,95.245,61610000
2018-08-23,95.3585,95.975,95.038002,95.145,71260000
2018-08-24,95.5255,95.8005,95.127,95.2695,56018000
2018-08-27,95.75,96.385,95.464,96.384,71380000
2018-08-28,96.8865,97.088997,96.441,96.641,62014000
2018-08-29,97.6725,99.9345,97.447,99.905,130636000
2018-08-30,99.871,101.2785,99.345,100.119,145546000
2018-08-31,100.35,101.119,100.237,100.6355,84088000
2018-09-04,101.325,102.525,100.65,101.9755,114422000
2018-09-05,101.9055,102.018997,99.4945,99.741,164412000
2018-09-06,100.3255,100.375,96.7605,97.9155,149774000
2018-09-07,96.9355,98.76,96.8675,97.6035,97852000
2018-09-10,98.55,98.652,96.576,96.9505,90896000
2018-09-11,96.4135,99.444,95.85,99.3575,100672000
2018-09-12,99.7,100.0,98.122,99.5,88280000
2018-09-13,100.0,100.438,99.1015,99.4935,72430000
2018-09-14,99.6465,99.6825,97.961,98.5095,72840000
2018-09-17,97.7365,97.841,94.3705,95.4015,141004000
2018-09-18,95.9325,97.91,95.772,97.052498,85374000
2018-09-19,97.025002,97.041496,95.245,96.321,81136000
2018-09-20,96.929,97.75,96.6125,97.215,63098000
2018-09-21,97.711,97.8655,95.525,95.7505,137118000
2018-09-24,95.1895,96.844,93.25,96.718,84274000
2018-09-25,97.145,98.7955,96.9425,98.7275,90768000
2018-09-26,98.425,99.7625,98.075996,98.7425,86270000
2018-09-27,99.662,100.808,99.429,100.649,86588000
2018-09-28,100.2205,101.326,99.823,100.15,81702000
2018-10-01,101.099503,101.6595,100.18,100.218,69210000
2018-10-02,99.9995,100.6695,98.2885,98.5655,108014000
2018-10-03,99.084999,99.485,97.4905,97.638,105062000
2018-10-04,97.45,97.8,94.8285,95.471,145140000
2018-10-05,95.8995,96.454,93.1415,94.4825,136446000
2018-10-08,93.7,95.099998,91.533,93.221,147864000
2018-10-09,92.9995,94.834,92.616,93.516,95458000
2018-10-10,92.8945,92.928,87.7205,87.7625,219778000
2018-10-11,86.2,87.77,84.255,85.968,278718000
2018-10-12,90.4,90.4475,87.1265,89.4305,188892000
2018-10-15,89.75,89.7525,86.7115,88.047501,128744000
2018-10-16,89.175,91.194,88.077499,90.998,117198000
2018-10-17,92.1395,92.25,90.35,91.5865,105904000
2018-10-18,91.074501,91.5075,88.3935,88.536,117480000
2018-10-19,89.258,90.455,87.65,88.2015,118144000
2018-10-22,89.2,90.475,87.8,89.465,90000000
2018-10-23,87.112,88.817,85.7,88.435,134478000
2018-10-24,88.685,88.8855,82.828,83.21,138568000
2018-10-25,85.167,89.7405,84.6005,89.1085,205714000
2018-10-26,82.4795,84.923,80.15,82.1405,299276000
2018-10-29,83.0,83.287,74.75,76.944,277322000
2018-10-30,74.308,77.0495,73.818,76.521,249202000
2018-10-31,78.4995,81.1955,78.2545,79.9005,187804000
2018-11-01,81.1765,83.5225,79.922,83.2765,162710000
2018-11-02,83.9295,84.872,82.5915,83.2765,139110000
2018-11-05,82.8785,82.9045,79.818,81.39,112494000
2018-11-06,80.9175,83.25,80.7275,82.1405,85148000
2018-11-07,83.65,87.9615,83.204,87.7745,163844000
2018-11-08,87.75,89.2,86.2555,87.7455,130698000
2018-11-09,86.625,87.196,85.093498,85.6215,118044000
2018-11-12,84.912,85.4275,81.5005,81.8425,136124000
2018-11-13,82.4645,83.853,80.6875,81.5585,118666000
2018-11-14,82.816,83.65,79.8535,79.9505,129738000
2018-11-15,79.050499,81.241,77.3255,80.972,168546000
2018-11-16,79.375,80.724,78.656,79.6705,121322000
2018-11-19,78.8505,79.059502,75.168,75.6145,155800000
2018-11-20,71.875,76.7375,71.0,74.773,217576000
2018-11-21,77.1495,77.5,75.75,75.8365,114336000
2018-11-23,75.85,76.81,75.0905,75.103,54152000
2018-11-26,76.95,79.2405,76.211,79.066498,125154000
2018-11-27,78.7995,79.8825,77.9005,79.070999,115664000
2018-11-28,80.696,84.072502,80.060997,83.8875,169174000
2018-11-29,83.7495,84.4995,82.6165,83.6785,132264000
2018-11-30,83.975,84.8,83.325,84.5085,115236000
2018-12-03,88.473,88.917,86.5,88.618,137246000
2018-12-04,87.8,88.517,83.25,83.42,173890000
2018-12-06,80.7435,85.052498,80.4925,84.9595,175788000
2018-12-07,85.2535,85.9465,81.273,81.4565,151522000
2018-12-10,81.192,82.8995,79.5435,82.051498,149896000
2018-12-11,83.9,83.9735,80.98,82.162,124894000
2018-12-12,83.45,85.2495,83.013496,83.177,131960000
2018-12-13,84.0,84.606,82.074997,82.919,105426000
2018-12-14,81.9,82.1285,79.25,79.5955,127344000
2018-12-17,78.3,78.8065,75.2505,76.045502,176596000
2018-12-18,77.0,78.3775,76.1505,77.574,130460000
2018-12-19,77.1525,79.2265,74.159,74.754,175844000
2018-12-20,74.2,75.475,71.6345,73.041496,199836000
2018-12-21,73.2495,74.0,68.198,68.8725,272806000
2018-12-24,67.3,69.8015,65.35,67.198,144400000
2018-12-26,68.4445,73.658,68.1505,73.545,208236000
2018-12-27,72.71,73.45,69.5155,73.082001,194440000
2018-12-28,73.6675,75.6735,72.45,73.901,176580000
2018-12-31,75.54,76.038002,74.35,75.098503,139090000
2019-01-02,73.26,77.668,73.046501,76.9565,159662000
2019-01-03,76.00050354,76.9,74.8555,75.014,139512000
2019-01-04,76.5,79.7,75.9155,78.7695,183652000
2019-01-07,80.1155,81.728,79.4595,81.4755,159864000
2019-01-08,83.2345,83.8305,80.8305,82.829,177628000
2019-01-09,82.649,83.39,82.07,82.971,126976000
2019-01-10,82.050499,83.1625,81.081001,82.811,130154000
2019-01-11,82.027496,83.014503,81.811,82.028,93724000
2019-01-14,80.75,82.41,79.7575,80.8605,120118000
2019-01-15,81.6,83.758,81.3005,83.728,119970000
2019-01-16,84.211,85.25,83.794,84.189,127338000
2019-01-17,84.0,85.0084991,83.875,84.661,84178000
2019-01-18,85.6,85.81,84.577,84.81,120410000
2019-01-22,84.050003,84.093498,80.51,81.6085,128336000
2019-01-23,82.8,82.8715,80.6,82.00099945,104504000
2019-01-24,82.053497,82.863,81.589,82.7465,81798000
2019-01-25,83.525,84.174,83.080498,83.5285,98918000
2019-01-28,82.1795,82.25,80.7045,81.8945,96754000
2019-01-29,81.5635,81.619,79.536,79.694,92656000
2019-01-30,81.15,83.8475,80.984,83.5215,115676000
2019-01-31,84.6425,86.8205,83.954,85.9365,218206000
2019-02-01,81.944,83.653,81.1005,81.3115,230124000
2019-02-04,81.15,82.4815,80.675,81.6655,98582000
2019-02-05,82.167,83.263,82.125,82.9405,89062000
2019-02-06,83.5375,83.613,81.667,82.013,78798000
2019-02-07,81.25,81.277,79.6455,80.7185,92532000
2019-02-08,79.3,79.4295,78.338,79.411,113150000
2019-02-11,80.049004,80.4645,79.3,79.55,66346000
2019-02-12,80.2,81.97,79.944,81.9005,97172000
2019-02-13,82.35,82.819,81.8555,82.0,71206000
2019-02-14,81.225,81.895,80.303,81.1325,82410000
2019-02-15,81.393,81.4455,80.225,80.3975,86878000
2019-02-19,80.050003,81.7,80.028,81.379,73634000
2019-02-20,81.5,81.7465,80.506,81.105,66752000
2019-02-21,80.9925,81.178,80.045502,80.972,69668000
2019-02-22,81.175,81.747,81.058502,81.578,61924000
2019-02-25,82.072502,82.73,81.5195,81.65,63690000
2019-02-26,81.299,81.9995,80.8065,81.82,53316000
2019-02-27,81.409,82.0905,80.755,82.054497,62976000
2019-02-28,81.7625,82.5885,81.6915,81.9915,60518000
2019-03-01,82.7565,83.713,82.55,83.5865,99498000
2019-03-04,84.25,85.4715,83.718,84.8085,123348000
2019-03-05,85.1475,85.39,84.4505,84.6215,73630000
2019-03-06,84.7985,84.8875,83.414,83.4475,79920000
2019-03-07,83.3685,83.4875,81.025497,81.2975,99140000
2019-03-08,80.2005,81.136,79.3285,81.040001,93340000
2019-03-11,81.306,83.6145,81.3005,83.531,77528000
2019-03-12,83.45,84.2135,83.049004,83.655,72290000
2019-03-13,84.15,85.0,83.9675,84.5405,71040000
2019-03-14,84.56,85.099998,84.217,84.311,58932000
2019-03-15,85.15,85.94,84.6565,85.618,151018000
2019-03-18,85.635,87.5,85.6315,87.1075,108582000
2019-03-19,87.6755,89.208,87.6755,88.092499,127284000
2019-03-20,88.497,89.975,88.3515,89.8635,125312000
2019-03-21,89.813,91.1875,89.364,90.963,115356000
2019-03-22,90.5085,90.949,88.1555,88.2385,127260000
2019-03-25,87.8895,89.134,87.375,88.713,102076000
2019-03-26,89.65,90.2885,88.668,89.188,97318000
2019-03-27,89.2065,89.375,87.284,88.285,86496000
2019-03-28,88.5,88.8965,87.6735,88.671,60860000
2019-03-29,89.329,89.643,88.8315,89.037498,66416000
2019-04-01,90.0055008,90.7835,89.9365,90.7095,84776000
2019-04-02,90.551,91.0,90.256,90.699,68962000
2019-04-03,91.336,91.5,90.481,91.035004,78522000
2019-04-04,91.032501,91.4375,90.21,90.943,72478000
2019-04-05,91.45,91.929,91.2595,91.864,72810000
2019-04-08,91.6615,92.51,91.2555,92.493,75056000
2019-04-09,92.2745,92.6545,91.589,91.792,74288000
2019-04-10,92.050003,92.4,91.4405,92.3665,59280000
2019-04-11,92.435,92.4975,92.015503,92.2035,53096000
2019-04-12,92.42,92.575,92.065002,92.153,62288000
2019-04-15,92.099998,92.3425,90.945,92.2435,74488000
2019-04-16,92.5675,93.4885,92.4,93.152,60892000
2019-04-17,93.6495,93.8235,93.022003,93.241,57870000
2019-04-18,93.4395,93.541,92.974,93.084503,54998000
2019-04-22,92.77,94.421,92.282,94.3655,67476000
2019-04-23,94.56,96.463,94.479,96.1885,92808000
2019-04-24,96.25,96.4845,94.908,95.087502,73516000
2019-04-25,95.85,96.1225,95.015503,95.1125,121982000
2019-04-26,96.45,97.55,94.9,97.5315,168652000
2019-04-29,97.45,97.817,96.7045,96.9215,80426000
2019-04-30,96.505,96.7855,95.3475,96.326,70120000
2019-05-01,96.6545,97.182,95.5275,95.576,62340000
2019-05-02,95.6665,96.077499,94.093498,95.041,79258000
2019-05-03,97.45,98.22,96.8,98.123,127632000
2019-05-06,95.899,97.95,95.525,97.5275,108356000
2019-05-07,96.9995,97.455,95.169,96.050003,118042000
2019-05-08,95.9435,96.7685,95.5,95.8885,81572000
2019-05-09,95.0,95.47,93.8,94.9935,106166000
2019-05-10,94.9,95.1895,92.8,94.499,114360000
2019-05-13,91.828,92.327,90.9,91.134,115668000
2019-05-14,91.975,92.622,90.7875,92.0059967,92582000
2019-05-15,91.3975,93.7215,91.15,93.5575,93852000
2019-05-16,94.297,95.8755,94.1145,95.3785,94156000
2019-05-17,94.6525,95.5265,93.3665,93.45,94732000
2019-05-20,92.6345,93.389,91.777,92.9485,75964000
2019-05-21,93.7395,93.95,92.3,92.876,80102000
2019-05-22,92.589,93.5745,92.55,92.984,58732000
2019-05-23,91.8295,92.2,90.21,90.774,88486000
2019-05-24,91.7945,92.087997,90.8925,91.164,67394000
2019-05-28,91.6375,92.4635,91.3675,91.8215,64000000
2019-05-29,91.156,91.5,90.3765,90.9595,85580000
2019-05-30,91.2745,91.4735,90.3915,90.816,62938000
2019-05-31,89.5005,89.7795,88.635,88.7535,92376000
2019-06-03,88.00050354,88.3145,83.6,84.6345,181974000
2019-06-04,84.962,86.541,84.044502,86.478,113582000
2019-06-05,87.48,87.6,85.7625,86.925,84796000
2019-06-06,86.8855,88.0,86.3065,87.718,73786000
2019-06-07,88.185,90.3125,87.9745,90.2015,96164000
2019-06-10,91.099998,94.2435,90.9,93.031502,107420000
2019-06-11,94.1625,94.685,92.9,93.185,80854000
2019-06-12,92.699,93.25,92.219,92.766,53566000
2019-06-13,93.336,94.1545,93.111,93.515,55916000
2019-06-14,93.2,93.8,92.95,93.4835,57024000
2019-06-17,93.825,94.7845,93.7725,94.3015,52686000
2019-06-18,95.067497,96.083504,94.9895,95.068497,77914000
2019-06-19,95.392,95.979,94.6235,95.4395,57906000
2019-06-20,96.6665,96.76,95.29,95.9095,64344000
2019-06-21,95.805,96.2975,95.379,95.565,78672000
2019-06-24,95.633,95.843,95.065002,95.695,45660000
2019-06-25,95.592,95.8195,93.621,93.9135,60246000
2019-06-26,94.624,95.19,94.366,94.8915,48838000
2019-06-27,95.099998,95.562,94.902,95.214,42834000
2019-06-28,95.455,95.647,94.2,94.6815,60748000
2019-07-01,96.149,96.491,95.733,96.1095,63842000
2019-07-02,95.969,96.7395,95.3315,96.7155,52918000
2019-07-03,96.7945,97.079498,96.525,96.95,33806000
2019-07-05,96.43,97.295,96.265,97.1455,52568000
2019-07-08,96.706,97.8,96.4125,97.616,57668000
2019-07-09,97.39,99.5005,97.174,99.415,86914000
2019-07-10,99.8255,101.247,99.77,100.8705,98638000
2019-07-11,101.281,101.79,99.765,100.053497,86356000
2019-07-12,100.4135,100.85,100.1935,100.55,50186000
2019-07-15,101.07,101.145,100.077499,101.0495,59626000
2019-07-16,100.529,101.316,100.060997,100.495,52364000
2019-07-17,100.3525,100.6,99.6015,99.6015,51176000
2019-07-18,99.00050354,99.375,97.5775,98.895,69738000
2019-07-19,99.5605,99.8,98.1115,98.226,63712000
2019-07-22,98.557,99.45,97.913,99.2815,58000000
2019-07-23,99.7995,99.8895,98.6565,99.7245,54070000
2019-07-24,98.465,100.065002,98.2935,100.040497,52626000
2019-07-25,100.050003,100.059998,98.636,98.691,82730000
2019-07-26,97.099998,97.545,96.2255,97.1525,98542000
2019-07-29,96.5,96.6115,94.527,95.6225,89864000
2019-07-30,94.556,95.4945,94.174,94.9265,58218000
2019-07-31,94.9055,94.9775,92.472,93.339,89414000
2019-08-01,93.586,94.896,92.2005,92.766,94266000
2019-08-02,92.2535,92.318,90.401,91.162,99124000
2019-08-05,88.511,89.4335,87.439,88.2565,121164000
2019-08-06,89.6115,89.6885,87.67,89.3915,101406000
2019-08-07,88.6995,89.9465,87.85,89.67,90538000
2019-08-08,90.3,91.713,89.9055,91.6445,74024000
2019-08-09,91.4475,91.5545,90.111,90.379,57596000
2019-08-12,89.7995,90.049004,88.85,89.246,58110000
2019-08-13,89.15,91.587,89.0,91.217,79880000
2019-08-14,89.6505,89.7825,87.861,88.148,97872000
2019-08-15,89.099503,89.4,88.098,88.806,75182000
2019-08-16,89.6445,90.1455,89.2275,89.6285,60360000
2019-08-19,90.904,91.3,90.6305,90.806,56326000
2019-08-20,90.725,90.841,89.994,90.069,38590000
2019-08-21,90.9695,91.479,90.75,91.177,40636000
2019-08-22,91.4,91.4705,90.0049973,90.233,53070000
2019-08-23,89.6515,90.245,87.2615,87.481,105416000
2019-08-26,88.3455,88.5,87.1755,88.4435,61600000
2019-08-27,88.7865,88.97,87.334,88.091499,60394000
2019-08-28,87.75,88.393,87.2025,88.2125,48394000
2019-08-29,89.15,89.9275,88.8625,89.32,60302000
2019-08-30,89.8745,89.987,88.2285,88.8145,61174000
2019-09-03,88.5,90.040001,88.4,89.492,70860000
2019-09-04,90.25,90.3815,89.8115,90.030998,46482000
2019-09-05,91.097504,92.099998,90.779,92.036003,66216000
2019-09-06,91.911,92.032501,91.32,91.6755,49938000
2019-09-09,92.050003,92.5,91.2305,91.5675,59990000
2019-09-10,91.1375,91.2905,90.267,91.027496,52278000
2019-09-11,90.607,91.671,90.454,91.1495,48656000
2019-09-12,91.8815,92.683,91.714,92.1775,56470000
2019-09-13,92.1005,92.306,91.7585,91.967,39426000
2019-09-16,91.201,91.2845,90.010002,90.392,73510000
2019-09-17,90.354,91.1995,90.205,91.1275,39648000
2019-09-18,90.852,91.103,89.775,90.873,50112000
2019-09-19,91.051003,91.6285,90.895,91.074997,40630000
2019-09-20,91.085503,91.5315,89.045998,89.708,106838000
2019-09-23,88.85,89.635,88.366,89.265,58446000
2019-09-24,89.5305,89.7855,86.7775,87.080498,92320000
2019-09-25,87.368,88.65,86.15,88.4165,69864000
2019-09-26,88.1395,88.1685,86.575,86.992,70736000
2019-09-27,87.4,87.456,85.691,86.2725,78144000
2019-09-30,86.3495,86.873,85.461,86.7955,52894000
2019-10-01,87.3,87.78,86.4205,86.7825,61690000
2019-10-02,86.387,86.4445,85.25,85.6615,66022000
2019-10-03,85.65,86.25,84.253,86.221,69364000
2019-10-04,86.301,87.028999,85.9615,86.9825,49438000
2019-10-07,86.5815,87.3915,86.185,86.633,43094000
2019-10-08,86.1245,86.35,85.25,85.2755,50840000
2019-10-09,85.9805,86.4975,85.718,86.099503,40870000
2019-10-10,86.262,86.9145,85.6875,86.013,51504000
2019-10-11,87.146,87.2725,86.493,86.596,65100000
2019-10-14,86.4455,87.094498,86.099998,86.8215,38204000
2019-10-15,87.107,88.8225,87.030998,88.369,62234000
2019-10-16,88.6665,89.312,88.526,88.8715,55268000
2019-10-17,89.8245,89.9425,89.101,89.374,52948000
2019-10-18,89.39,89.699,87.46,87.8755,67250000
2019-10-21,88.483,89.294,88.25,89.283,42608000
2019-10-22,89.4075,89.489,88.099998,88.2865,42234000
2019-10-23,88.065002,88.5025,87.099998,88.1085,42764000
2019-10-24,88.5545,89.417,88.013496,89.039001,88922000
2019-10-25,84.8775,88.2105,84.75,88.066498,192528000
2019-10-28,87.403,88.935,87.125,88.854,74178000
2019-10-29,88.7405,88.85,87.7905,88.1355,45538000
2019-10-30,88.012001,89.119,87.956,88.9995,48988000
2019-10-31,88.7995,89.6,88.574,88.833,55624000
2019-11-01,89.4005,89.8725,89.2605,89.572,55808000
2019-11-04,90.050499,90.753,90.050499,90.233,55438000
2019-11-05,90.458,90.5125,89.7,90.085503,37710000
2019-11-06,90.050003,90.125,89.429,89.7885,40596000
2019-11-07,90.188,90.295,89.174,89.41,53022000
2019-11-08,89.3945,89.494,88.702,89.294,42466000
2019-11-11,88.9,89.0,88.3565,88.5825,38920000
2019-11-12,88.733,89.311,88.5955,88.9,40752000
2019-11-13,88.6695,88.75,87.366,87.6555,59790000
2019-11-14,87.5715,88.3295,87.478,87.73,45296000
2019-11-15,88.0025024,88.084,86.643,86.9745,78552000
2019-11-18,86.915,87.685,86.1355,87.6265,56790000
2019-11-19,87.8495,88.033997,87.1515,87.6395,45416000
2019-11-20,87.457,88.126,86.706,87.2765,55800000
2019-11-21,87.15,87.3435,86.518,86.7355,53258000
2019-11-22,86.951,87.3215,86.55,87.286,49582000
2019-11-25,87.6625,88.871,87.662,88.692,69724000
2019-11-26,88.996,89.8515,88.9175,89.847,63624000
2019-11-27,90.050003,91.225,89.8655,90.9255,60512000
2019-11-29,90.889,91.2345,90.039497,90.040001,38468000
2019-12-02,90.22,90.2775,88.134,89.080002,78512000
2019-12-03,88.0,88.6435,87.3615,88.498,67618000
2019-12-04,88.7005,89.4545,88.011002,88.0345,53402000
2019-12-05,88.175,88.175,87.0,87.024002,56476000
2019-12-06,87.56,87.72,87.0065002,87.58,62348000
2019-12-09,87.533,88.3445,87.2805,87.4755,48856000
2019-12-10,87.37,87.5335,86.75,86.9605,50286000
2019-12-11,87.083504,87.5,86.7855,87.436,41952000
2019-12-12,87.5,88.2,87.272,88.016502,61918000
2019-12-13,88.25,88.4495,87.75,88.046997,54914000
2019-12-16,88.35,88.475,87.8525,88.4605,62904000
2019-12-17,88.9005,89.6,88.8695,89.533,72888000
2019-12-18,89.751,89.91,89.118,89.2015,67028000
2019-12-19,89.025002,89.6495,88.703,89.614,53056000
2019-12-20,89.981,90.1485,89.1225,89.325,103016000
2019-12-23,89.413,89.65,89.2255,89.65,42728000
2019-12-24,89.6905,89.7785,89.379,89.4605,17626000
2019-12-26,90.050499,93.523,89.975,93.4385,120108000
2019-12-27,94.146,95.07,93.3005,93.49,123732000
2019-12-30,93.7,94.2,92.030998,92.3445,73494000
2019-12-31,92.099998,92.663,91.6115,92.392,50130000
2020-01-02,93.75,94.9005,93.2075,94.9005,80580000
2020-01-03,93.225,94.31,93.225,93.7485,75288000
2020-01-06,93.0,95.1845,93.0,95.144,81236000
2020-01-07,95.225,95.6945,94.602,95.343,80898000
2020-01-08,94.902,95.55,94.322,94.5985,70160000
2020-01-09,95.4945,95.891,94.79,95.052498,63346000
2020-01-10,95.2685,95.347,94.0,94.158,57074000
2020-01-13,94.5655,94.9,94.040001,94.565,55616000
2020-01-14,94.294,94.3555,92.9275,93.472,68818000
2020-01-15,93.6125,93.943,92.7545,93.101,57932000
2020-01-16,94.1495,94.2795,93.301,93.897,53190000
2020-01-17,94.2945,94.332,92.8625,93.236,79946000
2020-01-21,93.25,94.7135,93.0,94.6,74156000
2020-01-22,94.8045,95.125,94.167,94.373,64326000
2020-01-23,94.2555,94.499,93.638,94.229,49692000
2020-01-24,94.5685,94.7495,92.372,93.082001,75324000
2020-01-27,91.0,92.050003,90.767,91.417,70570000
2020-01-28,92.025002,92.9055,91.501,92.6625,56160000
2020-01-29,93.2,93.7375,92.751,92.9,41760000
2020-01-30,92.9,93.6435,92.5305,93.534,126548000
2020-01-31,102.5735,102.786,100.1135,100.436,311346000
2020-02-03,100.53,102.425,100.012497,100.21,117834000
2020-02-04,101.494,102.99,100.7685,102.4835,105786000
2020-02-05,103.551,103.551,101.6,101.9935,87524000
2020-02-06,102.051003,102.815,101.24,102.5115,63660000
2020-02-07,102.099503,104.9265,101.905,103.964,101906000
2020-02-10,104.2505,106.78,104.248,106.6955,101124000
2020-02-11,107.545,109.2975,106.8,107.54,114920000
2020-02-12,108.16,109.012497,107.7645,108.0,66686000
2020-02-13,107.2495,108.514,107.099998,107.4935,60636000
2020-02-14,107.784,107.952,106.2945,106.7435,52124000
2020-02-18,106.251,108.3035,106.2055,107.7835,58912000
2020-02-19,108.39,109.255,108.056,108.511,51224000
2020-02-20,108.6535,108.8395,106.3725,107.655,62626000
2020-02-21,107.1075,107.2275,104.4,104.7985,92926000
2020-02-24,100.159,101.965,99.3985,100.4645,130940000
2020-02-25,101.321,101.73,97.921,98.637,124382000
2020-02-26,98.514,100.7335,98.022499,98.9795,104492000
2020-02-27,96.719,98.75,94.138,94.215,162880000
2020-02-28,90.7315,94.488,90.5565,94.1875,189620000
2020-03-02,95.3245,97.7255,93.5,97.6975,135234000
2020-03-03,98.7685,99.8165,94.4045,95.4495,150690000
2020-03-04,97.3285,98.9,96.099998,98.7915,95458000
2020-03-05,96.65,98.036003,95.5,96.2015,94964000
2020-03-06,93.75,95.5435,93.475,95.054497,105472000
2020-03-09,88.693,93.1385,88.064499,90.030502,156264000
2020-03-10,93.544,94.7135,90.9085,94.591,142666000
2020-03-11,92.8925,93.566,90.074997,91.042999,112496000
2020-03-12,86.098999,88.25,83.75,83.8305,226924000
2020-03-13,87.75,89.3155,84.030998,89.25,176194000
2020-03-16,82.0755,87.9725,81.3015,84.4575,178346000
2020-03-17,88.7735,92.889,84.462,90.392,218342000
2020-03-18,87.5,92.083,87.25,91.5,192904000
2020-03-19,93.0,97.25,91.6325,94.046501,207998000
2020-03-20,96.3155,97.85,91.036499,92.3045,196358000
2020-03-23,91.3875,95.97,90.6,95.1415,156170000
2020-03-24,97.575,97.75,95.016998,97.0049973,142942000
2020-03-25,96.0345,97.513,94.289,94.292,129582000
2020-03-26,95.099998,97.8245,94.4645,97.7745,124426000
2020-03-27,96.543,96.9895,94.996,95.0049973,107758000
2020-03-30,96.1415,98.6815,95.617,98.1975,122522000
2020-03-31,98.2175,99.651,97.2005,97.486,102472000
2020-04-01,96.6485,97.248,94.65,95.385,82438000
2020-04-02,95.082001,96.3765,94.5,95.9415,86720000
2020-04-03,95.5575,96.3165,94.4575,95.3295,72198000
2020-04-06,96.8,99.926,96.501,99.8795,115464000
2020-04-07,100.8555,101.786,99.881,100.58,102280000
2020-04-08,101.050003,102.2,100.5575,102.15,79546000
2020-04-09,102.215,102.65,100.883,102.138,92930000
2020-04-13,102.0,109.0,101.9,108.4435,134334000
2020-04-14,110.023499,114.6,109.3105,114.166,161744000
2020-04-15,112.884,116.6685,112.25,115.384,137332000
2020-04-16,117.3,123.050003,116.75,120.4095,240764000
2020-04-17,118.6165,120.0,115.801,118.75,158600000
2020-04-20,119.4975,122.249,119.3025,119.6805,115414000
2020-04-21,120.8305,121.4155,113.983,116.406,149534000
2020-04-22,118.45,119.7,117.55,118.1745,84244000
2020-04-23,119.999,121.211,119.104,119.9725,101332000
2020-04-24,120.85,121.0215,119.099998,120.511,76498000
2020-04-27,122.16,122.244,118.15,118.8,112912000
2020-04-28,118.605,118.675,115.3,115.704,105388000
2020-04-29,116.5005,119.5945,115.5,118.6355,91832000
2020-04-30,120.992,123.75,119.8005,123.7,190692000
2020-05-01,116.84,118.122,112.9095,114.302,195452000
2020-05-04,112.819,116.349,112.819,115.7995,97318000
2020-05-05,117.0,117.55,115.3565,115.89,64850000
2020-05-06,116.472,117.8725,116.0,117.563,62356000
2020-05-07,118.739,118.8,117.1555,118.3805,67928000
2020-05-08,118.607,119.362,117.85,118.9805,64132000
2020-05-11,118.735,120.9835,118.6055,120.45,65184000
2020-05-12,120.5925,120.95,117.75,117.8475,61498000
2020-05-13,118.34,120.385,116.89,118.396,95658000
2020-05-14,118.050499,119.5685,117.6605,119.4425,72962000
2020-05-15,118.426,120.55,117.8185,120.489,84700000
2020-05-18,120.2175,121.65,119.2005,121.313,87144000
2020-05-19,121.4915,124.25,121.4485,122.4665,86410000
2020-05-20,123.8935,125.00050354,123.3635,124.897,79962000
2020-05-21,125.0,126.2725,122.127,122.337,102288000
2020-05-22,122.7505,123.4925,121.5065,121.844,57342000
2020-05-26,122.9,123.099998,120.703,121.093002,71364000
2020-05-27,120.2495,120.679,116.5,120.5195,101138000
2020-05-28,119.2165,121.8485,118.9115,120.055,63804000
2020-05-29,120.797,122.1185,119.91,122.1185,70198000
2020-06-01,122.4,123.8465,122.2085,123.552,58578000
2020-06-02,123.35,123.6765,122.2655,123.6205,50598000
2020-06-03,123.4005,124.4,123.058502,123.92,53420000
2020-06-04,123.8715,125.377,122.5005,123.029999,58974000
2020-06-05,122.2255,124.4325,121.8565,124.15,66128000
2020-06-08,125.010002,126.5,124.367,126.203,79414000
2020-06-09,126.472,131.3215,126.25,130.042999,103520000
2020-06-10,132.25,136.11749,131.313,132.3725,98920000
2020-06-11,130.175,133.569,126.8115,127.898,116002000
2020-06-12,130.060501,131.074005,125.1675,127.251,108722000
2020-06-15,126.33,129.2,125.4,128.634,77302000
2020-06-16,131.0,131.0,128.8,130.7635,71712000
2020-06-17,132.375,132.75,131.591,132.048996,59186000
2020-06-18,132.35049,132.98199,131.8055,132.69901,49756000
2020-06-19,133.90401,134.87151,132.95,133.7505,115540000
2020-06-22,134.22501,135.75,133.45,135.69099,64176000
2020-06-23,136.30099,139.1555,135.90199,138.2205,84634000
2020-06-24,139.0,139.8,136.050003,136.72,90532000
2020-06-25,136.97749,137.81149,135.60699,137.729,59374000
2020-06-26,138.75301,139.12849,134.39999,134.64349,130016000
2020-06-29,134.5005,134.84,131.504,134.018997,84468000
2020-06-30,134.25349,138.48151,133.7515,137.94099,75394000
2020-07-01,137.89951,144.75,137.7,143.935,127268000
2020-07-02,145.60049,147.778,143.55499,144.515,131868000
2020-07-06,146.7485,152.994,146.5,152.85201,137612000
2020-07-07,152.92751,153.47749,149.5,150.0059967,105150000
2020-07-08,151.13049,154.1985,150.62151,154.055496,100752000
2020-07-09,155.7995,159.694,153.7,159.1315,127774000
2020-07-10,159.588,160.75,156.785,160.0,109720000
2020-07-13,162.55299,167.21449,153.41949,155.2,154408000
2020-07-14,154.45,156.369,147.5,154.2,144638000
2020-07-15,154.011505,154.9175,148.659,150.4435,115778000
2020-07-16,148.55299,151.60001,145.9115,149.995,127884000
2020-07-17,150.45,151.2,147.4225,148.098495,95226000
2020-07-20,150.0099945,160.067993,149.701,159.842,151964000
2020-07-21,161.6245,162.029007,155.286,156.91451,122426000
2020-07-22,156.25,157.5,153.263,154.9955,82084000
2020-07-23,154.9135,154.9135,148.5,149.3275,113138000
2020-07-24,146.5,151.57899,144.39999,150.4455,112648000
2020-07-27,153.10001,154.89999,150.7885,152.7605,83410000
2020-07-28,152.7135,153.85451,149.78799,150.016495,62534000
2020-07-29,151.5495,151.95799,149.8385,151.6765,59482000
2020-07-30,150.7,154.60001,150.25,152.59399,122566000
2020-07-31,162.2,162.341,157.55,158.23399,161710000
2020-08-03,159.025497,159.2,155.2,155.5945,101494000
2020-08-04,155.060501,158.362,155.060501,156.9415,93886000
2020-08-05,157.18851,160.6795,156.36501,160.2515,78330000
2020-08-06,159.718,162.3735,158.2715,161.25,78812000
2020-08-07,161.2005,162.040497,157.033493,158.373,78722000
2020-08-10,158.5155,158.6255,155.076004,157.408,63346000
2020-08-11,155.66,157.961,153.64999,154.033493,74362000
2020-08-12,155.39999,158.7195,155.070999,158.112,70442000
2020-08-13,159.14951,160.87601,157.75,158.050995,62980000
2020-08-14,158.909,158.912,156.0,157.401,55034000
2020-08-17,158.65601,159.7485,157.709,159.1205,53824000
2020-08-18,160.60001,166.0,160.291,165.6245,106920000
2020-08-19,165.1505,165.795,162.8,163.024002,83702000
2020-08-20,162.60001,165.631,161.89999,164.8685,66650000
2020-08-21,164.75,165.72,163.7695,164.23599,71518000
2020-08-24,165.50751,169.016006,162.87801,165.373,93326000
2020-08-25,164.7495,167.87,163.35001,167.32449,79856000
2020-08-26,167.5555,172.58701,167.2285,172.092499,130174000
2020-08-27,172.5025,172.64999,168.89999,170.0,85296000
2020-08-28,171.14999,171.6685,169.325,170.089996,57940000
2020-08-31,170.44949,174.75,170.25,172.548,83718000
2020-09-01,174.479,175.6935,173.35001,174.95599,68644000
2020-09-02,177.35001,177.6125,174.3345,176.57249,78630000
2020-09-03,174.25,174.4205,165.14999,168.39999,163222000
2020-09-04,165.89999,169.074997,155.5565,164.731,175636000
2020-09-08,157.2,162.5425,156.5,157.492,121884000
2020-09-09,160.14951,165.159,159.25,163.4305,103774000
2020-09-10,165.36099,167.49451,158.5275,158.75549,106614000
2020-09-11,160.43449,160.867,154.19901,155.811,101880000
2020-09-14,158.647,159.36951,154.8,155.1485,90592000
2020-09-15,156.808,158.75101,155.446,157.8065,80430000
2020-09-16,158.9995,159.362,153.7075,153.905,90244000
2020-09-17,150.46249,151.4715,148.6275,150.43649,128982000
2020-09-18,151.58701,151.89,145.27699,147.7455,177852000
2020-09-21,145.325,148.10001,143.55,148.023499,122358000
2020-09-22,151.692,156.69949,150.0099945,156.44949,138976000
2020-09-23,156.0215,156.35001,149.619,149.993,113054000
2020-09-24,148.8895,153.465,148.25,150.9895,110588000
2020-09-25,152.743,155.076996,149.95,154.7565,92304000
2020-09-28,157.4425,158.752,155.85851,158.7025,84484000
2020-09-29,158.7695,159.41299,156.627,157.244,69916000
2020-09-30,157.057007,160.644,156.69949,157.43649,97922000
2020-10-01,160.39999,161.2,158.60001,161.063004,99438000
2020-10-02,157.6815,159.78999,156.14999,156.25,112262000
2020-10-05,157.29201,160.1265,157.042496,159.96001,75506000
2020-10-06,158.25,159.10001,154.5,154.998,101738000
2020-10-07,156.75,160.0,156.61951,159.7845,86188000
2020-10-08,161.2495,161.66451,158.7495,159.5275,63482000
2020-10-09,160.5,164.44949,159.89149,164.3325,98158000
2020-10-12,167.49699,174.812,166.97749,172.1465,167284000
2020-10-13,173.39951,174.619,171.211,172.1815,114894000
2020-10-14,172.35001,173.244,167.0,168.1855,116254000
2020-10-15,164.60049,167.79401,164.0,166.9325,104468000
2020-10-16,168.1615,169.983,158.0,163.6355,129488000
2020-10-19,164.9805,166.45,159.63699,160.3605,104472000
2020-10-20,161.114,163.3,159.60049,160.85049,90194000
2020-10-21,160.625,161.694,158.0,159.24699,91854000
2020-10-22,159.4935,159.9375,156.097,158.82001,84240000
2020-10-23,159.55,160.26649,157.0,160.22,69334000
2020-10-26,159.937,164.149,157.66499,160.35201,118024000
2020-10-27,161.24699,164.58299,160.565,164.3165,85820000
2020-10-28,162.465,163.201,158.1235,158.13901,111766000
2020-10-29,160.063507,162.8625,158.2,160.55051,131930000
2020-10-30,157.8875,158.35001,150.95,151.8075,167728000
2020-11-02,153.087006,153.9855,147.506,150.224,145148000
2020-11-03,150.9265,153.745,149.048996,152.4205,97958000
2020-11-04,157.9995,162.24249,156.9865,162.057999,136780000
2020-11-05,165.9985,168.34,164.444,166.10001,115786000
2020-11-06,165.23199,166.10001,161.60001,165.5685,92946000
2020-11-09,161.5515,164.45,155.6055,157.187,143808000
2020-11-10,154.75101,155.7,150.974,151.75101,131820000
2020-11-11,153.089005,156.9575,152.5,156.86951,87338000
2020-11-12,157.9975,158.79401,154.30251,155.51401,87240000
2020-11-13,156.10001,157.085999,154.2695,156.44051,75124000
2020-11-16,154.66,157.13499,153.63451,156.55299,76174000
2020-11-17,159.177,159.46249,156.763,156.783,68894000
2020-11-18,156.7,157.0,155.255,155.27299,58336000
2020-11-19,155.2655,156.25,154.046005,155.851,60206000
2020-11-20,155.851,156.6445,154.9025,154.97,67488000
2020-11-23,155.83501,156.9875,153.27299,154.91949,94178000
2020-11-24,155.024994,156.71249,154.313,155.903,72042000
2020-11-25,157.093506,159.89999,157.013,159.25349,75808000
2020-11-27,160.563,160.80949,159.5025,159.767,47858000
2020-11-30,160.424,161.41949,156.2775,158.40199,81278000
2020-12-01,159.425,162.44749,157.85899,161.0039978,90740000
2020-12-02,161.082504,161.60001,158.66299,160.1765,62586000
2020-12-03,160.27299,161.43201,159.065506,159.3365,57840000
2020-12-04,159.91051,159.91051,157.938,158.129,58272000
2020-12-07,157.82401,159.037994,157.084503,157.89999,55026000
2020-12-08,157.94501,159.2065,156.0010071,158.8645,65726000
2020-12-09,158.3945,158.7215,154.39999,155.21001,82016000
2020-12-10,154.44949,157.105,153.8,155.074493,60604000
2020-12-11,154.83299,155.9335,153.64101,155.821,61294000
2020-12-14,157.14999,159.5235,156.3,157.8485,83116000
2020-12-15,159.050507,159.425,156.52451,158.256,66390000
2020-12-16,158.80051,162.35001,158.18401,162.048004,88552000
2020-12-17,162.5,163.17551,161.050003,161.804,69486000
2020-12-18,162.19949,162.47099,158.58,160.082504,119914000
2020-12-21,160.00050354,161.3485,158.3,160.30901,76736000
2020-12-22,160.142,161.10001,159.0039978,160.326,47388000
2020-12-23,160.25,160.5065,159.2085,159.2635,41876000
2020-12-24,159.69501,160.10001,158.45,158.63451,29038000
2020-12-28,159.7,165.2,158.63451,164.198,113736000
2020-12-29,165.49699,167.5325,164.061005,166.10001,97458000
2020-12-30,167.050003,167.105,164.1235,164.2925,64186000
2020-12-31,163.75,164.146,162.059998,162.8465,59144000
2021-01-04,163.5,163.60001,157.201,159.3315,88228000
2021-01-05,158.30051,161.16901,158.25301,160.92551,53110000
2021-01-06,157.32401,159.8755,156.558,156.91901,87896000
2021-01-07,157.85001,160.427,157.75,158.108,70290000
2021-01-08,159.0,159.532,157.11,159.13499,70754000
2021-01-11,157.4005,157.819,155.5,155.71049,73668000
2021-01-12,156.0,157.10699,154.3,156.041504,70292000
2021-01-13,156.422,159.4975,156.104,158.29449,66424000
2021-01-14,158.37601,158.89999,156.029495,156.3735,61418000
2021-01-15,156.151,157.1275,154.7585,155.21249,84880000
2021-01-19,155.35001,157.25,154.8,156.037994,66102000
2021-01-20,159.099503,163.99001,158.75,163.16901,106196000
2021-01-21,164.64999,167.42751,164.4785,165.3495,98722000
2021-01-22,165.2155,166.095505,164.158,164.6115,56438000
2021-01-25,166.425,168.1945,162.1575,164.7,74996000
2021-01-26,164.81799,166.89999,164.14349,166.3065,59104000
2021-01-27,167.074493,167.326,160.354,161.629,93204000
2021-01-28,161.752,165.084,161.43449,161.881,62984000
2021-01-29,161.5,161.8495,159.22749,160.31,85872000
2021-02-01,162.118,167.513,161.7515,167.144,83204000
2021-02-02,169.0,171.38699,168.056503,169.0,141972000
2021-02-03,171.2505,171.7,165.431,165.6265,141776000
2021-02-04,166.5,167.35001,163.8875,166.55,73414000
2021-02-05,165.95,168.85001,165.1355,167.6075,72416000
2021-02-08,167.925,168.25,165.2,166.147,65148000
2021-02-09,165.6245,166.89999,164.892,165.25,44070000
2021-02-10,165.7,165.89751,162.7,164.32899,63032000
2021-02-11,164.60001,164.60001,162.403,163.10651,46028000
2021-02-12,162.5,164.012497,161.6655,163.8855,46706000
2021-02-16,162.7025,165.41499,162.6795,163.44749,51494000
2021-02-17,163.17999,166.045502,162.97501,165.43201,65950000
2021-02-18,164.121,166.89999,163.69701,166.4115,60548000
2021-02-19,166.4115,166.675,162.28751,162.495,86104000
2021-02-22,160.40649,161.616,158.61301,159.037003,70314000
2021-02-23,156.3515,160.2365,154.67999,159.72501,93544000
2021-02-24,158.33749,158.56149,156.269,157.9765,60226000
2021-02-25,156.83701,158.91299,152.388,152.858,90676000
2021-02-26,154.75999,156.12199,151.83501,154.6465,85518000
2021-03-01,156.3945,157.478,154.89951,157.30701,54582000
2021-03-02,157.17349,158.17599,154.356,154.7265,51916000
2021-03-03,154.059006,155.38901,149.75,150.25,79774000
2021-03-04,150.60001,152.90649,147.2715,148.87849,109632000
2021-03-05,150.25,150.45,144.050003,150.022995,107772000
2021-03-08,150.75,153.22951,147.56551,147.5975,83700000
2021-03-09,150.89951,154.548,150.25751,153.1425,80600000
2021-03-10,154.9225,155.823,151.5025,152.882,60250000
2021-03-11,155.2005,156.589,154.1465,155.6795,55528000
2021-03-12,153.75,154.94901,152.27499,154.4745,48438000
2021-03-15,153.7285,154.112,151.60451,154.084,58272000
2021-03-16,155.2485,156.4455,153.793,154.593,50776000
2021-03-17,153.661,158.6525,153.511,156.7865,62372000
2021-03-18,155.050003,155.8315,151.25,151.39951,72992000
2021-03-19,151.4615,153.8645,150.8315,153.748,92508000
2021-03-22,153.3925,156.32899,153.0025024,155.5435,58044000
2021-03-23,156.35001,159.10001,156.042496,156.875,76346000
2021-03-24,157.552,158.015503,154.25751,154.3535,59180000
2021-03-25,153.64951,155.489,151.85699,152.313,71270000
2021-03-26,152.203,152.83299,149.8,152.6015,66258000
2021-03-29,152.772,154.5625,151.4225,153.7865,54920000
2021-03-30,153.5005,153.64999,151.7,152.7645,46752000
2021-03-31,153.203,155.96651,153.125,154.70399,61878000
2021-04-01,155.897,158.12199,155.7775,158.050003,58806000
2021-04-05,158.64999,161.798,158.061996,161.3365,66698000
2021-04-06,161.1875,162.36549,160.85201,161.19099,50756000
2021-04-07,161.69,165.1805,161.1825,163.9695,66924000
2021-04-08,165.545,166.22501,164.60001,164.965,56242000
2021-04-09,165.235,168.61,164.44501,168.61,86830000
2021-04-12,167.7605,169.752,167.5575,168.9695,65636000
2021-04-13,170.042496,171.60001,169.78149,170.0,66316000
2021-04-14,170.202,170.2065,166.3,166.64999,62904000
2021-04-15,168.55,169.85001,167.60001,168.9545,64672000
2021-04-16,169.0,170.34,167.7795,169.972,63720000
2021-04-19,169.51649,171.79649,168.0079956,168.60049,54508000
2021-04-20,168.67999,169.14951,165.8,166.7345,52460000
2021-04-21,165.8,168.14301,165.19051,168.101,44224000
2021-04-22,168.584,168.64349,165.072495,165.452,51612000
2021-04-23,165.955,168.75,165.425,167.044006,63856000
2021-04-26,167.39999,171.4225,166.547,170.45,97614000
2021-04-27,172.17349,173.0,169.9005,170.87151,76542000
2021-04-28,171.74001,174.494,171.25,172.925,92638000
2021-04-29,175.255,175.7225,171.75,173.56551,153648000
2021-04-30,176.256,177.7,173.125,173.371,140186000
2021-05-03,174.2365,174.3325,168.63499,169.32449,117510000
2021-05-04,167.80949,168.399,163.60651,165.59351,108788000
2021-05-05,166.94299,167.735,163.218,163.52699,74226000
2021-05-06,163.5,165.72,162.36,165.3185,88954000
2021-05-07,165.9545,166.54449,164.45351,164.58051,94206000
2021-05-10,164.116,164.14999,159.5,159.52451,116772000
2021-05-11,156.814,161.89999,156.3685,161.1955,92396000
2021-05-12,159.25,160.397,156.655,157.597,98728000
2021-05-13,159.2735,160.192,156.64999,158.073502,67018000
2021-05-14,159.278,161.44299,159.14999,161.145,66500000
2021-05-17,162.29649,164.6375,161.72951,163.5195,74478000
2021-05-18,164.629,165.60001,161.51849,161.614,56568000
2021-05-19,159.75,161.7375,159.2,161.59,53594000
2021-05-20,162.22,162.98399,161.80901,162.384,52664000
2021-05-21,162.5,162.8345,159.85049,160.15401,82098000
2021-05-24,160.77499,162.89751,160.52499,162.2495,48456000
2021-05-25,163.3335,163.991,160.688,162.9525,65222000
2021-05-26,163.72951,164.7865,162.92551,163.258,47680000
2021-05-27,162.8,163.018005,161.502,161.50549,51224000
2021-05-28,162.10001,162.39951,160.985,161.1535,46596000
2021-06-01,162.175,162.549,160.453,160.9325,48600000
2021-06-02,161.155,161.75,160.39999,161.69949,40290000
2021-06-03,160.2115,160.722,159.20151,159.35049,47966000
2021-06-04,160.60001,161.050003,159.94051,160.311,44994000
2021-06-07,159.8665,160.39999,158.61,159.9005,44316000
2021-06-08,161.13049,163.9765,160.9005,163.20551,68334000
2021-06-09,163.64349,164.879,163.535,164.057495,49110000
2021-06-10,164.10049,167.55,164.057495,167.4825,69530000
2021-06-11,167.4825,168.32899,166.6725,167.34151,56348000
2021-06-14,167.34151,169.25,166.77499,169.1935,51394000
2021-06-15,169.2,169.8495,168.1555,169.15649,48524000
2021-06-16,169.60001,171.3175,168.026505,170.7625,84056000
2021-06-17,170.159,174.86,170.050003,174.46201,102730000
2021-06-18,173.9995,175.35001,173.6855,174.345,104954000
2021-06-21,173.821,174.10001,171.7,172.698,65542000
2021-06-22,172.903,176.189,172.8045,175.272,66902000
2021-06-23,175.25,176.050003,174.16,175.19099,56266000
2021-06-24,175.382,176.243,171.5425,172.45399,76640000
2021-06-25,173.2,173.241,169.709,170.072998,78820000
2021-06-28,170.8,172.39999,170.67551,172.1945,44856000
2021-06-29,171.94099,172.8015,171.1515,172.407,41968000
2021-06-30,172.052994,173.58,171.75,172.0079956,48080000
2021-07-01,171.7305,172.85001,170.47099,171.6485,40742000
2021-07-02,172.582,175.586,171.84599,175.549,63388000
2021-07-06,176.50549,184.274,176.45,183.787,134896000
2021-07-07,185.869,186.71001,183.9455,184.82899,106562000
2021-07-08,182.17799,187.9995,181.056,186.5705,103612000
2021-07-09,186.12601,187.39999,184.67,185.967,74964000
2021-07-12,187.2,187.8645,184.83949,185.92751,51432000
2021-07-13,185.105,188.65401,183.56599,183.868,76918000
2021-07-14,185.4425,185.883,183.041504,184.084,65932000
2021-07-15,184.71001,184.77,181.046005,181.56,63706000
2021-07-16,181.6655,182.30299,178.52299,178.6815,80874000
2021-07-19,176.629,177.5105,174.95799,177.47951,75692000
2021-07-20,178.366,179.60001,175.89999,178.6595,65114000
2021-07-21,178.819,179.32249,177.18201,179.25999,46380000
2021-07-22,179.3615,182.0010071,179.11349,181.9015,65308000
2021-07-23,182.0,183.3055,181.10201,182.832,48726000
2021-07-26,183.65849,185.604,182.3625,184.991,58002000
2021-07-27,184.925,184.925,179.3075,181.3195,82638000
2021-07-28,181.689,182.92101,180.050003,181.51601,59988000
2021-07-29,181.3875,181.89751,179.00050354,179.996,110400000
2021-07-30,167.39751,168.407,165.349,166.3795,199312000
2021-08-02,167.655,167.946,165.85001,166.57401,67078000
2021-08-03,167.035995,169.55,164.98849,168.312,83146000
2021-08-04,168.9675,169.444,167.278,167.73599,43678000
2021-08-05,167.811,169.45,167.046005,168.7995,48670000
2021-08-06,168.75,168.75,166.452,167.24699,52752000
2021-08-09,167.1805,167.744,166.42599,167.093506,42964000
2021-08-10,167.2505,167.89999,165.75,166.033997,48252000
2021-08-11,166.57249,166.88499,163.8895,164.6055,58944000
2021-08-12,164.5,165.72549,163.48351,165.175,46282000
2021-08-13,165.28349,165.3035,164.14999,164.6985,41134000
2021-08-16,164.14999,165.0,160.5565,164.94949,66394000
2021-08-17,163.875,164.024506,161.284,162.098007,67758000
2021-08-18,162.099503,162.705,160.0,160.061005,56086000
2021-08-19,159.701,161.64999,159.123,159.3875,75658000
2021-08-20,160.1935,160.3905,158.78799,159.9975,67168000
2021-08-23,160.595,164.044998,160.5005,163.2935,65362000
2021-08-24,164.0,165.77451,163.729,165.289,51036000
2021-08-25,165.4935,166.050003,164.3075,164.959,33606000
2021-08-26,164.95,166.60001,164.8,165.8,41976000
2021-08-27,166.6615,167.616,165.6875,167.48151,48048000
2021-08-30,167.87151,172.25,167.761,171.078506,63844000
2021-08-31,171.24001,173.629,169.7795,173.53951,87128000
2021-09-01,174.82001,176.35001,173.76199,173.95,72598000
2021-09-02,174.73801,175.59801,172.75,173.15601,58474000
2021-09-03,172.60001,174.1335,171.82201,173.9025,51514000
2021-09-07,173.89999,176.4045,173.847,175.46449,54758000
2021-09-08,175.5825,177.28149,174.78349,176.27499,61068000
2021-09-09,176.30099,177.4995,174.018494,174.20799,54384000
2021-09-10,175.091507,175.4225,173.14549,173.4575,47946000
2021-09-13,174.14,174.89799,171.89999,172.85851,51380000
2021-09-14,173.7775,174.3405,171.8855,172.5,38738000
2021-09-15,172.12601,174.271,170.10049,173.78951,59150000
2021-09-16,172.998,174.6275,172.30701,174.412,51672000
2021-09-17,174.4205,174.8705,172.60651,173.12601,92332000
2021-09-20,169.8,170.95,165.2505,167.7865,93382000
2021-09-21,168.75,168.985,166.61951,167.1815,55618000
2021-09-22,167.55,169.45,167.052505,169.0025024,48228000
2021-09-23,169.0025024,171.448,169.0025024,170.8,47588000
2021-09-24,170.10049,171.463,169.67,171.276,42324000
2021-09-27,168.575,170.7785,166.9805,170.28999,72690000
2021-09-28,167.8855,168.4595,164.505,165.798,88616000
2021-09-29,166.1055,167.565,164.89349,165.056,51246000
2021-09-30,165.8,166.3925,163.69949,164.252,56848000
2021-10-01,164.4505,165.4585,162.797,164.16299,56712000
2021-10-04,163.9695,163.9995,158.8125,159.489,90462000
2021-10-05,160.22501,163.036499,160.123,161.050003,65384000
2021-10-06,160.6765,163.217,159.931,163.10049,50660000
2021-10-07,164.577,166.28751,164.153,165.12151,48182000
2021-10-08,165.85001,166.071503,164.41,164.431,39964000
2021-10-11,163.75,164.6295,161.905,162.315,40684000
2021-10-12,162.85001,163.3765,161.814,162.3665,36392000
2021-10-13,163.4855,164.41901,163.054504,164.214,48402000
2021-10-14,165.1225,165.63,164.539,164.993,42190000
2021-10-15,165.571,170.521,165.2,170.451,103598000
2021-10-18,169.418,172.4585,169.255,172.33701,63482000
2021-10-19,171.71449,172.7345,171.10001,172.2075,47722000
2021-10-20,172.633,173.14301,170.018494,170.75301,42796000
2021-10-21,170.71249,172.014008,170.14999,171.7505,37628000
2021-10-22,171.050003,171.492,166.565,166.7775,62782000
2021-10-25,166.75,167.39,164.88499,166.018494,44520000
2021-10-26,167.47549,170.806,167.19901,168.8035,53966000
2021-10-27,169.39999,171.85001,168.57249,169.6245,54044000
2021-10-28,170.105,173.95,169.3,172.32851,114174000
2021-10-29,165.0010071,168.741,163.666,168.62151,129722000
2021-11-01,168.089996,168.793,164.601,165.9055,72178000
2021-11-02,165.7505,166.556,164.17751,165.6375,52552000
2021-11-03,165.45,169.746,164.87601,169.2,67944000
2021-11-04,168.5,174.9315,168.25,173.85001,107060000
2021-11-05,173.85001,178.3125,173.849,175.94949,99940000
2021-11-08,176.162,178.95,174.39301,174.44901,61480000
2021-11-09,175.7625,179.68851,175.071503,178.81149,85898000
2021-11-10,178.1935,180.27251,173.1545,174.10249,80548000
2021-11-11,175.64999,177.162,173.3735,173.625,45288000
2021-11-12,174.25,177.036499,172.35249,176.25751,53788000
2021-11-15,176.85001,179.694,176.2905,177.284,58594000
2021-11-16,176.95,178.825,176.25751,177.035004,44342000
2021-11-17,178.23599,179.3625,177.2675,177.45,51206000
2021-11-18,178.3175,185.21001,178.050003,184.80299,114070000
2021-11-19,185.63451,188.1075,183.786,183.82851,98734000
2021-11-22,183.819,185.673,178.375,178.62849,96844000
2021-11-23,179.252,181.052505,176.3855,179.0019989,73804000
2021-11-24,178.1335,180.68201,176.8425,179.020493,46560000
2021-11-26,180.105,181.675,175.2075,175.228,59826000
2021-11-29,177.382,179.8,176.575,178.078506,65312000
2021-11-30,178.175,179.2885,174.60049,175.3535,80022000
2021-12-01,177.25,177.994,172.080002,172.186,74916000
2021-12-02,173.0,174.63499,171.1875,171.868,64726000
2021-12-03,172.75,173.4935,166.92999,169.4895,80712000
2021-12-06,169.64999,173.6955,166.93449,171.3685,68860000
2021-12-07,174.60001,177.4995,173.3345,176.16451,66410000
2021-12-08,176.1505,177.17999,174.7505,176.158,45254000
2021-12-09,175.75,176.9695,174.1395,174.17101,46062000
2021-12-10,175.41701,175.927,170.5,172.21201,60690000
2021-12-13,172.0,172.10001,169.13,169.5675,62170000
2021-12-14,167.55,169.49899,166.44,169.091507,55976000
2021-12-15,168.59801,173.60001,165.19501,173.315,75794000
2021-12-16,173.3685,174.166,168.16051,168.871,60876000
2021-12-17,167.71049,170.8985,165.61349,170.017502,85542000
2021-12-20,166.85001,167.8745,165.60001,167.078995,57372000
2021-12-21,167.85049,170.71651,165.64751,170.41701,55956000
2021-12-22,169.27,172.050003,168.5005,171.037003,55036000
2021-12-23,170.42799,171.97501,170.14999,171.068497,36788000
2021-12-27,171.037003,172.94299,169.2155,169.66949,58688000
2021-12-28,170.1825,172.17599,169.1355,170.661,54638000
2021-12-29,170.84,171.21201,168.60049,169.201,35754000
2021-12-30,169.7,170.888,168.524,168.6445,37584000
2021-12-31,168.95599,169.35001,166.5585,166.717,47830000
2022-01-03,167.55,170.70351,166.16051,170.4045,63520000
2022-01-04,170.438,171.39999,166.3495,167.522,70726000
2022-01-05,166.883,167.1265,164.35699,164.35699,64302000
2022-01-06,163.4505,164.8,161.937,163.254,51958000
2022-01-07,163.839,165.2435,162.031006,162.554,46606000
2022-01-10,160.58549,161.6615,156.3045,161.48599,87798000
2022-01-11,161.5,166.35001,160.70151,165.362,62806000
2022-01-12,166.575,166.87801,164.41701,165.207,50030000
2022-01-13,165.2505,166.2215,161.091003,161.214,52188000
2022-01-14,160.14999,162.25,159.80051,162.138,45974000
2022-01-18,159.105,159.7345,157.66451,158.9175,67292000
2022-01-19,158.76199,159.25,156.25,156.299,53242000
2022-01-20,156.76601,158.0,151.351,151.6675,71974000
2022-01-21,149.95,150.89999,142.070496,142.64301,163972000
2022-01-24,139.0,144.94501,135.35201,144.54401,155624000
2022-01-25,142.24249,143.60001,138.145,139.98599,90824000
2022-01-26,144.75,145.185,137.3185,138.8725,95602000
2022-01-27,140.8,144.2435,139.35001,139.6375,77516000
2022-01-28,140.8605,143.998,137.9295,143.978,74392000
2022-01-31,144.75,150.3605,144.30051,149.5735,78308000
2022-02-01,150.0,151.70799,147.6275,151.1935,59220000
2022-02-02,155.050507,155.074997,148.86349,150.6125,87330000
2022-02-03,141.7375,144.2475,138.33299,138.8455,225532000
2022-02-04,155.60651,161.2,150.608,157.6395,253456000
2022-02-07,158.52,162.69099,157.25,157.9355,102624000
2022-02-08,156.7505,161.7925,155.55051,161.4135,76040000
2022-02-09,162.8735,163.8345,160.25,161.1895,68786000
2022-02-10,158.35001,160.71651,157.75,159.0034943,68268000
2022-02-11,158.13451,159.0,152.73399,153.2935,77100000
2022-02-14,151.75101,158.4485,151.64999,155.16701,83230000
2022-02-15,157.6055,158.0070038,154.6375,156.5105,56440000
2022-02-16,155.7905,158.834,154.7345,158.10049,52704000
2022-02-17,158.146,160.349,154.5,154.6525,64032000
2022-02-18,155.4995,155.4995,150.89301,152.6015,63604000
2022-02-22,150.4785,152.9825,148.4855,150.19749,66128000
2022-02-23,151.6505,151.763,144.651,144.827,64244000
2022-02-24,139.83749,151.74899,139.5,151.358,100786000
2022-02-25,150.55,153.99001,149.2135,153.7885,62396000
2022-02-28,152.425,154.45,150.85001,153.563,57684000
2022-03-01,152.7325,154.098999,149.97701,151.142,44874000
2022-03-02,150.849,152.9995,148.75,152.052505,47334000
2022-03-03,153.53149,153.929,146.856,147.8985,65198000
2022-03-04,147.159,147.85001,143.80701,145.64101,60934000
2022-03-07,145.4435,146.094498,137.4165,137.453,86934000
2022-03-08,136.6835,140.69949,133.57249,136.014496,91662000
2022-03-09,139.5,140.25,136.828,139.27901,82656000
2022-03-10,145.685,148.6745,143.978,146.8175,135062000
2022-03-11,149.57449,149.675,145.369,145.52451,68900000
2022-03-14,145.981,147.45,140.884,141.853,74086000
2022-03-15,142.85001,147.985,142.0,147.3665,75584000
2022-03-16,148.5,153.14999,147.3535,153.104,84958000
2022-03-17,152.6405,157.4985,152.14,157.239,72934000
2022-03-18,156.813,161.59399,156.011002,161.2505,102962000
2022-03-21,161.121,163.084,159.55299,161.4915,66538000
2022-03-22,161.8055,166.16701,161.69901,164.88901,64086000
2022-03-23,163.705,166.37,162.687,163.408,55812000
2022-03-24,163.7495,164.1185,160.050003,163.64951,56798000
2022-03-25,164.0,165.3685,162.25,164.7735,49032000
2022-03-28,164.97501,169.037506,164.89999,168.99049,59854000
2022-03-29,170.384,170.8315,167.8685,169.315,66154000
2022-03-30,168.50951,168.9505,165.5,166.30099,56168000
2022-03-31,166.44501,166.495,162.95351,162.9975,59966000
2022-04-01,164.14951,165.827,162.3195,163.56,57090000
2022-04-04,164.125,168.3945,163.20551,168.3465,49882000
2022-04-05,167.7415,168.1105,163.26601,164.054993,53728000
2022-04-06,161.6505,162.2,157.2545,158.756,79056000
2022-04-07,158.39999,160.078995,154.51151,157.7845,68136000
2022-04-08,156.75,157.3685,154.231,154.46049,46002000
2022-04-11,152.713,154.13651,150.5345,151.12199,52112000
2022-04-12,153.6925,155.098999,150.383,150.78751,55178000
2022-04-13,150.018494,156.024994,149.60001,155.541,53390000
2022-04-14,155.39,155.897,151.472,151.7065,51598000
2022-04-18,151.5235,154.039505,150.2505,152.785,46514000
2022-04-19,152.029495,158.649,151.55051,158.11549,54926000
2022-04-20,157.60249,157.60249,153.6035,153.998,59630000
2022-04-21,154.714,156.73801,147.58949,148.29601,63970000
2022-04-22,148.25,149.61501,143.69749,144.35001,73078000
2022-04-25,144.022995,146.2215,142.3065,146.074005,61874000
2022-04-26,144.8,144.856,138.9295,139.39101,77530000
2022-04-27,140.1915,141.9485,135.78349,138.16701,71336000
2022-04-28,142.17799,145.9375,140.3,144.5965,117316000
2022-04-29,129.849,130.761,121.625,124.2815,272662000
2022-05-02,122.401,124.668,118.375,124.5,148788000
2022-05-03,124.053497,126.2205,122.825,124.2535,79134000
2022-05-04,123.6,126.0,119.183,125.9285,110746000
2022-05-05,123.0,123.499,115.072502,116.407,144392000
2022-05-06,114.85,119.050499,113.081497,114.7725,124260000
2022-05-09,111.3125,114.0,107.957,108.789,128124000
2022-05-10,111.25,112.6425,107.171,108.859,105434000
2022-05-11,108.1035,110.156,104.4285,105.372,109704000
2022-05-12,102.75,110.7805,102.4055,106.9305,132026000
2022-05-13,109.069,113.184,107.8,113.055,93684000
2022-05-16,113.099998,113.9925,110.354,110.8105,74566000
2022-05-17,113.275,115.8,111.2765,115.3685,76448000
2022-05-18,111.4395,112.853,106.249,107.1125,108380000
2022-05-19,106.2805,110.033997,106.193,107.319,88142000
2022-05-20,109.5685,109.898,105.0094986,107.591,99500000
2022-05-23,108.461,108.819,103.95,107.557,107798000
2022-05-24,104.025002,105.4,101.26,104.099998,102934000
2022-05-25,103.6555,108.175,103.65,106.775,93120000
2022-05-26,107.97,112.6655,107.4535,111.077499,93002000
2022-05-27,113.55,115.187,112.628,115.1465,93660000
2022-05-31,116.28,121.9945,115.675,120.2095,144634000
2022-06-01,122.256,125.179,120.6225,121.684,127528000
2022-06-02,121.684,125.61,120.044998,125.511,100560000
2022-06-03,124.2,124.4,121.046501,122.35,97604000
2022-06-06,125.25,128.99001,123.81,124.79,135269000
2022-06-07,122.010002,124.099998,120.63,123.0,85156700
2022-06-08,122.61,123.75,120.75,121.18,64926600
2022-06-09,119.99,121.3,116.099998,116.15,67029800
2022-06-10,113.42,114.5,109.050003,109.65,87266000
2022-06-13,104.19,106.54,101.86,103.67,99277700
2022-06-14,104.19,104.88,101.43,102.31,69728800
2022-06-15,103.86,109.059998,103.53,107.67,85011100
2022-06-16,104.47,104.58,102.010002,103.66,82186300
2022-06-17,102.8,106.98,102.51,106.22,99772100
2022-06-21,108.2,111.63,103.56,108.68,70901200
2022-06-22,107.43,112.13,107.019997,108.95,60040100
2022-06-23,110.39,113.0,107.93,112.44,64345300
2022-06-24,112.38,116.71,111.43,116.46,69867600
2022-06-27,117.089996,117.98,112.7,113.22,62133200
2022-06-28,113.5,114.85,107.040001,107.4,74942900
2022-06-29,107.38,110.99,106.91,108.92,66375300
2022-06-30,108.11,108.18,102.52,106.21,97679400
2022-07-01,106.29,109.75,105.85,109.56,73021200
2022-07-05,107.6,114.080002,106.32,113.5,76583700
2022-07-06,113.21,115.48,112.010002,114.33,66958900
2022-07-07,113.85,116.99,113.49,116.33,57872300
2022-07-08,114.6,116.58,113.69,115.54,45719700
2022-07-11,114.080002,114.3,110.87,111.75,53487600
2022-07-12,112.16,113.23,108.34,109.22,54280300
2022-07-13,107.029999,111.78,106.010002,110.4,61353800
2022-07-14,110.24,111.18,107.58,110.63,51163100
2022-07-15,112.5,115.59,111.59,113.55,84317800
2022-07-18,115.0,117.24,113.15,113.76,59115400
2022-07-19,115.7,118.95,114.029999,118.21,60990000
2022-07-20,118.62,123.48,118.32,122.77,71268300
2022-07-21,123.2,124.85,121.26,124.63,60239900
2022-07-22,125.010002,125.5,121.35,122.42,51463800
2022-07-25,122.7,123.64,120.029999,121.14,50221300
2022-07-26,115.79,118.15,114.53,114.81,67075100
2022-07-27,117.31,121.9,117.16,120.97,61582000
2022-07-28,121.57,122.84,118.080002,122.28,82245500
2022-07-29,134.89999,137.64999,132.41,134.95,148892900
2022-08-01,134.96001,138.83,133.50999,135.39,76846900
2022-08-02,134.72,137.44,134.089996,134.16,61922400
2022-08-03,136.21001,140.49001,136.050003,139.52,71827800
2022-08-04,140.58,143.56,139.55,142.57001,70585000
2022-08-05,140.10001,142.86,139.60001,140.8,50686900
2022-08-08,142.050003,144.23,138.28999,139.41,52229000
2022-08-09,138.050003,138.95,136.21001,137.83,40434700
2022-08-10,142.89999,144.60001,141.0099945,142.69,54773800
2022-08-11,143.86,144.49001,139.75999,140.64,44867300
2022-08-12,142.050003,143.57001,140.12,143.55,47643500
2022-08-15,142.8,143.75999,141.49001,143.17999,39014600
2022-08-16,143.91,146.57001,142.0,144.78,59102900
2022-08-17,142.69,143.38,140.78,142.10001,48149800
2022-08-18,141.32001,142.77,140.38,142.3,37458700
2022-08-19,140.47,141.11,137.91,138.23,47792800
2022-08-22,135.72,136.32001,132.85001,133.22,50461500
2022-08-23,133.41,134.99001,132.95,133.62,36252100
2022-08-24,132.75,135.47,132.10001,133.8,38627000
2022-08-25,135.25999,137.42,134.28,137.28,37496300
2022-08-26,136.55,137.83,130.5,130.75,53322700
2022-08-29,129.89999,131.95,128.77,129.78999,48101600
2022-08-30,131.25,132.070007,126.85,128.73,49203000
2022-08-31,129.45,130.59,126.74,126.77,53648700
2022-09-01,126.0,128.020004,123.66,127.82,56636100
2022-09-02,129.5,131.38,126.39,127.51,57429800
2022-09-06,127.92,128.62,124.74,126.11,43888600
2022-09-07,126.12,129.82001,125.4,129.48,47900300
2022-09-08,127.72,130.28,127.099998,129.82001,43988500
2022-09-09,130.91,133.69,130.75999,133.27,49387600
2022-09-12,134.10001,136.49001,134.0,136.45,53826900
2022-09-13,131.0099945,131.39999,126.27,126.82,72694000
2022-09-14,127.36,128.84,126.33,128.55,45316800
2022-09-15,127.38,130.37,125.5,126.28,52887200
2022-09-16,122.78,123.87,120.7,123.53,115667800
2022-09-19,122.16,124.71,121.8,124.66,47279700
2022-09-20,123.35,124.4,121.14,122.19,47698400
2022-09-21,122.49,123.76,118.45,118.54,58498900
2022-09-22,117.080002,118.79,116.26,117.31,55229200
2022-09-23,116.0,116.050003,112.059998,113.78,65126700
2022-09-26,113.3,117.34,113.13,115.15,62723300
2022-09-27,117.2,118.32,113.050003,114.41,60094700
2022-09-28,114.38,118.7,113.8,118.010002,55763800
2022-09-29,115.6,116.07,113.059998,114.8,58969700
2022-09-30,114.080002,116.92,112.84,113.0,59479600
2022-10-03,113.58,116.91,112.45,115.88,50941900
2022-10-04,119.89,123.0,119.79,121.089996,62812600
2022-10-05,118.58,121.75,117.69,120.95,48217500
2022-10-06,120.77,121.53,119.5,120.3,42253800
2022-10-07,118.0,118.17,113.88,114.56,54678000
2022-10-10,115.099998,116.25,112.43,113.67,42339700
2022-10-11,112.71,115.48,110.39,112.21,56432200
2022-10-12,112.49,113.83,111.4,112.9,45728700
2022-10-13,107.88,113.44,105.35,112.53,86868100
2022-10-14,114.099998,114.96,106.6,106.9,67737300
2022-10-17,110.11,114.19,110.089996,113.79,62782000
2022-10-18,119.059998,119.52,114.79,116.36,65607400
2022-10-19,114.71,116.59,113.22,115.07,47198100
2022-10-20,113.83,118.24,113.51,115.25,48795100
2022-10-21,114.79,119.59,114.5,119.32,55660500
2022-10-24,119.98,120.39,116.57,119.82,49531500
2022-10-25,119.65,121.32,118.95,120.6,50934600
2022-10-26,116.0,119.35,114.76,115.66,68802300
2022-10-27,113.92,114.12,109.77,110.96,129605400
2022-10-28,97.91,103.96,97.66,103.41,223133400
2022-10-31,103.56,104.87,100.74,102.44,99251400
2022-11-01,103.99,104.58,96.059998,96.79,153370000
2022-11-02,97.32,97.74,92.010002,92.12,135761800
2022-11-03,92.47,93.5,89.019997,89.3,136683300
2022-11-04,91.49,92.44,88.040001,90.98,129101300
2022-11-07,91.95,92.099998,89.040001,90.53,77495700
2022-11-08,90.79,91.72,88.23,89.98,88703400
2022-11-09,89.47,89.48,85.87,86.14,90796200
2022-11-10,92.94,98.69,91.65,96.63,173414900
2022-11-11,97.88,101.19,96.66,100.79,111590500
2022-11-14,98.77,100.12,97.29,98.49,99533100
2022-11-15,103.21,103.79,97.34,98.94,111336300
2022-11-16,96.85,98.49,95.54,97.12,87958800
2022-11-17,95.37,96.97,94.029999,94.85,82617900
2022-11-18,95.95,95.99,92.48,94.14,72428200
2022-11-21,93.97,95.019997,90.59,92.46,84330300
2022-11-22,92.62,93.35,90.87,93.2,62192000
2022-11-23,93.24,94.58,92.83,94.13,59414700
2022-11-25,93.79,94.43,93.07,93.41,35088600
2022-11-28,93.93,96.4,93.43,93.95,74943100
2022-11-29,94.040001,94.41,91.44,92.42,65567300
2022-11-30,92.47,96.54,91.53,96.54,102805800
2022-12-01,96.99,97.23,94.92,95.5,68488000
2022-12-02,94.48,95.36,93.78,94.13,72496400
2022-12-05,93.050003,94.059998,90.82,91.010002,71535500
2022-12-06,90.5,91.040001,87.9,88.25,75503600
2022-12-07,88.34,89.89,87.48,88.46,68086900
2022-12-08,89.24,90.86,87.88,90.35,73305900
2022-12-09,88.9,90.3,88.63,89.089996,67398500
2022-12-12,89.21,90.58,87.87,90.55,61999800
2022-12-13,95.23,96.25,90.52,92.49,100212000
2022-12-14,92.5,93.46,89.87,91.58,70298000
2022-12-15,89.89,89.97,87.47,88.45,84802900
2022-12-16,88.27,89.35,86.73,87.86,146144100
2022-12-19,87.51,87.63,84.51,84.92,83531500
2022-12-20,85.33,86.61,84.33,85.19,74348300
2022-12-21,86.18,87.23,85.21,86.77,59267200
2022-12-22,85.52,85.68,82.25,83.79,81431300
2022-12-23,83.25,85.78,82.93,85.25,57433700
2022-12-27,84.97,85.35,83.0,83.040001,57284000
2022-12-28,82.8,83.48,81.69,81.82,58228600
2022-12-29,82.87,84.55,82.55,84.18,54995900
2022-12-30,83.12,84.050003,82.47,84.0,62401200
2023-01-03,85.46,86.96,84.21,85.82,76706000
2023-01-04,86.55,86.98,83.36,85.14,68885100
2023-01-05,85.33,85.42,83.07,83.12,67930800
2023-01-06,83.029999,86.4,81.43,86.080002,83303400
2023-01-09,87.46,89.48,87.080002,87.36,65266100
2023-01-10,87.57,90.19,87.29,89.87,67756600
2023-01-11,90.93,95.26,90.93,95.089996,103126200
2023-01-12,96.93,97.19,93.5,95.27,85254800
2023-01-13,94.18,98.37,94.12,98.12,85549400
2023-01-17,98.68,98.89,95.73,96.050003,72755000
2023-01-18,97.25,99.32,95.38,95.46,79570400
2023-01-19,94.74,95.44,92.86,93.68,69002700
2023-01-20,93.86,97.35,93.2,97.25,67481500
2023-01-23,97.56,97.78,95.86,97.52,76501100
2023-01-24,96.93,98.089996,96.0,96.32,66929500
2023-01-25,92.56,97.24,91.52,97.18,94261600
2023-01-26,98.24,99.49,96.92,99.22,68523600
2023-01-27,99.53,103.49,99.53,102.24,87775600
2023-01-30,101.089996,101.74,99.010002,100.55,70691900
2023-01-31,101.16,103.35,101.14,103.13,66527300
2023-02-01,102.53,106.24,101.24,105.15,80450100
2023-02-02,110.25,114.0,108.88,112.91,158154200
2023-02-03,105.26,108.78,102.52,103.39,144374800
2023-02-06,102.93,103.95,100.65,102.18,81945200
2023-02-07,101.17,102.41,98.080002,102.11,119501300
2023-02-08,102.040001,102.67,98.78,100.050003,75878300
2023-02-09,101.32,101.78,97.57,98.24,64622500
2023-02-10,97.56,98.82,96.23,97.61,52740100
2023-02-13,97.85,99.68,96.91,99.54,52841500
2023-02-14,98.41,100.92,97.52,99.7,56202900
2023-02-15,99.089996,101.17,98.45,101.16,47957600
2023-02-16,99.21,100.63,98.099998,98.15,56339200
2023-02-17,97.8,97.94,95.65,97.2,60029400
2023-02-21,95.34,95.61,94.27,94.58,56580400
2023-02-22,95.099998,97.010002,94.8,95.79,59534100
2023-02-23,96.12,96.43,93.67,95.82,48467000
2023-02-24,93.53,94.14,92.32,93.5,57053800
2023-02-27,94.28,94.78,93.14,93.76,47470300
2023-02-28,93.14,94.69,92.92,94.23,43959300
2023-03-01,93.87,94.68,91.59,92.17,52299500
2023-03-02,91.41,92.23,90.39,92.13,55509400
2023-03-03,92.74,94.94,92.66,94.9,55759600
2023-03-06,95.19,96.55,93.74,93.75,52112400
2023-03-07,94.059998,95.089996,92.78,93.55,49100700
2023-03-08,93.6,94.17,92.18,93.92,44899100
2023-03-09,93.68,96.21,92.18,92.25,56218700
2023-03-10,92.67,93.57,90.25,90.73,69827500
2023-03-13,89.97,94.019997,88.12,92.43,72397100
2023-03-14,93.83,95.07,92.71,94.88,60912700
2023-03-15,93.22,96.67,93.07,96.2,70731800
2023-03-16,95.75,100.99,95.61,100.040001,84446900
2023-03-17,99.79,100.66,97.46,98.95,87300200
2023-03-20,98.41,98.48,95.7,97.71,62388900
2023-03-21,98.14,100.85,98.0,100.61,58597300
2023-03-22,100.45,102.099998,98.61,98.7,57475400
2023-03-23,100.43,101.059998,97.62,98.71,57559300
2023-03-24,98.07,98.3,96.4,98.13,56095400
2023-03-27,99.07,99.34,97.080002,98.040001,46721300
2023-03-28,98.11,98.44,96.29,97.24,38720100
2023-03-29,98.69,100.42,98.56,100.25,49783300
2023-03-30,101.55,103.040001,101.010002,102.0,53633400
2023-03-31,102.16,103.49,101.95,103.29,56750300
2023-04-03,102.3,103.29,101.43,102.41,41135700
2023-04-04,102.75,104.2,102.11,103.95,48662500
2023-04-05,103.91,103.91,100.75,101.099998,45175400
2023-04-06,100.75,102.38,99.8,102.059998,43808000
2023-04-10,100.96,102.2,99.57,102.17,37261200
2023-04-11,100.8,101.0,99.010002,99.92,60417800
2023-04-12,100.4,100.51,97.71,97.83,56735000
2023-04-13,98.95,102.57,98.71,102.4,67925100
2023-04-14,102.07,103.2,101.11,102.51,51450500
2023-04-17,103.16,103.73,101.59,102.74,39919500
2023-04-18,103.95,104.2,101.52,102.3,39790500
2023-04-19,101.58,105.12,101.39,104.3,58398900
2023-04-20,103.53,105.25,103.21,103.81,57696900
2023-04-21,106.099998,108.15,105.080002,106.96,86774200
2023-04-24,107.66,109.23,105.07,106.21,69575600
2023-04-25,104.91,105.45,102.45,102.57,65026800
2023-04-26,105.040001,106.62,104.099998,104.98,73803800
2023-04-27,108.16,110.86,106.8,109.82,149961200
2023-04-28,107.73,109.48,104.33,105.45,130565000
2023-05-01,104.95,105.23,101.82,102.050003,74728100
2023-05-02,101.47,103.9,101.15,103.63,73469400
2023-05-03,103.74,105.96,103.28,103.65,65051900
2023-05-04,104.040001,105.39,103.31,104.0,45345500
2023-05-05,104.27,105.76,103.55,105.66,56912900
2023-05-08,105.040001,106.099998,104.7,105.83,49430900
2023-05-09,105.48,106.79,105.16,106.62,44089400
2023-05-10,108.099998,110.67,108.050003,110.19,78627600
2023-05-11,111.029999,113.28,110.49,112.18,74924800
2023-05-12,112.16,112.64,109.32,110.26,49810100
2023-05-15,111.15,112.29,109.25,111.2,53011100
2023-05-16,111.050003,114.79,111.050003,113.4,71472900
2023-05-17,114.89,115.83,114.22,115.5,65655200
2023-05-18,116.69,118.6,116.34,118.15,73174100
2023-05-19,118.16,118.31,115.7,116.25,54990200
2023-05-22,116.77,116.77,114.25,115.010002,70741100
2023-05-23,114.27,117.14,113.78,114.99,67576300
2023-05-24,115.35,117.34,115.019997,116.75,63487900
2023-05-25,116.63,116.87,114.31,115.0,66496700
2023-05-26,116.040001,121.5,116.019997,120.11,96779900
2023-05-30,122.37,122.92,119.86,121.66,64314800
2023-05-31,121.45,122.040001,119.17,120.58,72800800
2023-06-01,120.69,123.49,119.93,122.77,54375100
2023-06-02,124.92,126.39,124.019997,124.25,61215000
2023-06-05,123.36,125.8,123.029999,125.3,47950100
2023-06-06,125.07,127.4,125.0,126.61,45695200
2023-06-07,127.010002,127.37,120.63,121.23,95663300
2023-06-08,123.010002,125.63,122.26,124.25,62159300
2023-06-09,124.080002,125.8,123.19,123.43,51330000
2023-06-12,124.019997,126.78,123.53,126.57,51338000
2023-06-13,128.12,128.41,125.18,126.66,50564800
2023-06-14,126.7,126.95,124.12,126.42,52422500
2023-06-15,125.21,127.69,124.32,127.11,60458500
2023-06-16,127.71,127.9,125.3,125.49,84188100
2023-06-20,124.97,127.25,124.5,125.78,56930100
2023-06-21,125.64,126.73,123.85,124.83,52137700
2023-06-22,125.31,130.33,125.14,130.14999,90354600
2023-06-23,129.11,130.84,128.28,129.33,71855200
2023-06-26,129.33,131.49001,127.099998,127.33,59989300
2023-06-27,128.63,130.089996,127.55,129.17999,46801000
2023-06-28,128.94,131.48,128.44,129.039993,52149500
2023-06-29,128.77,129.25999,127.26,127.9,40761000
2023-06-30,129.47,131.25,128.95,130.36,54310500
2023-07-03,130.82001,131.85001,130.070007,130.22,28264800
2023-07-05,130.24001,131.39999,129.64,130.38,35895400
2023-07-06,128.25,128.73,127.37,128.36,40639900
2023-07-07,128.59,130.97,128.13,129.78,41928700
2023-07-10,129.070007,129.28,125.92,127.13,61889300
2023-07-11,127.75,129.77,127.35,128.78,49951500
2023-07-12,130.31,131.25999,128.83,130.8,54022800
2023-07-13,134.039993,134.67,132.71001,134.3,61170900
2023-07-14,134.059998,136.64999,134.059998,134.67999,54388100
2023-07-17,134.56,135.62,133.21001,133.56,48450200
2023-07-18,132.71001,133.86,131.35001,132.83,54969100
2023-07-19,133.39,135.99001,132.53,135.36,54531000
2023-07-20,134.070007,134.78999,129.33,129.96001,59820600
2023-07-21,131.34,131.37,128.42,130.0,133265000
2023-07-24,130.31,131.66,128.35001,128.8,45591100
2023-07-25,129.31,129.58,128.53,129.13,39236700
2023-07-26,126.51,129.080002,126.11,128.14999,53910100
2023-07-27,131.0,132.63,127.79,128.25,52610700
2023-07-28,129.69,133.0099945,129.33,132.21001,46317400
2023-07-31,133.2,133.87,132.38,133.67999,41901500
2023-08-01,133.55,133.69,131.62,131.69,42098500
2023-08-02,130.14999,130.23,126.82,128.21001,51027600
2023-08-03,127.48,129.84,126.41,128.91,88585200
2023-08-04,141.059998,143.63,139.32001,139.57001,152938700
2023-08-07,140.99001,142.53999,138.95,142.22,71213100
2023-08-08,140.62,140.84,138.42,139.94,51710500
2023-08-09,139.97,140.32001,137.10001,137.85001,50017300
2023-08-10,139.070007,140.41,137.49001,138.56,58928400
2023-08-11,137.39999,139.33,137.0,138.41,42832100
2023-08-14,138.3,140.59,137.75,140.57001,47148700
2023-08-15,140.050003,141.28,137.23,137.67,42781500
2023-08-16,137.19,137.27,135.0099945,135.070007,41675900
2023-08-17,135.46001,136.089996,133.53,133.98,48354100
2023-08-18,131.62,134.070007,131.14999,133.22,48469400
2023-08-21,133.74001,135.19,132.71001,134.67999,41442500
2023-08-22,135.080002,135.64999,133.73,134.25,32935100
2023-08-23,134.5,135.95,133.22,135.52,42801000
2023-08-24,136.39999,136.78,131.83,131.84,43646300
2023-08-25,132.47,133.87,130.58,133.25999,44147500
2023-08-28,133.78,133.95,131.85001,133.14,34108400
2023-08-29,133.38,135.14,133.25,134.91,38646100
2023-08-30,134.92999,135.67999,133.92,135.070007,36137000
2023-08-31,135.059998,138.78999,135.0,138.0099945,58781300
2023-09-01,139.46001,139.96001,136.88,138.12,40948300
2023-09-05,137.73,137.8,135.82001,137.27,40636700
2023-09-06,136.32001,137.45,134.61,135.36,41785500
2023-09-07,133.89999,138.029999,133.16,137.85001,48498900
2023-09-08,136.86,138.85001,136.75,138.23,38348200
2023-09-11,138.75,143.62,138.64,143.10001,56764500
2023-09-12,142.32001,143.0,140.61,141.23,42668500
2023-09-13,140.95,144.98,140.87,144.85001,60465200
2023-09-14,145.080002,145.86,142.95,144.72,64033600
2023-09-15,142.69,143.57001,140.089996,140.39,102861700
2023-09-18,140.48,141.75,139.22,139.98,42823500
2023-09-19,138.7,138.84,135.56,137.63,61482500
2023-09-20,138.55,139.37,135.2,135.28999,46263700
2023-09-21,131.94,132.24001,129.31,129.33,70234800
2023-09-22,131.11,132.029999,128.52,129.12,59904300
2023-09-25,129.36,131.78,128.77,131.27,46017800
2023-09-26,130.12,130.39,125.28,125.98,73048200
2023-09-27,125.76,127.48,124.13,125.98,66553400
2023-09-28,124.040001,126.58,123.040001,125.98,54555000
2023-09-29,128.2,129.14999,126.32,127.12,62377600
2023-10-02,127.28,130.47,126.54,129.46001,48029700
2023-10-03,128.059998,128.52,124.25,124.72,51565000
2023-10-04,126.059998,127.36,125.68,127.0,44203900
2023-10-05,126.71,126.73,124.33,125.96,39660600
2023-10-06,124.16,128.45,124.13,127.96,46795900
2023-10-09,126.22,128.78999,124.76,128.25999,38773700
2023-10-10,128.82001,130.74001,128.050003,129.48,42178600
2023-10-11,129.74001,132.050003,129.61,131.83,40741800
2023-10-12,132.17,134.48,131.23,132.33,55528600
2023-10-13,132.98,133.31,128.95,129.78999,45786600
2023-10-16,130.69,133.070007,130.42999,132.55,42832900
2023-10-17,130.39,132.58,128.71001,131.47,49344600
2023-10-18,129.89999,130.67,127.51,128.13,42699500
2023-10-19,130.57001,132.24001,127.47,128.39999,60961400
2023-10-20,128.050003,128.17,124.97,125.17,56343300
2023-10-23,124.63,127.88,123.98,126.56,48260000
2023-10-24,127.74,128.8,126.34,128.56,46477400
2023-10-25,126.040001,126.34,120.79,121.39,74577500
2023-10-26,120.63,121.64,118.35,119.57,100419500
2023-10-27,126.2,130.020004,125.52,127.74,125309300
2023-10-30,129.72,133.0,128.56,132.71001,72485500
2023-10-31,132.75,133.57001,131.71001,133.089996,51589400
2023-11-01,133.96001,137.35001,133.71001,137.0,61529400
2023-11-02,138.73,138.81,136.47,138.070007,52236700
2023-11-03,138.99001,139.49001,137.45,138.60001,44007200
2023-11-06,138.75999,140.73,138.36,139.74001,44970400
2023-11-07,140.55,143.37,140.5,142.71001,53553500
2023-11-08,142.97,143.12,141.22,142.080002,44521700
2023-11-09,142.020004,142.64999,139.84,140.60001,36235400
2023-11-10,140.46001,143.64999,139.91,143.56,49287800
2023-11-13,142.080002,143.23,140.67,142.59,35680600
2023-11-14,145.0,147.25999,144.67999,145.8,56674600
2023-11-15,147.059998,147.28999,142.59,143.2,63875700
2023-11-16,140.91,143.32001,139.52,142.83,49653500
2023-11-17,142.66,145.23,142.53999,145.17999,49636700
2023-11-20,145.13,146.63,144.73,146.13,41951200
2023-11-21,143.91,144.050003,141.5,143.89999,71226000
2023-11-22,144.57001,147.74001,144.57001,146.71001,45669100
2023-11-24,146.7,147.2,145.32001,146.74001,22378400
2023-11-27,147.53,149.25999,146.88,147.73,53762400
2023-11-28,146.98,147.60001,145.53,147.029999,42711700
2023-11-29,147.85001,148.53999,145.97,146.32001,40610900
2023-11-30,144.75999,146.92999,144.33,146.089996,65814000
2023-12-01,146.0,147.25,145.55,147.029999,39924600
2023-12-04,145.25,145.35001,142.81,144.84,48294200
2023-12-05,143.55,148.57001,143.13,146.88,46822400
2023-12-06,147.58,147.85001,144.28,144.52,39679000
2023-12-07,146.14999,147.92,145.34,146.88,52352800
2023-12-08,145.48,147.84,145.39999,147.42,41858000
2023-12-11,145.66,146.19,143.64,145.89,50907300
2023-12-12,145.52,147.5,145.3,147.48,44944300
2023-12-13,148.12,149.46001,146.82001,148.84,52766200
2023-12-14,149.92999,150.53999,145.52,147.42,58400800
2023-12-15,148.38,150.57001,147.88,149.97,110039100
2023-12-18,150.56,154.85001,150.050003,154.070007,62512800
2023-12-19,154.39999,155.12,152.69,153.78999,43171300
2023-12-20,152.89999,155.63,151.56,152.12,50322100
2023-12-21,153.3,153.97,152.10001,153.84,36305700
2023-12-22,153.77,154.35001,152.71001,153.42,29480100
2023-12-26,153.56,153.98,153.029999,153.41,25067200
2023-12-27,153.56,154.78,153.12,153.34,31434700
2023-12-28,153.72,154.080002,152.95,153.38,27057000
2023-12-29,153.10001,153.89,151.029999,151.94,39789000
2024-01-02,151.53999,152.38,148.39,149.92999,47339400
2024-01-03,149.2,151.050003,148.33,148.47,49425500
2024-01-04,145.59,147.38,144.050003,144.57001,56039800
2024-01-05,144.69,146.59,144.53,145.24001,45124800
2024-01-08,146.74001,149.39999,146.14999,149.10001,46757100
2024-01-09,148.33,151.71001,148.21001,151.37,43812600
2024-01-10,152.059998,154.42,151.88,153.73,44421800
2024-01-11,155.039993,157.17,153.12,155.17999,49072700
2024-01-12,155.39,156.2,154.0099945,154.62,40460300
2024-01-16,153.53,154.99001,152.14999,153.16,41384600
2024-01-17,151.49001,152.14999,149.91,151.71001,34953400
2024-01-18,152.77,153.78,151.82001,153.5,37850200
2024-01-19,153.83,155.75999,152.74001,155.34,51033700
2024-01-22,156.89,157.050003,153.89999,154.78,43687500
2024-01-23,154.85001,156.21001,153.92999,156.020004,37986000
2024-01-24,157.8,158.50999,156.48,156.87,48547300
2024-01-25,156.95,158.50999,154.55,157.75,43638600
2024-01-26,158.42,160.72,157.91,159.12,51047400
2024-01-29,159.34,161.28999,158.89999,161.25999,45270400
2024-01-30,160.7,161.73,158.49001,159.0,45207400
2024-01-31,157.0,159.0099945,154.81,155.2,50284400
2024-02-01,155.87,159.75999,155.62,159.28,76542400
2024-02-02,169.19,172.5,167.33,171.81,117154900
2024-02-05,170.2,170.55,167.7,170.31,55081300
2024-02-06,169.39,170.71001,167.64999,169.14999,42505500
2024-02-07,169.48,170.88,168.94,170.53,47174100
2024-02-08,169.64999,171.42999,168.88,169.84,42316500
2024-02-09,170.89999,175.0,170.58,174.45,56986000
2024-02-12,174.8,175.39,171.53999,172.34,51050400
2024-02-13,167.73,170.95,165.75,168.64,56345100
2024-02-14,169.21001,171.21001,168.28,170.98,42815500
2024-02-15,170.58,171.17,167.59,169.8,49855200
2024-02-16,168.74001,170.42,167.17,169.50999,48074600
2024-02-20,167.83,168.71001,165.74001,167.080002,41980300
2024-02-21,168.94,170.23,167.14,168.59,44575600
2024-02-22,173.10001,174.8,171.77,174.58,55392400
2024-02-23,174.28,175.75,173.7,174.99001,59715200
2024-02-26,175.7,176.37,174.25999,174.73,44368600
2024-02-27,174.080002,174.62,172.86,173.53999,31141700
2024-02-28,172.44,174.050003,172.27,173.16,28180500
2024-02-29,173.0099945,177.22,172.85001,176.75999,53805400
2024-03-01,176.75,178.73,176.070007,178.22,31956200
2024-03-04,177.53,180.14,177.49001,177.58,37381500
2024-03-05,176.92999,176.92999,173.3,174.12,37228300
2024-03-06,175.53999,176.46001,173.25999,173.50999,32090900
2024-03-07,174.83,177.99001,173.72,176.82001,34063300
2024-03-08,176.44,178.78999,174.33,175.35001,37853500
2024-03-11,174.31,174.47,171.47,171.96001,28484800
2024-03-12,173.5,176.75999,171.98,175.39,36610600
2024-03-13,175.89999,177.62,175.55,176.56,30772600
2024-03-14,177.69,179.53,176.47,178.75,43705800
2024-03-15,176.64,177.92999,173.89999,174.42,72115500
2024-03-18,175.8,176.69,174.28,174.48,31250700
2024-03-19,174.22,176.089996,173.52,175.89999,26880900
2024-03-20,176.14,178.53,174.64,178.14999,29947200
2024-03-21,179.99001,181.42,178.14999,178.14999,32824300
2024-03-22,177.75,179.25999,176.75,178.87,27964100
2024-03-25,178.0099945,180.99001,177.24001,179.71001,29815500
2024-03-26,180.14999,180.45,177.95,178.3,29659000
2024-03-27,179.88,180.0,177.31,179.83,33272600
2024-03-28,180.17,181.7,179.25999,180.38,38051600
2024-04-01,180.78999,183.0,179.95,180.97,29174500
2024-04-02,179.070007,180.78999,178.38,180.69,32611500
2024-04-03,179.89999,182.87,179.8,182.41,31046600
2024-04-04,184.0,185.10001,180.0,180.0,41624300
2024-04-05,182.38,186.27,181.97,185.070007,42335200
2024-04-08,186.89999,187.28999,184.81,185.19,39221300
2024-04-09,187.24001,187.34,184.2,185.67,36546900
2024-04-10,182.77,186.27,182.67,185.95,35879200
2024-04-11,186.74001,189.77,185.50999,189.050003,40020700
2024-04-12,187.72,188.38,185.080002,186.13,38554300
2024-04-15,187.42999,188.69,183.0,183.62,48052400
2024-04-16,183.27,184.83,182.25999,183.32001,32891300
2024-04-17,184.31,184.57001,179.82001,181.28,31359700
2024-04-18,181.47,182.39,178.64999,179.22,30723800
2024-04-19,178.74001,179.0,173.44,174.63,55950000
2024-04-22,176.94,178.87,174.56,177.23,37924900
2024-04-23,178.080002,179.92999,175.98,179.53999,37046500
2024-04-24,179.94,180.32001,176.17999,176.59,34185100
2024-04-25,169.67999,173.92,166.32001,173.67,49249400
2024-04-26,177.8,180.82001,176.13,179.62,43919800
2024-04-29,182.75,183.53,179.39,180.96001,54063900
2024-04-30,181.089996,182.99001,174.8,175.0,94639800
2024-05-01,181.64,185.14999,176.56,179.0,94645100
2024-05-02,180.85001,185.10001,179.91,184.72,54303500
2024-05-03,186.99001,187.87,185.42,186.21001,39172000
2024-05-06,186.28,188.75,184.8,188.7,34725300
2024-05-07,188.92,189.94,187.31,188.75999,34048900
2024-05-08,187.44,188.42999,186.39,188.0,26136400
2024-05-09,188.88,191.7,187.44,189.5,43368400
2024-05-10,189.16,189.89,186.92999,187.48,34141800
2024-05-13,188.0,188.31,185.36,186.57001,24898600
2024-05-14,183.82001,187.72,183.45,187.070007,38698200
2024-05-15,185.97,186.72,182.73,185.99001,75459900
2024-05-16,185.60001,187.31,183.46001,183.63,38834500
2024-05-17,183.75999,185.3,183.35001,184.7,33175700
2024-05-20,184.34,186.67,183.28,183.53999,30511800
2024-05-21,182.3,183.25999,180.75,183.14999,50839100
2024-05-22,183.88,185.22,181.97,183.13,28148800
2024-05-23,183.66,184.75999,180.080002,181.050003,33670200
2024-05-24,181.64999,182.44,180.3,180.75,27434100
2024-05-28,179.92999,182.24001,179.49001,182.14999,29927000
2024-05-29,181.7,184.080002,181.55,182.020004,32009300
2024-05-30,181.31,181.34,178.36,179.32001,29249200
2024-05-31,178.3,179.21001,173.87,176.44,58903900
2024-06-03,177.7,178.7,175.92,178.34,30786600
2024-06-04,177.64,179.82001,176.44,179.34,27198400
2024-06-05,180.10001,181.5,178.75,181.28,32116400
2024-06-06,181.75,185.0,181.49001,185.0,31371200
2024-06-07,184.89999,186.28999,183.36,184.3,28021500
2024-06-10,184.070007,187.23,183.78999,187.059998,34494500
2024-06-11,187.059998,187.77,184.53999,187.23,27265100
2024-06-12,188.020004,188.35001,185.42999,186.89,33984200
2024-06-13,186.089996,187.67,182.67,183.83,39721500
2024-06-14,183.080002,183.72,182.23,183.66,25456400
2024-06-17,182.52,185.0,181.22,184.059998,35601900
2024-06-18,183.74001,184.28999,181.42999,182.81,36659200
2024-06-20,182.91,186.50999,182.72,186.10001,44726800
2024-06-21,187.8,189.28,185.86,189.080002,72931800
2024-06-24,189.33,191.0,185.33,185.57001,50610400
2024-06-25,186.81,188.84,185.42,186.34,45898500
2024-06-26,186.92,194.8,186.25999,193.61,65103900
2024-06-27,195.0099945,199.84,194.2,197.85001,74397500
2024-06-28,197.73,198.85001,192.5,193.25,76930200
2024-07-01,193.49001,198.3,192.82001,197.2,41192000
2024-07-02,197.28,200.42999,195.92999,200.0,45600000
2024-07-03,199.94,200.029999,196.75999,197.59,31597900
2024-07-05,198.64999,200.55,198.17,200.0,39858900
2024-07-08,200.039993,201.2,197.96001,199.28999,34767300
2024-07-09,199.39999,200.57001,199.050003,199.34,32700100
2024-07-10,200.0,200.11,197.69,199.78999,32883800
2024-07-11,200.089996,200.27,192.86,195.050003,44565000
2024-07-12,194.8,196.47,193.83,194.49001,30598500
2024-07-15,194.56,196.19,190.83,192.72,40683200
2024-07-16,195.59,196.62,192.24001,193.020004,33994700
2024-07-17,191.35001,191.58,185.99001,187.92999,48076100
2024-07-18,189.59,189.67999,181.45,183.75,51043600
2024-07-19,181.14,184.92999,180.11,183.13,43081800
2024-07-22,185.0,185.059998,182.48,182.55,39931900
2024-07-23,184.10001,189.39,183.56,186.41,47537700
2024-07-24,183.2,185.45,180.41,180.83,41532400
2024-07-25,182.91,183.89999,176.8,179.85001,44464200
2024-07-26,180.39,183.19,180.24001,182.5,29506000
2024-07-29,183.84,184.75,182.38,183.2,33270100
2024-07-30,184.72,185.86,179.38,181.71001,39508600
2024-07-31,185.050003,187.94,184.46001,186.98,41667300
2024-08-01,189.28999,190.60001,181.87,184.070007,70435600
2024-08-02,166.75,168.77,160.55,167.89999,141448400
2024-08-05,154.21001,162.96001,151.61,161.020004,83149400
2024-08-06,161.71001,165.080002,158.53999,161.92999,59950800
2024-08-07,166.55,167.58,161.42999,162.77,48408200
2024-08-08,165.17,166.69,162.55,165.8,44616200
2024-08-09,166.39999,168.55,165.85001,166.94,36401000
2024-08-12,168.14,168.55,166.11,166.8,30072800
2024-08-13,167.81,171.039993,167.10001,170.23,39237900
2024-08-14,172.11,172.28,168.86,170.10001,28843800
2024-08-15,174.86,177.91,173.99001,177.59,51698500
2024-08-16,177.039993,178.34,176.25999,177.059998,31489200
2024-08-19,177.64,178.3,176.16,178.22,31129800
2024-08-20,177.92,179.0099945,177.42999,178.88,26255200
2024-08-21,179.92,182.39,178.89,180.11,35599100
2024-08-22,181.38,181.47,175.67999,176.13,32047500
2024-08-23,177.34,178.97,175.24001,177.039993,29150100
2024-08-26,176.7,177.47,174.3,175.5,22366200
2024-08-27,174.14999,174.89,172.25,173.12,29842000
2024-08-28,173.69,173.69,168.92,170.8,29045000
2024-08-29,173.22,174.28999,170.81,172.12,26407800
2024-08-30,172.78,178.89999,172.60001,178.5,43429400
2024-09-03,177.55,178.25999,175.25999,176.25,37817500
2024-09-04,174.48,175.98,172.53999,173.33,30309200
2024-09-05,175.0,179.88,175.0,177.89,40170500
2024-09-06,177.24001,178.38,171.16,171.39,41466500
2024-09-09,174.53,175.85001,173.50999,175.39999,29037400
2024-09-10,177.49001,180.5,176.78999,179.55,36233800
2024-09-11,180.10001,184.99001,175.73,184.52,42564700
2024-09-12,184.8,187.41,183.53999,187.0,33622500
2024-09-13,187.0,188.5,185.91,186.49001,26495400
2024-09-16,185.28999,185.81,183.36,184.89,26065500
2024-09-17,186.85001,189.45,186.14,186.88,26091700
2024-09-18,186.45,188.8,185.059998,186.42999,34448100
2024-09-19,190.039993,190.99001,188.47,189.87,39543200
2024-09-20,190.23,191.84,187.41,191.60001,100378600
2024-09-23,191.64,194.45,190.57001,193.88,36993100
2024-09-24,194.27,195.37,190.13,193.96001,43478900
2024-09-25,193.75,193.95,192.16,192.53,26391100
2024-09-26,194.31,194.53,189.53999,191.16,36334900
2024-09-27,190.67999,190.89999,187.34,187.97,36002300
2024-09-30,187.14,188.49001,184.64999,186.33,41583900
2024-10-01,184.89999,186.19,183.45,185.13,36044900
2024-10-02,184.44,186.60001,184.039993,184.75999,23704100
2024-10-03,183.050003,183.44,180.88,181.96001,30204300
2024-10-04,185.75,187.60001,183.60001,186.50999,40890300
2024-10-07,182.95,183.60001,180.25,180.8,42364200
2024-10-08,181.92,183.089996,180.92,182.72,26372100
2024-10-09,182.82001,185.85001,182.050003,185.17,26343100
2024-10-10,187.13,188.13,185.83,186.64999,27785000
2024-10-11,186.63,189.92999,186.3,188.82001,25751600
2024-10-14,189.78,189.83,187.36,187.53999,22614400
2024-10-15,187.63,188.41,184.58,187.69,32178900
2024-10-16,187.050003,187.78,185.61,186.89,23456800
2024-10-17,188.22,188.94,186.0,187.53,25039400
2024-10-18,187.14999,190.74001,186.28,188.99001,37417700
2024-10-21,188.050003,189.46001,186.39999,189.070007,24639400
2024-10-22,188.35001,191.52,186.98,189.7,29650600
2024-10-23,188.85001,189.16,183.69,184.71001,31937100
2024-10-24,185.25,187.11,183.86,186.38,21647400
2024-10-25,187.85001,190.45,187.53,187.83,29362100
2024-10-28,189.57001,190.21001,188.21001,188.39,27930800
2024-10-29,188.58,191.46001,187.82001,190.83,35690200
2024-10-30,194.7,195.61,192.42,192.73,37707600
2024-10-31,190.50999,190.60001,185.23,186.39999,75146800
2024-11-01,199.0,200.5,197.020004,197.92999,99687800
2024-11-04,196.45,197.33,194.31,195.78,38492100
2024-11-05,196.039993,199.82001,195.99001,199.5,30564800
2024-11-06,200.0099945,207.55,199.14,207.089996,72292200
2024-11-07,207.44,212.25,207.19,210.050003,52878400
2024-11-08,209.72,209.96001,207.44,208.17999,36075800
2024-11-11,208.5,209.64999,205.59,206.84,35456000
2024-11-12,208.37,209.53999,206.0099945,208.91,38942900
2024-11-13,209.39999,215.089996,209.14,214.10001,46212900
2024-11-14,214.16,215.89999,210.88,211.48,42620300
2024-11-15,206.75999,207.34,199.61,202.61,86591100
2024-11-18,204.14999,204.67,200.95,201.7,36512500
2024-11-19,199.33,205.3,198.78,204.61,31197900
2024-11-20,202.98,203.13,199.45,202.88,32769000
2024-11-21,203.49001,203.49001,195.75,198.38,58800000
2024-11-22,198.25,199.25999,196.75,197.12,31530800
2024-11-25,199.28,201.95,199.0,201.45,40685700
2024-11-26,201.89999,208.0,201.78999,207.86,41673700
2024-11-27,206.98,207.64,205.050003,205.74001,28061600
2024-11-29,205.83,208.2,204.59,207.89,24892400
2024-12-02,209.96001,212.99001,209.50999,210.71001,39523200
2024-12-03,210.31,214.020004,209.64999,213.44,32214800
2024-12-04,215.96001,220.0,215.75,218.16,48745700
2024-12-05,218.029999,222.14999,217.3,220.55,41140200
2024-12-06,220.75,227.14999,220.60001,227.029999,44178100
2024-12-09,227.21001,230.080002,225.67,226.089996,46819400
2024-12-10,226.089996,229.059998,224.2,225.039993,31199900
2024-12-11,226.41,231.2,226.25999,230.25999,35385800
2024-12-12,229.83,231.089996,227.63,228.97,28204100
2024-12-13,228.39999,230.2,225.86,227.46001,28768100
2024-12-16,230.23,233.0,228.0099945,232.92999,37552100
2024-12-17,232.39,232.73,227.85001,231.14999,35948100
2024-12-18,230.77,231.39999,220.11,220.52,43281400
2024-12-19,224.91,226.089996,222.92,223.28999,39918700
2024-12-20,219.84,226.21001,218.73,224.92,88279200
2024-12-23,225.0099945,226.88,223.89999,225.059998,28070000
2024-12-24,226.94,229.14,226.13,229.050003,15007500
2024-12-26,228.5,228.5,226.67,227.050003,16146700
2024-12-27,225.60001,226.029999,220.89999,223.75,27367100
2024-12-30,220.059998,223.0,218.42999,221.3,28321200
2024-12-31,222.97,223.23,218.94,219.39,24819700
2025-01-02,222.029999,225.14999,218.19,220.22,33956600
2025-01-03,222.50999,225.36,221.62,224.19,27515600
2025-01-06,226.78,228.84,224.84,227.61,31849800
2025-01-07,227.89999,228.38,221.46001,222.11,28084200
2025-01-08,223.19,223.52,220.2,222.13,25033300
2025-01-10,221.46001,221.71001,216.5,218.94,36811500
2025-01-13,218.059998,219.39999,216.47,218.46001,27262700
2025-01-14,220.44,221.82001,216.2,217.75999,24711700
2025-01-15,222.83,223.57001,220.75,223.35001,31291300
2025-01-16,224.42,224.64999,220.31,220.66,24757300
2025-01-17,225.84,226.50999,223.080002,225.94,42370100
2025-01-21,228.89999,231.78,226.94,230.71001,39951500
2025-01-22,232.020004,235.44,231.19,235.0099945,41448200
2025-01-23,234.10001,235.52,231.50999,235.42,26404400
2025-01-24,234.5,236.39999,232.92999,234.85001,25890700
2025-01-27,226.21001,235.61,225.86,235.42,49428300
2025-01-28,234.28999,241.77,233.98,238.14999,41587200
2025-01-29,239.020004,240.39,236.14999,237.070007,26091700
2025-01-30,237.14,237.95,232.22,234.64,32020700
2025-01-31,236.5,240.28999,236.41,237.67999,36162400
2025-02-03,234.059998,239.25,232.89999,237.42,37285900
2025-02-04,239.0099945,242.52,238.029999,242.059998,29713800
2025-02-05,237.020004,238.32001,235.2,236.17,38727300
2025-02-06,238.0099945,239.66,236.0099945,238.83,60897100
2025-02-07,232.5,234.81,228.059998,229.14999,77539300
2025-02-10,230.55,233.92,229.2,233.14,35419900
2025-02-11,231.92,233.44,230.13,232.75999,23713700
2025-02-12,230.46001,231.17999,228.16,228.92999,32285200
2025-02-13,228.85001,230.42,227.52,230.37,31346500
2025-02-14,229.2,229.89,227.23,228.67999,27031100
2025-02-18,228.82001,229.3,223.72,226.64999,42975100
2025-02-19,225.52,226.83,223.71001,226.63,28566700
2025-02-20,224.78,225.13,221.81,222.88,30001700
2025-02-21,223.28,223.31,214.74001,216.58,55323900
2025-02-24,217.45,217.72,212.42,212.71001,42387600
2025-02-25,211.63,213.34,204.16,212.8,58958000
2025-02-26,214.94,218.16,213.089996,214.35001,39120600
2025-02-27,218.35001,219.97,208.37,208.74001,40548600
2025-02-28,208.64999,212.62,206.99001,212.28,51771700
2025-03-03,213.35001,214.0099945,202.55,205.020004,42948400
2025-03-04,200.11,206.8,197.42999,203.8,60853100
2025-03-05,204.8,209.98,203.25999,208.36,38610100
2025-03-06,204.39999,205.77,198.3,200.7,49863800
2025-03-07,199.49001,202.27,192.53,199.25,59802800
2025-03-10,195.60001,196.73,190.85001,194.53999,62350900
2025-03-11,193.89999,200.17999,193.39999,196.59,54002900
2025-03-12,200.72,201.52,195.28999,198.89,43679300
2025-03-13,198.17,198.88,191.82001,193.89,41270800
2025-03-14,197.41,198.64999,195.32001,197.95,38096700
2025-03-17,198.77,199.0,194.32001,195.74001,47341800
2025-03-18,192.52,194.0,189.38,192.82001,40414900
2025-03-19,193.38,195.97,191.96001,195.53999,39442900
2025-03-20,193.070007,199.32001,192.3,194.95,38921100
2025-03-21,192.89999,196.99001,192.52,196.21001,60056900
2025-03-24,200.0,203.64,199.95,203.25999,41625400
2025-03-25,203.60001,206.21001,203.22,205.71001,31171200
2025-03-26,205.84,206.0099945,199.92999,201.13,32855300
2025-03-27,200.89,203.78999,199.28,201.36,27317700
2025-03-28,198.42,199.25999,191.88,192.72,52548200
2025-03-31,188.19,191.33,184.39999,190.25999,63547600
2025-04-01,187.86,193.92999,187.2,192.17,41267300
2025-04-02,187.66,198.34,187.66,196.0099945,53679200
2025-04-03,183.0,184.13,176.92,178.41,95553600
2025-04-04,167.14999,178.14,166.0,171.0,123159400
2025-04-07,162.0,183.41,161.38,175.25999,109327100
2025-04-08,185.23,185.89999,168.57001,170.66,87710400
2025-04-09,172.12,192.64999,169.92999,191.10001,116804300
2025-04-10,185.44,186.87,175.85001,181.22,68302000
2025-04-11,179.92999,185.86,178.0,184.87,50594300
2025-04-14,186.84,187.44,179.23,182.12,48002500
2025-04-15,181.41,182.35001,177.92999,179.59,43642000
2025-04-16,176.28999,179.10001,171.41,174.33,51875300
2025-04-17,176.0,176.21001,172.0,172.61,44468400
2025-04-21,169.60001,169.60001,165.28999,167.32001,48126100
2025-04-22,169.85001,176.78,169.35001,173.17999,56607200
2025-04-23,183.45,187.38,180.19,180.60001,63470100
2025-04-24,180.92,186.74001,180.17999,186.53999,43763200
2025-04-25,187.62,189.94,185.49001,188.99001,36414300
2025-04-28,190.11,190.22,184.89,187.7,33224700
2025-04-29,183.99001,188.020004,183.67999,187.39,41667300
2025-04-30,182.17,185.050003,178.85001,184.42,55176500
2025-05-01,190.63,191.81,187.5,190.2,74266000
2025-05-02,191.44,192.88,186.39999,189.98,77903500
2025-05-05,186.50999,188.17999,185.53,186.35001,35217500
2025-05-06,184.57001,187.92999,183.85001,185.0099945,29314100
2025-05-07,185.56,190.99001,185.0099945,188.71001,43948600
2025-05-08,191.42999,194.33,188.82001,192.080002,41043600
2025-05-09,193.38,194.69,191.16,193.059998,29663100
2025-05-12,210.71001,211.66,205.75,208.64,75205000
2025-05-13,211.080002,214.84,210.10001,211.37,56193700
2025-05-14,211.45,211.92999,208.85001,210.25,38492100
2025-05-15,206.45,206.88,202.67,205.17,64347300
2025-05-16,206.85001,206.85001,204.37,205.59,43318500
2025-05-19,201.64999,206.62,201.25999,206.16,34314800
2025-05-20,204.63,205.59,202.64999,204.070007,29470400
2025-05-21,201.61,203.46001,200.059998,201.12,42460900
2025-05-22,201.38,205.75999,200.16,203.10001,38938900
2025-05-23,198.89999,202.37,197.85001,200.99001,33393500
2025-05-27,203.089996,206.69,202.19,206.020004,34892000
2025-05-28,205.92,207.66,204.41,204.72,28549800
2025-05-29,208.029999,208.81,204.23,205.7,34650000
2025-05-30,204.84,205.99001,201.7,205.0099945,51679400
2025-06-02,204.98,207.0,202.67999,206.64999,29113300
2025-06-03,207.11,208.95,205.029999,205.71001,33139100
2025-06-04,206.55,208.17999,205.17999,207.23,29915600
2025-06-05,209.55,212.81,207.56,207.91,51864200
2025-06-06,212.39999,213.87,210.5,213.57001,39832500
2025-06-09,214.75,217.85001,212.88,216.98,38102500
2025-06-10,216.78,217.69,214.14999,217.61,31303300
2025-06-11,217.41,218.39999,212.89,213.2,39326000
2025-06-12,211.78,213.58,211.33,213.24001,27640000
2025-06-13,209.96001,214.050003,209.62,212.10001,29337800
2025-06-16,212.31,217.059998,211.60001,216.10001,33284200
2025-06-17,215.2,217.41,214.56,214.82001,32086300
2025-06-18,215.089996,217.96001,212.34,212.52,44360500
2025-06-20,214.67999,214.89,208.27,209.69,75350700
2025-06-23,209.78999,210.39,207.31,208.47,37311700
2025-06-24,212.14,214.34,211.050003,212.77,38378800
2025-06-25,214.62,216.029999,211.11,211.99001,31755700
2025-06-26,213.12,218.039993,212.0099945,217.12,50480800
2025-06-27,219.92,223.3,216.74001,223.3,119217100
2025-06-30,223.52,223.82001,219.12,219.39,58887800
2025-07-01,219.5,221.88,217.92999,220.46001,39256800
2025-07-02,219.73,221.60001,219.059998,219.92,30894200
2025-07-03,221.82001,224.0099945,221.36,223.41,29632400
2025-07-07,223.0,224.28999,222.37,223.47,36604100
2025-07-08,223.92,224.0,218.42999,219.36,45692000
2025-07-09,221.070007,224.28999,220.47,222.53999,38155100
2025-07-10,221.55,222.78999,219.7,222.25999,30370600
2025-07-11,223.58,226.67999,222.37,225.020004,50518300
2025-07-14,225.070007,226.66,224.24001,225.69,35702600
2025-07-15,226.2,227.27,225.46001,226.35001,34907300
2025-07-16,225.88,226.10001,222.17999,223.19,39535900
2025-07-17,223.32001,224.5,222.50999,223.88,31855800
2025-07-18,225.14,226.39999,222.98,226.13,37833800
2025-07-21,225.84,229.69,225.64999,229.3,40297600
2025-07-22,229.67999,230.0,226.35001,227.47,37483700
2025-07-23,228.47,228.78999,227.089996,228.28999,28294900
2025-07-24,229.17,236.0,228.64,232.23,42902300
2025-07-25,232.22,232.48,231.17999,231.44,28712100
2025-07-28,233.35001,234.28999,232.25,232.78999,26300100
2025-07-29,234.14999,234.72,230.31,231.0099945,33716200
2025-07-30,231.64,231.8,229.28999,230.19,32993300
2025-07-31,235.77,236.53,231.39999,234.11,104357300
2025-08-01,217.21001,220.44,212.8,214.75,122258800
2025-08-04,217.39999,217.44,211.42,211.64999,77890100
2025-08-05,213.050003,216.3,212.87,213.75,51505100
2025-08-06,214.7,222.64999,213.74001,222.31,54823000
2025-08-07,221.0,226.22,220.82001,223.13,40603500
2025-08-08,223.14,223.8,221.88,222.69,32970500
2025-08-11,221.78,223.050003,220.39999,221.3,31646200
2025-08-12,222.23,223.5,219.050003,221.47,37185800
2025-08-13,222.0,224.92,222.0,224.56,36508300
2025-08-14,227.39999,233.11,227.020004,230.98,61545800
2025-08-15,232.58,234.080002,229.81,231.029999,39649200
2025-08-18,230.23,231.91,228.33,231.49001,25248900
2025-08-19,230.089996,230.53,227.12,228.0099945,29891000
2025-08-20,227.12,227.27,220.92,223.81,36604300
2025-08-21,222.64999,222.78,220.5,221.95,32140500
2025-08-22,222.78999,229.14,220.82001,228.84,37315300
2025-08-25,227.35001,229.60001,227.31,227.94,22633700
2025-08-26,227.11,229.0,226.020004,228.71001,26105400
2025-08-27,228.57001,229.87,227.81,229.12,21254500
2025-08-28,229.0099945,232.71001,228.020004,231.60001,33679600
2025-08-29,231.32001,231.81,228.16,229.0,26199200
2025-09-02,223.52,226.17,221.83,225.34,38843900
2025-09-03,225.21001,227.17,224.36,225.99001,29223100
2025-09-04,231.19,235.77,230.78,235.67999,59391800
2025-09-05,235.19,236.0,231.92999,232.33,36721800
2025-09-08,234.94,237.60001,233.75,235.84,33947100
2025-09-09,236.36,238.85001,235.080002,238.24001,27033800
2025-09-10,237.52,237.67999,229.10001,230.33,60907700
2025-09-11,231.49001,231.53,229.34,229.95,37485600
2025-09-12,230.35001,230.78999,226.28999,228.14999,38496200
2025-09-15,230.63,233.73,230.32001,231.42999,33243300
2025-09-16,232.94,235.89999,232.23,234.050003,38203900
2025-09-17,233.77,234.3,228.71001,231.62,42815200
2025-09-18,232.5,233.48,228.78999,231.23,37931700
2025-09-19,232.37,234.16,229.7,231.48,97943200
2025-09-22,230.56,230.57001,227.50999,227.63,45914500
2025-09-23,227.83,227.86,220.070007,220.71001,70956200
2025-09-24,224.14999,224.56,219.45,220.21001,49509000
2025-09-25,220.059998,220.67,216.47,218.14999,52226300
2025-09-26,219.080002,221.050003,218.020004,219.78,41650100
2025-09-29,220.080002,222.60001,219.3,222.17,44259200
2025-09-30,222.029999,222.24001,217.89,219.57001,48396400
2025-10-01,217.36,222.14999,216.61,220.63,43933800
2025-10-02,221.0099945,222.81,218.95,222.41,41258600
2025-10-03,223.44,224.2,219.34,219.50999,43639000
2025-10-06,221.0,221.73,216.029999,220.89999,43690900
2025-10-07,220.88,222.89,220.17,221.78,31194700
2025-10-08,222.92,226.73,221.19,225.22,46686000
2025-10-09,225.0,228.21001,221.75,227.74001,46412100
2025-10-10,226.21001,228.25,216.0,216.37,72367500
2025-10-13,217.7,220.67999,217.039993,220.070007,37809700
2025-10-14,215.56,219.32001,212.60001,216.39,45665600
2025-10-15,216.62,217.71001,212.66,215.57001,45909500
2025-10-16,215.67,218.59,212.81,214.47,42414600
2025-10-17,214.56,214.8,211.029999,213.039993,45986900
2025-10-20,213.88,216.69,213.59,216.48,38882800
2025-10-21,218.42999,223.32001,217.99001,222.029999,50494600
2025-10-22,219.3,220.0099945,216.52,217.95,44308500
2025-10-23,219.0,221.3,218.17999,221.089996,31540000
2025-10-24,221.97,225.39999,221.89999,224.21001,38685100
2025-10-27,227.66,228.39999,225.53999,226.97,38267000
2025-10-28,228.22,231.49001,226.21001,229.25,47100000
2025-10-29,231.67,232.82001,227.75999,230.3,52036200
2025-10-30,227.059998,228.44,222.75,222.86,102252900
2025-10-31,250.10001,250.5,243.98,244.22,166340800
2025-11-03,255.36,258.60001,252.89999,254.0,95997800
2025-11-04,250.38,257.01001,248.66,249.32001,51546300
2025-11-05,249.029999,251.0,246.16,250.2,40610700
2025-11-06,249.16,250.38,242.17,243.039993,46004200
2025-11-07,242.89999,244.89999,238.49001,244.41,46374300
2025-11-10,248.34,251.75,245.59,248.39999,36476500
2025-11-11,248.41,249.75,247.23,249.10001,23564100
2025-11-12,250.24001,250.37,243.75,244.2,31190100
2025-11-13,243.050003,243.75,236.5,237.58,41401700
2025-11-14,235.059998,238.73,232.89,234.69,38956700
2025-11-17,233.25,234.60001,229.19,232.87,59919000
2025-11-18,228.10001,230.2,222.42,222.55,60608400
2025-11-19,223.74001,223.74001,218.52,222.69,58335600
2025-11-20,227.050003,227.41,216.74001,217.14,50309000
2025-11-21,216.35001,222.21001,215.17999,220.69,68490500
2025-11-24,222.56,227.33,222.27,226.28,54318400
2025-11-25,226.38,230.52,223.8,229.67,39379300
2025-11-26,230.74001,231.75,228.77,229.16,38497900
2025-11-28,231.24001,233.28999,230.22,233.22,20292300
2025-12-01,233.22,235.8,232.25,233.88,42904000
2025-12-02,235.0099945,238.97,233.55,234.42,45785400
2025-12-03,233.35001,233.38,230.61,232.38,35495100
2025-12-04,232.77,233.5,226.8,229.11,45683200
2025-12-05,230.32001,231.24001,228.55,229.53,33117400
2025-12-08,229.59,230.83,226.27,226.89,35019200
2025-12-09,226.84,228.57001,225.11,227.92,25841700
2025-12-10,228.81,232.42,228.46001,231.78,38790700
2025-12-11,230.71001,232.11,228.69,230.28,28249600
2025-12-12,229.87,230.080002,225.12,226.19,35639100
2025-12-15,227.92999,227.92999,221.5,222.53999,47286100
2025-12-16,223.039993,223.66,221.13,222.56,39298900
2025-12-17,224.66,225.19,220.99001,221.27,44034400
2025-12-18,225.71001,229.23,224.41,226.75999,50272400
2025-12-19,226.75999,229.13,225.58,227.35001,85544400
2025-12-22,228.61,229.48,226.71001,228.42999,32261300
2025-12-23,229.059998,232.45,228.73,232.14,29230200
2025-12-24,232.13,232.95,231.33,232.38,11420500
2025-12-26,232.039993,232.99001,231.17999,232.52,15994700
2025-12-29,231.94,232.60001,230.77,232.070007,19797900
2025-12-30,231.21001,232.77,230.2,232.53,21910500
2025-12-31,232.91,232.99001,230.12,230.82001,24383700
2026-01-02,231.34,235.46001,224.7,226.5,51456200
2026-01-05,228.84,234.0,227.17999,233.059998,49733300
2026-01-06,232.10001,243.17999,232.070007,240.92999,53764700
2026-01-07,239.61,245.28999,239.52,241.56,42236500
2026-01-08,243.059998,246.41,241.88,246.28999,39509800
2026-01-09,244.57001,247.86,242.24001,247.38,34560000
2026-01-12,246.73,248.94,245.96001,246.47,35867800
2026-01-13,246.53,247.66,240.25,242.60001,38371800
2026-01-14,241.14999,241.28,236.22,236.64999,41410600
2026-01-15,239.31,240.64999,236.63,238.17999,43003600
2026-01-16,239.089996,239.57001,236.41,239.12,45888300
2026-01-20,233.75999,235.089996,229.34,231.0,47737900
2026-01-21,231.089996,232.3,226.88,231.31,47276100
2026-01-22,234.050003,235.72,230.89999,234.34,31913300
2026-01-23,234.96001,240.45,234.57001,239.16,33778500
2026-01-26,239.98,240.95,237.53999,238.42,32825500
2026-01-27,239.69,244.88,238.080002,244.67999,38029200
2026-01-28,246.37,247.78,241.53,243.0099945,40882700
2026-01-29,242.82001,243.0,236.74001,241.73,47229600
2026-01-30,239.89,243.32001,237.64,239.3,46585000
2026-02-02,238.31,245.63,238.17,242.96001,37546100
2026-02-03,244.98,246.35001,235.45,238.62,53831300
2026-02-04,238.86,238.86,231.82001,232.99001,51299900
2026-02-05,224.91,226.31,220.38,222.69,103509200
2026-02-06,202.7,211.44,200.31,210.32001,179210900
2026-02-09,208.97,212.81,203.35001,208.72,91178400
2026-02-10,208.8,212.64999,206.41,206.96001,67175000
2026-02-11,208.059998,208.57001,202.49001,204.080002,65545500
2026-02-12,203.96001,203.96001,197.56,199.60001,83975400
2026-02-13,198.88,201.16,197.28,198.78999,66321600
2026-02-17,198.13,201.74001,196.0,201.14999,69879200
2026-02-18,202.070007,206.86,201.50999,204.78999,51003300
2026-02-19,203.8,205.64,202.81,204.86,35669600
2026-02-20,204.75999,211.17,203.75,210.11,65881600
2026-02-23,208.10001,208.42999,203.11,205.27,53581500
2026-02-24,205.47,210.36,203.25,208.56,41137200
2026-02-25,210.46001,211.59,208.92999,210.64,41346400
2026-02-26,210.73,211.050003,205.35001,207.92,47756800
2026-02-27,206.83,210.33,205.2,210.0,57422800
2026-03-02,204.55,209.73,203.46001,208.39,46001000
2026-03-03,203.10001,209.17999,202.48,208.73,43184900
2026-03-04,210.47,217.53999,210.14999,216.82001,54731100
2026-03-05,215.98,220.47,215.59,218.94,60943400
2026-03-06,214.99001,217.32001,212.53,213.21001,51152700
2026-03-09,210.45,213.82001,207.11,213.49001,54642900
2026-03-10,214.19,215.64999,212.42999,214.33,35678800
2026-03-11,215.71001,217.0,211.35001,212.64999,34199300
2026-03-12,210.39,211.71001,208.14999,209.53,44349500
2026-03-13,209.61,210.56,206.22,207.67,35662100
2026-03-16,208.35001,212.72,207.45,211.74001,42209300
2026-03-17,212.82001,215.7,212.42999,215.2,44969900
2026-03-18,213.92999,215.14,208.83,209.87,37846600
2026-03-19,207.059998,209.12,206.050003,208.75999,36440600
2026-03-20,207.39999,207.53999,204.32001,205.37,63694600
2026-03-23,209.78999,212.8,209.50999,210.14,44277400
2026-03-24,207.95,209.35001,206.64,207.24001,35351400
2026-03-25,211.56,213.070007,209.89999,211.71001,36388800
2026-03-26,210.61,212.89,207.12,207.53999,46746000
2026-03-27,206.46001,206.60001,199.14,199.34,56009800
2026-03-30,201.48,203.8,199.98,200.95,46373800
2026-03-31,204.85001,210.28,204.14,208.27,58470100
2026-04-01,210.44,213.58,208.19,210.57001,45955400
2026-04-02,206.53999,212.21001,204.89999,209.77,31453000
2026-04-06,209.8,212.95,209.59,212.78999,25385500
2026-04-07,211.24001,213.97,209.080002,213.77,28154600
2026-04-08,223.78999,226.10001,219.62,221.25,51092700
2026-04-09,225.23,233.8,223.27,233.64999,65964200
2026-04-10,235.3,240.42999,235.21001,238.38,56912800
2026-04-13,237.45,240.0,235.75,239.89,42166200
2026-04-14,241.78,252.17999,241.78,249.020004,72685000
2026-04-15,249.25,250.44,247.2,248.5,43045200
2026-04-16,248.50999,250.0,244.2,249.7,41895700
2026-04-17,254.99001,256.17999,250.11,250.56,52029300
2026-04-20,249.19,250.17999,245.37,248.28,39463100
2026-04-21,255.089996,255.089996,249.10001,249.91,42922400
2026-04-22,252.44,255.94,250.33,255.36,36065100
2026-04-23,255.39,258.79001,253.070007,255.080002,39091400
2026-04-24,259.98001,264.5,257.69,263.98999,53777400
2026-04-27,263.45999,264.14999,260.34,261.12,44906800
2026-04-28,258.39001,261.029999,256.63,259.70001,42204400
2026-04-29,257.98999,265.91,257.70001,263.040009,72367900
2026-04-30,273.17001,273.88,256.16,265.059998,100974900
2026-05-01,265.57999,273.32001,262.73999,268.26001,50825200
2026-05-04,268.79999,276.10001,268.79999,272.049988,49083700
2026-05-05,276.079987,278.56,272.38,273.54999,41908500
2026-05-06,272.89001,277.79999,272.20999,274.98999,44552000
2026-05-07,275.019989,276.63,270.48999,271.17001,35892900
2026-05-08,271.63,274.0,269.95001,272.67999,34732700
2026-05-11,269.84,273.63,268.48001,268.98999,38176700
2026-05-12,266.26999,267.64999,262.63,265.82001,36510491
