DateTime,Open,High,Low,Close,Volume
2015-12-15,3.68457,3.73278,3.62948,3.65703,15293916
2015-12-16,3.53994,3.74656,3.46419,3.71212,36344141
2015-12-17,3.62948,3.67769,3.57438,3.57438,30787482
2015-12-18,3.53306,3.58815,3.34711,3.34711,30191581
2015-12-21,3.39532,3.4022,3.23692,3.25758,21794230
2015-12-22,3.31956,3.35399,3.25758,3.28512,15682616
2015-12-23,3.32645,3.38843,3.32645,3.38154,15827236
2015-12-24,3.34711,3.43664,3.34711,3.39532,4110757
2015-12-28,3.43664,3.49862,3.38843,3.45041,14082077
2015-12-29,3.50551,3.51928,3.46419,3.49862,12729248
2015-12-30,3.40909,3.43664,3.2989,3.31956,15456830
2015-12-31,3.33333,3.34022,3.29201,3.31267,8849795
2016-01-04,3.25069,3.28512,3.20937,3.26446,41896008
2016-01-05,3.25758,3.26446,3.19559,3.25069,17225657
2016-01-06,3.1887,3.25069,3.16804,3.20937,16172376
2016-01-07,3.16804,3.17493,3.085399,3.085399,17270233
2016-01-08,3.16804,3.18182,3.0096419,3.016529,22160279
2016-01-11,3.11295,3.11295,2.94077,2.96143,18545380
2016-01-12,2.98898,3.0096419,2.927,3.0027549,20471748
2016-01-13,3.0096419,3.044077,2.89945,2.90634,15643703
2016-01-14,2.927,3.03719,2.88567,3.0096419,15657206
2016-01-15,2.8719,2.93388,2.85124,2.90634,19287497
2016-01-19,2.93388,2.95455,2.86501,2.91322,20531135
2016-01-20,2.8719,2.94077,2.80992,2.89945,24978175
2016-01-21,2.83747,2.85124,2.76171,2.76859,25741201
2016-01-22,2.85813,2.94077,2.84435,2.93388,15000902
2016-01-25,2.89256,2.94077,2.83747,2.83747,11391956
2016-01-26,2.8719,2.927,2.84435,2.91322,13857598
2016-01-27,2.91322,2.96832,2.87879,2.90634,21620135
2016-01-28,2.95455,2.96143,2.87879,2.90634,17738794
2016-01-29,3.0027549,3.15427,2.98898,3.14738,25477808
2016-02-01,3.085399,3.25758,3.050964,3.2438,28152247
2016-02-02,3.15427,3.16804,3.044077,3.044077,23528353
2016-02-03,3.26446,3.30578,3.16116,3.2989,27636642
2016-02-04,3.38154,3.60881,3.38154,3.54683,49568521
2016-02-05,3.47107,3.53306,3.39532,3.43664,22386646
2016-02-08,3.42286,3.42975,3.27135,3.31956,11634440
2016-02-09,3.25758,3.34711,3.18182,3.31267,21035995
2016-02-10,3.33333,3.46419,3.32645,3.41598,14645888
2016-02-11,3.34022,3.34711,3.2438,3.27824,17003936
2016-02-12,3.32645,3.34022,3.26446,3.31267,11811294
2016-02-16,3.34711,3.41598,3.32645,3.37466,18256867
2016-02-17,3.47107,3.57438,3.38154,3.50551,18423266
2016-02-18,3.42286,3.42975,3.32645,3.36088,12725618
2016-02-19,3.32645,3.41598,3.29201,3.39532,14512014
2016-02-22,3.53306,3.65703,3.51928,3.65014,14313526
2016-02-23,3.62259,3.62948,3.53994,3.56749,14772938
2016-02-24,3.46419,3.58815,3.42286,3.58815,14082803
2016-02-25,3.65014,3.65014,3.53306,3.58127,12299166
2016-02-26,3.64325,3.65014,3.48485,3.53306,6762980
2016-02-29,3.6157,3.69146,3.58127,3.65014,19914761
2016-03-01,3.70523,3.84986,3.66391,3.84986,22309399
2016-03-02,3.78788,3.95317,3.78788,3.93939,20422816
2016-03-03,4.090909,4.44215,4.063361,4.42149,45581039
2016-03-04,4.85537,4.97934,4.69697,4.93802,73744612
2016-03-07,4.71763,4.82094,4.64187,4.77273,25988186
2016-03-08,4.86226,4.91047,4.73829,4.77961,41267002
2016-03-09,4.92424,4.9449,4.65565,4.67631,44459224
2016-03-10,4.71763,4.95868,4.66942,4.88292,42884675
2016-03-11,4.97934,5.11708,4.9449,5.11019,25495813
2016-03-14,5.096419,5.22039,4.98623,4.99311,30245305
2016-03-15,4.71763,4.79339,4.53168,4.573,32655770
2016-03-16,4.40083,4.50413,4.21488,4.49724,52244267
2016-03-17,5.048209,5.25482,4.79339,5.19284,40704352
2016-03-18,5.20661,5.2686,5.061983,5.24105,39972979
2016-03-21,5.16529,5.33058,5.16529,5.30303,17629022
2016-03-22,5.22727,5.32369,5.2135,5.26171,20828650
2016-03-23,5.12397,5.13085,4.91736,4.95179,19491067
2016-03-24,4.87603,4.91736,4.80716,4.87603,21521108
2016-03-28,5.13085,5.24793,5.013774,5.16529,17592142
2016-03-29,5.12397,5.29614,5.006887,5.2686,22876986
2016-03-30,5.3168,5.46832,5.26171,5.34435,20505289
2016-03-31,5.29614,5.34435,5.10331,5.13085,24060076
2016-04-01,5.048209,5.3168,5.0,5.29614,15333846
2016-04-04,5.14463,5.22039,5.020661,5.027548,12493008
2016-04-05,4.93113,5.096419,4.86915,4.99311,16429380
2016-04-06,4.88981,4.96557,4.80027,4.87603,18921738
2016-04-07,4.84848,4.88292,4.77273,4.84848,12824209
2016-04-08,5.082645,5.22727,5.041322,5.19973,20085226
2016-04-11,5.427,5.55096,5.41322,5.46832,25070377
2016-04-12,5.5303,5.7438,5.48209,5.72314,33224083
2016-04-13,5.81267,5.84711,5.72314,5.77824,27692834
2016-04-14,5.77824,5.78512,5.5303,5.63361,28844851
2016-04-15,5.61983,5.6405,5.48898,5.5854,42856506
2016-04-18,5.43182,5.59848,5.40909,5.45455,16118388
2016-04-19,5.51515,5.60606,5.50758,5.56818,13776840
2016-04-20,5.48485,5.59091,5.41667,5.53788,11759616
2016-04-21,5.55303,5.56061,5.40152,5.43182,8763216
2016-04-22,5.36364,5.44697,5.31818,5.40909,8093976
2016-04-25,5.43182,5.44697,5.24242,5.29545,8867364
2016-04-26,5.33333,5.55303,5.29545,5.55303,16155480
2016-04-27,5.68939,5.75758,5.63636,5.7197,15831552
2016-04-28,5.58333,5.72727,5.53788,5.63636,24242856
2016-04-29,5.7197,5.80303,5.56818,5.65909,19250484
2016-05-02,5.5303,5.53788,5.39394,5.44697,13040412
2016-05-03,5.28788,5.34848,5.18182,5.22727,22705320
2016-05-04,5.34091,5.52273,5.29545,5.51515,18207816
2016-05-05,5.60606,5.63636,5.30303,5.34091,21680868
2016-05-06,5.32576,5.49242,5.31061,5.40909,12824196
2016-05-09,5.37879,5.4697,5.060606,5.45455,32406660
2016-05-10,5.57576,5.77273,5.56818,5.75758,23538504
2016-05-11,5.93939,5.95455,5.77273,5.85606,18311568
2016-05-12,5.89394,6.022727,5.71212,5.94697,19319256
2016-05-13,5.87121,5.90152,5.5303,5.59091,23473956
2016-05-16,5.64394,5.70455,5.54545,5.56818,11887524
2016-05-17,5.51515,5.52273,5.36364,5.42424,15456804
2016-05-18,5.31061,5.50758,5.27273,5.31818,21196032
2016-05-19,5.18939,5.2197,5.10606,5.19697,21296880
2016-05-20,5.26515,5.34091,5.15152,5.2197,15189636
2016-05-23,5.037879,5.19697,5.007576,5.12879,18050472
2016-05-24,5.25758,5.2803,5.12121,5.18182,12917388
2016-05-25,5.25,5.27273,5.098485,5.12879,12207624
2016-05-26,5.17424,5.26515,5.15909,5.20455,7247460
2016-05-27,5.10606,5.15152,5.0,5.022727,11537988
2016-05-31,5.015152,5.083333,4.62121,4.74242,42167268
2016-06-01,4.75758,4.89394,4.67424,4.86364,15753804
2016-06-02,4.82576,5.068182,4.81061,5.037879,14771592
2016-06-03,5.12879,5.20455,5.068182,5.12879,14423640
2016-06-06,5.090909,5.18939,5.045455,5.15152,13883760
2016-06-07,5.12879,5.31061,5.12879,5.30303,23270148
2016-06-08,5.4697,5.62879,5.41667,5.60606,22827420
2016-06-09,5.5303,5.56818,5.45455,5.5303,11908908
2016-06-10,5.37879,5.41667,5.26515,5.2803,8925708
2016-06-13,5.16667,5.37121,5.15909,5.32576,21941172
2016-06-14,5.33333,5.40152,5.075758,5.15152,18480396
2016-06-15,5.19697,5.32576,5.098485,5.18939,17445648
2016-06-16,5.11364,5.30303,5.037879,5.28788,10711008
2016-06-17,5.37121,5.40909,5.26515,5.31061,12426480
2016-06-20,5.4697,5.54545,5.43939,5.4697,14519868
2016-06-21,5.45455,5.56818,5.36364,5.5303,20657736
2016-06-22,5.54545,5.68182,5.50758,5.52273,15660480
2016-06-23,5.63636,5.80303,5.54545,5.79545,12308208
2016-06-24,5.4697,5.60606,5.41667,5.52273,32563872
2016-06-27,5.57576,5.57576,5.23485,5.2803,26191440
2016-06-28,5.48485,5.60606,5.43182,5.58333,20550288
2016-06-29,5.7197,5.82576,5.68182,5.81061,13122780
2016-06-30,5.84091,6.045455,5.80303,5.91667,15748656
2016-07-01,5.86364,6.015152,5.86364,5.99242,21501216
2016-07-05,5.87879,5.95455,5.75,5.84848,11234124
2016-07-06,5.74242,5.84848,5.65152,5.84091,12022428
2016-07-07,5.82576,5.90909,5.75,5.75758,11950092
2016-07-08,5.96212,6.075758,5.90909,6.060606,18427068
2016-07-11,6.060606,6.13636,6.060606,6.098485,12100572
2016-07-12,6.19697,6.27273,6.075758,6.098485,13838220
2016-07-13,6.12121,6.25,6.045455,6.25,18376512
2016-07-14,6.52273,6.59091,6.43939,6.53788,19451784
2016-07-15,6.5303,6.59848,6.46212,6.54545,9694476
2016-07-18,6.59091,6.71212,6.55303,6.67424,9772224
2016-07-19,6.60606,6.65909,6.56061,6.64394,10412424
2016-07-20,6.64394,6.76515,6.56818,6.73485,10404768
2016-07-21,6.68939,6.72727,6.51515,6.61364,18141684
2016-07-22,6.61364,6.74242,6.56061,6.71212,10085196
2016-07-25,6.68939,6.71212,6.56061,6.61364,6744276
2016-07-26,6.59848,6.68182,6.57576,6.57576,9022992
2016-07-27,6.61364,6.72727,6.56061,6.61364,13063116
2016-07-28,6.44697,6.46212,6.23485,6.29545,22377036
2016-07-29,6.38636,6.62879,6.37879,6.59091,17210688
2016-08-01,6.62879,6.63636,6.51515,6.5303,9925476
2016-08-02,6.62121,6.65152,6.38636,6.43939,20420268
2016-08-03,6.43939,6.66667,6.39394,6.65152,13129512
2016-08-04,6.71212,6.89394,6.70455,6.84091,15794196
2016-08-05,6.87879,6.94697,6.75,6.91667,15284280
2016-08-08,6.86364,6.93939,6.83333,6.86364,14586528
2016-08-09,6.87879,7.007576,6.84091,6.89394,12112056
2016-08-10,6.93939,6.97727,6.68182,6.78788,18653448
2016-08-11,6.83333,7.007576,6.83333,7.007576,12154296
2016-08-12,6.95455,7.045455,6.87879,6.92424,10484232
2016-08-15,6.9697,7.045455,6.95455,7.015152,9859740
2016-08-16,6.99242,7.022727,6.88636,6.89394,13592700
2016-08-17,6.81061,6.92424,6.71212,6.92424,12657876
2016-08-18,6.93182,6.96212,6.81061,6.89394,6704940
2016-08-19,6.84091,6.93182,6.74242,6.90152,7322700
2016-08-22,6.85606,6.85606,6.71212,6.72727,10724208
2016-08-23,6.82576,6.87879,6.57576,6.58333,18782544
2016-08-24,6.5,6.62879,6.4697,6.57576,13806144
2016-08-25,6.58333,6.64394,6.5303,6.59848,11301180
2016-08-26,6.63636,6.87121,6.51515,6.59848,17240256
2016-08-29,6.59848,6.82576,6.56818,6.79545,10615572
2016-08-30,6.75758,6.82576,6.68182,6.80303,10939104
2016-08-31,6.89394,6.89394,6.65152,6.75758,19695852
2016-09-01,6.72727,6.76515,6.60606,6.65909,29212392
2016-09-02,6.76515,6.90152,6.76515,6.87121,14209668
2016-09-06,6.85606,7.045455,6.85606,7.045455,11976888
2016-09-07,6.91667,7.090909,6.90152,7.045455,11095260
2016-09-08,7.068182,7.16667,7.022727,7.11364,15535872
2016-09-09,6.87121,6.89394,6.59848,6.59848,23426172
2016-09-12,6.49242,6.70455,6.45455,6.68939,15356220
2016-09-13,6.49242,6.52273,6.18939,6.27273,22051656
2016-09-14,6.26515,6.39394,6.25,6.31818,17820924
2016-09-15,6.33333,6.56818,6.24242,6.50758,17974176
2016-09-16,6.43939,6.5303,6.33333,6.43939,21688788
2016-09-19,6.56061,6.65909,6.43939,6.46212,11878152
2016-09-20,6.62121,6.65909,6.55303,6.57576,14115948
2016-09-21,6.68939,6.84091,6.56818,6.81818,17766936
2016-09-22,6.94697,7.045455,6.84848,6.93182,11998272
2016-09-23,6.90152,6.9697,6.83333,6.89394,11755920
2016-09-26,6.81818,6.87121,6.77273,6.81061,8116680
2016-09-27,6.83333,7.007576,6.77273,6.99242,15738624
2016-09-28,7.015152,7.083333,6.87121,7.068182,15298932
2016-09-29,7.068182,7.098485,6.81818,6.84091,18268536
2016-09-30,6.95455,6.98485,6.83333,6.87121,14097864
2016-10-03,6.79545,7.045455,6.76515,7.037879,14976060
2016-10-04,7.05303,7.098485,6.93939,7.007576,18530160
2016-10-05,7.12121,7.17424,7.075758,7.13636,10317120
2016-10-06,7.083333,7.15909,7.068182,7.13636,15920388
2016-10-07,7.24242,7.25,7.075758,7.2197,12343980
2016-10-10,7.2803,7.34091,7.2197,7.26515,8597952
2016-10-11,7.19697,7.25758,7.15152,7.25758,8744736
2016-10-12,7.22727,7.27273,7.12879,7.15909,41416452
2016-10-13,7.15909,7.34091,7.068182,7.31061,12351240
2016-10-14,7.39394,7.43182,7.30303,7.31061,8303460
2016-10-17,7.32576,7.46212,7.28788,7.43182,14080176
2016-10-18,7.55303,7.73485,7.45455,7.70455,51290712
2016-10-19,7.71212,7.78788,7.62121,7.62879,12832776
2016-10-20,7.64394,7.85606,7.62879,7.84091,15419316
2016-10-21,7.75758,7.80303,7.72727,7.74242,7980852
2016-10-24,7.87121,7.90152,7.68939,7.75758,12666060
2016-10-25,7.67424,7.79545,7.59091,7.73485,15772812
2016-10-26,7.65152,7.72727,7.58333,7.62121,13220988
2016-10-27,7.7803,7.84091,7.67424,7.69697,12152580
2016-10-28,7.68182,7.73485,7.55303,7.65909,12392292
2016-10-31,7.84848,7.91667,7.75,7.88636,13991604
2016-11-01,7.82576,7.84091,7.48485,7.59091,10762620
2016-11-02,7.52273,7.65152,7.43939,7.51515,8113116
2016-11-03,7.51515,7.68939,7.34091,7.37879,14065128
2016-11-04,7.32576,7.52273,7.2803,7.38636,14848284
2016-11-07,7.70455,7.78788,7.65152,7.77273,12495252
2016-11-08,7.69697,7.94697,7.62121,7.78788,11107140
2016-11-09,7.47727,7.69697,7.43939,7.44697,19286652
2016-11-10,6.87879,6.94697,6.42424,6.48485,32431740
2016-11-11,6.25,6.60606,6.037879,6.52273,31578624
2016-11-14,6.45455,6.5,6.28788,6.43939,34151436
2016-11-15,6.46212,6.75,6.46212,6.71212,19801584
2016-11-16,6.58333,6.69697,6.51515,6.54545,19693608
2016-11-17,6.50758,6.59091,6.32576,6.34848,14837064
2016-11-18,6.50758,6.59091,6.41667,6.5,13712160
2016-11-21,6.63636,6.70455,6.5303,6.61364,21962028
2016-11-22,6.7803,6.7803,6.55303,6.64394,23455212
2016-11-23,6.55303,6.65152,6.49242,6.60606,13462284
2016-11-25,6.44697,6.53788,6.40152,6.48485,7428300
2016-11-28,6.5303,6.70455,6.5,6.63636,15425916
2016-11-29,6.60606,6.62879,6.40909,6.43939,15665364
2016-11-30,6.57576,6.71212,6.54545,6.55303,23454816
2016-12-01,6.33333,6.34848,6.05303,6.060606,29242884
2016-12-02,6.13636,6.2803,6.098485,6.18182,14699520
2016-12-05,6.14394,6.28788,6.12879,6.28788,13752552
2016-12-06,6.24242,6.45455,6.22727,6.38636,13353516
2016-12-07,6.46212,6.5,6.31061,6.37879,22940808
2016-12-08,6.37879,6.43182,6.31818,6.38636,19874316
2016-12-09,6.43182,6.52273,6.40152,6.46212,19541940
2016-12-12,6.39394,6.40909,6.17424,6.21212,29743164
2016-12-13,6.37121,6.43182,6.24242,6.2803,43440276
2016-12-14,6.30303,6.33333,6.098485,6.098485,19234908
2016-12-15,6.098485,6.2197,5.99242,6.16667,34538460
2016-12-16,6.15152,6.2197,6.015152,6.045455,16870128
2016-12-19,6.13636,6.14394,5.95455,5.96212,16942596
2016-12-20,6.16667,6.18939,6.068182,6.15152,16601508
2016-12-21,6.22727,6.24242,6.10606,6.11364,9087144
2016-12-22,6.037879,6.14394,6.007576,6.12121,11728200
2016-12-23,6.31818,6.32576,6.23485,6.2803,14489640
2016-12-27,6.38636,6.39394,6.28788,6.29545,13053216
2016-12-28,6.40909,6.59091,6.37879,6.56061,14676420
2016-12-29,6.57576,6.72727,6.57576,6.68182,10234884
2016-12-30,6.68182,6.69697,6.58333,6.59848,10410180
2017-01-03,6.81061,6.98485,6.78788,6.94697,20531676
2017-01-04,6.98485,7.022727,6.93939,6.9697,9719688
2017-01-05,7.0,7.16667,6.97727,7.12121,13885344
2017-01-06,7.075758,7.12879,7.045455,7.10606,11462880
2017-01-09,7.15152,7.18939,7.12121,7.14394,9346392
2017-01-10,7.2197,7.24242,7.12121,7.15909,8826972
2017-01-11,7.10606,7.40152,7.060606,7.40152,14261280
2017-01-12,7.42424,7.48485,7.40909,7.42424,14880624
2017-01-13,7.38636,7.41667,7.25,7.29545,16156668
2017-01-17,7.32576,7.56061,7.28788,7.50758,11406912
2017-01-18,7.44697,7.49242,7.37121,7.40909,13521948
2017-01-19,7.5,7.5,7.38636,7.46212,11652432
2017-01-20,7.50758,7.52273,7.37879,7.5,19954704
2017-01-23,7.60606,7.76515,7.56818,7.76515,18895272
2017-01-24,7.57576,7.70455,7.57576,7.68182,16264776
2017-01-25,7.75758,7.89394,7.75758,7.87879,12295008
2017-01-26,7.73485,7.84848,7.65152,7.84848,12504096
2017-01-27,7.87879,7.93939,7.84091,7.89394,8937984
2017-01-30,7.77273,7.90152,7.75,7.84848,13968768
2017-01-31,7.87121,7.90152,7.7803,7.82576,9083580
2017-02-01,7.90152,7.93182,7.78788,7.84091,16765584
2017-02-02,7.51515,7.61364,7.48485,7.60606,14954148
2017-02-03,7.67424,7.81061,7.63636,7.71212,12175152
2017-02-06,7.61364,7.68939,7.55303,7.61364,16608900
2017-02-07,7.56061,7.56061,7.49242,7.55303,11330484
2017-02-08,7.5,7.73485,7.5,7.69697,14912964
2017-02-09,7.69697,7.80303,7.66667,7.72727,9569208
2017-02-10,7.7803,7.94697,7.77273,7.87879,10151328
2017-02-13,7.85606,7.90909,7.77273,7.87879,9199344
2017-02-14,7.82576,7.94697,7.75,7.93939,7955112
2017-02-15,8.015152,8.18939,7.98485,8.17424,10899504
2017-02-16,8.23485,8.24242,8.022727,8.090909,16507656
2017-02-17,7.95455,8.068182,7.87879,8.045455,13645104
2017-02-21,8.15152,8.32576,8.14394,8.28788,14277252
2017-02-22,8.2803,8.43182,8.27273,8.40152,14395392
2017-02-23,8.51515,8.52273,8.24242,8.29545,21895500
2017-02-24,8.098485,8.22727,8.090909,8.12121,17634936
2017-02-27,8.12121,8.2197,8.098485,8.12879,7828260
2017-02-28,8.10606,8.11364,7.98485,8.007576,10141956
2017-03-01,8.16667,8.18182,8.05303,8.090909,15493500
2017-03-02,8.030303,8.05303,7.87121,7.92424,19342488
2017-03-03,7.98485,8.22727,7.98485,8.18939,18504288
2017-03-06,8.18939,8.18939,8.030303,8.05303,6936864
2017-03-07,8.10606,8.11364,7.99242,8.0,8445096
2017-03-08,7.84848,7.88636,7.65152,7.72727,8652864
2017-03-09,7.71212,7.77273,7.56818,7.60606,10729620
2017-03-10,7.81818,7.81818,7.62121,7.65152,12135816
2017-03-13,7.72727,7.80303,7.65909,7.77273,8585412
2017-03-14,7.72727,7.79545,7.62879,7.63636,10636032
2017-03-15,7.67424,7.97727,7.61364,7.90909,17295564
2017-03-16,7.92424,7.94697,7.7803,7.85606,11689524
2017-03-17,7.88636,7.92424,7.65152,7.65909,12984576
2017-03-20,7.63636,7.90909,7.60606,7.87121,18127956
2017-03-21,7.87879,7.90909,7.5303,7.58333,20904312
2017-03-22,7.58333,7.76515,7.5,7.61364,18562236
2017-03-23,7.4697,7.62121,7.45455,7.5303,13006752
2017-03-24,7.59848,7.73485,7.54545,7.68182,11701800
2017-03-27,7.56061,7.7197,7.5303,7.71212,8812716
2017-03-28,7.67424,7.76515,7.60606,7.74242,12977052
2017-03-29,7.75,8.015152,7.74242,7.95455,15038364
2017-03-30,7.92424,7.9697,7.79545,7.81818,13243428
2017-03-31,7.7803,7.90152,7.68182,7.75758,13211616
2017-04-03,7.88636,7.93182,7.7803,7.87121,10019988
2017-04-04,7.83333,8.022727,7.80303,8.0,15594084
2017-04-05,8.007576,8.022727,7.7197,7.75,12858780
2017-04-06,7.66667,7.80303,7.53788,7.62121,14127696
2017-04-07,7.67424,7.80303,7.58333,7.64394,10130076
2017-04-10,7.65909,7.75,7.58333,7.70455,13924152
2017-04-11,7.75758,7.78788,7.50758,7.73485,15464988
2017-04-12,7.71212,7.71212,7.57576,7.63636,12786708
2017-04-13,7.65909,7.68939,7.40152,7.41667,16843992
2017-04-17,7.55303,7.87879,7.53788,7.85606,15232140
2017-04-18,7.75,7.96212,7.74242,7.76515,14162016
2017-04-19,7.81061,7.81818,7.56818,7.58333,13899468
2017-04-20,7.63636,7.65909,7.35606,7.41667,31431708
2017-04-21,7.45455,7.54545,7.43939,7.45455,14443704
2017-04-24,7.63636,7.7803,7.60606,7.65152,22164780
2017-04-25,7.52273,7.70455,7.48485,7.65152,13358004
2017-04-26,7.57576,7.80303,7.56818,7.7803,37708308
2017-04-27,7.90152,8.05303,7.84848,7.99242,49181352
2017-04-28,7.87879,8.0,7.80303,7.99242,21017700
2017-05-01,8.030303,8.2197,7.99242,8.15152,20880948
2017-05-02,8.10833,8.325,8.10833,8.26667,15317400
2017-05-03,8.23333,8.275,8.066667,8.225,13229160
2017-05-04,8.10833,8.175,7.975,8.016667,14917920
2017-05-05,8.041667,8.10833,8.0083332,8.075,9737880
2017-05-08,8.033333,8.10833,7.95833,8.025,9155040
2017-05-09,8.05,8.175,8.033333,8.091667,7826640
2017-05-10,8.275,8.325,8.24167,8.26667,10984320
2017-05-11,8.31667,8.39167,8.24167,8.36667,23309160
2017-05-12,8.5,8.59167,8.46667,8.525,12029640
2017-05-15,8.55,8.61667,8.49167,8.575,9405240
2017-05-16,8.63333,8.64167,8.54167,8.63333,10825440
2017-05-17,8.5,8.56667,8.25,8.36667,13998120
2017-05-18,6.78333,7.23333,6.60833,6.775,68802120
2017-05-19,7.15833,7.29167,7.083333,7.11667,37387080
2017-05-22,6.96667,7.0,6.68333,6.825,27422880
2017-05-23,6.925,7.058333,6.89167,6.94167,22920240
2017-05-24,7.041667,7.23333,7.0,7.025,21409080
2017-05-25,7.041667,7.1,6.825,6.925,17731560
2017-05-26,7.025,7.19167,6.975,7.10833,15063360
2017-05-30,7.1,7.19167,7.091667,7.16667,16149480
2017-05-31,7.2,7.2,7.066667,7.066667,22953600
2017-06-01,7.13333,7.16667,6.98333,7.041667,20493240
2017-06-02,7.10833,7.125,6.86667,6.89167,16097400
2017-06-05,6.85833,6.95833,6.79167,6.85,11823240
2017-06-06,6.875,7.025,6.85,6.95833,11807280
2017-06-07,7.066667,7.1,6.98333,7.091667,13780080
2017-06-08,6.95833,7.016667,6.875,6.99167,12899400
2017-06-09,6.975,7.0,6.8,6.83333,11738760
2017-06-12,6.775,6.8,6.64167,6.65,14917800
2017-06-13,6.675,6.69167,6.58333,6.625,12528840
2017-06-14,6.88333,6.975,6.825,6.9,16041840
2017-06-15,6.76667,6.825,6.64167,6.8,12607080
2017-06-16,6.825,6.88333,6.775,6.875,10877040
2017-06-19,6.8,6.96667,6.8,6.88333,8723520
2017-06-20,6.825,6.85,6.63333,6.63333,15109680
2017-06-21,6.65,6.725,6.54167,6.58333,11697480
2017-06-22,6.6,6.70833,6.53333,6.66667,8145240
2017-06-23,6.65,6.68333,6.58333,6.61667,5551320
2017-06-26,6.73333,7.0,6.70833,6.975,12422280
2017-06-27,6.84167,6.98333,6.81667,6.875,13870200
2017-06-28,6.93333,7.0083332,6.8,6.99167,11501280
2017-06-29,7.025,7.05,6.84167,6.975,11477280
2017-06-30,7.025,7.13333,7.0083332,7.083333,11358840
2017-07-03,7.15,7.18333,7.05,7.11667,4446840
2017-07-05,7.10833,7.18333,6.95,7.15,10000560
2017-07-06,7.13333,7.14167,7.025,7.058333,17296200
2017-07-07,7.13333,7.15,6.95833,7.083333,13861200
2017-07-10,7.14167,7.25,7.13333,7.20833,10752480
2017-07-11,7.21667,7.375,7.19167,7.34167,10368240
2017-07-12,7.48333,7.65833,7.43333,7.63333,22590000
2017-07-13,7.69167,7.75,7.63333,7.69167,13576560
2017-07-14,7.75,7.825,7.73333,7.75,8691960
2017-07-17,7.73333,7.74167,7.65833,7.71667,9430920
2017-07-18,7.7,7.85833,7.68333,7.83333,8765280
2017-07-19,7.85833,7.91667,7.74167,7.79167,12053520
2017-07-20,7.89167,7.91667,7.80833,7.825,9700800
2017-07-21,7.84167,7.86667,7.71667,7.75833,9418200
2017-07-24,7.79167,7.825,7.73333,7.8,7315080
2017-07-25,7.88333,7.94167,7.825,7.875,13431960
2017-07-26,7.86667,7.9,7.78333,7.85833,16412760
2017-07-27,7.84167,7.88333,7.76667,7.84167,11710680
2017-07-28,7.81667,7.88333,7.775,7.88333,8266560
2017-07-31,7.93333,8.05,7.86667,8.016667,12530880
2017-08-01,8.058333,8.19167,8.025,8.14167,11475000
2017-08-02,8.091667,8.30833,8.066667,8.26667,18588360
2017-08-03,8.26667,8.29167,8.20833,8.25,10364160
2017-08-04,8.24167,8.29167,8.2,8.25,9834240
2017-08-07,8.24167,8.38333,8.21667,8.35,10412640
2017-08-08,8.33333,8.55833,8.33333,8.45833,11711280
2017-08-09,8.28333,8.375,8.275,8.36667,9018720
2017-08-10,8.31667,8.33333,8.18333,8.20833,12163680
2017-08-11,8.20833,8.35833,8.15,8.325,11115120
2017-08-14,8.26667,8.5,8.25833,8.39167,10397520
2017-08-15,8.4,8.53333,8.39167,8.5,7689480
2017-08-16,8.53333,8.6,8.4,8.55,16817040
2017-08-17,8.475,8.50833,8.35833,8.36667,10432680
2017-08-18,8.46667,8.66667,8.39167,8.65833,11154840
2017-08-21,8.70833,8.74167,8.55,8.6,9277680
2017-08-22,8.75,8.88333,8.725,8.79167,13438080
2017-08-23,8.825,8.95833,8.79167,8.94167,6999720
2017-08-24,8.95,9.033333,8.91667,8.95833,9934680
2017-08-25,8.99167,8.99167,8.88333,8.925,8140200
2017-08-28,8.91667,8.93333,8.74167,8.775,10757160
2017-08-29,8.68333,8.94167,8.675,8.9,17089680
2017-08-30,8.875,8.89167,8.78333,8.84167,6288000
2017-08-31,8.90833,8.93333,8.79167,8.86667,15177840
2017-09-01,9.033333,9.19167,8.98333,9.075,8502720
2017-09-05,9.15833,9.2,8.86667,9.016667,18904800
2017-09-06,9.15,9.23333,9.11667,9.2,15361320
2017-09-07,9.21667,9.3,9.1,9.21667,11206800
2017-09-08,9.2,9.25833,9.10833,9.15833,11115720
2017-09-11,9.29167,9.54167,9.28333,9.48333,10244760
2017-09-12,9.38333,9.55833,9.375,9.4,10872000
2017-09-13,9.36667,9.49167,9.35833,9.43333,22776600
2017-09-14,9.34167,9.45,9.275,9.35833,14573400
2017-09-15,9.36667,9.58333,9.33333,9.575,10980120
2017-09-18,9.58333,9.70833,9.51667,9.63333,12432480
2017-09-19,9.61667,9.64167,9.49167,9.6,12360600
2017-09-20,9.69167,9.7,9.4,9.575,11775000
2017-09-21,9.625,9.69167,9.48333,9.53333,9496440
2017-09-22,9.525,9.675,9.5,9.58333,7229040
2017-09-25,9.54167,9.54167,9.26667,9.29167,12470040
2017-09-26,9.325,9.43333,9.275,9.275,9164160
2017-09-27,9.225,9.3,9.041667,9.11667,11319120
2017-09-28,9.1,9.14167,8.96667,9.058333,11065560
2017-09-29,9.19167,9.25,9.13333,9.225,7685040
2017-10-02,9.16667,9.35,9.14167,9.34167,9519600
2017-10-03,9.23333,9.725,9.2,9.71667,14968800
2017-10-04,9.74167,9.8,9.675,9.73333,10659960
2017-10-05,9.86667,9.88333,9.65,9.675,16511880
2017-10-06,9.54167,9.6,9.45,9.525,9267480
2017-10-09,9.45,9.48333,9.325,9.425,11019600
2017-10-10,9.64167,9.75,9.575,9.675,14433120
2017-10-11,9.75,9.76667,9.56667,9.68333,10611720
2017-10-12,9.675,9.71667,9.55833,9.58333,12790680
2017-10-13,9.73333,9.73333,9.55833,9.64167,13561800
2017-10-16,9.63333,9.65,9.53333,9.58333,12617640
2017-10-17,9.575,9.59167,9.43333,9.575,6567720
2017-10-18,9.54167,9.56667,9.425,9.48333,8240160
2017-10-19,9.40833,9.45,9.31667,9.43333,5609040
2017-10-20,9.49167,9.49167,9.33333,9.33333,5915280
2017-10-23,9.28333,9.375,9.125,9.13333,8016480
2017-10-24,9.15,9.24167,9.058333,9.21667,7702320
2017-10-25,9.26667,9.33333,9.041667,9.31667,9271320
2017-10-26,9.38333,9.38333,9.016667,9.033333,7081200
2017-10-27,9.11667,9.2,8.98333,9.175,8540880
2017-10-30,9.0083332,9.091667,8.81667,8.9,8003520
2017-10-31,8.80833,8.9,8.64167,8.80833,19185360
2017-11-01,8.71667,8.775,8.53333,8.56667,10153080
2017-11-02,8.475,8.6,8.40833,8.56667,12037680
2017-11-03,8.58333,8.61667,8.34167,8.50833,17268000
2017-11-06,8.58333,8.625,8.49167,8.59167,7941720
2017-11-07,8.50833,8.53333,8.225,8.375,10162920
2017-11-08,8.41667,8.7,8.35,8.66667,17434680
2017-11-09,8.48333,8.64167,8.35,8.40833,16306680
2017-11-10,8.275,8.375,8.25833,8.325,11872200
2017-11-13,8.28333,8.36667,8.18333,8.3,10023480
2017-11-14,8.26667,8.31667,8.05,8.10833,10229400
2017-11-15,8.0,8.2,7.99167,8.18333,8534880
2017-11-16,8.3,8.43333,8.25,8.38333,9775920
2017-11-17,8.4,8.625,8.38333,8.59167,14503560
2017-11-20,8.53333,8.69167,8.45833,8.68333,8375760
2017-11-21,8.69167,8.89167,8.66667,8.74167,12945720
2017-11-22,8.7,8.75833,8.65,8.74167,8315280
2017-11-24,8.63333,8.66667,8.61667,8.65833,5148600
2017-11-27,8.50833,8.63333,8.45833,8.54167,7873920
2017-11-28,8.7,8.78333,8.55,8.64167,9667920
2017-11-29,8.575,8.575,8.39167,8.4,9099000
2017-11-30,8.35,8.40833,8.15833,8.15833,14346360
2017-12-01,8.26667,8.34167,8.16667,8.28333,10309320
2017-12-04,8.475,8.575,8.36667,8.44167,8028720
2017-12-05,8.59167,8.60833,8.36667,8.40833,7728600
2017-12-06,8.39167,8.525,8.25,8.475,8509800
2017-12-07,8.058333,8.35,8.016667,8.33333,12098760
2017-12-08,8.45,8.46667,8.3,8.31667,7922280
2017-12-11,8.30833,8.425,8.275,8.33333,7792200
2017-12-12,8.11667,8.60833,8.10833,8.56667,15716040
2017-12-13,8.55,8.61667,8.16667,8.21667,12093480
2017-12-14,8.10833,8.21667,8.075,8.13333,8097240
2017-12-15,8.25,8.25,8.14167,8.15,9116040
2017-12-18,8.29167,8.41667,8.275,8.3,7469040
2017-12-19,8.225,8.28333,8.13333,8.26667,7739280
2017-12-20,8.30833,8.39167,8.275,8.30833,8376240
2017-12-21,8.30833,8.60833,8.29167,8.5,10745760
2017-12-22,8.43333,8.49167,8.40833,8.475,8993160
2017-12-26,8.38333,8.39167,8.30833,8.375,3602520
2017-12-27,8.44167,8.45,8.34167,8.35833,4086840
2017-12-28,8.45,8.5,8.41667,8.48333,4472640
2017-12-29,8.54167,8.60833,8.50833,8.53333,6597840
2018-01-02,8.75,8.85833,8.73333,8.85,9300240
2018-01-03,8.81667,8.975,8.80833,8.96667,9140760
2018-01-04,9.041667,9.14167,9.016667,9.033333,7346400
2018-01-05,8.98333,9.15833,8.93333,9.14167,6568800
2018-01-08,9.1,9.15833,9.033333,9.075,9023400
2018-01-09,8.98333,9.041667,8.925,8.925,7324320
2018-01-10,8.90833,9.0,8.85833,8.94167,7808040
2018-01-11,8.975,9.175,8.95,9.15833,7686480
2018-01-12,9.091667,9.18333,9.058333,9.16667,7029240
2018-01-16,9.23333,9.3,9.18333,9.25,6181800
2018-01-17,9.23333,9.51667,9.225,9.48333,7245000
2018-01-18,9.575,9.61667,9.45,9.50833,7490520
2018-01-19,9.58333,9.65833,9.48333,9.65,7107000
2018-01-22,9.69167,9.79167,9.63333,9.76667,10657920
2018-01-23,9.73333,9.85833,9.64167,9.70833,11100720
2018-01-24,10.05,10.60833,9.99167,10.525,22710960
2018-01-25,10.5,10.9,10.45,10.73333,23987520
2018-01-26,10.59167,10.90833,10.59167,10.9,17777160
2018-01-29,10.61667,10.65833,10.4,10.40833,15398400
2018-01-30,10.35833,10.55,10.26667,10.53333,13262280
2018-01-31,10.98333,10.98333,10.53333,10.58333,16122720
2018-02-01,10.40833,10.45,10.3,10.34167,14081640
2018-02-02,10.075,10.15,9.85,9.875,18830520
2018-02-05,9.93333,10.083333,9.51667,9.65,15333840
2018-02-06,9.475,9.975,9.45,9.925,19975200
2018-02-07,9.91667,9.95833,9.59167,9.59167,12568560
2018-02-08,9.85833,9.85833,9.3,9.3,13878480
2018-02-09,9.53333,9.56667,9.175,9.44167,14227320
2018-02-12,9.54167,9.625,9.425,9.55833,9486360
2018-02-13,9.5,9.65833,9.475,9.60833,5161440
2018-02-14,9.49167,9.95,9.49167,9.88333,18572280
2018-02-15,9.98333,10.066667,9.875,9.94167,7450800
2018-02-16,9.875,10.075,9.84167,9.9,6809400
2018-02-20,9.79167,10.15,9.78333,10.075,10322520
2018-02-21,10.175,10.40833,10.10833,10.13333,15529920
2018-02-22,10.25,10.31667,10.15833,10.225,6475560
2018-02-23,10.275,10.33333,10.11667,10.325,6436440
2018-02-26,10.39167,10.43333,10.28333,10.4,7398240
2018-02-27,10.38333,10.38333,10.18333,10.18333,5857440
2018-02-28,10.2,10.20833,9.95,9.95,12189120
2018-03-01,10.05,10.1,9.80833,9.925,10306080
2018-03-02,9.85,9.98333,9.725,9.975,8176680
2018-03-05,9.9,10.13333,9.85833,10.1,8733480
2018-03-06,10.24167,10.34167,10.16667,10.2,9012240
2018-03-07,10.10833,10.15,9.85,9.925,9842040
2018-03-08,9.94167,9.95833,9.66667,9.73333,9347760
2018-03-09,9.96667,9.98333,9.86667,9.95,13266840
2018-03-12,9.98333,10.05,9.95,10.025,13315080
2018-03-13,10.066667,10.083333,9.85,9.9,5672040
2018-03-14,9.95,9.96667,9.725,9.875,6451800
2018-03-15,9.76667,9.775,9.55833,9.61667,7943880
2018-03-16,9.61667,9.76667,9.6,9.65833,11545920
2018-03-19,9.56667,9.675,9.51667,9.55833,8989920
2018-03-20,9.55,9.58333,9.425,9.46667,7035720
2018-03-21,9.55833,9.7,9.525,9.675,14480520
2018-03-22,9.56667,9.69167,9.49167,9.53333,10353000
2018-03-23,9.58333,9.775,9.53333,9.63333,16422000
2018-03-26,9.79167,9.81667,9.58333,9.675,10834680
2018-03-27,9.68333,9.71667,9.46667,9.48333,5042640
2018-03-28,9.45833,9.625,9.38333,9.56667,9030720
2018-03-29,9.675,9.98333,9.66667,9.9,9946200
2018-04-02,9.041667,9.05,8.85,8.90833,7913160
2018-04-03,9.05,9.091667,8.86667,8.925,12172320
2018-04-04,8.73333,8.90833,8.64167,8.88333,8472000
2018-04-05,9.066667,9.075,8.79167,8.875,14913240
2018-04-06,8.83333,8.89167,8.625,8.725,7774920
2018-04-09,8.69167,8.71667,8.29167,8.30833,12675840
2018-04-10,8.31667,8.43333,8.24167,8.425,13542720
2018-04-11,8.4,8.69167,8.38333,8.675,12049320
2018-04-12,8.56667,8.58333,8.44167,8.48333,19558080
2018-04-13,8.39167,8.39167,8.21667,8.225,17934600
2018-04-16,8.28333,8.29167,8.016667,8.075,8059560
2018-04-17,8.13333,8.25,8.066667,8.21667,15172560
2018-04-18,8.36667,8.6,8.31667,8.575,14079600
2018-04-19,8.43333,8.51667,8.36667,8.50833,10861440
2018-04-20,8.43333,8.43333,8.30833,8.33333,5994720
2018-04-23,8.21667,8.25833,8.14167,8.19167,6051120
2018-04-24,8.26667,8.33333,8.14167,8.2,7368720
2018-04-25,8.075,8.3,8.041667,8.25,10291200
2018-04-26,8.29167,8.34167,8.11667,8.3,10752480
2018-04-27,8.45,8.5,8.31667,8.4,8662920
2018-04-30,8.375,8.39167,8.15,8.16667,7450080
2018-05-01,8.15,8.15,7.99167,8.075,4438800
2018-05-02,8.066667,8.075,7.85,7.875,8322600
2018-05-03,7.875,7.91667,7.65833,7.73333,13756680
2018-05-04,7.675,7.86667,7.65,7.775,7664400
2018-05-07,7.68333,7.75833,7.625,7.66667,8138760
2018-05-08,7.59167,7.61667,7.43333,7.55,10422840
2018-05-09,7.50833,7.6,7.48333,7.575,7338120
2018-05-10,7.71667,7.89167,7.69167,7.84167,9557760
2018-05-11,7.78333,7.825,7.54167,7.59167,9245760
2018-05-14,7.61667,7.725,7.31667,7.44167,13586160
2018-05-15,7.15833,7.39167,7.125,7.31667,15552240
2018-05-16,7.35,7.425,7.29167,7.4,9774000
2018-05-17,7.275,7.275,7.025,7.041667,15716160
2018-05-18,6.84167,7.0083332,6.78333,6.99167,30495480
2018-05-21,7.125,7.125,6.925,6.98333,12711960
2018-05-22,7.11667,7.35,7.075,7.26667,18734040
2018-05-23,7.175,7.225,7.066667,7.15,15163080
2018-05-24,7.058333,7.1,6.94167,7.091667,11567520
2018-05-25,7.083333,7.1,6.83333,6.91667,13061640
2018-05-29,6.65833,6.71667,6.49167,6.525,16319640
2018-05-30,6.59167,6.625,6.425,6.49167,20590560
2018-05-31,6.54167,6.6,6.48333,6.54167,7260120
2018-06-01,6.61667,6.71667,6.45,6.60833,18304080
2018-06-04,6.75833,6.78333,6.64167,6.73333,9837360
2018-06-05,6.64167,6.65833,6.24167,6.31667,23590320
2018-06-06,6.20833,6.33333,6.083333,6.15,20265360
2018-06-07,5.95,5.96667,5.56667,5.86667,39387720
2018-06-08,6.1,6.275,5.80833,6.13333,29195160
2018-06-11,6.18333,6.225,5.98333,6.025,10121400
2018-06-12,6.05,6.18333,5.96667,6.0083332,13030800
2018-06-13,6.033333,6.05,5.76667,5.875,15216720
2018-06-14,5.9,5.96667,5.55,5.575,24213000
2018-06-15,5.54167,5.75,5.46667,5.7,22551960
2018-06-18,5.6,5.61667,5.5,5.55833,13455000
2018-06-19,5.60833,5.90833,5.575,5.76667,24371160
2018-06-20,6.05,6.05,5.775,5.89167,27824880
2018-06-21,5.825,5.88333,5.625,5.675,14294280
2018-06-22,5.76667,5.80833,5.65,5.75,17094720
2018-06-25,5.78333,5.825,5.58333,5.73333,13231440
2018-06-26,5.78333,5.78333,5.61667,5.65833,13780080
2018-06-27,5.65833,5.68333,5.44167,5.45833,16740960
2018-06-28,5.55833,5.725,5.53333,5.65,11952960
2018-06-29,5.76667,5.825,5.65833,5.71667,12475200
2018-07-02,5.58333,5.66667,5.575,5.65,9309120
2018-07-03,5.73333,5.96667,5.69167,5.89167,10681800
2018-07-05,5.96667,5.96667,5.79167,5.91667,14187000
2018-07-06,5.85833,6.058333,5.80833,6.0083332,14770440
2018-07-09,6.041667,6.091667,5.90833,6.016667,12788640
2018-07-10,6.091667,6.10833,5.95833,6.066667,16228080
2018-07-11,6.0083332,6.058333,5.875,5.90833,15369120
2018-07-12,6.0083332,6.091667,5.99167,6.033333,11733960
2018-07-13,6.075,6.28333,6.025,6.24167,15210240
2018-07-16,6.24167,6.3,6.16667,6.23333,9295440
2018-07-17,6.23333,6.48333,6.19167,6.43333,15436920
2018-07-18,6.43333,6.43333,6.3,6.31667,9520440
2018-07-19,6.125,6.36667,6.075,6.33333,11678760
2018-07-20,6.725,6.84167,6.66667,6.7,34456080
2018-07-23,6.65833,6.675,6.58333,6.65,14762160
2018-07-24,6.775,6.85,6.71667,6.8,11522520
2018-07-25,6.99167,7.075,6.95,7.0083332,20071320
2018-07-26,6.95833,7.0,6.66667,6.725,17938440
2018-07-27,6.84167,6.925,6.8,6.875,12006720
2018-07-30,6.96667,6.98333,6.84167,6.9,8323680
2018-07-31,6.80833,6.86667,6.70833,6.73333,9866640
2018-08-01,6.75833,6.90833,6.74167,6.81667,8939640
2018-08-02,6.73333,6.85833,6.66667,6.80833,8811960
2018-08-03,7.041667,7.21667,7.0083332,7.19167,16122360
2018-08-06,7.1,7.15833,7.041667,7.066667,9995280
2018-08-07,7.13333,7.18333,6.84167,6.89167,15637800
2018-08-08,6.975,7.025,6.70833,6.76667,16251600
2018-08-09,6.73333,6.75833,6.55833,6.625,9693720
2018-08-10,6.39167,6.4,6.13333,6.20833,25790760
2018-08-13,6.091667,6.25833,6.058333,6.23333,16929120
2018-08-14,6.325,6.425,6.20833,6.4,15049560
2018-08-15,6.26667,6.35833,6.175,6.275,18084120
2018-08-16,6.34167,6.38333,6.18333,6.25,16356240
2018-08-17,6.15833,6.15833,6.0083332,6.075,12250080
2018-08-20,6.025,6.058333,5.94167,6.041667,9064200
2018-08-21,5.93333,5.99167,5.73333,5.78333,23097960
2018-08-22,5.64167,5.90833,5.64167,5.89167,15476280
2018-08-23,5.89167,5.93333,5.61667,5.66667,18210840
2018-08-24,5.79167,5.825,5.675,5.75833,11536920
2018-08-27,5.81667,5.95833,5.79167,5.90833,13646760
2018-08-28,5.84167,5.875,5.73333,5.78333,10221240
2018-08-29,5.85,5.93333,5.80833,5.88333,10654680
2018-08-30,5.81667,5.81667,5.575,5.625,17994840
2018-08-31,5.65,5.85,5.59167,5.78333,17675160
2018-09-04,5.525,5.58333,5.45833,5.50833,14421840
2018-09-05,5.45,5.61667,5.425,5.54167,14418720
2018-09-06,5.59167,5.76667,5.49167,5.70833,17436360
2018-09-07,5.83333,5.91667,5.775,5.85,17433480
2018-09-10,5.825,5.89167,5.70833,5.79167,21319920
2018-09-11,5.55,5.58333,5.45833,5.51667,15119640
2018-09-12,5.63333,5.68333,5.54167,5.55833,21370800
2018-09-13,5.51667,5.575,5.41667,5.45833,17788080
2018-09-14,5.53333,5.6,5.41667,5.55833,17286240
2018-09-17,5.55833,5.80833,5.55,5.775,12186000
2018-09-18,5.75833,5.85833,5.725,5.775,13875720
2018-09-19,5.74167,5.91667,5.7,5.81667,20108400
2018-09-20,5.925,5.98333,5.8,5.9,15592800
2018-09-21,5.875,6.083333,5.85833,6.025,25182360
2018-09-24,6.0083332,6.016667,5.76667,5.81667,14103480
2018-09-25,5.65833,5.83333,5.63333,5.80833,21186480
2018-09-26,5.89167,6.033333,5.86667,5.89167,18540000
2018-09-27,5.99167,6.14167,5.99167,6.066667,28049400
2018-09-28,5.96667,6.041667,5.85,5.9,23245080
2018-10-01,5.88333,5.925,5.8,5.86667,12643080
2018-10-02,6.18333,6.40833,6.14167,6.30833,31006800
2018-10-03,6.93333,6.93333,6.575,6.66667,47177160
2018-10-04,6.65833,6.725,6.48333,6.66667,31236960
2018-10-05,6.80833,6.81667,6.6,6.66667,22505880
2018-10-08,7.33333,7.40833,7.16667,7.25,43724400
2018-10-09,7.3,7.5,7.16667,7.425,30294840
2018-10-10,7.25833,7.28333,7.041667,7.041667,23902440
2018-10-11,7.13333,7.18333,6.9,6.98333,24165000
2018-10-12,7.19167,7.21667,7.033333,7.16667,15491400
2018-10-15,7.13333,7.225,7.091667,7.11667,15560040
2018-10-16,7.31667,7.48333,7.25,7.46667,21070080
2018-10-17,7.46667,7.625,7.40833,7.55833,22141680
2018-10-18,7.5,7.51667,7.30833,7.31667,13847520
2018-10-19,7.4,7.45,7.25833,7.325,14182920
2018-10-22,7.475,7.55833,7.44167,7.46667,16196640
2018-10-23,7.33333,7.51667,7.28333,7.49167,12549360
2018-10-24,7.50833,7.51667,7.21667,7.21667,18463440
2018-10-25,7.38333,7.65833,7.31667,7.51667,23373720
2018-10-26,7.6,7.74167,7.45,7.70833,18829800
2018-10-29,7.975,8.0,7.34167,7.45,42872400
2018-10-30,7.40833,7.83333,7.375,7.83333,27059400
2018-10-31,7.8,7.80833,7.48333,7.64167,26272200
2018-11-01,7.925,8.14167,7.8,8.13333,22117800
2018-11-02,8.16667,8.3,8.11667,8.21667,15634320
2018-11-05,8.21667,8.30833,8.2,8.24167,17079240
2018-11-06,8.091667,8.15833,8.0,8.125,13165800
2018-11-07,8.0083332,8.041667,7.81667,8.0083332,18150720
2018-11-08,8.0,8.041667,7.74167,7.83333,17805600
2018-11-09,7.875,7.95,7.69167,7.90833,20595360
2018-11-12,7.88333,7.9,7.75833,7.85,12618600
2018-11-13,7.66667,7.725,7.50833,7.63333,15393360
2018-11-14,7.76667,7.79167,7.59167,7.76667,16756440
2018-11-15,7.775,8.058333,7.775,8.0,12594120
2018-11-16,8.0083332,8.23333,7.94167,8.15833,14972640
2018-11-19,8.075,8.2,8.033333,8.175,14460600
2018-11-20,8.0,8.05,7.8,7.8,25186320
2018-11-21,8.041667,8.05,7.925,8.0083332,16651080
2018-11-23,7.95,8.033333,7.94167,8.016667,6451800
2018-11-26,7.91667,7.925,7.58333,7.625,13151640
2018-11-27,7.8,8.075,7.775,8.033333,14849880
2018-11-28,8.13333,8.31667,7.88333,8.25833,19422480
2018-11-29,8.325,8.39167,8.20833,8.33333,20267520
2018-11-30,8.33333,8.4,8.24167,8.3,11789040
2018-12-03,8.33333,8.375,8.1,8.15833,14825760
2018-12-04,8.14167,8.23333,7.95,8.066667,19326240
2018-12-06,7.73333,8.19167,7.70833,8.16667,15546360
2018-12-07,8.18333,8.30833,8.0083332,8.05,17254680
2018-12-10,7.90833,7.975,7.825,7.85833,18090720
2018-12-11,7.975,8.025,7.83333,7.95833,17189520
2018-12-12,8.11667,8.21667,8.058333,8.083333,18128160
2018-12-13,8.15,8.29167,8.083333,8.275,9655440
2018-12-14,8.2,8.23333,8.058333,8.125,26744160
2018-12-17,8.13333,8.15,7.91667,7.95,20570760
2018-12-18,8.066667,8.18333,8.0,8.15,11239800
2018-12-19,8.24167,8.33333,7.91667,7.98333,17510640
2018-12-20,8.20833,8.275,8.1,8.20833,20305320
2018-12-21,8.18333,8.19167,7.93333,7.98333,18840720
2018-12-24,7.90833,8.041667,7.85,7.85,6966360
2018-12-26,7.69167,7.875,7.6,7.875,14889120
2018-12-27,7.76667,8.1,7.725,8.075,16945920
2018-12-28,8.16667,8.28333,8.11667,8.19167,10792200
2018-12-31,8.26667,8.30833,8.16667,8.24167,7028520
2019-01-02,8.4,8.9,8.375,8.84167,21553560
2019-01-03,8.91667,9.0083332,8.79167,8.95,16034880
2019-01-04,8.88333,9.19167,8.80833,9.066667,15384000
2019-01-07,9.2,9.21667,9.016667,9.041667,22475520
2019-01-08,9.0,9.225,8.91667,9.19167,22215600
2019-01-09,9.325,9.45833,9.30833,9.43333,23716920
2019-01-10,9.40833,9.53333,9.24167,9.36667,20187840
2019-01-11,9.21667,9.34167,9.175,9.3,13340040
2019-01-14,9.225,9.45,9.2,9.4,9048480
2019-01-15,9.325,9.4,9.23333,9.35833,11399160
2019-01-16,9.35,9.43333,9.30833,9.33333,10038360
2019-01-17,9.225,9.44167,9.21667,9.38333,13723680
2019-01-18,9.53333,9.575,9.36667,9.45833,11041680
2019-01-22,9.31667,9.4,9.091667,9.11667,12359640
2019-01-23,9.30833,9.44167,9.19167,9.425,10292400
2019-01-24,9.40833,9.51667,9.35833,9.48333,15313560
2019-01-25,9.55833,9.65,9.38333,9.59167,12919080
2019-01-28,9.45833,9.65,9.44167,9.51667,11204760
2019-01-29,9.725,9.75,9.56667,9.61667,13412640
2019-01-30,9.6,9.70833,9.38333,9.65,13328880
2019-01-31,10.15833,10.46667,10.11667,10.35,22627080
2019-02-01,10.16667,10.25,10.041667,10.18333,18900600
2019-02-04,10.025,10.39167,10.0,10.325,13684440
2019-02-05,10.3,10.45,10.20833,10.33333,14035200
2019-02-06,10.025,10.1,9.73333,9.825,18458400
2019-02-07,9.91667,9.95833,9.65833,9.88333,23911800
2019-02-08,10.058333,10.1,9.71667,9.90833,19156080
2019-02-11,9.91667,9.94167,9.65833,9.81667,10318320
2019-02-12,10.05,10.26667,9.91667,10.1,16248120
2019-02-13,10.05,10.1,9.83333,9.85833,15603960
2019-02-14,9.7,10.36667,9.68333,10.26667,26778720
2019-02-15,10.325,10.35833,10.175,10.325,13286160
2019-02-19,10.18333,10.25833,10.075,10.091667,15315480
2019-02-20,10.1,10.25833,9.925,9.95,18535320
2019-02-21,9.9,9.90833,9.75833,9.90833,22457160
2019-02-22,9.96667,9.96667,9.78333,9.89167,16947000
2019-02-25,9.96667,9.975,9.76667,9.8,14667720
2019-02-26,9.80833,9.98333,9.775,9.975,18758520
2019-02-27,9.88333,9.98333,9.83333,9.91667,8917800
2019-02-28,9.81667,9.81667,9.55,9.56667,24333480
2019-03-01,9.475,9.55,9.31667,9.35833,15574560
2019-03-04,9.39167,9.41667,9.24167,9.35,11131200
2019-03-05,9.39167,9.5,9.31667,9.43333,6891600
2019-03-06,9.41667,9.44167,9.083333,9.15,14448360
2019-03-07,9.2,9.2,8.98333,9.11667,13183560
2019-03-08,9.1,9.26667,9.091667,9.25,14388000
2019-03-11,9.41667,9.70833,9.4,9.70833,17936160
2019-03-12,9.7,9.775,9.65,9.75833,15068880
2019-03-13,9.725,9.95833,9.675,9.85833,17863920
2019-03-14,9.81667,9.83333,9.69167,9.83333,12508080
2019-03-15,9.89167,10.0,9.88333,9.925,16639560
2019-03-18,9.925,10.091667,9.925,10.075,9565320
2019-03-19,10.033333,10.083333,9.85,9.89167,17065320
2019-03-20,9.81667,9.90833,9.60833,9.71667,25730760
2019-03-21,9.61667,9.625,9.18333,9.35,28231200
2019-03-22,8.96667,9.075,8.69167,8.79167,51365280
2019-03-25,8.81667,9.025,8.8,8.90833,17582400
2019-03-26,9.025,9.066667,8.86667,8.975,19929360
2019-03-27,8.675,8.74167,8.44167,8.5,30990480
2019-03-28,8.525,9.0083332,8.51667,8.90833,32291880
2019-03-29,9.041667,9.18333,8.96667,9.091667,18034320
2019-04-01,9.34,9.48,9.24,9.26,16624300
2019-04-02,9.27,9.3,9.03,9.17,10015600
2019-04-03,9.29,9.35,8.98,9.05,13967800
2019-04-04,9.07,9.35,9.01,9.31,12464800
2019-04-05,9.27,9.45,9.23,9.39,10412500
2019-04-08,9.35,9.41,9.25,9.41,6185700
2019-04-09,9.33,9.36,9.2,9.35,9405900
2019-04-10,9.41,9.43,9.29,9.34,13436500
2019-04-11,9.21,9.26,8.99,9.1,11771500
2019-04-12,9.04,9.21,8.83,8.94,18068000
2019-04-15,9.08,9.08,8.9,8.95,15076600
2019-04-16,8.92,9.03,8.85,8.86,9950300
2019-04-17,8.87,8.9,8.53,8.69,13070000
2019-04-18,8.68,8.96,8.6,8.82,10272400
2019-04-22,8.8,8.95,8.71,8.87,8498500
2019-04-23,8.95,9.15,8.89,9.08,13744600
2019-04-24,9.02,9.02,8.76,8.88,11517300
2019-04-25,8.81,9.08,8.66,9.07,12277100
2019-04-26,9.07,9.18,9.02,9.12,8408200
2019-04-29,9.15,9.19,8.93,8.97,7310500
2019-04-30,9.04,9.06,8.84,9.06,11406900
2019-05-01,9.06,9.16,8.92,8.92,8657500
2019-05-02,8.85,9.03,8.83,8.98,10024400
2019-05-03,9.04,9.15,9.01,9.13,6284700
2019-05-06,8.92,8.97,8.81,8.82,9527700
2019-05-07,8.62,8.75,8.47,8.75,13195700
2019-05-08,8.95,9.12,8.95,9.0,11412300
2019-05-09,8.81,8.89,8.65,8.81,9744200
2019-05-10,8.85,8.87,8.58,8.76,8186400
2019-05-13,8.49,8.56,8.41,8.44,11872300
2019-05-14,8.48,8.51,8.38,8.43,11031600
2019-05-15,8.15,8.36,8.14,8.27,10773600
2019-05-16,8.18,8.26,8.02,8.09,20155200
2019-05-17,8.06,8.14,7.89,8.01,17350500
2019-05-20,8.02,8.28,8.0,8.22,12789400
2019-05-21,8.28,8.74,8.22,8.63,15897400
2019-05-22,8.67,8.77,8.58,8.62,21895300
2019-05-23,8.45,8.61,8.36,8.53,18737500
2019-05-24,8.56,8.58,8.41,8.49,8298100
2019-05-28,8.65,8.86,8.54,8.76,18407900
2019-05-29,8.91,9.12,8.86,9.03,14705500
2019-05-30,9.11,9.3,9.11,9.23,11748300
2019-05-31,9.28,9.48,9.24,9.36,10221300
2019-06-03,9.45,9.52,9.34,9.43,15435500
2019-06-04,9.49,9.59,9.41,9.54,8760200
2019-06-05,9.58,9.6,9.22,9.34,14410900
2019-06-06,9.51,9.6,9.38,9.55,8393600
2019-06-07,9.61,9.74,9.56,9.58,11099700
2019-06-10,9.43,9.52,9.24,9.45,11969700
2019-06-11,9.51,9.6,9.42,9.6,14862700
2019-06-12,9.62,9.71,9.39,9.4,16744600
2019-06-13,9.38,9.5,9.21,9.39,21048400
2019-06-14,9.23,9.31,9.09,9.18,11386600
2019-06-17,9.21,9.32,9.15,9.18,9283100
2019-06-18,9.31,9.45,9.3,9.32,11488800
2019-06-19,9.3,9.55,9.2,9.52,18818300
2019-06-20,9.63,9.78,9.63,9.72,8715900
2019-06-21,9.63,9.8,9.62,9.72,11421200
2019-06-24,9.76,9.92,9.72,9.88,10163800
2019-06-25,9.88,9.94,9.62,9.71,21132200
2019-06-26,9.84,9.9,9.67,9.86,10459700
2019-06-27,9.72,9.9,9.57,9.82,11585400
2019-06-28,9.88,9.95,9.78,9.82,12085400
2019-07-01,9.95,9.96,9.69,9.74,8289300
2019-07-02,9.7,9.9,9.52,9.72,11972000
2019-07-03,9.74,9.9,9.69,9.84,5395700
2019-07-05,10.12,10.31,10.05,10.24,13495400
2019-07-08,10.27,10.29,10.19,10.24,17569000
2019-07-09,10.01,10.36,10.01,10.3,8144100
2019-07-10,10.5,10.55,10.33,10.39,16912000
2019-07-11,10.25,10.28,10.09,10.25,11389600
2019-07-12,10.29,10.32,10.12,10.19,10949600
2019-07-15,10.12,10.16,9.97,10.03,8827100
2019-07-16,10.02,10.07,9.93,9.99,6092400
2019-07-17,10.04,10.09,9.96,9.97,4913300
2019-07-18,10.01,10.29,10.0,10.28,9770400
2019-07-19,10.19,10.22,9.95,9.98,12432000
2019-07-22,10.17,10.24,10.07,10.15,13569400
2019-07-23,10.12,10.14,10.02,10.09,10443200
2019-07-24,10.18,10.3,10.16,10.26,12925400
2019-07-25,9.93,9.95,9.64,9.66,24658100
2019-07-26,9.77,9.78,9.58,9.6,13026400
2019-07-29,9.56,9.59,9.41,9.54,12864100
2019-07-30,9.25,9.4,9.23,9.28,17765100
2019-07-31,9.31,9.31,8.93,9.04,19333500
2019-08-01,9.13,9.26,8.85,8.88,18324700
2019-08-02,8.91,8.96,8.7,8.77,11207400
2019-08-05,8.51,8.63,8.39,8.47,18750500
2019-08-06,8.61,8.66,8.45,8.6,16253000
2019-08-07,8.52,8.79,8.44,8.76,22766400
2019-08-08,8.85,8.94,8.75,8.88,18694700
2019-08-09,8.85,8.93,8.67,8.72,14294100
2019-08-12,8.35,8.53,8.3,8.45,8688100
2019-08-13,8.39,8.73,8.37,8.57,16604100
2019-08-14,8.3,8.42,8.16,8.21,17048400
2019-08-15,8.23,8.34,8.09,8.25,14833800
2019-08-16,8.33,8.37,8.22,8.27,9695300
2019-08-19,8.32,8.37,7.97,8.04,15323000
2019-08-20,7.95,8.11,7.91,8.01,13931300
2019-08-21,8.13,8.23,8.06,8.17,13986400
2019-08-22,8.11,8.2,8.01,8.02,8664800
2019-08-23,7.87,8.01,7.65,7.72,16690900
2019-08-26,7.71,7.77,7.54,7.62,10117600
2019-08-27,7.73,7.79,7.57,7.66,15249700
2019-08-28,7.64,7.74,7.58,7.65,9862800
2019-08-29,7.68,7.83,7.61,7.79,8997500
2019-08-30,7.92,8.03,7.85,7.99,24101400
2019-09-03,7.79,7.93,7.61,7.68,16017000
2019-09-04,7.86,7.89,7.78,7.88,11674400
2019-09-05,8.03,8.32,8.02,8.06,13110300
2019-09-06,8.22,8.45,8.2,8.39,22376100
2019-09-09,8.49,8.66,8.45,8.47,21240300
2019-09-10,8.38,8.47,8.28,8.36,14483500
2019-09-11,8.38,8.48,8.31,8.39,10191900
2019-09-12,8.48,8.48,8.29,8.33,13843600
2019-09-13,8.32,8.35,8.1,8.15,15333200
2019-09-16,8.02,8.15,7.98,8.03,13400000
2019-09-17,8.01,8.24,7.99,8.22,12285800
2019-09-18,8.27,8.31,8.15,8.22,9829400
2019-09-19,8.27,8.32,8.03,8.06,8809600
2019-09-20,8.08,8.18,8.01,8.13,17499400
2019-09-23,8.07,8.16,7.99,8.12,10384100
2019-09-24,8.15,8.16,8.01,8.06,8033500
2019-09-25,7.98,8.16,7.94,8.15,5617200
2019-09-26,8.2,8.32,8.15,8.24,9984800
2019-09-27,8.28,8.31,8.13,8.25,7196800
2019-09-30,8.25,8.25,8.12,8.14,5976200
2019-10-01,8.15,8.16,7.95,7.97,8771300
2019-10-02,7.85,7.86,7.68,7.77,11928000
2019-10-03,7.79,7.88,7.68,7.83,11837600
2019-10-04,7.82,8.0,7.8,7.99,7540900
2019-10-07,8.03,8.14,7.85,7.86,12934400
2019-10-08,7.93,8.05,7.85,7.87,13913100
2019-10-09,7.98,8.13,7.87,8.04,11038200
2019-10-10,8.05,8.21,8.03,8.12,12982400
2019-10-11,8.24,8.33,8.21,8.27,11330100
2019-10-14,8.24,8.36,8.21,8.28,11773700
2019-10-15,8.28,8.39,8.21,8.28,14731400
2019-10-16,8.21,8.52,8.18,8.49,17481700
2019-10-17,8.6,8.65,8.35,8.36,13264600
2019-10-18,8.12,8.2,8.07,8.15,7101200
2019-10-21,8.11,8.21,8.04,8.14,11719100
2019-10-22,8.24,8.57,8.21,8.52,14075600
2019-10-23,8.55,8.76,8.55,8.7,15571000
2019-10-24,8.73,8.8,8.61,8.69,9041900
2019-10-25,8.74,8.9,8.72,8.85,10992100
2019-10-28,8.99,9.22,8.96,9.18,17527300
2019-10-29,9.13,9.2,9.02,9.08,8709400
2019-10-30,8.93,9.14,8.81,9.1,13632000
2019-10-31,8.84,8.85,8.64,8.76,18334500
2019-11-01,8.85,8.87,8.6,8.71,15637900
2019-11-04,8.77,8.77,8.62,8.65,10823400
2019-11-05,8.66,8.82,8.64,8.8,30134900
2019-11-06,8.62,8.72,8.53,8.61,10882200
2019-11-07,8.57,8.63,8.54,8.55,20541700
2019-11-08,8.33,8.37,8.15,8.2,14986900
2019-11-11,8.16,8.2,8.11,8.19,15636500
2019-11-12,8.05,8.08,7.97,8.07,10845500
2019-11-13,7.97,8.02,7.87,7.96,13573400
2019-11-14,7.94,7.99,7.87,7.91,12337800
2019-11-15,7.96,8.03,7.95,8.03,6620700
2019-11-18,7.95,7.97,7.8,7.86,12160000
2019-11-19,7.83,7.83,7.75,7.82,9621900
2019-11-20,7.78,7.8,7.7,7.77,7144500
2019-11-21,7.88,7.91,7.78,7.89,32366100
2019-11-22,7.92,8.04,7.92,8.0,14472800
2019-11-25,7.99,8.04,7.9,7.93,10409900
2019-11-26,7.79,7.81,7.63,7.77,17544500
2019-11-27,7.77,7.88,7.66,7.85,13436700
2019-11-29,7.82,7.9,7.81,7.85,15957100
2019-12-02,7.93,7.99,7.91,7.95,12013100
2019-12-03,8.01,8.04,7.94,8.0,8650400
2019-12-04,8.05,8.19,8.03,8.16,11491200
2019-12-05,8.25,8.32,8.2,8.24,10853600
2019-12-06,8.33,8.33,8.19,8.28,12585900
2019-12-09,8.17,8.36,8.17,8.31,19988600
2019-12-10,8.33,8.35,8.22,8.27,10928100
2019-12-11,8.32,8.34,8.19,8.24,21170800
2019-12-12,8.32,8.46,8.31,8.44,9670000
2019-12-13,8.4,8.6,8.39,8.44,14640700
2019-12-16,8.51,8.59,8.4,8.41,13479900
2019-12-17,8.41,8.56,8.37,8.51,16018500
2019-12-18,8.58,8.81,8.57,8.74,25710800
2019-12-19,8.73,8.89,8.73,8.87,17466700
2019-12-20,8.71,8.74,8.6,8.6,10702600
2019-12-23,8.72,8.8,8.69,8.73,8181300
2019-12-24,8.77,8.8,8.73,8.75,1644400
2019-12-26,8.84,8.95,8.83,8.94,8362000
2019-12-27,8.93,8.97,8.86,8.9,6551600
2019-12-30,8.98,8.98,8.9,8.95,6221800
2019-12-31,8.9,8.96,8.89,8.95,2714900
2020-01-02,9.02,9.26,9.0,9.23,10295800
2020-01-03,9.17,9.32,9.13,9.25,18789100
2020-01-06,8.99,9.12,8.93,9.01,12163000
2020-01-07,8.85,8.9,8.77,8.85,10763900
2020-01-08,8.77,8.89,8.66,8.71,16863200
2020-01-09,8.56,8.58,8.46,8.56,15590200
2020-01-10,8.59,8.63,8.34,8.37,12213800
2020-01-13,8.35,8.41,8.32,8.35,11038700
2020-01-14,8.31,8.38,8.24,8.38,8445100
2020-01-15,8.25,8.26,8.07,8.12,16460500
2020-01-16,8.18,8.29,8.15,8.24,16518600
2020-01-17,8.43,8.49,8.35,8.44,12197900
2020-01-21,8.17,8.21,7.92,7.92,31816000
2020-01-22,8.04,8.05,7.95,8.02,20692900
2020-01-23,8.07,8.34,7.98,8.28,25290100
2020-01-24,8.19,8.24,8.06,8.16,14244100
2020-01-27,7.96,8.05,7.9,7.92,10675900
2020-01-28,7.97,8.03,7.89,7.97,7180600
2020-01-29,7.93,7.97,7.77,7.78,9761400
2020-01-30,7.66,7.85,7.62,7.81,15891800
2020-01-31,7.68,7.7,7.56,7.63,12402500
2020-02-03,7.73,7.85,7.73,7.75,12153600
2020-02-04,7.85,7.89,7.72,7.76,10611300
2020-02-05,7.99,8.02,7.87,7.87,21058300
2020-02-06,8.01,8.02,7.71,7.78,25267800
2020-02-07,7.73,7.89,7.65,7.8,13552000
2020-02-10,7.77,7.93,7.71,7.84,11927600
2020-02-11,8.02,8.03,7.83,7.88,12769100
2020-02-12,7.84,7.88,7.7,7.77,28155500
2020-02-13,7.66,7.71,7.56,7.61,11109000
2020-02-14,7.63,7.67,7.49,7.55,10794400
2020-02-18,7.36,7.38,7.24,7.32,18871600
2020-02-19,7.39,7.51,7.39,7.44,14903500
2020-02-20,7.35,7.41,7.25,7.31,16360700
2020-02-21,7.18,7.29,7.15,7.24,12530900
2020-02-24,6.96,7.05,6.85,7.0,15167300
2020-02-25,7.02,7.03,6.82,6.88,11463000
2020-02-26,6.93,7.03,6.7,6.79,24595100
2020-02-27,6.74,6.95,6.71,6.72,23301400
2020-02-28,6.63,6.81,6.56,6.78,28429200
2020-03-02,6.77,6.92,6.66,6.89,25214800
2020-03-03,6.77,6.91,6.59,6.65,30589900
2020-03-04,6.65,6.7,6.49,6.67,33077500
2020-03-05,6.47,6.49,6.27,6.39,40081700
2020-03-06,6.17,6.32,6.1,6.12,28652100
2020-03-09,5.61,5.69,5.4,5.49,38004100
2020-03-10,5.84,5.9,5.59,5.79,22816100
2020-03-11,5.68,5.72,5.06,5.26,39695200
2020-03-12,4.45,4.81,4.21,4.45,26624200
2020-03-13,5.47,5.48,4.61,5.2,31195500
2020-03-16,4.49,4.85,4.34,4.43,26194900
2020-03-17,4.44,4.89,4.27,4.75,28669100
2020-03-18,4.22,4.43,3.79,3.95,27491500
2020-03-19,3.85,4.21,3.67,4.1,30519900
2020-03-20,4.26,4.3,3.75,3.77,29031800
2020-03-23,3.59,3.62,3.29,3.4,31310400
2020-03-24,3.74,4.05,3.74,4.03,19459700
2020-03-25,4.03,4.68,3.93,4.37,19158200
2020-03-26,4.52,4.63,4.25,4.46,25116600
2020-03-27,4.15,4.28,4.01,4.07,12807700
2020-03-30,4.1,4.22,3.99,4.13,11417300
2020-03-31,4.12,4.13,3.91,4.06,15429100
2020-04-01,3.78,3.84,3.65,3.78,14219900
2020-04-02,3.79,3.87,3.7,3.79,12103900
2020-04-03,3.64,3.67,3.41,3.55,18305200
2020-04-06,3.95,4.06,3.88,3.96,19423100
2020-04-07,4.35,4.36,4.11,4.12,22619700
2020-04-08,4.19,4.39,4.12,4.38,11874400
2020-04-09,4.48,4.58,4.33,4.37,19388100
2020-04-13,4.3,4.39,4.16,4.38,14433400
2020-04-14,4.15,4.24,4.03,4.05,17914800
2020-04-15,3.86,4.0,3.83,3.9,15769700
2020-04-16,3.9,3.92,3.75,3.77,14454400
2020-04-17,3.94,3.94,3.72,3.85,9816800
2020-04-20,3.74,3.75,3.65,3.67,10280600
2020-04-21,3.59,3.65,3.46,3.52,17157300
2020-04-22,3.6,3.7,3.56,3.6,15901700
2020-04-23,3.65,3.66,3.44,3.48,13961000
2020-04-24,3.33,3.36,3.02,3.12,24823300
2020-04-27,3.28,3.36,3.16,3.24,22045800
2020-04-28,3.49,3.63,3.48,3.6,26465600
2020-04-29,3.7,3.85,3.65,3.84,16544200
2020-04-30,3.54,3.59,3.48,3.52,16961800
2020-05-01,3.38,3.45,3.3,3.33,8934700
2020-05-04,3.28,3.32,3.21,3.31,23904800
2020-05-05,3.32,3.44,3.23,3.27,18485300
2020-05-06,3.2,3.2,3.1,3.15,14857500
2020-05-07,3.05,3.05,2.89,2.97,34721100
2020-05-08,3.04,3.18,3.01,3.18,29315000
2020-05-11,3.14,3.2,3.03,3.05,16165100
2020-05-12,3.06,3.11,2.91,2.92,18644300
2020-05-13,2.96,2.98,2.79,2.87,24935400
2020-05-14,2.79,3.06,2.68,3.04,36485200
2020-05-15,3.05,3.11,2.92,2.94,16980900
2020-05-18,3.1,3.14,3.02,3.11,33778000
2020-05-19,3.11,3.12,3.0,3.0,25243600
2020-05-20,3.06,3.13,3.03,3.09,15163500
2020-05-21,3.22,3.36,3.22,3.31,19282000
2020-05-22,3.31,3.4,3.24,3.35,20155600
2020-05-26,3.73,3.75,3.52,3.58,21187900
2020-05-27,3.7,3.72,3.59,3.69,14903400
2020-05-28,3.67,3.67,3.53,3.56,17258200
2020-05-29,3.45,3.55,3.37,3.46,22843400
2020-06-01,3.58,3.7,3.55,3.64,17004600
2020-06-02,3.8,3.97,3.78,3.97,18023200
2020-06-03,4.27,4.35,4.19,4.23,26336600
2020-06-04,4.14,4.33,4.09,4.26,25679800
2020-06-05,4.65,4.68,4.43,4.5,24705200
2020-06-08,4.6,4.82,4.53,4.8,20429300
2020-06-09,4.59,4.78,4.56,4.66,24320700
2020-06-10,4.73,4.76,4.42,4.42,30591400
2020-06-11,4.1,4.25,3.98,4.05,26789100
2020-06-12,4.24,4.35,4.15,4.27,35255900
2020-06-15,4.02,4.21,3.97,4.12,20359800
2020-06-16,4.32,4.35,4.11,4.23,27241600
2020-06-17,4.3,4.35,4.17,4.23,20682000
2020-06-18,4.13,4.25,4.1,4.14,26865600
2020-06-19,4.23,4.23,4.08,4.1,47021000
2020-06-22,4.26,4.26,4.05,4.07,18489600
2020-06-23,4.18,4.26,4.11,4.18,25806700
2020-06-24,4.1,4.11,3.87,3.88,21759400
2020-06-25,3.99,4.02,3.85,3.98,23281200
2020-06-26,3.85,3.87,3.75,3.77,15257000
2020-06-29,3.87,3.92,3.78,3.9,20443100
2020-06-30,3.83,3.86,3.76,3.81,17871200
2020-07-01,3.85,3.98,3.84,3.94,17432600
2020-07-02,4.04,4.12,3.91,3.92,17560500
2020-07-06,4.15,4.24,4.11,4.17,21288000
2020-07-07,4.18,4.23,4.01,4.01,20660300
2020-07-08,4.09,4.2,4.08,4.17,18919100
2020-07-09,4.22,4.26,4.03,4.07,27236400
2020-07-10,4.02,4.14,4.0,4.14,32628000
2020-07-13,4.16,4.18,4.04,4.05,16196700
2020-07-14,3.99,4.15,3.94,4.15,21377500
2020-07-15,4.26,4.31,4.14,4.16,19708900
2020-07-16,4.15,4.19,4.12,4.14,11256500
2020-07-17,4.17,4.21,4.12,4.13,11998300
2020-07-20,4.11,4.23,4.1,4.21,12593300
2020-07-21,4.35,4.49,4.34,4.38,26556100
2020-07-22,4.43,4.48,4.36,4.45,22519100
2020-07-23,4.36,4.4,4.26,4.3,16126800
2020-07-24,4.22,4.37,4.17,4.3,12744700
2020-07-27,4.39,4.56,4.34,4.53,24143600
2020-07-28,4.5,4.63,4.5,4.56,21271900
2020-07-29,4.62,4.69,4.59,4.63,18605700
2020-07-30,4.58,4.61,4.43,4.54,17407700
2020-07-31,4.41,4.41,4.21,4.22,22129100
2020-08-03,4.18,4.23,4.09,4.15,23279700
2020-08-04,4.1,4.18,3.96,4.05,29969200
2020-08-05,4.12,4.16,4.0,4.09,19256200
2020-08-06,4.02,4.12,4.0,4.09,18845000
2020-08-07,3.98,4.13,3.93,4.01,23591100
2020-08-10,4.06,4.1,3.96,4.02,14450000
2020-08-11,4.08,4.11,4.01,4.01,15047500
2020-08-12,4.05,4.05,3.88,3.94,26397900
2020-08-13,3.97,4.07,3.91,3.95,15271100
2020-08-14,3.92,3.96,3.86,3.88,20307200
2020-08-17,3.86,3.88,3.69,3.72,21773800
2020-08-18,3.83,3.86,3.75,3.79,20081900
2020-08-19,3.79,3.81,3.73,3.75,19680400
2020-08-20,3.63,3.73,3.56,3.69,20521200
2020-08-21,3.68,3.69,3.62,3.68,12788200
2020-08-24,3.74,3.81,3.73,3.76,16740500
2020-08-25,3.78,3.82,3.71,3.81,16774700
2020-08-26,3.81,3.81,3.63,3.67,14095800
2020-08-27,3.74,3.82,3.72,3.75,15615000
2020-08-28,3.83,3.97,3.83,3.96,26799400
2020-08-31,3.89,3.89,3.77,3.77,18230300
2020-09-01,3.89,3.95,3.87,3.92,18663300
2020-09-02,3.89,3.94,3.86,3.91,14742100
2020-09-03,4.02,4.18,4.01,4.12,42757100
2020-09-04,4.18,4.22,4.08,4.12,30989900
2020-09-08,4.01,4.06,3.97,4.01,16476300
2020-09-09,4.08,4.08,4.01,4.04,14751300
2020-09-10,4.07,4.09,3.89,3.9,17003300
2020-09-11,3.88,3.9,3.79,3.81,16602500
2020-09-14,3.83,3.93,3.78,3.91,19049600
2020-09-15,3.93,3.93,3.81,3.85,14417600
2020-09-16,3.85,3.97,3.84,3.9,18263600
2020-09-17,3.83,3.93,3.82,3.91,12669600
2020-09-18,3.84,3.84,3.66,3.67,23275800
2020-09-21,3.6,3.67,3.55,3.62,18843500
2020-09-22,3.68,3.72,3.57,3.61,12214800
2020-09-23,3.57,3.6,3.43,3.44,15887500
2020-09-24,3.5,3.61,3.44,3.56,16698600
2020-09-25,3.49,3.54,3.45,3.52,10679400
2020-09-28,3.67,3.7,3.44,3.48,31370400
2020-09-29,3.42,3.49,3.36,3.37,20966200
2020-09-30,3.41,3.47,3.38,3.43,15271800
2020-10-01,3.41,3.45,3.38,3.44,11091900
2020-10-02,3.41,3.6,3.41,3.44,24538500
2020-10-05,3.44,3.58,3.41,3.57,19539300
2020-10-06,3.59,3.69,3.49,3.54,20195300
2020-10-07,3.56,3.57,3.44,3.44,30156900
2020-10-08,3.48,3.69,3.47,3.68,24543800
2020-10-09,3.66,3.81,3.61,3.75,29659700
2020-10-12,3.73,3.8,3.7,3.76,9595200
2020-10-13,3.71,3.76,3.65,3.71,23975400
2020-10-14,3.73,3.76,3.7,3.71,16871800
2020-10-15,3.64,3.74,3.63,3.65,18046600
2020-10-16,3.65,3.65,3.58,3.59,18339800
2020-10-19,3.63,3.75,3.59,3.68,20734200
2020-10-20,3.78,3.87,3.77,3.84,26941200
2020-10-21,3.77,3.93,3.76,3.86,40556000
2020-10-22,3.9,4.07,3.89,4.06,34523400
2020-10-23,4.11,4.17,3.97,4.0,25976400
2020-10-26,4.0,4.08,3.96,4.04,21514100
2020-10-27,4.05,4.06,3.88,3.9,27753000
2020-10-28,3.74,3.78,3.6,3.6,23400800
2020-10-29,3.53,3.61,3.44,3.6,35542800
2020-10-30,3.53,3.56,3.44,3.5,28724900
2020-11-02,3.58,3.62,3.52,3.53,10253800
2020-11-03,3.61,3.68,3.57,3.62,33294900
2020-11-04,3.55,3.67,3.54,3.64,46298700
2020-11-05,3.72,3.79,3.68,3.78,25205600
2020-11-06,3.78,3.9,3.73,3.89,24461500
2020-11-09,4.26,4.28,4.11,4.27,39732900
2020-11-10,4.4,4.55,4.36,4.53,42224000
2020-11-11,4.45,4.56,4.45,4.5,37846000
2020-11-12,4.43,4.45,4.25,4.27,32401300
2020-11-13,4.28,4.44,4.27,4.42,32742300
2020-11-16,4.63,4.68,4.54,4.68,40934500
2020-11-17,4.6,4.79,4.58,4.77,34188400
2020-11-18,4.71,4.76,4.61,4.64,30536000
2020-11-19,4.65,4.72,4.62,4.68,25708100
2020-11-20,4.61,4.65,4.5,4.54,19535500
2020-11-23,4.61,4.62,4.49,4.57,23491900
2020-11-24,4.75,4.86,4.72,4.82,35246600
2020-11-25,4.73,4.82,4.71,4.8,27847800
2020-11-27,4.71,4.76,4.64,4.64,18039200
2020-11-30,4.62,4.7,4.51,4.54,27131800
2020-12-01,4.75,5.02,4.75,4.91,31638400
2020-12-02,4.89,5.0,4.87,4.96,26285100
2020-12-03,5.11,5.23,4.97,5.04,34366100
2020-12-04,4.99,5.09,4.95,5.09,31168900
2020-12-07,5.19,5.24,5.03,5.1,31243900
2020-12-08,5.14,5.2,5.0,5.03,19985900
2020-12-09,5.05,5.11,4.96,5.02,19617300
2020-12-10,5.16,5.37,5.14,5.35,26087500
2020-12-11,5.27,5.33,5.21,5.3,18278200
2020-12-14,5.3,5.34,5.18,5.22,21346500
2020-12-15,5.25,5.31,5.22,5.27,18999500
2020-12-16,5.23,5.39,5.15,5.39,20229900
2020-12-17,5.43,5.46,5.3,5.34,27062500
2020-12-18,5.36,5.42,5.31,5.34,18370400
2020-12-21,5.22,5.26,5.15,5.16,29229000
2020-12-22,5.23,5.28,5.18,5.23,15196000
2020-12-23,5.27,5.36,5.26,5.33,15947000
2020-12-24,5.32,5.37,5.26,5.34,5577000
2020-12-28,5.38,5.38,5.25,5.31,16161800
2020-12-29,5.32,5.32,5.23,5.27,12792500
2020-12-30,5.27,5.34,5.25,5.27,12348300
2020-12-31,5.29,5.29,5.21,5.26,8057200
2021-01-04,5.28,5.29,4.99,5.05,35055800
2021-01-05,4.88,5.03,4.85,5.0,23839900
2021-01-06,5.02,5.24,4.99,5.12,28994100
2021-01-07,5.2,5.24,5.09,5.18,18708600
2021-01-08,5.21,5.25,5.01,5.11,28641400
2021-01-11,4.94,4.98,4.88,4.96,22800600
2021-01-12,4.93,5.14,4.91,5.08,44418200
2021-01-13,5.09,5.12,4.95,5.07,42537300
2021-01-14,5.1,5.37,5.09,5.31,48283200
2021-01-15,5.14,5.19,5.04,5.04,36509600
2021-01-19,5.09,5.1,4.91,4.95,27251700
2021-01-20,4.95,4.98,4.86,4.93,17592800
2021-01-21,4.87,4.87,4.71,4.78,22669100
2021-01-22,4.67,4.69,4.55,4.59,35472200
2021-01-25,4.57,4.57,4.46,4.49,14818800
2021-01-26,4.71,4.72,4.56,4.57,25662700
2021-01-27,4.58,4.7,4.47,4.59,28266000
2021-01-28,4.7,4.77,4.66,4.68,27577700
2021-01-29,4.6,4.64,4.5,4.54,26552600
2021-02-01,4.66,4.7,4.58,4.61,22602700
2021-02-02,4.75,4.77,4.62,4.68,25950700
2021-02-03,4.77,4.81,4.67,4.69,22380700
2021-02-04,4.82,4.87,4.75,4.79,33220600
2021-02-05,4.86,4.87,4.79,4.84,22609600
2021-02-08,4.76,4.85,4.71,4.76,14984700
2021-02-09,4.62,4.81,4.6,4.77,20277900
2021-02-10,4.71,4.74,4.63,4.71,17866600
2021-02-11,4.76,4.79,4.65,4.73,20620600
2021-02-12,4.67,4.78,4.66,4.69,19945900
2021-02-16,4.78,4.79,4.62,4.72,17725100
2021-02-17,4.72,4.72,4.61,4.69,21553100
2021-02-18,4.65,4.72,4.55,4.62,31639800
2021-02-19,4.64,4.73,4.57,4.58,26458400
2021-02-22,4.28,4.37,4.22,4.22,63061300
2021-02-23,4.36,4.51,4.31,4.49,35863600
2021-02-24,4.41,4.48,4.37,4.47,31894400
2021-02-25,4.44,4.46,4.24,4.27,32032200
2021-02-26,4.31,4.34,4.11,4.14,38318400
2021-03-01,4.1,4.2,3.96,3.97,36645700
2021-03-02,3.94,4.14,3.89,4.06,45053000
2021-03-03,4.0,4.16,3.88,4.08,52323700
2021-03-04,4.29,4.39,4.19,4.22,49306500
2021-03-05,4.45,4.45,4.32,4.4,40884100
2021-03-08,4.4,4.47,4.13,4.13,38971500
2021-03-09,4.17,4.3,4.11,4.23,31166900
2021-03-10,4.27,4.43,4.22,4.37,57858500
2021-03-11,4.49,4.58,4.38,4.54,50420500
2021-03-12,4.46,4.51,4.43,4.48,21688100
2021-03-15,4.43,4.54,4.4,4.47,18398900
2021-03-16,4.48,4.51,4.38,4.43,26013800
2021-03-17,4.38,4.66,4.38,4.63,28074000
2021-03-18,4.72,4.83,4.64,4.71,42696000
2021-03-19,4.76,4.86,4.7,4.76,48955100
2021-03-22,4.72,4.83,4.67,4.8,38281300
2021-03-23,4.76,4.88,4.73,4.73,36430700
2021-03-24,4.72,4.78,4.6,4.62,29725900
2021-03-25,4.57,4.68,4.54,4.67,32727800
2021-03-26,4.69,4.71,4.57,4.65,24380400
2021-03-29,4.59,4.67,4.53,4.62,26567300
2021-03-30,4.62,4.75,4.61,4.72,24579600
2021-03-31,4.67,4.75,4.62,4.7,22023500
2021-04-01,4.65,4.67,4.48,4.49,25736800
2021-04-05,4.56,4.63,4.51,4.53,20249500
2021-04-06,4.55,4.6,4.48,4.5,24383700
2021-04-07,4.55,4.58,4.43,4.43,33327000
2021-04-08,4.48,4.54,4.44,4.48,17387300
2021-04-09,4.44,4.51,4.39,4.43,18926600
2021-04-12,4.46,4.48,4.39,4.46,18580200
2021-04-13,4.38,4.51,4.36,4.45,17317700
2021-04-14,4.4,4.59,4.39,4.53,23153400
2021-04-15,4.58,4.62,4.49,4.54,16657600
2021-04-16,4.52,4.68,4.5,4.62,17144800
2021-04-19,4.2,4.27,4.18,4.24,29678500
2021-04-20,4.22,4.26,4.13,4.13,25738000
2021-04-21,4.12,4.14,4.07,4.12,6132700
2021-04-22,4.21,4.24,4.14,4.21,21913000
2021-04-23,4.23,4.3,4.21,4.24,25416200
2021-04-26,4.35,4.36,4.23,4.25,23385700
2021-04-27,4.28,4.36,4.25,4.26,22743600
2021-04-28,4.35,4.57,4.35,4.55,27886100
2021-04-29,4.52,4.54,4.39,4.42,17221400
2021-04-30,4.4,4.43,4.33,4.35,26607800
2021-05-03,4.46,4.56,4.43,4.46,31919600
2021-05-04,4.4,4.41,4.31,4.34,24068700
2021-05-05,4.34,4.43,4.28,4.41,39761800
2021-05-06,4.43,4.51,4.43,4.51,19554600
2021-05-07,4.53,4.61,4.51,4.59,23067200
2021-05-10,4.58,4.71,4.56,4.68,31743000
2021-05-11,4.63,4.73,4.62,4.68,26325500
2021-05-12,4.58,4.63,4.46,4.48,25166800
2021-05-13,4.54,4.66,4.53,4.6,25844500
2021-05-14,4.71,4.75,4.6,4.71,23493100
2021-05-17,4.63,4.72,4.6,4.69,17658500
2021-05-18,4.74,4.81,4.72,4.78,20474500
2021-05-19,4.73,4.79,4.7,4.77,19970300
2021-05-20,4.8,4.85,4.78,4.84,20438000
2021-05-21,4.82,4.85,4.74,4.81,24892400
2021-05-24,4.84,4.87,4.8,4.82,13449300
2021-05-25,4.84,4.85,4.76,4.77,23201100
2021-05-26,4.81,4.94,4.81,4.93,14500100
2021-05-27,4.95,5.03,4.86,5.02,22921900
2021-05-28,5.01,5.1,5.0,5.08,19988600
2021-06-01,5.17,5.24,5.14,5.23,18660700
2021-06-02,5.21,5.5,5.19,5.48,40541500
2021-06-03,5.4,5.48,5.38,5.41,14707000
2021-06-04,5.46,5.59,5.44,5.55,23373500
2021-06-07,5.52,5.7,5.46,5.6,30863000
2021-06-08,5.52,5.67,5.5,5.61,29076500
2021-06-09,5.54,5.66,5.47,5.48,33402100
2021-06-10,5.57,5.6,5.48,5.5,23658300
2021-06-11,5.47,5.5,5.36,5.44,29378300
2021-06-14,5.49,5.55,5.41,5.49,22055300
2021-06-15,5.49,5.54,5.42,5.53,18628000
2021-06-16,5.51,5.67,5.45,5.55,40572100
2021-06-17,5.64,5.68,5.5,5.53,29118500
2021-06-18,5.52,5.55,5.36,5.39,24330000
2021-06-21,5.43,5.48,5.4,5.47,14514800
2021-06-22,5.42,5.46,5.37,5.43,28343600
2021-06-23,5.43,5.55,5.38,5.43,24931700
2021-06-24,5.47,5.52,5.41,5.51,22257700
2021-06-25,5.49,5.5,5.26,5.3,19734600
2021-06-28,5.31,5.32,5.19,5.28,27255400
2021-06-29,5.27,5.3,5.16,5.23,20818200
2021-06-30,5.13,5.22,5.11,5.13,25997100
2021-07-01,5.15,5.17,4.96,5.0,25355700
2021-07-02,5.0,5.01,4.87,5.0,24332000
2021-07-06,4.79,4.84,4.68,4.68,21706500
2021-07-07,4.72,4.76,4.62,4.69,23654200
2021-07-08,4.62,4.69,4.55,4.63,32180700
2021-07-09,4.7,4.74,4.66,4.69,11237000
2021-07-12,4.7,4.85,4.68,4.82,23214500
2021-07-13,4.78,4.87,4.75,4.82,22504500
2021-07-14,5.03,5.07,4.87,4.91,34149500
2021-07-15,4.89,4.94,4.76,4.82,24496100
2021-07-16,4.84,4.86,4.72,4.73,25350700
2021-07-19,4.64,4.65,4.51,4.54,27865000
2021-07-20,4.5,4.64,4.47,4.6,27347900
2021-07-21,4.6,4.68,4.59,4.64,24581600
2021-07-22,4.64,4.65,4.57,4.58,22296500
2021-07-23,4.63,4.66,4.52,4.57,19107800
2021-07-26,4.58,4.67,4.57,4.64,17833300
2021-07-27,4.61,4.69,4.57,4.67,20605400
2021-07-28,4.73,4.87,4.73,4.83,27203500
2021-07-29,4.88,4.9,4.78,4.83,16369100
2021-07-30,4.8,4.88,4.63,4.67,28338800
2021-08-02,4.79,4.87,4.69,4.71,27693900
2021-08-03,4.65,4.73,4.54,4.7,37567300
2021-08-04,4.56,4.63,4.47,4.51,45819900
2021-08-05,4.57,4.64,4.41,4.48,42524500
2021-08-06,4.49,4.56,4.41,4.55,26278000
2021-08-09,4.55,4.6,4.5,4.51,21895900
2021-08-10,4.49,4.56,4.47,4.5,22702500
2021-08-11,4.49,4.59,4.44,4.51,22168000
2021-08-12,4.49,4.51,4.4,4.43,25126700
2021-08-13,4.42,4.47,4.35,4.47,19538800
2021-08-16,4.46,4.47,4.35,4.36,17581000
2021-08-17,4.31,4.43,4.29,4.35,26145600
2021-08-18,4.34,4.41,4.24,4.25,41707000
2021-08-19,4.24,4.26,4.12,4.23,42581000
2021-08-20,4.13,4.23,4.13,4.23,29167500
2021-08-23,4.24,4.27,4.19,4.24,23991300
2021-08-24,4.29,4.5,4.29,4.48,27288700
2021-08-25,4.42,4.51,4.39,4.5,16796700
2021-08-26,4.45,4.47,4.37,4.37,15260100
2021-08-27,4.38,4.5,4.36,4.5,17306900
2021-08-30,4.47,4.5,4.41,4.44,17123000
2021-08-31,4.48,4.58,4.44,4.48,28104000
2021-09-01,4.5,4.57,4.45,4.48,17353500
2021-09-02,4.39,4.44,4.29,4.32,28041900
2021-09-03,4.31,4.34,4.24,4.27,31442600
2021-09-07,4.28,4.36,4.23,4.28,14249300
2021-09-08,4.2,4.23,3.96,3.96,41420200
2021-09-09,3.99,4.1,3.9,4.02,58980100
2021-09-10,4.09,4.12,3.98,4.0,41604700
2021-09-13,4.07,4.15,4.04,4.11,26845400
2021-09-14,4.1,4.13,4.02,4.06,31939400
2021-09-15,4.02,4.05,3.99,4.01,19406400
2021-09-16,3.98,3.98,3.9,3.94,25476700
2021-09-17,3.89,3.9,3.77,3.79,36257800
2021-09-20,3.73,3.74,3.57,3.61,35655900
2021-09-21,3.63,3.76,3.62,3.71,40837700
2021-09-22,3.75,3.82,3.73,3.77,33231900
2021-09-23,3.79,3.94,3.77,3.91,31620800
2021-09-24,3.85,3.87,3.77,3.8,24851700
2021-09-27,3.78,3.94,3.75,3.88,61769700
2021-09-28,3.93,3.97,3.74,3.74,51745900
2021-09-29,3.79,3.89,3.76,3.84,49758900
2021-09-30,3.85,3.88,3.79,3.83,34966900
2021-10-01,3.88,4.02,3.86,3.99,37669000
2021-10-04,3.84,3.93,3.78,3.84,28393200
2021-10-05,3.83,3.92,3.79,3.86,26196500
2021-10-06,3.79,3.92,3.75,3.9,37082900
2021-10-07,3.9,3.9,3.79,3.8,31128100
2021-10-08,3.83,3.91,3.78,3.81,47634000
2021-10-11,3.81,3.83,3.72,3.72,21751700
2021-10-12,3.78,3.78,3.67,3.7,13082800
2021-10-13,3.71,3.73,3.62,3.72,26474500
2021-10-14,3.72,3.73,3.66,3.68,21636900
2021-10-15,3.71,3.93,3.7,3.91,42368400
2021-10-18,3.86,3.96,3.81,3.92,37345100
2021-10-19,3.86,3.86,3.75,3.76,29058900
2021-10-20,3.79,3.93,3.77,3.89,41897100
2021-10-21,3.84,3.88,3.68,3.75,48939900
2021-10-22,3.67,3.68,3.44,3.6,83335900
2021-10-25,3.69,3.77,3.67,3.74,32890600
2021-10-26,3.66,3.7,3.62,3.64,38080000
2021-10-27,3.74,3.79,3.67,3.68,34338900
2021-10-28,3.65,3.69,3.58,3.65,39874000
2021-10-29,3.63,3.66,3.5,3.5,40519800
2021-11-01,3.55,3.65,3.54,3.63,27907400
2021-11-02,3.59,3.61,3.53,3.56,15902100
2021-11-03,3.57,3.71,3.55,3.63,41518800
2021-11-04,3.59,3.61,3.39,3.41,47738800
2021-11-05,3.56,3.69,3.56,3.61,55027300
2021-11-08,3.59,3.67,3.52,3.53,31479000
2021-11-09,3.58,3.6,3.5,3.54,37076400
2021-11-10,3.61,3.82,3.61,3.71,57185000
2021-11-11,3.78,3.86,3.76,3.8,45276700
2021-11-12,3.78,3.85,3.73,3.85,38641700
2021-11-15,3.83,3.88,3.82,3.82,15091700
2021-11-16,3.76,3.8,3.71,3.79,34481300
2021-11-17,3.77,3.82,3.74,3.75,41582400
2021-11-18,3.68,3.72,3.6,3.7,38004500
2021-11-19,3.7,3.72,3.64,3.67,40421300
2021-11-22,3.68,3.74,3.59,3.6,40404400
2021-11-23,3.58,3.68,3.52,3.65,61090500
2021-11-24,3.66,3.77,3.63,3.76,33220700
2021-11-26,3.67,3.68,3.58,3.65,32031800
2021-11-29,3.66,3.67,3.57,3.58,36665600
2021-11-30,3.6,3.61,3.44,3.52,45347600
2021-12-01,3.6,3.63,3.45,3.46,33565400
2021-12-02,3.57,3.68,3.55,3.67,50928000
2021-12-03,3.72,3.73,3.6,3.63,55597300
2021-12-06,3.68,3.8,3.66,3.71,39703900
2021-12-07,3.7,3.76,3.67,3.72,37296900
2021-12-08,3.7,3.78,3.68,3.74,35047900
2021-12-09,3.68,3.69,3.59,3.62,27310800
2021-12-10,3.6,3.62,3.53,3.56,54140100
2021-12-13,3.59,3.61,3.45,3.45,26514400
2021-12-14,3.57,3.63,3.49,3.49,26614500
2021-12-15,3.5,3.52,3.42,3.51,46972100
2021-12-16,3.5,3.58,3.47,3.56,44787100
2021-12-17,3.51,3.52,3.44,3.48,40158000
2021-12-20,3.4,3.41,3.31,3.34,56940200
2021-12-21,3.34,3.35,3.26,3.29,25012700
2021-12-22,3.29,3.35,3.25,3.34,40509400
2021-12-23,3.32,3.38,3.31,3.38,28232800
2021-12-27,3.37,3.44,3.35,3.44,19079400
2021-12-28,3.42,3.46,3.4,3.4,25053800
2021-12-29,3.4,3.42,3.35,3.36,24496800
2021-12-30,3.38,3.44,3.36,3.41,34125400
2021-12-31,3.38,3.45,3.38,3.42,9752500
2022-01-03,3.42,3.48,3.41,3.47,35667300
2022-01-04,3.43,3.52,3.43,3.45,43095300
2022-01-05,3.49,3.52,3.38,3.38,36753700
2022-01-06,3.44,3.5,3.41,3.49,36409300
2022-01-07,3.44,3.57,3.43,3.57,37467100
2022-01-10,3.56,3.58,3.51,3.53,41564900
2022-01-11,3.55,3.65,3.55,3.65,37116900
2022-01-12,3.65,3.68,3.6,3.65,45599100
2022-01-13,3.65,3.74,3.64,3.7,39168400
2022-01-14,3.7,3.79,3.69,3.77,47304700
2022-01-18,3.82,3.85,3.75,3.77,51717600
2022-01-19,3.86,3.89,3.81,3.85,35623700
2022-01-20,3.85,3.92,3.84,3.85,30898600
2022-01-21,3.87,3.9,3.8,3.82,43887200
2022-01-24,3.83,3.87,3.76,3.87,70467300
2022-01-25,3.9,4.07,3.84,4.05,58422100
2022-01-26,4.04,4.12,4.01,4.07,64813100
2022-01-27,4.15,4.18,4.04,4.1,43536100
2022-01-28,4.12,4.17,4.08,4.16,43218900
2022-01-31,4.14,4.3,4.14,4.29,35640500
2022-02-01,4.28,4.34,4.27,4.34,25749700
2022-02-02,4.25,4.25,4.17,4.21,28791600
2022-02-03,4.19,4.3,4.16,4.27,38278800
2022-02-04,4.25,4.31,4.23,4.29,32521000
2022-02-07,4.26,4.36,4.26,4.3,33637000
2022-02-08,4.3,4.35,4.21,4.31,35658500
2022-02-09,3.99,4.0,3.91,3.93,122974600
2022-02-10,3.95,4.06,3.95,3.98,65865900
2022-02-11,4.03,4.1,3.96,4.0,65369600
2022-02-14,3.99,4.01,3.94,3.99,39904600
2022-02-15,4.06,4.09,4.02,4.07,24292600
2022-02-16,4.06,4.14,4.05,4.13,26782800
2022-02-17,4.11,4.12,4.03,4.04,21712100
2022-02-18,4.09,4.13,4.07,4.12,28676900
2022-02-22,4.16,4.16,4.06,4.09,41705200
2022-02-23,4.18,4.19,4.12,4.14,25364100
2022-02-24,3.88,3.94,3.79,3.91,72797200
2022-02-25,3.87,3.94,3.87,3.91,38699800
2022-02-28,3.84,3.87,3.8,3.86,23023000
2022-03-01,3.84,3.95,3.81,3.83,33335100
2022-03-02,3.84,3.92,3.81,3.9,33458800
2022-03-03,4.05,4.06,3.99,4.04,30967100
2022-03-04,3.91,3.92,3.82,3.88,39602500
2022-03-07,3.87,3.89,3.73,3.73,37312800
2022-03-08,3.78,3.92,3.75,3.86,46800500
2022-03-09,4.03,4.16,4.03,4.11,39772500
2022-03-10,3.99,4.1,3.99,4.1,33905900
2022-03-11,4.12,4.14,4.02,4.03,36619400
2022-03-14,4.12,4.17,4.02,4.02,39280200
2022-03-15,3.99,4.05,3.93,3.97,43222800
2022-03-16,4.01,4.1,3.99,4.1,42861700
2022-03-17,4.11,4.18,4.04,4.15,38681100
2022-03-18,4.13,4.19,4.11,4.18,48177200
2022-03-21,4.24,4.32,4.21,4.32,37333300
2022-03-22,4.4,4.45,4.37,4.41,31579500
2022-03-23,4.4,4.47,4.37,4.44,31314200
2022-03-24,4.49,4.62,4.47,4.52,39684600
2022-03-25,4.56,4.67,4.54,4.64,51569200
2022-03-28,4.62,4.63,4.53,4.61,30452000
2022-03-29,4.69,4.74,4.66,4.7,41398000
2022-03-30,4.67,4.7,4.6,4.66,27207500
2022-03-31,4.67,4.72,4.62,4.64,24924800
2022-04-01,4.71,4.72,4.63,4.67,30182300
2022-04-04,4.68,4.72,4.63,4.7,32804800
2022-04-05,4.61,4.64,4.49,4.52,45285300
2022-04-06,4.44,4.49,4.39,4.45,44808200
2022-04-07,4.4,4.46,4.34,4.44,42220700
2022-04-08,4.45,4.52,4.38,4.49,40036500
2022-04-11,4.51,4.58,4.49,4.52,32796300
2022-04-12,4.6,4.62,4.49,4.5,29152100
2022-04-13,4.51,4.57,4.47,4.55,32483400
2022-04-14,4.51,4.54,4.45,4.5,30490100
2022-04-18,4.57,4.65,4.54,4.61,34851700
2022-04-19,4.18,4.24,3.77,4.16,26706000
2022-04-20,4.14,4.19,4.12,4.17,19447600
2022-04-21,4.18,4.18,4.01,4.01,19801500
2022-04-22,4.02,4.03,3.91,3.93,28305900
2022-04-25,3.89,3.92,3.77,3.86,42197800
2022-04-26,3.71,3.71,3.6,3.63,41292800
2022-04-27,3.64,3.68,3.58,3.65,51168400
2022-04-28,3.6,3.66,3.55,3.64,38719000
2022-04-29,3.76,3.78,3.59,3.6,40869800
2022-05-02,3.56,3.58,3.45,3.48,36357200
2022-05-03,3.55,3.61,3.5,3.6,39823900
2022-05-04,3.53,3.71,3.51,3.67,36603800
2022-05-05,3.54,3.56,3.44,3.49,36116500
2022-05-06,3.5,3.63,3.41,3.55,38736900
2022-05-09,3.48,3.59,3.43,3.5,55126400
2022-05-10,3.56,3.61,3.54,3.59,39216500
2022-05-11,3.66,3.69,3.61,3.62,31026300
2022-05-12,3.6,3.7,3.59,3.67,34242200
2022-05-13,3.67,3.8,3.66,3.78,37501200
2022-05-16,3.78,3.84,3.76,3.84,31829900
2022-05-17,3.96,3.99,3.9,3.95,33066500
2022-05-18,3.92,3.95,3.85,3.87,35842000
2022-05-19,3.91,3.95,3.85,3.89,46151000
2022-05-20,3.94,4.04,3.94,3.99,49128700
2022-05-23,4.08,4.14,4.05,4.12,35013400
2022-05-24,4.15,4.2,4.06,4.19,47414500
2022-05-25,4.12,4.18,4.1,4.14,26955500
2022-05-26,4.12,4.25,4.12,4.22,31219700
2022-05-27,4.22,4.31,4.21,4.29,33220500
2022-05-31,4.26,4.32,4.23,4.25,29116700
2022-06-01,4.25,4.26,4.12,4.15,35775500
2022-06-02,4.18,4.18,4.08,4.14,33701100
2022-06-03,4.11,4.14,4.08,4.1,21980600
2022-06-06,4.14,4.18,4.08,4.1,16019000
2022-06-07,3.98,4.03,3.96,4.03,26228600
2022-06-08,4.0,4.03,3.92,3.95,28798100
2022-06-09,3.9,3.98,3.88,3.89,45746200
2022-06-10,3.79,3.82,3.74,3.78,55637200
2022-06-13,3.7,3.71,3.6,3.64,40907900
2022-06-14,3.66,3.68,3.56,3.59,35699200
2022-06-15,3.64,3.73,3.6,3.66,50680500
2022-06-16,3.6,3.6,3.47,3.53,23600600
2022-06-17,3.57,3.59,3.51,3.55,51787700
2022-06-21,3.63,3.64,3.56,3.58,43689400
2022-06-22,3.53,3.6,3.52,3.54,31379200
2022-06-23,3.5,3.52,3.4,3.41,42268700
2022-06-24,3.4,3.45,3.37,3.37,32415400
2022-06-27,3.39,3.46,3.37,3.46,32282900
2022-06-28,3.46,3.5,3.33,3.35,39085200
2022-06-29,3.37,3.39,3.3,3.37,51218900
2022-06-30,3.26,3.32,3.22,3.26,39770000
2022-07-01,3.18,3.25,3.13,3.23,27953600
2022-07-05,3.13,3.17,3.09,3.17,33339700
2022-07-06,3.15,3.17,3.07,3.11,29508300
2022-07-07,3.17,3.23,3.17,3.23,26587600
2022-07-08,3.24,3.27,3.21,3.25,21865400
2022-07-11,3.18,3.21,3.11,3.14,33922800
2022-07-12,3.09,3.18,3.06,3.11,32275000
2022-07-13,3.11,3.16,3.07,3.08,42873500
2022-07-14,2.96,3.05,2.93,2.95,49551400
2022-07-15,2.96,3.07,2.96,3.02,28220600
2022-07-18,3.04,3.11,3.02,3.06,33666500
2022-07-19,3.07,3.18,3.07,3.13,33800600
2022-07-20,3.14,3.18,3.07,3.1,41585800
2022-07-21,3.07,3.13,3.04,3.13,33110700
2022-07-22,3.13,3.15,3.04,3.06,23944300
2022-07-25,3.13,3.2,3.11,3.19,29479100
2022-07-26,3.18,3.25,3.14,3.16,25300900
2022-07-27,3.21,3.26,3.17,3.25,36788900
2022-07-28,3.25,3.33,3.24,3.31,28445500
2022-07-29,3.32,3.39,3.31,3.32,23129900
2022-08-01,3.31,3.37,3.28,3.31,23227500
2022-08-02,3.32,3.38,3.28,3.3,26815500
2022-08-03,3.3,3.38,3.27,3.36,19015900
2022-08-04,3.43,3.5,3.39,3.42,28225100
2022-08-05,3.35,3.57,3.35,3.57,33510000
2022-08-08,3.58,3.62,3.55,3.58,33063100
2022-08-09,3.6,3.65,3.56,3.63,22686900
2022-08-10,3.69,3.76,3.69,3.71,31161500
2022-08-11,3.75,3.8,3.7,3.7,29761700
2022-08-12,3.76,3.83,3.74,3.79,20458500
2022-08-15,3.74,3.81,3.73,3.81,28944100
2022-08-16,3.78,3.83,3.76,3.8,17406200
2022-08-17,3.75,3.82,3.74,3.8,27596500
2022-08-18,3.8,3.81,3.75,3.8,16810300
2022-08-19,3.76,3.76,3.7,3.76,15837300
2022-08-22,3.72,3.72,3.67,3.69,16725900
2022-08-23,3.74,3.8,3.74,3.77,16517200
2022-08-24,3.78,3.81,3.76,3.76,26931400
2022-08-25,3.74,3.81,3.74,3.81,31033100
2022-08-26,3.84,3.88,3.79,3.79,33635100
2022-08-29,3.8,3.89,3.79,3.87,24503300
2022-08-30,3.88,3.88,3.78,3.78,22457100
2022-08-31,3.73,3.77,3.62,3.63,25530800
2022-09-01,3.62,3.65,3.55,3.64,27040900
2022-09-02,3.7,3.78,3.66,3.68,24355400
2022-09-06,3.71,3.71,3.62,3.66,16168600
2022-09-07,3.64,3.7,3.56,3.66,15364300
2022-09-08,3.65,3.69,3.61,3.66,19270400
2022-09-09,3.72,3.78,3.71,3.74,12606500
2022-09-12,3.81,3.87,3.8,3.8,18427800
2022-09-13,3.74,3.79,3.7,3.71,20096300
2022-09-14,3.7,3.75,3.7,3.72,14845700
2022-09-15,3.67,3.73,3.63,3.66,16517500
2022-09-16,3.59,3.62,3.53,3.58,32428300
2022-09-19,3.57,3.78,3.57,3.77,27348100
2022-09-20,3.8,3.91,3.79,3.89,31249700
2022-09-21,3.9,3.94,3.82,3.83,28656300
2022-09-22,3.9,4.0,3.84,3.96,29702200
2022-09-23,3.86,3.88,3.74,3.82,38533800
2022-09-26,3.7,3.75,3.62,3.68,35257900
2022-09-27,3.67,3.73,3.63,3.68,45369400
2022-09-28,3.64,3.75,3.64,3.67,33364600
2022-09-29,3.63,3.7,3.57,3.7,37761200
2022-09-30,3.66,3.72,3.63,3.68,23880700
2022-10-03,3.85,4.11,3.82,4.06,52604500
2022-10-04,4.12,4.14,4.05,4.09,37006600
2022-10-05,4.07,4.16,4.04,4.12,26013100
2022-10-06,4.09,4.15,4.01,4.04,47545400
2022-10-07,3.92,3.95,3.84,3.95,46617700
2022-10-10,3.86,3.94,3.84,3.88,39809200
2022-10-11,3.85,3.89,3.78,3.84,39137200
2022-10-12,3.82,3.83,3.68,3.71,38763600
2022-10-13,3.7,3.83,3.7,3.78,46006400
2022-10-14,3.79,3.82,3.68,3.71,30981000
2022-10-17,3.78,3.8,3.73,3.75,17768700
2022-10-18,3.82,3.83,3.74,3.8,29624700
2022-10-19,3.76,3.82,3.75,3.79,24859800
2022-10-20,3.86,3.9,3.84,3.86,27402400
2022-10-21,3.86,4.04,3.86,3.99,58840900
2022-10-24,3.87,3.89,3.7,3.74,62243800
2022-10-25,3.7,3.77,3.68,3.68,26970000
2022-10-26,3.59,3.63,3.5,3.5,48115100
2022-10-27,3.56,3.68,3.56,3.61,35446800
2022-10-28,3.57,3.63,3.56,3.59,26672500
2022-10-31,3.6,3.82,3.59,3.79,68997700
2022-11-01,3.85,3.93,3.78,3.87,53919800
2022-11-02,3.84,3.84,3.7,3.71,36343100
2022-11-03,3.71,3.84,3.71,3.82,32328600
2022-11-04,3.9,3.94,3.81,3.84,49405600
2022-11-07,3.76,3.79,3.6,3.62,44625400
2022-11-08,3.59,3.64,3.54,3.61,50552900
2022-11-09,3.27,3.28,2.91,2.94,148537700
2022-11-10,2.84,2.84,2.72,2.73,133501200
2022-11-11,2.85,2.94,2.81,2.85,80539700
2022-11-14,2.82,2.87,2.75,2.82,80367100
2022-11-15,2.86,2.87,2.77,2.81,23990500
2022-11-16,2.81,2.84,2.76,2.79,60612500
2022-11-17,2.78,2.86,2.76,2.86,70574900
2022-11-18,2.92,2.94,2.87,2.9,74556400
2022-11-21,2.93,2.93,2.81,2.89,42003800
2022-11-22,2.87,2.9,2.83,2.85,58973900
2022-11-23,2.81,2.87,2.79,2.85,40320800
2022-11-25,2.87,2.9,2.82,2.85,18793700
2022-11-28,2.82,2.87,2.81,2.84,37580800
2022-11-29,2.9,2.95,2.88,2.9,26654000
2022-11-30,2.91,2.99,2.87,2.97,35936000
2022-12-01,2.99,3.0,2.93,2.94,37081700
2022-12-02,2.97,3.02,2.93,2.95,39991300
2022-12-05,2.87,2.88,2.78,2.78,37207700
2022-12-06,2.81,2.87,2.79,2.87,33015300
2022-12-07,2.88,2.91,2.85,2.85,20936600
2022-12-08,2.83,2.86,2.75,2.76,24260400
2022-12-09,2.75,2.77,2.7,2.7,15608200
2022-12-12,2.64,2.67,2.57,2.67,34472900
2022-12-13,2.67,2.68,2.55,2.55,32899400
2022-12-14,2.57,2.66,2.5,2.64,44986000
2022-12-15,2.64,2.67,2.58,2.58,30922700
2022-12-16,2.59,2.63,2.56,2.58,23400400
2022-12-19,2.64,2.68,2.61,2.68,24565600
2022-12-20,2.76,2.87,2.76,2.81,43495900
2022-12-21,2.82,2.86,2.81,2.84,28949200
2022-12-22,2.87,2.89,2.81,2.87,19953400
2022-12-23,2.93,2.96,2.89,2.93,20341000
2022-12-27,2.77,2.8,2.73,2.76,25166300
2022-12-28,2.82,2.91,2.81,2.9,29613900
2022-12-29,2.96,2.96,2.86,2.91,24507700
2022-12-30,2.89,2.94,2.87,2.88,11063300
2023-01-03,2.68,2.73,2.54,2.56,55749200
2023-01-04,2.54,2.6,2.51,2.58,91596400
2023-01-05,2.65,2.74,2.62,2.73,99560800
2023-01-06,2.77,2.87,2.73,2.86,31721300
2023-01-09,2.69,2.8,2.67,2.77,50264100
2023-01-10,2.81,2.91,2.8,2.9,62188000
2023-01-11,2.9,2.96,2.88,2.96,46021500
2023-01-12,2.94,2.97,2.9,2.91,55137700
2023-01-13,2.88,2.94,2.87,2.92,34491300
2023-01-17,2.85,2.88,2.81,2.87,31396200
2023-01-18,2.89,2.94,2.85,2.87,28999600
2023-01-19,2.83,2.88,2.81,2.87,44867200
2023-01-20,2.8,2.87,2.8,2.82,25977900
2023-01-23,2.77,2.79,2.69,2.71,58116800
2023-01-24,2.75,2.78,2.73,2.78,23185100
2023-01-25,2.76,2.83,2.75,2.78,40698500
2023-01-26,2.79,2.83,2.76,2.8,27038900
2023-01-27,2.73,2.75,2.68,2.69,37993600
2023-01-30,2.69,2.72,2.67,2.7,41074000
2023-01-31,2.77,2.8,2.74,2.79,20002400
2023-02-01,2.75,2.78,2.69,2.72,18262800
2023-02-02,2.84,2.85,2.75,2.79,60904500
2023-02-03,2.75,2.76,2.64,2.67,24362400
2023-02-06,2.63,2.66,2.58,2.66,19479400
2023-02-07,2.63,2.65,2.58,2.62,29994400
2023-02-08,2.67,2.76,2.65,2.75,31429400
2023-02-09,2.7,2.72,2.63,2.65,37002400
2023-02-10,2.45,2.49,2.43,2.45,100208300
2023-02-13,2.5,2.59,2.48,2.58,44277500
2023-02-14,2.6,2.62,2.54,2.57,28070500
2023-02-15,2.64,2.69,2.59,2.67,45770800
2023-02-16,2.64,2.73,2.6,2.69,33117100
2023-02-17,2.7,2.74,2.69,2.72,16457800
2023-02-21,2.72,2.73,2.61,2.64,15855700
2023-02-22,2.65,2.7,2.62,2.68,25026700
2023-02-23,2.74,2.76,2.69,2.71,27864200
2023-02-24,2.64,2.65,2.55,2.58,31319400
2023-02-27,2.57,2.59,2.53,2.54,19973400
2023-02-28,2.57,2.57,2.51,2.53,19515000
2023-03-01,2.5,2.53,2.46,2.53,34114200
2023-03-02,2.5,2.54,2.48,2.5,18821100
2023-03-03,2.48,2.5,2.48,2.48,21332300
2023-03-06,2.5,2.6,2.5,2.6,17770600
2023-03-07,2.59,2.65,2.56,2.65,33802800
2023-03-08,2.72,2.79,2.7,2.75,38363800
2023-03-09,2.75,2.78,2.71,2.75,45972700
2023-03-10,2.66,2.69,2.59,2.62,32389100
2023-03-13,2.57,2.62,2.52,2.56,38726800
2023-03-14,2.57,2.61,2.53,2.55,34379300
2023-03-15,2.49,2.58,2.45,2.57,47598000
2023-03-16,2.58,2.68,2.57,2.67,30246000
2023-03-17,2.64,2.65,2.53,2.53,39501300
2023-03-20,2.58,2.58,2.49,2.51,27760200
2023-03-21,2.54,2.57,2.5,2.51,24879200
2023-03-22,2.52,2.55,2.48,2.49,30947800
2023-03-23,2.5,2.52,2.36,2.38,42261900
2023-03-24,2.38,2.45,2.34,2.41,35952500
2023-03-27,2.48,2.51,2.45,2.48,17990000
2023-03-28,2.51,2.55,2.49,2.51,18486800
2023-03-29,2.52,2.59,2.48,2.52,46678600
2023-03-30,2.62,2.65,2.56,2.63,29379600
2023-03-31,2.67,2.68,2.58,2.62,33512900
2023-04-03,2.57,2.59,2.53,2.54,15763100
2023-04-04,2.58,2.62,2.55,2.59,23073300
2023-04-05,2.61,2.66,2.59,2.64,22751700
2023-04-06,2.63,2.63,2.56,2.59,22921900
2023-04-10,2.6,2.64,2.59,2.62,24097500
2023-04-11,2.7,2.8,2.7,2.78,46409800
2023-04-12,2.84,2.9,2.81,2.83,29205900
2023-04-13,2.8,2.87,2.79,2.81,36030200
2023-04-14,2.77,2.84,2.76,2.81,30348200
2023-04-17,2.8,2.81,2.75,2.79,14413200
2023-04-18,2.75,2.78,2.73,2.76,16936500
2023-04-19,2.69,2.71,2.64,2.65,20726200
2023-04-20,2.61,2.7,2.61,2.7,23655300
2023-04-21,2.68,2.69,2.66,2.69,8210700
2023-04-24,2.67,2.72,2.64,2.68,14374700
2023-04-25,2.69,2.72,2.66,2.72,17939300
2023-04-26,2.7,2.75,2.68,2.68,17722200
2023-04-27,2.72,2.8,2.71,2.77,29288600
2023-04-28,2.75,2.83,2.73,2.8,18396800
2023-05-01,2.76,2.83,2.72,2.77,5272900
2023-05-02,2.76,2.78,2.68,2.72,30829600
2023-05-03,2.71,2.79,2.68,2.77,29107100
2023-05-04,2.8,2.86,2.77,2.82,39847600
2023-05-05,2.86,3.06,2.81,3.01,46106800
2023-05-08,3.04,3.13,3.03,3.08,54730200
2023-05-09,3.07,3.15,3.05,3.08,29804500
2023-05-10,3.07,3.11,3.05,3.11,18207700
2023-05-11,3.08,3.16,3.07,3.13,23507900
2023-05-12,3.13,3.19,3.12,3.17,25280200
2023-05-15,3.17,3.25,3.14,3.24,33228500
2023-05-16,3.23,3.27,3.17,3.18,31270100
2023-05-17,3.2,3.22,3.15,3.2,27758500
2023-05-18,3.16,3.19,3.14,3.18,21319300
2023-05-19,3.17,3.26,3.17,3.23,33035700
2023-05-22,3.27,3.28,3.22,3.23,23110900
2023-05-23,3.26,3.35,3.24,3.25,49956900
2023-05-24,3.23,3.24,3.14,3.16,32417200
2023-05-25,3.23,3.27,3.19,3.24,41558800
2023-05-26,3.28,3.32,3.21,3.24,20933900
2023-05-30,3.18,3.19,3.1,3.13,25905900
2023-05-31,3.12,3.14,3.06,3.08,20946800
2023-06-01,3.13,3.21,3.11,3.17,25842400
2023-06-02,3.28,3.28,3.24,3.26,15868000
2023-06-05,3.29,3.36,3.25,3.33,22119300
2023-06-06,3.34,3.41,3.34,3.38,17576000
2023-06-07,3.41,3.44,3.36,3.37,23705200
2023-06-08,3.36,3.41,3.34,3.39,10613800
2023-06-09,3.43,3.51,3.42,3.47,25970300
2023-06-12,3.47,3.49,3.43,3.43,19794600
2023-06-13,3.44,3.5,3.43,3.46,21037600
2023-06-14,3.45,3.52,3.44,3.5,29897300
2023-06-15,3.51,3.56,3.5,3.52,19453700
2023-06-16,3.5,3.54,3.48,3.51,21857900
2023-06-20,3.6,3.62,3.57,3.62,16623600
2023-06-21,3.62,3.68,3.61,3.65,17376800
2023-06-22,3.6,3.6,3.51,3.53,19000000
2023-06-23,3.5,3.51,3.44,3.49,23361000
2023-06-26,3.51,3.54,3.43,3.46,22418600
2023-06-27,3.41,3.43,3.35,3.42,27701500
2023-06-28,3.35,3.37,3.31,3.32,21125000
2023-06-29,3.33,3.36,3.29,3.34,18439200
2023-06-30,3.42,3.49,3.4,3.46,23669100
2023-07-03,3.48,3.5,3.46,3.47,7338300
2023-07-05,3.43,3.46,3.4,3.43,11211400
2023-07-06,3.35,3.37,3.27,3.28,23122200
2023-07-07,3.35,3.4,3.34,3.36,18911600
2023-07-10,3.36,3.37,3.31,3.34,19280600
2023-07-11,3.28,3.37,3.24,3.37,21579100
2023-07-12,3.4,3.43,3.35,3.36,14754800
2023-07-13,3.4,3.49,3.4,3.47,22533700
2023-07-14,3.45,3.47,3.39,3.39,22452700
2023-07-17,3.39,3.48,3.36,3.47,14127200
2023-07-18,3.44,3.51,3.42,3.43,21506400
2023-07-19,3.44,3.5,3.43,3.47,18671300
2023-07-20,3.48,3.48,3.43,3.47,22371200
2023-07-21,3.53,3.59,3.51,3.58,13723700
2023-07-24,3.59,3.64,3.49,3.49,24949400
2023-07-25,3.51,3.52,3.45,3.47,49956000
2023-07-26,3.49,3.55,3.47,3.55,13332300
2023-07-27,3.52,3.54,3.43,3.43,19270300
2023-07-28,3.48,3.53,3.46,3.49,26375200
2023-07-31,3.5,3.55,3.49,3.53,9354900
2023-08-01,3.48,3.49,3.43,3.46,24607400
2023-08-02,3.46,3.51,3.41,3.47,20490600
2023-08-03,3.46,3.49,3.38,3.4,19227500
2023-08-04,3.29,3.29,3.12,3.13,77301400
2023-08-07,3.18,3.19,3.09,3.11,30253500
2023-08-08,3.07,3.16,3.06,3.14,22558600
2023-08-09,3.12,3.12,3.07,3.11,15056400
2023-08-10,3.16,3.21,3.13,3.14,17274500
2023-08-11,3.13,3.17,3.09,3.1,50232700
2023-08-14,3.07,3.09,3.04,3.05,20114200
2023-08-15,3.03,3.08,3.01,3.05,15770600
2023-08-16,3.05,3.11,3.03,3.05,26941300
2023-08-17,3.06,3.06,2.98,3.02,35627900
2023-08-18,3.01,3.06,3.01,3.04,18792200
2023-08-21,3.03,3.04,3.0,3.02,19051200
2023-08-22,3.05,3.07,3.03,3.06,12670600
2023-08-23,3.07,3.16,3.06,3.15,11598300
2023-08-24,3.11,3.13,3.04,3.04,22692200
2023-08-25,3.04,3.07,3.01,3.04,11681900
2023-08-28,3.02,3.16,3.01,3.13,25781400
2023-08-29,3.14,3.21,3.14,3.18,9290900
2023-08-30,3.16,3.17,3.09,3.09,18070100
2023-08-31,3.05,3.05,2.98,2.99,13459700
2023-09-01,3.07,3.07,3.01,3.02,12348200
2023-09-05,2.95,2.97,2.9,2.92,15888400
2023-09-06,2.91,2.94,2.86,2.86,12024600
2023-09-07,2.86,2.89,2.83,2.83,19764200
2023-09-08,2.86,2.93,2.86,2.87,28007500
2023-09-11,2.93,2.98,2.91,2.97,13065900
2023-09-12,2.95,3.0,2.94,2.99,10124800
2023-09-13,3.02,3.06,3.01,3.03,9959600
2023-09-14,3.05,3.09,3.05,3.06,25871900
2023-09-15,3.06,3.09,3.04,3.06,15314700
2023-09-18,3.06,3.09,3.03,3.07,11023500
2023-09-19,3.06,3.07,3.01,3.02,9183400
2023-09-20,3.04,3.09,3.03,3.05,13275400
2023-09-21,2.92,2.95,2.88,2.89,22403900
2023-09-22,2.9,2.92,2.87,2.87,10681200
2023-09-25,2.87,2.87,2.82,2.83,10381800
2023-09-26,2.81,2.83,2.78,2.79,7939600
2023-09-27,2.84,2.84,2.73,2.76,20899100
2023-09-28,2.76,2.85,2.74,2.83,24849400
2023-09-29,2.87,2.88,2.83,2.85,10733000
2023-10-02,2.85,2.86,2.78,2.79,14174800
2023-10-03,2.76,2.78,2.7,2.71,14217800
2023-10-04,2.72,2.82,2.71,2.81,37486800
2023-10-05,2.86,2.87,2.77,2.81,16966500
2023-10-06,2.74,2.83,2.71,2.81,19099300
2023-10-09,2.78,2.81,2.75,2.8,8950200
2023-10-10,2.84,2.89,2.83,2.89,12458100
2023-10-11,2.88,2.93,2.86,2.92,14751200
2023-10-12,2.92,2.92,2.83,2.85,7783500
2023-10-13,2.88,2.94,2.85,2.88,20100900
2023-10-16,2.9,2.94,2.87,2.94,17167200
2023-10-17,2.89,2.95,2.87,2.89,15645200
2023-10-18,2.87,2.91,2.84,2.85,18882400
2023-10-19,2.85,2.94,2.84,2.89,14021800
2023-10-20,2.88,2.88,2.83,2.83,10411600
2023-10-23,2.84,2.87,2.82,2.83,14075200
2023-10-24,2.84,2.89,2.81,2.85,10262300
2023-10-25,2.87,2.88,2.83,2.83,11665300
2023-10-26,2.85,2.93,2.85,2.92,31503800
2023-10-27,2.96,2.98,2.86,2.87,21931900
2023-10-30,2.92,2.93,2.8,2.82,21229400
2023-10-31,2.79,2.81,2.77,2.79,13084200
2023-11-01,2.79,2.86,2.79,2.84,11826700
2023-11-02,2.86,2.95,2.85,2.94,11628200
2023-11-03,2.96,3.07,2.95,3.03,23599800
2023-11-06,3.03,3.04,2.99,3.03,13771100
2023-11-07,3.1,3.15,3.09,3.12,20745800
2023-11-08,3.13,3.14,3.09,3.13,18544600
2023-11-09,3.13,3.17,3.09,3.1,33426800
2023-11-10,3.03,3.11,3.03,3.09,23988100
2023-11-13,3.05,3.05,2.99,3.01,22601100
2023-11-14,3.08,3.11,3.06,3.09,12680800
2023-11-15,3.1,3.16,3.08,3.12,7187600
2023-11-16,3.15,3.2,3.14,3.2,16643600
2023-11-17,3.17,3.2,3.15,3.16,10648700
2023-11-20,3.16,3.22,3.16,3.21,9308000
2023-11-21,3.19,3.21,3.14,3.16,8113700
2023-11-22,3.22,3.26,3.21,3.22,15100200
2023-11-24,3.31,3.33,3.29,3.3,17694300
2023-11-27,3.29,3.32,3.27,3.28,7499100
2023-11-28,3.27,3.37,3.27,3.37,32736900
2023-11-29,3.33,3.36,3.32,3.33,17674500
2023-11-30,3.31,3.34,3.29,3.33,7001900
2023-12-01,3.32,3.38,3.29,3.36,9721900
2023-12-04,3.34,3.36,3.27,3.27,18626500
2023-12-05,3.29,3.34,3.28,3.33,10544100
2023-12-06,3.38,3.39,3.3,3.31,11276200
2023-12-07,3.33,3.34,3.3,3.33,14254000
2023-12-08,3.29,3.38,3.29,3.38,25128000
2023-12-11,3.33,3.36,3.32,3.32,10323700
2023-12-12,3.35,3.35,3.27,3.29,18552400
2023-12-13,3.31,3.49,3.3,3.49,20603600
2023-12-14,3.55,3.59,3.51,3.53,16379400
2023-12-15,3.55,3.57,3.5,3.55,13148300
2023-12-18,3.55,3.6,3.52,3.59,15903600
2023-12-19,3.64,3.65,3.59,3.6,12352400
2023-12-20,3.57,3.6,3.52,3.52,15622400
2023-12-21,3.57,3.58,3.51,3.55,13481000
2023-12-22,3.44,3.49,3.43,3.47,17594400
2023-12-26,3.5,3.54,3.49,3.53,7225700
2023-12-27,3.52,3.55,3.51,3.55,8364600
2023-12-28,3.52,3.56,3.52,3.54,8534300
2023-12-29,3.54,3.54,3.48,3.5,4483100
2024-01-02,3.48,3.49,3.41,3.42,12357100
2024-01-03,3.44,3.47,3.42,3.42,11992200
2024-01-04,3.4,3.45,3.38,3.38,20950500
2024-01-05,3.45,3.5,3.43,3.47,17219600
2024-01-08,3.46,3.5,3.44,3.46,13369800
2024-01-09,3.38,3.39,3.3,3.31,28294300
2024-01-10,3.31,3.33,3.28,3.28,18175800
2024-01-11,3.31,3.31,3.25,3.27,17827300
2024-01-12,3.31,3.32,3.25,3.26,12510500
2024-01-16,3.23,3.23,3.19,3.2,15905500
2024-01-17,3.21,3.23,3.19,3.2,12857900
2024-01-18,3.16,3.2,3.13,3.19,19851100
2024-01-19,3.18,3.2,3.13,3.18,42488500
2024-01-22,3.15,3.18,3.07,3.1,18219500
2024-01-23,3.11,3.12,3.08,3.11,19072600
2024-01-24,3.15,3.15,3.1,3.1,12820000
2024-01-25,3.13,3.15,3.12,3.13,11577700
2024-01-26,3.16,3.19,3.15,3.16,7242200
2024-01-29,3.13,3.14,3.09,3.12,12193000
2024-01-30,3.12,3.13,3.1,3.1,12663500
2024-01-31,3.16,3.17,3.1,3.1,12599400
2024-02-01,3.11,3.14,3.08,3.13,10767900
2024-02-02,3.06,3.11,3.04,3.11,13776100
2024-02-05,3.1,3.16,3.08,3.13,9579000
2024-02-06,3.27,3.36,3.26,3.35,25482600
2024-02-07,2.93,2.96,2.8,2.83,73710400
2024-02-08,2.83,2.84,2.69,2.73,32761200
2024-02-09,2.7,2.74,2.65,2.73,39293900
2024-02-12,2.74,2.78,2.73,2.75,10859100
2024-02-13,2.69,2.7,2.65,2.7,11488600
2024-02-14,2.73,2.75,2.66,2.68,26389800
2024-02-15,2.7,2.74,2.7,2.72,19409200
2024-02-16,2.72,2.74,2.69,2.73,12661100
2024-02-20,2.83,2.86,2.81,2.84,22361500
2024-02-21,2.83,2.83,2.8,2.82,13572500
2024-02-22,2.85,2.87,2.81,2.83,18125300
2024-02-23,2.8,2.82,2.77,2.78,20595800
2024-02-26,2.77,2.79,2.76,2.78,9983000
2024-02-27,2.82,2.88,2.81,2.84,18892800
2024-02-28,2.85,2.86,2.81,2.82,10454700
2024-02-29,2.77,2.79,2.73,2.78,17258400
2024-03-01,2.81,2.82,2.76,2.79,13007200
2024-03-04,2.79,2.8,2.76,2.76,14388200
2024-03-05,2.76,2.8,2.76,2.79,14463100
2024-03-06,2.82,2.86,2.81,2.82,11651600
2024-03-07,2.82,2.82,2.78,2.81,10139000
2024-03-08,2.78,2.83,2.78,2.79,16946200
2024-03-11,2.8,2.83,2.78,2.81,16139000
2024-03-12,2.81,2.86,2.8,2.85,20727900
2024-03-13,2.86,2.9,2.85,2.88,11017000
2024-03-14,2.88,2.91,2.86,2.88,20867500
2024-03-15,2.87,2.88,2.83,2.83,8706000
2024-03-18,2.86,2.87,2.81,2.83,6701900
2024-03-19,2.82,2.84,2.8,2.82,10737400
2024-03-20,2.83,2.89,2.82,2.87,26792900
2024-03-21,2.87,2.88,2.83,2.83,5425000
2024-03-22,2.82,2.84,2.78,2.79,7851300
2024-03-25,2.81,2.83,2.79,2.8,11743000
2024-03-26,2.81,2.87,2.81,2.86,7882800
2024-03-27,2.84,2.92,2.82,2.91,21241300
2024-03-28,2.87,2.92,2.85,2.86,8181700
2024-04-01,2.87,2.88,2.78,2.81,8683000
2024-04-02,2.8,2.84,2.79,2.82,11131800
2024-04-03,2.8,2.9,2.78,2.89,18778500
2024-04-04,2.93,2.98,2.88,2.9,33819200
2024-04-05,2.89,2.9,2.84,2.86,9668600
2024-04-08,2.89,2.95,2.89,2.92,12084500
2024-04-09,2.95,2.97,2.92,2.93,14385600
2024-04-10,2.88,2.9,2.83,2.84,13898400
2024-04-11,2.83,2.85,2.8,2.84,14487500
2024-04-12,2.8,2.81,2.75,2.77,15840100
2024-04-15,2.74,2.76,2.68,2.7,15716000
2024-04-16,2.66,2.68,2.63,2.66,30380300
2024-04-17,2.66,2.67,2.6,2.65,20035400
2024-04-18,2.67,2.68,2.6,2.63,16564700
2024-04-19,2.62,2.66,2.62,2.64,13464300
2024-04-22,2.63,2.66,2.62,2.64,15635200
2024-04-23,2.63,2.7,2.62,2.66,14971300
2024-04-24,2.65,2.67,2.63,2.66,10141800
2024-04-25,2.64,2.68,2.63,2.65,10329300
2024-04-26,2.7,2.75,2.69,2.72,13985200
2024-04-29,2.72,2.76,2.72,2.75,12648000
2024-04-30,2.73,2.78,2.68,2.7,31070700
2024-05-01,2.7,2.76,2.69,2.72,16162400
2024-05-02,2.71,2.75,2.68,2.72,28305400
2024-05-03,2.77,2.78,2.71,2.72,23989800
2024-05-06,2.72,2.75,2.71,2.72,12623400
2024-05-07,2.73,2.75,2.71,2.72,15135800
2024-05-08,2.69,2.74,2.68,2.71,12690500
2024-05-09,2.65,2.66,2.59,2.6,55663500
2024-05-10,2.63,2.65,2.58,2.58,36117900
2024-05-13,2.62,2.63,2.59,2.61,16811300
2024-05-14,2.63,2.64,2.6,2.61,14569100
2024-05-15,2.61,2.61,2.58,2.59,10590100
2024-05-16,2.62,2.63,2.59,2.62,8517200
2024-05-17,2.62,2.66,2.6,2.64,16816400
2024-05-20,2.62,2.65,2.61,2.63,13273300
2024-05-21,2.63,2.65,2.62,2.63,17670800
2024-05-22,2.6,2.61,2.54,2.54,17383900
2024-05-23,2.54,2.56,2.49,2.51,15167300
2024-05-24,2.52,2.54,2.51,2.51,10039800
2024-05-28,2.53,2.54,2.5,2.51,12013300
2024-05-29,2.47,2.49,2.45,2.47,18018400
2024-05-30,2.48,2.5,2.47,2.5,4985800
2024-05-31,2.46,2.47,2.43,2.46,24084800
2024-06-03,2.45,2.47,2.42,2.45,11695100
2024-06-04,2.43,2.47,2.4,2.44,26049900
2024-06-05,2.44,2.46,2.42,2.43,12161800
2024-06-06,2.45,2.51,2.45,2.5,15259400
2024-06-07,2.47,2.5,2.44,2.45,15206900
2024-06-10,2.42,2.43,2.4,2.42,13752000
2024-06-11,2.43,2.45,2.41,2.42,13035100
2024-06-12,2.43,2.44,2.35,2.37,27444900
2024-06-13,2.38,2.4,2.35,2.39,19480600
2024-06-14,2.37,2.4,2.36,2.39,13149600
2024-06-17,2.39,2.42,2.38,2.41,24356400
2024-06-18,2.39,2.43,2.35,2.36,15575000
2024-06-20,2.32,2.34,2.27,2.29,12069400
2024-06-21,2.28,2.31,2.27,2.29,10912600
2024-06-24,2.33,2.35,2.31,2.31,10098200
2024-06-25,2.3,2.31,2.26,2.26,16355200
2024-06-26,2.22,2.25,2.21,2.24,11711400
2024-06-27,2.25,2.27,2.22,2.26,13974000
2024-06-28,2.24,2.27,2.22,2.24,21339800
2024-07-01,2.24,2.26,2.19,2.2,13903700
2024-07-02,2.19,2.2,2.16,2.18,20160300
2024-07-03,2.21,2.25,2.2,2.24,11672800
2024-07-05,2.24,2.32,2.24,2.3,61582800
2024-07-08,2.31,2.33,2.27,2.29,28759400
2024-07-09,2.29,2.34,2.28,2.32,18769200
2024-07-10,2.36,2.38,2.34,2.37,40048900
2024-07-11,2.38,2.38,2.33,2.34,34439600
2024-07-12,2.34,2.35,2.32,2.34,21415500
2024-07-15,2.34,2.35,2.32,2.32,10927800
2024-07-16,2.34,2.36,2.32,2.36,16970900
2024-07-17,2.32,2.35,2.32,2.34,16592200
2024-07-18,2.31,2.32,2.25,2.25,17290100
2024-07-19,2.31,2.31,2.24,2.24,16660600
2024-07-22,2.27,2.3,2.26,2.27,12890800
2024-07-23,2.27,2.28,2.25,2.25,38241300
2024-07-24,2.24,2.26,2.22,2.22,11735700
2024-07-25,2.24,2.25,2.2,2.21,24234700
2024-07-26,2.21,2.23,2.2,2.22,16013100
2024-07-29,2.22,2.24,2.2,2.24,14931600
2024-07-30,2.22,2.24,2.21,2.22,11913500
2024-07-31,2.22,2.23,2.2,2.22,31812300
2024-08-01,2.24,2.26,2.2,2.21,21358200
2024-08-02,2.23,2.24,2.19,2.21,34335100
2024-08-05,2.25,2.43,2.23,2.39,54883400
2024-08-06,2.48,2.54,2.46,2.5,54793000
2024-08-07,2.59,2.6,2.5,2.52,26688300
2024-08-08,2.54,2.59,2.53,2.57,22989100
2024-08-09,2.61,2.7,2.6,2.68,36133400
2024-08-12,2.68,2.7,2.67,2.68,11000700
2024-08-13,2.7,2.76,2.7,2.75,23237100
2024-08-14,2.76,2.79,2.75,2.76,29418600
2024-08-15,2.77,2.81,2.77,2.79,20684800
2024-08-16,2.8,2.81,2.73,2.75,36566100
2024-08-19,2.82,2.96,2.82,2.92,33866000
2024-08-20,2.89,2.9,2.84,2.89,20731700
2024-08-21,2.9,2.91,2.85,2.88,18853800
2024-08-22,2.82,2.84,2.78,2.8,19673100
2024-08-23,2.88,2.91,2.85,2.88,25843400
2024-08-26,2.84,2.87,2.83,2.85,15752200
2024-08-27,2.82,2.85,2.8,2.81,16689900
2024-08-28,2.77,2.87,2.75,2.85,26434300
2024-08-29,2.76,2.81,2.76,2.79,27520600
2024-08-30,2.75,2.79,2.74,2.78,21673800
2024-09-03,2.8,2.83,2.78,2.81,24558700
2024-09-04,2.84,2.87,2.82,2.83,15794000
2024-09-05,2.84,2.9,2.82,2.86,27171000
2024-09-06,2.87,2.88,2.8,2.81,20233400
2024-09-09,2.81,2.84,2.81,2.84,17692300
2024-09-10,2.81,2.82,2.76,2.79,26778300
2024-09-11,2.81,2.82,2.76,2.77,26707200
2024-09-12,2.74,2.78,2.72,2.78,13220000
2024-09-13,2.8,2.84,2.77,2.8,34318100
2024-09-16,2.82,2.82,2.77,2.79,48792000
2024-09-17,2.79,2.8,2.77,2.8,28678900
2024-09-18,2.8,2.82,2.77,2.77,40562400
2024-09-19,2.81,2.82,2.75,2.75,41067800
2024-09-20,2.74,2.74,2.63,2.63,40830000
2024-09-23,2.6,2.61,2.56,2.57,50415500
2024-09-24,2.63,2.65,2.58,2.58,55775400
2024-09-25,2.61,2.62,2.58,2.6,53472400
2024-09-26,2.65,2.69,2.64,2.67,57177700
2024-09-27,2.71,2.75,2.69,2.71,39715000
2024-09-30,2.69,2.7,2.65,2.66,34213300
2024-10-01,2.68,2.72,2.65,2.7,43382100
2024-10-02,2.78,2.79,2.74,2.77,30230500
2024-10-03,2.71,2.73,2.69,2.72,31557800
2024-10-04,2.72,2.77,2.71,2.73,23230400
2024-10-07,2.74,2.8,2.72,2.73,45378300
2024-10-08,2.71,2.75,2.71,2.74,32432400
2024-10-09,2.69,2.69,2.62,2.65,27017300
2024-10-10,2.65,2.66,2.63,2.65,21008500
2024-10-11,2.62,2.63,2.59,2.61,27413700
2024-10-14,2.62,2.68,2.61,2.67,25691500
2024-10-15,2.65,2.68,2.63,2.64,36577400
2024-10-16,2.64,2.67,2.61,2.64,41154600
2024-10-17,2.6,2.67,2.6,2.67,21463500
2024-10-18,2.69,2.7,2.63,2.66,31275500
2024-10-21,2.64,2.67,2.63,2.66,25065500
2024-10-22,2.66,2.67,2.61,2.64,39045000
2024-10-23,2.6,2.63,2.58,2.62,28941900
2024-10-24,2.62,2.66,2.61,2.64,28555300
2024-10-25,2.61,2.62,2.58,2.58,27982100
2024-10-28,2.65,2.66,2.63,2.64,19898200
2024-10-29,2.62,2.64,2.57,2.57,20540200
2024-10-30,2.57,2.59,2.55,2.57,29224200
2024-10-31,2.47,2.53,2.45,2.47,21321200
2024-11-01,2.43,2.46,2.38,2.4,37452300
2024-11-04,2.45,2.45,2.4,2.42,13094200
2024-11-05,2.4,2.43,2.38,2.4,38305100
2024-11-06,2.33,2.44,2.32,2.41,44371200
2024-11-07,2.43,2.44,2.36,2.38,32457200
2024-11-08,2.34,2.36,2.31,2.34,24485500
2024-11-11,2.31,2.33,2.3,2.31,22804900
2024-11-12,2.31,2.33,2.29,2.31,19340300
2024-11-13,2.3,2.33,2.28,2.32,21084700
2024-11-14,2.32,2.38,2.31,2.35,30681000
2024-11-15,2.35,2.43,2.35,2.38,30127900
2024-11-18,2.37,2.41,2.36,2.39,33568200
2024-11-19,2.38,2.41,2.37,2.41,22621600
2024-11-20,2.41,2.42,2.39,2.41,19687500
2024-11-21,2.36,2.4,2.36,2.39,38004100
2024-11-22,2.37,2.39,2.36,2.38,18338700
2024-11-25,2.36,2.38,2.34,2.34,18928300
2024-11-26,2.35,2.39,2.35,2.37,21842000
2024-11-27,2.35,2.37,2.24,2.26,69509300
2024-11-29,2.1,2.16,2.02,2.13,63246000
2024-12-02,2.08,2.1,2.05,2.08,41143700
2024-12-03,2.04,2.06,2.03,2.04,25471900
2024-12-04,2.06,2.08,2.04,2.07,24523500
2024-12-05,2.12,2.16,2.1,2.12,35623000
2024-12-06,2.1,2.1,2.03,2.05,22463300
2024-12-09,2.08,2.09,2.01,2.01,62786800
2024-12-10,2.06,2.11,2.05,2.09,51790200
2024-12-11,2.1,2.17,2.06,2.16,51482200
2024-12-12,2.12,2.12,2.05,2.06,50655800
2024-12-13,2.06,2.08,2.01,2.02,24420200
2024-12-16,2.0,2.03,1.97,1.98,42090700
2024-12-17,1.94,2.01,1.91,2.0,48589600
2024-12-18,1.94,1.96,1.84,1.87,66942600
2024-12-19,1.89,1.92,1.87,1.88,35584900
2024-12-20,1.91,1.96,1.89,1.93,31401400
2024-12-23,1.93,1.93,1.88,1.9,19863600
2024-12-24,1.93,1.94,1.92,1.93,6641800
2024-12-26,1.89,1.93,1.88,1.92,19701800
2024-12-27,1.91,1.92,1.89,1.9,13009700
2024-12-30,1.89,1.91,1.88,1.9,16468300
2024-12-31,1.9,1.91,1.89,1.91,10097100
2025-01-02,1.87,2.0,1.86,1.96,63000700
2025-01-03,1.87,1.9,1.85,1.85,40578000
2025-01-06,1.88,1.95,1.88,1.89,45265800
2025-01-07,1.92,1.99,1.92,1.95,53516300
2025-01-08,1.89,1.93,1.89,1.91,54356300
2025-01-10,1.86,1.9,1.85,1.88,59822500
2025-01-13,1.87,1.91,1.86,1.89,50093800
2025-01-14,1.88,1.94,1.86,1.93,56537500
2025-01-15,1.96,2.01,1.95,2.01,71132600
2025-01-16,1.98,2.01,1.95,1.98,46085800
2025-01-17,1.95,1.99,1.93,1.96,59916500
2025-01-21,1.96,1.99,1.95,1.96,40744500
2025-01-22,1.96,1.99,1.94,1.96,43889800
2025-01-23,1.96,1.98,1.93,1.94,46862900
2025-01-24,1.95,1.95,1.92,1.93,71826400
2025-01-27,1.97,2.0,1.96,2.0,53975800
2025-01-28,1.99,2.04,1.97,2.02,50223200
2025-01-29,2.02,2.03,1.99,2.0,30107000
2025-01-30,2.03,2.14,2.03,2.11,57715200
2025-01-31,2.14,2.18,2.09,2.11,55894600
2025-02-03,2.08,2.14,2.07,2.12,45573700
2025-02-04,2.11,2.16,2.1,2.13,47725000
2025-02-05,2.11,2.18,2.09,2.18,42765800
2025-02-06,2.19,2.23,2.17,2.23,53170300
2025-02-07,2.12,2.19,2.08,2.12,79658000
2025-02-10,2.13,2.14,2.1,2.11,40835900
2025-02-11,2.14,2.19,2.12,2.17,40296100
2025-02-12,2.07,2.09,2.01,2.08,79577400
2025-02-13,2.08,2.13,2.06,2.09,51221200
2025-02-14,2.14,2.18,2.13,2.17,34867100
2025-02-18,2.18,2.21,2.16,2.17,39007000
2025-02-19,2.14,2.17,2.11,2.13,49023200
2025-02-20,2.12,2.16,2.12,2.13,41267000
2025-02-21,2.1,2.11,2.07,2.09,36680800
2025-02-24,2.09,2.11,2.03,2.04,33520900
2025-02-25,2.05,2.09,2.05,2.07,35953100
2025-02-26,2.04,2.06,2.0,2.01,45425700
2025-02-27,2.01,2.02,1.99,1.99,40539000
2025-02-28,1.97,1.99,1.93,1.95,62278900
2025-03-03,1.96,2.04,1.96,1.98,30953200
2025-03-04,1.97,1.99,1.93,1.97,18597800
2025-03-05,2.01,2.05,1.98,2.04,60809800
2025-03-06,2.02,2.07,2.01,2.06,55033800
2025-03-07,2.03,2.08,2.03,2.07,48048800
2025-03-10,2.03,2.04,1.97,2.0,46958700
2025-03-11,1.98,2.01,1.95,2.0,56313400
2025-03-12,2.0,2.02,1.97,2.0,43104000
2025-03-13,1.99,2.05,1.98,2.04,53496500
2025-03-14,2.07,2.16,2.07,2.15,42440400
2025-03-17,2.18,2.22,2.16,2.21,28233200
2025-03-18,2.21,2.22,2.17,2.21,41548100
2025-03-19,2.2,2.25,2.19,2.24,29003700
2025-03-20,2.21,2.23,2.19,2.21,39863000
2025-03-21,2.19,2.24,2.19,2.23,31127100
2025-03-24,2.22,2.25,2.21,2.22,25527500
2025-03-25,2.28,2.36,2.28,2.3,53964200
2025-03-26,2.31,2.33,2.28,2.32,18684600
2025-03-27,2.31,2.31,2.28,2.29,28589100
2025-03-28,2.26,2.3,2.24,2.27,51140300
2025-03-31,2.22,2.26,2.21,2.23,32756800
2025-04-01,2.22,2.28,2.22,2.25,35256900
2025-04-02,2.22,2.23,2.19,2.22,26202500
2025-04-03,2.28,2.32,2.27,2.29,60676300
2025-04-04,2.19,2.21,2.14,2.19,62782000
2025-04-07,2.1,2.19,2.08,2.11,56850000
2025-04-08,2.15,2.16,2.0,2.02,59801700
2025-04-09,1.98,2.17,1.98,2.16,64780600
2025-04-10,2.12,2.13,2.05,2.11,40615200
2025-04-11,2.14,2.21,2.13,2.19,33452100
2025-04-14,2.2,2.22,2.16,2.2,32959600
2025-04-15,2.19,2.21,2.17,2.19,29386000
2025-04-16,2.2,2.22,2.18,2.2,28934000
2025-04-17,2.18,2.25,2.18,2.22,25042900
2025-04-21,2.23,2.24,2.19,2.23,13704300
2025-04-22,2.23,2.27,2.23,2.26,26152200
2025-04-23,2.3,2.36,2.3,2.33,31388600
2025-04-24,2.35,2.4,2.34,2.38,29386000
2025-04-25,2.38,2.4,2.37,2.38,26107900
2025-04-28,2.39,2.43,2.37,2.39,21206800
2025-04-29,2.39,2.46,2.39,2.43,35393500
2025-04-30,2.4,2.46,2.39,2.46,45389800
2025-05-01,2.46,2.46,2.4,2.42,24341600
2025-05-02,2.46,2.48,2.4,2.4,34096900
2025-05-05,2.42,2.44,2.34,2.35,29668700
2025-05-06,2.33,2.36,2.31,2.35,26590500
2025-05-07,2.32,2.36,2.26,2.27,39300000
2025-05-08,2.61,2.73,2.6,2.7,187175500
2025-05-09,2.67,2.75,2.66,2.72,61698600
2025-05-12,2.66,2.67,2.63,2.64,39143900
2025-05-13,2.68,2.75,2.68,2.75,43933000
2025-05-14,2.75,2.78,2.72,2.75,41303400
2025-05-15,2.76,2.79,2.72,2.73,43514100
2025-05-16,2.7,2.75,2.69,2.74,32596700
2025-05-19,2.75,2.8,2.75,2.79,26531500
2025-05-20,2.78,2.8,2.75,2.78,48690700
2025-05-21,2.78,2.79,2.72,2.74,27138900
2025-05-22,2.74,2.83,2.74,2.76,71663200
2025-05-23,2.67,2.81,2.66,2.8,66694300
2025-05-27,2.85,2.91,2.84,2.87,31560900
2025-05-28,2.86,2.9,2.85,2.86,30081500
2025-05-29,2.88,2.92,2.86,2.88,28068900
2025-05-30,2.83,2.89,2.8,2.88,59390700
2025-06-02,2.93,2.93,2.87,2.9,67714900
2025-06-03,2.93,2.97,2.87,2.96,83167800
2025-06-04,2.99,3.02,2.93,2.93,35091400
2025-06-05,2.94,2.96,2.88,2.89,45394900
2025-06-06,2.9,2.91,2.87,2.89,32379100
2025-06-09,2.84,2.89,2.82,2.87,37017100
2025-06-10,2.88,2.92,2.85,2.86,28296000
2025-06-11,2.87,2.98,2.86,2.97,51986400
2025-06-12,2.95,3.02,2.95,3.0,38625000
2025-06-13,2.93,3.0,2.93,2.98,53736600
2025-06-16,3.01,3.08,3.01,3.07,38954600
2025-06-17,3.06,3.12,3.06,3.09,38534700
2025-06-18,3.1,3.12,3.07,3.09,39028900
2025-06-20,3.07,3.08,3.02,3.03,33446200
2025-06-23,3.01,3.03,2.98,3.02,31834100
2025-06-24,3.04,3.09,3.02,3.03,43032500
2025-06-25,3.01,3.03,2.98,2.99,25032500
2025-06-26,2.99,3.02,2.98,3.01,33503900
2025-06-27,3.03,3.06,3.02,3.03,26992800
2025-06-30,3.04,3.12,3.04,3.09,63224100
2025-07-01,3.12,3.13,3.07,3.09,52148800
2025-07-02,3.05,3.06,2.99,3.04,48933300
2025-07-03,3.04,3.1,3.04,3.1,22673500
2025-07-07,3.08,3.1,3.02,3.04,25302900
2025-07-08,3.04,3.07,3.02,3.06,27184000
2025-07-09,3.04,3.07,3.01,3.01,34711600
2025-07-10,2.92,2.95,2.9,2.92,50947500
2025-07-11,2.9,2.92,2.87,2.9,37787900
2025-07-14,2.9,2.92,2.88,2.91,26504700
2025-07-15,2.93,2.93,2.86,2.92,37702100
2025-07-16,2.91,2.92,2.87,2.88,24363200
2025-07-17,2.87,2.91,2.86,2.88,32877900
2025-07-18,2.89,2.89,2.8,2.81,33702200
2025-07-21,2.84,2.85,2.81,2.81,24873000
2025-07-22,2.83,2.85,2.79,2.8,21552700
2025-07-23,2.84,2.9,2.82,2.88,24669500
2025-07-24,2.83,2.87,2.82,2.84,31561200
2025-07-25,2.83,2.85,2.78,2.8,28594700
2025-07-28,2.78,2.79,2.73,2.75,37242300
2025-07-29,2.75,2.8,2.75,2.78,24964300
2025-07-30,2.78,2.84,2.73,2.77,61995700
2025-07-31,2.8,2.83,2.74,2.77,54597100
2025-08-01,2.83,2.86,2.79,2.81,29530500
2025-08-04,2.87,2.9,2.8,2.81,32314900
2025-08-05,2.85,2.88,2.79,2.82,37120800
2025-08-06,2.88,2.89,2.83,2.85,39282600
2025-08-07,2.86,2.89,2.83,2.89,53302000
2025-08-08,2.9,2.93,2.88,2.9,34058200
2025-08-11,2.89,2.92,2.88,2.9,20453400
2025-08-12,2.95,3.03,2.95,3.02,23109900
2025-08-13,3.0,3.03,2.97,2.99,14776400
2025-08-14,2.94,3.01,2.93,2.96,29365000
2025-08-15,2.95,2.99,2.95,2.96,27158800
2025-08-18,3.02,3.03,2.98,3.02,36762000
2025-08-19,2.9,2.92,2.84,2.86,29041100
2025-08-20,2.86,2.92,2.85,2.88,32987600
2025-08-21,2.87,2.9,2.86,2.89,30510500
2025-08-22,2.91,2.99,2.89,2.98,38244500
2025-08-25,2.99,3.02,2.98,3.0,21007500
2025-08-26,3.01,3.03,2.96,2.98,30041900
2025-08-27,2.98,3.03,2.95,3.02,18772600
2025-08-28,3.05,3.13,3.04,3.11,37067100
2025-08-29,3.09,3.11,3.08,3.11,29248000
2025-09-02,2.98,3.04,2.96,3.02,31563100
2025-09-03,3.02,3.06,3.0,3.02,26297300
2025-09-04,3.03,3.1,3.01,3.07,26504400
2025-09-05,3.19,3.24,3.16,3.18,50936300
2025-09-08,3.19,3.19,3.11,3.15,38225800
2025-09-09,3.14,3.16,3.13,3.13,31706200
2025-09-10,3.15,3.18,3.11,3.12,26850100
2025-09-11,3.13,3.2,3.13,3.16,38756900
2025-09-12,3.13,3.17,3.11,3.13,58581200
2025-09-15,3.18,3.22,3.17,3.18,56520700
2025-09-16,3.2,3.21,3.17,3.21,39281200
2025-09-17,3.21,3.34,3.21,3.31,65165000
2025-09-18,3.28,3.31,3.26,3.27,44685200
2025-09-19,3.28,3.34,3.28,3.33,43360400
2025-09-22,3.27,3.34,3.25,3.32,56061300
2025-09-23,3.32,3.41,3.32,3.39,104537100
2025-09-24,3.34,3.37,3.33,3.34,42748300
2025-09-25,3.31,3.34,3.27,3.27,65399800
2025-09-26,3.3,3.31,3.27,3.3,43470200
2025-09-29,3.37,3.38,3.34,3.35,42678200
2025-09-30,3.36,3.41,3.34,3.38,49630300
2025-10-01,3.35,3.38,3.21,3.24,91322900
2025-10-02,3.24,3.26,3.16,3.17,48373200
2025-10-03,3.17,3.19,3.13,3.17,62799000
2025-10-06,3.18,3.2,3.14,3.18,54976200
2025-10-07,3.13,3.14,3.09,3.12,70962200
2025-10-08,3.16,3.19,3.14,3.17,69316600
2025-10-09,3.2,3.2,3.15,3.19,57973000
2025-10-10,3.18,3.19,3.04,3.06,79363600
2025-10-13,3.1,3.13,3.07,3.09,74737500
2025-10-14,3.1,3.17,3.08,3.15,76073400
2025-10-15,3.14,3.21,3.14,3.2,66937100
2025-10-16,3.18,3.27,3.17,3.26,116637100
2025-10-17,3.21,3.3,3.2,3.3,80800000
2025-10-20,3.34,3.39,3.32,3.38,50038900
2025-10-21,3.33,3.36,3.3,3.3,41868600
2025-10-22,3.31,3.34,3.28,3.3,62997200
2025-10-23,3.32,3.37,3.31,3.35,45918200
2025-10-24,3.38,3.4,3.34,3.35,31428900
2025-10-27,3.41,3.42,3.38,3.4,37203300
2025-10-28,3.4,3.42,3.38,3.39,39684600
2025-10-29,3.45,3.55,3.44,3.52,79876400
2025-10-30,3.36,3.43,3.34,3.39,47499600
2025-10-31,3.37,3.4,3.35,3.38,36710800
2025-11-03,3.42,3.49,3.42,3.45,33963800
2025-11-04,3.41,3.45,3.39,3.41,26326900
2025-11-05,3.45,3.54,3.45,3.53,29232300
2025-11-06,3.54,3.55,3.48,3.51,32600900
2025-11-07,3.46,3.54,3.45,3.54,28058700
2025-11-10,3.59,3.63,3.58,3.61,26182100
2025-11-11,3.73,3.74,3.69,3.72,34867100
2025-11-12,3.71,3.71,3.65,3.68,43424600
2025-11-13,3.74,3.77,3.65,3.66,44035000
2025-11-14,3.69,3.75,3.67,3.68,32546900
2025-11-17,3.65,3.68,3.61,3.62,31564600
2025-11-18,3.58,3.64,3.58,3.6,29669200
2025-11-19,3.56,3.61,3.53,3.54,29635400
2025-11-20,3.56,3.6,3.48,3.48,36672200
2025-11-21,3.45,3.52,3.45,3.48,54949500
2025-11-24,3.49,3.51,3.47,3.48,20609100
2025-11-25,3.5,3.55,3.49,3.54,30336700
2025-11-26,3.59,3.69,3.59,3.68,32558000
2025-11-28,3.71,3.73,3.69,3.7,14475900
2025-12-01,3.69,3.72,3.61,3.62,29887800
2025-12-02,3.67,3.68,3.63,3.67,57264700
2025-12-03,3.66,3.68,3.55,3.58,49006000
2025-12-04,3.66,3.66,3.6,3.63,51443400
2025-12-05,3.61,3.65,3.3,3.31,62705400
2025-12-08,3.4,3.4,3.3,3.34,57885200
2025-12-09,3.23,3.33,3.22,3.32,38636100
2025-12-10,3.31,3.38,3.31,3.32,30570500
2025-12-11,3.4,3.47,3.4,3.41,27813900
2025-12-12,3.47,3.48,3.41,3.45,28352500
2025-12-15,3.51,3.53,3.46,3.47,31461500
2025-12-16,3.42,3.44,3.35,3.35,28675800
2025-12-17,3.28,3.31,3.27,3.31,37172500
2025-12-18,3.31,3.35,3.29,3.32,39057100
2025-12-19,3.37,3.4,3.34,3.35,23538200
2025-12-22,3.31,3.33,3.25,3.27,30642800
2025-12-23,3.29,3.36,3.29,3.34,19483700
2025-12-24,3.34,3.36,3.33,3.36,6878400
2025-12-26,3.31,3.35,3.3,3.35,20796400
2025-12-29,3.3,3.33,3.29,3.32,20882400
2025-12-30,3.42,3.44,3.38,3.39,17172700
2025-12-31,3.34,3.35,3.32,3.33,10096700
2026-01-02,3.38,3.4,3.36,3.36,20622100
2026-01-05,3.35,3.53,3.35,3.52,37660900
2026-01-06,3.59,3.6,3.55,3.55,30150300
2026-01-07,3.5,3.52,3.46,3.49,25443100
2026-01-08,3.47,3.5,3.44,3.44,29005800
2026-01-09,3.49,3.5,3.44,3.44,23495200
2026-01-12,3.44,3.46,3.41,3.43,22972700
2026-01-13,3.41,3.42,3.36,3.38,36680400
2026-01-14,3.38,3.45,3.38,3.45,31426100
2026-01-15,3.46,3.58,3.46,3.51,30946800
2026-01-16,3.48,3.54,3.47,3.53,35295200
2026-01-20,3.51,3.62,3.5,3.57,33684500
2026-01-21,3.68,3.73,3.68,3.73,46284500
2026-01-22,3.77,3.89,3.75,3.86,58135400
2026-01-23,3.88,3.98,3.85,3.95,54138100
2026-01-26,3.92,3.99,3.91,3.97,50912900
2026-01-27,4.12,4.18,4.09,4.14,61528600
2026-01-28,4.15,4.21,4.11,4.16,69174400
2026-01-29,4.2,4.29,4.05,4.15,52687100
2026-01-30,4.13,4.15,4.0,4.05,46688500
2026-02-02,4.04,4.12,4.04,4.09,33889700
2026-02-03,4.23,4.26,4.12,4.13,38862000
2026-02-04,4.07,4.1,3.93,3.95,38325000
2026-02-05,4.0,4.04,3.89,4.0,61437700
2026-02-06,3.92,3.99,3.85,3.98,89928700
2026-02-09,3.91,4.05,3.91,4.04,39720400
2026-02-10,4.05,4.1,3.99,4.0,32273000
2026-02-11,4.14,4.18,4.07,4.16,46039800
2026-02-12,4.15,4.18,4.07,4.09,33861000
2026-02-13,3.99,4.0,3.87,3.98,62357500
2026-02-17,3.97,3.97,3.87,3.94,44397800
2026-02-18,3.97,4.05,3.93,3.98,31402100
2026-02-19,4.03,4.12,3.99,4.08,31020400
2026-02-20,4.08,4.21,4.07,4.19,26508200
2026-02-23,4.2,4.22,4.07,4.07,38063900
2026-02-24,4.08,4.16,4.05,4.12,28904300
2026-02-25,4.14,4.16,4.09,4.12,31193400
2026-02-26,4.08,4.08,3.99,4.05,34979600
2026-02-27,4.18,4.24,4.07,4.09,47048700
2026-03-02,3.95,4.11,3.94,4.08,28958700
2026-03-03,3.82,3.87,3.7,3.81,43406400
2026-03-04,3.88,3.93,3.83,3.91,48877400
2026-03-05,3.8,3.83,3.71,3.74,77873000
2026-03-06,3.65,3.71,3.63,3.68,81768600
2026-03-09,3.67,3.79,3.62,3.78,69365300
2026-03-10,3.8,3.91,3.78,3.87,59796100
2026-03-11,3.85,3.92,3.81,3.84,48518600
2026-03-12,3.68,3.72,3.64,3.66,54489600
2026-03-13,3.71,3.73,3.52,3.53,55114600
2026-03-16,3.6,3.64,3.58,3.61,45345600
2026-03-17,3.66,3.66,3.55,3.6,39074900
2026-03-18,3.55,3.61,3.52,3.53,33219500
2026-03-19,3.43,3.57,3.41,3.54,34826100
2026-03-20,3.5,3.5,3.38,3.41,33196200
2026-03-23,3.57,3.67,3.53,3.59,33820400
2026-03-24,3.51,3.58,3.51,3.55,27565400
2026-03-25,3.65,3.7,3.62,3.66,38874800
2026-03-26,3.61,3.65,3.54,3.54,38053100
2026-03-27,3.53,3.57,3.48,3.49,24102100
2026-03-30,3.53,3.55,3.46,3.5,33783700
2026-03-31,3.6,3.67,3.53,3.65,40191400
2026-04-01,3.73,3.78,3.71,3.73,28914500
2026-04-02,3.63,3.74,3.61,3.66,29660700
2026-04-06,3.69,3.74,3.68,3.72,29999900
2026-04-07,3.68,3.73,3.63,3.71,41600900
2026-04-08,3.97,3.98,3.85,3.9,47552700
2026-04-09,3.92,3.99,3.89,3.96,39522700
2026-04-10,4.03,4.08,4.01,4.03,44423100
2026-04-13,3.99,4.11,3.97,4.09,32268600
2026-04-14,4.13,4.19,4.1,4.11,65527400
2026-04-15,4.14,4.17,4.09,4.11,41977200
2026-04-16,4.19,4.2,4.12,4.15,42299300
2026-04-17,4.3,4.3,4.2,4.21,44247300
2026-04-20,4.22,4.23,4.16,4.19,25410000
2026-04-21,4.18,4.21,4.06,4.07,37634100
2026-04-22,4.15,4.15,4.04,4.04,39201100
2026-04-23,4.08,4.09,3.93,3.94,28693600
2026-04-24,3.94,3.96,3.91,3.94,24398300
2026-04-27,3.97,3.98,3.9,3.91,23517800
2026-04-28,3.84,3.9,3.84,3.88,23858600
2026-04-29,3.82,3.86,3.76,3.77,24004100
2026-04-30,3.83,3.9,3.81,3.88,22750300
2026-05-01,3.86,3.91,3.83,3.84,13681200
2026-05-04,3.84,3.86,3.7315,3.75,29287806
