DateTime,Open,High,Low,Close,Volume
2015-01-02,141.87,143.14999,140.81,141.61,1471000
2015-01-05,141.69,142.16,139.8,140.0,1748500
2015-01-06,140.61,142.94,139.85001,141.85001,3185200
2015-01-07,142.60001,144.42999,142.36,144.32001,2171600
2015-01-08,145.56,146.10001,144.94,145.56,2937700
2015-01-09,144.48,145.050003,143.22,143.32001,1727000
2015-01-12,143.58,144.16,142.12,142.52,1344800
2015-01-13,142.2,144.41,140.39,141.089996,2198500
2015-01-14,140.0099945,140.21001,138.24001,139.31,2207900
2015-01-15,139.95,140.17,138.62,139.31,1819600
2015-01-16,139.039993,139.96001,138.22,139.72,1784800
2015-01-20,140.72,141.27,138.36,139.38,1836100
2015-01-21,138.85001,139.7,138.38,139.14,1682000
2015-01-22,139.5,141.28,138.39,141.27,1897500
2015-01-23,141.59,142.31,140.87,142.050003,1696800
2015-01-26,141.66,143.050003,141.57001,142.91,1482800
2015-01-27,142.75,142.8,140.87,140.99001,1786500
2015-01-28,141.60001,142.45,139.56,139.62,2016300
2015-01-29,140.16,140.69,138.91,140.64,1873400
2015-01-30,143.089996,143.8,141.34,142.99001,5169000
2015-02-02,144.0,146.23,140.13,146.0,4797500
2015-02-03,146.36,153.89,144.77,153.75,10302900
2015-02-04,152.080002,156.85001,152.070007,155.92,11006300
2015-02-05,149.5,151.10001,147.52,149.089996,6986700
2015-02-06,149.21001,149.95,148.16,148.7,2927400
2015-02-09,148.7,149.16,146.82001,147.53999,2740200
2015-02-10,147.99001,148.48,147.0,148.22,1703400
2015-02-11,148.39,148.48,146.55,147.46001,2295800
2015-02-12,148.0099945,148.39,146.86,147.75999,1712200
2015-02-13,148.23,148.8,146.94,147.10001,1926800
2015-02-17,147.0,147.61,145.66,147.53,1541500
2015-02-18,147.16,147.48,146.53,147.23,1541000
2015-02-19,146.89999,147.50999,146.46001,146.67,1273700
2015-02-20,146.67,147.78999,145.89999,147.53999,1595600
2015-02-23,148.0,148.46001,147.029999,148.39,1587300
2015-02-24,149.38,149.39999,148.0,148.21001,1844200
2015-02-25,147.7,148.60001,147.19,147.48,1602700
2015-02-26,147.070007,147.61,146.2,146.64999,1892600
2015-02-27,147.56,147.56,145.83,146.96001,3036200
2015-03-02,147.32001,148.49001,147.32001,147.94,2108600
2015-03-03,147.94,148.14,146.66,147.37,1514300
2015-03-04,147.84,147.98,145.78,147.17,2208600
2015-03-05,150.77,151.75,149.0,151.17,4471100
2015-03-06,149.28999,150.14999,148.17,149.53999,3014900
2015-03-09,149.78999,150.99001,149.55,150.67999,1727900
2015-03-10,149.75,150.14999,148.14999,148.16,2128100
2015-03-11,148.33,148.99001,147.34,147.39999,1734300
2015-03-12,148.38,149.64,147.39999,149.44,1564000
2015-03-13,149.089996,149.91,148.14999,149.28,1470100
2015-03-16,149.72,151.0,149.28,149.99001,2532700
2015-03-17,149.39,150.2,148.42999,150.029999,1972500
2015-03-18,150.0,151.63,148.25,150.92999,2772500
2015-03-19,151.0,151.5,150.32001,151.31,1862900
2015-03-20,152.13,153.14999,151.75,152.59,5859300
2015-03-23,153.14999,153.56,152.7,152.92999,1665900
2015-03-24,152.95,154.23,152.89,153.14,1637000
2015-03-25,153.55,153.96001,151.089996,151.089996,2266800
2015-03-26,149.32001,150.77,149.17,150.059998,1554800
2015-03-27,150.21001,151.22,150.020004,150.47,1329900
2015-03-30,150.91,152.59,150.8,152.37,1463800
2015-03-31,151.84,153.0,151.25,151.5,1886100
2015-04-01,151.83,151.87,149.7,150.24001,1795000
2015-04-02,150.47,152.0,150.36,151.63,1095300
2015-04-06,151.37,152.84,150.60001,152.5,1767600
2015-04-07,152.53,152.95,151.72,151.78,1391700
2015-04-08,152.23,152.67,151.19,152.0,1483000
2015-04-09,150.57001,151.0,148.27,148.81,3401800
2015-04-10,149.39999,150.029999,148.62,149.64,1572900
2015-04-13,149.44,150.34,148.92999,149.020004,1120200
2015-04-14,149.0,150.10001,147.72,149.52,1540800
2015-04-15,149.58,150.67,149.050003,149.070007,1404700
2015-04-16,148.75999,148.89999,146.91,147.11,2680600
2015-04-17,146.58,146.73,143.10001,144.57001,4369300
2015-04-20,146.64999,147.25,145.75,146.31,2881900
2015-04-21,146.98,148.080002,146.60001,147.34,1616700
2015-04-22,147.92999,147.92999,146.28,146.98,1423500
2015-04-23,146.60001,147.95,146.27,147.3,1351800
2015-04-24,147.33,148.39999,146.87,148.12,1421100
2015-04-27,148.3,148.50999,146.86,146.96001,1717000
2015-04-28,146.89,147.19,146.050003,146.61,1302100
2015-04-29,145.88,146.25,143.87,144.46001,1719000
2015-04-30,143.85001,144.89999,142.53999,143.050003,2523200
2015-05-01,143.46001,145.74001,143.22,145.39,1504700
2015-05-04,145.39,146.21001,144.61,145.75,1288800
2015-05-05,145.12,145.74001,144.28999,144.5,1769600
2015-05-06,145.35001,145.84,144.0099945,144.77,1737300
2015-05-07,144.52,145.61,144.0099945,144.56,2564500
2015-05-08,146.0,147.56,145.8,145.88,1728700
2015-05-11,145.53999,146.33,144.2,144.27,1905800
2015-05-12,144.0,145.0,143.42,144.070007,1923900
2015-05-13,143.88,145.28999,142.72,143.24001,2135900
2015-05-14,144.13,144.13,141.53,142.60001,3023400
2015-05-15,143.22,144.96001,142.74001,144.83,2357000
2015-05-18,144.74001,145.28999,144.050003,145.059998,1451700
2015-05-19,144.81,145.5,144.31,144.74001,1332700
2015-05-20,145.059998,145.059998,143.25999,143.49001,1640900
2015-05-21,143.37,144.59,142.85001,143.94,1539400
2015-05-22,143.89999,144.75999,143.39999,143.67999,1189500
2015-05-26,144.080002,144.41,143.080002,143.25,2477400
2015-05-27,143.63,145.64,143.11,145.42,2954100
2015-05-28,144.32001,145.97,143.16,144.25999,3206200
2015-05-29,143.78,143.95,141.77,142.59,3027100
2015-06-01,143.050003,143.25,141.89999,142.39,2182700
2015-06-02,141.97,142.67,140.89,141.39999,1963500
2015-06-03,141.67,142.50999,141.17999,142.13,1858200
2015-06-04,141.37,142.5,140.33,140.64999,2898600
2015-06-05,140.74001,140.81,138.74001,138.78,3203200
2015-06-08,138.91,138.91,138.020004,138.050003,1879700
2015-06-09,137.92,138.75999,137.81,138.039993,2039100
2015-06-10,138.32001,139.94,138.25999,139.42999,1725600
2015-06-11,139.64,140.47,139.19,139.32001,1342300
2015-06-12,139.059998,139.3,138.50999,138.78,1290700
2015-06-15,137.94,138.32001,137.14999,137.23,1939500
2015-06-16,137.2,138.24001,137.14999,137.98,1553600
2015-06-17,137.94,139.32001,137.88,138.88,1508100
2015-06-18,139.49001,141.10001,139.22,140.5,2074100
2015-06-19,140.59,141.48,140.17999,140.3,2758200
2015-06-22,140.84,141.17,140.080002,140.19,1415700
2015-06-23,140.44,140.89999,139.53,139.64999,1489400
2015-06-24,139.34,139.86,138.28,138.34,1965900
2015-06-25,138.45,139.91,137.42,137.45,1660900
2015-06-26,137.94,138.64,137.53,138.059998,2248900
2015-06-29,137.0099945,137.82001,135.66,135.69,1963200
2015-06-30,136.38,136.71001,134.73,135.059998,2454300
2015-07-01,135.78999,136.57001,135.53999,136.49001,1707000
2015-07-02,137.0,137.2,136.28,136.39,1148400
2015-07-06,135.14999,136.84,135.059998,135.88,2450400
2015-07-07,136.3,140.87,136.029999,140.5,3790000
2015-07-08,139.98,140.53,139.27,139.89999,2917100
2015-07-09,141.35001,141.5,137.71001,139.45,3317600
2015-07-10,141.71001,143.42999,141.17,142.72,2846000
2015-07-13,143.86,145.070007,143.5,144.059998,1847800
2015-07-14,143.64999,144.28999,143.16,143.92999,1512800
2015-07-15,143.92999,144.17999,142.92,143.63,1306700
2015-07-16,144.14999,144.49001,143.44,144.33,1148100
2015-07-17,144.12,144.89,143.16,144.67999,1842100
2015-07-20,144.58,145.23,144.020004,145.039993,1243600
2015-07-21,145.19,145.39999,144.42999,144.94,1587800
2015-07-22,145.22,146.48,145.020004,146.38,1612000
2015-07-23,146.85001,147.0,145.38,145.60001,1356100
2015-07-24,145.71001,145.92999,144.89,144.99001,1272700
2015-07-27,144.78,144.89,143.53,144.25,1431300
2015-07-28,144.53,144.7,142.91,144.55,1376500
2015-07-29,144.8,146.75999,144.75,145.38,1840500
2015-07-30,145.14999,145.86,144.020004,145.3,1392700
2015-07-31,146.19,146.19,145.0099945,145.3,1386700
2015-08-03,145.78,146.11,144.64999,145.52,1328100
2015-08-04,145.11,145.82001,144.19,144.84,1315300
2015-08-05,145.83,147.039993,145.64999,146.89,1687800
2015-08-06,147.14999,147.59,145.98,146.44,1948000
2015-08-07,146.020004,146.44,144.35001,145.25999,1228300
2015-08-10,146.3,146.78999,145.67999,146.25,1072600
2015-08-11,145.28,146.28999,145.0099945,145.89,1260700
2015-08-12,144.95,146.72,143.35001,146.49001,1963800
2015-08-13,146.36,146.98,145.17999,145.27,1114000
2015-08-14,144.88,146.42,144.88,146.089996,1210400
2015-08-17,145.14999,146.24001,144.98,146.089996,912600
2015-08-18,146.16,146.48,145.12,145.63,1099100
2015-08-19,145.39,145.94,143.64,145.17,1436100
2015-08-20,144.28999,144.88,143.28999,143.71001,1785100
2015-08-21,142.22,143.33,138.99001,138.99001,3611400
2015-08-24,131.97,137.16,117.029999,132.97,5205800
2015-08-25,136.78,138.38,132.64999,132.71001,4645100
2015-08-26,136.11,138.28,133.35001,138.16,3094900
2015-08-27,140.47,140.75,137.59,140.21001,2603100
2015-08-28,139.75,140.3,138.64,139.95,1850900
2015-08-31,139.25,140.23,138.50999,140.050003,3005700
2015-09-01,137.58,139.89999,137.5,138.3,2968200
2015-09-02,139.83,140.87,138.42,140.42,1809900
2015-09-03,140.94,141.7,140.10001,140.48,1615600
2015-09-04,138.8,139.46001,138.17999,138.48,2124500
2015-09-08,140.53999,141.48,139.12,141.42999,1638000
2015-09-09,142.35001,142.35001,139.39,139.67999,1390800
2015-09-10,139.039993,140.96001,138.99001,140.0099945,1350700
2015-09-11,139.85001,141.2,139.28,141.050003,1452300
2015-09-14,141.17999,141.41,140.24001,141.14999,1123300
2015-09-15,141.32001,142.96001,140.24001,142.42999,1349600
2015-09-16,142.21001,143.86,141.75,143.61,1374300
2015-09-17,143.89999,145.039993,143.16,143.35001,1535300
2015-09-18,142.14,144.34,141.7,141.81,2833900
2015-09-21,142.36,143.78,142.089996,143.21001,1004800
2015-09-22,141.82001,142.95,140.81,142.64999,1787200
2015-09-23,143.46001,145.63,142.64999,145.42999,2310200
2015-09-24,144.37,145.42,143.64999,144.87,1974900
2015-09-25,145.95,146.89999,145.0099945,145.55,1845700
2015-09-28,145.39,145.8,143.28999,143.55,2553500
2015-09-29,143.039993,144.14,142.25,143.72,2513100
2015-09-30,143.53999,144.95,142.89,144.57001,2549200
2015-10-01,144.85001,144.85001,142.5,144.56,2657300
2015-10-02,143.25,145.91,142.19,145.86,2591500
2015-10-05,146.24001,148.22,146.0099945,148.070007,2273000
2015-10-06,148.14999,148.7,147.36,148.41,2091000
2015-10-07,148.72,149.32001,147.42999,147.96001,2340800
2015-10-08,147.61,151.7,147.61,151.66,2370900
2015-10-09,150.75999,154.25999,150.44,153.97,3715500
2015-10-12,153.97,154.48,153.089996,153.63,1200100
2015-10-13,153.23,154.070007,152.22,152.28,1493700
2015-10-14,152.31,152.77,149.10001,149.84,3044900
2015-10-15,150.83,151.89999,150.22,151.77,1697000
2015-10-16,152.32001,152.97,151.28,152.059998,1647500
2015-10-19,152.050003,153.39,151.92,153.22,1543700
2015-10-20,153.72,154.88,153.16,154.56,1875700
2015-10-21,154.8,155.94,154.31,155.21001,1797300
2015-10-22,155.42999,158.34,155.080002,158.14999,2192400
2015-10-23,158.7,158.8,154.91,155.74001,2273400
2015-10-26,152.059998,157.41,151.25999,156.73,2500000
2015-10-27,157.27,158.3,155.56,157.75999,1675100
2015-10-28,157.5,157.92999,155.50999,157.75999,1778800
2015-10-29,157.059998,158.38,156.53,158.28,1547000
2015-10-30,158.0,159.39999,157.3,158.12,2050000
2015-11-02,158.99001,159.31,157.64999,159.14999,1260700
2015-11-03,158.39999,159.22,157.38,158.8,1531100
2015-11-04,159.0,159.029999,156.89999,157.14999,1653100
2015-11-05,154.14999,156.81,154.020004,156.27,2550300
2015-11-06,156.49001,157.96001,155.67,157.55,1749800
2015-11-09,156.81,157.10001,153.89,155.16,2291100
2015-11-10,155.13,156.46001,154.60001,156.41,1701800
2015-11-11,155.98,157.42999,155.17999,156.39,1864200
2015-11-12,156.12,156.98,155.39999,156.0,1657400
2015-11-13,155.070007,155.25,153.23,153.67,2459900
2015-11-16,153.81,156.47,153.24001,156.45,1778400
2015-11-17,157.35001,159.92,157.020004,158.89,2500000
2015-11-18,158.89,161.39999,157.82001,161.25,2152000
2015-11-19,161.69,163.2,161.44,162.83,2959300
2015-11-20,164.16,164.47,162.75,163.10001,2051100
2015-11-23,163.53,163.89999,162.73,163.45,1174300
2015-11-24,162.25999,163.92,161.0,162.19,2799500
2015-11-25,162.039993,163.0,161.14,162.39,1828000
2015-11-27,163.11,164.41,162.49001,163.58,866300
2015-11-30,164.17,164.44,160.78999,161.42,3063800
2015-12-01,162.020004,163.039993,160.74001,161.28999,1939700
2015-12-02,161.71001,162.44,160.63,161.089996,1585700
2015-12-03,164.50999,166.10001,163.31,163.67,3440000
2015-12-04,164.12,167.24001,164.0099945,166.8,2578600
2015-12-07,167.33,167.5,165.55,167.12,2791900
2015-12-08,166.74001,169.73,165.87,168.87,3158500
2015-12-09,162.72,163.89,158.22,159.72,9527000
2015-12-10,160.92999,163.41,160.61,161.86,3653300
2015-12-11,159.73,161.2,159.36,160.020004,2511200
2015-12-14,160.089996,161.88,159.41,161.84,2427300
2015-12-15,163.32001,163.74001,160.72,161.28999,2378700
2015-12-16,161.95,163.25,160.0,162.75999,2196300
2015-12-17,162.44,163.58,160.60001,160.67999,1703900
2015-12-18,159.78999,160.67999,157.60001,157.7,4295800
2015-12-21,158.81,159.42999,157.33,159.39,1453500
2015-12-22,159.89999,161.39,159.029999,161.23,1742100
2015-12-23,162.42999,162.42999,160.78,161.71001,1581000
2015-12-24,161.85001,162.33,161.44,161.75,491000
2015-12-28,161.050003,162.25999,160.39999,161.16,1124700
2015-12-29,161.89999,163.23,161.52,162.66,1169600
2015-12-30,162.96001,163.45,162.50999,162.71001,889900
2015-12-31,162.080002,164.0,161.5,161.5,1873400
2016-01-04,159.81,160.10001,157.87,159.53999,2640800
2016-01-05,160.17,161.23,159.45,159.92999,2127700
2016-01-06,158.36,159.8,157.63,158.45,2033400
2016-01-07,154.85001,157.059998,153.55,154.82001,3826000
2016-01-08,155.28,155.3,151.81,152.11,3156200
2016-01-11,152.3,155.96001,152.12,154.72,2164500
2016-01-12,155.71001,156.42999,154.94,156.059998,2215600
2016-01-13,155.97,156.020004,151.88,152.12,2157500
2016-01-14,151.96001,154.16,151.33,153.17999,2281500
2016-01-15,149.28999,151.52,148.25,150.39,2975400
2016-01-19,151.78999,152.0,149.58,150.47,2242600
2016-01-20,148.46001,150.0,144.91,148.82001,3796800
2016-01-21,148.97,151.24001,148.11,150.38,2211800
2016-01-22,152.17999,153.71001,151.64999,153.69,2544100
2016-01-25,154.070007,154.48,150.55,150.78,1820600
2016-01-26,150.78,151.72,148.3,148.5,2828600
2016-01-27,149.28999,149.59,146.72,147.73,2189500
2016-01-28,148.55,149.97,147.81,149.59,2076100
2016-01-29,149.5,151.62,146.91,151.12,3221300
2016-02-01,150.84,152.19,150.19,151.25,2142000
2016-02-02,149.99001,150.78999,148.11,148.5,1931400
2016-02-03,149.28,149.98,145.45,146.7,2546900
2016-02-04,145.0,145.14,141.78999,143.28,5340500
2016-02-05,143.27,145.2,142.39999,143.99001,4079300
2016-02-08,142.74001,147.55,141.62,147.020004,3782000
2016-02-09,146.24001,149.72,146.23,147.94,3228300
2016-02-10,149.37,150.17,147.58,148.050003,2189600
2016-02-11,147.13,148.39,144.75999,146.64999,2198100
2016-02-12,147.98,149.27,147.0,148.64999,1951800
2016-02-16,149.35001,150.64,147.7,149.11,2186400
2016-02-17,149.75,151.98,148.91,150.91,2174600
2016-02-18,149.13,149.84,146.82001,148.64999,2894300
2016-02-19,149.0,149.14,146.85001,148.7,2471700
2016-02-22,149.63,150.17999,148.49001,150.059998,2161300
2016-02-23,149.89,151.75999,149.12,150.36,1850600
2016-02-24,150.029999,154.41,149.66,153.87,2590100
2016-02-25,154.69,154.88,152.86,154.72,1746900
2016-02-26,153.089996,153.41,148.75999,149.67999,3800800
2016-02-29,149.99001,152.3,149.69,150.029999,3115800
2016-03-01,150.39999,151.2,149.38,150.52,2681400
2016-03-02,151.13,152.95,150.39,152.78999,2947600
2016-03-03,148.56,151.96001,147.38,151.60001,5552600
2016-03-04,151.74001,151.77,150.029999,150.89999,2155600
2016-03-07,149.96001,150.89,147.60001,148.17,3159600
2016-03-08,147.66,151.92,147.10001,150.95,3156300
2016-03-09,151.35001,153.5,151.31,153.050003,2395300
2016-03-10,153.21001,154.69,151.050003,152.87,1413000
2016-03-11,153.85001,154.0,151.39999,152.71001,1829900
2016-03-14,152.25999,153.3,151.64999,152.67,1218400
2016-03-15,151.8,154.42,151.8,154.17999,1398500
2016-03-16,153.7,155.0,152.63,154.059998,1485500
2016-03-17,153.82001,154.74001,153.59,153.84,1583200
2016-03-18,154.58,154.7,152.77,153.14999,3611700
2016-03-21,152.82001,154.35001,152.47,153.94,1367400
2016-03-22,153.21001,153.81,152.0,152.23,1943100
2016-03-23,152.17999,153.92999,151.64,153.50999,2127300
2016-03-24,153.24001,154.080002,150.85001,151.42999,2506500
2016-03-28,151.8,153.94,151.78,152.67,1767400
2016-03-29,152.77,155.46001,152.52,155.25999,1655400
2016-03-30,155.91,158.24001,155.64999,157.60001,2642700
2016-03-31,157.96001,159.8,157.52,157.58,2692400
2016-04-01,157.87,159.089996,157.0,158.25,1531500
2016-04-04,158.67999,158.99001,156.46001,157.73,1458400
2016-04-05,157.89,158.0,155.72,155.99001,1855600
2016-04-06,155.81,157.41,155.22,156.77,1572600
2016-04-07,154.42,154.58,151.48,152.029999,4050100
2016-04-08,152.98,152.98,150.92,151.64999,2008500
2016-04-11,151.34,151.94,148.97,149.050003,2279000
2016-04-12,149.60001,150.67999,148.50999,150.52,2268300
2016-04-13,151.57001,152.080002,150.59,151.88,2078800
2016-04-14,152.59,152.91,151.14,151.39999,2420000
2016-04-15,151.96001,153.81,151.84,153.17,2675900
2016-04-18,152.78,153.71001,152.27,153.3,1335800
2016-04-19,153.78,153.89999,152.49001,153.67999,1579000
2016-04-20,153.72,153.89,152.60001,152.74001,1308700
2016-04-21,152.49001,152.74001,150.69,151.42,2097600
2016-04-22,151.050003,151.81,149.36,149.92,2233900
2016-04-25,149.98,151.67999,149.47,151.50999,1249000
2016-04-26,152.080002,153.45,151.67,152.60001,1552900
2016-04-27,152.24001,152.50999,150.60001,151.77,1492800
2016-04-28,152.0099945,153.64999,151.14,151.44,2198100
2016-04-29,150.0099945,150.98,147.46001,148.13,3588800
2016-05-02,148.75999,151.42,147.75,150.92999,3361500
2016-05-03,150.080002,152.53,149.60001,151.41,2201300
2016-05-04,150.12,152.0,149.44,151.50999,2111600
2016-05-05,148.98,150.38,146.37,147.84,4869300
2016-05-06,147.059998,147.5,144.74001,146.44,3692200
2016-05-09,146.83,148.97,146.50999,148.59,2843800
2016-05-10,149.38,149.98,148.75,149.56,1943900
2016-05-11,148.39,148.69,146.58,147.12,2812700
2016-05-12,147.32001,147.77,146.32001,146.72,2860400
2016-05-13,146.33,146.72,144.3,144.5,2993600
2016-05-16,144.5,146.58,143.39999,145.78999,2615000
2016-05-17,145.5,146.24001,143.22,143.60001,2928900
2016-05-18,140.17999,141.66,138.57001,141.28999,5717000
2016-05-19,142.45,143.080002,141.42,142.7,2830500
2016-05-20,142.73,143.5,142.020004,142.69,2088400
2016-05-23,142.84,144.0,141.91,142.0099945,1828400
2016-05-24,142.57001,143.48,142.38,142.57001,2813100
2016-05-25,142.62,145.67999,142.50999,144.53999,4156700
2016-05-26,149.0099945,153.88,147.7,149.71001,7679400
2016-05-27,150.24001,150.77,148.11,149.080002,3349800
2016-05-31,149.57001,149.88,147.63,148.77,3738900
2016-06-01,150.5,153.0,150.32001,152.52,3487300
2016-06-02,150.050003,151.50999,148.55,151.50999,3957600
2016-06-03,150.3,151.78,150.27,151.71001,1964200
2016-06-06,151.83,152.49001,151.71001,152.24001,1961600
2016-06-07,152.080002,153.85001,151.89999,152.62,2113000
2016-06-08,152.67999,153.47,152.050003,153.37,1528300
2016-06-09,153.0,154.14,152.92,154.050003,1812100
2016-06-10,153.0,155.14999,152.94,154.87,3266500
2016-06-13,154.75999,155.96001,154.57001,154.95,2576600
2016-06-14,154.55,156.36,153.57001,155.87,3274700
2016-06-15,155.7,156.78,154.66,154.86,2228500
2016-06-16,154.86,156.5,154.11,156.42,1937400
2016-06-17,157.029999,157.25,155.75999,155.89,2858200
2016-06-20,157.38,158.38,156.45,156.48,2090800
2016-06-21,157.070007,157.89999,156.66,157.2,1909700
2016-06-22,157.61,158.42,157.16,158.12,2094800
2016-06-23,158.60001,158.78999,156.34,157.029999,2912400
2016-06-24,153.16,157.69,153.10001,155.56,3996100
2016-06-27,154.24001,154.92999,152.55,154.25999,2790800
2016-06-28,154.66,155.92999,153.71001,155.60001,2156300
2016-06-29,156.44,157.28,155.89,157.080002,1942500
2016-06-30,156.96001,157.82001,155.5,157.039993,3091100
2016-07-01,157.19,157.19,155.39999,156.11,2317200
2016-07-05,156.080002,156.14999,154.7,155.25,2807400
2016-07-06,155.2,156.55,154.67,156.0099945,2133200
2016-07-07,158.33,164.16,158.0,163.7,6497900
2016-07-08,164.84,166.10001,164.49001,165.44,3932000
2016-07-11,165.059998,167.49001,165.059998,166.72,2634300
2016-07-12,166.49001,166.92,165.82001,166.28,1642100
2016-07-13,167.0,167.19,166.020004,166.78,1479800
2016-07-14,167.14999,168.0,166.28,166.94,2150100
2016-07-15,167.44,167.44,165.60001,166.41,1962300
2016-07-18,166.56,167.86,165.92,167.50999,1993800
2016-07-19,167.5,168.56,167.39,168.12,1487800
2016-07-20,168.25,168.25999,166.95,168.039993,1336900
2016-07-21,167.42999,167.75,166.3,167.050003,1384600
2016-07-22,167.67999,167.7,166.96001,167.47,1335100
2016-07-25,167.17,168.2,166.39999,167.97,1732200
2016-07-26,167.60001,168.82001,166.7,167.57001,1593900
2016-07-27,167.16,167.5,165.75,166.14999,1440000
2016-07-28,166.25999,166.86,165.8,166.35001,1866500
2016-07-29,166.64,167.67999,166.38,167.22,1359700
2016-08-01,167.14999,168.0,166.89999,167.56,986800
2016-08-02,167.070007,167.53999,164.59,166.5,2107300
2016-08-03,165.92,166.33,165.10001,166.12,1837100
2016-08-04,166.039993,167.74001,165.89,166.55,1638300
2016-08-05,166.86,168.33,166.080002,167.7,1526500
2016-08-08,167.25,167.55,166.47,167.39999,1294400
2016-08-09,167.74001,168.60001,166.88,167.86,1286700
2016-08-10,167.44,168.5,167.050003,168.28999,1104300
2016-08-11,169.11,169.59,167.33,167.88,1497800
2016-08-12,167.16,169.41,167.16,169.039993,1399100
2016-08-15,169.039993,169.27,168.59,168.73,918600
2016-08-16,167.88,168.8,167.88,168.41,1023000
2016-08-17,167.45,168.36,166.92,167.96001,1382500
2016-08-18,168.42,168.71001,167.2,167.75,1353400
2016-08-19,167.21001,168.33,167.10001,168.020004,1764800
2016-08-22,168.34,168.69,167.62,167.94,955000
2016-08-23,168.089996,168.45,167.31,167.36,1003700
2016-08-24,167.14,167.88,166.75999,167.57001,1363800
2016-08-25,167.2,167.41,164.64,164.86,1817700
2016-08-26,165.39,165.64999,163.47,163.92999,2009900
2016-08-29,164.47,164.84,163.39999,163.98,1819200
2016-08-30,164.070007,164.28,161.74001,161.96001,2010700
2016-08-31,161.87,162.57001,161.14999,162.089996,1933200
2016-09-01,159.0,159.0,155.53999,156.21001,6038500
2016-09-02,156.81,159.28,156.8,157.98,2679000
2016-09-06,158.13,158.14999,156.020004,158.059998,2716900
2016-09-07,157.64,157.87,155.39999,155.64,2984100
2016-09-08,155.19,155.49001,152.94,153.47,2993100
2016-09-09,152.59,152.78999,150.7,150.7,2993900
2016-09-12,150.5,151.99001,150.25999,151.69,2982400
2016-09-13,151.17999,151.58,150.070007,150.74001,2148600
2016-09-14,150.71001,152.25,150.2,150.69,2188900
2016-09-15,150.72,152.97,150.11,152.67,2284300
2016-09-16,151.96001,152.66,151.14,152.35001,2842000
2016-09-19,152.13,153.029999,151.60001,151.78999,1321300
2016-09-20,152.42999,152.71001,151.67,152.17,1396700
2016-09-21,152.59,152.89999,151.25,152.7,1535100
2016-09-22,153.029999,154.28,152.67999,153.14999,2502200
2016-09-23,153.14999,153.77,152.17,152.53,2282100
2016-09-26,152.080002,152.28,151.0099945,151.19,1862200
2016-09-27,151.42,151.77,150.0,150.45,2569000
2016-09-28,150.60001,150.67,148.94,149.41,2626300
2016-09-29,149.19,149.69,147.2,147.49001,4501300
2016-09-30,151.78999,154.85001,151.60001,152.50999,7318100
2016-10-03,152.22,152.25,150.32001,151.0099945,3197100
2016-10-04,151.47,151.62,149.49001,150.48,2840500
2016-10-05,150.63,150.92,149.83,149.98,2377700
2016-10-06,150.23,150.64,149.0,149.47,2465500
2016-10-07,149.77,150.19,148.78999,149.99001,2282100
2016-10-10,150.35001,150.85001,149.75,150.28,1587700
2016-10-11,149.67,151.14,149.50999,151.0099945,2596800
2016-10-12,150.97,151.49001,150.39,150.46001,1664500
2016-10-13,149.92999,151.34,149.72,150.22,1795300
2016-10-14,150.17999,151.0,149.28,150.14999,1745000
2016-10-17,150.080002,150.2,148.63,148.7,1988400
2016-10-18,149.50999,149.62,148.41,149.11,1847800
2016-10-19,150.7,151.32001,149.31,149.45,1812000
2016-10-20,149.85001,150.78,149.60001,150.039993,2251200
2016-10-21,149.50999,150.28999,148.5,148.97,2188000
2016-10-24,149.35001,152.32001,149.28999,152.12,2432800
2016-10-25,149.89999,151.97,149.89999,150.99001,2060600
2016-10-26,150.35001,151.41,150.28,150.98,2246100
2016-10-27,150.83,151.46001,149.82001,150.86,1993500
2016-10-28,150.44,150.86,149.38,149.75999,1843900
2016-10-31,148.89,149.35001,147.10001,147.87,3239400
2016-11-01,148.48,148.63,146.38,146.66,2112000
2016-11-02,146.42999,147.34,146.12,146.27,2260500
2016-11-03,146.7,146.7,144.14,144.45,2168200
2016-11-04,143.0,145.0,142.11,142.24001,2702100
2016-11-07,143.38,143.66,142.75,143.53999,3010100
2016-11-08,143.89,146.63,143.8,146.089996,3505200
2016-11-09,143.53999,147.39,143.53999,146.78999,3170200
2016-11-10,147.059998,150.0,146.61,146.7,3944200
2016-11-11,146.61,149.62,145.38,149.36,3218000
2016-11-14,150.92,152.14,149.5,152.0,3890800
2016-11-15,151.98,152.0,150.28999,151.14999,2799900
2016-11-16,152.19,152.55,151.8,152.14,2152300
2016-11-17,151.23,151.39999,149.55,151.2,2098700
2016-11-18,150.84,151.2,149.52,150.36,2020500
2016-11-21,150.55,151.28999,150.12,151.17,1181200
2016-11-22,151.92999,153.050003,151.21001,152.67,1954200
2016-11-23,152.75,153.34,151.17999,151.60001,2166900
2016-11-25,151.89,153.42,151.71001,151.88,886800
2016-11-28,151.050003,152.42999,151.0099945,151.25,1733500
2016-11-29,151.62,152.22,151.33,151.48,1496800
2016-11-30,151.13,151.53999,150.070007,150.11,2750500
2016-12-01,150.11,152.88,150.11,151.74001,2305200
2016-12-02,151.99001,152.87,151.42999,152.089996,1829200
2016-12-05,152.089996,152.23,150.78,151.77,2432100
2016-12-06,151.85001,152.080002,150.42,151.0099945,2245400
2016-12-07,150.60001,153.91,150.48,153.85001,2811300
2016-12-08,156.64,160.89999,156.60001,157.59,5504300
2016-12-09,157.28,159.83,157.25999,159.7,2614700
2016-12-12,158.60001,161.28,158.56,160.33,2299200
2016-12-13,160.85001,162.039993,159.14,159.77,3583300
2016-12-14,160.050003,160.45,158.25,158.99001,2119100
2016-12-15,159.35001,161.5,159.070007,160.11,1811100
2016-12-16,160.49001,161.25,159.85001,160.41,3767100
2016-12-19,162.0099945,164.53,161.64999,163.46001,3231900
2016-12-20,164.32001,164.95,163.5,163.86,2204600
2016-12-21,163.60001,164.029999,163.020004,163.039993,1313400
2016-12-22,163.66,163.67,161.92,162.070007,1965900
2016-12-23,162.17,162.67,161.53,162.080002,1254100
2016-12-27,162.059998,162.75999,161.8,162.050003,1301100
2016-12-28,162.020004,162.85001,160.55,161.0099945,1281000
2016-12-29,160.64999,161.44,160.64999,161.13,858200
2016-12-30,160.89,160.99001,159.67,160.11,1472300
2017-01-03,160.64999,160.99001,158.50999,159.73,2099000
2017-01-04,159.8,160.49001,158.94,159.75999,2163600
2017-01-05,160.95,163.35001,160.63,162.91,2880900
2017-01-06,162.67,162.95,161.13,162.83,2167000
2017-01-09,162.33,162.48,160.72,160.97,2318300
2017-01-10,160.58,162.41,160.50999,161.66,1477900
2017-01-11,161.47,162.38,160.35001,161.53999,1378300
2017-01-12,161.35001,161.96001,160.67,161.87,1296900
2017-01-13,161.99001,162.13,161.35001,161.86,1250100
2017-01-17,161.85001,164.25,161.67,163.81,2430500
2017-01-18,163.64999,164.38,162.59,164.27,1834700
2017-01-19,164.17999,164.8,163.56,163.7,1980400
2017-01-20,164.39,164.77,163.23,164.24001,1897100
2017-01-23,164.050003,164.35001,162.17,163.0099945,1421600
2017-01-24,163.23,163.82001,162.96001,163.67,1347400
2017-01-25,164.2,164.75,163.89999,164.14,1299200
2017-01-26,164.34,164.44,163.39999,164.070007,1180000
2017-01-27,164.56,164.58,160.71001,162.059998,2341100
2017-01-30,162.029999,163.28999,160.60001,163.25,2149800
2017-01-31,162.49001,164.0,162.35001,163.95,1796600
2017-02-01,163.84,163.95,161.81,161.86,2219700
2017-02-02,166.84,168.88,166.16,168.14999,5816300
2017-02-03,167.72,168.84,167.14999,168.32001,3227700
2017-02-06,168.17999,168.17999,166.71001,167.029999,2172800
2017-02-07,167.53,168.080002,166.53,167.52,2732600
2017-02-08,167.5,168.57001,167.5,168.42,2089900
2017-02-09,168.45,171.42,168.17,170.96001,2606900
2017-02-10,171.64999,172.27,170.27,172.0,2070000
2017-02-13,172.49001,172.49001,170.78,171.96001,2272200
2017-02-14,171.66,173.64,171.55,173.63,2244700
2017-02-15,173.17999,175.0,173.059998,175.0,2346500
2017-02-16,175.10001,175.83,174.50999,175.75,2206500
2017-02-17,175.47,176.5,174.48,175.86,2424400
2017-02-21,176.55,177.0,176.0,176.94,2317000
2017-02-22,177.070007,177.089996,175.070007,176.50999,1815200
2017-02-23,176.52,177.039993,175.21001,175.85001,2599900
2017-02-24,175.22,177.71001,175.12,177.56,1684300
2017-02-27,177.33,177.85001,176.55,177.62,2340400
2017-02-28,176.95,177.87,175.48,177.17999,2992100
2017-03-01,177.37,178.71001,177.22,177.86,2352300
2017-03-02,177.5,178.25,176.50999,177.98,3190300
2017-03-03,170.7,171.89,169.89999,170.25999,10396500
2017-03-06,169.41,170.33,166.11,166.73,5793600
2017-03-07,166.53999,168.62,166.53999,167.0,2811900
2017-03-08,167.0,167.41,166.16,166.24001,2375900
2017-03-09,166.39999,166.78999,165.12,165.77,1993700
2017-03-10,166.49001,166.5,164.98,165.37,2164200
2017-03-13,164.85001,165.11,164.3,164.55,2127700
2017-03-14,164.21001,165.32001,164.10001,165.24001,1974400
2017-03-15,165.57001,166.53999,164.83,166.53999,2079700
2017-03-16,166.78,167.67,166.25999,167.059998,2726600
2017-03-17,168.059998,168.35001,167.070007,167.81,3976000
2017-03-20,167.75999,168.28999,166.8,167.44,1603300
2017-03-21,167.50999,168.8,166.64999,166.78,2241900
2017-03-22,167.32001,167.97,167.039993,167.67999,1534200
2017-03-23,168.0,168.42,166.42999,166.89999,1430500
2017-03-24,167.37,167.46001,165.66,166.020004,1410400
2017-03-27,165.53,166.32001,165.32001,166.14999,1212300
2017-03-28,166.11,167.050003,165.14999,166.77,1446400
2017-03-29,166.28,167.48,166.14999,167.42999,1216700
2017-03-30,167.3,168.17999,166.75999,167.89,1034000
2017-03-31,167.59,168.17,167.13,167.69,1720300
2017-04-03,167.74001,168.3,166.39999,166.7,1547900
2017-04-04,166.60001,167.32001,166.11,167.25,1322400
2017-04-05,167.28999,168.39999,166.72,167.0,1715200
2017-04-06,169.67999,172.11,169.31,170.020004,3313800
2017-04-07,169.7,171.0,169.42999,170.62,1510000
2017-04-10,170.2,171.57001,169.85001,171.22,2002300
2017-04-11,170.78999,171.44,169.63,170.63,1191400
2017-04-12,171.42999,171.45,169.69,170.17,1422300
2017-04-13,170.050003,170.62,168.8,168.84,1422500
2017-04-17,168.77,169.75,168.71001,169.7,1504100
2017-04-18,170.050003,170.32001,169.47,170.13,1542700
2017-04-19,170.88,170.92999,169.82001,170.059998,1441300
2017-04-20,170.33,171.17999,169.95,170.14999,1933600
2017-04-21,171.52,171.88,170.64,170.77,2257900
2017-04-24,172.0,172.61,171.33,172.33,1906900
2017-04-25,172.91,173.039993,172.28999,172.67999,1503000
2017-04-26,178.050003,178.27,175.42,176.8,4591300
2017-04-27,177.32001,177.78999,176.42,177.45,2148700
2017-04-28,178.070007,178.070007,176.92999,177.52,2364500
2017-05-01,178.5,178.5,177.33,177.86,3328000
2017-05-02,178.72,178.94,177.94,178.59,2505300
2017-05-03,178.74001,180.46001,178.7,179.82001,2900500
2017-05-04,180.050003,183.17999,180.0,182.45,3762200
2017-05-05,182.77,182.92,179.75999,180.2,3713600
2017-05-08,174.66,174.7,171.60001,172.64,3538000
2017-05-09,173.61,173.92,172.31,172.67999,2662100
2017-05-10,172.029999,172.089996,170.66,171.35001,2554500
2017-05-11,170.78,171.55,170.10001,171.25999,2106000
2017-05-12,171.28999,171.85001,170.32001,170.88,1586800
2017-05-15,170.3,171.98,170.3,171.57001,1733600
2017-05-16,171.96001,171.96001,170.63,171.0,1129200
2017-05-17,170.66,171.5,169.059998,169.14999,2201400
2017-05-18,170.080002,171.020004,169.69,170.72,1589700
2017-05-19,171.35001,172.42999,170.81,171.64,1871800
2017-05-22,172.24001,173.24001,171.63,172.39999,1594100
2017-05-23,172.97,173.53999,172.32001,172.47,1788000
2017-05-24,172.95,173.13,171.8,173.0099945,1420800
2017-05-25,173.47,175.050003,173.3,174.73,2726900
2017-05-26,180.25,180.34,177.52,177.86,4471300
2017-05-30,177.67999,179.39,177.5,178.92,2086300
2017-05-31,179.24001,180.47,178.78,180.42999,2456200
2017-06-01,180.81,181.10001,179.86,180.63,2028300
2017-06-02,180.58,181.25,179.87,180.97,2239900
2017-06-05,181.10001,182.21001,180.60001,182.080002,1561100
2017-06-06,181.7,182.72,181.0099945,181.45,2248900
2017-06-07,181.44,182.24001,181.14,182.2,1246200
2017-06-08,181.92,182.5,180.84,181.41,1823600
2017-06-09,181.71001,181.92999,179.92,180.38,2167600
2017-06-12,179.58,180.87,178.78999,179.64,2395200
2017-06-13,179.89999,180.78999,179.029999,180.50999,1745400
2017-06-14,180.83,181.96001,180.23,181.67,1440400
2017-06-15,180.39,181.33,178.37,180.059998,1753800
2017-06-16,170.39999,170.60001,165.0,167.11,24233000
2017-06-19,167.050003,167.38,162.39,164.34,13809100
2017-06-20,165.5,165.5,162.42999,162.89999,7337600
2017-06-21,163.49001,163.77,162.75,163.14999,3421700
2017-06-22,163.17,163.3,159.0099945,159.78999,8043100
2017-06-23,159.39999,159.8,156.56,157.13,9506700
2017-06-26,158.14999,160.99001,158.10001,160.2,6473900
2017-06-27,160.66,161.55,159.2,159.25999,5533800
2017-06-28,159.59,160.5,159.5,160.17,3234400
2017-06-29,160.21001,160.47,157.8,158.67999,3664200
2017-06-30,159.60001,160.53999,158.78999,159.92999,4755100
2017-07-03,160.21001,160.53,158.69,158.82001,1994300
2017-07-05,158.92999,159.5,157.86,158.020004,3770400
2017-07-06,161.11,161.35001,157.050003,157.089996,6963400
2017-07-07,157.36,157.55,154.089996,154.11,7688400
2017-07-10,153.50999,153.60001,150.96001,151.0,8999800
2017-07-11,151.45,153.089996,150.92999,151.11,6275600
2017-07-12,151.46001,152.89999,151.42,151.75,5112200
2017-07-13,153.23,153.92999,152.62,153.60001,5673500
2017-07-14,154.25999,154.27,152.89999,153.0,4368400
2017-07-17,153.0,153.44,152.52,152.84,3096500
2017-07-18,152.61,152.84,150.94,151.5,3256900
2017-07-19,151.81,152.16,150.89999,151.24001,4100000
2017-07-20,151.47,152.19,150.88,150.99001,3207400
2017-07-21,150.94,151.23,150.0,150.44,4078000
2017-07-24,150.45,151.47,150.11,151.0,3655600
2017-07-25,151.41,153.7,151.39999,153.17,4605700
2017-07-26,153.41,153.5,151.55,152.089996,3017200
2017-07-27,152.0099945,152.99001,151.44,152.52,3637900
2017-07-28,152.67,153.3,152.11,152.89,2779500
2017-07-31,153.080002,158.66,153.029999,158.50999,6937100
2017-08-01,159.10001,159.97,157.91,159.72,4787500
2017-08-02,159.13,161.55,158.44,161.28,5486300
2017-08-03,161.61,162.35001,157.059998,157.91,5562600
2017-08-04,158.34,158.44,155.83,156.44,3117900
2017-08-07,156.5,157.58,155.34,156.95,2629500
2017-08-08,157.10001,159.44,157.029999,157.75,2569200
2017-08-09,157.14,157.57001,156.2,156.86,2157600
2017-08-10,156.17,157.57001,155.37,156.64,2764600
2017-08-11,156.50999,157.8,156.41,156.64999,1887000
2017-08-14,157.59,158.2,156.53999,157.91,2028400
2017-08-15,158.0,158.38,156.78999,156.88,1869100
2017-08-16,157.28,159.88,157.11,159.75999,3381800
2017-08-17,158.48,159.95,157.64,158.57001,2650000
2017-08-18,157.98,158.69,156.92,157.080002,2747900
2017-08-21,157.19,158.17,155.96001,157.070007,1857400
2017-08-22,157.53,159.45,157.53,158.7,2204600
2017-08-23,158.62,159.44,157.78,159.37,1731400
2017-08-24,160.0,160.66,151.089996,151.33,10301700
2017-08-25,152.37,152.94,150.059998,152.45,5703500
2017-08-28,151.89999,153.28,151.2,152.55,3776400
2017-08-29,152.38,153.99001,151.46001,153.56,2446200
2017-08-30,153.71001,154.74001,152.88,154.44,2493500
2017-08-31,156.22,157.25999,153.95,156.74001,4567700
2017-09-01,157.59,158.55,157.2,158.24001,2833500
2017-09-05,157.96001,159.72,157.47,159.14,3413000
2017-09-06,159.19,159.94,158.089996,158.86,2873700
2017-09-07,158.97,159.60001,157.57001,159.28,2479300
2017-09-08,158.37,158.5,155.029999,157.31,3364600
2017-09-11,157.89,158.0,157.059998,157.36,2442500
2017-09-12,157.67,160.64999,157.45,160.039993,2988400
2017-09-13,160.14,163.95,160.0099945,162.99001,4202000
2017-09-14,162.67999,162.67999,161.64,162.37,2493300
2017-09-15,162.24001,162.67,161.7,162.3,3757800
2017-09-18,162.17999,163.46001,160.75999,160.91,2047100
2017-09-19,160.96001,161.66,159.95,161.56,1790800
2017-09-20,161.50999,163.039993,161.25999,162.85001,2432300
2017-09-21,162.92999,162.92999,160.39999,161.48,1738800
2017-09-22,160.89999,162.0,160.37,161.28999,1535900
2017-09-25,160.83,162.7,160.52,162.33,1799600
2017-09-26,162.71001,164.73,162.59,164.070007,2370400
2017-09-27,164.49001,165.32001,163.38,164.42,2053100
2017-09-28,164.47,164.95,163.53999,163.89999,1730200
2017-09-29,163.89999,165.070007,163.75999,164.28999,1852300
2017-10-02,164.92,166.42,164.28999,165.89,2267100
2017-10-03,166.32001,167.28999,165.029999,165.080002,2839400
2017-10-04,165.23,165.92999,164.69,165.21001,1918600
2017-10-05,165.86,167.12,165.25,167.070007,4715400
2017-10-06,159.0,159.46001,156.53999,157.089996,18001200
2017-10-09,157.0099945,157.75,154.11,154.61,7028800
2017-10-10,155.67,157.36,155.080002,156.87,5420200
2017-10-11,157.3,158.96001,157.059998,157.87,3859300
2017-10-12,157.87,157.99001,156.36,157.22,3596300
2017-10-13,157.42,160.080002,157.089996,159.85001,3634500
2017-10-16,159.38,159.8,158.32001,158.81,2453700
2017-10-17,159.0,159.27,157.57001,158.38,2426800
2017-10-18,158.84,158.84,157.31,157.55,3011300
2017-10-19,157.14,158.75999,157.0,158.46001,2981700
2017-10-20,158.97,161.0099945,158.50999,160.77,3993200
2017-10-23,160.85001,162.39,160.58,162.039993,2811200
2017-10-24,161.16,162.89,161.0,162.28999,3040700
2017-10-25,161.0,163.0,160.58,162.17999,3603900
2017-10-26,162.46001,163.55,160.78999,162.46001,3038900
2017-10-27,160.8,162.67999,160.7,162.38,3399900
2017-10-30,161.99001,162.0,159.47,160.23,2550700
2017-10-31,159.84,161.27,159.72,161.080002,2513600
2017-11-01,161.97,163.28999,161.28999,162.69,2129400
2017-11-02,163.73,165.55,162.61,164.95,3255700
2017-11-03,164.16,167.070007,163.78,166.44,3112500
2017-11-06,165.8,166.59,164.98,165.050003,1917300
2017-11-07,165.2,166.5,164.60001,166.28,1944200
2017-11-08,166.63,169.19,166.020004,169.050003,3494300
2017-11-09,167.48,169.31,167.050003,169.11,2094000
2017-11-10,168.44,171.38,168.080002,171.36,2673100
2017-11-13,171.0,173.089996,170.64999,171.46001,4093300
2017-11-14,170.82001,171.83,169.77,171.44,1774300
2017-11-15,169.3,170.73,167.059998,169.0,2439900
2017-11-16,170.23,171.34,169.16,170.98,2342700
2017-11-17,171.0,172.2,170.64999,170.98,2100600
2017-11-20,171.11,172.53,170.85001,172.28,1955000
2017-11-21,172.96001,174.19,172.55,173.42,2360200
2017-11-22,173.84,174.0,171.10001,172.48,1950100
2017-11-24,172.38,173.16,171.5,171.62,789400
2017-11-27,172.25,173.059998,171.12,172.61,2346700
2017-11-28,173.32001,174.17999,172.55,173.64999,2728400
2017-11-29,174.0,177.74001,173.55,177.53,4683000
2017-11-30,180.42999,184.89999,180.22,184.42999,7716600
2017-12-01,183.25999,185.17999,181.13,185.13,4034400
2017-12-04,187.22,189.88,186.56,189.56,5774200
2017-12-05,189.67,191.22,186.85001,187.82001,3182800
2017-12-06,187.62,187.98,185.50999,187.22,3569200
2017-12-07,186.50999,187.8,185.56,186.2,2240800
2017-12-08,186.78999,188.53,185.95,188.070007,1772500
2017-12-11,188.21001,188.89999,187.039993,188.86,1964100
2017-12-12,186.96001,189.12,186.8,188.3,3365700
2017-12-13,188.53,190.12,187.8,188.28,3062900
2017-12-14,188.58,189.74001,186.17,186.53,3743200
2017-12-15,193.41,195.35001,192.0,192.73,8452900
2017-12-18,192.63,194.35001,191.89999,192.31,3492300
2017-12-19,192.91,193.0,187.0,188.33,3959900
2017-12-20,189.039993,189.25999,185.39999,187.50999,3894400
2017-12-21,188.0,188.39999,186.58,186.8,1908100
2017-12-22,187.27,187.48,185.97,186.63,1078300
2017-12-26,186.19,187.34,186.12,186.55,1120000
2017-12-27,186.85001,187.059998,185.8,186.3,1175200
2017-12-28,186.57001,187.020004,186.19,186.62,1017000
2017-12-29,186.46001,187.60001,185.92999,186.12,2028000
2018-01-02,187.23,190.67999,186.74001,188.32001,2509300
2018-01-03,188.82001,192.10001,188.38,190.58,3364400
2018-01-04,192.0,192.3,187.56,189.10001,3525800
2018-01-05,189.42999,189.67999,186.72,187.75,2819000
2018-01-08,187.32001,188.98,187.25,188.48,1961800
2018-01-09,189.0099945,189.3,186.14999,186.28999,2241900
2018-01-10,185.75,186.24001,183.88,185.42,2609500
2018-01-11,185.42999,190.67,185.029999,189.38,4678600
2018-01-12,190.10001,192.17999,190.0,191.84,3499500
2018-01-16,192.35001,192.84,190.89,191.53,2006600
2018-01-17,192.53,192.56,191.34,192.28999,2585200
2018-01-18,192.23,193.029999,191.22,191.50999,1908000
2018-01-19,191.71001,192.64,191.16,192.28999,2353800
2018-01-22,192.5,194.75999,192.059998,194.38,3009100
2018-01-23,193.61,194.10001,192.070007,193.42,2316400
2018-01-24,194.42999,194.75,191.92999,194.24001,2799200
2018-01-25,195.0,198.45,194.74001,197.95,3558700
2018-01-26,197.75,199.23,195.69,198.91,2756200
2018-01-29,198.37,199.88,197.56,198.32001,2031100
2018-01-30,197.59,198.78999,196.080002,197.91,2285000
2018-01-31,197.44,198.47,194.10001,194.87,2682300
2018-02-01,193.41,195.39999,192.44,193.47,2096600
2018-02-02,191.25,193.60001,190.8,190.99001,2386600
2018-02-05,190.66,192.10001,182.53,182.77,3407200
2018-02-06,178.91,185.24001,176.2,185.0099945,4067900
2018-02-07,184.60001,186.19,183.070007,183.19,2594800
2018-02-08,184.50999,184.50999,178.53,178.61,3013200
2018-02-09,179.78,182.070007,175.78999,180.72,2777200
2018-02-12,181.84,183.25999,180.38,181.059998,1596200
2018-02-13,180.22,184.60001,180.050003,184.14999,2123900
2018-02-14,182.71001,188.48,182.31,187.35001,2191000
2018-02-15,188.089996,191.71001,186.57001,191.48,2072900
2018-02-16,191.45,194.62,191.039993,191.56,1969300
2018-02-20,189.87,191.48,187.63,188.12,2202100
2018-02-21,188.53,189.14,185.69,185.75,1747200
2018-02-22,186.35001,188.33,185.66,186.59,1360100
2018-02-23,187.83,189.85001,185.91,189.81,1561700
2018-02-26,190.10001,193.10001,189.92999,192.81,1852400
2018-02-27,193.45,195.52,190.10001,190.10001,2170400
2018-02-28,191.60001,193.75999,190.89,190.89999,2179800
2018-03-01,191.31,192.99001,187.32001,189.029999,2447700
2018-03-02,187.48,190.39,187.22,189.33,2275900
2018-03-05,188.45,191.98,187.5,191.48,2155800
2018-03-06,192.14,192.25,190.070007,191.46001,2458700
2018-03-07,189.21001,189.75,184.78,187.36,5157100
2018-03-08,186.19,186.35001,183.080002,185.69,6061500
2018-03-09,186.5,188.64,184.22,188.58,3288100
2018-03-12,188.27,190.10001,187.55,189.37,2394100
2018-03-13,190.050003,190.12,186.8,187.46001,1964300
2018-03-14,188.78,189.0099945,183.5,184.63,2866000
2018-03-15,184.82001,186.57001,184.16,185.50999,1811300
2018-03-16,186.17999,186.25,184.47,185.87,3569400
2018-03-19,185.63,185.98,182.81,184.14999,2493200
2018-03-20,185.10001,187.58,184.60001,187.35001,1852500
2018-03-21,186.83,187.89,186.059998,186.070007,2048300
2018-03-22,184.89999,185.55,182.5,182.64,2489800
2018-03-23,183.28,184.45,180.83,180.84,2351800
2018-03-26,183.029999,187.56,182.34,187.22,2036600
2018-03-27,187.44,187.66,182.059998,183.14999,2495300
2018-03-28,183.61,184.62,181.23,183.61,2168700
2018-03-29,184.74001,188.64,184.41,188.42999,3016000
2018-04-02,186.91,186.91,181.050003,182.75,3599200
2018-04-03,183.53,184.17,181.35001,182.61,2287000
2018-04-04,181.13,186.35001,180.94,185.52,2111000
2018-04-05,186.7,187.0,184.92999,186.25,1933600
2018-04-06,185.34,187.25,183.10001,183.96001,2259000
2018-04-09,185.2,187.39999,183.5,184.41,1946000
2018-04-10,185.75,185.97,182.17,183.55,2526000
2018-04-11,182.25,186.37,182.22,184.64999,1697300
2018-04-12,185.5,190.039993,185.49001,188.82001,2841600
2018-04-13,189.81,189.83,187.0099945,188.91,1744400
2018-04-16,191.84,195.8,191.38,194.58,3026800
2018-04-17,195.66,196.88,194.73,196.0,2160500
2018-04-18,196.3,197.77,196.12,196.50999,1663100
2018-04-19,196.16,196.39999,193.5,195.070007,2427600
2018-04-20,194.42999,195.67,192.75,193.56,2252800
2018-04-23,193.81,194.38,192.25999,193.35001,1618000
2018-04-24,194.53999,195.36,191.14999,192.50999,1598900
2018-04-25,192.23,194.67,191.39,193.97,1311700
2018-04-26,194.12,196.44,193.34,195.25999,1445800
2018-04-27,194.95,196.92,194.53,196.58,1563100
2018-04-30,197.10001,199.039993,196.39,197.16,2165000
2018-05-01,196.49001,197.080002,193.50999,196.55,1413200
2018-05-02,195.48,195.58,192.45,194.0,2498100
2018-05-03,193.92,193.99001,190.17999,193.0099945,1815500
2018-05-04,192.84,196.39999,191.28,195.19,1704500
2018-05-07,195.78,195.8,192.21001,193.059998,2361900
2018-05-08,192.99001,195.2,192.42,194.48,1908600
2018-05-09,194.14999,196.42,193.14999,196.039993,1999100
2018-05-10,196.050003,196.92999,194.2,195.45,1874200
2018-05-11,195.33,195.98,194.57001,195.75999,1296300
2018-05-14,195.96001,197.27,195.42,195.88,1440900
2018-05-15,194.75999,196.7,193.25999,195.48,2319600
2018-05-16,196.070007,199.35001,195.0,198.71001,2163200
2018-05-17,199.059998,201.35001,197.89,199.60001,2391000
2018-05-18,199.5,199.52,197.78,198.96001,1624600
2018-05-21,199.60001,201.34,199.089996,199.62,1202800
2018-05-22,199.72,201.77,198.83,198.97,1563600
2018-05-23,199.089996,199.089996,196.77,198.14,1635100
2018-05-24,198.28999,199.089996,196.82001,198.89,1176300
2018-05-25,198.89,200.22,197.82001,198.36,1331000
2018-05-29,198.10001,198.84,196.0,196.74001,2298100
2018-05-30,198.16,200.53,197.75,199.64,2390900
2018-05-31,200.22,200.7,197.7,198.24001,4822800
2018-06-01,195.45,198.99001,195.0,197.13,4056400
2018-06-04,197.32001,199.039993,197.25,198.62,1870600
2018-06-05,199.22,199.35001,196.99001,197.84,1868500
2018-06-06,198.0099945,198.39999,196.7,197.66,2066900
2018-06-07,200.5,202.88,199.41,202.57001,2735000
2018-06-08,201.50999,204.0099945,201.0,203.75999,2052500
2018-06-11,203.75999,204.89,203.42,204.5,1684800
2018-06-12,204.25,205.080002,203.23,204.88,1384800
2018-06-13,204.92,205.83,203.21001,204.11,1665800
2018-06-14,204.87,205.73,204.28999,205.12,1685000
2018-06-15,205.39999,207.67,204.57001,207.32001,3879600
2018-06-18,206.0,208.11,205.14999,206.21001,1975000
2018-06-19,204.89999,207.81,204.62,207.53,1940600
2018-06-20,207.75999,208.59,206.96001,207.98,1527700
2018-06-21,208.17,211.11,208.0,209.96001,1825800
2018-06-22,210.37,211.77,210.020004,211.10001,1738600
2018-06-25,210.0099945,212.080002,209.97,211.75,2398600
2018-06-26,212.38,212.46001,209.97,210.089996,2276700
2018-06-27,210.5,212.42,209.61,210.029999,2211700
2018-06-28,210.0,211.19,208.050003,208.71001,1826700
2018-06-29,209.66,210.53,208.32001,208.98,2164600
2018-07-02,208.42,208.82001,206.050003,207.99001,1876100
2018-07-03,208.53,209.91,206.89999,207.12,842100
2018-07-05,208.2,209.28999,207.55,209.14,1436700
2018-07-06,207.14,210.39,206.66,209.62,1523200
2018-07-09,210.52,211.78999,210.0,210.94,1738300
2018-07-10,210.99001,212.7,210.83,211.7,1687800
2018-07-11,211.21001,211.78,209.97,210.95,1472800
2018-07-12,212.53999,214.17,212.22,214.020004,2222000
2018-07-13,214.0,216.64,213.71001,216.53999,1951200
2018-07-16,216.64,217.13,213.89999,214.85001,2078200
2018-07-17,214.059998,216.16,214.0,215.0,2064800
2018-07-18,215.34,215.88,213.60001,214.97,1869500
2018-07-19,214.46001,218.2,214.029999,217.53999,2790800
2018-07-20,216.98,218.94,216.24001,218.69,1793900
2018-07-23,219.88,220.46001,218.2,218.84,1394300
2018-07-24,219.41,220.67999,217.59,218.58,1453900
2018-07-25,217.61,220.82001,217.37,220.7,1560200
2018-07-26,222.0,224.62,220.82001,221.72,1820000
2018-07-27,222.31,222.5,218.75999,219.64999,1596800
2018-07-30,219.039993,220.12,218.61,219.11,1292700
2018-07-31,219.69,220.070007,218.33,218.71001,1888500
2018-08-01,218.64999,219.10001,216.25,217.13,1841300
2018-08-02,215.0099945,221.39999,215.0099945,221.12,1904800
2018-08-03,221.0,222.62,221.0,222.029999,1195700
2018-08-06,221.42999,223.27,221.0099945,222.72,1285500
2018-08-07,223.24001,225.48,222.98,223.86,1428100
2018-08-08,222.86,224.88,222.24001,224.58,2010700
2018-08-09,221.62,222.35001,216.91,218.24001,3637100
2018-08-10,218.14,221.72,217.75,220.31,2830800
2018-08-13,221.029999,221.58,219.059998,219.56,1518900
2018-08-14,220.0099945,222.56,219.86,222.0,1450600
2018-08-15,220.72,222.11,218.77,221.67,1844100
2018-08-16,223.45,224.25999,222.14,223.19,1657700
2018-08-17,222.33,225.88,222.14999,225.67999,1980900
2018-08-20,226.0,228.22,225.97,227.35001,1783700
2018-08-21,229.49001,230.10001,227.7,228.53999,2066700
2018-08-22,228.48,230.23,228.38,229.21001,1267900
2018-08-23,229.0,230.35001,228.57001,229.50999,1337900
2018-08-24,230.0,232.059998,229.60001,231.28,1453200
2018-08-27,232.74001,232.86,228.10001,230.029999,1904100
2018-08-28,230.94,231.83,229.84,230.25999,1882100
2018-08-29,231.78999,232.0,228.73,230.19,1793600
2018-08-30,229.62,231.16,229.44,230.83,1272000
2018-08-31,230.21001,233.52,230.21001,233.13,1881300
2018-09-04,233.14,234.91,233.14,234.67999,1858400
2018-09-05,234.57001,236.17,233.2,235.61,2126000
2018-09-06,235.47,236.77,235.059998,236.67999,1853200
2018-09-07,237.31,242.95,237.2,241.46001,2722400
2018-09-10,243.0,243.8,242.12,243.17999,2817300
2018-09-11,243.92999,245.16,243.17,244.21001,2185700
2018-09-12,245.0,245.12,242.23,242.44,1912000
2018-09-13,242.5,243.99001,241.050003,241.27,2078200
2018-09-14,239.0,239.0,234.47,235.38,3875300
2018-09-17,234.059998,234.59,231.50999,232.0,2884600
2018-09-18,231.98,235.47,231.7,234.35001,2000200
2018-09-19,234.62,234.74001,232.42,233.85001,1581400
2018-09-20,234.60001,235.0,232.32001,233.92,1910100
2018-09-21,234.37,235.84,234.0099945,234.75999,3717800
2018-09-24,234.19,234.85001,232.89999,233.34,1530400
2018-09-25,234.029999,234.66,232.73,232.92999,1889700
2018-09-26,233.57001,235.66,233.45,233.81,2008500
2018-09-27,233.7,235.67,232.34,234.0,1421400
2018-09-28,233.86,235.47,233.78999,234.88,1602800
2018-10-01,235.81,236.53,234.42999,234.64999,1673100
2018-10-02,234.10001,237.57001,233.87,236.35001,1647600
2018-10-03,236.62,237.31,232.73,233.2,2322300
2018-10-04,233.25999,234.0,230.66,231.67999,2862800
2018-10-05,225.0,227.059998,217.78999,218.82001,7379000
2018-10-08,219.34,224.5,219.25999,223.92999,3863500
2018-10-09,224.14999,225.14999,222.56,224.17,2502800
2018-10-10,224.10001,225.0,221.039993,221.050003,3021400
2018-10-11,222.91,225.32001,220.92999,221.82001,3650900
2018-10-12,225.2,227.62,223.39,226.95,3130500
2018-10-15,226.25,226.94,224.25,224.50999,2441900
2018-10-16,224.87,228.25999,224.32001,227.67999,2541800
2018-10-17,228.45,228.88,225.50999,228.49001,2129300
2018-10-18,228.53999,230.64999,226.25,228.58,2624600
2018-10-19,228.89999,230.63,228.72,229.67,2099800
2018-10-22,229.88,230.25,227.27,229.059998,2007300
2018-10-23,227.070007,229.25999,223.82001,228.75,2656700
2018-10-24,225.92999,231.089996,223.089996,223.75999,3100200
2018-10-25,224.059998,227.59,222.84,226.39999,2218900
2018-10-26,222.31,225.0,217.0,218.19,3995400
2018-10-29,219.75,224.89,218.75,222.42,3801400
2018-10-30,223.10001,228.21001,223.0099945,227.92,2410500
2018-10-31,228.64999,230.56,225.56,228.63,2674600
2018-11-01,228.17999,230.8,227.53999,229.60001,2095000
2018-11-02,229.81,232.23,227.17999,230.16,2167200
2018-11-05,230.71001,234.89,229.8,234.45,2513900
2018-11-06,235.0,237.49001,234.17999,236.71001,2101300
2018-11-07,238.75,240.88,236.94,240.37,2603600
2018-11-08,238.50999,239.8,237.029999,238.7,2140600
2018-11-09,237.97,240.25999,237.070007,237.74001,2256700
2018-11-12,237.64,239.2,234.13,234.48,2301400
2018-11-13,234.75,236.42,232.77,234.14,1548100
2018-11-14,237.12,237.12,231.71001,233.31,1896500
2018-11-15,232.32001,232.64999,227.0,229.94,2722300
2018-11-16,229.3,231.12,226.52,231.020004,2822400
2018-11-19,231.61,233.5,227.81,228.74001,1949500
2018-11-20,224.92,225.0,218.050003,219.31,3704800
2018-11-21,220.56,222.029999,217.45,218.57001,2036500
2018-11-23,218.10001,221.17999,217.66,220.059998,1007500
2018-11-26,222.85001,223.48,218.89999,219.45,2205600
2018-11-27,219.37,223.12,218.38,223.0099945,2369800
2018-11-28,222.78,230.46001,222.19,230.34,2765600
2018-11-29,229.0,231.59,228.36,231.0,1478700
2018-11-30,231.69,233.39,229.7,231.28,2764000
2018-12-03,230.72,232.2,228.21001,232.080002,2481500
2018-12-04,232.11,233.3,225.56,226.35001,3418600
2018-12-06,227.94,233.86,226.60001,233.2,4029800
2018-12-07,233.14999,233.81,223.029999,224.86,2881900
2018-12-10,224.53999,225.2,219.11,222.66,2650000
2018-12-11,225.12,227.25,224.0,226.5,2466800
2018-12-12,228.35001,230.45,227.070007,227.8,2891400
2018-12-13,228.84,229.62,225.48,226.50999,2170200
2018-12-14,218.0,219.0,205.50999,207.059998,8822300
2018-12-17,206.67999,208.0,200.66,202.23,4739400
2018-12-18,203.089996,204.67,201.57001,202.99001,3308500
2018-12-19,203.5,207.0,199.86,201.41,3369600
2018-12-20,200.33,200.7,193.67999,197.13,4250900
2018-12-21,197.16,200.7,194.32001,194.52,5080200
2018-12-24,193.89999,195.33,189.8,189.99001,2031700
2018-12-26,190.82001,198.78,189.50999,198.63,3268800
2018-12-27,196.96001,201.13,193.96001,201.080002,2705900
2018-12-28,201.82001,204.95,199.59,202.039993,2037800
2018-12-31,203.38,204.39,201.38,203.71001,1729400
2019-01-02,200.5,205.10001,199.85001,204.75999,2143100
2019-01-03,203.7,205.94,200.039993,200.42,2877700
2019-01-04,203.080002,207.92999,201.45,206.24001,2761600
2019-01-07,205.52,209.12,203.53999,207.0,2226600
2019-01-08,208.64999,209.080002,204.17999,208.55,2366500
2019-01-09,209.14999,211.22,207.92,209.89999,1862900
2019-01-10,208.14999,210.89999,206.0,210.64,2340700
2019-01-11,210.039993,211.25,209.31,210.50999,1861100
2019-01-14,209.47,210.64999,208.16,209.0,1523100
2019-01-15,210.039993,211.34,209.080002,211.029999,1681900
2019-01-16,211.46001,211.46001,209.5,210.17999,1455000
2019-01-17,209.87,211.64999,209.64999,211.46001,1517100
2019-01-18,212.56,214.16,211.77,213.59,2115400
2019-01-22,213.0,215.56,210.8,212.39999,3310800
2019-01-23,213.0,214.85001,210.0,212.089996,2220200
2019-01-24,212.39,212.39,208.89999,210.31,1994400
2019-01-25,212.029999,212.32001,208.74001,209.070007,2252300
2019-01-28,208.67999,210.78999,207.31,210.77,1999400
2019-01-29,210.32001,210.53999,208.57001,210.31,1636500
2019-01-30,210.48,212.17,209.32001,211.35001,1589800
2019-01-31,211.14,214.88,209.72,214.63,4341100
2019-02-01,214.0,215.0,209.37,210.27,3453700
2019-02-04,210.7,211.19,207.89999,211.17999,1630300
2019-02-05,211.49001,212.52,209.64,211.61,2074500
2019-02-06,212.25999,212.25999,210.48,211.60001,1618800
2019-02-07,210.070007,210.10001,206.27,209.050003,2526600
2019-02-08,207.83,208.49001,205.75,207.75,2013700
2019-02-11,208.64999,208.92,206.75999,208.72,2376600
2019-02-12,210.059998,212.75,209.25999,211.89999,2091200
2019-02-13,212.23,213.50999,211.3,212.8,1703000
2019-02-14,212.0,214.55,211.14,213.84,1411100
2019-02-15,215.14999,217.25,214.039993,216.47,2635500
2019-02-19,216.67,219.60001,216.50999,218.12,1938100
2019-02-20,218.23,219.070007,215.059998,217.11,1785600
2019-02-21,216.60001,216.72,214.33,215.23,1615300
2019-02-22,215.17,216.59,214.25,216.28999,1542500
2019-02-25,217.37,219.089996,216.55,217.050003,1794000
2019-02-26,216.89,218.91,216.13,217.61,1884100
2019-02-27,216.50999,218.86,216.45,218.050003,1482700
2019-02-28,218.49001,219.69,217.52,218.74001,2055600
2019-03-01,219.75999,220.57001,215.77,219.44,2178200
2019-03-04,220.42999,221.080002,215.87,218.41,2444700
2019-03-05,218.91,221.61,218.89999,219.82001,2160200
2019-03-06,220.5,221.91,218.23,219.23,1985300
2019-03-07,218.13,219.39,216.22,216.78999,3279100
2019-03-08,225.48,228.7,223.77,227.82001,6782700
2019-03-11,227.53,229.91,227.059998,229.69,3748400
2019-03-12,230.32001,233.39999,229.89999,232.96001,2647100
2019-03-13,234.25,237.45,232.95,236.38,2421200
2019-03-14,236.13,236.38,233.28,233.84,2300300
2019-03-15,234.17,235.64999,233.17999,233.60001,5075400
2019-03-18,233.58,236.67999,233.49001,236.59,1735400
2019-03-19,237.52,238.050003,236.28999,237.050003,1852300
2019-03-20,237.029999,238.49001,235.78,236.98,1499500
2019-03-21,236.67999,239.85001,236.55,239.53999,1617000
2019-03-22,239.75,240.34,236.89999,237.56,1873600
2019-03-25,236.92999,238.080002,235.78999,236.97,1357100
2019-03-26,238.0,240.25,237.36,239.070007,1193000
2019-03-27,238.71001,240.21001,238.16,239.41,1351200
2019-03-28,239.98,241.95,239.58,241.22,1396700
2019-03-29,241.66,242.44,240.77,242.14,1968000
2019-04-01,243.070007,244.41,242.58,244.19,1610200
2019-04-02,244.0,244.19,240.31,240.5,1574300
2019-04-03,241.69,243.55,241.020004,242.48,1663600
2019-04-04,242.17,244.75999,241.25,244.39999,1319700
2019-04-05,244.96001,247.089996,244.0099945,245.87,1616200
2019-04-08,245.99001,246.83,245.2,246.52,1244200
2019-04-09,245.11,245.67999,244.0099945,244.91,1450200
2019-04-10,245.28,246.67,244.71001,245.61,1556600
2019-04-11,243.62,244.17999,240.92,241.24001,2719800
2019-04-12,241.50999,242.72,240.89999,241.95,2187600
2019-04-15,242.37,246.75,241.96001,246.33,1859700
2019-04-16,246.64999,246.82001,244.25,245.34,1360500
2019-04-17,246.3,246.46001,244.32001,245.56,1363000
2019-04-18,246.78999,247.25,244.7,245.81,1365000
2019-04-22,245.19,245.77,242.56,243.42,1300000
2019-04-23,244.64999,246.53,242.21001,245.58,1524600
2019-04-24,245.67999,248.7,245.60001,247.96001,1156400
2019-04-25,246.21001,247.14999,243.94,245.60001,1278200
2019-04-26,245.62,245.89,242.059998,243.82001,1842900
2019-04-29,245.0,245.75,243.49001,244.28,1429700
2019-04-30,244.77,245.78999,243.020004,245.53,1427600
2019-05-01,245.34,245.46001,241.55,241.59,1350400
2019-05-02,241.75999,242.89,240.42,242.69,1237600
2019-05-03,243.27,244.88,242.72,244.62,905900
2019-05-06,242.85001,244.83,242.059998,244.23,1194900
2019-05-07,241.72,242.74001,238.22,240.17999,1775200
2019-05-08,239.56,243.050003,238.19,241.34,1611900
2019-05-09,240.66,244.059998,240.16,243.47,1919300
2019-05-10,242.94,248.55,240.029999,247.020004,2036500
2019-05-13,244.12,244.92999,240.67,241.92,1962800
2019-05-14,242.28999,245.089996,241.81,242.73,1635100
2019-05-15,242.11,245.39999,241.23,244.67,1194800
2019-05-16,245.63,249.73,245.21001,247.44,1800600
2019-05-17,245.88,250.050003,245.59,248.35001,1672000
2019-05-20,247.14999,249.94,247.14999,248.89999,1600500
2019-05-21,249.11,250.83,248.10001,249.92999,1504200
2019-05-22,251.0099945,251.0099945,249.14,249.50999,1242300
2019-05-23,248.63,249.92,247.17999,248.53,1822800
2019-05-24,249.11,249.56,246.77,247.3,1340200
2019-05-28,248.58,250.2,246.14,246.31,3164100
2019-05-29,244.13,244.77,238.91,240.69,2594900
2019-05-30,242.14999,243.58,240.75,241.53999,2030300
2019-05-31,238.98,240.66,233.050003,239.58,4058100
2019-06-03,239.78,241.53999,238.080002,241.070007,2512500
2019-06-04,243.0,245.82001,242.5,245.61,1761500
2019-06-05,246.10001,248.75999,245.020004,247.96001,1825500
2019-06-06,248.0,251.94,247.74001,251.21001,1487800
2019-06-07,251.16,256.60001,251.020004,256.01001,2270200
2019-06-10,256.39999,258.82999,256.10999,256.85001,1839500
2019-06-11,258.91,259.62,256.20999,257.10999,1613500
2019-06-12,257.57999,258.75,255.77,257.23001,1071700
2019-06-13,257.70999,259.87,257.54999,259.70999,1228500
2019-06-14,260.0,261.20001,258.91,260.14999,1287800
2019-06-17,261.13,262.25,260.42999,261.42999,1191900
2019-06-18,263.60999,264.20001,262.049988,262.73999,2763200
2019-06-19,262.31,264.10001,260.94,263.66,1628400
2019-06-20,265.0,267.79001,264.54999,267.35001,1745100
2019-06-21,266.76999,268.94,265.98999,266.13,2964000
2019-06-24,267.31,267.97,266.51999,266.76999,1586100
2019-06-25,266.70999,267.079987,265.35999,266.35999,1182400
2019-06-26,266.45001,266.82001,264.34,264.41,1334400
2019-06-27,264.89999,266.48001,262.98999,265.57999,1122900
2019-06-28,265.5,266.39001,263.35999,264.26001,1952500
2019-07-01,266.42999,267.0,261.84,263.54999,1955800
2019-07-02,263.92001,265.57001,261.67001,265.47,1201300
2019-07-03,265.14001,269.16,265.14001,269.14001,986500
2019-07-05,268.20001,268.60999,266.26999,268.25,1081500
2019-07-08,268.32999,269.69,267.35001,269.39999,1236000
2019-07-09,269.35999,270.78,268.48999,269.97,1400300
2019-07-10,270.049988,271.53,269.34,271.42001,1257000
2019-07-11,272.32999,276.76999,271.81,276.54001,1985600
2019-07-12,276.5,280.0,276.01001,279.44,2046400
2019-07-15,279.94,280.70001,278.89999,280.57999,1568000
2019-07-16,281.0,281.37,279.78,280.64999,1379200
2019-07-17,281.049988,282.85001,280.22,281.56,1716600
2019-07-18,282.20001,283.059998,279.19,282.91,1696100
2019-07-19,283.070007,284.31,281.35001,281.51001,1607600
2019-07-22,281.22,282.32001,279.32001,280.17001,1459100
2019-07-23,281.85001,282.079987,279.019989,280.10001,1117800
2019-07-24,279.82999,281.23999,279.01001,280.82999,1257100
2019-07-25,281.20001,281.94,279.34,279.79999,1600200
2019-07-26,279.79999,281.76999,279.12,281.37,1447700
2019-07-29,281.01001,281.29999,279.54001,280.13,1257400
2019-07-30,280.26999,280.57001,279.10001,279.5,978200
2019-07-31,279.019989,279.72,272.63,275.63,1886900
2019-08-01,275.75,280.92999,274.31,274.57001,2634300
2019-08-02,274.29999,274.94,270.5,272.5,1969200
2019-08-05,270.089996,270.54999,262.70999,265.10001,3329800
2019-08-06,266.47,270.23001,264.049988,269.31,2383000
2019-08-07,268.17999,274.85999,263.59,274.29999,3037500
2019-08-08,273.040009,274.84,271.0,274.79999,2046700
2019-08-09,274.57999,275.47,271.91,273.94,1284300
2019-08-12,274.029999,274.98001,269.29999,271.31,1638600
2019-08-13,271.17999,278.16,270.01001,276.26001,1724600
2019-08-14,274.0,275.35999,268.0,268.14999,2122100
2019-08-15,270.53,272.97,268.76999,271.51999,1623200
2019-08-16,274.10001,276.070007,273.44,274.10001,1230800
2019-08-19,276.41,277.38,274.54999,275.60999,1313400
2019-08-20,276.28,276.35999,272.85001,272.97,1390600
2019-08-21,275.41,276.54001,274.70001,275.67999,1682300
2019-08-22,277.01001,280.98999,276.87,279.92001,2345500
2019-08-23,278.20999,280.13,272.70001,274.01001,1984300
2019-08-26,275.75,278.53,275.69,278.45999,1426400
2019-08-27,281.0,293.44,280.34,292.38,5169000
2019-08-28,293.75,299.95001,292.42001,294.48999,5162100
2019-08-29,297.48001,297.73001,292.76001,296.57001,2613100
2019-08-30,298.0,298.28,292.82999,294.76001,1801000
2019-09-03,292.57001,294.0,290.45999,292.049988,1842900
2019-09-04,294.0,296.29999,293.76999,296.12,1375700
2019-09-05,298.42999,299.70999,296.67999,296.97,1865300
2019-09-06,299.20001,304.64001,298.29001,303.76001,3018100
2019-09-09,304.5,307.34,298.20999,299.0,3397200
2019-09-10,297.38,298.25,294.57999,297.0,2725000
2019-09-11,294.29999,295.73999,287.81,290.69,4754700
2019-09-12,290.34,292.75,288.67999,289.89001,2942600
2019-09-13,290.20001,294.070007,289.85001,291.89999,2306300
2019-09-16,290.57001,291.38,288.34,288.69,1508900
2019-09-17,289.56,291.79001,288.69,291.41,1758900
2019-09-18,290.70001,293.57001,288.79999,292.42999,1666000
2019-09-19,289.48999,289.76001,284.70999,287.82999,3004700
2019-09-20,288.75,289.41,286.14001,286.35999,3409500
2019-09-23,286.35999,288.13,285.75,287.57001,2025400
2019-09-24,289.29999,292.62,286.39999,287.91,2483200
2019-09-25,288.26001,289.67999,286.87,288.51001,1827800
2019-09-26,289.42999,289.81,286.60001,288.26001,1877300
2019-09-27,289.53,289.53,284.39999,285.95001,1538100
2019-09-30,287.70001,288.62,286.57001,288.10999,2151500
2019-10-01,288.040009,288.67999,283.17999,283.92999,2648900
2019-10-02,283.23001,285.79001,282.22,285.10999,2480600
2019-10-03,285.39001,290.85999,281.60001,289.0,3590200
2019-10-04,287.85001,291.95001,283.32001,291.67001,4513300
2019-10-07,291.040009,295.69,290.5,293.41,1988700
2019-10-08,292.95001,295.57999,290.45001,291.89001,2201100
2019-10-09,293.10999,298.57001,293.10999,296.89999,2235500
2019-10-10,298.63,299.48001,296.26001,297.14001,1637500
2019-10-11,298.070007,300.76001,297.35999,297.60001,1855500
2019-10-14,298.0,300.34,297.5,297.51999,1297600
2019-10-15,298.32001,299.64001,297.23001,298.39001,1580700
2019-10-16,296.79999,298.97,295.079987,298.78,1811100
2019-10-17,298.85001,302.60999,298.85001,302.39999,1734600
2019-10-18,302.0,304.0,300.98001,302.85999,1853900
2019-10-21,303.0,303.51001,300.17001,301.079987,1322900
2019-10-22,301.60999,304.88,299.95001,299.97,1955600
2019-10-23,299.57999,300.049988,297.17999,297.32001,1798700
2019-10-24,295.049988,298.28,294.56,297.049988,2056700
2019-10-25,295.51999,297.25,295.10999,296.5,1686200
2019-10-28,295.70001,299.089996,295.20999,298.94,1672600
2019-10-29,298.20999,298.94,295.81,295.85999,1295300
2019-10-30,296.92001,300.25,295.97,299.84,1264300
2019-10-31,298.35999,299.62,294.54999,297.10999,2277400
2019-11-01,297.98999,298.42001,295.5,296.089996,1364500
2019-11-04,297.16,298.22,295.17001,296.82001,1651600
2019-11-05,297.089996,299.69,295.81,299.17999,2204500
2019-11-06,299.97,301.64999,297.92999,301.57001,1675000
2019-11-07,303.92999,307.10001,302.48001,305.20999,2399400
2019-11-08,302.73999,304.29001,301.28,302.62,1501600
2019-11-11,301.54999,302.32999,299.70001,300.84,1160900
2019-11-12,300.82999,302.73001,298.66,300.5,1540800
2019-11-13,300.17999,304.0,299.51999,302.89999,1517900
2019-11-14,304.39001,305.89001,302.26999,304.59,1336400
2019-11-15,305.31,305.44,301.60001,303.66,1706100
2019-11-18,303.10999,306.38,302.75,304.54001,1241300
2019-11-19,304.5,304.64001,301.45001,302.23999,1761400
2019-11-20,302.44,303.17001,298.01001,300.57001,1979500
2019-11-21,300.69,301.87,299.51999,300.26999,1302500
2019-11-22,301.94,301.94,297.23001,299.31,1277300
2019-11-25,300.29001,300.63,297.54999,299.049988,1613000
2019-11-26,299.26001,301.35001,298.82001,301.23999,3359100
2019-11-27,301.82001,302.79001,300.57001,300.76001,1906500
2019-11-29,300.82001,300.89001,299.66,299.81,981600
2019-12-02,299.75,300.20001,294.26999,297.39001,2705500
2019-12-03,295.13,296.19,292.70001,295.67001,1921400
2019-12-04,296.040009,297.16,295.14999,296.51999,1742000
2019-12-05,297.13,297.13,292.5,293.10001,1941100
2019-12-06,294.98001,295.98999,294.26001,294.95001,1462000
2019-12-09,295.0,297.19,294.54999,295.16,1960000
2019-12-10,296.029999,296.69,294.54999,295.78,1565900
2019-12-11,296.0,296.35001,293.049988,295.29999,1749800
2019-12-12,295.26999,297.76001,294.12,297.34,2742700
2019-12-13,294.64001,295.0,289.10001,291.87,5195600
2019-12-16,293.029999,294.45999,292.85001,293.5,2410000
2019-12-17,293.5,296.29999,292.75,295.54999,2474100
2019-12-18,295.98999,296.35999,291.82001,291.87,3309800
2019-12-19,292.059998,293.81,291.5,293.70999,2333600
2019-12-20,293.85001,295.019989,292.78,294.82999,4866500
2019-12-23,294.91,295.31,293.029999,293.31,1309800
2019-12-24,293.91,294.45001,293.35999,294.23001,543600
2019-12-26,294.48999,295.73001,293.89999,295.73001,1101800
2019-12-27,296.22,296.29999,293.17999,294.10999,1439100
2019-12-30,294.20001,295.60999,293.66,295.14001,1238900
2019-12-31,295.0,295.45001,292.17999,293.92001,1550700
2020-01-02,294.059998,294.57999,291.0,291.48999,2103600
2020-01-03,290.049988,292.89999,289.32999,291.73001,1926000
2020-01-06,290.54999,292.070007,288.62,291.81,2655100
2020-01-07,291.32001,291.69,289.28,291.35001,1963400
2020-01-08,290.98999,295.48001,290.5,294.69,2492800
2020-01-09,298.54999,301.95999,297.70999,299.42001,3261200
2020-01-10,300.0,300.26999,296.66,297.23999,2024200
2020-01-13,296.92001,300.64999,296.79999,299.87,1778600
2020-01-14,299.25,301.0,298.57999,299.75,1459900
2020-01-15,298.35001,301.040009,298.040009,300.82001,1604000
2020-01-16,301.39001,304.059998,300.98001,303.029999,1758600
2020-01-17,303.39999,305.29999,303.029999,304.67999,2506500
2020-01-21,306.20001,313.34,305.76001,313.26001,3585900
2020-01-22,313.39999,313.56,310.20999,311.89001,2218900
2020-01-23,312.019989,313.39999,310.73001,312.88,1535900
2020-01-24,314.019989,314.28,309.10001,310.51001,1986100
2020-01-27,306.14999,311.76999,305.64999,309.45001,2265100
2020-01-28,310.51001,311.70999,309.10001,310.85001,1571700
2020-01-29,310.85999,311.97,309.39001,309.57999,1713700
2020-01-30,308.84,309.64001,306.67001,309.47,1232600
2020-01-31,308.54999,309.17999,304.56,305.51999,1837000
2020-02-03,307.0,308.57999,301.67001,302.0,2816800
2020-02-04,304.57001,305.91,302.76001,304.89999,1982300
2020-02-05,307.0,309.59,305.39999,308.95001,1731800
2020-02-06,309.35001,311.84,307.85001,310.60999,1917900
2020-02-07,310.0,313.81,309.12,313.63,1903500
2020-02-10,313.76001,316.94,312.60001,313.79001,2336300
2020-02-11,314.029999,314.42999,310.47,310.67999,2047500
2020-02-12,310.76999,315.48001,310.76999,315.12,1384600
2020-02-13,314.85001,318.79001,313.54001,318.20001,1438000
2020-02-14,318.87,319.81,316.95001,318.31,1113400
2020-02-18,319.0,323.48001,318.60999,322.049988,1547100
2020-02-19,322.079987,324.53,321.73001,323.019989,1413600
2020-02-20,322.32001,325.070007,321.01001,324.079987,1427500
2020-02-21,322.56,325.26001,321.029999,321.95001,2239000
2020-02-24,315.5,320.0,313.26001,313.62,2300400
2020-02-25,315.0,316.57001,304.39999,304.87,2881800
2020-02-26,307.54999,311.29999,304.67999,305.69,2236000
2020-02-27,301.98001,305.0,293.0,293.13,3625300
2020-02-28,285.25,287.32999,271.28,281.14001,7091800
2020-03-02,294.44,309.51001,291.38,309.14001,7563800
2020-03-03,309.14001,314.17001,301.029999,302.73001,5131400
2020-03-04,308.29001,320.97,305.019989,320.73999,4219300
2020-03-05,315.76999,324.51001,313.20001,315.76001,6407700
2020-03-06,312.14001,317.48999,302.75,311.34,6185500
2020-03-09,295.85001,310.32999,293.0,301.98001,5203100
2020-03-10,307.97,309.73001,294.42001,309.39999,4245500
2020-03-11,300.85999,307.79001,294.19,297.42999,3622700
2020-03-12,280.44,295.63,276.34,279.85001,7307600
2020-03-13,288.82999,303.25,278.26999,302.26999,6100100
2020-03-16,281.82999,299.53,279.51001,283.17999,5465500
2020-03-17,289.0,307.19,286.29999,306.98999,7170600
2020-03-18,298.0,318.0,296.0,307.5,6701800
2020-03-19,310.41,313.85001,302.63,305.22,5429500
2020-03-20,307.92001,308.01001,287.019989,290.42001,6581200
2020-03-23,292.01001,295.67001,278.42001,285.53,5646400
2020-03-24,294.59,297.35001,282.82999,284.94,7124200
2020-03-25,284.20999,290.72,279.20999,280.85999,5639600
2020-03-26,281.34,293.73001,280.85999,292.29999,5463100
2020-03-27,287.13,293.48999,283.32999,284.32999,4250400
2020-03-30,287.48999,291.67999,285.84,291.12,4396000
2020-03-31,287.42001,291.51999,284.0,285.13,5618600
2020-04-01,282.35999,288.79999,280.89999,286.78,3745800
2020-04-02,284.38,292.78,282.82001,291.48001,3500600
2020-04-03,289.16,292.34,285.79999,288.64999,2650100
2020-04-06,293.0,305.48999,289.57001,305.12,5272500
2020-04-07,306.5,310.0,303.22,303.63,4036500
2020-04-08,305.10999,307.42001,302.28,305.97,3964400
2020-04-09,299.45001,304.35001,297.57999,300.01001,6487600
2020-04-13,298.57999,303.95001,297.66,299.62,3120400
2020-04-14,302.75,314.75,301.25,314.14001,4288300
2020-04-15,311.64001,313.75,306.82001,310.26999,2937300
2020-04-16,314.73001,322.63,312.040009,321.56,3940000
2020-04-17,321.31,322.13,314.019989,317.92001,3688000
2020-04-20,317.95001,318.38,311.53,312.079987,3156300
2020-04-21,311.14001,311.89001,299.35001,301.32999,3833000
2020-04-22,304.0,311.13,302.040009,309.42001,2970600
2020-04-23,307.029999,309.64001,304.79001,305.39999,2625200
2020-04-24,307.32999,310.82999,305.51001,310.54999,2019400
2020-04-27,313.049988,313.29001,307.59,308.78,2287300
2020-04-28,310.82999,311.26999,304.28,304.95001,2425900
2020-04-29,304.95001,308.67999,301.12,307.089996,3667700
2020-04-30,306.14999,307.89999,302.57001,303.0,3794300
2020-05-01,301.78,304.82001,300.17999,301.92001,2525400
2020-05-04,303.0,305.53,300.070007,304.48999,2477500
2020-05-05,305.059998,309.79999,303.44,307.92001,2460900
2020-05-06,309.92001,311.040009,306.54001,308.89001,2406700
2020-05-07,309.34,309.87,304.53,305.0,2601800
2020-05-08,305.89999,307.17999,303.70001,305.94,2337400
2020-05-11,305.64001,311.82999,305.0,310.32999,1865900
2020-05-12,310.84,311.54999,304.79001,304.84,2264900
2020-05-13,304.84,306.39999,300.12,302.14001,2954900
2020-05-14,301.01001,302.88,294.54001,299.73999,3718900
2020-05-15,299.070007,299.82999,295.85999,299.20999,4577200
2020-05-18,301.72,303.19,299.92001,302.76001,3987300
2020-05-19,304.62,309.019989,303.14999,304.63,3523000
2020-05-20,306.76999,307.92001,303.20001,304.91,2827000
2020-05-21,304.79001,305.040009,301.25,301.97,2492100
2020-05-22,302.01001,303.94,300.82999,302.42999,2366400
2020-05-26,306.01001,306.89999,303.53,304.79999,3234600
2020-05-27,304.56,306.31,299.47,306.01001,2980200
2020-05-28,307.25,311.0,306.89999,309.56,4301900
2020-05-29,304.20001,308.88,302.35001,308.47,4971800
2020-06-01,307.89999,309.73999,306.45999,308.29001,2293700
2020-06-02,307.95001,309.019989,304.72,307.089996,2528900
2020-06-03,307.5,308.20001,305.92001,306.64001,2165900
2020-06-04,310.85001,315.35001,309.089996,310.75,4553900
2020-06-05,313.13,313.63,307.29001,312.040009,4375600
2020-06-08,310.66,311.29001,306.45999,307.19,3764500
2020-06-09,307.5,308.60001,305.17001,305.54999,3155800
2020-06-10,306.48001,308.63,305.64999,307.32999,2713700
2020-06-11,306.98999,309.20001,300.64001,300.82999,3443000
2020-06-12,302.67001,305.14999,296.25,298.70001,4020000
2020-06-15,297.049988,298.070007,293.84,297.17999,3266800
2020-06-16,301.35001,302.73999,299.22,301.35999,2633800
2020-06-17,301.019989,302.0,298.89999,299.60999,2188400
2020-06-18,300.0,300.81,297.79001,299.57001,1881800
2020-06-19,300.17999,301.89999,298.64001,299.89999,3438000
2020-06-22,299.70001,301.48001,298.25,300.45001,2094400
2020-06-23,301.73001,304.89999,300.73001,301.29001,2409600
2020-06-24,300.76999,301.28,296.60001,298.019989,2398100
2020-06-25,297.059998,301.14999,295.39999,300.53,2274300
2020-06-26,300.41,302.12,295.95001,296.56,2866000
2020-06-29,297.44,301.63,296.82999,301.59,1841700
2020-06-30,301.01001,304.62,300.14001,303.20999,2391700
2020-07-01,302.5,305.57999,300.75,304.75,1906100
2020-07-02,306.0,308.92001,304.60001,305.73999,2540500
2020-07-06,307.53,311.56,307.23999,311.48999,2332400
2020-07-07,310.019989,318.049988,309.72,316.23001,3346600
2020-07-08,317.14001,318.049988,314.01001,316.32001,2364500
2020-07-09,320.0,328.98001,319.67999,325.54001,5313600
2020-07-10,326.0,327.39999,323.10999,326.23001,2484100
2020-07-13,326.29999,329.10999,321.5,322.92001,2583200
2020-07-14,321.32001,328.66,320.45001,328.0,1844800
2020-07-15,328.10001,329.32001,325.62,326.70001,1770700
2020-07-16,326.62,327.89999,324.059998,326.26999,1402000
2020-07-17,327.29999,327.79999,324.57999,324.79001,1768100
2020-07-20,324.89001,327.44,322.66,326.51001,1863300
2020-07-21,327.0,331.48999,326.5,327.73999,1874200
2020-07-22,329.64999,329.66,325.01001,328.29999,1312600
2020-07-23,328.10001,330.38,325.32999,326.10999,1561700
2020-07-24,326.22,328.75,324.67001,325.78,1423400
2020-07-27,325.67999,329.0,325.17999,327.60001,2083300
2020-07-28,327.97,330.0,325.82001,327.57001,1374000
2020-07-29,327.019989,328.040009,325.39001,326.14001,1341300
2020-07-30,322.69,326.45001,322.0,324.82001,1390300
2020-07-31,324.82001,326.31,322.54999,325.53,2149900
2020-08-03,325.54999,329.89001,324.29999,329.32001,2480200
2020-08-04,329.56,339.82001,328.92001,339.79001,3933300
2020-08-05,341.85999,342.73001,337.59,339.97,2923700
2020-08-06,342.41,345.12,341.60999,343.31,2104300
2020-08-07,343.14001,344.73001,339.63,340.91,1759000
2020-08-10,340.70999,341.070007,338.57999,340.0,1503800
2020-08-11,340.85001,340.85001,331.79999,332.42999,2065600
2020-08-12,333.75,338.89999,333.17001,336.76001,1853900
2020-08-13,336.98999,339.45999,335.13,335.70001,1536500
2020-08-14,336.53,338.76001,335.60001,336.28,1522900
2020-08-17,337.64999,340.37,337.35999,339.95999,1504700
2020-08-18,341.0,342.79999,336.81,340.75,1489400
2020-08-19,341.12,341.94,339.95001,340.89999,1730100
2020-08-20,340.14001,341.66,338.73999,340.87,1717500
2020-08-21,340.070007,345.84,339.32999,344.60999,2372600
2020-08-24,345.10999,346.10999,342.10999,344.13,1461500
2020-08-25,344.14001,344.91,341.45999,344.70999,1176200
2020-08-26,343.01001,344.82999,341.69,344.26999,1757000
2020-08-27,345.60999,347.73999,342.54999,346.35999,2220700
2020-08-28,347.47,349.059998,345.5,348.37,1487300
2020-08-31,346.85001,348.75,344.29001,347.66,1586900
2020-09-01,345.70999,351.48999,345.41,351.38,1773700
2020-09-02,353.60999,359.92001,351.31,358.85999,2434900
2020-09-03,363.070007,363.67001,345.51999,348.29999,3630400
2020-09-04,353.98001,353.98001,340.39999,346.57001,2557000
2020-09-08,343.84,344.92001,338.17999,338.85999,2144300
2020-09-09,340.89999,349.70001,340.39001,346.42999,2100900
2020-09-10,346.26999,348.0,338.76001,339.53,1959600
2020-09-11,340.28,343.26001,336.10001,339.13,1599600
2020-09-14,340.98999,344.84,340.47,342.92001,1522300
2020-09-15,345.019989,347.76001,342.75,343.91,1362500
2020-09-16,347.26999,348.76001,343.25,343.73001,1656500
2020-09-17,339.57999,342.89001,336.37,338.88,2681500
2020-09-18,340.20001,341.22,331.20001,335.95999,3409300
2020-09-21,333.97,339.62,333.70999,339.57001,2427400
2020-09-22,340.70001,344.89999,339.59,344.45001,2128100
2020-09-23,348.0,348.25,344.059998,344.63,3577100
2020-09-24,345.0,347.32999,338.31,347.0,5779300
2020-09-25,340.73999,343.76999,335.35999,342.57999,7338500
2020-09-28,343.76001,349.76999,343.10001,349.62,3459200
2020-09-29,348.95001,354.29001,347.10001,352.14001,2526000
2020-09-30,352.56,357.70001,351.17001,355.0,2525800
2020-10-01,356.26001,359.69,354.82001,358.45999,2053000
2020-10-02,354.73001,357.84,352.85001,355.01001,2125000
2020-10-05,355.32999,358.98001,355.32999,358.57999,2093500
2020-10-06,361.89999,363.0,357.040009,358.35001,2760400
2020-10-07,360.47,364.73999,359.66,363.019989,1959100
2020-10-08,364.79999,365.97,361.75,365.089996,1793100
2020-10-09,366.0,369.75,365.70001,369.45999,1730700
2020-10-12,371.0,380.66,370.76999,376.48001,2806900
2020-10-13,378.42001,382.29001,376.48001,380.67999,1823300
2020-10-14,382.89001,383.87,376.70001,378.34,1904400
2020-10-15,376.45999,378.35999,373.059998,376.57999,1697800
2020-10-16,380.5,384.87,379.12,381.54001,2459400
2020-10-19,382.029999,383.089996,374.70999,375.56,1938100
2020-10-20,377.69,382.079987,376.12,378.31,1282300
2020-10-21,378.56,381.28,377.019989,377.82001,1466500
2020-10-22,377.35001,378.38,372.029999,375.75,1813200
2020-10-23,375.60999,376.51999,373.56,374.60001,1108000
2020-10-26,366.67999,372.63,366.12,370.70999,2145000
2020-10-27,368.76999,374.91,368.76999,372.72,1525400
2020-10-28,367.32999,372.41,364.67001,364.95999,1908300
2020-10-29,363.23001,369.089996,362.51001,364.85999,1838500
2020-10-30,361.13,363.85001,355.79001,357.62,2724100
2020-11-02,362.22,365.66,360.70999,364.39001,1646300
2020-11-03,368.94,374.79999,367.89001,371.95999,2013100
2020-11-04,374.019989,381.64001,374.0,376.17001,2449800
2020-11-05,382.48001,386.57999,379.5,385.23001,2255800
2020-11-06,381.88,386.79999,380.89001,385.66,1950200
2020-11-09,388.25,389.5,364.76001,365.0,4371300
2020-11-10,363.88,371.54001,360.59,366.62,2662600
2020-11-11,369.67999,374.70001,368.16,372.92001,1688800
2020-11-12,376.95001,378.23999,373.5,375.70999,1535900
2020-11-13,376.51999,379.82999,374.98999,378.84,1274600
2020-11-16,376.91,381.28,376.91,379.79001,1691500
2020-11-17,387.32001,388.48001,381.79001,381.92001,3299100
2020-11-18,382.89001,388.049988,381.73001,382.23001,2134600
2020-11-19,383.60999,384.70999,380.31,383.54001,1768900
2020-11-20,383.95001,385.5,381.01001,381.12,1807600
2020-11-23,383.0,383.059998,380.34,381.70999,1679600
2020-11-24,383.69,386.049988,380.70999,384.22,2061100
2020-11-25,385.79001,388.34,385.56,387.75,2034200
2020-11-27,390.45999,390.67001,387.75,388.39001,1329400
2020-11-30,391.75,393.14999,385.23001,391.76999,3733800
2020-12-01,384.5,388.070007,381.17999,387.56,2996800
2020-12-02,385.47,386.88,381.57001,383.5,2212800
2020-12-03,378.0,378.73001,373.28,374.049988,3976400
2020-12-04,375.20999,375.31,371.89001,373.42999,2839700
2020-12-07,374.26999,376.5,372.64999,373.32999,2652900
2020-12-08,373.95001,379.51999,370.75,377.60001,2685500
2020-12-09,379.88,381.0,372.79999,374.29001,2461600
2020-12-10,374.29001,375.0,371.56,372.79001,2566300
2020-12-11,379.76999,379.76999,372.54001,375.10001,3483900
2020-12-14,376.56,378.17999,373.20999,374.38,2778400
2020-12-15,374.5,375.69,369.29999,371.88,2133900
2020-12-16,371.16,372.84,368.85001,369.44,2385100
2020-12-17,370.26001,370.97,368.0,370.29001,2314200
2020-12-18,371.10001,371.35999,365.92999,367.0,4140000
2020-12-21,365.089996,366.12,361.81,364.97,2329700
2020-12-22,364.10001,364.76001,360.60999,362.029999,2105500
2020-12-23,362.45001,363.10001,359.5,361.89001,1782100
2020-12-24,361.41,365.34,361.41,364.57999,972500
2020-12-28,365.5,371.69,365.079987,371.059998,3207700
2020-12-29,372.25,373.26001,370.26001,372.72,2072600
2020-12-30,374.20001,375.85999,373.28,374.45001,1778000
2020-12-31,374.98999,377.040009,372.45999,376.78,1628900
2021-01-04,377.42999,381.54999,374.81,380.14999,3322200
2021-01-05,378.85999,380.20999,375.25,375.73999,2748400
2021-01-06,373.82001,375.79999,369.64999,370.019989,2661400
2021-01-07,371.01001,371.64999,366.79001,367.92001,2849500
2021-01-08,368.12,370.26001,364.29001,369.94,2599700
2021-01-11,368.57999,371.0,363.85999,364.01001,2562500
2021-01-12,364.0,365.070007,360.25,364.20001,2387600
2021-01-13,364.37,368.73999,363.0,366.95001,1968800
2021-01-14,366.0,366.5,361.56,362.35001,2363900
2021-01-15,361.059998,364.91,360.79999,362.16,2340400
2021-01-19,362.35999,362.95001,352.44,354.47,4533800
2021-01-20,354.39001,361.89999,353.41,361.29999,2767200
2021-01-21,361.29999,363.98999,359.94,362.79999,2121600
2021-01-22,363.20001,364.63,359.85001,362.29999,1960300
2021-01-25,360.85999,361.95999,356.82001,361.88,2735900
2021-01-26,360.20001,365.89999,358.88,364.98001,1807000
2021-01-27,362.98999,365.79999,354.85001,356.39001,3120800
2021-01-28,356.85001,361.60999,356.070007,357.059998,2251100
2021-01-29,354.75,356.29001,351.88,352.42999,2598700
2021-02-01,351.20999,352.79001,349.20999,350.51999,2371200
2021-02-02,351.76001,357.70001,350.72,355.57999,1905000
2021-02-03,356.23001,357.53,353.20999,355.20999,1759800
2021-02-04,356.70999,358.38,353.85001,355.85001,3411600
2021-02-05,356.54999,356.85001,354.10001,355.17001,2165600
2021-02-08,356.57001,360.040009,355.57001,359.82999,2520700
2021-02-09,360.040009,361.67001,358.29999,359.56,2154000
2021-02-10,361.0,361.0,355.12,356.12,2162400
2021-02-11,355.73001,356.5,351.39001,352.20001,2088400
2021-02-12,351.98999,352.98001,350.10001,352.75,2096600
2021-02-16,353.079987,355.35999,352.040009,354.0,1829000
2021-02-17,353.10999,358.17001,351.91,358.040009,2143000
2021-02-18,352.28,358.20001,352.28,356.92001,1914900
2021-02-19,356.69,357.92999,354.57999,354.76999,1839400
2021-02-22,352.75,353.29001,348.82001,350.20999,2215600
2021-02-23,349.79999,351.0,342.029999,342.14999,3692600
2021-02-24,341.79001,342.5,337.89001,340.70001,3305800
2021-02-25,340.85001,343.0,333.35001,333.89999,3618100
2021-02-26,335.51001,335.89001,330.94,331.0,3362200
2021-03-01,335.20999,336.0,331.35999,331.76999,4653200
2021-03-02,333.69,334.69,328.42001,328.45999,4660100
2021-03-03,328.17001,328.42001,323.76001,323.92001,4064200
2021-03-04,323.37,325.60001,315.040009,319.040009,5501200
2021-03-05,315.32999,318.42999,307.0,317.32001,8102800
2021-03-08,318.91,322.32999,310.92001,311.42001,4873500
2021-03-09,313.76001,320.28,312.70999,318.78,5426800
2021-03-10,321.14001,327.39001,317.32001,323.82999,4523500
2021-03-11,330.41,331.25,326.72,328.64999,4338900
2021-03-12,328.10001,331.63,325.60001,331.14001,3182100
2021-03-15,333.60001,333.67999,327.32001,330.51001,3243000
2021-03-16,329.67001,330.029999,326.64001,327.25,3066700
2021-03-17,326.0,330.5,324.12,329.19,2672400
2021-03-18,326.48001,328.14001,322.38,322.98001,2736900
2021-03-19,323.60999,329.25,322.39001,328.91,4859300
2021-03-22,328.45001,336.17001,328.19,334.48999,4064900
2021-03-23,333.89001,342.51001,333.79999,340.34,3641200
2021-03-24,342.22,342.51001,336.82999,338.040009,3006400
2021-03-25,337.81,347.78,337.26999,346.34,4307100
2021-03-26,346.20999,352.45999,344.10001,352.019989,3061200
2021-03-29,351.45001,357.76999,351.01001,356.14999,3012000
2021-03-30,353.57999,354.76999,348.84,349.75,2602400
2021-03-31,350.66,357.45001,349.23001,352.48001,2832200
2021-04-01,352.54001,357.32001,351.63,354.94,2938600
2021-04-05,357.5,362.67001,356.84,360.82001,2705700
2021-04-06,359.79999,362.79999,359.0,360.12,2142000
2021-04-07,360.87,361.45999,357.60999,358.81,1808400
2021-04-08,362.79999,366.019989,359.60001,361.22,2839200
2021-04-09,360.91,363.70999,359.60001,363.20999,1610800
2021-04-12,362.84,365.25,361.34,364.81,1836600
2021-04-13,365.34,367.29999,364.26999,365.20999,1796400
2021-04-14,364.85001,364.85001,362.54999,363.17001,1509400
2021-04-15,364.88,369.54999,364.26999,368.79999,1850100
2021-04-16,369.70001,372.79999,368.57999,370.72,2249200
2021-04-19,371.0,371.53,368.20001,369.54999,1560000
2021-04-20,369.0,375.35999,368.73001,371.73001,2330700
2021-04-21,371.60999,374.57999,371.47,374.089996,1531800
2021-04-22,374.34,375.44,370.029999,371.26001,2138000
2021-04-23,371.26001,374.85001,370.41,373.28,1404500
2021-04-26,373.89999,373.89999,368.20999,368.51999,2059700
2021-04-27,368.17001,370.95999,365.29001,370.20999,1875900
2021-04-28,369.54999,370.5,368.17999,369.59,1305600
2021-04-29,368.54001,374.70999,368.53,373.54001,1848300
2021-04-30,372.91,374.16,371.32999,372.089996,2118900
2021-05-03,373.84,379.62,372.89001,379.32001,2685800
2021-05-04,379.029999,379.23001,373.75,375.29001,2133800
2021-05-05,376.35001,377.51999,372.049988,372.5,1905300
2021-05-06,373.19,382.94,373.19,382.76001,2641400
2021-05-07,382.82999,386.45001,382.20001,384.32001,1817100
2021-05-10,385.48999,387.89001,381.28,381.48001,1998700
2021-05-11,379.31,380.92001,376.0,378.17999,1859700
2021-05-12,376.0,376.94,371.10999,372.20001,2344600
2021-05-13,373.089996,381.44,371.57001,379.53,2023100
2021-05-14,382.14001,385.82001,380.10001,384.42001,1876100
2021-05-17,385.040009,387.049988,382.89999,383.95999,1830800
2021-05-18,386.45001,389.45001,382.51001,382.81,1698200
2021-05-19,377.14999,381.73001,376.13,379.66,1725000
2021-05-20,379.17999,384.51999,378.28,383.57999,1427300
2021-05-21,385.049988,385.35001,380.42999,380.72,1706600
2021-05-24,384.34,385.76001,381.89001,383.45001,1657000
2021-05-25,383.62,385.73999,382.029999,385.38,1379700
2021-05-26,385.85999,387.75,385.019989,385.62,1648000
2021-05-27,385.13,387.76999,383.5,387.5,4452000
2021-05-28,384.14999,385.31,377.029999,378.26999,4681200
2021-06-01,379.92999,380.20001,375.5,378.23001,2117800
2021-06-02,378.38,381.92001,377.70999,380.59,1881000
2021-06-03,379.64001,384.19,378.85999,383.87,1780300
2021-06-04,384.19,387.76001,383.70999,387.51999,1765900
2021-06-07,385.47,386.45001,378.57001,380.39999,2515800
2021-06-08,380.41,381.20999,377.69,379.70001,1553800
2021-06-09,380.20999,381.78,379.13,379.95999,1398900
2021-06-10,380.26999,383.35999,379.48999,383.01001,1404000
2021-06-11,383.85999,383.85999,380.53,381.82999,1404200
2021-06-14,380.79001,383.98001,379.079987,383.76001,1652600
2021-06-15,383.76001,384.5,381.56,383.91,1252000
2021-06-16,384.39999,386.44,377.12,379.41,1801700
2021-06-17,380.38,386.47,379.20999,384.75,1686500
2021-06-18,384.75,384.91,380.29999,380.88,3415700
2021-06-21,382.25,387.64999,380.56,386.79999,1631600
2021-06-22,387.019989,392.5,386.56,392.17999,1934800
2021-06-23,393.0,393.44,390.59,391.97,1538000
2021-06-24,393.42001,395.5,391.79999,392.070007,1487300
2021-06-25,392.97,394.54999,391.25,394.51001,2056100
2021-06-28,395.0,397.42001,393.13,396.54001,1645500
2021-06-29,396.29999,399.44,395.47,398.79001,1523600
2021-06-30,397.97,400.47,395.0,395.67001,2031700
2021-07-01,396.29999,397.69,393.88,394.53,1523400
2021-07-02,396.20999,400.76999,396.10999,398.94,1676600
2021-07-06,399.84,401.39999,397.10999,398.85999,2113100
2021-07-07,399.20001,406.12,399.20001,404.67999,2308600
2021-07-08,403.5,408.64001,403.16,407.14999,2235500
2021-07-09,408.54999,414.0,407.59,412.37,2304200
2021-07-12,414.040009,414.35001,404.53,407.88,2491300
2021-07-13,404.70001,409.29001,404.70001,407.059998,1540300
2021-07-14,408.57999,410.47,407.26001,409.95001,1265800
2021-07-15,410.45999,412.20001,407.88,411.82001,1894100
2021-07-16,412.12,413.42001,409.76999,410.37,1413900
2021-07-19,410.059998,415.32001,410.049988,414.14999,2293100
2021-07-20,414.0,418.070007,412.85001,416.23999,2045400
2021-07-21,417.10999,417.10999,412.22,415.01001,1480000
2021-07-22,416.0,418.60001,413.54999,417.54001,1339200
2021-07-23,418.29001,423.98999,417.049988,423.42999,1344500
2021-07-26,423.39999,424.5,420.35001,423.23001,1220000
2021-07-27,424.0,424.56,421.60001,424.34,1666500
2021-07-28,423.26999,424.85999,420.54001,422.22,1362700
2021-07-29,421.67999,425.85001,420.35999,425.28,1434200
2021-07-30,425.98001,431.5,425.94,429.72,2283900
2021-08-02,430.62,430.70999,425.48001,428.92001,1366900
2021-08-03,429.92001,436.79999,429.12,435.070007,1448100
2021-08-04,436.0,437.98999,432.89001,435.040009,1280500
2021-08-05,437.75,443.5,436.73001,443.19,1742600
2021-08-06,442.73001,443.45999,438.89999,439.63,1789800
2021-08-09,440.64999,442.78,439.31,440.47,1472500
2021-08-10,440.66,443.79999,440.66,443.029999,1893700
2021-08-11,445.5,448.0,441.79999,444.29999,2267500
2021-08-12,443.0,446.63,442.25,445.35999,1230700
2021-08-13,445.78,448.35999,444.54001,447.82001,1309300
2021-08-16,447.91,453.19,447.049988,452.85999,1515600
2021-08-17,452.85999,453.78,449.70001,452.34,1936700
2021-08-18,450.95999,455.23999,445.89999,446.20999,2030100
2021-08-19,442.95001,455.5,441.31,454.26001,1953700
2021-08-20,455.48999,460.62,453.66,458.98999,1911200
2021-08-23,457.26999,459.059998,454.59,454.92999,1835900
2021-08-24,455.25,455.39001,450.29999,451.79001,1541700
2021-08-25,450.82999,452.82001,447.32001,451.23001,1520600
2021-08-26,451.23001,452.48001,446.70001,449.31,1418600
2021-08-27,449.31,451.62,446.79999,450.34,1310200
2021-08-30,451.040009,456.59,450.44,455.92999,1219800
2021-08-31,456.14001,456.88,452.44,455.48999,1699000
2021-09-01,455.48001,456.67999,451.85001,456.51999,1325400
2021-09-02,459.42001,461.44,458.39001,460.97,1455000
2021-09-03,459.0,463.60001,459.0,462.54999,1302400
2021-09-07,462.5,463.20001,457.63,459.60001,1463400
2021-09-08,459.10999,465.82999,458.079987,465.70001,1372000
2021-09-09,467.34,469.76999,465.23999,465.94,1398700
2021-09-10,467.17001,468.39999,463.20001,465.16,1324800
2021-09-13,467.059998,468.23999,458.20001,459.66,1679500
2021-09-14,460.95001,462.20001,457.42001,458.41,1383900
2021-09-15,458.23999,462.25,456.14001,460.73001,1770300
2021-09-16,460.79001,463.76999,456.57001,463.31,1577500
2021-09-17,461.62,462.82001,457.019989,459.51001,3411400
2021-09-20,456.63,460.95001,446.62,451.14001,2602000
2021-09-21,451.14001,456.84,450.16,452.10999,1531300
2021-09-22,454.70001,455.35001,449.84,452.32999,1380800
2021-09-23,452.29999,455.54999,451.10001,452.78,2061200
2021-09-24,455.98001,468.72,455.0,467.75,3353800
2021-09-27,465.54999,470.48999,457.23999,460.56,2526000
2021-09-28,457.14001,457.5,445.67001,447.35001,2632700
2021-09-29,449.87,456.0,448.89999,451.79001,1922000
2021-09-30,453.62,455.35999,449.29999,449.35001,1836400
2021-10-01,449.73001,451.079987,440.76001,448.32999,1860700
2021-10-04,448.34,449.35001,436.17001,440.14001,2264000
2021-10-05,439.57999,449.10999,439.25,446.23999,1808700
2021-10-06,443.92999,449.78,442.38,449.34,1334600
2021-10-07,456.47,459.59,452.070007,452.87,1966200
2021-10-08,455.44,455.75,450.0,451.85001,1545800
2021-10-11,450.040009,453.69,449.54001,449.70001,1011700
2021-10-12,450.14999,452.85001,445.75,446.87,1380900
2021-10-13,448.54001,450.51001,444.070007,445.29999,1621500
2021-10-14,447.10999,451.70001,446.5,450.66,1480400
2021-10-15,453.89001,453.94,449.17999,452.39001,1494800
2021-10-18,449.60999,462.35001,448.5,461.95001,2141300
2021-10-19,463.0,467.16,460.31,467.079987,1365300
2021-10-20,468.51999,472.5,467.84,469.76999,1352900
2021-10-21,469.76999,477.64999,469.079987,477.23001,1423300
2021-10-22,478.98999,485.029999,478.57001,481.98999,1710300
2021-10-25,481.98999,492.20999,479.5,490.10001,1903400
2021-10-26,482.13,488.25,481.23001,485.53,2378600
2021-10-27,483.85001,491.5,483.56,489.10999,1741800
2021-10-28,486.95999,491.82999,486.48001,490.53,1362400
2021-10-29,486.78,494.17001,486.66,491.54001,2471600
2021-11-01,494.14999,494.89001,487.20001,491.87,1548700
2021-11-02,494.73999,499.48999,492.72,496.98999,2012200
2021-11-03,501.34,502.95999,495.75,502.32999,1856000
2021-11-04,507.01001,520.21002,506.01001,515.62,2615000
2021-11-05,514.77002,517.90002,508.63,513.12,2071700
2021-11-08,513.40997,513.40997,500.20001,503.81,2834800
2021-11-09,505.12,509.10001,504.059998,508.70999,1881800
2021-11-10,508.26001,510.35999,503.76999,505.51001,1226600
2021-11-11,506.20001,512.5,504.040009,512.17999,1227300
2021-11-12,514.25,519.65997,513.22998,517.16998,1780200
2021-11-15,518.48999,523.099976,518.01001,519.89001,1392300
2021-11-16,519.84003,528.29999,517.40997,526.71997,1690700
2021-11-17,527.5,530.73999,524.51001,526.28998,1609400
2021-11-18,528.15997,530.79999,522.48999,529.37,1664200
2021-11-19,534.080017,535.28003,528.01001,533.78998,1909800
2021-11-22,533.32001,545.41998,532.32001,539.65002,2190500
2021-11-23,537.96002,545.82001,533.77002,545.26001,2147000
2021-11-24,545.53998,550.83002,543.32001,549.72998,2316400
2021-11-26,549.54999,554.54999,544.31,546.13,1844800
2021-11-29,546.13,560.78003,542.40997,554.88,2919100
2021-11-30,551.0,557.16998,535.89001,539.38,4244200
2021-12-01,543.099976,548.25,529.40002,529.84003,2877100
2021-12-02,518.51001,530.90997,514.039978,525.51001,3277500
2021-12-03,529.98999,537.5,524.77002,528.92999,2984400
2021-12-06,532.25,536.049988,527.57001,533.20001,2432900
2021-12-07,538.25,543.0,534.71002,542.02002,2579800
2021-12-08,546.21002,547.78998,525.54999,530.10999,3037500
2021-12-09,528.79999,532.33002,523.79999,524.33002,3200500
2021-12-10,534.71002,561.27002,534.60999,558.82001,6333600
2021-12-13,550.44,559.75,547.97998,557.21997,3415200
2021-12-14,556.46002,557.16998,537.57001,545.34003,3494400
2021-12-15,546.21002,566.48999,545.53003,565.47998,2937100
2021-12-16,564.78998,566.54999,549.45001,552.63,2683000
2021-12-17,549.32001,556.46997,540.97998,547.60999,5752000
2021-12-20,542.13,549.14001,538.030029,548.56,2033600
2021-12-21,550.5,551.78003,536.080017,545.42999,2472800
2021-12-22,545.38,550.0,539.79999,549.66998,1454500
2021-12-23,551.73999,552.60999,547.48999,550.37,1757800
2021-12-27,551.53998,565.73999,551.44,563.46997,2262900
2021-12-28,563.42999,566.64001,560.70001,564.64001,1155000
2021-12-29,566.40002,571.48999,563.5,567.77002,1753000
2021-12-30,569.53003,569.88,562.37,563.90997,1338700
2021-12-31,563.40997,568.25,559.030029,567.70001,1509200
2022-01-03,565.030029,567.46997,555.51001,566.71002,2714100
2022-01-04,564.22998,568.71997,561.78998,564.22998,2097500
2022-01-05,563.69,565.049988,549.77002,549.91998,2887500
2022-01-06,546.20001,553.52002,543.54999,549.79999,2503100
2022-01-07,547.54999,548.37,534.23999,536.17999,2323900
2022-01-10,529.28998,530.40997,508.5,518.79999,4916800
2022-01-11,518.79999,522.46997,510.29001,522.030029,2457300
2022-01-12,522.030029,530.030029,522.01001,525.79999,1729500
2022-01-13,527.64001,529.049988,515.22998,516.88,2428100
2022-01-14,511.57001,512.97998,501.85999,502.98999,3872500
2022-01-18,494.45999,495.079987,486.85999,488.070007,3801900
2022-01-19,489.89001,496.23999,487.10001,490.16,2709400
2022-01-20,490.75,499.88,481.84,482.82001,2893700
2022-01-21,481.92001,494.60999,481.32001,481.60999,3295600
2022-01-24,475.54999,489.97,469.01001,488.89999,4412600
2022-01-25,479.89999,482.64001,472.37,477.32001,3076800
2022-01-26,483.23001,493.87,478.76999,483.47,3074900
2022-01-27,486.92001,495.79001,480.31,482.51999,2372300
2022-01-28,483.73999,492.73001,475.89999,492.42999,1918500
2022-01-31,492.0,506.42001,490.63,505.13,2480700
2022-02-01,505.0,509.67999,496.94,508.41,2347200
2022-02-02,511.10999,523.98999,510.34,522.02002,2547600
2022-02-03,515.88,526.44,514.21002,521.77002,2665100
2022-02-04,518.10999,522.0,510.79999,519.77002,2387400
2022-02-07,521.29999,522.0,514.22998,515.89001,1863600
2022-02-08,515.89001,523.39001,510.5,521.15002,1462000
2022-02-09,528.0,534.23999,525.67999,528.83002,2256700
2022-02-10,520.87,524.46997,514.75,518.47998,2558900
2022-02-11,518.40002,521.34998,507.38,509.67001,2349700
2022-02-14,508.98999,511.53,501.44,506.56,1749600
2022-02-15,513.34003,516.0,510.76001,513.91998,1984600
2022-02-16,511.48999,514.54999,501.70999,512.40002,1770800
2022-02-17,509.64001,518.21002,507.029999,515.01001,2022800
2022-02-18,514.89001,517.90002,510.32999,512.66998,2154700
2022-02-22,510.0,514.58002,498.16,502.17999,2451800
2022-02-23,502.94,507.97,494.78,495.26001,2021400
2022-02-24,483.26999,506.54999,482.98001,505.57999,2859800
2022-02-25,508.57999,518.25,505.25,517.48999,2003000
2022-02-28,514.29999,519.63,511.29999,519.25,2408900
2022-03-01,519.46002,529.35999,519.19,522.92999,2316000
2022-03-02,524.0,533.090027,519.77002,528.0,2571500
2022-03-03,534.48999,538.96002,529.53998,533.049988,3851800
2022-03-04,519.5,529.91998,511.78,525.5,4417900
2022-03-07,523.45001,545.28998,523.41998,528.52002,3896900
2022-03-08,526.21997,539.72998,522.40997,523.35999,3649700
2022-03-09,527.62,530.85999,515.71002,527.65002,2789700
2022-03-10,523.10999,534.37,518.14001,532.71997,1777700
2022-03-11,536.62,542.65002,526.42999,527.41998,1735100
2022-03-14,527.77002,535.31,523.53998,525.95001,1950000
2022-03-15,530.0,543.84998,527.91998,542.32001,2547900
2022-03-16,544.53003,551.62,531.26001,543.39001,3017200
2022-03-17,543.34998,553.16998,543.20001,552.78998,1974200
2022-03-18,552.96002,562.54999,549.51001,561.34998,3597800
2022-03-21,560.14001,566.75,550.84003,555.53003,3136900
2022-03-22,556.96002,560.34998,552.33002,559.41998,1777500
2022-03-23,556.95001,560.69,551.90997,554.02002,1546800
2022-03-24,555.51001,558.26001,549.21997,558.10999,1614200
2022-03-25,559.82001,560.42999,550.22998,555.71002,1974900
2022-03-28,556.73999,565.26001,553.5,565.21002,2056100
2022-03-29,568.0,571.21997,564.53003,569.97998,2005400
2022-03-30,570.95001,578.25,568.59003,576.46997,2086500
2022-03-31,578.70001,586.32001,575.51001,575.84998,3439800
2022-04-01,577.38,582.98999,572.31,575.57001,1933500
2022-04-04,573.94,579.69,571.46997,575.13,2201800
2022-04-05,572.59003,583.97998,572.099976,575.32001,1826800
2022-04-06,574.030029,586.79999,570.37,584.78998,2646200
2022-04-07,592.28998,612.27002,588.78003,608.049988,4804200
2022-04-08,606.38,608.0,597.72998,600.039978,3230200
2022-04-11,598.78998,601.0,582.79999,584.66998,2792700
2022-04-12,586.69,591.72998,578.76001,581.35999,2142000
2022-04-13,582.46997,593.48999,582.46997,591.090027,2211800
2022-04-14,591.78003,596.28003,587.049988,590.39001,2206200
2022-04-18,585.38,592.10999,579.59998,582.12,2161900
2022-04-19,583.34998,594.83002,582.0,594.29999,2327800
2022-04-20,599.15002,605.28003,597.29999,603.53003,1793300
2022-04-21,607.28003,609.17999,591.15002,591.73999,2027900
2022-04-22,590.34998,591.90002,571.049988,571.70001,2878200
2022-04-25,570.31,570.33002,553.53003,568.21002,3154500
2022-04-26,565.25,568.34003,553.31,553.76001,2057400
2022-04-27,556.19,563.62,552.84998,554.080017,2261600
2022-04-28,555.46997,564.79999,545.79999,562.0,2118700
2022-04-29,560.92999,561.58002,529.70001,531.71997,2968000
2022-05-02,532.22998,539.20001,518.27002,528.95001,3303400
2022-05-03,530.0,534.27002,523.70001,528.080017,2398000
2022-05-04,531.59998,546.14001,522.81,544.42999,2465200
2022-05-05,541.57001,542.34003,512.16998,517.32001,3977000
2022-05-06,514.40002,516.44,498.82001,503.35999,3560800
2022-05-09,496.10001,507.049988,494.34,498.82999,3292700
2022-05-10,509.70001,510.63,495.63,501.45999,2729400
2022-05-11,503.92001,508.0,487.81,489.079987,2782900
2022-05-12,486.79001,497.26001,479.76001,486.17999,2829500
2022-05-13,493.10999,498.79001,489.60001,497.26999,2338600
2022-05-16,496.14001,497.67999,489.62,494.53,1579700
2022-05-17,489.16,493.56,480.23001,490.47,2602800
2022-05-18,460.0,463.85999,424.54999,429.39999,9511600
2022-05-19,430.37,430.53,418.72,422.92999,5839600
2022-05-20,428.79999,428.85001,406.51001,416.42999,5115000
2022-05-23,420.0,430.0,416.67001,429.48001,3687200
2022-05-24,424.79999,438.73001,424.35001,437.70999,3473400
2022-05-25,436.32999,443.26001,430.82999,440.10999,3225100
2022-05-26,449.10001,468.049988,447.51001,464.98999,5917600
2022-05-27,456.79999,474.88,455.12,470.76001,5719600
2022-05-31,470.76001,470.79999,458.029999,466.22,4424500
2022-06-01,469.38,470.5,456.70001,456.98999,2319400
2022-06-02,460.89999,491.13,457.88,487.60999,4950600
2022-06-03,485.029999,488.14999,475.59,476.25,2857400
2022-06-06,480.5,481.0,468.91,472.47,2297000
2022-06-07,459.91,473.73001,459.59,471.78,2435500
2022-06-08,471.78,474.42999,466.89001,467.98999,1697000
2022-06-09,467.34,484.23999,467.14999,472.049988,3087500
2022-06-10,465.0,468.19,457.76001,463.31,2549900
2022-06-13,450.0,458.64001,448.89999,452.25,3113400
2022-06-14,452.25,458.76001,450.28,454.79999,2224600
2022-06-15,458.5,464.35999,451.39001,458.79001,2250200
2022-06-16,450.31,457.76999,447.97,451.76001,2906600
2022-06-17,451.049988,455.69,443.20001,446.69,3623400
2022-06-21,450.54999,464.82001,449.14001,463.10999,2420600
2022-06-22,459.39001,464.72,458.5,459.95999,1827500
2022-06-23,466.37,476.28,465.70999,475.0,2030100
2022-06-24,480.0,484.82999,476.67999,484.37,2862600
2022-06-27,485.81,487.23999,477.35001,481.75,2034700
2022-06-28,483.5,487.23999,467.89001,468.60999,1754600
2022-06-29,470.95001,472.97,466.42001,469.84,1275600
2022-06-30,468.29999,482.089996,464.72,479.28,3852400
2022-07-01,481.17999,491.25,478.0,485.76001,2660400
2022-07-05,485.56,490.89999,478.45999,488.26001,2489400
2022-07-06,488.26001,497.019989,487.78,492.64999,2262300
2022-07-07,492.059998,495.53,489.22,494.95001,2125200
2022-07-08,497.32001,505.51999,497.0,501.54001,2607800
2022-07-11,501.12,505.54999,494.84,498.89999,1891100
2022-07-12,497.01001,501.89999,488.040009,490.57001,1775300
2022-07-13,484.32001,497.32001,483.82001,492.22,2008400
2022-07-14,496.089996,513.27002,493.62,511.94,3715600
2022-07-15,516.91998,524.79999,515.78003,522.95001,4265100
2022-07-18,521.85999,528.53003,515.66998,516.29999,2464100
2022-07-19,522.40997,525.58002,516.96997,520.22998,2391000
2022-07-20,521.26001,526.15997,516.81,524.20001,1740700
2022-07-21,524.039978,529.73999,521.59998,529.46002,1716100
2022-07-22,530.71002,537.10999,526.070007,529.71997,1800800
2022-07-25,531.41998,532.28998,526.0,529.14001,1452700
2022-07-26,515.0,519.67999,508.76001,511.92999,3334800
2022-07-27,513.099976,525.32001,511.17001,522.31,2060100
2022-07-28,520.28003,539.17999,520.28003,536.17999,2083300
2022-07-29,532.0,542.12,531.90002,541.29999,2131500
2022-08-01,541.41998,552.71002,541.25,546.81,2256000
2022-08-02,544.030029,551.039978,540.77002,543.46002,1984200
2022-08-03,545.0,548.70001,542.12,547.01001,1693300
2022-08-04,547.0,547.20001,540.66998,543.28003,2000500
2022-08-05,537.23999,541.59998,533.34998,540.66998,1711500
2022-08-08,543.84003,547.5,538.66998,541.90002,1344100
2022-08-09,543.64001,545.0,533.89001,535.82001,1877300
2022-08-10,544.47998,549.90997,537.28998,539.82001,2336600
2022-08-11,543.23999,543.48999,531.89001,532.20001,2340200
2022-08-12,536.17999,538.40002,533.72998,537.21002,1918200
2022-08-15,536.40002,547.0,535.67999,545.75,1848000
2022-08-16,551.099976,559.96997,548.96997,553.02002,2498000
2022-08-17,550.0,559.45001,549.01001,556.32001,1835200
2022-08-18,559.059998,564.75,556.41998,560.96002,1619200
2022-08-19,558.65002,559.26001,553.16998,554.53003,1617000
2022-08-22,553.0,553.0,544.28998,545.46997,1860900
2022-08-23,545.73999,546.01001,536.88,542.070007,1359000
2022-08-24,542.75,545.21997,539.35999,543.21997,1145800
2022-08-25,545.73999,550.90997,539.54999,550.77002,1483300
2022-08-26,550.0,552.66998,531.66998,531.82001,1886800
2022-08-29,527.030029,535.5,524.0,531.059998,1579900
2022-08-30,534.28003,536.01001,521.51001,524.14001,1872700
2022-08-31,525.53998,526.32001,520.26001,522.099976,2179800
2022-09-01,519.71997,529.58002,517.030029,529.16998,2280600
2022-09-02,532.70001,534.84003,516.049988,519.10999,1901700
2022-09-06,520.15997,523.15002,512.53003,518.90002,1933400
2022-09-07,520.0,531.65997,518.90002,529.64001,1827900
2022-09-08,524.33002,533.030029,521.56,529.12,1600800
2022-09-09,532.12,538.059998,529.53003,536.58002,1930900
2022-09-12,537.72998,542.59998,537.0,539.52002,1522400
2022-09-13,530.78998,532.23999,508.69,510.29999,2881400
2022-09-14,513.85999,514.01001,503.12,508.0,2007300
2022-09-15,508.39999,509.059998,500.53,503.5,1749600
2022-09-16,499.57001,506.44,497.29999,504.14001,3004800
2022-09-19,502.16,506.70999,498.89001,506.57001,1441300
2022-09-20,503.0,503.42999,493.42001,499.51999,1843100
2022-09-21,502.5,506.42999,493.0,493.070007,2082600
2022-09-22,494.0,494.0,484.41,487.17001,3133100
2022-09-23,478.94,482.32001,463.53,466.39999,5377800
2022-09-26,465.87,484.10999,465.20999,480.29999,4001900
2022-09-27,485.48999,488.39999,475.42999,478.29999,2412400
2022-09-28,481.53,491.54999,474.19,488.29001,2419500
2022-09-29,485.60999,489.01001,474.070007,478.98001,1963900
2022-09-30,480.66,483.82999,471.87,472.26999,2436700
2022-10-03,474.5,480.84,470.39999,477.73001,2338500
2022-10-04,483.82999,488.019989,480.73001,486.13,2175600
2022-10-05,481.29999,483.87,474.82001,480.32001,1587700
2022-10-06,483.45001,493.88,481.92001,482.48999,2430700
2022-10-07,478.26001,479.10999,466.12,468.14999,2568100
2022-10-10,469.69,470.25,461.60999,466.31,1616300
2022-10-11,465.0,477.25,463.70001,472.019989,2341400
2022-10-12,474.32001,479.73999,466.29999,466.38,2043900
2022-10-13,458.19,471.73999,449.029999,467.98999,3390900
2022-10-14,472.029999,473.39001,453.79001,454.64999,2301600
2022-10-17,461.64999,466.88,460.48001,464.17001,2097500
2022-10-18,473.20001,476.51999,468.82999,473.26999,1864000
2022-10-19,467.81,474.87,466.95001,471.42999,1207600
2022-10-20,471.0,472.079987,462.91,464.62,1709500
2022-10-21,463.70999,479.57001,462.28,478.17999,2508400
2022-10-24,481.60999,498.0,481.01001,496.97,2366200
2022-10-25,493.32001,500.19,490.5,499.059998,2130900
2022-10-26,498.0,507.42001,495.69,499.45001,2088700
2022-10-27,499.81,503.01001,494.14001,496.54001,1576600
2022-10-28,497.29999,512.82001,495.97,510.87,2369300
2022-10-31,509.64001,509.64001,500.5,501.5,2192200
2022-11-01,503.70001,507.39001,499.78,499.95999,1586300
2022-11-02,497.79999,503.23999,483.26999,483.51001,2464400
2022-11-03,480.88,491.32999,479.70999,486.29001,2010400
2022-11-04,490.39999,492.63,476.48999,486.41,1987300
2022-11-07,477.049988,490.0,474.5,488.54999,2036000
2022-11-08,490.73001,498.26001,484.51001,492.76001,1709900
2022-11-09,491.89999,497.57999,486.85999,489.97,1640500
2022-11-10,504.95001,514.84998,501.39999,513.13,3098300
2022-11-11,513.13,516.84003,506.70999,515.46997,2393500
2022-11-14,515.77002,520.70001,509.42001,509.67999,1820200
2022-11-15,520.0,529.79999,520.0,526.46997,2502200
2022-11-16,521.31,528.56,520.16998,524.10999,1833600
2022-11-17,519.0,521.78998,512.96002,521.32001,1902500
2022-11-18,526.87,529.53998,518.19,523.66998,1584400
2022-11-21,525.73999,527.28003,522.080017,523.37,1268300
2022-11-22,529.96002,532.79999,526.67999,531.95001,1809100
2022-11-23,534.0,536.79999,530.40002,534.48999,1288200
2022-11-25,534.15997,535.85999,533.070007,533.65997,744200
2022-11-28,530.89001,536.25,528.94,530.91998,1684300
2022-11-29,531.039978,533.71997,528.0,528.96002,1685700
2022-11-30,527.40997,542.58002,522.14001,539.25,3601800
2022-12-01,519.14001,519.14001,495.67001,503.85999,6970400
2022-12-02,498.51999,498.97,492.10999,494.53,3632100
2022-12-05,492.5,492.70001,484.73001,488.66,2455300
2022-12-06,490.66,491.47,477.17001,481.16,2995900
2022-12-07,479.089996,486.54001,478.87,481.97,2072600
2022-12-08,482.89999,483.32999,473.5,481.42001,2901000
2022-12-09,475.10001,490.089996,470.5,483.019989,4211100
2022-12-12,482.73001,487.82001,480.67001,487.67999,2276400
2022-12-13,497.040009,497.97,481.54999,488.20001,2626700
2022-12-14,488.85999,491.69,481.040009,483.51999,2145000
2022-12-15,475.34,476.70001,463.16,463.91,3437700
2022-12-16,461.26001,464.79001,456.88,461.45001,4909200
2022-12-19,460.92001,463.41,455.35999,458.63,1939200
2022-12-20,456.56,460.25,452.53,457.82001,1993700
2022-12-21,459.38,463.69,456.20001,462.059998,1462400
2022-12-22,458.64999,460.39999,453.39001,458.70999,1906100
2022-12-23,457.51999,463.17999,454.79999,462.64999,1229500
2022-12-27,464.39999,464.70001,457.10999,458.5,1230800
2022-12-28,457.54001,460.45999,452.79999,452.98999,1324100
2022-12-29,455.63,459.0,453.45999,456.53,1465000
2022-12-30,454.64999,456.70001,450.75,456.5,1803200
2023-01-03,458.0,458.79999,447.89999,453.28,1978100
2023-01-04,457.17999,459.51001,452.59,456.56,2097300
2023-01-05,454.54001,456.42999,449.62,450.19,2169300
2023-01-06,463.079987,484.42001,462.22,482.87,5174500
2023-01-09,482.92999,486.87,478.14001,478.75,2384800
2023-01-10,477.14001,482.089996,475.48001,481.39999,1649900
2023-01-11,480.32999,484.51999,479.10999,484.31,1576400
2023-01-12,484.98999,485.0,478.75,482.42999,1628200
2023-01-13,480.89001,485.59,479.0,485.25,1405900
2023-01-17,485.13,490.48001,484.37,486.76999,1539900
2023-01-18,484.81,488.81,478.51999,479.47,1925500
2023-01-19,476.23999,477.56,468.070007,469.48999,1919500
2023-01-20,473.92001,480.32001,469.47,480.10999,2588600
2023-01-23,479.95001,495.23999,477.60001,492.60999,2709400
2023-01-24,492.049988,493.60001,487.01001,492.10999,1510200
2023-01-25,489.35999,491.94,484.5,490.88,1329800
2023-01-26,493.20001,498.67001,491.76999,498.29999,1576400
2023-01-27,499.76001,509.10001,497.85999,503.29001,2034100
2023-01-30,500.37,505.60001,500.37,503.28,1855900
2023-01-31,503.23001,511.41,502.0,511.14001,1924100
2023-02-01,508.31,520.45001,504.72,517.90997,2080200
2023-02-02,524.28998,530.049988,520.64001,523.42999,2287400
2023-02-03,519.13,521.54999,512.5,514.79999,1844100
2023-02-06,514.44,517.21997,512.27002,515.59003,1740100
2023-02-07,511.98999,517.98999,507.39001,516.53003,1927300
2023-02-08,511.29001,512.17999,501.56,503.81,2062900
2023-02-09,505.29001,509.16,498.42001,500.63,1517300
2023-02-10,498.51001,500.54999,495.38,499.98999,1536800
2023-02-13,501.73999,506.79001,501.35001,506.45001,1452600
2023-02-14,505.01001,507.85001,498.63,503.22,1257300
2023-02-15,502.73001,511.42001,501.34,511.28,1422600
2023-02-16,503.60999,510.73001,503.60001,504.10001,1456000
2023-02-17,504.26999,507.70999,501.84,507.48001,1340400
2023-02-21,500.82001,503.98999,496.54999,501.73999,1811800
2023-02-22,503.92001,505.45999,496.60001,497.39001,1332000
2023-02-23,498.79999,498.85999,487.85999,493.14001,1546300
2023-02-24,488.57999,490.35999,484.70001,488.60999,1587600
2023-02-27,492.54999,493.0,485.67999,487.029999,1501700
2023-02-28,485.60001,488.88,483.78,484.17999,1918200
2023-03-01,481.10001,482.57999,475.019989,478.67001,1759300
2023-03-02,477.35999,487.42999,475.56,485.69,2379200
2023-03-03,474.82999,476.0,465.32999,475.26001,5354200
2023-03-06,476.51999,488.82001,475.51999,483.079987,3104700
2023-03-07,486.10001,495.20999,485.0,485.14999,2659100
2023-03-08,483.0,486.88,481.14001,486.040009,1548500
2023-03-09,487.48001,490.0,478.62,479.51999,1629400
2023-03-10,478.98001,480.45999,468.38,471.14001,2123000
2023-03-13,466.79999,476.69,466.79999,472.0,1799600
2023-03-14,475.42999,485.16,473.0,481.92001,2422900
2023-03-15,481.51001,487.019989,478.54001,485.66,2226300
2023-03-16,484.92999,488.14001,482.76001,487.26001,1979600
2023-03-17,489.070007,489.89999,481.51001,487.049988,3959300
2023-03-20,488.0,490.79001,485.72,489.29001,1623800
2023-03-21,493.0,493.0,485.98999,490.85001,1664000
2023-03-22,489.45999,496.62,487.35001,487.51999,1299700
2023-03-23,490.69,493.25,484.29001,487.76001,1565900
2023-03-24,486.94,495.97,486.56,495.26999,1635200
2023-03-27,497.28,499.85999,492.51001,493.22,1452100
2023-03-28,492.60999,494.059998,485.41,486.76999,1407800
2023-03-29,489.20001,491.29999,485.89999,490.87,1643000
2023-03-30,493.0,495.73999,491.0,491.48001,1545500
2023-03-31,495.0,498.35999,493.94,496.87,2082000
2023-04-03,496.5,499.20001,495.0,497.029999,1804700
2023-04-04,496.5,502.57999,495.5,497.73001,1913300
2023-04-05,499.0,504.13,495.16,497.13,1941500
2023-04-06,482.0,487.85001,477.5,485.98001,4114700
2023-04-10,483.89999,493.89999,481.66,493.82999,1653600
2023-04-11,493.82999,499.98999,493.0,498.64999,1547400
2023-04-12,500.0,500.049988,488.54001,489.35001,2063700
2023-04-13,493.48999,498.44,490.31,497.89001,1600500
2023-04-14,496.19,500.37,490.16,491.29999,1675300
2023-04-17,492.76999,497.89001,491.14999,493.94,1411800
2023-04-18,496.10001,497.63,494.12,496.89999,1339600
2023-04-19,497.13,497.98999,493.82999,496.029999,1098800
2023-04-20,495.75,510.66,495.51001,505.57999,2936500
2023-04-21,509.37,510.64001,505.45999,506.35001,1508600
2023-04-24,506.10001,511.69,505.81,511.42001,1374100
2023-04-25,511.13,513.13,502.26001,503.17001,1789900
2023-04-26,500.42001,502.87,493.39001,494.66,1441900
2023-04-27,494.82999,502.26001,494.82999,501.26999,1361600
2023-04-28,501.56,504.82999,500.64001,503.22,1169400
2023-05-01,499.14999,500.049988,488.79999,493.59,2203200
2023-05-02,495.0,495.67999,489.81,494.81,1940800
2023-05-03,496.60001,498.78,489.66,490.059998,1426400
2023-05-04,488.94,490.91,485.92999,490.34,1487000
2023-05-05,493.20001,499.39999,492.98001,499.059998,1708200
2023-05-08,497.37,500.25,495.70001,499.059998,1015000
2023-05-09,496.95999,501.73999,496.39001,500.79001,1571800
2023-05-10,501.95001,504.97,495.10001,499.66,1257600
2023-05-11,499.51001,503.0,497.54999,501.89001,1046700
2023-05-12,503.17001,506.029999,501.20001,504.070007,1471900
2023-05-15,504.01001,505.0,498.85999,502.040009,1135700
2023-05-16,500.0,500.29001,494.29999,496.14999,1229300
2023-05-17,498.0,498.01001,491.89999,495.0,2069500
2023-05-18,495.0,498.60001,494.079987,498.10001,2298900
2023-05-19,499.39001,499.39001,493.92001,496.51999,1634400
2023-05-22,497.0,497.0,488.54001,491.87,1943800
2023-05-23,487.17001,487.17001,482.97,484.87,1800200
2023-05-24,487.25,487.25,480.91,482.76001,1600600
2023-05-25,480.20999,488.54001,476.75,486.54999,3421900
2023-05-26,485.64999,510.75,484.12,507.26001,5302600
2023-05-30,509.79001,514.78998,501.59,508.029999,2544800
2023-05-31,508.85999,513.87,504.95001,511.56,3320800
2023-06-01,509.32999,513.73999,502.10001,512.59998,2407700
2023-06-02,510.32001,518.5,509.39999,512.59003,2283900
2023-06-05,512.59003,518.91998,512.02002,518.25,2023500
2023-06-06,518.25,518.63,512.76001,516.26001,1410300
2023-06-07,514.51001,519.28998,510.57001,511.23001,1784700
2023-06-08,512.5,520.28998,512.5,520.090027,1530400
2023-06-09,518.19,522.059998,515.5,517.28003,1287300
2023-06-12,517.28003,521.27002,516.0,520.96997,1404500
2023-06-13,522.02002,522.95001,517.90997,522.02002,1204700
2023-06-14,525.0,527.84998,523.14001,527.20001,1841400
2023-06-15,529.0,531.26001,526.65997,529.17999,1871600
2023-06-16,530.099976,530.41998,522.63,523.65002,3147400
2023-06-20,521.95001,522.90002,518.14001,519.70001,1684400
2023-06-21,517.90997,521.64001,516.53998,519.62,1273600
2023-06-22,520.69,524.67999,519.67999,524.20001,1114000
2023-06-23,523.13,525.40002,519.34003,524.44,1433700
2023-06-26,524.40002,524.87,521.26001,523.41998,1278500
2023-06-27,522.65002,532.40997,522.099976,530.33002,1673600
2023-06-28,528.97998,533.48999,528.60999,532.79999,1245200
2023-06-29,530.58002,532.45001,528.95001,531.69,1121800
2023-06-30,534.16998,539.56,533.63,538.38,2221900
2023-07-03,537.25,541.080017,534.34003,541.039978,951400
2023-07-05,541.21997,546.049988,537.5,541.13,1630400
2023-07-06,538.88,540.29999,536.58002,537.37,1750100
2023-07-07,533.89001,536.46002,524.63,525.049988,2739500
2023-07-10,525.059998,531.15002,525.059998,527.01001,1955600
2023-07-11,527.5,530.76001,526.15002,529.64001,1262300
2023-07-12,532.0,540.10999,531.10999,538.0,1960500
2023-07-13,537.79999,539.12,532.78998,538.45001,1647200
2023-07-14,538.71002,546.85999,538.099976,546.70001,1828400
2023-07-17,546.17999,554.21002,546.099976,552.96002,1909900
2023-07-18,552.66998,555.0,549.39001,553.59003,1779200
2023-07-19,554.47998,555.89001,552.02002,554.10999,1261100
2023-07-20,553.81,561.070007,553.71002,556.96002,1732800
2023-07-21,559.16998,562.049988,557.45001,557.85999,5263900
2023-07-24,558.0,566.57001,555.88,563.92999,2086400
2023-07-25,566.77002,567.54999,564.29999,565.19,1602500
2023-07-26,565.51001,568.030029,563.41998,566.16998,1306400
2023-07-27,567.71997,571.15997,560.59998,561.83002,1485300
2023-07-28,564.58002,567.81,562.62,563.32001,1371400
2023-07-31,563.0,564.28998,559.049988,560.66998,1365900
2023-08-01,560.63,562.88,554.53998,555.46997,1445300
2023-08-02,552.26001,556.63,551.02002,552.34998,1635000
2023-08-03,553.53003,560.34998,552.21997,557.69,1463400
2023-08-04,561.070007,561.28998,551.40997,552.039978,1141500
2023-08-07,554.98999,559.56,554.98999,558.40997,1015400
2023-08-08,558.0,558.90002,551.84003,556.12,1020400
2023-08-09,557.97998,562.090027,556.81,559.70001,1471800
2023-08-10,563.20001,569.21002,560.70001,561.48999,1107200
2023-08-11,560.34998,565.0,559.030029,562.96002,1043100
2023-08-14,564.77002,567.71002,560.44,561.46997,1247600
2023-08-15,561.049988,565.15997,558.20001,558.51001,1124300
2023-08-16,561.70001,564.95001,558.71997,559.049988,1340100
2023-08-17,559.46997,560.41998,545.080017,547.10999,1941900
2023-08-18,546.91998,549.46997,543.10999,544.94,1877800
2023-08-21,543.85999,545.15002,536.29999,543.21002,2076100
2023-08-22,541.96002,541.96002,537.5,538.37,1286000
2023-08-23,538.96002,541.16998,536.23999,540.85999,1295800
2023-08-24,539.28998,541.0,530.82001,531.71002,1587500
2023-08-25,532.90997,535.78998,530.56,534.01001,1511500
2023-08-28,536.0,537.039978,533.12,536.19,945800
2023-08-29,534.34003,543.070007,534.34003,542.77002,1468500
2023-08-30,542.72998,544.41998,539.31,542.26001,1292800
2023-08-31,540.0,552.20001,540.0,549.28003,2086500
2023-09-01,553.070007,553.47998,540.64001,544.25,1437400
2023-09-05,545.72998,549.19,544.0,544.72998,1714300
2023-09-06,541.71997,548.67999,540.17999,546.69,1476600
2023-09-07,548.65002,550.98999,544.28998,548.62,1340000
2023-09-08,549.070007,552.38,548.099976,551.19,1075300
2023-09-11,552.81,559.39001,551.85999,558.78003,1388600
2023-09-12,559.28003,560.40002,556.17999,558.78998,1055500
2023-09-13,558.29999,560.44,554.62,559.76001,1162700
2023-09-14,564.81,566.70001,560.25,564.77002,1257300
2023-09-15,565.33002,565.51001,555.53998,556.35999,2944900
2023-09-18,558.17999,564.19,557.46997,562.71997,1003100
2023-09-19,561.64001,565.33002,559.42999,564.34998,1144700
2023-09-20,564.34998,569.21997,562.65997,563.83002,1311500
2023-09-21,564.070007,564.57001,554.28003,555.080017,1687700
2023-09-22,555.15997,562.96997,554.78003,558.59003,1527300
2023-09-25,559.48999,561.27002,554.73999,558.62,1313300
2023-09-26,559.15002,561.37,552.0,552.96002,2425100
2023-09-27,547.38,566.5,544.72998,563.53003,4591400
2023-09-28,564.070007,572.17999,564.070007,568.63,2192400
2023-09-29,570.0,570.98999,560.70001,564.96002,1886600
2023-10-02,567.90997,571.73999,564.0,571.31,1831700
2023-10-03,571.099976,576.19,563.01001,565.039978,2007400
2023-10-04,569.48999,572.60999,563.76001,571.79999,1798800
2023-10-05,572.16998,574.75,564.35999,569.52002,1579700
2023-10-06,566.090027,566.95001,542.63,557.53003,4245900
2023-10-09,555.0,559.75,549.78003,558.96997,1781500
2023-10-10,559.91998,566.95001,557.23999,562.090027,2176800
2023-10-11,564.84998,566.5,560.20001,565.52002,1449800
2023-10-12,568.049988,569.14001,562.38,563.78003,1458000
2023-10-13,563.84998,567.44,561.97998,566.84003,1243900
2023-10-16,569.69,574.099976,568.52002,572.23999,1428300
2023-10-17,571.94,576.059998,570.71002,574.34003,1404600
2023-10-18,573.91998,577.29999,572.0,574.64001,1311900
2023-10-19,573.70001,575.84998,564.10999,565.63,2019600
2023-10-20,566.53998,566.66998,552.01001,552.92999,2294500
2023-10-23,554.14001,556.91998,546.63,552.28998,1776500
2023-10-24,552.099976,555.98999,549.33002,551.84003,1678600
2023-10-25,548.54999,553.83002,545.60999,549.98999,1757500
2023-10-26,549.65002,554.65997,545.53003,547.59998,1925300
2023-10-27,547.59998,548.030029,540.22998,543.030029,1503100
2023-10-30,545.73999,556.35999,543.64001,554.88,1696200
2023-10-31,552.15997,554.030029,549.059998,552.44,1394700
2023-11-01,555.0,558.44,549.65002,556.79999,1735300
2023-11-02,556.5,559.51001,552.01001,555.96997,2100600
2023-11-03,557.33002,562.98999,555.22998,560.90002,1826300
2023-11-06,560.48999,572.65002,560.13,569.82001,2056900
2023-11-07,572.5,573.89001,569.56,571.27002,1373100
2023-11-08,572.12,572.98999,564.28998,567.38,1343600
2023-11-09,569.0,569.0,562.01001,563.27002,1288400
2023-11-10,567.90002,577.89001,564.94,577.12,1908800
2023-11-13,575.0,579.95001,573.48999,578.22998,1650700
2023-11-14,581.73999,591.54999,581.21002,590.79999,2037600
2023-11-15,593.98999,599.89001,593.39001,596.78003,2165100
2023-11-16,586.38,586.59003,572.23999,578.58002,2954700
2023-11-17,578.90002,579.91998,574.059998,577.15002,1773600
2023-11-20,577.34003,582.32001,577.34003,580.79999,1624100
2023-11-21,582.0,584.95001,577.71002,584.29999,1173700
2023-11-22,586.84998,591.14001,586.34998,589.080017,1068600
2023-11-24,591.02002,594.20001,590.40997,591.35999,645800
2023-11-27,592.52002,599.94,592.40997,594.90002,1627400
2023-11-28,593.19,597.41998,591.41998,594.0,1286800
2023-11-29,595.20001,595.21002,587.41998,587.85999,1319800
2023-11-30,587.83002,593.070007,582.83002,592.73999,1755200
2023-12-01,593.28003,596.34998,590.59003,596.25,1474700
2023-12-04,592.15002,599.53003,591.46002,599.080017,1624000
2023-12-05,598.53003,608.88,597.030029,605.34998,2349700
2023-12-06,605.5,608.47998,603.85999,607.42999,2233900
2023-12-07,610.0,612.34998,606.34998,610.95001,1690400
2023-12-08,608.59998,613.60999,607.72998,610.78003,1502100
2023-12-11,621.96997,625.030029,618.76001,623.85999,2139300
2023-12-12,627.44,629.69,623.21002,629.5,2374400
2023-12-13,633.91998,642.59998,631.0,642.0,2436900
2023-12-14,641.17999,641.90002,630.29999,630.78003,3839200
2023-12-15,641.5,661.88,640.5,658.82001,8805200
2023-12-18,664.5,681.90997,661.099976,681.23999,5733400
2023-12-19,675.0,680.79999,669.12,677.73999,3437300
2023-12-20,671.78998,674.34998,660.79999,661.0,3782700
2023-12-21,665.85999,667.34003,659.45001,665.15997,2388400
2023-12-22,668.0,673.27002,666.0,671.59998,1639500
2023-12-26,673.01001,675.85999,670.78003,674.62,1774800
2023-12-27,662.70001,668.58002,660.40002,666.79999,1875900
2023-12-28,665.84998,666.85999,661.59003,663.099976,1496900
2023-12-29,661.0,663.19,657.15997,660.080017,1947000
2024-01-02,655.58002,657.79999,649.5,650.65002,2657700
2024-01-03,651.21002,655.45001,643.099976,644.69,2612600
2024-01-04,642.080017,649.90002,640.51001,648.34998,2171100
2024-01-05,656.17999,659.65002,652.23999,656.01001,2232100
2024-01-08,655.81,662.080017,654.030029,661.69,2245300
2024-01-09,658.88,667.28998,658.26001,667.17999,1886200
2024-01-10,669.56,673.83002,669.01001,672.76001,1801900
2024-01-11,671.0,674.51001,667.64001,673.58002,1670800
2024-01-12,677.5,683.71997,676.10999,683.23999,2387600
2024-01-16,683.23999,686.52002,678.15997,681.48999,1626700
2024-01-17,680.5,684.87,679.19,684.19,1786800
2024-01-18,682.83002,687.71997,680.21002,687.31,1900600
2024-01-19,688.5,696.13,682.66998,694.96997,2261000
2024-01-22,695.42999,698.65997,690.52002,692.51001,2452900
2024-01-23,690.71997,691.63,684.63,687.59003,2208600
2024-01-24,689.0,689.96997,683.12,686.51001,1946500
2024-01-25,686.5,686.5,675.96002,679.90002,2751900
2024-01-26,680.080017,687.23999,679.5,686.88,1825500
2024-01-29,689.90002,694.13,686.26001,694.01001,2215400
2024-01-30,692.94,702.65002,690.79999,700.73999,1610500
2024-01-31,701.32001,705.52002,693.039978,694.88,1928500
2024-02-01,694.0,705.29999,691.5,704.47998,2039200
2024-02-02,703.34003,714.28003,702.26001,709.47998,2377400
2024-02-05,710.64001,712.85999,705.67999,711.15997,2276900
2024-02-06,711.22998,712.71997,704.34003,710.78998,1920200
2024-02-07,714.15002,723.32001,712.0,719.78003,2145500
2024-02-08,723.89001,728.16998,720.65997,724.15997,1918500
2024-02-09,725.14001,725.53003,720.12,723.40002,1426100
2024-02-12,723.52002,723.79999,715.29999,722.40997,1572600
2024-02-13,721.39001,721.78003,709.039978,714.25,1951100
2024-02-14,716.0,722.54999,711.070007,722.17999,1472500
2024-02-15,721.48999,726.030029,718.28003,724.51001,1264100
2024-02-16,721.98999,729.059998,718.5,723.98999,1764600
2024-02-20,728.030029,734.96002,723.71002,725.69,2407300
2024-02-21,725.69,728.78998,720.27002,723.02002,1565900
2024-02-22,725.84998,736.049988,725.84998,734.40002,1801600
2024-02-23,740.12,742.51001,737.12,737.92999,1265800
2024-02-26,742.0,746.78003,739.0,745.34998,1707000
2024-02-27,746.0,746.64001,741.33002,744.71002,1471300
2024-02-28,743.21002,751.88,743.21002,747.96002,1365000
2024-02-29,751.41998,752.56,742.98999,743.89001,3361200
2024-03-01,740.44,751.38,739.25,749.44,1672800
2024-03-04,755.080017,764.73999,753.66998,759.17999,2133400
2024-03-05,768.41998,769.27002,756.90002,759.95001,2353400
2024-03-06,764.84003,775.15997,763.65997,773.23999,2400600
2024-03-07,779.10999,787.080017,777.01001,785.59003,4187900
2024-03-08,756.049988,756.21997,725.099976,725.56,8568900
2024-03-11,719.81,720.0,711.01001,714.080017,3762500
2024-03-12,717.080017,740.049988,716.90997,736.88,3727400
2024-03-13,735.0,736.5,726.58002,734.20001,2270300
2024-03-14,738.33002,740.67999,728.98999,731.95001,1826100
2024-03-15,732.52002,732.52002,723.21997,725.63,3389900
2024-03-18,726.099976,733.34003,726.02002,731.53998,1595200
2024-03-19,731.78998,735.34998,730.02002,732.16998,1322700
2024-03-20,731.0,742.090027,729.13,740.71997,1398700
2024-03-21,743.5,752.31,741.099976,742.56,2106900
2024-03-22,744.42999,744.78998,734.38,734.79999,1791200
2024-03-25,731.0,734.15997,726.73999,730.96002,1604700
2024-03-26,731.0,734.70001,730.21997,730.97998,1353500
2024-03-27,734.0,735.89001,727.75,732.080017,1246700
2024-03-28,733.84998,734.90002,728.32001,732.63,1713300
2024-04-01,731.76001,733.27002,720.20001,721.23999,1600700
2024-04-02,720.0,720.0,708.40002,711.29999,2326700
2024-04-03,709.97998,710.81,697.27002,705.69,3205500
2024-04-04,708.77002,717.13,704.21997,704.88,2252400
2024-04-05,706.039978,716.89001,706.02002,713.71997,1552300
2024-04-08,713.51001,716.14001,710.87,711.81,1459000
2024-04-09,716.23999,719.049988,706.97998,718.59003,1388300
2024-04-10,711.0,723.97998,708.95001,722.58002,1832000
2024-04-11,731.5,733.78998,724.15002,732.34998,2107800
2024-04-12,728.0,732.90002,726.53998,731.31,1480600
2024-04-15,735.42999,741.0,717.95001,718.28003,1808000
2024-04-16,718.29999,722.5,712.13,715.96997,1412300
2024-04-17,723.0,723.79999,711.0,715.19,1376700
2024-04-18,715.19,718.95001,709.57001,711.25,1846400
2024-04-19,713.030029,714.87,702.0,709.51001,2188900
2024-04-22,714.85999,718.26001,706.16998,715.46002,1437100
2024-04-23,719.030029,724.27002,716.29999,722.67999,1176200
2024-04-24,719.71002,725.42999,716.090027,723.89001,1206600
2024-04-25,727.28998,727.28998,714.40997,721.85999,1613600
2024-04-26,715.0,730.95001,715.0,729.17999,1524400
2024-04-29,729.53003,732.25,720.21997,726.33002,1526900
2024-04-30,725.51001,725.51001,717.099976,722.90002,1734800
2024-05-01,722.27002,729.85999,715.32001,722.21997,1609100
2024-05-02,724.75,734.40002,720.63,732.44,1826900
2024-05-03,734.28003,747.48999,733.34998,743.90002,2323300
2024-05-06,749.59003,756.94,746.47998,756.45001,1773300
2024-05-07,758.69,772.23999,755.57001,771.31,1897800
2024-05-08,770.0,773.39001,762.71002,763.40997,1511900
2024-05-09,763.79999,779.71002,763.60999,779.039978,1716200
2024-05-10,779.039978,787.45001,778.15997,787.19,1652700
2024-05-13,788.0,789.47998,773.58002,775.15002,1596800
2024-05-14,774.92999,780.81,771.42999,777.90002,1327700
2024-05-15,778.52002,789.65997,778.52002,787.039978,1661700
2024-05-16,791.81,804.56,787.83002,793.070007,2000000
2024-05-17,793.60999,797.59998,790.60999,795.81,1309100
2024-05-20,795.25,802.97998,792.39001,793.0,1347100
2024-05-21,795.57001,801.44,792.0,800.92999,1375700
2024-05-22,800.039978,806.34998,798.01001,801.85999,1192800
2024-05-23,804.29999,808.049988,795.42999,796.34003,1519200
2024-05-24,800.63,816.87,799.090027,809.72998,1621900
2024-05-28,809.73999,815.28998,804.71997,813.16998,1986300
2024-05-29,807.02002,813.44,806.28998,806.52002,2282800
2024-05-30,810.20001,819.5,808.29999,815.34003,2288500
2024-05-31,809.030029,811.73999,788.20001,809.89001,4360700
2024-06-03,811.0,827.90997,807.13,815.39001,2008700
2024-06-04,814.97998,828.01001,813.039978,827.39001,1754500
2024-06-05,830.90997,834.39001,821.67999,834.29999,2080000
2024-06-06,835.41998,849.090027,834.32001,842.64001,1735000
2024-06-07,846.67999,850.38,842.28998,845.58002,1593600
2024-06-10,847.17999,849.47998,842.73999,848.34003,1402300
2024-06-11,849.23999,850.94,840.26001,849.31,1690500
2024-06-12,852.31,855.73999,843.60999,847.81,1838300
2024-06-13,847.81,847.81,837.54999,845.96002,1322400
2024-06-14,843.41998,856.17999,841.90997,855.66998,1395500
2024-06-17,854.48999,870.56,853.37,867.90997,1904900
2024-06-18,868.0,873.96002,867.70001,870.75,1763800
2024-06-20,871.31,873.84998,860.56,862.44,1944600
2024-06-21,866.64001,866.96997,847.65002,848.31,3852900
2024-06-24,850.0,850.63,841.51001,848.15997,1722900
2024-06-25,849.32001,855.69,845.0,855.51001,1675700
2024-06-26,852.71997,859.73999,850.059998,856.84003,1505300
2024-06-27,857.71002,858.33002,848.64001,850.62,1254900
2024-06-28,851.25,857.23999,846.81,849.98999,2131700
2024-07-01,853.5,856.0,840.5,845.66998,1989000
2024-07-02,845.69,860.35999,843.080017,859.35999,1377900
2024-07-03,855.0,863.52002,855.0,862.65997,814400
2024-07-05,864.56,886.94,858.71997,885.66998,2620700
2024-07-08,886.78998,887.95001,877.65997,880.84003,1611300
2024-07-09,883.84998,896.66998,882.96997,886.84998,1356800
2024-07-10,887.40002,890.27002,880.70001,884.31,1755800
2024-07-11,890.76001,890.76001,846.52002,846.59003,6021100
2024-07-12,849.89001,850.0,838.38,842.90002,3288400
2024-07-15,846.85999,857.90002,844.66998,848.72998,2064000
2024-07-16,847.79999,851.23999,841.34003,850.77002,1687600
2024-07-17,848.01001,849.95001,842.65002,846.28003,1783100
2024-07-18,849.42999,855.29999,825.10999,839.37,2338500
2024-07-19,836.51001,848.88,835.56,838.13,1984400
2024-07-22,845.75,849.59003,838.59998,847.41998,1920200
2024-07-23,848.90002,854.58002,845.58002,852.10999,1744100
2024-07-24,844.59998,846.0,829.5,830.82001,2511300
2024-07-25,835.78998,836.65002,814.28003,815.95001,2183700
2024-07-26,818.0,822.28003,809.01001,817.59998,1441500
2024-07-29,822.56,823.73999,814.090027,815.56,1320400
2024-07-30,818.0,822.0,803.28003,810.030029,2017200
2024-07-31,820.41998,825.47998,811.27002,822.0,2135000
2024-08-01,818.54999,824.16998,809.67999,816.89001,1861400
2024-08-02,816.20001,830.28998,805.01001,822.080017,2598500
2024-08-05,798.0,810.82001,793.0,801.83002,2820900
2024-08-06,805.059998,833.090027,805.059998,816.88,2476300
2024-08-07,824.10999,833.83002,809.26001,810.29999,1702000
2024-08-08,821.5,842.76001,820.45001,839.42999,2345000
2024-08-09,838.5,857.77002,837.63,854.92999,1710600
2024-08-12,857.25,870.25,852.40002,863.57001,1748200
2024-08-13,864.91998,868.049988,856.15997,864.82001,1484100
2024-08-14,864.87,866.72998,858.5,862.71002,1341500
2024-08-15,872.87,880.33002,869.0,877.34998,1923800
2024-08-16,877.34998,877.34998,868.62,870.59003,1516300
2024-08-19,870.59003,873.63,868.70001,872.34998,1318400
2024-08-20,872.0,876.76001,871.16998,876.20001,1104600
2024-08-21,880.73999,891.12,877.21997,881.41998,1465500
2024-08-22,882.29999,884.0,873.17999,877.56,1440900
2024-08-23,882.48999,884.56,871.66998,879.21002,1305800
2024-08-26,883.16998,893.25,881.44,892.51001,1737000
2024-08-27,892.69,918.92999,887.070007,908.90002,2098900
2024-08-28,910.96002,912.21997,881.65997,888.049988,1668400
2024-08-29,891.0,900.46002,885.16998,886.63,1709900
2024-08-30,890.5,896.33002,883.099976,892.38,1933500
2024-09-03,896.67999,896.89001,874.44,878.57001,1784200
2024-09-04,877.45001,891.76001,876.59003,890.02002,1425200
2024-09-05,888.63,888.63,868.70001,885.97998,1998800
2024-09-06,891.26001,893.20001,871.0,876.67999,2074600
2024-09-09,884.73999,898.83002,881.70001,896.48999,1954000
2024-09-10,892.59998,900.69,887.52002,894.28998,1360800
2024-09-11,895.0,902.0,877.87,900.40002,1796100
2024-09-12,900.41998,915.70001,896.51001,915.030029,1868700
2024-09-13,913.63,923.83002,909.35999,916.0,1327500
2024-09-16,922.0,922.63,905.34998,907.87,1661000
2024-09-17,908.42999,908.59998,895.45001,897.27002,1387000
2024-09-18,899.94,904.97998,890.95001,892.52002,1338200
2024-09-19,904.26001,905.13,895.5,900.73999,1747500
2024-09-20,901.57001,907.81,895.70001,906.97998,4658200
2024-09-23,906.97998,919.5,900.78003,917.080017,1697600
2024-09-24,912.01001,912.77002,897.53003,901.53998,2432600
2024-09-25,903.0,910.35999,901.13,908.41998,1728100
2024-09-26,905.29999,909.23999,898.13,901.44,2738600
2024-09-27,893.26001,893.48999,874.0,885.62,3459100
2024-09-30,891.37,910.0,881.40997,886.52002,2142900
2024-10-01,885.25,886.98999,872.75,877.38,1836700
2024-10-02,874.65002,881.22998,867.15997,878.53003,1317100
2024-10-03,874.44,881.17999,872.66998,875.66998,1451900
2024-10-04,877.98999,884.28998,875.66998,883.10999,1516400
2024-10-07,881.59998,887.71002,872.33002,873.59003,1963200
2024-10-08,876.70001,891.31,876.70001,890.41998,1697900
2024-10-09,892.23999,910.0,887.87,909.099976,1956500
2024-10-10,910.0,910.0,891.84003,893.63,1765800
2024-10-11,894.5,894.5,885.5,889.030029,1527300
2024-10-14,892.45001,895.16998,886.26001,889.76001,1431500
2024-10-15,892.090027,900.65002,889.54999,894.60999,1613900
2024-10-16,889.91998,891.33002,879.5,887.38,1475500
2024-10-17,891.56,895.33002,882.79999,885.28998,1321500
2024-10-18,885.76001,890.60999,883.75,889.56,1654000
2024-10-21,889.0,891.40002,883.70001,886.77002,1184900
2024-10-22,890.97998,894.89001,884.31,893.48999,1189700
2024-10-23,896.02002,905.67999,894.98999,899.16998,2193500
2024-10-24,901.5,903.5,888.26001,893.41998,1649600
2024-10-25,895.65002,901.62,890.0,891.21997,1425800
2024-10-28,895.98999,895.98999,890.0,890.96002,912500
2024-10-29,890.0,891.16998,874.090027,886.98999,1361700
2024-10-30,886.38,886.57001,877.37,879.090027,1412200
2024-10-31,877.20001,877.65002,868.65002,874.17999,1771900
2024-11-01,874.27002,879.40997,867.34003,877.31,1625200
2024-11-04,881.34003,887.0,876.72998,886.070007,1576700
2024-11-05,888.0,895.58002,886.79999,890.16998,1622300
2024-11-06,898.28003,899.90002,886.28003,899.25,2437400
2024-11-07,898.62,919.47998,894.37,913.92999,2145500
2024-11-08,914.0,962.0,913.75,943.79999,3277100
2024-11-11,943.79999,951.28003,931.44,932.88,2181800
2024-11-12,935.95001,939.56,927.0,932.38,1691400
2024-11-13,930.0,937.59003,923.20001,933.72998,1757600
2024-11-14,927.0,931.15002,922.16998,923.89001,1859900
2024-11-15,917.73999,920.54999,905.56,907.070007,2269900
2024-11-18,910.64001,925.94,907.10999,919.51001,1797800
2024-11-19,928.0,934.0,916.35999,930.15002,1690500
2024-11-20,925.080017,928.79999,916.5,928.080017,1452100
2024-11-21,935.0,958.48999,930.0,955.65002,2320500
2024-11-22,962.73999,976.29999,958.52002,964.01001,2078700
2024-11-25,975.0,975.0,949.69,960.89001,3240900
2024-11-26,964.0,974.37,960.89001,971.5,1438000
2024-11-27,971.46002,972.28998,958.59003,961.54999,1499500
2024-11-29,968.090027,973.27002,962.46997,971.88,1095900
2024-12-02,971.35999,976.5,964.76001,975.0,1955800
2024-12-03,974.69,983.0,970.76001,982.15002,1653900
2024-12-04,982.0,991.15002,977.54999,990.91998,1784700
2024-12-05,986.65997,990.13,978.20001,982.26001,2089400
2024-12-06,982.26001,997.71002,982.26001,992.60999,1737300
2024-12-09,997.01001,997.01001,980.5,987.85999,1855500
2024-12-10,989.72998,994.98999,985.88,993.40002,1556800
2024-12-11,995.0,1007.79999,993.59003,994.69,1903600
2024-12-12,1001.67999,1002.46997,987.21002,988.39001,2344300
2024-12-13,981.0,1006.67999,965.72998,989.34998,2951900
2024-12-16,989.049988,1008.25,986.37,992.87,2581300
2024-12-17,994.0,996.91998,980.76001,982.080017,2050200
2024-12-18,982.0,985.59998,964.0,964.73999,2725300
2024-12-19,974.51001,974.64001,953.51001,954.79999,2610800
2024-12-20,949.39001,961.94,943.049988,954.070007,5373800
2024-12-23,953.88,954.26001,937.0,949.90997,1856800
2024-12-24,950.73999,959.38,945.45001,958.82001,939000
2024-12-26,956.82001,959.40997,954.0,956.14001,969000
2024-12-27,948.71997,950.45001,932.0,939.70001,1943400
2024-12-30,931.0,934.16998,915.5,922.21002,1881200
2024-12-31,923.65002,924.73999,912.53998,916.27002,1742900
2025-01-02,915.0,925.77002,902.0,909.81,1765100
2025-01-03,914.33002,924.21002,911.0,916.58002,1612200
2025-01-06,917.97998,927.40997,913.27002,922.71002,1970400
2025-01-07,923.84003,931.31,916.42999,921.37,1888000
2025-01-08,922.97998,930.5,915.41998,927.37,1774800
2025-01-10,933.35999,944.28003,923.5,936.94,2765800
2025-01-13,934.0,934.98999,921.0,924.70001,1693800
2025-01-14,924.29999,927.76001,909.91998,917.22998,1683800
2025-01-15,927.26001,932.87,918.29999,923.5,1839400
2025-01-16,924.72998,927.40002,917.82001,919.75,1353000
2025-01-17,930.0,943.79999,924.57001,943.19,2375000
2025-01-21,945.25,956.54999,943.5,947.72998,2042400
2025-01-22,951.22998,951.94,939.23999,944.70001,2155000
2025-01-23,941.69,943.39001,936.48999,942.15997,1352400
2025-01-24,942.15997,946.039978,933.56,939.67999,1562400
2025-01-27,930.0,966.98999,927.17999,965.25,3044700
2025-01-28,961.83002,965.71002,954.070007,958.66998,2166400
2025-01-29,957.79999,968.26001,955.0,964.02002,1713700
2025-01-30,970.29999,986.75,970.099976,979.01001,1788200
2025-01-31,976.23999,991.0,975.78003,979.88,1875700
2025-02-03,972.39001,1009.60999,968.94,1005.83002,2751000
2025-02-04,1005.40002,1024.34998,999.65002,1021.85999,2001600
2025-02-05,1020.0,1043.089966,1020.0,1042.88,2047600
2025-02-06,1050.0,1063.0,1044.19995,1050.98999,2218000
2025-02-07,1047.0,1056.70996,1035.51001,1043.81006,1632900
2025-02-10,1052.0,1063.0,1046.0,1061.92004,2036900
2025-02-11,1059.91003,1066.0,1049.040039,1058.33997,1748500
2025-02-12,1054.15002,1067.0,1051.0,1065.12,1662300
2025-02-13,1067.01001,1078.22998,1064.65002,1076.85999,1623300
2025-02-14,1076.47998,1077.48999,1068.01001,1071.84998,1410700
2025-02-18,1069.20996,1071.0,1045.23999,1056.030029,2090600
2025-02-19,1056.060059,1063.18005,1053.0,1062.54004,1349600
2025-02-20,1053.64001,1053.64001,1033.84998,1034.82996,2000500
2025-02-21,1034.60999,1036.20996,1024.68005,1035.030029,1816300
2025-02-24,1028.54004,1038.18994,1025.21997,1035.59998,1759700
2025-02-25,1040.72998,1057.02002,1037.45996,1055.66003,2083800
2025-02-26,1050.14001,1058.89001,1030.18005,1031.96997,1555700
2025-02-27,1034.0,1042.53003,1018.83002,1021.71002,1629100
2025-02-28,1030.60999,1049.38,1023.98999,1048.60999,3307100
2025-03-03,1051.73999,1066.0,1041.14001,1046.84998,2422500
2025-03-04,1045.72998,1047.93005,1028.72998,1036.87,2536800
2025-03-05,1033.079956,1050.97998,1028.5,1047.75,1898600
2025-03-06,1032.94995,1045.89001,1019.049988,1026.62,2594600
2025-03-07,995.15002,1002.41998,942.78003,964.31,5510700
2025-03-10,955.46997,959.65997,924.030029,934.40997,4459900
2025-03-11,931.0,938.0,921.20001,930.48999,3204900
2025-03-12,938.0,944.38,923.25,927.080017,2331600
2025-03-13,922.0,923.5,887.46997,890.62,3447200
2025-03-14,891.81,906.95001,881.56,903.91998,3186400
2025-03-17,901.63,923.39001,898.0,916.60999,2256100
2025-03-18,913.0,917.56,896.84003,898.049988,2182000
2025-03-19,902.85999,910.15997,896.0,904.049988,1908500
2025-03-20,901.5,907.47998,894.099976,895.40002,1891800
2025-03-21,888.75,909.77002,883.96002,909.26001,3447600
2025-03-24,920.0,928.65002,920.0,926.039978,2208100
2025-03-25,926.63,932.28998,922.48999,930.26001,1623000
2025-03-26,934.33002,939.41998,923.45001,929.75,1644700
2025-03-27,929.56,942.90002,928.0,938.75,1547000
2025-03-28,937.5,938.75,926.0,929.65997,2100500
2025-03-31,922.35999,995.0,922.039978,945.78003,3102000
2025-04-01,942.41998,957.71997,938.75,954.40002,2041500
2025-04-02,950.84003,970.89001,950.0,965.080017,1719900
2025-04-03,931.080017,981.34998,928.0,967.080017,3096900
2025-04-04,955.0,964.52002,914.14001,916.47998,5167000
2025-04-07,887.75,937.82001,871.71002,908.13,4626600
2025-04-08,932.049988,942.98999,899.57001,908.75,3545400
2025-04-09,908.0,967.46002,897.66998,965.19,5084500
2025-04-10,966.5,993.40997,942.89001,964.31,4209100
2025-04-11,963.96002,970.21002,943.15997,963.40997,2721800
2025-04-14,970.0,987.13,965.0,979.32001,2219900
2025-04-15,985.34998,994.0,974.25,976.91998,1788200
2025-04-16,972.13,978.65002,959.23999,967.75,2531700
2025-04-17,973.28003,999.91998,971.98999,994.5,2705500
2025-04-21,993.0,996.98999,942.96997,957.77002,2841300
2025-04-22,969.75,987.45001,966.78003,979.22998,2230600
2025-04-23,994.52002,995.75,969.0,975.84003,2109700
2025-04-24,973.59998,978.0,960.71002,975.47998,2468500
2025-04-25,973.96997,978.32001,962.88,977.15997,1780900
2025-04-28,978.5,985.29999,968.78003,978.53998,1616200
2025-04-29,978.0,993.21002,971.059998,991.70001,1523100
2025-04-30,990.0,997.76001,976.54999,994.5,2212400
2025-05-01,990.099976,1006.38,985.0,999.039978,1829900
2025-05-02,1007.83002,1018.0,1004.60999,1008.29999,1547400
2025-05-05,1007.51001,1017.78003,1002.5,1014.89001,1952600
2025-05-06,1008.45001,1016.22998,1003.51001,1010.5,1381200
2025-05-07,1011.17999,1014.099976,1001.46997,1007.15002,1316000
2025-05-08,1013.5,1017.0,991.40002,1007.71002,1882600
2025-05-09,1004.60999,1010.71002,998.049988,1008.090027,1176700
2025-05-12,1009.78998,1016.90997,992.23999,1016.15002,2069000
2025-05-13,1013.71997,1023.83002,987.59998,999.030029,2917000
2025-05-14,998.76001,999.85999,990.52002,991.53998,2215000
2025-05-15,992.65002,1014.0,983.0,1010.46997,2470700
2025-05-16,1012.48999,1028.26001,1009.0,1025.82996,2033700
2025-05-19,1018.59998,1034.98999,1012.89001,1034.33997,1879800
2025-05-20,1030.01001,1038.0,1030.01001,1036.81995,2271200
2025-05-21,1030.93994,1039.46997,1023.79999,1025.30005,1438900
2025-05-22,1027.71997,1028.78003,1014.12,1018.13,1660900
2025-05-23,1012.0,1015.10999,1007.0,1008.5,1413900
2025-05-27,1015.0,1018.95001,1010.92999,1017.78998,1868200
2025-05-28,1017.049988,1024.62,1012.96002,1013.14001,1674700
2025-05-29,1016.01001,1017.53998,1003.59998,1008.73999,2016700
2025-05-30,1002.29999,1052.48999,1002.0,1040.18005,5403800
2025-06-02,1034.27002,1060.5,1034.27002,1056.84998,2148000
2025-06-03,1054.15002,1067.079956,1043.26001,1055.58997,1992900
2025-06-04,1055.0,1057.82996,1049.37,1051.68994,1422100
2025-06-05,1050.0,1051.050049,1006.01001,1010.81,3289400
2025-06-06,1020.63,1020.63,1008.60999,1014.94,1855400
2025-06-09,1012.41998,1013.34998,996.96997,1006.17999,1696700
2025-06-10,1006.92999,1011.51001,997.71997,1007.27002,2255000
2025-06-11,1002.44,1005.44,993.38,996.78003,2459800
2025-06-12,999.0,1003.25,995.35999,1002.71002,1720100
2025-06-13,999.080017,1003.59003,988.66998,990.21002,1786000
2025-06-16,992.33002,1001.84998,981.44,984.35999,2109300
2025-06-17,983.0,986.099976,976.20001,977.71997,1668200
2025-06-18,980.0,982.65002,974.070007,974.90002,1509600
2025-06-20,983.98999,988.65997,973.90002,980.28998,3255700
2025-06-23,983.15002,1004.87,981.26001,1004.47998,2082900
2025-06-24,1005.84003,1005.84003,992.070007,1001.91998,2385100
2025-06-25,1003.0,1004.97998,986.0,986.53998,1827700
2025-06-26,987.72998,987.72998,976.5,982.90997,2262800
2025-06-27,982.23999,993.14001,980.29999,985.14001,2129200
2025-06-30,985.15997,991.73999,979.75,989.94,2127600
2025-07-01,990.0,996.84003,974.5,985.96002,2200600
2025-07-02,983.87,985.70001,976.87,982.35999,1606100
2025-07-03,982.40997,987.66998,977.33002,987.02002,1101400
2025-07-07,985.0,992.89001,976.20001,992.17999,1832600
2025-07-08,989.5,995.87,983.92999,985.84003,1716200
2025-07-09,988.39001,988.39001,972.28003,982.090027,2922600
2025-07-10,987.0,988.0,969.070007,970.16998,2897000
2025-07-11,973.28998,978.97998,965.70001,970.33002,1942000
2025-07-14,971.099976,981.48999,969.62,980.90997,1679300
2025-07-15,979.25,980.25,966.65997,967.67999,1878000
2025-07-16,967.98999,969.59003,950.13,951.37,2950300
2025-07-17,950.35999,954.75,947.51001,953.90997,2280600
2025-07-18,959.95001,960.26001,949.65002,950.95001,2115500
2025-07-21,951.51001,955.76001,946.59998,947.56,1742400
2025-07-22,948.79999,957.70001,941.25,941.60999,1799900
2025-07-23,942.38,948.5,936.0,941.19,2401600
2025-07-24,941.33002,942.90002,933.48999,933.79999,2057100
2025-07-25,936.29999,941.28998,934.34998,935.47998,1827700
2025-07-28,935.5,940.23999,930.89001,933.98999,2006300
2025-07-29,933.98999,941.78998,927.38,934.57001,2065900
2025-07-30,935.0,937.75,925.14001,927.51001,1699600
2025-07-31,925.35999,945.95001,925.0,939.64001,2564400
2025-08-01,939.5,956.71997,939.5,952.52002,2934500
2025-08-04,952.59998,960.17999,948.65997,955.37,2389900
2025-08-05,951.33002,951.5,935.67999,943.63,2462300
2025-08-06,943.63,970.54999,942.65997,968.56,2753000
2025-08-07,974.67999,982.0,970.96002,977.45001,1893300
2025-08-08,977.15002,988.20001,977.0,980.97998,2189700
2025-08-11,983.15997,989.58002,976.32001,988.73999,2290100
2025-08-12,988.5,991.75,980.049988,991.25,1588500
2025-08-13,983.96002,986.40002,970.099976,978.84998,2352600
2025-08-14,980.59998,988.28998,975.17999,975.39001,1808700
2025-08-15,979.14001,980.0,967.21997,972.039978,1638300
2025-08-18,973.29999,981.28003,970.0,979.34998,2078500
2025-08-19,978.62,988.53003,976.78998,980.84998,1673400
2025-08-20,979.0,999.29999,979.0,994.57001,2229600
2025-08-21,988.90002,989.32001,967.52002,969.67999,2145600
2025-08-22,971.53998,973.5,953.10999,958.53998,3136000
2025-08-25,954.96002,958.29999,940.56,941.58002,2284300
2025-08-26,941.34003,944.049988,933.25,941.34003,4341300
2025-08-27,940.48999,952.0,937.21997,949.52002,1893600
2025-08-28,950.28998,951.0,944.13,944.96002,2067900
2025-08-29,945.0,948.60999,940.46002,943.32001,1609000
2025-09-02,938.65997,944.51001,936.58002,938.82001,1793900
2025-09-03,939.0,950.090027,936.5,949.78003,1670500
2025-09-04,953.40002,959.5,951.10999,955.90002,1471900
2025-09-05,958.71002,969.54999,956.21997,963.47998,1928500
2025-09-08,963.72998,972.34003,958.59003,971.84998,1737000
2025-09-09,970.0,979.87,963.10999,979.25,1496800
2025-09-10,976.39001,981.0,953.96002,956.28998,2277500
2025-09-11,957.79999,965.15997,954.28003,964.32001,1532000
2025-09-12,960.28998,969.57001,960.0,967.90002,1461600
2025-09-15,967.82001,969.73999,959.71002,960.099976,2199400
2025-09-16,959.099976,959.58002,950.79999,952.070007,2012600
2025-09-17,953.48999,963.97998,953.48999,963.030029,1556800
2025-09-18,957.37,962.53998,950.66998,952.35999,1860900
2025-09-19,955.0,957.44,943.78998,951.15997,4606000
2025-09-22,947.38,950.0,939.60999,943.26001,2794300
2025-09-23,942.76001,944.98999,933.5,943.59998,3258500
2025-09-24,944.28003,953.65997,943.10999,945.27002,2149800
2025-09-25,952.45001,953.0,935.62,943.31,2991500
2025-09-26,925.54999,927.63,905.049988,915.95001,4812900
2025-09-29,916.34003,917.21997,903.28998,916.87,4107000
2025-09-30,916.25,930.51001,913.37,925.63,3096700
2025-10-01,923.0,924.0,911.16998,917.34003,2642100
2025-10-02,912.56,918.51001,910.01001,916.77002,2063800
2025-10-03,915.59003,918.099976,911.20001,915.38,2319200
2025-10-06,915.5,915.78003,904.25,910.94,2504000
2025-10-07,908.72998,917.64001,903.88,914.79999,2601800
2025-10-08,912.53998,916.38,910.96002,914.79999,2376900
2025-10-09,932.31,943.77002,927.28003,942.89001,3742900
2025-10-10,944.41998,945.45001,929.0,930.01001,3142500
2025-10-13,929.0,935.97998,923.0,935.56,2169600
2025-10-14,940.26001,947.41998,935.95001,946.51001,1925900
2025-10-15,946.0,964.0,945.26001,954.98999,2009800
2025-10-16,955.53998,957.90002,921.15997,925.62,2721400
2025-10-17,929.58002,938.82001,928.15002,936.33002,2502200
2025-10-20,936.19,939.79999,931.5,936.10999,1523700
2025-10-21,936.10999,943.37,935.0,937.5,1448200
2025-10-22,940.0,953.0,932.5,944.67999,2372400
2025-10-23,945.46997,945.46997,934.48999,942.049988,1974800
2025-10-24,940.0,943.0,930.15002,932.14001,1639400
2025-10-27,930.21002,933.20001,925.12,929.84998,1967600
2025-10-28,926.87,930.71997,920.20001,924.15997,2090800
2025-10-29,919.0,919.88,909.29999,912.41998,2449600
2025-10-30,912.69,923.0,910.37,920.17999,2677100
2025-10-31,916.21002,920.0,909.67999,911.45001,2456300
2025-11-03,912.40002,929.19,908.38,928.039978,3206600
2025-11-04,933.21002,941.16998,928.96997,940.73999,2554500
2025-11-05,940.0,945.28003,927.44,935.030029,2974800
2025-11-06,924.35999,925.0,908.29999,923.58002,3247700
2025-11-07,929.53003,937.0,920.78998,922.73999,2584000
2025-11-10,919.0,922.0,909.070007,915.56,2612700
2025-11-11,916.5,918.89001,913.0,913.85999,1663400
2025-11-12,915.46997,918.099976,911.66998,914.0,1829700
2025-11-13,916.34998,926.75,911.71997,925.080017,2430600
2025-11-14,927.13,928.89001,915.099976,922.97998,1739100
2025-11-17,922.02002,924.90002,908.81,912.59003,2481900
2025-11-18,912.59003,918.90997,894.16998,895.080017,2984700
2025-11-19,895.0,895.0,873.96997,890.59998,3462300
2025-11-20,893.5,904.57001,891.0,893.28998,2648300
2025-11-21,894.52002,905.32001,892.13,899.01001,2870100
2025-11-24,899.0,901.35999,881.32001,886.12,3661200
2025-11-25,886.65997,895.71997,885.13,894.33002,2534700
2025-11-26,896.02002,912.0,895.62,908.26001,1936200
2025-11-28,905.02002,914.20001,903.0,913.59003,1092600
2025-12-01,913.20001,918.58002,906.21002,911.96002,2149400
2025-12-02,911.96002,923.0,905.0,922.030029,2160600
2025-12-03,920.81,926.32001,916.02002,922.26001,1886800
2025-12-04,907.030029,907.96002,888.080017,895.85999,3787800
2025-12-05,897.25,905.89001,893.0,894.67999,2359800
2025-12-08,893.5,894.0,882.90002,887.52002,2407900
2025-12-09,886.84998,889.02002,881.51001,888.44,1899500
2025-12-10,887.82001,889.58002,871.090027,874.40997,3318300
2025-12-11,875.85999,886.0,872.54999,884.47998,3041600
2025-12-12,883.29999,888.62,867.12,884.46997,4808900
2025-12-15,882.10999,887.48999,851.40002,860.56,4771400
2025-12-16,857.44,863.59003,844.059998,860.39001,3843300
2025-12-17,858.5,868.58002,858.22998,862.65002,2363700
2025-12-18,860.29999,863.15002,852.51001,857.59003,2467500
2025-12-19,856.57001,858.45001,849.32001,855.62,10097600
2025-12-22,854.0,855.5,847.31,850.0,2373300
2025-12-23,849.099976,854.97998,846.79999,854.78998,1903300
2025-12-24,858.59998,876.0,858.34998,871.85999,1822200
2025-12-26,870.64001,877.59003,869.0,873.34998,1324100
2025-12-29,873.28998,874.5,865.69,867.84003,1792500
2025-12-30,864.0,867.82001,861.42999,865.65002,1680800
