DateTime,Open,High,Low,Close,Volume
2015-01-02,111.63,113.0,110.85,112.58,5907276
2015-01-05,110.96,111.2,107.44,108.080002,11758103
2015-01-06,107.87,109.019997,106.48,108.029999,11591591
2015-01-07,109.25,109.72,107.51,107.94,10353817
2015-01-08,109.19,110.44,108.6,110.41,8650761
2015-01-09,110.14,110.22,107.67,108.21,9584510
2015-01-12,107.47,107.47,105.56,105.88,8912332
2015-01-13,106.92,107.66,103.19,104.2,13277742
2015-01-14,103.2,104.41,101.83,103.9,14116923
2015-01-15,104.41,104.94,102.53,102.67,9664562
2015-01-16,102.47,105.14,102.47,105.12,12604555
2015-01-20,104.56,106.58,103.81,106.47,10406775
2015-01-21,106.79,108.27,106.35,108.16,8271024
2015-01-22,108.76,109.12,106.99,108.92,7471142
2015-01-23,108.22,108.75,106.73,106.85,7984439
2015-01-26,107.22,109.35,106.32,108.88,7670519
2015-01-27,108.11,108.81,107.63,108.26,6388680
2015-01-28,108.16,108.17,103.42,103.71,10526500
2015-01-29,104.24,104.63,101.66,103.0,13994381
2015-01-30,101.6,103.28,98.88,102.53,20584736
2015-02-02,103.98,106.13,102.97,106.059998,11537611
2015-02-03,107.7,110.11,107.67,109.53,14266747
2015-02-04,108.49,109.28,107.39,108.35,10176015
2015-02-05,109.57,110.11,108.57,109.31,7533342
2015-02-06,109.66,110.46,109.11,109.61,7655453
2015-02-09,109.84,111.5,109.65,110.43,6402999
2015-02-10,110.52,110.62,108.089996,110.18,7033704
2015-02-11,108.98,110.18,108.29,109.98,8662041
2015-02-12,110.28,111.050003,109.82,110.86,6618029
2015-02-13,111.35,112.84,111.099998,112.78,7494358
2015-02-17,112.31,112.93,111.52,112.4,7097331
2015-02-18,111.25,111.65,110.37,110.44,6920274
2015-02-19,108.2,109.58,107.24,108.35,9721100
2015-02-20,108.43,108.87,107.5,108.6,7610626
2015-02-23,107.79,108.5,107.35,107.86,6723971
2015-02-24,107.89,108.24,107.34,107.96,5708397
2015-02-25,108.12,108.78,107.76,108.58,4806459
2015-02-26,107.89,107.92,106.6,107.059998,5903095
2015-02-27,107.52,107.73,106.57,106.68,6396479
2015-03-02,106.32,106.34,104.93,105.9,7343708
2015-03-03,105.88,106.22,104.81,105.16,6901215
2015-03-04,105.64,105.64,104.44,105.16,5784901
2015-03-05,105.010002,105.31,104.33,104.73,5156898
2015-03-06,104.22,104.52,103.17,103.55,7213295
2015-03-09,103.6,105.63,103.5,103.95,7506197
2015-03-10,103.79,104.55,102.33,102.91,10679023
2015-03-11,103.52,103.89,102.45,103.54,8440653
2015-03-12,104.22,104.51,102.3,102.42,5900575
2015-03-13,101.84,101.84,100.66,101.62,8345174
2015-03-16,101.44,103.27,101.0,103.13,6780238
2015-03-17,102.3,103.55,102.099998,103.17,7097520
2015-03-18,102.61,106.88,102.37,106.7,11059731
2015-03-19,105.099998,105.4,104.65,104.75,7841872
2015-03-20,105.29,107.26,105.11,107.029999,14064856
2015-03-23,107.51,107.69,105.92,105.92,6807745
2015-03-24,105.92,106.19,104.16,104.2,6677767
2015-03-25,104.66,106.19,104.33,105.67,9169445
2015-03-26,106.28,106.52,104.16,105.25,7276931
2015-03-27,104.99,104.99,103.67,104.28,5830340
2015-03-30,104.97,107.21,104.97,106.9,7172401
2015-03-31,105.62,106.07,104.88,104.98,7254082
2015-04-01,105.77,106.22,104.5,104.79,7347231
2015-04-02,104.45,105.68,104.080002,105.28,5123901
2015-04-06,106.029999,107.86,105.22,106.92,6723967
2015-04-07,106.97,109.089996,106.62,108.54,8535966
2015-04-08,108.86,108.92,106.52,106.66,7894791
2015-04-09,106.8,107.24,106.18,106.95,5760463
2015-04-10,107.47,107.66,106.81,106.91,5012178
2015-04-13,107.35,107.9,106.44,106.5,4307219
2015-04-14,107.7,109.089996,107.26,108.84,7262725
2015-04-15,109.59,110.69,109.38,110.41,6703965
2015-04-16,109.9,110.94,109.0,110.16,5904249
2015-04-17,109.36,109.69,108.26,109.11,6548736
2015-04-20,109.57,111.71,109.55,110.29,7148830
2015-04-21,110.050003,110.74,109.31,109.73,5674862
2015-04-22,110.050003,110.44,109.21,109.5,5643072
2015-04-23,110.0,110.65,109.6,109.97,6940005
2015-04-24,109.67,110.040001,109.029999,109.87,4994970
2015-04-27,110.34,110.74,109.54,109.7,4858713
2015-04-28,110.050003,111.24,109.65,111.12,5321604
2015-04-29,110.82,111.99,110.68,111.73,5665849
2015-04-30,112.040001,112.2,110.44,111.059998,6666787
2015-05-01,110.28,110.8,108.34,109.040001,10362711
2015-05-04,109.38,109.41,107.99,108.32,7660071
2015-05-05,109.24,109.93,108.0,108.0,6463346
2015-05-06,109.24,109.53,107.3,107.95,5820403
2015-05-07,107.69,108.2,106.69,107.57,5798286
2015-05-08,108.29,108.8,107.4,108.65,7078850
2015-05-11,108.65,108.69,107.3,107.36,6003613
2015-05-12,107.44,108.0,107.099998,107.56,5026480
2015-05-13,107.98,108.47,107.3,107.7,5517559
2015-05-14,108.019997,109.3,108.019997,108.45,9751666
2015-05-15,107.21,108.33,106.94,108.029999,5641588
2015-05-18,107.5,107.51,106.58,106.65,6390598
2015-05-19,106.050003,106.31,105.0,105.019997,7927644
2015-05-20,105.42,105.9,104.76,105.25,6521187
2015-05-21,105.97,106.27,105.3,105.49,6549347
2015-05-22,105.089996,105.55,104.86,104.89,4717179
2015-05-26,104.22,104.44,102.93,103.29,8010150
2015-05-27,103.2,103.78,102.73,103.11,5857534
2015-05-28,102.96,103.42,102.38,103.24,5099925
2015-05-29,103.14,103.57,102.67,103.0,6673374
2015-06-01,103.47,103.75,102.49,102.63,5412416
2015-06-02,102.65,103.11,102.11,102.58,5040002
2015-06-03,102.4,103.38,102.12,102.17,5175666
2015-06-04,101.89,102.37,100.98,101.39,6896416
2015-06-05,101.18,103.099998,100.99,101.59,6080925
2015-06-08,101.29,101.39,99.95,100.42,8213862
2015-06-09,100.7,101.25,100.22,100.42,7156959
2015-06-10,102.52,102.58,101.52,101.83,7588426
2015-06-11,101.87,102.2,100.94,101.12,5582880
2015-06-12,100.52,100.69,99.63,99.87,6475549
2015-06-15,99.45,100.059998,99.13,99.29,6178081
2015-06-16,99.2,100.44,98.81,100.040001,8763706
2015-06-17,100.83,101.17,99.52,99.76,8231073
2015-06-18,100.26,100.9,100.15,100.25,7167979
2015-06-19,99.72,100.17,99.46,99.47,10512046
2015-06-22,99.83,100.37,99.37,100.29,6416085
2015-06-23,99.96,100.43,99.54,100.089996,5697930
2015-06-24,99.98,100.68,99.27,99.27,7451884
2015-06-25,99.45,99.66,98.29,98.34,6062807
2015-06-26,98.24,98.69,97.81,98.6,10015533
2015-06-29,97.5,97.96,96.6,96.69,8764550
2015-06-30,97.45,97.66,96.22,96.47,9925372
2015-07-01,96.3,96.62,95.55,96.089996,7295347
2015-07-02,96.36,96.67,95.72,95.87,6419079
2015-07-06,95.059998,95.56,94.48,94.77,8341632
2015-07-07,94.41,95.48,93.5,95.27,11774876
2015-07-08,94.59,95.089996,93.26,93.56,7719125
2015-07-09,94.9,95.21,93.76,93.78,7908996
2015-07-10,94.53,94.95,94.07,94.41,5631910
2015-07-13,94.31,94.89,94.15,94.6,5038824
2015-07-14,94.4,95.79,94.39,95.55,5218610
2015-07-15,95.040001,95.7,93.89,94.24,6490360
2015-07-16,94.28,94.73,93.9,94.48,6422701
2015-07-17,94.23,94.39,92.9,93.15,8214191
2015-07-20,93.3,93.49,92.59,92.94,6018088
2015-07-21,93.0,94.14,93.0,93.9,7043079
2015-07-22,93.51,94.33,93.29,93.51,9327496
2015-07-23,93.57,94.07,92.7,92.94,7360651
2015-07-24,92.78,92.78,90.35,90.6,11158429
2015-07-27,89.86,90.089996,88.74,89.14,10342743
2015-07-28,89.45,92.69,89.43,92.4,11536851
2015-07-29,91.98,93.4,91.44,93.25,9821523
2015-07-30,93.45,93.81,92.75,93.029999,6435725
2015-07-31,91.52,91.75,88.010002,88.48,19063380
2015-08-03,87.28,87.33,85.32,85.6,14142213
2015-08-04,85.74,86.9,84.68,85.21,8537190
2015-08-05,85.44,86.0,83.87,84.029999,11254620
2015-08-06,83.56,85.58,82.89,85.19,9805030
2015-08-07,84.71,85.26,83.43,83.75,7422037
2015-08-10,84.2,86.099998,83.88,85.89,8342004
2015-08-11,84.38,85.98,83.6,85.78,9797380
2015-08-12,85.0,87.11,84.92,86.79,11380674
2015-08-13,86.029999,86.34,85.45,85.85,9562433
2015-08-14,85.78,86.42,85.29,85.99,7748930
2015-08-17,84.46,84.51,83.11,83.23,12602499
2015-08-18,83.080002,83.77,82.82,83.44,9093385
2015-08-19,82.87,82.91,80.67,80.91,13129019
2015-08-20,80.66,81.29,79.24,79.24,11857241
2015-08-21,78.87,79.59,75.71,75.76,18383556
2015-08-24,70.55,75.38,69.58,72.12,24191930
2015-08-25,74.93,75.019997,69.84,70.019997,21127982
2015-08-26,71.72,73.099998,70.94,73.089996,17400442
2015-08-27,75.0,78.12,74.56,77.64,21539600
2015-08-28,77.72,81.2,77.58,80.43,23735372
2015-08-31,80.010002,81.080002,77.92,80.99,16880412
2015-09-01,78.76,79.39,77.52,78.19,17954184
2015-09-02,79.75,79.75,77.23,78.059998,14255864
2015-09-03,78.7,79.42,77.69,78.26,12282635
2015-09-04,77.3,77.63,76.45,76.67,11210025
2015-09-08,77.53,77.56,76.24,76.84,9316497
2015-09-09,77.43,78.2,74.75,74.92,11297445
2015-09-10,75.73,75.8,74.31,75.66,11475168
2015-09-11,75.94,76.25,75.089996,75.79,11032075
2015-09-14,75.52,76.0,74.96,75.77,10235464
2015-09-15,76.43,77.69,76.21,77.17,11678095
2015-09-16,77.82,79.21,77.77,79.019997,12593547
2015-09-17,79.12,80.47,78.6,79.41,12324310
2015-09-18,77.91,78.7,76.97,77.74,18635914
2015-09-21,78.3,78.73,77.84,78.089996,8523538
2015-09-22,76.84,77.69,76.49,77.25,9692322
2015-09-23,77.4,77.53,75.76,76.12,9043003
2015-09-24,75.45,77.31,75.099998,76.89,10302612
2015-09-25,77.87,78.16,76.92,77.7,10862600
2015-09-28,76.66,76.93,75.75,75.77,10567039
2015-09-29,76.040001,76.66,75.28,76.25,8797768
2015-09-30,77.15,79.019997,77.0,78.88,14108838
2015-10-01,79.72,80.89,77.81,78.34,11111852
2015-10-02,77.74,81.55,77.31,81.55,13051868
2015-10-05,82.41,84.19,82.35,84.029999,14196767
2015-10-06,84.18,87.63,84.07,86.99,18897094
2015-10-07,88.25,89.51,86.28,88.12,17694436
2015-10-08,87.89,90.14,87.8,89.91,11299052
2015-10-09,90.2,90.4,88.67,89.57,10011072
2015-10-12,89.86,89.98,87.87,88.74,7917484
2015-10-13,87.8,88.94,87.29,88.38,8012541
2015-10-14,88.23,89.97,87.71,89.76,9734525
2015-10-15,89.65,90.87,88.44,90.72,8960365
2015-10-16,91.55,91.66,90.019997,91.29,7821198
2015-10-19,90.36,90.54,89.22,90.029999,8900398
2015-10-20,89.5,90.49,89.39,89.99,8221081
2015-10-21,89.44,90.63,89.14,89.33,7431113
2015-10-22,89.74,91.81,89.74,91.62,8971668
2015-10-23,90.75,91.93,90.089996,91.24,8134783
2015-10-26,90.87,90.88,88.58,88.77,8606586
2015-10-27,87.73,87.96,86.74,87.7,9328837
2015-10-28,88.21,90.12,87.92,89.79,8236499
2015-10-29,89.32,90.93,89.14,89.89,6686014
2015-10-30,91.14,91.98,89.41,90.88,11559260
2015-11-02,90.61,95.28,90.48,94.96,14277339
2015-11-03,95.42,98.64,95.42,98.14,17669242
2015-11-04,98.019997,98.099998,96.080002,96.77,11931305
2015-11-05,96.050003,96.55,94.33,94.55,11184823
2015-11-06,93.71,94.07,91.76,94.029999,9634175
2015-11-09,93.48,94.45,92.099998,92.32,7659074
2015-11-10,92.099998,93.5,91.84,93.23,6823080
2015-11-11,93.39,93.71,91.86,92.19,6085309
2015-11-12,90.75,91.15,89.25,89.86,8951325
2015-11-13,89.57,89.97,88.19,88.68,7676617
2015-11-16,87.79,91.47,87.79,91.45,10101083
2015-11-17,91.27,92.5,90.7,91.029999,7575788
2015-11-18,91.44,92.75,91.029999,92.21,6886943
2015-11-19,92.029999,92.37,90.43,90.83,6096699
2015-11-20,90.64,91.31,88.81,89.010002,8561439
2015-11-23,88.65,90.44,88.11,90.010002,6889551
2015-11-24,90.19,92.3,89.8,91.35,8549048
2015-11-25,90.71,91.32,90.16,90.87,5419252
2015-11-27,90.25,90.84,90.050003,90.37,2547796
2015-11-30,90.64,91.96,90.44,91.32,12179419
2015-12-01,90.97,92.65,90.97,92.48,6975541
2015-12-02,92.6,92.69,90.029999,90.25,11830749
2015-12-03,90.81,91.42,88.36,88.85,10996782
2015-12-04,87.9,89.82,86.49,89.71,13170192
2015-12-07,87.48,87.94,84.9,87.28,15378937
2015-12-08,85.81,88.0,84.25,86.44,13397477
2015-12-09,86.67,90.14,86.3,87.6,14675834
2015-12-10,88.0,90.46,87.61,89.3,14534835
2015-12-11,87.85,87.91,86.089996,86.44,13186853
2015-12-14,86.3,89.59,85.41,89.33,12430668
2015-12-15,90.58,93.4,90.55,92.76,19158528
2015-12-16,92.58,93.82,90.81,93.44,16917860
2015-12-17,93.5,94.0,90.4,90.54,14082454
2015-12-18,90.059998,91.27,89.3,89.81,20167178
2015-12-21,90.4,90.7,88.21,89.24,12852265
2015-12-22,89.12,90.79,88.3,90.27,9661724
2015-12-23,92.2,93.85,91.57,93.81,11172797
2015-12-24,93.95,93.95,92.010002,92.050003,4998746
2015-12-28,90.31,90.72,89.69,90.36,6799990
2015-12-29,91.89,92.58,91.07,91.25,6471219
2015-12-30,90.099998,90.98,89.89,90.089996,5600215
2015-12-31,89.38,90.86,89.019997,89.96,6988718
2016-01-04,89.53,90.11,87.57,88.85,11397278
2016-01-05,89.050003,89.65,87.84,89.61,7883427
2016-01-06,87.44,87.78,85.16,86.07,14511395
2016-01-07,84.55,85.75,82.67,83.019997,15368822
2016-01-08,83.39,83.84,81.22,82.13,11891638
2016-01-11,82.85,82.97,79.77,80.77,14366364
2016-01-12,82.2,82.4,79.69,82.15,13477497
2016-01-13,83.16,84.25,80.010002,81.33,15550097
2016-01-14,81.95,86.17,80.95,85.47,16433363
2016-01-15,81.64,83.81,80.87,83.67,17870288
2016-01-19,84.17,84.75,80.79,81.51,13155558
2016-01-20,79.98,80.31,75.33,78.98,26151132
2016-01-21,78.8,81.65,78.019997,81.050003,16107819
2016-01-22,84.46,85.19,81.72,83.54,15724559
2016-01-25,82.29,84.29,80.8,80.89,12370283
2016-01-26,81.97,84.5,81.35,84.12,12191392
2016-01-27,83.95,86.099998,82.36,83.29,12380644
2016-01-28,85.75,86.69,83.7,85.92,13017445
2016-01-29,84.050003,86.71,82.95,86.47,20248924
2016-02-01,85.15,86.089996,84.24,85.29,10958349
2016-02-02,82.71,83.040001,80.96,81.24,13326168
2016-02-03,82.39,84.63,79.85,84.62,13964076
2016-02-04,84.59,86.19,83.83,84.79,12824997
2016-02-05,83.94,84.29,82.26,82.88,15090100
2016-02-08,81.76,86.7,81.099998,85.99,17712810
2016-02-09,85.080002,85.79,82.17,82.92,12605567
2016-02-10,82.77,83.9,81.5,83.040001,12110253
2016-02-11,81.6,83.66,80.64,82.99,12741442
2016-02-12,83.8,85.58,83.2,85.43,9835059
2016-02-16,85.23,85.39,83.31,84.81,10631525
2016-02-17,85.41,88.66,85.019997,88.31,12710513
2016-02-18,88.75,89.25,86.61,86.73,9517800
2016-02-19,86.33,86.54,84.8,86.5,9783335
2016-02-22,87.87,89.84,87.5,88.82,10299941
2016-02-23,88.39,88.48,84.7,84.91,10655795
2016-02-24,83.33,85.49,82.9,85.27,9775214
2016-02-25,85.67,85.71,83.74,85.3,9452639
2016-02-26,86.97,87.099998,84.28,84.35,9369888
2016-02-29,84.94,85.19,83.07,83.44,11549592
2016-03-01,84.12,86.53,83.37,86.13,11614709
2016-03-02,85.4,87.18,84.4,87.14,9637588
2016-03-03,87.0,87.57,86.050003,87.53,8526088
2016-03-04,87.42,88.62,86.7,87.93,9328586
2016-03-07,87.94,90.76,87.55,90.67,12784315
2016-03-08,90.38,91.080002,88.33,88.74,10508379
2016-03-09,89.7,94.64,89.47,92.82,19323120
2016-03-10,92.79,93.95,92.019997,93.94,12090872
2016-03-11,94.95,96.14,93.38,94.58,14098765
2016-03-14,93.57,94.83,93.089996,94.26,6898929
2016-03-15,93.15,94.4,92.25,94.27,7006274
2016-03-16,94.72,96.14,93.72,95.4,9969157
2016-03-17,96.25,97.74,95.29,96.89,10679350
2016-03-18,97.85,97.91,95.86,97.69,14436252
2016-03-21,97.019997,97.54,95.91,96.44,8040053
2016-03-22,95.75,96.91,95.32,95.5,7567117
2016-03-23,94.72,94.81,93.040001,93.59,10302848
2016-03-24,92.54,94.94,92.25,94.85,8159102
2016-03-28,94.9,95.080002,94.0,94.68,5054040
2016-03-29,93.79,95.39,92.94,95.32,6616592
2016-03-30,96.35,96.69,95.16,95.25,6182944
2016-03-31,95.19,96.2,94.95,95.4,5943864
2016-04-01,93.69,94.78,93.32,94.26,7555891
2016-04-04,94.44,94.48,93.029999,93.43,6552034
2016-04-05,93.0,93.35,92.43,92.67,6661963
2016-04-06,93.15,95.0,92.82,94.84,6836439
2016-04-07,94.37,95.029999,94.080002,94.79,6817715
2016-04-08,96.25,96.87,95.76,96.33,7108491
2016-04-11,96.87,97.3,95.15,95.24,6644156
2016-04-12,95.69,97.94,95.43,97.51,8783354
2016-04-13,97.8,97.91,97.029999,97.6,6406752
2016-04-14,97.65,98.27,97.36,97.98,6162187
2016-04-15,97.71,97.8,96.96,97.23,6551643
2016-04-18,95.76,98.76,95.52,98.7,7770171
2016-04-19,99.0,100.53,98.16,100.5,10584822
2016-04-20,100.080002,102.54,99.84,101.69,10150459
2016-04-21,101.64,102.8,101.11,101.4,8278558
2016-04-22,101.74,102.5,101.5,102.010002,5753998
2016-04-25,101.47,101.77,100.83,101.51,6612117
2016-04-26,102.050003,102.98,101.71,102.29,5650728
2016-04-27,102.9,103.94,102.38,103.85,8383591
2016-04-28,103.13,104.26,102.050003,102.4,7597951
2016-04-29,101.14,102.63,100.61,102.18,8826940
2016-05-02,101.83,103.85,101.8,103.31,6844501
2016-05-03,102.26,102.35,101.050003,101.32,7033636
2016-05-04,101.059998,102.3,100.39,100.59,7444084
2016-05-05,101.85,102.6,100.86,101.42,6474298
2016-05-06,100.84,102.7,100.84,101.86,5966814
2016-05-09,101.62,101.8,99.080002,100.35,9342060
2016-05-10,100.64,101.29,100.41,101.27,6698137
2016-05-11,101.24,101.74,100.15,101.14,6850683
2016-05-12,102.15,102.42,101.080002,102.12,6532437
2016-05-13,101.63,102.040001,100.36,100.74,5665215
2016-05-16,101.87,102.6,101.4,102.29,6779399
2016-05-17,101.07,102.18,100.34,100.75,7027994
2016-05-18,100.9,101.27,99.44,100.059998,5927460
2016-05-19,99.26,100.080002,98.52,99.85,6241093
2016-05-20,100.3,100.4,99.49,99.79,4707091
2016-05-23,99.18,100.13,99.07,99.38,4231209
2016-05-24,99.94,100.76,99.62,100.19,4383285
2016-05-25,100.82,101.98,100.82,101.77,5432669
2016-05-26,101.85,102.37,100.97,101.5,4147233
2016-05-27,101.38,102.11,100.87,102.019997,5008943
2016-05-31,102.15,102.28,100.57,101.0,8141820
2016-06-01,100.24,101.38,99.89,101.13,4815151
2016-06-02,100.4,100.57,99.72,100.53,6714072
2016-06-03,100.65,101.14,100.0,100.66,4957789
2016-06-06,101.34,102.040001,100.92,101.17,5948247
2016-06-07,101.84,103.7,101.61,103.32,9806977
2016-06-08,103.55,104.080002,102.67,103.089996,6318120
2016-06-09,102.040001,103.12,102.029999,102.81,4247517
2016-06-10,102.47,102.97,101.26,101.98,8108398
2016-06-13,101.5,103.099998,101.38,102.099998,6360132
2016-06-14,101.76,102.050003,100.52,101.28,6924022
2016-06-15,100.63,101.64,100.25,100.63,5627043
2016-06-16,99.97,101.26,98.77,101.07,8042951
2016-06-17,101.44,101.74,100.4,101.57,8762183
2016-06-20,102.88,103.4,102.6,102.61,6627025
2016-06-21,102.69,103.45,102.27,103.24,4938680
2016-06-22,103.5,103.55,102.19,102.29,4866770
2016-06-23,103.45,104.45,103.07,104.44,5593573
2016-06-24,101.46,103.010002,101.17,101.9,11481402
2016-06-27,101.25,101.4,99.52,100.36,8358543
2016-06-28,101.22,102.0,100.64,101.63,7171111
2016-06-29,102.52,104.68,102.3,103.42,8887532
2016-06-30,103.56,105.0,103.28,104.83,7649684
2016-07-01,104.78,104.88,103.78,104.15,6117805
2016-07-05,103.5,103.87,102.84,103.57,7766602
2016-07-06,103.26,104.6,102.46,104.58,6166864
2016-07-07,104.89,105.0,102.14,103.050003,7707427
2016-07-08,103.88,104.97,103.0,104.77,9043626
2016-07-11,104.81,106.0,104.8,105.39,7206107
2016-07-12,106.3,107.3,106.18,106.78,8377156
2016-07-13,106.78,107.2,105.86,106.65,5959947
2016-07-14,107.2,107.58,106.43,106.7,4750875
2016-07-15,107.33,107.54,106.39,107.029999,6164280
2016-07-18,106.67,106.75,106.019997,106.089996,4931504
2016-07-19,105.98,106.27,105.65,106.040001,4630831
2016-07-20,105.93,106.13,105.0,105.59,6802012
2016-07-21,105.4,105.85,104.87,105.39,6055444
2016-07-22,105.68,106.0,105.2,105.66,5255366
2016-07-25,104.86,105.11,102.78,103.07,7783953
2016-07-26,102.57,103.16,102.080002,102.68,6101108
2016-07-27,102.68,103.32,101.8,102.26,5412159
2016-07-28,102.089996,102.22,100.98,101.79,8226205
2016-07-29,100.53,102.66,99.85,102.48,10157617
2016-08-01,101.33,102.099998,98.61,99.11,11550573
2016-08-02,99.52,100.07,97.91,99.59,9752702
2016-08-03,99.65,100.64,99.29,100.61,6611694
2016-08-04,100.28,101.080002,100.0,100.39,6088117
2016-08-05,100.99,101.07,99.72,100.51,6710481
2016-08-08,100.99,101.68,100.72,101.2,5447467
2016-08-09,101.85,102.0,100.77,101.32,4957302
2016-08-10,101.65,101.81,99.94,100.14,5081280
2016-08-11,100.65,101.86,100.39,101.4,4836566
2016-08-12,101.74,102.33,101.26,102.16,5198969
2016-08-15,102.61,103.059998,102.42,102.77,4886280
2016-08-16,102.77,102.93,102.33,102.62,5384319
2016-08-17,101.5,102.3,101.019997,102.22,5311568
2016-08-18,102.63,103.6,102.059998,103.55,6944424
2016-08-19,103.07,103.13,102.12,102.32,5057240
2016-08-22,101.75,102.4,101.24,101.94,5494929
2016-08-23,102.029999,102.17,101.5,101.68,4929677
2016-08-24,101.4,102.29,101.28,102.2,5178275
2016-08-25,102.29,102.29,101.53,101.89,4490051
2016-08-26,102.11,102.48,100.86,101.32,4776217
2016-08-29,101.24,102.23,101.0,102.050003,4026893
2016-08-30,102.3,102.63,101.37,101.7,3712813
2016-08-31,101.2,101.33,99.92,100.58,6249070
2016-09-01,100.35,100.58,99.47,100.21,6044999
2016-09-02,100.89,101.46,100.26,100.93,4676603
2016-09-06,101.21,102.61,100.97,102.43,5428985
2016-09-07,102.75,103.050003,102.24,102.88,5284271
2016-09-08,103.34,104.34,102.47,104.12,5788784
2016-09-09,103.35,103.41,101.23,101.27,7808659
2016-09-12,101.2,102.55,100.57,102.25,8149060
2016-09-13,101.65,101.65,99.17,99.43,9300364
2016-09-14,99.12,99.95,98.17,98.42,8201430
2016-09-15,98.5,100.39,98.43,99.5,6755332
2016-09-16,98.33,98.81,97.53,97.84,12725620
2016-09-19,98.33,98.85,97.99,98.040001,6182037
2016-09-20,98.17,98.48,97.68,97.7,5771895
2016-09-21,98.35,99.69,98.25,99.63,6361645
2016-09-22,100.52,100.75,99.84,99.98,5416740
2016-09-23,99.34,100.55,98.87,99.22,7396784
2016-09-26,99.49,100.28,98.66,98.78,5781775
2016-09-27,98.24,99.66,97.79,98.98,6476099
2016-09-28,99.52,102.28,98.75,102.15,10190924
2016-09-29,102.0,102.27,100.48,101.27,8148404
2016-09-30,101.83,103.6,101.23,102.92,9431524
2016-10-03,102.55,102.83,101.91,102.45,4334671
2016-10-04,102.71,102.92,100.76,101.27,6505363
2016-10-05,101.99,102.86,101.75,102.23,5912770
2016-10-06,102.32,102.7,101.34,102.18,4362863
2016-10-07,102.5,103.47,102.19,102.27,5844492
2016-10-10,103.21,104.42,103.21,103.98,5982741
2016-10-11,103.78,104.099998,102.68,103.040001,5337338
2016-10-12,102.74,102.83,101.6,102.15,4935130
2016-10-13,101.49,101.72,99.61,100.79,7882963
2016-10-14,101.48,101.96,100.61,101.080002,5114718
2016-10-17,100.94,101.48,100.62,101.36,4540823
2016-10-18,101.99,102.25,101.12,101.79,4720887
2016-10-19,102.47,103.69,102.24,102.27,5905690
2016-10-20,101.64,102.22,100.69,101.87,4820916
2016-10-21,101.059998,101.56,100.63,101.3,5622393
2016-10-24,101.56,101.58,100.059998,100.66,6077327
2016-10-25,100.75,101.67,100.52,100.77,4730708
2016-10-26,100.32,101.53,99.87,101.19,6353691
2016-10-27,101.51,101.98,99.92,99.92,9897827
2016-10-28,101.12,105.029999,100.95,103.82,17435396
2016-10-31,103.82,105.46,103.78,104.75,12340755
2016-11-01,105.51,106.74,105.45,106.48,12755638
2016-11-02,105.65,106.050003,104.25,105.39,8405190
2016-11-03,105.53,106.19,104.95,105.39,5703175
2016-11-04,105.25,105.49,104.38,104.78,7085448
2016-11-07,106.0,106.98,105.78,106.85,7333808
2016-11-08,106.57,108.19,106.42,107.29,8050007
2016-11-09,106.040001,108.26,105.69,107.64,9161840
2016-11-10,107.54,108.5,107.24,107.79,8739595
2016-11-11,107.48,107.65,105.94,106.64,7939479
2016-11-14,106.15,106.73,105.59,106.59,7656040
2016-11-15,107.49,109.059998,107.4,108.96,12156546
2016-11-16,108.2,109.0,107.74,108.35,7723662
2016-11-17,109.0,110.099998,107.59,108.12,6638054
2016-11-18,108.57,109.67,108.15,109.2,6815483
2016-11-21,110.36,111.0,110.07,110.18,8476768
2016-11-22,110.79,111.0,109.31,110.62,6440518
2016-11-23,110.4,111.47,110.040001,111.0,4490251
2016-11-25,110.54,111.22,110.12,111.0,3238554
2016-11-28,110.95,111.57,110.38,110.5,6406714
2016-11-29,109.099998,109.72,108.4,109.34,7461924
2016-11-30,112.050003,112.98,111.3,111.56,17301924
2016-12-01,112.79,114.91,112.53,113.29,11792281
2016-12-02,113.2,113.81,112.28,113.0,6167368
2016-12-05,113.39,114.48,113.029999,113.25,6909833
2016-12-06,112.39,113.48,112.21,112.76,6033609
2016-12-07,113.040001,114.48,112.82,114.44,6434127
2016-12-08,114.73,115.4,114.2,115.17,5519718
2016-12-09,114.99,115.99,114.97,115.81,5771551
2016-12-12,117.77,118.99,116.57,117.15,10044655
2016-12-13,117.9,118.31,116.029999,117.42,8644238
2016-12-14,116.71,117.88,115.76,115.96,7878411
2016-12-15,115.63,117.39,115.36,117.050003,7458324
2016-12-16,117.84,118.58,117.42,118.080002,13752344
2016-12-19,118.37,118.45,117.42,117.65,5772545
2016-12-20,117.85,118.63,117.67,117.95,4319080
2016-12-21,118.34,119.0,117.86,117.91,5024604
2016-12-22,117.94,118.99,117.77,118.77,4992505
2016-12-23,118.41,118.69,118.050003,118.42,2683716
2016-12-27,118.5,118.9,118.11,118.22,2986889
2016-12-28,118.31,118.86,117.75,117.91,4086718
2016-12-29,118.010002,118.42,117.48,117.82,3214528
2016-12-30,117.44,118.24,117.31,117.7,5020471
2017-01-03,118.38,119.0,116.59,117.85,7404774
2017-01-04,118.41,118.65,117.6,117.82,6679943
2017-01-05,118.0,118.48,116.72,117.31,5928637
2017-01-06,117.45,117.58,116.38,116.84,4762474
2017-01-09,116.29,116.36,115.11,115.84,6891790
2017-01-10,115.56,116.39,114.89,114.96,6184401
2017-01-11,115.15,116.45,114.86,115.93,6158217
2017-01-12,116.5,116.99,115.41,116.16,4940021
2017-01-13,115.86,116.88,115.61,116.38,4952967
2017-01-17,116.4,116.77,116.11,116.28,4669684
2017-01-18,115.68,116.040001,115.4,115.94,4855334
2017-01-19,115.89,115.96,115.29,115.58,3427849
2017-01-20,116.32,116.75,115.34,115.6,6730924
2017-01-23,115.12,115.96,114.99,115.39,5104133
2017-01-24,115.85,117.11,115.61,116.37,5024409
2017-01-25,116.9,117.43,116.34,117.24,5276756
2017-01-26,117.5,117.82,116.5,116.55,6937290
2017-01-27,113.53,114.7,112.85,113.79,11698850
2017-01-30,113.15,113.8,110.72,111.82,8252901
2017-01-31,111.89,112.2,110.76,111.35,7950987
2017-02-01,111.2,111.78,110.84,111.0,5889321
2017-02-02,111.17,112.24,110.71,112.21,6289020
2017-02-03,112.41,114.28,112.14,113.57,6623532
2017-02-06,113.28,113.5,112.45,112.98,5637260
2017-02-07,112.98,113.099998,111.11,111.39,6038351
2017-02-08,111.13,111.79,110.32,111.58,5188785
2017-02-09,111.91,112.63,111.69,112.26,4607757
2017-02-10,112.75,113.45,112.37,113.050003,6194334
2017-02-13,113.36,113.99,113.050003,113.91,4858511
2017-02-14,112.68,113.07,111.78,112.52,5811158
2017-02-15,112.21,113.24,112.21,112.57,7048099
2017-02-16,112.99,112.99,110.43,110.68,9478223
2017-02-17,110.42,110.57,109.27,110.33,8111023
2017-02-21,110.73,112.31,110.6,111.72,6619107
2017-02-22,111.19,111.78,110.31,110.38,5732048
2017-02-23,111.34,111.83,110.75,111.019997,8659712
2017-02-24,110.9,111.019997,109.47,110.12,6189419
2017-02-27,110.65,112.27,110.37,111.75,7276445
2017-02-28,111.66,112.76,111.49,112.5,7030223
2017-03-01,112.92,114.39,112.88,113.88,7353829
2017-03-02,113.67,114.27,113.31,113.36,5892485
2017-03-03,113.76,113.89,113.21,113.55,4909979
2017-03-06,113.25,113.5,112.67,113.17,4731940
2017-03-07,113.54,113.88,111.69,111.81,6660335
2017-03-08,111.68,111.92,109.4,109.61,9071579
2017-03-09,109.31,110.17,108.51,110.040001,7247427
2017-03-10,111.4,111.41,109.44,110.61,6560329
2017-03-13,110.51,110.81,109.31,109.35,6369288
2017-03-14,108.47,108.57,107.12,107.36,9935732
2017-03-15,108.080002,108.98,107.54,108.88,9472102
2017-03-16,108.81,108.88,107.44,107.86,8894699
2017-03-17,108.0,108.42,107.68,107.68,14353407
2017-03-20,107.27,107.85,107.019997,107.66,5301890
2017-03-21,108.059998,108.23,107.4,108.040001,7406294
2017-03-22,107.65,108.85,107.52,108.39,8106844
2017-03-23,108.29,108.86,107.75,107.87,5451228
2017-03-24,107.93,108.42,107.7,107.99,6339900
2017-03-27,107.0,107.35,105.82,106.28,6479407
2017-03-28,106.28,107.74,106.12,107.17,6331533
2017-03-29,106.95,108.080002,106.88,108.07,4919884
2017-03-30,108.15,108.68,107.2,107.78,6797658
2017-03-31,107.7,108.14,107.050003,107.37,6158992
2017-04-03,107.22,107.97,106.38,107.8,5800883
2017-04-04,107.88,108.72,107.010002,108.66,4687432
2017-04-05,109.65,110.67,108.56,108.64,6398830
2017-04-06,109.12,109.65,108.75,109.29,3934462
2017-04-07,109.38,109.58,108.67,108.86,4889422
2017-04-10,109.12,110.2,108.97,109.43,4812093
2017-04-11,109.53,109.54,108.059998,108.97,3956487
2017-04-12,109.36,109.36,108.45,108.97,5053297
2017-04-13,108.64,108.73,105.93,106.099998,6894792
2017-04-17,106.17,106.48,105.65,106.17,5278826
2017-04-18,105.81,106.68,105.32,105.68,4252670
2017-04-19,105.89,106.14,103.83,104.23,6667880
2017-04-20,104.4,105.69,104.36,104.88,4988080
2017-04-21,104.8,105.43,104.29,104.89,5432604
2017-04-24,105.79,106.41,105.37,105.93,4538203
2017-04-25,106.3,106.97,106.18,106.73,4618984
2017-04-26,106.4,107.48,105.97,106.080002,6687389
2017-04-27,105.96,105.98,104.67,105.47,5781839
2017-04-28,107.050003,107.6,105.99,106.7,6848413
2017-05-01,106.26,106.73,105.76,105.92,4955462
2017-05-02,106.11,106.53,105.089996,105.36,5112150
2017-05-03,105.36,107.26,105.13,106.72,5662953
2017-05-04,106.24,106.33,104.14,104.81,8039883
2017-05-05,104.92,105.89,104.7,105.79,5060047
2017-05-08,105.93,106.72,105.82,106.68,5175129
2017-05-09,106.51,106.75,104.81,105.080002,5023973
2017-05-10,105.82,106.83,105.54,106.5,5582820
2017-05-11,107.080002,107.080002,105.63,106.21,4632113
2017-05-12,106.059998,106.29,105.48,105.96,4488164
2017-05-15,107.15,107.71,106.67,106.85,6647534
2017-05-16,107.57,107.66,106.94,107.25,5001388
2017-05-17,105.53,106.27,104.62,104.7,6384265
2017-05-18,104.55,105.68,103.84,105.17,5618081
2017-05-19,105.52,106.52,105.17,106.52,8383478
2017-05-22,107.089996,107.089996,105.75,106.12,4491135
2017-05-23,106.07,106.56,105.98,106.27,3457120
2017-05-24,106.099998,106.36,105.72,106.22,3475871
2017-05-25,106.099998,106.71,104.72,105.11,5293827
2017-05-26,105.050003,105.28,104.6,104.72,3752505
2017-05-30,104.35,104.71,103.75,104.059998,4287956
2017-05-31,103.55,103.89,103.07,103.48,8037936
2017-06-01,103.69,104.28,103.43,104.27,4769435
2017-06-02,103.82,103.94,102.77,103.11,5864040
2017-06-05,102.8,103.58,102.63,103.19,4523327
2017-06-06,103.11,104.45,102.76,104.17,4683859
2017-06-07,103.97,104.43,102.55,103.77,7197147
2017-06-08,103.44,104.74,103.44,104.0,6493595
2017-06-09,104.010002,106.49,104.010002,106.4,6595555
2017-06-12,107.42,108.43,107.28,108.040001,8690637
2017-06-13,108.34,108.49,107.16,108.13,6099745
2017-06-14,107.91,107.99,105.74,106.6,6202286
2017-06-15,106.5,106.8,105.87,106.33,5441421
2017-06-16,106.94,108.36,106.21,108.35,11633919
2017-06-19,108.31,108.38,107.14,107.46,4577827
2017-06-20,106.25,106.6,105.38,106.48,5171238
2017-06-21,105.89,106.9,103.92,104.49,6989385
2017-06-22,104.48,105.14,104.040001,104.45,4197378
2017-06-23,104.25,105.42,104.24,105.0,5773319
2017-06-26,105.029999,105.19,104.029999,104.14,3602490
2017-06-27,104.73,104.89,104.029999,104.07,4170294
2017-06-28,104.43,104.9,104.040001,104.28,4162306
2017-06-29,104.38,105.15,104.050003,104.12,4288630
2017-06-30,104.53,104.72,103.89,104.33,5496977
2017-07-03,104.24,106.96,104.24,106.3,4419061
2017-07-05,105.99,106.3,104.27,104.62,4482676
2017-07-06,104.67,105.13,103.71,103.82,5084808
2017-07-07,103.59,103.76,102.81,103.49,6456968
2017-07-10,103.44,103.58,102.6,103.040001,4629028
2017-07-11,103.15,103.5,102.55,103.12,4322437
2017-07-12,104.0,104.75,103.47,103.89,3978070
2017-07-13,103.8,104.21,103.46,104.13,4439131
2017-07-14,104.38,104.64,103.73,104.44,3644262
2017-07-17,104.32,104.97,104.080002,104.21,5572439
2017-07-18,104.6,104.6,103.51,103.72,4339385
2017-07-19,103.56,104.48,103.51,104.46,4932033
2017-07-20,105.0,105.37,103.81,104.63,5367835
2017-07-21,104.18,104.38,103.15,103.25,5304114
2017-07-24,103.18,103.57,102.92,103.2,4080357
2017-07-25,104.45,105.15,104.32,104.39,7093841
2017-07-26,104.63,106.080002,104.2,105.12,5881400
2017-07-27,104.88,106.32,104.61,106.11,5888389
2017-07-28,106.71,109.13,106.36,108.12,7812602
2017-07-31,108.39,110.0,108.15,109.19,7561205
2017-08-01,109.54,110.97,109.42,110.78,8162875
2017-08-02,110.39,111.19,109.85,110.46,6212303
2017-08-03,110.23,110.45,109.050003,109.43,5605443
2017-08-04,109.43,110.2,109.43,110.11,4643512
2017-08-07,109.81,110.29,109.58,109.78,4762791
2017-08-08,110.0,110.71,109.77,110.35,4107273
2017-08-09,110.74,111.41,110.26,110.89,3966818
2017-08-10,111.23,111.44,110.029999,110.11,4950662
2017-08-11,110.2,110.49,109.13,109.23,3382960
2017-08-14,109.26,109.82,108.32,108.71,4286147
2017-08-15,108.75,108.9,107.53,108.57,5310737
2017-08-16,107.63,107.92,106.69,106.84,4186592
2017-08-17,106.61,106.87,105.91,105.92,5870333
2017-08-18,105.84,107.34,105.5,106.48,5467369
2017-08-21,106.48,106.48,105.3,105.78,3560374
2017-08-22,105.99,106.92,105.81,106.36,5630885
2017-08-23,106.21,107.059998,106.11,106.61,4185754
2017-08-24,106.5,107.67,106.33,107.44,5059721
2017-08-25,107.82,108.71,107.52,108.23,4384176
2017-08-28,108.54,108.59,107.27,107.76,3681644
2017-08-29,107.43,108.050003,107.040001,107.86,3230570
2017-08-30,107.58,107.84,107.099998,107.73,3126032
2017-08-31,108.0,108.23,107.5,107.62,5508243
2017-09-01,107.68,109.16,107.51,108.76,3660250
2017-09-05,109.36,110.26,108.7,109.44,5515448
2017-09-06,110.0,112.23,109.8,111.79,8577257
2017-09-07,112.18,112.87,111.36,111.8,5937757
2017-09-08,111.59,111.75,110.53,110.78,4033102
2017-09-11,111.83,112.57,111.52,112.52,5973396
2017-09-12,112.82,112.95,111.86,112.49,5110085
2017-09-13,112.49,114.32,112.28,114.18,5889386
2017-09-14,114.26,115.34,114.18,114.45,5819075
2017-09-15,114.83,114.91,113.63,114.63,8387623
2017-09-18,114.42,115.22,114.32,115.19,4954613
2017-09-19,115.25,116.42,115.19,116.34,6187969
2017-09-20,116.5,117.15,116.19,116.37,5378172
2017-09-21,116.22,116.52,115.83,116.47,4334537
2017-09-22,116.41,117.83,116.27,117.29,5307066
2017-09-25,117.23,118.33,117.019997,117.99,5980338
2017-09-26,117.79,118.029999,117.25,117.52,4874703
2017-09-27,117.46,117.6,116.77,117.45,3926833
2017-09-28,117.17,118.13,117.019997,117.62,4948991
2017-09-29,117.17,117.52,116.73,117.5,4874786
2017-10-02,116.42,117.79,115.53,117.43,4285626
2017-10-03,117.080002,118.25,117.010002,117.82,3892189
2017-10-04,117.82,117.87,117.13,117.58,3443437
2017-10-05,117.45,118.69,117.33,118.58,5470900
2017-10-06,117.95,118.15,116.8,117.029999,3533322
2017-10-09,117.34,118.080002,117.010002,117.71,2951938
2017-10-10,118.4,119.81,118.29,118.8,5683126
2017-10-11,119.21,119.52,118.58,119.33,3926135
2017-10-12,118.49,119.65,118.31,119.14,3929664
2017-10-13,119.79,120.0,119.07,119.16,4640071
2017-10-16,119.84,120.89,119.43,120.13,5500652
2017-10-17,120.23,120.74,119.83,120.22,4844293
2017-10-18,119.4,120.019997,117.99,118.15,5505097
2017-10-19,118.059998,118.74,117.95,118.2,4576638
2017-10-20,118.61,118.78,118.07,118.64,4924257
2017-10-23,118.72,119.3,118.45,118.93,3872393
2017-10-24,119.48,119.92,119.07,119.23,4472414
2017-10-25,119.0,119.44,118.14,118.44,4553104
2017-10-26,118.78,119.0,118.14,118.44,4092852
2017-10-27,116.13,116.4,112.57,113.54,14534096
2017-10-30,113.17,115.099998,112.84,114.39,7517830
2017-10-31,114.45,116.38,113.82,115.89,7154843
2017-11-01,116.3,116.97,115.35,115.9,5030255
2017-11-02,116.21,116.47,114.7,115.33,4329604
2017-11-03,115.48,115.75,114.73,114.99,4101836
2017-11-06,115.37,117.16,114.99,117.040001,5950279
2017-11-07,117.38,118.0,116.48,117.24,5219523
2017-11-08,116.78,117.15,115.9,116.67,5092845
2017-11-09,115.9,117.5,115.62,117.24,5103322
2017-11-10,116.71,117.31,116.099998,117.18,5156898
2017-11-13,117.22,117.77,116.68,117.23,4279222
2017-11-14,116.82,117.25,116.25,116.92,6996483
2017-11-15,116.21,117.23,116.07,116.45,5372577
2017-11-16,115.25,115.82,114.38,114.57,5889331
2017-11-17,114.67,114.99,113.9,114.71,4337473
2017-11-20,114.77,115.029999,114.44,114.72,4634154
2017-11-21,115.14,115.86,114.92,115.17,4595958
2017-11-22,115.49,116.78,115.32,115.91,3950984
2017-11-24,116.55,116.85,116.31,116.51,1744165
2017-11-27,115.85,116.029999,115.24,115.59,4490338
2017-11-28,115.92,116.81,115.74,116.45,4004654
2017-11-29,116.2,117.25,115.83,117.18,3660989
2017-11-30,117.26,119.15,117.23,118.99,7896558
2017-12-01,119.81,120.46,118.52,119.51,6832215
2017-12-04,119.81,122.3,119.37,120.84,7366372
2017-12-05,120.77,121.4,120.15,120.39,4380737
2017-12-06,120.3,120.88,119.52,119.61,4852532
2017-12-07,120.0,120.099998,118.96,119.63,4908720
2017-12-08,120.010002,120.24,119.099998,119.92,4122205
2017-12-11,120.29,121.11,120.12,120.42,5929728
2017-12-12,120.63,120.74,119.56,119.68,4300171
2017-12-13,119.43,120.17,118.68,119.93,4399835
2017-12-14,119.81,120.28,119.5,119.53,3736920
2017-12-15,120.44,120.47,119.51,119.73,11226856
2017-12-18,119.92,121.29,119.62,119.7,4654119
2017-12-19,120.32,120.75,119.51,119.84,4599323
2017-12-20,120.28,121.3,119.65,120.89,6286656
2017-12-21,121.39,125.35,121.07,124.82,10109047
2017-12-22,124.85,125.65,124.57,124.98,4735086
2017-12-26,125.23,126.14,125.050003,125.98,3348496
2017-12-27,125.96,126.2,125.13,125.55,3452329
2017-12-28,125.69,125.89,125.29,125.58,2191821
2017-12-29,125.36,125.98,125.19,125.19,3829007
2018-01-02,125.71,127.74,125.54,127.58,5626785
2018-01-03,127.46,128.94,126.9,128.50999,5805458
2018-01-04,127.95,128.35001,127.22,128.11,4598264
2018-01-05,127.97,128.10001,127.099998,127.9,4189223
2018-01-08,127.86,128.63,127.63,128.53,4826132
2018-01-09,128.42999,128.94,127.79,127.84,4422338
2018-01-10,128.31,128.75999,127.8,128.66,5292182
2018-01-11,128.92,133.32001,128.75999,132.57001,11641292
2018-01-12,132.19,133.85001,132.11,133.60001,7232883
2018-01-16,133.67,133.88,131.60001,132.0099945,6254209
2018-01-17,132.19,132.8,130.96001,132.36,5632748
2018-01-18,132.35001,132.5,131.029999,131.59,5890004
2018-01-19,131.83,132.0,130.21001,131.3,6048904
2018-01-22,131.3,132.56,131.28,132.56,5248785
2018-01-23,132.38,132.56,130.73,131.020004,5747334
2018-01-24,131.38,132.67,131.070007,131.39,6868223
2018-01-25,131.75999,131.87,130.34,130.64999,4597183
2018-01-26,130.71001,131.75,130.37,131.19,6310543
2018-01-29,130.059998,131.58,128.32001,128.48,6350723
2018-01-30,127.61,128.0099945,125.19,125.23,8084022
2018-01-31,125.42,125.81,124.050003,125.35,9626771
2018-02-01,125.6,125.63,124.059998,125.57,7844464
2018-02-02,123.95,123.95,117.64,118.58,13182551
2018-02-05,116.99,118.3,108.019997,112.62,15414722
2018-02-06,111.2,117.63,110.76,117.18,18416320
2018-02-07,117.4,119.27,115.23,115.29,11535704
2018-02-08,115.17,115.89,112.21,112.3,9927483
2018-02-09,113.34,114.62,109.5,113.5,10922392
2018-02-12,114.8,115.85,112.91,113.98,8358207
2018-02-13,113.34,113.61,111.86,113.29,7065907
2018-02-14,112.5,114.050003,111.4,113.63,7031911
2018-02-15,112.86,113.019997,110.84,112.53,5404995
2018-02-16,112.35,112.94,111.21,112.14,5950365
2018-02-20,112.28,112.76,110.58,110.98,6810929
2018-02-21,111.14,112.059998,109.059998,109.059998,6892254
2018-02-22,109.55,111.44,108.9,109.89,8176706
2018-02-23,110.46,112.74,110.25,112.59,6460219
2018-02-26,113.18,114.66,112.85,114.6,7405831
2018-02-27,114.87,116.050003,113.61,113.61,6059659
2018-02-28,115.019997,115.46,111.88,111.92,7441025
2018-03-01,111.53,113.9,110.97,112.040001,7516691
2018-03-02,111.5,112.18,109.83,111.64,6607334
2018-03-05,111.4,113.33,111.019997,113.15,7814896
2018-03-06,113.85,115.52,113.019997,113.65,7957870
2018-03-07,112.95,115.080002,112.63,113.84,6660025
2018-03-08,114.6,114.75,112.6,113.35,6095136
2018-03-09,114.31,117.39,114.24,117.22,8833337
2018-03-12,117.5,118.35,116.56,116.79,6877032
2018-03-13,117.23,118.18,116.0,116.46,6793069
2018-03-14,116.98,117.45,114.86,115.13,5051044
2018-03-15,115.36,116.21,114.75,115.58,4519694
2018-03-16,115.4,116.19,114.56,115.4,14909362
2018-03-19,115.07,115.23,113.22,113.89,4803547
2018-03-20,114.55,115.7,114.44,114.5,4587249
2018-03-21,114.98,118.11,114.8,117.040001,6829563
2018-03-22,115.55,115.74,113.48,113.7,6297174
2018-03-23,114.37,115.77,112.7,112.98,6227233
2018-03-26,114.24,115.58,113.25,115.35,6868665
2018-03-27,115.75,116.86,113.98,114.66,5530759
2018-03-28,114.93,115.26,112.059998,112.099998,6985327
2018-03-29,112.29,114.43,112.28,114.040001,6627844
2018-04-02,113.89,114.39,110.54,112.24,6228587
2018-04-03,112.52,114.98,112.089996,114.83,6717311
2018-04-04,113.050003,114.79,112.43,114.48,5727192
2018-04-05,114.88,117.89,114.7,117.29,7204872
2018-04-06,116.38,117.010002,113.39,114.76,7094466
2018-04-09,115.3,117.17,114.88,115.98,6933829
2018-04-10,117.6,119.83,117.6,118.85,7649033
2018-04-11,118.69,119.38,117.75,119.25,6246817
2018-04-12,119.71,120.67,118.65,119.23,6702008
2018-04-13,119.52,120.79,119.22,119.92,5508090
2018-04-16,120.6,121.71,119.77,120.7,4597989
2018-04-17,120.94,122.0,120.56,121.46,6488326
2018-04-18,122.46,124.89,122.4,123.82,9132537
2018-04-19,123.97,125.0,123.21,123.71,7159385
2018-04-20,123.38,123.46,121.46,122.31,7561221
2018-04-23,122.0,123.61,121.8,123.58,6113088
2018-04-24,124.36,125.040001,121.75,122.54,7980491
2018-04-25,122.34,122.9,121.12,122.72,5331148
2018-04-26,122.67,124.3,122.3,124.22,6268399
2018-04-27,125.5,127.050003,124.68,126.62,8836646
2018-04-30,127.019997,127.9,125.050003,125.11,7631601
2018-05-01,124.029999,124.92,123.080002,124.86,7093719
2018-05-02,124.2,126.47,124.089996,125.49,5909148
2018-05-03,124.59,126.12,123.83,126.010002,6727698
2018-05-04,125.21,126.84,124.71,125.53,5403118
2018-05-07,126.59,128.39999,124.44,124.94,6999732
2018-05-08,124.93,126.75,123.63,126.57,8936975
2018-05-09,128.42,130.42,128.089996,128.72,11442697
2018-05-10,129.69,129.81,128.39,128.82001,5446016
2018-05-11,129.39,130.75999,128.52,129.84,8092259
2018-05-14,130.25,131.080002,129.8,130.39,6212355
2018-05-15,130.24001,130.27,129.25,129.74001,5201739
2018-05-16,129.28999,129.72,128.3,129.56,5405091
2018-05-17,128.75999,129.57001,128.38,129.46001,5241608
2018-05-18,128.92,129.14999,127.8,127.86,6385824
2018-05-21,128.78999,129.41,128.27,129.37,5081227
2018-05-22,129.089996,130.39,128.10001,128.23,5444159
2018-05-23,127.089996,128.78999,126.55,128.7,6017238
2018-05-24,127.4,127.4,125.85,126.61,5906166
2018-05-25,124.54,124.76,121.22,122.19,8936649
2018-05-29,121.099998,122.43,120.059998,121.39,7385688
2018-05-30,122.65,125.67,122.34,125.16,7125326
2018-05-31,124.080002,124.82,123.46,124.3,7460684
2018-06-01,125.49,125.55,123.43,123.85,5749869
2018-06-04,124.53,125.41,122.17,122.26,5760478
2018-06-05,122.010002,123.71,121.55,122.73,5672607
2018-06-06,123.12,123.69,122.059998,123.38,6213350
2018-06-07,124.54,127.98,124.41,126.96,8607219
2018-06-08,127.12,127.38,125.68,126.44,5108822
2018-06-11,126.77,128.19,125.86,127.56,6085105
2018-06-12,127.64,128.38,126.33,127.080002,4542987
2018-06-13,126.81,127.82,126.089996,127.07,6317940
2018-06-14,127.38,127.96,126.38,126.51,5056767
2018-06-15,127.099998,127.12,123.84,124.040001,13223810
2018-06-18,124.35,126.98,124.099998,125.97,7705775
2018-06-19,124.32,125.89,123.88,125.54,5947782
2018-06-20,126.12,126.46,124.3,125.29,7980687
2018-06-21,124.5,124.59,122.16,122.59,7290823
2018-06-22,125.41,126.57,124.82,125.099998,8911771
2018-06-25,124.43,124.64,121.93,122.61,5801924
2018-06-26,123.029999,124.61,122.57,124.16,4592780
2018-06-27,125.15,127.42,125.059998,126.0,6339517
2018-06-28,126.54,126.86,125.0,125.66,3814806
2018-06-29,125.74,127.73,125.74,126.43,5669694
2018-07-02,125.28,125.29,123.56,124.25,5073452
2018-07-03,125.46,126.69,124.55,124.73,3919561
2018-07-05,126.11,126.25,123.82,123.98,5926857
2018-07-06,123.52,124.52,123.19,124.14,4020033
2018-07-09,125.0,126.28,124.69,125.99,4602200
2018-07-10,127.33,128.50999,126.75,127.59,5092075
2018-07-11,126.23,126.68,122.97,123.52,6631800
2018-07-12,124.44,124.95,123.59,124.26,3745224
2018-07-13,124.2,124.88,123.63,124.040001,3352816
2018-07-16,123.010002,123.88,121.88,122.98,4317841
2018-07-17,122.36,122.96,121.8,121.91,4135155
2018-07-18,121.24,121.67,119.67,121.53,6061299
2018-07-19,121.099998,122.14,121.010002,121.67,4471367
2018-07-20,121.25,122.35,121.010002,122.27,5399599
2018-07-23,122.35,123.07,121.16,121.33,5359781
2018-07-24,121.87,124.16,121.86,123.85,4423517
2018-07-25,123.62,125.23,123.27,124.9,4266786
2018-07-26,124.7,125.38,123.8,123.95,5544140
2018-07-27,122.79,127.040001,122.080002,125.97,7581126
2018-07-30,126.76,128.41,126.22,127.83,5729334
2018-07-31,128.0,128.55,126.13,126.27,5894401
2018-08-01,125.31,125.92,124.75,125.39,4661154
2018-08-02,124.44,124.81,123.3,123.76,4639564
2018-08-03,124.15,124.25,123.33,124.050003,5299478
2018-08-06,124.42,124.94,123.54,124.3,4455860
2018-08-07,125.54,125.7,124.75,125.18,4542043
2018-08-08,124.52,124.79,123.31,123.88,5960683
2018-08-09,123.96,124.37,122.26,122.53,5218301
2018-08-10,122.17,123.52,121.5,123.34,6128380
2018-08-13,123.31,123.68,122.26,122.44,4360635
2018-08-14,122.92,123.65,122.0,122.58,3622179
2018-08-15,121.7,121.73,117.43,117.94,9476747
2018-08-16,117.7,118.31,117.18,117.66,5455176
2018-08-17,118.15,118.58,117.089996,117.8,6112920
2018-08-20,118.0,118.32,117.33,117.75,5403571
2018-08-21,118.38,118.93,117.79,117.94,4875808
2018-08-22,118.54,119.46,118.42,118.92,3636921
2018-08-23,118.39,118.82,117.7,118.099998,3962517
2018-08-24,118.9,119.54,118.72,119.010002,4415605
2018-08-27,119.36,120.48,119.17,120.35,3901915
2018-08-28,120.6,121.34,119.75,119.86,4685762
2018-08-29,120.0,120.83,119.88,120.22,4101717
2018-08-30,120.080002,120.43,119.55,119.81,3352992
2018-08-31,119.4,119.4,118.089996,118.46,5287021
2018-09-04,118.93,119.63,118.34,118.87,4590914
2018-09-05,118.059998,118.94,117.26,118.92,4619414
2018-09-06,117.89,118.51,115.14,115.23,8191096
2018-09-07,114.52,115.35,113.39,114.6,6637780
2018-09-10,115.43,115.72,114.38,114.48,5870854
2018-09-11,114.34,115.74,113.76,115.019997,5605326
2018-09-12,116.42,117.49,115.76,115.79,5067934
2018-09-13,116.010002,116.52,115.080002,116.3,6297713
2018-09-14,116.43,117.61,116.35,117.38,4947777
2018-09-17,117.61,118.68,117.28,117.51,5560189
2018-09-18,118.5,118.9,117.98,118.13,4966268
2018-09-19,118.33,120.040001,118.12,119.51,4855503
2018-09-20,120.19,121.32,119.11,119.42,5846714
2018-09-21,119.91,121.25,119.41,121.13,13703596
2018-09-24,121.91,122.98,121.57,122.62,6534374
2018-09-25,123.5,124.24,122.94,123.37,5396424
2018-09-26,122.99,123.42,121.74,121.95,4231391
2018-09-27,122.16,123.0,121.71,122.47,4533363
2018-09-28,121.99,123.21,121.76,122.28,5202877
2018-10-01,123.11,124.88,123.11,124.39,5351500
2018-10-02,125.07,125.76,124.32,124.74,5445431
2018-10-03,125.13,125.84,124.78,125.31,4479706
2018-10-04,124.79,125.59,124.19,124.95,4824327
2018-10-05,124.93,125.9,124.74,125.33,4317982
2018-10-08,124.050003,125.46,123.83,124.84,6267680
2018-10-09,125.51,127.44,125.07,126.82,6797889
2018-10-10,127.23,127.6,122.46,122.6,6504440
2018-10-11,122.43,122.43,117.54,118.43,8590022
2018-10-12,119.53,119.68,116.18,117.77,7450700
2018-10-15,117.7,118.86,116.91,116.94,6047283
2018-10-16,117.089996,117.68,116.34,117.51,4846133
2018-10-17,117.21,117.69,116.019997,117.29,6978670
2018-10-18,117.42,118.14,116.050003,117.47,7391635
2018-10-19,117.37,119.26,117.37,118.14,7944399
2018-10-22,118.099998,118.49,116.48,117.21,5644939
2018-10-23,115.72,115.72,112.050003,113.4,8095268
2018-10-24,113.72,114.17,110.07,110.21,8035224
2018-10-25,111.36,113.4,110.43,111.58,5734029
2018-10-26,110.63,112.47,109.66,111.53,8035522
2018-10-29,112.040001,112.07,107.54,108.93,8598335
2018-10-30,109.62,111.15,108.15,110.85,7523837
2018-10-31,111.71,112.5,111.050003,111.65,7429840
2018-11-01,111.77,111.99,110.099998,111.17,10572032
2018-11-02,114.85,117.11,113.12,114.73,9890750
2018-11-05,116.62,119.67,116.6,118.94,8758725
2018-11-06,118.76,119.43,117.85,118.9,5273216
2018-11-07,120.0,121.12,119.019997,120.87,4848779
2018-11-08,120.65,121.87,118.96,119.36,9532354
2018-11-09,118.22,120.37,117.37,119.51,6565682
2018-11-12,120.9,121.37,117.17,117.39,10550804
2018-11-13,117.3,117.88,115.040001,115.35,6846504
2018-11-14,116.88,117.79,114.94,115.72,6783523
2018-11-15,113.66,117.080002,112.72,116.95,7218373
2018-11-16,117.5,119.27,117.27,119.059998,6706879
2018-11-19,118.14,119.48,117.9,119.42,5328267
2018-11-20,119.24,119.5,115.029999,116.099998,7983463
2018-11-21,116.68,119.19,116.68,117.57,5624408
2018-11-23,114.7,115.22,112.11,113.6,5577753
2018-11-26,114.6,115.44,114.019997,114.98,6952960
2018-11-27,114.55,115.66,114.22,115.21,6339204
2018-11-28,114.98,118.28,114.4,118.14,6841684
2018-11-29,117.95,119.73,117.74,118.85,6656920
2018-11-30,118.050003,119.21,117.7,118.94,6712604
2018-12-03,120.77,122.43,120.059998,120.67,8237434
2018-12-04,120.6,121.089996,117.059998,117.24,8288074
2018-12-06,115.34,116.14,113.029999,115.91,10715738
2018-12-07,117.59,119.7,115.19,115.49,9114442
2018-12-10,115.3,115.96,111.67,114.94,7674549
2018-12-11,116.26,116.62,113.95,115.47,5929422
2018-12-12,117.11,117.72,115.57,115.62,7891398
2018-12-13,115.15,116.32,114.31,115.94,7030515
2018-12-14,115.010002,115.81,113.31,113.83,6195492
2018-12-17,113.44,114.97,111.86,112.45,7132411
2018-12-18,112.63,113.24,108.95,109.74,9658570
2018-12-19,109.91,111.99,107.099998,107.83,10472399
2018-12-20,106.81,108.07,104.19,104.98,11612832
2018-12-21,103.62,106.94,102.91,104.21,19912798
2018-12-24,103.3,104.15,100.91,100.99,5619505
2018-12-26,101.85,107.39,100.22,107.39,10779436
2018-12-27,105.47,109.33,104.88,109.32,10655071
2018-12-28,109.65,110.36,108.12,108.65,6445432
2018-12-31,109.15,110.24,107.86,108.79,6309600
2019-01-02,107.34,111.68,107.099998,110.69,6384752
2019-01-03,111.059998,111.29,108.07,108.57,6496197
2019-01-04,110.28,110.99,109.47,110.82,7952718
2019-01-07,111.059998,112.93,109.92,112.26,5712672
2019-01-08,113.4,113.79,111.67,111.77,5674948
2019-01-09,112.69,114.0,112.45,113.27,7097032
2019-01-10,112.51,113.63,111.71,113.45,6078294
2019-01-11,113.0,113.050003,111.67,112.54,4491701
2019-01-14,111.34,112.34,111.080002,111.72,6121770
2019-01-15,111.98,113.07,111.51,112.12,4226071
2019-01-16,111.43,112.32,111.22,111.4,5624092
2019-01-17,110.75,112.29,110.17,111.96,4442707
2019-01-18,113.99,114.65,113.059998,114.37,9382007
2019-01-22,113.12,113.45,111.95,112.34,7241953
2019-01-23,112.38,112.67,110.42,111.39,6082318
2019-01-24,111.029999,113.82,110.91,113.51,8470714
2019-01-25,114.059998,114.78,112.99,113.22,6263648
2019-01-28,111.91,112.57,111.07,112.17,6886584
2019-01-29,113.029999,113.35,111.77,111.83,5359949
2019-01-30,112.53,113.65,111.98,113.010002,7941746
2019-01-31,113.8,115.41,113.38,114.65,11225591
2019-02-01,116.65,119.25,116.6,118.37,10934318
2019-02-04,117.5,119.75,116.31,119.74,7987938
2019-02-05,119.62,119.86,118.69,119.48,6887384
2019-02-06,119.0,119.59,118.69,118.88,4990460
2019-02-07,118.010002,118.51,116.51,118.23,7281907
2019-02-08,117.74,117.89,115.92,117.58,5670965
2019-02-11,116.93,117.36,116.39,116.95,4859572
2019-02-12,118.33,118.87,117.61,118.72,5400708
2019-02-13,119.16,120.39,118.7,119.57,5935860
2019-02-14,118.37,119.53,117.66,118.16,5406775
2019-02-15,119.62,119.86,118.59,119.35,6209780
2019-02-19,118.9,119.86,118.46,119.31,4277896
2019-02-20,119.31,120.72,119.0,120.28,5940587
2019-02-21,120.07,120.32,118.39,119.14,5139421
2019-02-22,120.28,120.46,118.85,119.39,4517629
2019-02-25,119.41,120.42,119.37,119.62,5196584
2019-02-26,119.81,120.97,119.68,119.94,5445647
2019-02-27,120.29,121.29,119.89,120.080002,5289818
2019-02-28,120.0,120.16,118.49,119.58,6406483
2019-03-01,120.39,122.040001,120.17,122.029999,7743561
2019-03-04,122.67,122.84,120.55,122.12,7499511
2019-03-05,121.87,123.35,121.59,123.29,7345213
2019-03-06,123.17,124.7,122.3,123.53,7600039
2019-03-07,123.42,123.5,121.7,121.94,7201128
2019-03-08,120.099998,121.93,119.2,121.62,7014107
2019-03-11,122.87,124.2,122.75,123.62,6088681
2019-03-12,123.84,124.96,123.38,123.9,6184252
2019-03-13,124.6,124.93,123.9,124.67,4707363
2019-03-14,124.76,125.46,124.48,124.6,5146420
2019-03-15,124.59,125.42,124.35,125.31,10449712
2019-03-18,125.21,126.13,125.17,125.88,5586982
2019-03-19,126.56,126.92,124.74,125.28,5096794
2019-03-20,125.040001,126.34,124.68,124.69,6708648
2019-03-21,124.87,125.96,124.51,125.86,5050588
2019-03-22,124.85,124.9,122.7,123.089996,5786776
2019-03-25,122.93,123.35,122.31,122.89,3837471
2019-03-26,123.77,124.91,123.38,124.13,4079868
2019-03-27,123.98,124.48,122.019997,122.79,3727814
2019-03-28,122.6,123.16,122.36,123.019997,4057726
2019-03-29,124.28,124.47,122.49,123.18,5318648
2019-04-01,123.87,125.27,123.45,124.94,5506305
2019-04-02,125.2,125.44,124.11,124.93,4362674
2019-04-03,125.22,125.35,123.54,123.89,3595394
2019-04-04,124.010002,124.83,123.55,124.8,3715612
2019-04-05,125.25,126.64,125.2,126.42,5551394
2019-04-08,126.77,127.34,126.23,126.68,5483102
2019-04-09,126.29,126.29,125.12,125.54,4143392
2019-04-10,126.14,126.56,125.13,125.49,3970003
2019-04-11,125.34,126.25,124.75,125.99,3248263
2019-04-12,121.58,122.0,119.0,119.76,42693708
2019-04-15,120.019997,121.019997,119.33,120.14,13369114
2019-04-16,120.43,121.32,120.059998,121.17,11942932
2019-04-17,122.2,122.54,120.050003,120.27,11898072
2019-04-18,120.52,120.82,119.099998,119.86,9546462
2019-04-22,120.78,122.010002,120.45,121.9,7946203
2019-04-23,121.73,122.28,121.35,122.019997,9079208
2019-04-24,121.35,121.43,118.089996,118.28,22114968
2019-04-25,118.050003,118.7,117.4,117.9,10636448
2019-04-26,118.4,118.5,115.65,117.099998,11626677
2019-04-29,117.010002,118.11,116.7,117.72,9404221
2019-04-30,121.099998,121.92,119.65,120.059998,21431718
2019-05-01,119.8,120.14,117.76,117.81,10096975
2019-05-02,117.28,118.47,116.28,116.38,9495613
2019-05-03,117.69,118.55,117.11,117.27,7365249
2019-05-06,117.5,119.84,117.47,118.4,11034974
2019-05-07,117.3,118.27,116.5,118.27,9165204
2019-05-08,118.37,118.48,117.4,117.5,6229243
2019-05-09,121.12,122.32,119.86,121.19,16496308
2019-05-10,121.17,122.27,119.83,121.99,8787875
2019-05-13,121.91,122.26,120.010002,120.44,7701636
2019-05-14,120.67,122.25,120.51,121.64,6858533
2019-05-15,121.2,122.49,120.87,122.14,6944993
2019-05-16,120.99,121.55,120.53,120.8,8543586
2019-05-17,120.059998,121.11,119.88,120.52,6871127
2019-05-20,120.71,121.21,120.54,120.84,4569653
2019-05-21,121.029999,121.94,120.9,121.34,4859604
2019-05-22,120.9,121.44,120.34,120.57,5763543
2019-05-23,118.81,118.87,116.86,117.87,11000549
2019-05-24,118.3,118.93,117.38,118.71,4890961
2019-05-28,118.88,119.32,118.17,118.31,8145135
2019-05-29,117.040001,117.36,115.82,116.77,7451292
2019-05-30,116.54,116.74,114.85,115.38,5807929
2019-05-31,114.22,115.2,113.72,113.85,6899828
2019-06-03,114.7,116.099998,114.47,115.99,6100999
2019-06-04,116.6,117.68,116.29,117.3,5235579
2019-06-05,117.87,118.029999,116.27,117.65,5105963
2019-06-06,118.21,121.16,118.11,120.68,7370113
2019-06-07,120.74,122.12,120.53,121.48,5343190
2019-06-10,122.2,122.75,121.71,122.29,5709092
2019-06-11,123.37,123.5,121.15,121.17,5625125
2019-06-12,120.38,120.58,119.56,120.19,4000338
2019-06-13,121.24,121.89,120.46,120.91,3993325
2019-06-14,121.0,121.16,120.37,120.81,3366761
2019-06-17,120.72,121.84,120.38,121.39,4219234
2019-06-18,121.95,123.87,121.86,122.93,4884267
2019-06-19,122.51,123.48,122.22,122.89,3847197
2019-06-20,124.31,124.7,123.6,124.28,7771684
2019-06-21,124.8,126.2,124.23,124.93,14288288
2019-06-24,124.54,125.38,124.42,124.91,5542896
2019-06-25,124.84,125.11,123.49,123.64,4713274
2019-06-26,124.57,124.88,123.88,123.93,5054819
2019-06-27,123.92,124.2,122.89,123.11,3551739
2019-06-28,123.41,124.48,123.12,124.44,7048346
2019-07-01,125.36,125.84,124.36,124.84,5530085
2019-07-02,124.55,124.72,122.39,122.93,5747705
2019-07-03,122.93,123.37,122.33,123.35,2725825
2019-07-05,123.14,123.74,122.64,123.54,3458858
2019-07-08,123.66,124.089996,123.42,123.6,3505550
2019-07-09,123.9,124.14,123.07,123.35,3955783
2019-07-10,124.11,125.62,124.11,125.44,4743523
2019-07-11,125.68,125.68,124.6,125.43,3547996
2019-07-12,125.38,126.25,125.13,125.98,3974367
2019-07-15,126.059998,126.4,125.27,125.72,3739153
2019-07-16,125.5,125.78,124.26,124.76,4697588
2019-07-17,124.66,125.28,124.059998,124.14,3874162
2019-07-18,124.12,125.050003,123.36,124.68,5771087
2019-07-19,124.68,125.41,124.59,125.040001,4880927
2019-07-22,125.37,125.75,124.47,125.31,3275914
2019-07-23,125.24,126.22,124.78,125.82,4295348
2019-07-24,125.87,126.94,125.66,126.54,4796904
2019-07-25,127.0,127.0,125.33,125.63,4586893
2019-07-26,125.24,125.25,123.3,123.72,6971727
2019-07-29,123.48,124.64,123.38,124.23,4377506
2019-07-30,124.099998,124.75,123.38,124.34,3871650
2019-07-31,123.71,124.69,122.48,123.11,7199533
2019-08-01,122.0,123.75,120.31,120.74,7928446
2019-08-02,121.78,122.54,117.83,120.73,9026153
2019-08-05,119.19,120.55,117.45,118.74,8620322
2019-08-06,118.72,119.53,117.65,119.38,6787997
2019-08-07,117.55,119.8,116.95,119.099998,6853666
2019-08-08,119.49,123.33,119.42,123.23,8868104
2019-08-09,123.11,123.89,121.89,122.42,5051682
2019-08-12,123.010002,123.14,120.91,121.55,3936487
2019-08-13,121.010002,122.7,120.3,122.39,5861403
2019-08-14,120.019997,120.59,117.68,117.74,7175641
2019-08-15,117.24,117.84,115.46,116.95,6272565
2019-08-16,116.4,116.65,115.36,115.81,6239146
2019-08-19,117.13,117.82,116.96,117.31,6443998
2019-08-20,117.13,117.19,115.66,116.13,5150919
2019-08-21,117.79,118.22,117.33,117.88,4579027
2019-08-22,118.66,118.74,117.45,117.73,4363874
2019-08-23,116.48,118.059998,114.35,115.18,7654485
2019-08-26,115.92,116.22,115.19,115.74,3966997
2019-08-27,116.27,117.029999,115.040001,115.83,4238458
2019-08-28,116.41,117.19,115.88,116.83,4159470
2019-08-29,117.19,117.84,116.58,117.52,4467261
2019-08-30,117.98,118.98,117.23,117.72,4881118
2019-09-03,115.77,116.33,114.55,116.27,5672646
2019-09-04,117.48,118.54,117.17,117.25,4609783
2019-09-05,118.010002,119.07,117.26,117.64,5394831
2019-09-06,117.5,118.44,117.39,118.26,4578529
2019-09-09,118.74,119.63,118.58,119.39,5048049
2019-09-10,120.23,123.29,119.91,121.85,8728963
2019-09-11,122.21,122.98,120.37,121.28,5509530
2019-09-12,120.040001,122.18,119.56,121.42,5818261
2019-09-13,122.25,122.32,121.24,121.5,4885391
2019-09-16,124.86,125.27,122.97,124.12,10683891
2019-09-17,124.12,124.62,122.56,123.89,7359582
2019-09-18,123.55,124.21,123.019997,124.18,4867422
2019-09-19,124.77,124.97,123.42,123.66,4061169
2019-09-20,124.0,124.82,123.67,124.32,10524616
2019-09-23,123.55,125.0,123.55,124.9,4963444
2019-09-24,124.67,124.72,123.22,123.74,6348519
2019-09-25,123.48,124.15,122.91,123.51,3782066
2019-09-26,123.26,123.5,120.050003,120.16,8148230
2019-09-27,119.51,120.25,118.45,118.6,6850689
2019-09-30,118.54,119.42,118.41,118.6,6233315
2019-10-01,119.27,119.46,115.88,116.010002,7204647
2019-10-02,115.059998,115.11,111.62,112.29,9943708
2019-10-03,112.059998,113.19,110.42,113.15,5671810
2019-10-04,113.6,114.0,112.55,113.85,4883879
2019-10-07,113.96,114.75,113.23,113.26,4774379
2019-10-08,112.11,112.75,111.61,111.71,6067852
2019-10-09,112.59,114.51,112.3,113.14,4700468
2019-10-10,113.53,114.79,113.3,114.59,3920110
2019-10-11,115.69,117.029999,115.36,116.15,5181691
2019-10-14,115.58,116.39,115.45,116.18,2590041
2019-10-15,115.85,117.62,115.8,116.31,3744171
2019-10-16,116.23,116.66,115.080002,115.11,3651748
2019-10-17,115.61,116.059998,114.92,115.35,3837822
2019-10-18,115.14,115.58,114.74,114.74,5679872
2019-10-21,115.55,116.75,115.55,116.61,4153612
2019-10-22,116.63,118.56,116.49,117.8,4130577
2019-10-23,117.4,118.019997,116.78,117.98,4159941
2019-10-24,118.47,118.81,117.31,117.58,3893194
2019-10-25,117.77,118.85,117.69,118.67,3369139
2019-10-28,119.080002,119.51,117.64,118.48,5076294
2019-10-29,117.97,119.07,117.69,118.13,4548403
2019-10-30,118.18,118.18,115.52,116.36,4690892
2019-10-31,115.86,116.36,115.32,116.14,7177681
2019-11-01,115.49,116.62,114.019997,116.21,7684675
2019-11-04,117.23,121.87,117.019997,121.57,10348755
2019-11-05,121.23,122.45,120.72,121.94,6971221
2019-11-06,121.94,122.14,119.8,119.9,6104748
2019-11-07,121.13,122.0,120.32,121.89,5440991
2019-11-08,120.97,121.2,120.16,120.93,4249822
2019-11-11,120.2,121.39,120.010002,120.81,3870833
2019-11-12,121.29,122.050003,120.48,120.96,4503638
2019-11-13,120.46,122.41,120.37,122.28,5297573
2019-11-14,121.85,122.94,121.4,121.96,4886604
2019-11-15,121.22,121.39,120.11,120.64,5589793
2019-11-18,119.82,120.0,118.14,118.55,4885671
2019-11-19,118.5,118.8,116.080002,116.45,8727280
2019-11-20,116.41,118.080002,116.12,117.34,5903205
2019-11-21,117.61,118.95,117.2,118.77,5810888
2019-11-22,119.059998,119.7,118.6,118.63,4786806
2019-11-25,118.43,119.22,117.98,118.38,7389988
2019-11-26,118.34,118.56,117.2,117.79,10061284
2019-11-27,117.99,118.61,117.62,118.07,4107005
2019-11-29,117.28,117.82,116.88,117.13,3271027
2019-12-02,117.98,118.07,116.72,116.8,5196809
2019-12-03,116.2,116.7,115.7,115.89,7298088
2019-12-04,116.64,117.3,116.43,116.94,5706769
2019-12-05,117.62,117.74,116.19,116.33,5517564
2019-12-06,117.089996,119.29,116.98,118.010002,6735556
2019-12-09,116.52,117.89,116.44,117.3,4831761
2019-12-10,118.029999,118.089996,117.050003,117.89,4889002
2019-12-11,117.089996,117.66,116.13,116.23,7039707
2019-12-12,116.59,118.89,116.59,118.81,6465087
2019-12-13,119.050003,119.54,117.9,117.96,4863504
2019-12-16,118.86,119.47,118.61,119.36,5619466
2019-12-17,119.59,119.89,118.33,118.6,6755700
2019-12-18,118.68,119.64,118.52,118.55,7498375
2019-12-19,118.57,118.74,117.86,118.13,6220500
2019-12-20,119.4,119.94,118.089996,119.68,12171143
2019-12-23,119.31,120.4,119.15,120.33,5875420
2019-12-24,120.43,120.78,120.089996,120.34,1640120
2019-12-26,120.67,121.42,120.34,120.6,3648636
2019-12-27,120.89,121.29,120.24,120.3,4138405
2019-12-30,120.44,121.34,119.81,119.85,4580992
2019-12-31,119.5,120.63,119.25,120.51,4215863
2020-01-02,120.81,121.62,120.77,121.43,5206097
2020-01-03,121.78,122.72,120.74,121.010002,6361072
2020-01-06,121.24,121.67,120.33,120.6,9954869
2020-01-07,119.019997,119.73,117.77,119.059998,7878579
2020-01-08,118.55,119.089996,117.65,117.7,7296959
2020-01-09,117.59,117.92,116.18,117.51,7345531
2020-01-10,117.52,117.69,116.4,116.44,6395375
2020-01-13,116.47,116.91,116.080002,116.66,6847425
2020-01-14,116.5,116.88,115.7,116.3,7189962
2020-01-15,116.3,116.41,115.65,116.13,5808777
2020-01-16,116.56,117.28,116.45,116.89,7022062
2020-01-17,117.010002,117.29,115.52,115.58,7886182
2020-01-21,115.099998,115.15,113.17,113.31,8470283
2020-01-22,113.099998,113.53,112.46,112.9,5589906
2020-01-23,112.4,113.49,111.86,113.099998,8008141
2020-01-24,112.79,112.98,111.34,111.85,6920000
2020-01-27,110.25,110.83,109.98,110.39,7609831
2020-01-28,110.98,111.62,110.77,111.12,5771944
2020-01-29,111.45,111.84,110.18,110.37,4774222
2020-01-30,109.81,111.58,109.059998,111.4,8382674
2020-01-31,109.81,110.0,106.39,107.14,13699563
2020-02-03,106.95,107.25,105.4,106.28,8787504
2020-02-04,107.68,108.33,106.6,106.85,9908995
2020-02-05,108.27,110.65,108.11,110.28,6914137
2020-02-06,110.63,110.67,109.11,109.49,6273983
2020-02-07,108.93,109.44,108.47,108.94,4830071
2020-02-10,108.54,109.8,108.32,109.79,6011806
2020-02-11,110.78,111.37,110.059998,111.21,6072847
2020-02-12,112.51,112.6,111.61,112.040001,5725669
2020-02-13,111.37,112.33,111.23,111.66,5991856
2020-02-14,110.84,110.97,109.58,110.080002,5148798
2020-02-18,109.0,110.27,108.83,110.24,4976370
2020-02-19,110.52,111.099998,109.89,110.74,5887511
2020-02-20,110.78,111.07,109.7,109.81,4466591
2020-02-21,108.99,109.19,107.65,109.010002,6443864
2020-02-24,105.71,106.96,104.42,104.71,9539778
2020-02-25,104.8,104.92,100.0,100.71,12871894
2020-02-26,100.86,101.61,98.0,98.040001,11991403
2020-02-27,95.95,98.2,94.080002,94.13,15783656
2020-02-28,90.63,93.44,90.11,93.34,20840552
2020-03-02,94.019997,96.68,92.2,96.59,15050800
2020-03-03,96.79,98.48,93.37,94.39,16525465
2020-03-04,96.37,99.019997,95.67,98.53,14752954
2020-03-05,95.71,97.39,94.94,97.19,12814361
2020-03-06,93.92,96.059998,93.42,95.32,16862304
2020-03-09,82.23,88.010002,80.0,80.67,30595480
2020-03-10,86.24,86.3,81.040001,84.98,22592128
2020-03-11,82.23,84.84,81.75,83.029999,18414338
2020-03-12,77.23,78.12,72.86,76.26,25768232
2020-03-13,79.98,83.5,74.11,83.42,23497512
2020-03-16,72.57,78.49,69.69,69.7,17535272
2020-03-17,70.4,72.98,65.49,70.69,22684246
2020-03-18,66.21,66.23,54.57,55.049999,24947290
2020-03-19,55.26,58.49,51.6,57.39,29870982
2020-03-20,59.53,60.65,56.36,59.39,26960440
2020-03-23,58.26,59.4,52.97,54.22,23764032
2020-03-24,61.48,67.65,60.32,66.55,29198760
2020-03-25,68.29,73.14,66.64,69.27,22560120
2020-03-26,70.3,77.099998,67.89,76.38,24140970
2020-03-27,72.12,73.54,68.5,68.78,20411494
2020-03-30,68.010002,72.93,67.019997,71.95,18486816
2020-03-31,73.27,75.040001,70.81,72.46,18514178
2020-04-01,69.51,72.29,67.61,68.56,14362041
2020-04-02,71.75,78.7,69.58,76.12,23220622
2020-04-03,78.0,78.99,73.029999,75.11,14905410
2020-04-06,77.0,80.95,75.51,80.39,17334920
2020-04-07,84.26,85.69,80.85,80.92,16394790
2020-04-08,82.29,86.3,81.52,85.98,12284845
2020-04-09,88.74,89.91,81.52,84.31,17048548
2020-04-13,87.18,87.36,83.4,84.91,13854683
2020-04-14,85.46,87.080002,84.33,84.61,14797585
2020-04-15,80.46,83.38,79.32,82.49,13982295
2020-04-16,81.31,82.19,78.81,79.99,12291909
2020-04-17,81.33,87.5,81.32,87.17,16130082
2020-04-20,82.66,87.0,82.089996,83.57,15748957
2020-04-21,80.28,83.79,79.25,81.64,19620574
2020-04-22,84.95,85.25,82.97,84.44,10325144
2020-04-23,86.3,88.78,85.39,86.8,14226538
2020-04-24,88.48,88.79,85.77,87.010002,9176599
2020-04-27,86.75,90.62,85.87,89.71,12037127
2020-04-28,89.55,90.96,88.83,89.91,10645154
2020-04-29,92.48,95.14,92.29,94.62,12342819
2020-04-30,93.72,95.74,90.58,92.0,12221964
2020-05-01,91.51,92.050003,87.040001,89.44,13250095
2020-05-04,88.76,91.62,87.69,91.44,11192376
2020-05-05,94.5,95.3,92.68,92.89,13608720
2020-05-06,92.85,93.46,89.77,90.050003,11145905
2020-05-07,92.98,94.059998,91.91,92.64,9753495
2020-05-08,95.0,95.56,94.07,95.47,8602865
2020-05-11,94.21,94.6,93.18,93.37,7101040
2020-05-12,93.13,94.029999,91.0,91.099998,8749052
2020-05-13,89.9,90.0,87.32,88.7,12215074
2020-05-14,87.29,90.93,86.019997,90.050003,10678192
2020-05-15,90.65,92.059998,88.83,89.16,10112966
2020-05-18,92.4,93.4,91.46,92.55,12306539
2020-05-19,92.53,92.63,89.53,89.62,7749265
2020-05-20,91.0,93.47,90.18,93.0,9160034
2020-05-21,92.77,93.37,91.28,92.040001,8830887
2020-05-22,91.45,91.6,89.47,90.28,8563108
2020-05-26,92.49,94.34,92.029999,93.3,9429980
2020-05-27,94.68,94.69,92.11,93.9,7822605
2020-05-28,93.61,93.9,90.79,90.87,9639423
2020-05-29,90.19,91.89,89.26,91.7,17016864
2020-06-01,90.94,93.85,90.11,92.79,7346296
2020-06-02,93.78,95.22,93.28,94.69,7880250
2020-06-03,95.97,97.73,95.75,97.18,8440203
2020-06-04,96.78,96.89,95.16,96.28,6371723
2020-06-05,99.080002,102.050003,99.050003,100.81,12760132
2020-06-08,102.63,103.59,100.87,103.24,11090723
2020-06-09,100.7,102.93,99.83,101.53,10745355
2020-06-10,101.0,101.5,97.56,97.58,10486260
2020-06-11,92.3,94.19,89.12,89.37,14944810
2020-06-12,93.62,93.65,90.010002,92.39,9532412
2020-06-15,89.089996,92.080002,88.21,91.23,12291464
2020-06-16,94.99,95.58,91.49,94.029999,8734566
2020-06-17,93.83,94.0,91.5,91.54,6019869
2020-06-18,91.0,93.23,90.099998,91.94,7064145
2020-06-19,94.41,94.41,90.55,90.63,14836556
2020-06-22,90.32,91.69,89.59,91.59,5939155
2020-06-23,92.5,93.089996,91.17,91.44,6317713
2020-06-24,89.99,90.13,86.86,87.64,8974470
2020-06-25,87.31,89.51,87.16,89.21,7397991
2020-06-26,88.78,88.83,86.18,86.46,13766015
2020-06-29,86.91,88.57,86.6,87.67,7022175
2020-06-30,86.6,89.99,86.36,89.23,8263617
2020-07-01,89.28,90.77,87.55,87.62,6379402
2020-07-02,89.37,90.36,88.16,88.31,5832793
2020-07-06,89.5,90.25,87.8151,88.57,6747528
2020-07-07,87.82,88.079903,86.15,86.31,5898047
2020-07-08,86.39,87.8002,85.89,86.35,6735606
2020-07-09,85.97,86.32,82.69,82.74,8833552
2020-07-10,82.5,85.42,82.5,85.23,6218141
2020-07-13,86.040001,86.93,84.81,85.4,7074046
2020-07-14,85.39,88.6,85.0401,88.35,7440538
2020-07-15,90.18,90.19,88.21,88.89,5935206
2020-07-16,88.44,89.48,87.35,88.36,4795687
2020-07-17,88.41,89.11,86.91,87.19,5964361
2020-07-20,86.83,87.49,84.8,85.27,14974835
2020-07-21,86.47,91.725,86.36,91.39,15119307
2020-07-22,89.95,91.25,88.9,91.040001,10317499
2020-07-23,90.5,91.38,90.019997,91.010002,6586339
2020-07-24,91.48,92.74,89.98,90.13,6620464
2020-07-27,89.76,91.089996,88.8,91.040001,7599982
2020-07-28,90.47,91.17,88.77,89.11,6787341
2020-07-29,89.48,90.080002,88.5776,90.07,6386853
2020-07-30,88.43,88.495,85.7,86.27,10112780
2020-07-31,83.25,84.099998,81.51,83.94,19120652
2020-08-03,83.98,85.14,83.8,84.81,11221849
2020-08-04,84.48,86.72,84.2808,86.49,9077915
2020-08-05,88.14,88.43,86.405,87.2,7352641
2020-08-06,86.4299,87.9,86.099998,87.47,7035584
2020-08-07,86.88,87.11,85.74,86.8,7185382
2020-08-10,87.94,89.76,87.6,89.73,8150225
2020-08-11,91.95,93.010002,89.17,89.62,9074300
2020-08-12,90.8,91.66,89.45,90.72,9057971
2020-08-13,89.87,91.28,89.7623,89.82,7314642
2020-08-14,89.0,90.59,88.85,90.35,6343029
2020-08-17,90.35,91.58,89.72,90.77,10473810
2020-08-18,88.97,89.37,87.32,87.63,7981520
2020-08-19,87.3,87.9,86.2,86.39,9120256
2020-08-20,85.42,86.89,84.73,84.81,7872311
2020-08-21,84.67,85.089996,83.51,85.080002,9003629
2020-08-24,85.6,87.34,84.89,87.2,8738698
2020-08-25,88.010002,88.040001,85.76,86.13,6835813
2020-08-26,85.71,85.84,84.66,84.78,7486490
2020-08-27,85.16,85.63,83.97,84.91,7438151
2020-08-28,85.050003,85.73,84.32,85.63,7307932
2020-08-31,85.83,85.9,83.87,83.93,9437524
2020-09-01,83.26,83.63,82.45,83.080002,8997235
2020-09-02,83.059998,83.96,82.7,83.19,10822331
2020-09-03,83.050003,84.49,81.71,82.28,16179901
2020-09-04,82.46,83.635,80.9,81.93,10516602
2020-09-08,80.5,80.58,78.040001,78.97,14942534
2020-09-09,79.97,81.07,79.68,80.029999,9269820
2020-09-10,80.63,80.89,78.050003,78.15,11845876
2020-09-11,78.24,78.69,77.065002,77.69,13732414
2020-09-14,77.48,77.98,76.9199,77.29,8182840
2020-09-15,77.56,78.48,75.96,76.35,11732009
2020-09-16,76.35,79.48,75.96,78.56,13021736
2020-09-17,77.53,78.85,76.37,78.79,10515130
2020-09-18,77.88,79.15,77.5,78.21,14517794
2020-09-21,76.24,76.6522,74.68,76.3,16199130
2020-09-22,76.15,77.53,75.35,75.53,9154966
2020-09-23,75.59,75.91,71.85,71.95,16649186
2020-09-24,71.25,73.029999,70.5,71.8,15203454
2020-09-25,71.010002,72.48,70.77,71.83,11070519
2020-09-28,73.64,74.76,73.15,73.93,12863844
2020-09-29,74.0,74.14,71.11,71.9,10561321
2020-09-30,72.25,72.89,71.61,72.0,10466452
2020-10-01,71.51,71.88,70.029999,70.42,14930676
2020-10-02,68.92,71.67,68.82,71.19,9854802
2020-10-05,71.52,72.73,70.71,72.7,12049808
2020-10-06,73.84,74.32,72.245,72.3,15294477
2020-10-07,72.17,73.92,71.56,73.78,15410309
2020-10-08,74.39,75.55,73.99,75.22,11590867
2020-10-09,75.86,76.089996,73.98,74.0,12260866
2020-10-12,73.63,74.95,73.2,74.51,9056884
2020-10-13,74.74,74.74,72.78,73.4,10440260
2020-10-14,73.28,74.432,72.91,72.95,7058050
2020-10-15,71.815,73.72,71.39,73.51,10052931
2020-10-16,73.52,74.029999,72.27,72.89,9305957
2020-10-19,73.11,73.34,71.19,71.28,8357059
2020-10-20,71.905,72.29,71.040001,71.68,7753247
2020-10-21,71.13,71.5849,70.73,70.87,9800575
2020-10-22,70.88,73.49,70.57,73.4,9812735
2020-10-23,73.93,74.365,71.8266,72.57,8727161
2020-10-26,71.73,71.8899,70.24,70.94,9710860
2020-10-27,70.42,70.6,69.49,69.51,14251698
2020-10-28,67.695,68.080002,66.325,66.88,15961850
2020-10-29,66.13,69.14,65.16,68.8,12292162
2020-10-30,69.9,70.11,68.080002,69.5,17198460
2020-11-02,70.7,73.080002,69.4,72.15,11475510
2020-11-03,73.16,73.3,71.050003,71.74,8607953
2020-11-04,70.78,73.59,69.89,71.77,10925660
2020-11-05,71.895,72.97,71.76,72.14,10627725
2020-11-06,72.5,73.27,70.83,71.15,8366918
2020-11-09,80.0,84.27,78.26,79.4,24015180
2020-11-10,81.14,83.15,79.7063,83.07,15039666
2020-11-11,84.099998,84.49,81.8,82.46,11640583
2020-11-12,80.98,82.24,79.905,80.67,8929433
2020-11-13,81.15,83.3482,81.029999,83.029999,10898825
2020-11-16,86.24,89.18,85.54,88.96,18980208
2020-11-17,86.4,87.53,84.83,87.040001,14329013
2020-11-18,87.37,87.9,84.25,84.28,10583713
2020-11-19,83.545,85.96,83.059998,85.73,8820183
2020-11-20,85.72,86.31,84.88,85.79,8296993
2020-11-23,87.45,91.58,86.76,91.029999,13387116
2020-11-24,93.39,95.82,93.0,95.62,17266424
2020-11-25,94.68,94.68,92.14,92.14,10556559
2020-11-27,91.33,92.59,90.54,91.31,4627670
2020-11-30,90.010002,90.85,86.9,87.18,14288409
2020-12-01,89.28,89.71,87.07,87.45,9915692
2020-12-02,87.26,91.31,87.1003,89.87,10509612
2020-12-03,90.58,91.11,89.07,89.8,8249758
2020-12-04,91.22,93.45,90.92,93.28,10791108
2020-12-07,91.82,92.38,89.88,90.76,9398377
2020-12-08,90.34,92.4623,90.1887,91.54,7627316
2020-12-09,92.2,93.019997,89.37,90.44,11129431
2020-12-10,91.55,94.56,90.7756,93.35,11992093
2020-12-11,92.525,93.28,91.029999,92.45,9584454
2020-12-14,93.4,93.7,89.24,89.44,12198385
2020-12-15,89.42,90.48,88.77,89.37,11782523
2020-12-16,89.2,89.35,87.85,88.69,9892928
2020-12-17,89.54,89.55,87.55,88.41,11748927
2020-12-18,87.98,88.71,86.26,87.19,27427608
2020-12-21,84.35,86.835,83.53,86.089996,11430471
2020-12-22,85.44,85.8,84.3,84.36,8589973
2020-12-23,85.0,86.66,85.0,85.69,7223112
2020-12-24,85.93,85.93,84.81,85.33,3335646
2020-12-28,85.61,86.63,84.62,84.9,8051925
2020-12-29,85.26,85.7234,84.050003,84.61,7670818
2020-12-30,84.61,86.575,84.54,85.33,7901846
2020-12-31,84.9,85.195,83.9601,84.45,8350679
2021-01-04,85.15,85.95,83.89,84.71,9234919
2021-01-05,85.49,89.22,85.32,87.0,13414796
2021-01-06,89.0,90.78,87.82,89.8,13916760
2021-01-07,90.39,90.82,89.305,90.22,9286622
2021-01-08,92.080002,92.43,90.45,91.080002,11152132
2021-01-11,89.12,92.099998,88.57,91.6,10640794
2021-01-12,92.66,93.9209,91.71,93.34,10923858
2021-01-13,93.2,93.52,91.94,93.25,9723285
2021-01-14,93.94,96.315,93.79,95.49,13950227
2021-01-15,94.22,94.31,91.71,92.089996,10244596
2021-01-19,93.5,95.029999,93.29,94.51,9574755
2021-01-20,95.0,95.56,94.3002,95.38,8735375
2021-01-21,93.855,94.66,91.22,92.010002,10395872
2021-01-22,90.4,92.029999,89.83,91.73,7810638
2021-01-25,90.62,91.0271,89.33,90.9,7689434
2021-01-26,92.2,92.91,89.27,89.36,7827751
2021-01-27,87.53,90.35,86.745,88.2,10178499
2021-01-28,88.67,90.15,88.25,89.019997,8155520
2021-01-29,86.83,87.34,84.92,85.2,14699838
2021-02-01,85.99,87.3,84.57,86.41,8073583
2021-02-02,88.010002,88.37,86.53,87.059998,9233059
2021-02-03,87.050003,89.39,86.89,88.96,9256453
2021-02-04,89.51,89.65,87.945,89.0,7917645
2021-02-05,89.94,90.47,88.64,89.26,8017276
2021-02-08,90.29,92.040001,90.010002,91.48,9886579
2021-02-09,91.099998,91.27,89.81,90.96,7605481
2021-02-10,91.38,92.59,90.6,92.52,8778844
2021-02-11,92.37,92.44,90.080002,92.019997,8572404
2021-02-12,91.53,92.73,91.35,92.55,7858297
2021-02-16,93.050003,93.86,92.61,93.13,14005982
2021-02-17,95.42,96.72,94.2,95.92,14359912
2021-02-18,95.75,95.78,94.3,95.0,9037383
2021-02-19,95.13,96.38,94.65,95.8,8913854
2021-02-22,96.99,99.64,96.46,98.39,13178659
2021-02-23,99.97,100.16,96.8,99.63,14873984
2021-02-24,100.33,104.040001,99.81,103.31,16115973
2021-02-25,104.9,104.96,101.59,102.35,13219202
2021-02-26,100.3,101.059998,97.61,100.0,14454120
2021-03-01,102.46,103.8,101.4,102.050003,10441458
2021-03-02,101.89,103.309,101.71,102.44,10643496
2021-03-03,103.41,105.75,103.4,103.59,14958191
2021-03-04,104.515,107.58,103.13,104.5,22994234
2021-03-05,106.96,109.13,106.15,109.0,23638180
2021-03-08,109.86,110.43,108.059998,109.75,18033628
2021-03-09,109.07,110.69,107.88,109.5,19010708
2021-03-10,110.2,112.010002,109.7,111.37,17389896
2021-03-11,111.65,112.55,110.89,111.19,10989457
2021-03-12,111.64,112.7,110.7205,111.56,10930296
2021-03-15,111.53,111.905,108.89,110.25,10490522
2021-03-16,108.53,108.88,107.080002,107.64,11698406
2021-03-17,107.21,108.5582,106.6,108.029999,9168615
2021-03-18,107.010002,107.53,103.71,104.12,13246642
2021-03-19,103.94,104.89,102.74,103.38,18490988
2021-03-22,103.059998,104.5,102.311,102.54,12508496
2021-03-23,101.45,104.3,100.69,101.97,14781722
2021-03-24,102.99,105.76,102.91,104.7,11026790
2021-03-25,102.85,105.26,102.07,105.07,11138164
2021-03-26,106.54,107.54,105.36,107.48,9820150
2021-03-29,106.4,107.53,105.7,106.92,7542327
2021-03-30,106.059998,106.83,105.59,105.93,6284594
2021-03-31,105.55,106.22,104.6,104.79,8954377
2021-04-01,105.26,105.86,104.21,105.75,8515750
2021-04-05,105.73,105.83,104.17,104.51,8692709
2021-04-06,104.25,105.080002,103.45,103.58,8125056
2021-04-07,103.47,104.57,103.26,104.19,7699316
2021-04-08,103.52,103.62,102.07,103.019997,8282974
2021-04-09,103.12,103.68,102.099998,102.92,7163742
2021-04-12,103.67,103.86,101.51,101.78,7845876
2021-04-13,101.56,102.6,101.29,102.24,6829891
2021-04-14,102.65,105.33,102.6,104.27,10194796
2021-04-15,104.010002,104.2699,102.93,103.42,7860544
2021-04-16,103.8,104.36,102.43,102.96,7459703
2021-04-19,103.27,103.83,102.21,103.26,7068669
2021-04-20,102.83,102.99,100.51,101.33,9783782
2021-04-21,100.33,102.99,100.14,102.73,8264429
2021-04-22,102.87,102.87,100.87,100.95,9899395
2021-04-23,101.099998,102.17,100.72,101.55,6763045
2021-04-26,101.27,102.67,101.26,101.52,5639736
2021-04-27,101.81,103.099998,101.51,102.7,6898931
2021-04-28,103.54,105.8599,103.37,105.22,8718443
2021-04-29,106.42,107.65,105.75,106.9,9740270
2021-04-30,104.98,105.39,102.97,103.07,13729988
2021-05-03,103.98,105.72,103.22,105.53,7938125
2021-05-04,105.96,106.51,104.85,106.11,8704287
2021-05-05,107.089996,109.54,106.82,108.96,12872422
2021-05-06,108.95,109.13,107.42,109.019997,9654939
2021-05-07,108.089996,110.6686,107.7,110.019997,10273022
2021-05-10,111.44,113.11,109.52,109.57,13586538
2021-05-11,109.059998,109.58,106.21,106.7,12754775
2021-05-12,107.0,110.15,106.72,107.37,11661875
2021-05-13,106.07,107.87,105.44,106.68,9712944
2021-05-14,107.8,109.82,107.8,109.47,9124095
2021-05-17,109.089996,110.88,108.97,110.81,12692903
2021-05-18,108.94,109.059998,105.97,106.18,12759856
2021-05-19,103.82,104.29,101.97,103.2,14762698
2021-05-20,103.07,104.07,101.97,103.56,9706329
2021-05-21,104.099998,105.2,103.68,104.12,10352761
2021-05-24,104.95,105.835,104.0,105.6,6785616
2021-05-25,105.43,105.62,103.61,103.87,7883966
2021-05-26,104.52,104.9099,103.655,104.12,9232351
2021-05-27,104.12,104.91,102.57,103.010002,11703372
2021-05-28,103.62,104.12,102.95,103.79,7278515
2021-06-01,105.3,107.43,105.3,106.65,10260601
2021-06-02,107.21,108.56,106.21,108.080002,9141802
2021-06-03,107.56,108.089996,106.56,107.59,8809345
2021-06-04,108.24,108.67,107.21,108.45,6699324
2021-06-07,108.37,108.7,107.57,107.75,6748624
2021-06-08,107.65,108.98,106.3,108.73,10559458
2021-06-09,109.059998,109.53,107.65,107.78,10146883
2021-06-10,109.059998,110.25,107.25,108.41,13526150
2021-06-11,108.84,108.97,107.86,107.91,7731720
2021-06-14,108.18,108.96,106.83,107.97,9051850
2021-06-15,108.41,110.48,108.39,110.3,10540237
2021-06-16,110.029999,110.51,108.9,109.67,9283310
2021-06-17,109.24,109.9836,105.6225,107.07,14337763
2021-06-18,105.25,106.27,102.91,103.029999,22284520
2021-06-21,104.099998,106.435,103.93,106.050003,13591475
2021-06-22,105.33,106.96,104.31,106.4,10230125
2021-06-23,107.36,108.13,106.23,106.27,7792775
2021-06-24,107.14,107.7766,106.36,107.14,8724554
2021-06-25,107.59,108.059998,106.78,107.3,8102262
2021-06-28,106.95,107.0,103.66,103.99,11348401
2021-06-29,104.59,104.97,103.61,103.76,7225469
2021-06-30,103.84,104.88,103.72,104.74,7927453
2021-07-01,106.95,107.099998,105.74,106.21,10873218
2021-07-02,105.7,106.4,105.040001,106.07,7108866
2021-07-06,105.97,105.97,103.39,103.99,10162846
2021-07-07,103.96,104.9,102.12,102.93,8244985
2021-07-08,101.5,103.089996,101.22,102.6,8695534
2021-07-09,103.46,104.23,102.36,104.07,8567930
2021-07-12,103.56,105.019997,103.235,104.28,9898606
2021-07-13,104.0,104.58,103.22,103.93,6737964
2021-07-14,104.48,105.32,101.72,101.97,9216621
2021-07-15,101.050003,102.25,100.85,101.3,9665662
2021-07-16,101.63,101.69,98.33,98.62,12199106
2021-07-19,95.82,96.95,94.52,95.96,17385524
2021-07-20,95.89,98.040001,95.050003,96.53,12114567
2021-07-21,97.98,100.4698,97.7,99.82,11478146
2021-07-22,99.4,99.41,97.89,98.82,7694255
2021-07-23,98.8,99.12,97.94,98.86,7570757
2021-07-26,99.46,101.26,99.44,100.95,10227463
2021-07-27,100.050003,100.72,98.94,100.61,8332082
2021-07-28,100.9,101.81,100.28,101.18,8546112
2021-07-29,102.38,102.88,101.94,102.57,8681341
2021-07-30,103.059998,104.050003,100.765,101.81,12295292
2021-08-02,102.080002,103.98,101.56,101.63,8911806
2021-08-03,101.59,102.91,100.67,102.6,8437326
2021-08-04,100.44,101.9,100.099998,100.3,10389809
2021-08-05,100.94,102.43,100.67,101.23,7986071
2021-08-06,102.019997,102.58,101.6,101.95,6475592
2021-08-09,100.91,101.38,99.93,100.25,9243086
2021-08-10,100.74,102.32,100.58,102.080002,9762631
2021-08-11,102.040001,102.97,101.6,102.85,7079767
2021-08-12,102.86,103.25,101.78,102.64,7378419
2021-08-13,102.23,102.54,101.64,101.96,6572623
2021-08-16,100.83,101.2,99.91,100.92,9479436
2021-08-17,100.2,101.68,99.63,100.73,10937474
2021-08-18,98.69,99.42,96.55,96.7,12893614
2021-08-19,94.81,95.31,92.86,94.29,17423358
2021-08-20,93.52,94.875,93.21,94.3,9707644
2021-08-23,96.089996,97.0,96.059998,96.73,10277755
2021-08-24,97.5,98.614,97.385,97.84,8924936
2021-08-25,97.22,98.72,96.72,98.51,9342304
2021-08-26,98.11,98.73,97.2,97.22,8124768
2021-08-27,98.14,99.46,98.050003,98.64,10281177
2021-08-30,99.089996,99.308,97.97,98.39,8127183
2021-08-31,98.14,98.41,96.64,96.77,15676853
2021-09-01,96.86,97.07,95.47,95.71,10557264
2021-09-02,96.64,98.385,96.55,97.71,12341253
2021-09-03,97.4,98.43,97.38,97.49,9099427
2021-09-07,97.019997,97.975,96.74,97.059998,9239168
2021-09-08,97.5,98.47,96.35,96.39,10775871
2021-09-09,95.89,97.62,95.35,96.0,10219375
2021-09-10,97.6,97.7,95.89,96.07,11005955
2021-09-13,97.21,98.7099,97.059998,97.97,11500862
2021-09-14,98.38,98.74,95.98,96.2,15294109
2021-09-15,96.99,98.53,96.99,98.24,11623447
2021-09-16,98.32,98.59,96.91,97.32,10617017
2021-09-17,97.11,98.38,96.37,96.76,16008919
2021-09-20,94.64,95.25,93.31,94.78,15796135
2021-09-21,95.57,95.89,94.029999,94.85,10958440
2021-09-22,96.24,98.78,96.24,97.64,13292796
2021-09-23,98.24,100.2662,97.75,100.059998,10094866
2021-09-24,99.65,100.97,99.65,100.6,8225292
2021-09-27,102.59,103.78,102.59,102.97,12697522
2021-09-28,103.91,104.89,102.88,103.36,15560821
2021-09-29,103.21,104.24,102.34,103.33,10268052
2021-09-30,103.42,103.45,101.45,101.45,15324113
2021-10-01,102.215,104.54,101.88,104.33,10854909
2021-10-04,105.0,105.86,104.11,104.72,13305382
2021-10-05,106.040001,107.77,105.42,105.86,13017313
2021-10-06,104.18,105.345,103.58,104.93,10630108
2021-10-07,105.61,106.3,105.215,105.68,8830858
2021-10-08,106.81,108.43,106.6,108.050003,10586720
2021-10-11,109.56,109.63,106.9231,107.13,9794816
2021-10-12,106.99,107.58,106.17,107.15,9085018
2021-10-13,106.77,108.34,106.48,107.79,9221384
2021-10-14,108.88,109.16,108.11,108.81,7650588
2021-10-15,109.77,110.025002,109.43,109.61,9968079
2021-10-18,110.22,110.41,108.955,109.56,10677443
2021-10-19,110.16,111.7,109.795,111.7,10362811
2021-10-20,111.089996,113.17,110.78,113.16,10811367
2021-10-21,112.71,112.805,110.87,111.74,9372562
2021-10-22,112.22,112.88,111.45,112.8,8673794
2021-10-25,113.53,114.35,113.3011,113.85,9579769
2021-10-26,113.98,114.6,113.51,114.099998,7463012
2021-10-27,113.22,113.58,111.65,112.07,9096093
2021-10-28,111.58,113.27,111.58,113.12,7538156
2021-10-29,114.83,115.29,113.15,114.49,15294239
2021-11-01,115.029999,115.089996,114.050003,114.53,11213772
2021-11-02,114.18,114.19,113.21,113.83,9189727
2021-11-03,112.27,113.27,111.97,113.010002,10415962
2021-11-04,114.22,114.26,112.91,113.51,9672950
2021-11-05,114.27,115.050003,113.93,114.74,8102077
2021-11-08,115.089996,115.99,114.69,115.15,7695949
2021-11-09,115.27,116.12,114.46,116.0,10945910
2021-11-10,115.76,116.21,113.66,114.15,10305103
2021-11-11,113.6,114.67,113.57,114.16,7317533
2021-11-12,113.8,114.305,113.59,114.23,8682840
2021-11-15,114.95,116.95,114.27,116.82,11050416
2021-11-16,117.11,118.080002,116.86,117.28,10566262
2021-11-17,114.87,116.53,114.66,115.42,11108044
2021-11-18,114.85,115.38,113.41,114.45,8371422
2021-11-19,112.51,113.15,111.099998,111.91,13538019
2021-11-22,112.019997,115.1901,111.85,113.91,9947752
2021-11-23,115.19,116.84,115.059998,116.3,10375090
2021-11-24,116.81,118.0,116.68,117.19,8500870
2021-11-26,113.35,114.83,112.63,114.51,11861780
2021-11-29,116.34,117.17,114.71,114.85,12003848
2021-11-30,113.45,115.86,112.44,112.87,24451184
2021-12-01,114.95,116.055,112.089996,112.099998,12308070
2021-12-02,113.25,115.7,111.93,115.14,11392389
2021-12-03,116.74,117.0,113.585,114.41,10445106
2021-12-06,115.96,117.45,115.050003,116.2,9833881
2021-12-07,117.235,118.66,117.235,117.92,11419641
2021-12-08,118.39,119.26,117.66,118.45,8827850
2021-12-09,117.85,118.6,117.58,118.14,8334720
2021-12-10,118.93,119.2,116.87,118.34,9090712
2021-12-13,117.46,117.85,115.61,115.88,8533029
2021-12-14,115.74,116.915,115.47,116.22,12245285
2021-12-15,116.32,116.32,113.95,115.56,11069546
2021-12-16,116.19,118.1899,115.92,116.64,11344669
2021-12-17,115.92,116.46,113.53,113.6,22768788
2021-12-20,111.86,113.71,110.73,113.65,13464426
2021-12-21,114.43,116.07,114.29,115.47,11368243
2021-12-22,115.42,116.68,114.41,116.13,8345209
2021-12-23,116.51,117.92,116.4,116.41,7416618
2021-12-27,116.07,118.82,115.4101,118.79,7746498
2021-12-28,118.66,119.3401,118.035004,118.56,6516975
2021-12-29,118.080002,118.6461,117.29,117.95,6957392
2021-12-30,118.13,118.69,117.34,117.43,6015963
2021-12-31,117.38,118.089996,117.13,117.35,5706571
2022-01-03,117.42,119.69,117.29,119.26,10721647
2022-01-04,119.95,121.98,119.66,121.43,16413082
2022-01-05,122.24,123.84,122.07,122.22,15487063
2022-01-06,123.62,124.32,121.64,123.26,13318510
2022-01-07,123.55,125.54,122.95,125.029999,14164604
2022-01-10,125.15,125.69,123.86,125.11,12626136
2022-01-11,125.86,128.0,124.83,127.97,14608977
2022-01-12,127.99,128.42751,126.47,127.33,12469166
2022-01-13,127.14,128.10001,126.45,126.8,9691264
2022-01-14,126.76,129.2,126.76,128.96001,13281014
2022-01-18,129.69,130.0,127.87,129.38,12908563
2022-01-19,129.95,130.14999,128.5369,128.91,12064280
2022-01-20,128.27,130.86,127.88,128.45,11370408
2022-01-21,127.76,128.39999,126.229,126.91,13055711
2022-01-24,124.45,127.73,122.84,127.18,19532204
2022-01-25,127.12,132.74001,125.27,132.59,19984516
2022-01-26,132.89999,134.71001,131.59,132.69,17266510
2022-01-27,134.45,137.0,133.59,135.37,20654130
2022-01-28,130.0,132.059998,128.070007,130.61,24817826
2022-01-31,130.19,131.8559,129.33009,131.33,16401779
2022-02-01,130.83,135.74001,130.5144,134.78999,16169726
2022-02-02,134.35001,135.8,132.8,135.41,10906716
2022-02-03,134.85001,135.35001,133.19,134.2,9447690
2022-02-04,135.0099945,137.0,135.0099945,135.88,13034732
2022-02-07,135.34,139.42999,134.83,138.55,18422548
2022-02-08,138.17999,138.42999,135.0099945,136.44,11021577
2022-02-09,136.715,138.34,136.10001,137.78999,10140782
2022-02-10,137.56,138.78999,135.39,136.039993,11012720
2022-02-11,136.86,139.44,136.28,138.81,12821226
2022-02-14,137.94,138.050003,135.050003,136.67,15944961
2022-02-15,133.080002,134.84,132.17999,134.25999,11751999
2022-02-16,134.94501,136.16,133.75999,134.3,11348840
2022-02-17,134.17,134.58299,132.45,133.61,10073937
2022-02-18,132.82001,133.90871,132.050003,133.42,10691818
2022-02-22,137.0,137.0,130.52,132.39999,19428744
2022-02-23,132.92999,136.080002,132.56,135.55,16134237
2022-02-24,137.92999,138.23,131.72099,134.85001,22108908
2022-02-25,135.96001,140.5,135.42999,140.38,28028028
2022-02-28,139.27,144.0,138.64999,144.0,24394290
2022-03-01,145.0099945,149.96001,144.7,149.72,31159890
2022-03-02,150.2,155.75,150.050003,154.14,31329536
2022-03-03,152.25999,157.12,151.75,156.22,22492888
2022-03-04,155.78999,159.95,155.089996,158.64999,29053440
2022-03-07,159.89999,162.10001,155.72,162.039993,34824672
2022-03-08,164.31,174.0,164.10001,170.53,57231028
2022-03-09,162.77,169.77,161.21249,166.27,43429992
2022-03-10,168.74001,174.75999,168.28999,170.82001,34913612
2022-03-11,165.89,172.98,165.88,170.89999,28423556
2022-03-14,166.21001,168.35001,164.3009,166.72,25156192
2022-03-15,159.114,160.189,155.25999,158.28,28534396
2022-03-16,158.78999,160.5,156.21001,157.71001,22299742
2022-03-17,159.95,160.99001,157.92,160.44,15750666
2022-03-18,160.89,161.73,158.78,161.73,23214728
2022-03-21,163.020004,165.58,162.72,164.64,13180558
2022-03-22,163.69,165.25999,162.5804,164.089996,11063913
2022-03-23,166.0,167.3463,164.94,165.86,10754998
2022-03-24,166.42999,167.4001,165.0,166.3,9024821
2022-03-25,165.22,169.69,165.16,169.31,10258284
2022-03-28,165.89999,166.63,165.13,166.35001,9992000
2022-03-29,163.50999,164.48,160.5,164.32001,15102586
2022-03-30,165.24001,166.35001,163.66,165.48,9905997
2022-03-31,163.47,166.16,162.72,162.83,10395918
2022-04-01,162.78,165.95,162.33,164.22,8795255
2022-04-04,165.0,165.45,163.0,164.37,8723834
2022-04-05,165.029999,167.72279,163.10001,163.36,9538219
2022-04-06,164.83,167.0099945,164.33,164.81,9268988
2022-04-07,165.10001,167.7,163.42,167.10001,8018385
2022-04-08,167.050003,171.095001,167.020004,169.92999,10801182
2022-04-11,168.57001,168.78,164.9101,165.56,10206072
2022-04-12,168.97,172.67999,168.14999,169.0099945,9528372
2022-04-13,170.92999,172.080002,168.28999,171.67,7330690
2022-04-14,170.69,172.94,170.56,171.59,9421052
2022-04-18,173.0,174.53999,171.87,173.89,7639045
2022-04-19,173.080002,173.685,171.029999,171.83,6970194
2022-04-20,171.62,173.58,171.4632,172.53,7494950
2022-04-21,171.74001,172.44,163.83,164.58,14594792
2022-04-22,164.38,165.47,160.86,160.95,12160115
2022-04-25,155.73,158.36,151.36,157.49001,15449845
2022-04-26,158.82001,160.37,156.39,156.53,9810595
2022-04-27,157.080002,157.92,154.52,156.24001,10396640
2022-04-28,157.45,163.0,154.92999,161.78999,9366444
2022-04-29,161.28,162.44,156.28999,156.67,14713218
2022-05-02,156.31,160.0,155.14999,159.75,11559035
2022-05-03,159.57001,163.42999,159.25999,162.49001,8827214
2022-05-04,164.97,167.89,163.47,167.59,9183248
2022-05-05,169.25999,169.5,162.64999,166.25999,9807618
2022-05-06,168.27,170.97,165.42,170.69,10418069
2022-05-09,167.75,167.75,158.47501,159.25,14110669
2022-05-10,162.21001,164.19,157.87,160.78,11635989
2022-05-11,163.58,167.46001,162.50999,163.16,9105510
2022-05-12,163.22,164.85001,158.86,164.71001,8936447
2022-05-13,166.5,168.78999,164.88,167.87,9229903
2022-05-16,169.0,174.97,168.855,173.0099945,13296287
2022-05-17,174.84,175.64999,172.61,174.029999,12827565
2022-05-18,174.12,174.13,165.78999,168.059998,13107484
2022-05-19,164.63,169.63499,162.83,166.86,10958664
2022-05-20,168.88,171.039993,164.089996,167.82001,9615014
2022-05-23,169.42999,172.96001,169.11,171.72,10216368
2022-05-24,170.69,173.58,169.81,172.64,9782746
2022-05-25,173.14,175.99001,172.97,175.41,10174492
2022-05-26,176.49001,177.92999,175.0099945,176.59,11213897
2022-05-27,176.52,178.35001,175.69,178.28,10512286
2022-05-31,179.96001,180.96001,173.47,174.66,20547568
2022-06-01,176.73,178.13,174.94,176.32001,8824083
2022-06-02,174.74001,176.50999,174.10001,176.0,7441942
2022-06-03,176.0,178.25,176.0,177.60001,8435276
2022-06-06,177.89999,178.0,175.5103,176.83,6734222
2022-06-07,177.47,180.66,176.92,180.2,9668277
2022-06-08,180.95,182.39999,180.25,181.13,8715219
2022-06-09,180.029999,180.64,177.39,177.52,9767334
2022-06-10,176.37,178.57001,173.64999,175.39999,9531887
2022-06-13,171.61,172.0,164.059998,167.33,14614909
2022-06-14,169.37,172.28999,165.84,167.55,10269314
2022-06-15,166.78,167.85001,161.94,164.25999,11565259
2022-06-16,159.94,160.53999,153.75,155.48,18125946
2022-06-17,154.88,155.47,145.78999,148.38,35575072
2022-06-21,152.050003,156.020004,151.44,154.59,13771959
2022-06-22,148.070007,150.8,146.33,147.87,13746273
2022-06-23,148.78999,149.23,140.14999,142.42999,15713650
2022-06-24,145.2,147.089996,142.60001,144.77,11108283
2022-06-27,145.86,148.82001,145.60001,147.57001,9242394
2022-06-28,150.88,152.185,148.11,149.94,9188157
2022-06-29,151.63,152.11,146.089996,146.98,9082908
2022-06-30,144.55,147.92,143.41,144.78,10684987
2022-07-01,146.60001,146.96001,142.47,146.50999,7684648
2022-07-05,143.64999,144.53999,139.41,142.66,11518342
2022-07-06,141.66,143.25999,136.8,140.78,12421182
2022-07-07,144.10001,145.3,143.080002,143.52,12741789
2022-07-08,144.88,145.45,141.089996,142.77,7915513
2022-07-11,141.91,142.8455,139.92999,141.50999,7058086
2022-07-12,138.5,139.62,137.25999,138.92,8653904
2022-07-13,137.61,140.72501,137.14,137.99001,9414621
2022-07-14,134.31,136.16,132.53999,135.94,10150199
2022-07-15,138.96001,138.96001,136.42999,137.64999,7051940
2022-07-18,140.56,142.14,139.080002,139.58,7943901
2022-07-19,139.69,145.0099945,139.42,144.61,9152131
2022-07-20,144.5,147.25999,143.32001,146.52,7856587
2022-07-21,143.12,145.47,141.5,145.39999,6724233
2022-07-22,145.56,146.3,143.42,144.19,5889480
2022-07-25,145.7,148.61,144.17999,148.48,6210859
2022-07-26,149.5,150.67999,146.53011,147.32001,6112846
2022-07-27,148.34,150.2,146.66,149.25999,6223030
2022-07-28,150.69,151.47,148.029999,150.39,6574257
2022-07-29,156.545,164.66,155.89999,163.78,17143672
2022-08-01,161.17999,161.86,159.14999,160.50999,8017771
2022-08-02,160.89,161.47,158.3,159.14,5928321
2022-08-03,159.31,159.96001,154.35001,155.36,8751360
2022-08-04,155.32001,155.44,150.72501,151.14,10640043
2022-08-05,149.64,155.0099945,149.020004,153.64,7170150
2022-08-08,153.59,154.98,153.1524,153.41,5971746
2022-08-09,155.94,157.8,154.60001,155.41,5842157
2022-08-10,156.0,156.47,152.92999,155.82001,6145793
2022-08-11,158.11,161.16,157.62,159.62,7888554
2022-08-12,158.25,159.91,157.14,159.85001,7244736
2022-08-15,155.17999,157.78999,153.44,156.81,8975241
2022-08-16,157.41,157.92,155.82001,156.41,7218400
2022-08-17,156.63,159.34061,155.50999,157.7,6741052
2022-08-18,157.14999,159.66,157.089996,159.020004,6477525
2022-08-19,158.46001,159.74001,157.62,157.69,6834151
2022-08-22,156.69,157.74001,154.42,156.89999,9146956
2022-08-23,159.10001,162.34,158.71001,161.99001,10354806
2022-08-24,161.66,163.35001,160.67,163.19,9468086
2022-08-25,163.92,164.89999,162.61,164.62,8050712
2022-08-26,164.17999,166.13,162.46001,163.41,7765789
2022-08-29,163.89,166.83,163.64,164.63,8462554
2022-08-30,162.32001,162.56,158.75999,160.62,8814325
2022-08-31,157.61,161.41,156.14999,158.059998,13582719
2022-09-01,156.48,156.88,153.22749,155.53999,8244374
2022-09-02,158.24001,159.125,156.72,157.85001,7526632
2022-09-06,159.89,159.99001,155.71001,157.12,8550015
2022-09-07,154.059998,155.82001,152.62,155.11,9442085
2022-09-08,155.59,156.38,153.38,155.95,9232512
2022-09-09,158.41,160.64999,157.53,159.97,8262324
2022-09-12,162.81,164.53,161.25,162.5,8920774
2022-09-13,161.41,162.66,158.74001,159.41,10308253
2022-09-14,160.94,163.57001,160.345,163.27,11160784
2022-09-15,160.67999,161.69501,159.58,160.62,9664953
2022-09-16,160.52,161.14,155.61,156.45,43741592
2022-09-19,152.92999,156.95,152.8,156.89999,6813836
2022-09-20,156.039993,156.85001,154.3438,156.28,8955194
2022-09-21,158.31,158.78,154.95,155.0099945,6876977
2022-09-22,157.60001,158.28,154.74001,154.89,6981135
2022-09-23,149.75,150.17999,143.66,144.77,13919660
2022-09-26,143.57001,145.050003,140.89,140.96001,9443962
2022-09-27,142.28999,143.77,140.46001,141.020004,10121025
2022-09-28,142.080002,146.44,141.39999,145.78,8279791
2022-09-29,144.505,145.41141,142.27,144.77,8197558
2022-09-30,144.029999,145.13499,142.4901,143.67,9402735
2022-10-03,148.97,152.34,148.3,151.73,9597434
2022-10-04,154.42999,157.875,153.63,157.63,9520192
2022-10-05,155.84,159.73,154.8,158.53,10633060
2022-10-06,157.34,161.94,157.2,161.42,9498285
2022-10-07,162.50999,163.92999,159.059998,160.029999,9972528
2022-10-10,161.0,161.47,156.44,157.14,5904458
2022-10-11,154.75,159.92999,154.11,157.17,7533526
2022-10-12,156.14,158.8058,155.52,157.64,4942040
2022-10-13,156.35001,165.99001,156.35001,165.28,10227528
2022-10-14,164.039993,165.46001,159.92999,160.14,7330891
2022-10-17,163.28999,164.91,161.10001,161.31,5890355
2022-10-18,162.36,163.31,158.96001,162.72,5631214
2022-10-19,163.59,169.21001,163.59,168.0,9766782
2022-10-20,169.3,171.82001,167.94,168.96001,8871544
2022-10-21,169.14999,173.84,168.85001,173.19,7971263
2022-10-24,172.080002,174.67,171.61,173.13,7007718
2022-10-25,173.059998,175.0,172.16679,174.92999,7280616
2022-10-26,175.32001,178.48,175.17,177.089996,6867398
2022-10-27,179.89,181.39999,177.48,177.89999,9177445
2022-10-28,181.47,182.86,176.53,179.98,10773913
2022-10-31,178.059998,183.84,178.059998,180.89999,13281031
2022-11-01,183.87,184.5,181.89999,182.22,9185616
2022-11-02,180.92999,182.89999,178.27,178.5,8095097
2022-11-03,177.97,182.19,177.41,181.13,6607761
2022-11-04,184.84,185.39999,180.60001,183.42,7491859
2022-11-07,182.5,186.38,182.11,185.61,7577990
2022-11-08,185.32001,186.25,183.86099,185.34,6308242
2022-11-09,183.61,183.81,177.22,177.92999,8021724
2022-11-10,182.23,182.33,178.039993,181.3,6981533
2022-11-11,184.050003,187.10001,183.89,186.46001,8428326
2022-11-14,186.31,189.67999,186.17999,186.55,9722363
2022-11-15,187.12,188.435,185.27,188.050003,7747319
2022-11-16,186.535,187.8152,183.675,184.99001,7941075
2022-11-17,181.50999,184.23,180.27,184.089996,6553224
2022-11-18,180.96001,183.41,179.64999,182.99001,7661469
2022-11-21,179.73,181.7,175.82001,181.24001,8432869
2022-11-22,183.75,186.56,183.080002,185.89,9017994
2022-11-23,183.21001,185.14999,182.58,184.24001,5831218
2022-11-25,184.89,185.3,183.31,183.7,2796407
2022-11-28,180.28,181.47,177.96001,178.36,9367156
2022-11-29,180.25999,181.85001,179.64999,181.029999,6985359
2022-11-30,182.85001,183.34,179.62,183.31,10936711
2022-12-01,184.25999,184.55,181.44,182.49001,5217378
2022-12-02,181.53,183.63,179.925,181.029999,6852304
2022-12-05,182.67,182.95,174.63,176.56,8162195
2022-12-06,175.50999,178.059998,171.12041,172.0099945,8764989
2022-12-07,171.059998,174.5834,170.85001,172.52,6936345
2022-12-08,176.25,176.39999,172.029999,173.53999,8076601
2022-12-09,172.3,173.19,167.92999,168.0,10754284
2022-12-12,168.92999,170.52,167.71001,169.75,9364900
2022-12-13,173.57001,174.455,172.48,173.53,7838780
2022-12-14,174.49001,174.92,171.265,172.33,7045514
2022-12-15,170.60001,171.37241,168.054993,171.039993,7273274
2022-12-16,168.53,170.14999,167.10001,168.72,23876042
2022-12-19,170.11,170.82001,168.25,169.88,7131563
2022-12-20,169.81,173.28999,169.60001,172.67,6199128
2022-12-21,175.19,175.96001,173.16,174.7,5479426
2022-12-22,175.16,175.21001,168.33051,172.080002,5756793
2022-12-23,174.10001,177.58,173.69,177.39999,6079120
2022-12-27,178.36,180.23,177.39999,179.63,5167962
2022-12-28,178.86,179.2981,175.92999,176.98,4494350
2022-12-29,176.64999,179.2,176.64999,178.32001,4142090
2022-12-30,178.029999,179.95,177.7,179.49001,5005094
2023-01-03,178.039993,179.0,171.50999,173.99001,7565431
2023-01-04,170.95,174.28999,170.85001,172.14,7684494
2023-01-05,171.5,176.19,171.24001,175.24001,6088214
2023-01-06,177.020004,179.39,175.7,176.56,7191222
2023-01-09,178.25999,178.3299,174.3806,175.17999,8385636
2023-01-10,176.39999,176.71001,173.72,176.039993,8307049
2023-01-11,177.89,178.14,174.3,175.2,6962580
2023-01-12,175.99001,178.37,175.89999,177.080002,6891351
2023-01-13,177.089996,177.99001,175.67999,177.56,5726331
2023-01-17,178.44,181.32001,178.17999,180.49001,10697748
2023-01-18,180.82001,182.38,176.94,177.23,8899185
2023-01-19,176.61,179.95,176.16,179.0,5907163
2023-01-20,178.81,181.36,177.52,180.89999,10477905
2023-01-23,181.21001,182.5455,180.029999,180.66,8381315
2023-01-24,181.089996,182.0,178.7,180.83,5988995
2023-01-25,179.28999,180.029999,176.35001,179.080002,6727512
2023-01-26,184.99001,187.81,183.48,187.78999,14307824
2023-01-27,184.23,184.23,177.91499,179.45,19654686
2023-01-30,178.0,178.34,173.67,174.2,11476042
2023-01-31,172.75,174.63,171.42,174.020004,14481276
2023-02-01,173.31,173.66,169.53999,171.36,11526400
2023-02-02,171.13,171.42999,166.82001,169.0099945,10463350
2023-02-03,169.86,171.5477,168.49001,169.45,8404871
2023-02-06,169.56,170.12,167.37,169.64,7659492
2023-02-07,170.065002,174.39,169.61,174.089996,10256500
2023-02-08,172.48,174.068604,169.465,170.0,9784725
2023-02-09,170.23,170.66,168.0,168.44,10123359
2023-02-10,170.8,172.73,170.78,171.97,11602394
2023-02-13,171.32001,171.89999,169.77,171.0099945,9442889
2023-02-14,170.48,173.50999,169.98,172.32001,8077335
2023-02-15,169.39999,169.5238,167.5,169.0099945,8888908
2023-02-16,168.19,168.66,166.39999,166.57001,6727542
2023-02-17,164.73,164.84,161.85001,162.85001,9612107
2023-02-21,162.17999,163.74969,160.7,161.0,7259738
2023-02-22,160.28,161.66,158.91,160.35001,6205935
2023-02-23,162.25,162.84,160.56,161.92999,6445523
2023-02-24,160.77,162.60001,159.14999,162.41,5330180
2023-02-27,163.0099945,163.37,161.92,162.82001,6386760
2023-02-28,164.32001,164.32001,160.28,160.77,10854226
2023-03-01,160.92,163.59,160.59,162.050003,7470391
2023-03-02,161.98,163.49001,161.5901,162.56,5582097
2023-03-03,160.87,165.58,160.42,164.96001,6007546
2023-03-06,164.34,166.8,163.81,166.17,7703600
2023-03-07,165.7,166.60001,163.58,164.029999,7392967
2023-03-08,163.23,165.28999,161.38,162.99001,5435819
2023-03-09,163.78999,165.49001,160.19,160.50999,6214745
2023-03-10,160.94,164.67,158.67,159.67,7385803
2023-03-13,156.44,160.95,153.8,158.71001,10106133
2023-03-14,158.25999,164.020004,157.88,160.75999,10035193
2023-03-15,155.59,157.95,152.0099945,153.8,14063141
2023-03-16,150.16,155.465,149.91,154.28999,12852173
2023-03-17,153.62,155.38,150.60001,152.34,33161774
2023-03-20,151.74001,155.78,151.28999,154.58,8461413
2023-03-21,157.16,159.57001,156.47,159.31,9753541
2023-03-22,159.87,160.059998,155.92999,156.070007,6314994
2023-03-23,157.020004,158.755,153.14,154.52,7859437
2023-03-24,152.10001,156.64999,151.83,156.059998,6601923
2023-03-27,157.39999,158.48,155.69,157.64999,7006768
2023-03-28,157.28,160.19,156.67999,159.49001,5605382
2023-03-29,160.62,161.32001,159.33479,160.86,7569727
2023-03-30,162.25,163.0099945,161.58,162.39,6322353
2023-03-31,162.7,163.72,162.14999,163.16,7041436
2023-04-03,169.8,171.10001,168.92,169.95,12868174
2023-04-04,171.14,171.14,167.72,169.039993,7521448
2023-04-05,169.25999,170.44,167.74001,169.88,6478114
2023-04-06,169.345,169.41,167.13,167.64999,5803168
2023-04-10,168.49001,169.675,167.31,168.28999,5923503
2023-04-11,169.065002,170.34,168.070007,169.22,5469592
2023-04-12,170.45,171.12,169.47,169.82001,6157875
2023-04-13,170.25,172.47,169.82001,172.089996,6856568
2023-04-14,172.5,172.88,171.22,172.44,4930721
2023-04-17,172.39,172.53999,170.22,170.92,7005985
2023-04-18,170.82001,172.39,170.125,170.52,8045627
2023-04-19,169.46001,170.74001,169.095001,170.67999,5506770
2023-04-20,168.75999,170.059998,168.020004,169.85001,5851104
2023-04-21,169.83,170.59,168.84,169.12,7179013
2023-04-24,169.10001,172.38,168.58,171.48,7177576
2023-04-25,170.32001,170.39999,168.42999,168.99001,5807244
2023-04-26,168.21001,168.95,165.23,165.98,5927431
2023-04-27,166.42999,167.3866,165.070007,166.95,6417225
2023-04-28,164.5,168.94,164.050003,168.58,10036290
2023-05-01,167.71001,168.73,166.36,167.24001,6099800
2023-05-02,165.32001,165.38,158.45,160.039993,10701666
2023-05-03,158.14999,159.57001,156.74001,156.83,7538057
2023-05-04,157.11,158.19991,155.42,156.22,7500368
2023-05-05,159.3,161.12,158.78,160.21001,5801986
2023-05-08,161.57001,162.3,159.52,159.58,5028202
2023-05-09,158.11,160.41499,157.91251,159.12,5019809
2023-05-10,160.44,160.44,155.881,157.089996,6161227
2023-05-11,155.38,156.32001,153.89,156.22,6666132
2023-05-12,157.0,157.92999,155.56,156.62,4898904
2023-05-15,157.23,158.1629,156.23,157.2,5096748
2023-05-16,156.48,157.020004,153.3289,153.50999,7009079
2023-05-17,154.785,156.42,153.96001,155.71001,6169555
2023-05-18,152.87,154.24001,151.53,154.0099945,7464230
2023-05-19,154.89,156.44,153.99001,155.23,8099200
2023-05-22,153.78999,154.83,152.089996,152.44,11661000
2023-05-23,154.14,157.67999,153.84,156.85001,10436200
2023-05-24,157.95,158.57001,156.28999,157.27,7064000
2023-05-25,154.67999,155.63,153.5,154.56,7037700
2023-05-26,155.28999,155.63,153.46001,154.080002,7736200
2023-05-30,151.67,153.25999,151.21001,153.12,7814800
2023-05-31,151.53999,152.42,150.36,150.62,13346400
2023-06-01,151.3,153.74001,149.74001,152.16,9887700
2023-06-02,154.58,156.75,153.61,156.25999,9460100
2023-06-05,158.45,158.45,155.24001,155.50999,6443800
2023-06-06,153.33,156.16,153.2,155.78999,6176400
2023-06-07,156.55,160.21001,156.5,159.83,9900000
2023-06-08,160.16,160.49001,157.089996,159.24001,7142200
2023-06-09,159.28,160.39,158.62,158.86,6669500
2023-06-12,157.059998,159.33,156.23,157.33,7159600
2023-06-13,158.52,160.58,158.27,158.50999,7660800
2023-06-14,159.98,160.77,156.14999,157.089996,7721100
2023-06-15,157.32001,159.78999,157.32001,158.28,7705400
2023-06-16,158.57001,159.24001,157.25999,157.25999,22908100
2023-06-20,156.14999,156.57001,152.24001,153.67999,10438700
2023-06-21,152.67,155.96001,152.5,154.88,7328200
2023-06-22,153.35001,153.59,151.97,152.64,7088600
2023-06-23,151.0099945,151.7,150.13,151.35001,15172700
2023-06-26,151.62,154.97,151.53999,154.0099945,7371800
2023-06-27,153.5,154.71001,152.82001,153.53,6581700
2023-06-28,153.44,155.020004,152.19,154.92,5773800
2023-06-29,155.42999,156.27,154.44,156.24001,5633500
2023-06-30,157.46001,157.92,156.60001,157.35001,6346600
2023-07-03,157.17999,158.10001,156.7,157.21001,3272600
2023-07-05,157.7,157.7,155.12,156.31,6318700
2023-07-06,155.2,155.83,151.63,152.88,9203000
2023-07-07,152.14,155.99001,151.96001,154.22,6601300
2023-07-10,153.92999,155.78999,153.92,155.25,5167900
2023-07-11,156.0,158.41,155.66,158.12,5061500
2023-07-12,159.22,160.34,158.33,159.64,6464000
2023-07-13,159.84,160.60001,156.57001,157.50999,8143900
2023-07-14,157.0099945,157.020004,153.3,153.58,7051300
2023-07-17,153.35001,154.14,152.64,153.44,4351700
2023-07-18,152.67,156.070007,152.37,153.75,6798700
2023-07-19,153.83,155.78,153.28,154.69,5653100
2023-07-20,156.16,157.19,155.71001,156.39999,5866600
2023-07-21,157.53,158.83,157.059998,158.69,8753500
2023-07-24,160.47,164.039993,160.0099945,161.82001,9722100
2023-07-25,161.91,163.50999,160.66,162.56,6767600
2023-07-26,160.88,162.089996,160.55,161.34,6056400
2023-07-27,162.089996,162.47,159.22,159.66,6470100
2023-07-28,158.41,159.0,156.50999,158.87,6542300
2023-07-31,161.13,163.98,160.62,163.66,13056300
2023-08-01,163.64,163.64,160.55,162.3,7531400
2023-08-02,161.17,161.22,158.059998,159.73,7067100
2023-08-03,159.91,161.7,158.85001,159.67,6680700
2023-08-04,160.66,163.020004,159.039993,159.31,10182300
2023-08-07,161.0099945,161.38,159.080002,159.89,13927400
2023-08-08,157.94,159.78999,156.22,159.64999,6451300
2023-08-09,160.86,161.44,159.31,159.86,10531500
2023-08-10,160.33,162.48,159.62,160.83,8647100
2023-08-11,160.5,164.17,160.17999,164.14999,6680300
2023-08-14,163.77,164.25,162.61,164.029999,6060100
2023-08-15,163.39999,163.41,159.10001,159.24001,7876500
2023-08-16,160.52,161.83,158.47,158.63,7920500
2023-08-17,159.17999,162.14,158.97,159.75,8270500
2023-08-18,158.38,161.32001,158.16,160.89999,5998600
2023-08-21,161.2,162.070007,159.45,160.36,6802300
2023-08-22,160.49001,161.25,158.97,159.039993,6081700
2023-08-23,158.14,159.41,156.7,159.25,4975600
2023-08-24,157.73,159.89,157.56,157.94,5989600
2023-08-25,159.070007,159.91,157.64999,159.12,5291800
2023-08-28,159.53,161.8,159.22,160.21001,4386100
2023-08-29,160.91,160.95,159.10001,159.96001,5374800
2023-08-30,160.59,161.25,159.92999,160.17999,5534900
2023-08-31,161.0099945,161.24001,159.92999,161.10001,7003700
2023-09-01,162.64,164.69,162.64,164.3,6660400
2023-09-05,165.28,167.56,165.2,166.46001,9755800
2023-09-06,166.28,167.44,165.58,166.63,7195500
2023-09-07,167.14,167.89999,166.28,166.64,7925900
2023-09-08,167.42,168.49001,166.71001,167.21001,7434400
2023-09-11,168.080002,168.59,162.87,163.75999,7155100
2023-09-12,165.3,167.19,165.10001,166.81,7521100
2023-09-13,167.41,167.75,165.58,166.2,5759500
2023-09-14,167.7,168.5,167.12,167.23,8822800
2023-09-15,166.21001,168.37,165.88,166.5,17266500
2023-09-18,167.87,168.36,166.39999,167.22,7027600
2023-09-19,168.69,168.96001,166.42999,167.2,6615100
2023-09-20,167.070007,168.50999,166.60001,166.69,5939100
2023-09-21,167.12,167.87,165.050003,165.19,7150000
2023-09-22,166.23,167.42,165.94,166.28,5963000
2023-09-25,166.33,168.78,165.99001,168.71001,5510000
2023-09-26,167.44,168.41,166.98,167.8,5659200
2023-09-27,169.37,171.23,168.81,171.039993,9124400
2023-09-28,170.55,171.7,169.42999,170.59,7151800
2023-09-29,170.49001,170.5,167.82001,168.62,7395200
2023-10-02,168.34,168.57001,165.23,166.53999,6839600
2023-10-03,165.92,167.36,165.50999,166.92999,6168600
2023-10-04,164.7,164.98,161.49001,163.039993,9664700
2023-10-05,161.42,164.75,161.39,163.89999,8073000
2023-10-06,164.31,164.37,158.99001,162.23,10187400
2023-10-09,166.38,168.19,164.95,166.72,8183500
2023-10-10,166.77,167.39999,165.67999,166.53999,6512900
2023-10-11,165.070007,165.080002,160.48,161.10001,12570700
2023-10-12,163.25999,163.25999,160.89999,161.23,7397000
2023-10-13,163.41,164.84,162.3,164.059998,8042800
2023-10-16,165.34,165.81,163.85001,165.39999,5446000
2023-10-17,164.83,168.2,164.64999,167.59,7538300
2023-10-18,168.47,169.7,167.58,168.92,6893500
2023-10-19,168.7,170.17,167.50999,169.10001,6580200
2023-10-20,168.41,169.10001,166.10001,166.83,7457300
2023-10-23,163.3,164.42999,160.25,160.67999,16232400
2023-10-24,160.89,161.080002,156.47,156.64999,17689900
2023-10-25,156.94,157.41,155.17,155.87,10502400
2023-10-26,155.0099945,155.17999,153.63,154.75,10830400
2023-10-27,150.72,151.25,143.96001,144.35001,24524300
2023-10-30,145.66,146.44,144.32001,146.089996,13857100
2023-10-31,146.10001,146.52,144.23,145.73,14261300
2023-11-01,145.98,146.014999,143.82001,143.98,10819600
2023-11-02,144.53999,149.0,143.83,148.75999,11099100
2023-11-03,148.3,148.56,146.14999,147.61,13153000
2023-11-06,148.73,149.33,146.69,147.0,10634200
2023-11-07,145.16,145.61,143.24001,144.41,15054600
2023-11-08,143.88,144.64999,142.25,142.39999,12654100
2023-11-09,143.050003,143.91,141.78,141.94,10359500
2023-11-10,143.28999,143.44,141.73,142.95,11988200
2023-11-13,143.14999,144.3,142.85001,144.0,8747700
2023-11-14,144.48,145.5,143.86,145.050003,11224400
2023-11-15,144.86,146.64,144.41,145.56,10052100
2023-11-16,143.020004,143.50999,140.74001,141.77,14031300
2023-11-17,142.95,145.19,142.39999,144.46001,11075600
2023-11-20,144.63,145.69,144.27,144.38,8062400
2023-11-21,143.83,144.3,142.7,144.039993,6783300
2023-11-22,141.74001,144.39,140.72,144.33,7216100
2023-11-24,144.3,145.94,144.2,144.89999,3861000
2023-11-27,144.64999,144.82001,142.85001,144.36,9850800
2023-11-28,144.78,146.52,144.059998,145.50999,9746500
2023-11-29,146.39,146.49001,143.059998,143.91,16417100
2023-11-30,144.98,146.0099945,142.029999,143.60001,16276000
2023-12-01,143.49001,146.50999,142.60001,144.81,11905500
2023-12-04,144.0,145.7,143.25,144.87,11842800
2023-12-05,144.75999,145.070007,142.63,142.86,9597600
2023-12-06,141.89999,144.029999,141.35001,142.53,18079700
2023-12-07,143.50999,144.0099945,140.99001,142.42,14786700
2023-12-08,143.50999,144.67,143.12,144.31,10820300
2023-12-11,144.84,145.39999,143.82001,144.35001,9849600
2023-12-12,143.17,143.59,141.75,142.5,9863900
2023-12-13,142.17,144.67999,141.64999,144.61,10641300
2023-12-14,145.85001,149.92999,145.85001,149.92999,14960500
2023-12-15,147.32001,149.82001,147.32001,149.35001,30848700
2023-12-18,150.83,152.12,149.32001,149.67999,11561700
2023-12-19,149.96001,151.83,149.49001,151.64,8738100
2023-12-20,152.14999,153.059998,150.059998,150.25,9370000
2023-12-21,150.78,150.8,149.22,150.71001,7264700
2023-12-22,151.74001,152.39,150.75,151.050003,6394600
2023-12-26,152.070007,153.0099945,151.89999,152.41,5165600
2023-12-27,152.27,152.97,151.34,151.91,5337200
2023-12-28,151.17999,152.020004,149.39999,149.77,8148000
2023-12-29,150.029999,150.23,148.67,149.16,7653800
2024-01-02,149.99001,151.48,149.24001,149.48,8879700
2024-01-03,149.39,153.19,148.67999,152.33,10255300
2024-01-04,153.66,154.35001,150.59,150.66,8220300
2024-01-05,151.98,152.029999,149.83,150.39999,7455100
2024-01-08,148.42,149.7,146.58,149.5,10038200
2024-01-09,149.95,149.95,145.59,145.7,11784700
2024-01-10,146.020004,146.020004,144.11,144.5,8490400
2024-01-11,145.56,146.17,144.62,145.28,8612500
2024-01-12,147.83,148.5,146.17,147.27,9382800
2024-01-16,146.50999,146.58,143.58,143.69,9380400
2024-01-17,142.42,144.020004,142.039993,143.12,8167000
2024-01-18,143.0,143.19,139.62,141.82001,11187800
2024-01-19,141.73,142.25,141.0099945,142.24001,11178900
2024-01-22,141.91,142.66,140.92,142.49001,9184600
2024-01-23,141.99001,143.33,141.89999,142.089996,6767200
2024-01-24,142.7,144.98,142.22,144.92,8100000
2024-01-25,146.22,148.69,145.23,148.57001,9773600
2024-01-26,148.029999,149.25999,146.98,149.14,9151900
2024-01-29,149.089996,149.22,147.11,149.080002,10494800
2024-01-30,148.17999,150.31,147.71001,150.12,9902900
2024-01-31,150.37,150.38,147.34,147.42999,10428000
2024-02-01,148.19,149.020004,146.52,147.89,8641100
2024-02-02,150.86,153.38,149.55,152.24001,12838400
2024-02-05,151.62,153.50999,150.78999,152.33,8277800
2024-02-06,152.5,153.53999,151.81,152.35001,6198200
2024-02-07,153.020004,153.78,151.17,152.13,6252000
2024-02-08,151.95,154.3,151.64999,154.059998,9237000
2024-02-09,154.42,155.32001,150.98,151.039993,9194500
2024-02-12,151.62,152.61,151.39,152.080002,6713000
2024-02-13,152.62,153.070007,149.60001,150.60001,6987100
2024-02-14,151.28,152.2,150.080002,151.0099945,5995100
2024-02-15,149.91,155.089996,149.67,154.46001,8950300
2024-02-16,155.37,155.77,154.089996,154.63,7569000
2024-02-20,155.47,155.61,153.83,154.0,6977900
2024-02-21,154.57001,155.57001,154.10001,155.44,6630100
2024-02-22,154.82001,156.63,153.83,155.42999,8874900
2024-02-23,154.87,154.92,153.25,154.66,6561600
2024-02-26,154.53999,155.55,153.83,154.45,6900800
2024-02-27,153.2,153.88,149.89999,152.16,15093800
2024-02-28,152.36,153.86,151.78,152.34,6715900
2024-02-29,152.91,153.24001,151.48,152.0099945,9334400
2024-03-01,153.050003,154.35001,152.25,152.81,7458700
2024-03-04,152.5,152.59,147.67,148.88,12503200
2024-03-05,148.83,150.62,148.3,149.59,6985500
2024-03-06,150.83,152.41,148.14,148.33,14692100
2024-03-07,148.5,150.75,148.45,149.37,8739300
2024-03-08,149.37,149.99001,148.39,149.88,7527400
2024-03-11,150.5,152.080002,149.59,152.0,7577100
2024-03-12,151.83,152.57001,150.78999,151.89,6432900
2024-03-13,153.24001,154.88,153.14999,153.89,8065600
2024-03-14,153.77,155.73,152.75999,155.7,9047200
2024-03-15,155.19,157.039993,154.42,155.55,20379100
2024-03-18,156.029999,156.67,154.94,155.41,7242700
2024-03-19,155.3,156.84,155.0099945,156.62,7736700
2024-03-20,155.75999,156.42999,154.23,154.55,8449100
2024-03-21,154.95,155.69,154.41,154.86,7899100
2024-03-22,155.080002,155.28,154.16,154.66,5973700
2024-03-25,155.48,157.31,155.27,156.47,6058700
2024-03-26,156.52,156.86,154.64999,155.27,6677900
2024-03-27,154.87,156.44,154.85001,156.35001,7416900
2024-03-28,157.14999,158.19,156.37,157.74001,8331600
2024-04-01,158.27,159.59,156.94,159.080002,6285700
2024-04-02,160.050003,161.22,159.020004,159.78,8815400
2024-04-03,160.10001,160.95,159.72,160.44,7819700
2024-04-04,160.8,161.95,159.82001,160.69,9269700
2024-04-05,161.33,162.17,159.86,161.60001,7429800
2024-04-08,161.64999,162.5,160.33,161.27,7253200
2024-04-09,161.85001,162.53,160.46001,162.0,6577400
2024-04-10,162.21001,162.77,161.0099945,162.67,7525800
2024-04-11,163.62,163.62,159.8,161.89,7682500
2024-04-12,162.28999,163.87,158.039993,158.96001,11058800
2024-04-15,159.94,160.49001,157.36,157.59,7236900
2024-04-16,157.3,157.81,155.42,156.28,5541900
2024-04-17,155.99001,157.71001,155.64,156.39999,6733900
2024-04-18,157.14,158.039993,156.39,157.57001,4979200
2024-04-19,158.75,160.75,158.14999,160.0,7733100
2024-04-22,159.95,162.7,158.44,161.92,6779200
2024-04-23,161.31,162.85001,160.60001,162.85001,5597600
2024-04-24,161.88,163.84,161.45,163.57001,7610300
2024-04-25,163.7,165.60001,162.67,165.28,9702600
2024-04-26,165.23,166.98,163.3,165.89,9736400
2024-04-29,165.91,167.11,164.69,166.33,6364000
2024-04-30,165.97,166.12,160.95,161.27,8457300
2024-05-01,160.78,161.45,158.89999,159.63,7713700
2024-05-02,160.41,161.78,159.89,160.73,8597100
2024-05-03,160.66,160.66,157.039993,160.25,11664500
2024-05-06,160.73,164.020004,160.73,162.3,8430300
2024-05-07,162.31,163.14999,162.020004,162.67,6869900
2024-05-08,161.95,163.080002,161.53999,162.53999,6706400
2024-05-09,163.020004,165.50999,162.73,165.45,6683300
2024-05-10,166.039993,166.42,165.020004,165.82001,5490900
2024-05-13,166.48,166.91,162.98,164.53,6848300
2024-05-14,164.34,165.2,163.020004,163.61,4924000
2024-05-15,163.13,163.8,160.17,163.050003,7603100
2024-05-16,161.53,162.0,160.48,161.089996,6409400
2024-05-17,161.75,162.97,161.19,162.67,5497900
2024-05-20,162.72,163.0,161.070007,161.14,4913800
2024-05-21,160.58,161.46001,159.74001,159.97,4783300
2024-05-22,159.52,159.52,156.52,157.57001,6260500
2024-05-23,157.92,158.60001,156.33,156.94,6718400
2024-05-24,158.080002,158.97,157.3,157.75,4476600
2024-05-28,158.12,159.42,157.95,159.039993,6928300
2024-05-29,158.020004,158.49001,156.44,156.89999,5909600
2024-05-30,156.85001,158.46001,156.81,158.25999,6371200
2024-05-31,158.63,162.58,158.50999,162.3,10334200
2024-06-03,161.49001,161.67999,156.46001,157.46001,9009900
2024-06-04,155.72,156.35001,154.11,156.13,6360500
2024-06-05,156.16,157.020004,154.53,154.98,7058500
2024-06-06,154.5,156.020004,153.39,155.92999,5215100
2024-06-07,155.71001,157.69,155.13,156.080002,5887700
2024-06-10,156.41,158.2,156.32001,156.74001,7075900
2024-06-11,156.17,156.75,154.48,156.49001,5132000
2024-06-12,157.49001,157.63,152.39999,154.22,10017400
2024-06-13,153.77,154.089996,152.23,152.84,6163000
2024-06-14,153.13,153.28999,151.97,152.57001,6159100
2024-06-17,152.5,153.92999,151.92999,153.19,6321400
2024-06-18,153.55,155.95,152.84,153.33,6942900
2024-06-20,153.71001,157.41,153.25,156.64,8336000
2024-06-21,156.8,157.67,155.22,155.28,21292100
2024-06-24,156.27,159.53999,156.19,159.31,7971600
2024-06-25,159.12,159.36,157.67,158.46001,6056700
2024-06-26,158.46001,158.46001,155.78999,155.95,8637800
2024-06-27,156.7,156.94,155.64,156.32001,5568700
2024-06-28,157.52,158.58,156.17,156.42,11283400
2024-07-01,157.16,158.7,155.98,156.52,5584100
2024-07-02,157.67999,157.72,155.45,156.75,7216800
2024-07-03,156.94,157.74001,156.56,156.71001,3264200
2024-07-05,156.55,156.55,153.67999,154.31,6183100
2024-07-08,153.32001,155.28,153.32001,154.33,4990700
2024-07-09,153.0,154.75999,152.35001,152.98,5301600
2024-07-10,152.5,155.44,152.3,155.13,5416600
2024-07-11,155.0,156.67999,154.22,155.25999,8322500
2024-07-12,156.16,156.44,154.56,155.59,6446300
2024-07-15,156.95,159.52,156.37,158.039993,5661200
2024-07-16,157.0099945,158.31,156.14999,157.77,6924200
2024-07-17,158.5,161.48,158.28999,161.23,7296600
2024-07-18,161.23,164.28,160.24001,161.97,6577700
2024-07-19,162.48,162.7,158.41,159.14999,6427700
2024-07-22,158.22,158.98,156.85001,156.99001,5577300
2024-07-23,156.35001,156.60001,153.84,154.089996,6238700
2024-07-24,154.69,155.7,153.42,155.070007,5971700
2024-07-25,155.37,158.25999,154.62,157.53999,5432100
2024-07-26,157.73,159.039993,157.059998,157.84,5232500
2024-07-29,158.25,158.25,154.86,156.60001,5072000
2024-07-30,156.46001,160.089996,156.44,159.57001,5740900
2024-07-31,161.69,161.69,160.050003,160.47,6209200
2024-08-01,158.71001,159.5,152.029999,152.62,16689900
2024-08-02,151.13,152.039993,147.020004,148.55,13278600
2024-08-05,145.52,145.77,143.41,144.66,13037200
2024-08-06,144.49001,145.089996,143.12,143.23,9692700
2024-08-07,144.58,145.73,142.28,142.41,8867900
2024-08-08,143.070007,144.82001,142.71001,144.49001,7531100
2024-08-09,144.21001,146.11,143.19,144.99001,7653100
2024-08-12,145.84,146.74001,139.69,145.020004,8442200
2024-08-13,144.080002,144.55,143.050003,144.14999,7794800
2024-08-14,144.39,145.24001,143.42999,144.67,5874200
2024-08-15,145.59,147.52,145.48,146.8,6304200
2024-08-16,146.050003,147.62,145.64,147.27,6874400
2024-08-19,146.0099945,147.73,145.89,146.83,5967400
2024-08-20,146.33,146.50999,144.56,144.69,7497600
2024-08-21,145.42999,146.64,144.55,145.32001,5985000
2024-08-22,145.35001,146.33,145.13,145.73,4027000
2024-08-23,146.53,148.089996,146.32001,147.62,4824100
2024-08-26,148.97,150.089996,147.55,148.5,5780300
2024-08-27,148.67,149.55,146.74001,146.95,5100000
2024-08-28,146.44,147.14,145.48,146.0,5614400
2024-08-29,146.46001,148.17999,145.44,147.42,4466700
2024-08-30,146.22,148.080002,145.7,147.95,6414800
2024-09-03,145.55,145.77,144.28,144.66,7944700
2024-09-04,144.64,145.53,141.67,142.070007,9820700
2024-09-05,143.17,143.17,140.60001,140.92999,9371100
2024-09-06,141.070007,142.11,137.87,138.56,7836400
2024-09-09,138.64,142.020004,138.53999,140.3,9892300
2024-09-10,140.89999,141.080002,137.089996,138.23,8202500
2024-09-11,138.21001,138.48,135.37,137.88,9534000
2024-09-12,138.23,139.47,137.42,139.21001,6593400
2024-09-13,139.87,141.53,139.71001,140.61,5900700
2024-09-16,141.69,143.17,141.070007,142.089996,6864300
2024-09-17,141.8,144.14,141.74001,143.41,7338800
2024-09-18,143.32001,145.60001,143.19,143.96001,6180300
2024-09-19,145.81,146.78,144.92999,144.99001,7247400
2024-09-20,145.23,145.91,143.44,145.67999,23162900
2024-09-23,146.25,148.42,145.95,147.53999,6960600
2024-09-24,148.88,149.10001,146.91,147.45,6014200
2024-09-25,146.95,147.41,143.5,143.97,7888400
2024-09-26,140.89999,143.22,140.63,141.99001,8046200
2024-09-27,142.98,145.77,142.84,145.49001,8049200
2024-09-30,145.37,147.48,144.28,147.27,7491700
2024-10-01,146.35001,150.52,145.45,149.7,9489100
2024-10-02,151.67999,152.28,149.25999,150.95,8105400
2024-10-03,151.31,152.17,150.020004,151.25,6553300
2024-10-04,152.48,152.5,150.14,150.74001,7892400
2024-10-07,151.5,152.75,150.69,151.12,5895900
2024-10-08,149.2,149.60001,147.73,148.75,5892700
2024-10-09,147.50999,150.37,147.36,149.64999,4973500
2024-10-10,150.67999,151.55,149.85001,150.62,4420900
2024-10-11,150.38,152.33,150.25,151.42,5051300
2024-10-14,150.52,151.89999,150.17999,151.78,4214700
2024-10-15,148.8,149.96001,147.56,147.73,6704600
2024-10-16,148.35001,149.029999,148.21001,148.73,4303700
2024-10-17,149.25999,151.33,148.97,151.2,6593100
2024-10-18,150.82001,151.080002,149.38,150.75,5208200
2024-10-21,152.0,152.48,150.49001,150.88,5074000
2024-10-22,151.25,151.67999,150.22,150.92,4416400
2024-10-23,150.36,151.0,149.28999,150.48,5248600
2024-10-24,151.13,151.45,149.38,150.45,5474300
2024-10-25,151.39,152.12,150.46001,150.81,6839900
2024-10-28,148.25,150.7,148.16,150.53999,8892000
2024-10-29,150.039993,150.42,147.87,148.52,6014700
2024-10-30,149.080002,149.64999,147.66,148.050003,5784000
2024-10-31,148.75999,149.57001,147.89,148.82001,8400900
2024-11-01,152.48,155.92999,151.7,153.070007,11728000
2024-11-04,154.42,154.42,152.62,153.97,6130000
2024-11-05,154.53,154.67,152.55,153.41,5978900
2024-11-06,157.10001,158.61,156.12,157.72,12118900
2024-11-07,157.94,158.0099945,156.39999,156.77,8143200
2024-11-08,156.60001,157.58,155.67,156.92999,6041500
2024-11-11,157.14,157.94,155.89999,156.5,7771700
2024-11-12,157.3,157.47,155.12,155.28999,5681900
2024-11-13,156.070007,159.020004,154.53,158.72,8824000
2024-11-14,159.84,161.83,159.67999,161.8,10111200
2024-11-15,161.52,162.38,160.75999,161.42,9022800
2024-11-18,160.56,161.52,159.070007,160.75999,6092100
2024-11-19,159.98,160.42999,158.75,159.60001,4657400
2024-11-20,159.91,161.44,159.78,161.33,6391300
2024-11-21,162.020004,162.64999,161.28999,161.63,7945200
2024-11-22,161.50999,162.61,161.14999,162.36,7005900
2024-11-25,162.14999,163.17,159.83,160.36,10702400
2024-11-26,162.31,162.94,161.39999,162.53,7369500
2024-11-27,162.75999,164.67999,161.61,162.11,7674500
2024-11-29,162.25,162.75,160.66,161.92999,5077000
2024-12-02,162.28999,162.95,160.11,162.21001,6229600
2024-12-03,162.98,163.2,161.39,161.92,5900100
2024-12-04,161.83,161.84,157.86,158.32001,7862700
2024-12-05,159.28999,160.67,158.69,159.33,6358400
2024-12-06,158.75,158.83,155.17,155.24001,9701700
2024-12-09,157.0,160.080002,156.82001,157.080002,9404500
2024-12-10,159.059998,159.52,156.7,157.0,9126200
2024-12-11,156.86,157.17,155.8,156.21001,13764700
2024-12-12,155.87,156.53,154.27,154.71001,7621500
2024-12-13,154.87,154.96001,153.070007,153.87,5816200
2024-12-16,153.89,153.89,149.25,149.36,11961200
2024-12-17,148.0,148.64999,146.91,148.11,11909300
2024-12-18,147.75999,148.67,143.98,144.080002,10174500
2024-12-19,144.57001,144.75999,140.95,141.14999,16544300
2024-12-20,140.82001,142.85001,140.55,142.85001,32209200
2024-12-23,142.48,143.35001,141.53999,142.97,8156500
2024-12-24,143.10001,144.039993,142.25999,143.84,3556100
2024-12-26,143.67,144.31,142.89999,143.98,4492600
2024-12-27,144.28999,145.71001,143.39,144.0,5296500
2024-12-30,143.78999,143.98,142.35001,143.070007,6194800
2024-12-31,143.52,145.34,143.32001,144.84,6137800
2025-01-02,145.48,148.070007,145.48,146.71001,7170300
2025-01-03,147.53999,148.5,147.3,147.85001,5809000
2025-01-06,148.39999,150.33,146.87,147.25999,5888700
2025-01-07,148.50999,150.5,147.63,149.59,7736000
2025-01-08,148.039993,151.17999,148.029999,150.3,7640900
2025-01-10,153.41,154.34,150.87,153.14,11074700
2025-01-13,154.10001,157.35001,154.0,155.35001,11774100
2025-01-14,155.21001,156.91,154.46001,156.89999,6830200
2025-01-15,156.88,158.69,156.38,158.33,7900000
2025-01-16,158.029999,159.89999,158.029999,159.38,5578900
2025-01-17,159.13,161.77,158.8,161.47,9260400
2025-01-21,161.14999,161.39999,157.49001,158.24001,10131400
2025-01-22,157.67999,158.44,156.27,156.41,7232200
2025-01-23,157.63,157.94,155.62,156.0099945,5979800
2025-01-24,156.46001,157.47,155.27,155.64999,8003800
2025-01-27,156.33,157.89,155.52,157.23,7141000
2025-01-28,157.71001,158.92,155.17999,156.21001,6425400
2025-01-29,155.72,156.58,154.81,155.69,5630600
2025-01-30,156.56,157.45,155.52,156.32001,6931900
2025-01-31,153.75999,154.37,148.64999,149.19,16731600
2025-02-03,149.0,150.86,147.8,149.34,7605000
2025-02-04,148.72,153.39,148.72,153.22,8458100
2025-02-05,152.99001,153.8,152.28999,152.99001,6533700
2025-02-06,154.22,155.25999,151.059998,151.89999,6420500
2025-02-07,152.48,153.81,151.92,152.62,4724900
2025-02-10,154.28999,155.8,154.059998,155.77,5653800
2025-02-11,156.35001,158.71001,156.12,157.44,6011800
2025-02-12,156.75,157.47,154.57001,154.89999,6693500
2025-02-13,154.78,156.42,153.32001,155.88,7836400
2025-02-14,155.080002,157.45,154.88,155.34,5828800
2025-02-18,155.34,157.31,154.78,156.16,5981500
2025-02-19,156.52,158.36,156.0,157.23,4945800
2025-02-20,157.5,158.95,157.070007,158.78999,6256200
2025-02-21,158.13,158.95,156.82001,156.92,6689800
2025-02-24,157.089996,158.33,156.75,157.89,5925000
2025-02-25,157.99001,158.99001,155.46001,156.42,6810900
2025-02-26,156.62,156.69,154.39999,155.14,6005200
2025-02-27,155.69,158.28999,154.81,156.67,7517200
2025-02-28,156.7,158.67,154.92,158.62,8828500
2025-03-03,159.46001,160.089996,151.75999,153.089996,9059800
2025-03-04,151.21001,154.14999,150.050003,152.0,8826300
2025-03-05,150.14999,151.37,147.74001,150.81,9288300
2025-03-06,150.50999,153.33,149.47,152.95,7314700
2025-03-07,153.95,157.45,153.71001,156.34,8562600
2025-03-10,157.19,160.37,156.17,157.57001,11750300
2025-03-11,158.42999,158.84,153.78999,154.080002,10466300
2025-03-12,153.64,154.78999,152.22,152.67,9710200
2025-03-13,152.25999,154.42999,151.92,153.61,9022800
2025-03-14,153.99001,157.24001,153.0099945,157.020004,6671500
2025-03-17,157.22,159.45,156.75999,158.72,7615200
2025-03-18,159.74001,161.089996,158.82001,160.81,9289500
2025-03-19,160.97,164.53999,160.89999,164.050003,11503900
2025-03-20,163.13,165.31,162.41,164.77,9545900
2025-03-21,164.49001,164.89,163.11,164.75,21625500
2025-03-24,164.69,166.42999,164.32001,165.020004,8068000
2025-03-25,166.080002,167.82001,165.11,165.94,7869200
2025-03-26,167.37,168.96001,167.25,167.97,10076100
2025-03-27,167.25,168.22,165.85001,166.64999,6862700
2025-03-28,166.7,167.13,165.3,166.089996,4923000
2025-03-31,166.19,168.92,166.13,167.28999,10675300
2025-04-01,167.28999,168.60001,166.16,168.50999,6378600
2025-04-02,167.39999,167.98,165.85001,166.47,7044900
2025-04-03,160.12,161.35001,155.8,156.12,15501000
2025-04-04,151.75999,152.46001,142.75,143.28,20374700
2025-04-07,138.73,146.19,137.28999,140.14999,17817000
2025-04-08,144.14999,144.49001,134.87,136.92999,12904400
2025-04-09,135.020004,147.47,133.88,146.029999,16846800
2025-04-10,143.22,143.63,133.45,134.98,20991200
2025-04-11,135.0099945,137.12,132.039993,135.63,17224400
2025-04-14,138.48,138.53999,134.10001,135.32001,9628200
2025-04-15,134.32001,136.63,134.25,134.53999,9334800
2025-04-16,135.39999,137.55,134.8,135.36,8637200
2025-04-17,136.69,140.24001,136.45,137.87,8424500
2025-04-21,136.020004,136.28999,132.33,133.73,9967500
2025-04-22,135.25999,138.24001,134.94,137.3,7984700
2025-04-23,137.21001,138.55,135.14999,136.67999,10002000
2025-04-24,137.92,139.39999,137.22,139.070007,7745800
2025-04-25,138.33,139.050003,137.25,138.73,6878500
2025-04-28,138.97,140.46001,138.67999,140.10001,6715500
2025-04-29,138.69,140.0099945,138.57001,139.3,7343800
2025-04-30,138.0,138.14999,134.14,136.059998,13858000
2025-05-01,135.42,137.95,135.12,136.25999,10199800
2025-05-02,137.88,139.78,135.28999,138.5,12393200
2025-05-05,136.77,137.0,135.17999,135.5,9665000
2025-05-06,136.35001,137.31,135.039993,135.60001,9916200
2025-05-07,136.070007,136.3,134.62,135.78999,8422100
2025-05-08,136.69,138.89,136.47,137.039993,8669300
2025-05-09,138.89999,139.37,137.7,138.49001,5965700
2025-05-12,142.45,143.71001,140.57001,141.62,8028200
2025-05-13,141.53,143.23,140.92,142.35001,8536800
2025-05-14,141.75999,142.23,140.73,141.67,6453600
2025-05-15,140.0,142.46001,139.50999,142.25999,7545400
2025-05-16,142.7,143.0,140.7,142.10001,8200100
2025-05-19,139.47,139.52,137.12,138.49001,7713600
2025-05-20,138.28999,138.75,137.029999,137.27,6503900
2025-05-21,136.62,137.13,135.49001,135.56,9073200
2025-05-22,134.99001,135.99001,133.77,135.28999,8877600
2025-05-23,134.39,136.78999,134.059998,136.53999,7025900
2025-05-27,137.38,137.97,136.41,137.83,8348900
2025-05-28,138.78,138.78999,135.66,136.020004,6876300
2025-05-29,136.5,137.94,136.10001,137.91,7554300
2025-05-30,136.88,137.45,135.21001,136.7,12858900
2025-06-02,138.49001,138.69,136.42999,137.84,9076600
2025-06-03,137.64999,140.59,136.60001,139.55,9001300
2025-06-04,139.42,140.63,137.33,137.37,8735600
2025-06-05,138.14999,138.28999,136.7,136.89999,6342600
2025-06-06,138.089996,140.61,138.089996,140.21001,6563500
2025-06-09,140.55,142.14,139.69,140.75999,7159500
2025-06-10,142.22,144.94,141.91,143.35001,9841500
2025-06-11,144.19,145.12,142.61,144.78,9256700
2025-06-12,144.5,145.2,143.42999,144.97,6999400
2025-06-13,147.080002,147.60001,144.53999,145.91,14148000
2025-06-16,145.73,146.87,143.74001,146.029999,10105100
2025-06-17,147.33,149.98,146.5,148.85001,11330300
2025-06-18,149.44,150.17,147.7,148.19,9841900
2025-06-20,148.52,149.89999,147.89999,149.55,23705900
2025-06-23,152.12,152.14999,146.32001,146.86,10540600
2025-06-24,144.53999,146.39,143.16,143.55,10778400
2025-06-25,143.41,144.2,142.50999,143.23,7386100
2025-06-26,143.7,145.080002,143.39999,144.44,7415700
2025-06-27,144.55,144.67,142.57001,143.78999,9213500
2025-06-30,143.039993,144.10001,142.39999,143.19,6980300
2025-07-01,143.34,146.27,142.50999,145.57001,8508200
2025-07-02,147.0099945,148.0099945,145.47,147.98,8228700
2025-07-03,147.84,148.98,147.36,148.37,5173300
2025-07-07,147.39999,148.17,145.58,147.39999,9460900
2025-07-08,147.32001,153.24001,147.25999,153.24001,14082100
2025-07-09,152.94,153.96001,152.48,153.020004,9495900
2025-07-10,152.78999,155.28,151.67999,154.17,8395100
2025-07-11,154.28999,155.89,153.57001,155.31,8333200
2025-07-14,154.89999,154.89999,151.14,151.64999,10706300
2025-07-15,151.60001,152.31,150.25,150.69,7346300
2025-07-16,150.75999,151.48,149.22,149.92,7923400
2025-07-17,149.16,151.84,148.60001,151.38,8359600
2025-07-18,155.020004,155.91,146.53,150.039993,45782600
2025-07-21,151.2,151.67,149.13,149.67999,17982200
2025-07-22,149.25999,150.94,148.48,150.039993,26196500
2025-07-23,150.91,153.14,150.47,153.12,13162800
2025-07-24,152.69,156.0,152.2,155.83,15701000
2025-07-25,155.83,156.2,153.96001,154.84,7875500
2025-07-28,155.39999,156.55,154.95,156.28,8755400
2025-07-29,156.67999,157.21001,155.45,157.029999,6446000
2025-07-30,156.14,156.31,152.7,153.56,9191700
2025-07-31,152.0,153.92999,151.14,151.64,10237100
2025-08-01,152.53999,154.64999,150.35001,151.39999,10706500
2025-08-04,151.25,152.080002,149.82001,151.039993,10116600
2025-08-05,151.029999,153.10001,149.89999,153.039993,8604100
2025-08-06,154.48,155.16,152.22,152.78,7840900
2025-08-07,153.78999,155.14999,152.83,153.16,6510400
2025-08-08,153.99001,155.75,153.5,155.0099945,6332800
2025-08-11,155.34,155.92999,152.99001,153.45,6169700
2025-08-12,154.089996,156.050003,153.36,154.44,6641600
2025-08-13,154.57001,156.0099945,154.2,155.87,6581900
2025-08-14,155.7,155.7,154.10001,155.16,7337300
2025-08-15,155.48,158.53999,155.28999,156.55,11617000
2025-08-18,156.13,156.49001,154.75,155.32001,8174300
2025-08-19,153.46001,153.94,151.85001,152.0,8567500
2025-08-20,152.42,153.49001,151.92999,153.22,8076300
2025-08-21,152.82001,155.67,152.73,155.55,7533600
2025-08-22,155.32001,158.78999,155.32001,158.17999,9084300
2025-08-25,157.89999,158.32001,157.17,158.2,7030000
2025-08-26,157.50999,160.0,156.55,157.36,10270000
2025-08-27,157.39999,159.99001,157.21001,159.24001,7483000
2025-08-28,159.0099945,159.52,157.85001,159.32001,6502000
2025-08-29,159.7,161.10001,159.45,160.60001,6934800
2025-09-02,160.48,161.86,159.38,161.83,8947300
2025-09-03,160.0,161.85001,157.020004,158.059998,9556100
2025-09-04,158.059998,159.64999,157.5,157.69,7243000
2025-09-05,156.059998,156.72,153.49001,153.66,11011700
2025-09-08,153.91,155.029999,152.88,154.0,9462000
2025-09-09,154.91,156.99001,154.60001,154.85001,7769200
2025-09-10,155.050003,157.92,155.0,157.78999,7440800
2025-09-11,156.5,158.92,156.0099945,158.25,6417400
2025-09-12,158.85001,159.78,157.10001,157.11,5546300
2025-09-15,157.38,158.32001,156.5,157.31,5030500
2025-09-16,158.25,160.10001,158.12,159.53999,8011000
2025-09-17,159.2,160.67,158.61,160.089996,5736800
2025-09-18,160.029999,160.28999,158.089996,158.84,6244200
2025-09-19,159.0,159.0,155.55,156.21001,16734000
2025-09-22,155.62,157.12,155.14999,156.050003,5244000
2025-09-23,157.12,159.83,156.99001,157.42,7181400
2025-09-24,158.32001,160.49001,158.25,159.17999,6285200
2025-09-25,159.44,161.0099945,159.35001,160.72,6311000
2025-09-26,160.57001,161.3,159.50999,160.16,7015200
2025-09-29,159.13,159.13,155.56,156.10001,8315100
2025-09-30,154.89,155.73,153.92999,155.28999,7755700
2025-10-01,154.83,155.089996,153.19,154.58,6768400
2025-10-02,153.96001,156.60001,153.32001,153.37,7562400
2025-10-03,153.58,154.28,152.23,153.55,7249300
2025-10-06,153.97,154.64999,152.92,154.020004,4778900
2025-10-07,153.64999,154.96001,151.28,154.91,5479600
2025-10-08,154.36,154.67999,152.84,153.74001,5678000
2025-10-09,154.13,154.97,151.56,151.64,6178600
2025-10-10,150.7,151.35001,148.89,148.89999,7796600
2025-10-13,150.0,151.98,149.42999,151.94,5978800
2025-10-14,149.81,153.46001,149.66,152.39,6419400
2025-10-15,152.89999,154.21001,151.039993,152.11,5824900
2025-10-16,152.14,152.73,150.23,151.71001,5276800
2025-10-17,152.25999,154.19,152.2,153.080002,7735500
2025-10-20,153.42999,154.72,153.17999,154.48,5676500
2025-10-21,154.74001,155.28999,153.21001,153.78999,6304900
2025-10-22,154.64999,155.98,153.61,155.57001,6036700
2025-10-23,158.2,158.59,156.12,156.56,9810900
2025-10-24,157.42,157.63,155.42999,155.56,4979900
2025-10-27,155.8,156.5,154.87,155.28,4884400
2025-10-28,154.89999,156.23,153.89,154.13,5066500
2025-10-29,153.86,156.14999,153.86,155.10001,7344400
2025-10-30,155.23,155.23,153.24001,153.52,8971200
2025-10-31,155.73,159.17999,155.11,157.72,11136100
2025-11-03,157.41,157.72,153.57001,154.039993,8512200
2025-11-04,153.42999,153.75999,152.14999,153.39,6976800
2025-11-05,153.53,154.39999,152.66,152.66,5894700
2025-11-06,152.91,154.78999,152.67999,152.94,6466300
2025-11-07,153.42999,156.17,153.42999,155.020004,9835900
2025-11-10,155.42,155.98,152.37,155.64999,8436800
2025-11-11,156.75,157.99001,155.89999,156.24001,6361400
2025-11-12,155.58,155.78999,152.080002,153.32001,11670900
2025-11-13,154.0,156.2,153.92999,155.58,7998700
2025-11-14,156.23,157.95,154.81,157.62,8484800
2025-11-17,157.72,157.89,154.44,154.82001,8745000
2025-11-18,152.5,154.28,151.75999,153.62,10813400
2025-11-19,151.16,151.96001,150.25,151.7,7539900
2025-11-20,152.53999,153.039993,150.050003,150.31,7623400
2025-11-21,150.44,151.0099945,148.75,149.98,9248400
2025-11-24,149.82001,150.12,147.74001,149.75,14181100
2025-11-25,148.89999,149.89999,148.27,148.53,11447900
2025-11-26,148.25999,150.46001,148.2,149.50999,7578900
2025-11-28,149.46001,151.52,149.25999,151.13,3848600
2025-12-01,151.75,153.95,151.5,152.53999,8209000
2025-12-02,152.020004,152.46001,149.25999,150.25,9196300
2025-12-03,151.039993,152.5,150.98,151.59,8060200
2025-12-04,151.75,152.94,151.22,152.25999,7254700
2025-12-05,152.0,152.63,149.83,150.0,12659800
2025-12-08,149.25,150.070007,147.66,148.71001,10237200
2025-12-09,149.050003,150.10001,148.22,148.49001,8916700
2025-12-10,149.17999,151.8,148.7,151.41,10976300
2025-12-11,150.83,151.94,150.10001,150.72,8414200
2025-12-12,151.14999,151.55,149.63,149.99001,5848100
2025-12-15,149.84,150.10001,148.42999,149.8,7503000
2025-12-16,148.53999,148.82001,146.49001,146.75,11290500
2025-12-17,147.5,149.87,147.35001,149.52,8805300
2025-12-18,148.85001,149.27,147.080002,147.69,6998800
2025-12-19,147.96001,149.0099945,147.19,147.75,21701400
2025-12-22,148.81,150.49001,148.7,149.8,8143600
2025-12-23,150.039993,151.080002,149.85001,150.50999,4663700
2025-12-24,150.38,150.99001,150.10001,150.5,2227600
2025-12-26,150.38,151.14,149.64999,150.020004,3706900
2025-12-29,151.0,151.64,150.089996,150.99001,5589100
2025-12-30,151.5,152.67,151.47,152.31,5150500
