DateTime,Open,High,Low,Close,Volume
2015-01-02,121.44036,122.015457,119.18792,120.09848,8538620
2015-01-05,119.85886,119.85886,117.51057,117.89396,8770735
2015-01-06,117.22301,117.75018,114.68303,115.35397,13304295
2015-01-07,116.02491,116.88755,114.92265,115.40189,9106535
2015-01-08,116.55208,116.83962,115.64152,116.7917,9019294
2015-01-09,117.51057,117.55849,114.77888,115.16227,9000055
2015-01-12,115.35397,115.68944,113.91624,114.92265,8945573
2015-01-13,116.26453,116.6,113.24529,114.34756,8591202
2015-01-14,113.34114,114.29963,112.19096,113.96416,8732675
2015-01-15,114.34756,114.87473,112.90983,113.0056763,6568703
2015-01-16,112.6702,113.34114,112.38266,113.053596,10390099
2015-01-20,114.25171,114.39548,112.8619,114.29963,9298421
2015-01-21,114.20378,115.40189,113.62869,115.2102,7849930
2015-01-22,116.45623,116.74377,114.8268,116.36038,9834098
2015-01-23,117.079247,119.28377,116.4083,117.31887,13299850
2015-01-26,118.46906,118.5649,116.93547,117.84603,8174317
2015-01-27,116.88755,117.22301,115.97698,116.83962,8012228
2015-01-28,117.27094,117.36679,114.10793,114.25171,10360866
2015-01-29,114.25171,115.97698,113.96416,115.40189,8437544
2015-01-30,114.44341,115.54566,114.15586,114.49133,11416362
2015-02-02,115.018494,116.07283,114.53925,116.02491,8263540
2015-02-03,116.4083,117.55849,116.26453,117.27094,7871527
2015-02-04,116.9834,117.079247,115.40189,115.78529,6935093
2015-02-05,116.21661,117.41472,116.16868,117.41472,5351640
2015-02-06,117.60641,118.61282,117.27094,117.51057,5732365
2015-02-09,117.27094,118.61282,117.17509,118.085655,5693136
2015-02-10,118.70867,118.85245,117.65434,118.46906,5649693
2015-02-11,118.42113,118.9483,117.89396,118.70867,5102894
2015-02-12,118.90037,119.76301,118.42113,119.28377,5534199
2015-02-13,119.76301,120.62565,119.52339,120.5298,6901749
2015-02-17,120.38602,120.81734,119.71509,120.62565,7509644
2015-02-18,121.20074,121.20074,120.5298,121.0090408,6414440
2015-02-19,119.9547,120.81734,119.57131,119.85886,6934446
2015-02-20,119.23584,120.86527,118.85245,120.81734,8323489
2015-02-23,120.86527,121.24866,120.29018,120.62565,6421471
2015-02-24,120.38602,121.96753,120.24226,121.67999,8860648
2015-02-25,121.96753,124.89091,121.91961,124.17205,14234844
2015-02-26,124.31583,124.6513,123.69281,124.076202,7980741
2015-02-27,123.78866,125.89733,123.40527,124.55545,10752733
2015-03-02,124.028282,125.17847,123.88451,125.13054,6762530
2015-03-03,124.84299,124.98677,123.54903,123.93243,6373020
2015-03-04,123.45319,123.50111,122.063377,122.97395,6581995
2015-03-05,122.78225,123.74073,122.59055,123.74073,5920536
2015-03-06,123.21356,123.54903,121.39244,121.82376,6737031
2015-03-09,122.303,123.16564,122.15923,122.8781,6591865
2015-03-10,122.20715,122.8781,120.62565,120.62565,7812747
2015-03-11,121.15282,122.15923,120.48187,120.7215,7553171
2015-03-12,121.1049,121.77583,120.62565,121.72791,6128301
2015-03-13,121.15282,121.53621,118.90037,120.0026321,9453853
2015-03-16,120.09848,122.11131,119.61924,121.96753,7221878
2015-03-17,121.24866,121.67999,120.24226,121.29659,7148555
2015-03-18,120.67358,123.88451,120.3381,122.8781,7992342
2015-03-19,121.91961,122.73432,121.056969,121.39244,7994846
2015-03-20,121.44036,122.35093,121.24866,121.72791,10565104
2015-03-23,122.11131,123.35734,121.96753,122.063377,6673953
2015-03-24,121.63206,122.11131,121.1049,121.1049,5383753
2015-03-25,120.91319,121.39244,119.37962,119.37962,7281764
2015-03-26,118.85245,119.42754,118.22943,118.85245,6782436
2015-03-27,119.42754,119.42754,118.42113,119.13999,5909436
2015-03-30,119.71509,120.76942,119.66716,120.38602,5692594
2015-03-31,120.24226,120.24226,118.90037,118.90037,7290841
2015-04-01,118.46906,119.42754,117.75018,119.044144,8085552
2015-04-02,118.90037,119.81094,118.3732,119.52339,6095667
2015-04-06,119.33169,121.77583,118.80452,120.67358,6978724
2015-04-07,120.62565,121.15282,119.81094,119.90678,4436490
2015-04-08,120.050552,120.38602,119.18792,119.85886,4682210
2015-04-09,120.24226,123.78866,119.42754,123.30942,12551004
2015-04-10,130.018829,137.4471,129.39581,136.63239,73595516
2015-04-13,134.4758,135.098816,131.79202,132.41504,32130811
2015-04-14,131.69618,133.42146,131.21693,132.89429,11638587
2015-04-15,132.70259,133.46938,131.45656,131.60033,11772736
2015-04-16,130.88147,131.79202,130.25845,130.73769,13012815
2015-04-17,131.31279,132.75052,129.012421,130.59392,18319384
2015-04-20,130.92938,131.50449,129.44374,129.49165,12871738
2015-04-21,129.53958,129.68335,127.23921,127.57468,16040335
2015-04-22,127.95808,129.49165,127.47884,128.96449,9818824
2015-04-23,128.34148,129.73128,128.0059967,128.67694,7963756
2015-04-24,128.82072,129.10826,127.95808,128.43732,5782861
2015-04-27,129.20412,129.39581,128.48524,128.82072,7557261
2015-04-28,129.15619,130.1626,127.67053,129.9709,8018175
2015-04-29,129.15619,130.59392,128.91656,129.82713,7752631
2015-04-30,129.68335,131.073166,129.25203,129.77921,8969340
2015-05-01,129.82713,130.92938,129.34789,130.88147,5905826
2015-05-04,131.12109,132.3192,130.59392,130.68977,5467301
2015-05-05,130.59392,131.12109,128.67694,129.012421,6332331
2015-05-06,129.39581,130.25845,127.52676,128.48524,5792668
2015-05-07,128.34148,129.9709,127.76638,129.58751,6476496
2015-05-08,130.59392,131.74411,130.45015,131.12109,7766716
2015-05-11,130.59392,130.83354,128.72487,129.012421,6771794
2015-05-12,128.53317,129.82713,128.19769,129.53958,6216002
2015-05-13,129.49165,130.54599,129.012421,130.40222,7756053
2015-05-14,130.92938,131.45656,130.11467,131.3607,5628889
2015-05-15,131.21693,131.50449,130.59392,130.68977,7463572
2015-05-18,130.40222,131.26486,130.40222,130.88147,4692706
2015-05-19,130.68977,131.26486,130.40222,131.073166,6082667
2015-05-20,131.025238,132.75052,130.35429,132.46297,8382707
2015-05-21,132.65466,133.18184,132.031647,132.84636,8411398
2015-05-22,132.70259,133.13391,132.36713,132.65466,4859594
2015-05-26,131.88788,132.17543,131.21693,131.88788,9904188
2015-05-27,132.1275,132.36713,131.60033,131.88788,5284743
2015-05-28,131.79202,132.41504,130.83354,132.41504,5512498
2015-05-29,131.79202,131.79202,130.68977,130.68977,8693071
2015-06-01,130.64185,131.025238,129.73128,130.73769,6953122
2015-06-02,130.45015,131.40863,130.11467,130.97731,5493092
2015-06-03,131.45656,132.079575,131.12109,131.93581,5489128
2015-06-04,131.40863,132.36713,130.40222,130.64185,6961072
2015-06-05,130.64185,131.21693,130.1626,130.78561,6395013
2015-06-08,130.92938,131.12109,130.40222,130.54599,6220801
2015-06-09,130.73769,131.64825,130.21053,130.97731,6492291
2015-06-10,131.12109,132.65466,130.92938,132.41504,6922511
2015-06-11,132.1275,132.46297,131.12109,131.83995,6549569
2015-06-12,131.50449,131.69618,130.73769,131.26486,4626164
2015-06-15,131.26486,131.26486,129.92297,130.40222,5946598
2015-06-16,130.21053,130.54599,129.39581,130.45015,5752709
2015-06-17,130.30637,131.31279,129.92297,130.68977,7626245
2015-06-18,129.77921,131.3607,129.53958,131.16901,7862534
2015-06-19,130.68977,131.21693,130.25845,130.54599,12575563
2015-06-22,130.83354,131.79202,130.78561,131.40863,5739188
2015-06-23,131.40863,132.27127,131.26486,132.031647,6783792
2015-06-24,132.031647,132.22334,130.59392,130.64185,6772483
2015-06-25,130.73769,131.073166,129.49165,129.58751,4870611
2015-06-26,129.58751,130.018829,128.96449,129.82713,5378766
2015-06-29,128.91656,129.25203,127.14336,127.67053,6963534
2015-06-30,128.53317,129.20412,127.14336,127.33506,7419565
2015-07-01,127.81431,128.7728,126.85582,127.76638,6349045
2015-07-02,127.95808,128.5811,127.47884,128.34148,5425694
2015-07-06,127.14336,127.67053,125.56186,126.089027,5812929
2015-07-07,126.4245,127.23921,124.2679,126.85582,6812212
2015-07-08,125.034691,125.75356,124.028282,124.076202,6683593
2015-07-09,125.41808,126.52035,124.6513,124.69922,6345706
2015-07-10,126.47242,126.71204,124.79507,125.89733,5291629
2015-07-13,126.95167,127.14336,125.75356,126.85582,5075622
2015-07-14,126.28072,128.10185,126.28072,127.76638,4652038
2015-07-15,127.52676,128.3894,127.47884,128.29355,5826910
2015-07-16,129.29996,129.58751,128.62901,129.58751,6392447
2015-07-17,130.64185,130.97731,129.53958,130.54599,8595000
2015-07-20,129.9709,130.40222,129.44374,130.066757,5151158
2015-07-21,129.44374,130.11467,128.43732,128.67694,6110106
2015-07-22,128.82072,129.20412,127.33506,127.6226,5035726
2015-07-23,127.38299,127.47884,125.56186,125.8494,4841211
2015-07-24,126.089027,126.13696,123.021866,123.40527,6494441
2015-07-27,122.39885,124.50752,122.303,124.36375,7569635
2015-07-28,125.082619,125.75356,124.36375,125.082619,5792105
2015-07-29,125.034691,125.94525,124.84299,125.8494,5005365
2015-07-30,125.70564,125.75356,124.6513,125.17847,4615376
2015-07-31,125.70564,125.99318,124.84299,125.082619,4840439
2015-08-03,125.17847,125.22639,122.68639,123.98035,6798273
2015-08-04,124.076202,124.89091,123.78866,124.12413,4587478
2015-08-05,125.034691,126.18488,124.74715,125.082619,5314916
2015-08-06,125.32224,125.46601,124.41167,124.74715,3609479
2015-08-07,124.36375,124.89091,122.73432,123.59696,5407728
2015-08-10,124.12413,126.0411,124.12413,125.75356,4899219
2015-08-11,124.74715,124.74715,122.8781,123.21356,5891637
2015-08-12,122.39885,124.028282,121.48829,123.93243,6567598
2015-08-13,123.50111,124.17205,122.78225,123.59696,3425960
2015-08-14,122.92602,125.082619,122.78225,124.98677,4337313
2015-08-17,124.36375,125.75356,123.64488,125.60979,4011257
2015-08-18,125.41808,125.60979,124.31583,124.93884,4246023
2015-08-19,124.12413,124.74715,122.78225,123.30942,6082479
2015-08-20,122.25508,122.8781,120.67358,120.7215,7229265
2015-08-21,119.33169,120.43395,117.70226,117.84603,13584299
2015-08-24,109.45927,115.2102,92.82951,114.39548,19037599
2015-08-25,118.51698,118.5649,111.52002,111.52002,12682065
2015-08-26,114.29963,115.35397,111.52002,115.066422,16477190
2015-08-27,117.079247,119.85886,116.83962,119.85886,13540959
2015-08-28,119.42754,120.62565,118.7566,120.57772,6873851
2015-08-31,119.71509,119.71509,117.79811,118.9483,7721916
2015-09-01,116.16868,116.74377,113.48492,114.44341,13634816
2015-09-02,115.68944,117.79811,114.20378,117.75018,10533429
2015-09-03,118.66075,119.57131,116.88755,117.46264,7003701
2015-09-04,115.88113,115.88113,114.29963,115.018494,7434296
2015-09-08,117.46264,119.71509,116.31245,119.61924,9642859
2015-09-09,120.76942,120.86527,117.31887,117.65434,7222045
2015-09-10,117.70226,119.13999,117.41472,118.27735,7312166
2015-09-11,118.5649,119.61924,117.41472,119.57131,6656947
2015-09-14,119.66716,119.71509,117.89396,118.70867,5474792
2015-09-15,119.33169,121.96753,118.3732,121.24866,9668295
2015-09-16,122.35093,124.74715,121.82376,124.2679,12841086
2015-09-17,122.20715,124.2679,121.1049,121.48829,10191912
2015-09-18,120.5298,120.81734,118.42113,118.85245,16248371
2015-09-21,119.28377,120.76942,119.044144,120.24226,6180342
2015-09-22,118.66075,120.57772,117.89396,120.3381,9223908
2015-09-23,119.85886,121.39244,119.71509,120.48187,8594791
2015-09-24,119.18792,121.96753,118.13358,119.37962,11109065
2015-09-25,119.81094,120.0026321,119.13999,119.42754,8127409
2015-09-28,118.32528,118.5649,116.50415,116.50415,8897623
2015-09-29,116.6,117.89396,116.26453,117.75018,8677797
2015-09-30,118.51698,120.96112,118.32528,120.86527,9130698
2015-10-01,120.5298,121.29659,118.80452,120.7215,8288809
2015-10-02,119.18792,122.15923,118.99622,122.063377,8904905
2015-10-05,126.37657,130.35429,125.65771,128.53317,21997846
2015-10-06,129.34789,131.3607,129.20412,130.78561,15004766
2015-10-07,131.79202,133.085983,130.92938,133.085983,13703048
2015-10-08,132.41504,135.14673,131.45656,134.33202,10665700
2015-10-09,134.092392,135.0029602,133.66107,134.52371,9875476
2015-10-12,134.092392,135.0029602,133.75693,134.61957,5266548
2015-10-13,134.044479,135.53014,133.56523,133.56523,9014870
2015-10-14,132.94221,133.42146,131.69618,132.27127,8160336
2015-10-15,133.22975,135.0029602,132.46297,134.33202,16062516
2015-10-16,137.11163,139.89125,135.24258,138.88484,29634440
2015-10-19,138.022202,141.66444,137.78258,138.93275,27342329
2015-10-20,138.11804,138.98068,137.54295,137.92635,15681999
2015-10-21,137.97427,140.13087,137.92635,138.26183,13647356
2015-10-22,138.74106,142.52708,138.54936,141.7603,17001036
2015-10-23,142.33539,142.9584,140.99352,141.42482,16039271
2015-10-26,141.47275,142.14369,140.94559,141.61653,10173821
2015-10-27,140.94559,142.047852,140.082947,141.18521,14106851
2015-10-28,140.56219,141.7603,139.69955,140.84973,14831180
2015-10-29,139.79539,140.8018,139.26823,140.61011,8841827
2015-10-30,140.035019,140.56219,138.54936,138.59729,14819474
2015-11-02,138.69313,140.89766,138.40559,140.89766,12416375
2015-11-03,139.98709,142.76671,139.84332,141.80823,19996067
2015-11-04,141.61653,142.76671,141.18521,141.5686,21937459
2015-11-05,141.23312,142.52708,140.46634,142.047852,25580616
2015-11-06,141.089355,143.53349,140.17879,143.38972,26314334
2015-11-09,142.62294,143.53349,140.8018,142.57501,30352447
2015-11-10,141.99992,145.067078,141.90407,144.34822,49967267
2015-11-11,144.73161,147.70293,144.73161,146.98405,41231379
2015-11-12,145.73802,148.086319,144.30029,144.53992,61094507
2015-11-13,143.10217,146.12141,142.86256,145.11501,51571608
2015-11-16,143.19803,146.64859,142.67087,145.4984,59427840
2015-11-17,146.50481,147.36745,143.77312,145.3067,90002762
2015-11-18,144.82745,146.50481,144.25237,146.26518,37094987
2015-11-19,145.59425,146.21727,144.97124,145.067078,20642961
2015-11-20,145.01915,148.51764,144.77953,146.93613,43977100
2015-11-23,146.60066,147.70293,145.01915,146.60066,28251073
2015-11-24,145.35463,147.94254,145.11501,146.93613,30438937
2015-11-25,146.84029,146.8882,145.21085,145.4984,11301076
2015-11-27,145.067078,145.59425,144.68369,145.4984,6915875
2015-11-30,145.35463,145.92972,143.48558,143.48558,16633832
2015-12-01,143.7252,144.97124,143.1501,144.58783,11318854
2015-12-02,144.20444,144.87538,143.19803,143.62935,9206923
2015-12-03,144.20444,144.97124,143.62935,143.9169,13139431
2015-12-04,144.1086,146.26518,143.58142,146.12141,12144801
2015-12-07,145.78595,145.88179,144.34822,145.54633,13913859
2015-12-08,144.1086,145.59425,143.3418,144.68369,11114491
2015-12-09,143.86897,146.60066,143.58142,146.025574,10550039
2015-12-10,145.88179,148.23009,145.54633,146.8882,9824333
2015-12-11,145.3067,146.6965,144.49199,145.01915,13126452
2015-12-14,145.01915,145.97765,142.67087,145.01915,13575410
2015-12-15,145.69009,146.6965,144.82745,145.3067,12383177
2015-12-16,145.97765,149.66782,145.78595,148.46971,15405835
2015-12-17,148.27802,148.80518,146.31311,146.40897,12107430
2015-12-18,145.64217,146.55273,145.11501,145.11501,17349168
2015-12-21,145.78595,146.64859,144.49199,145.69009,8496553
2015-12-22,146.12141,146.79236,144.53992,146.12141,8817309
2015-12-23,146.26518,148.56555,146.26518,148.32594,7464970
2015-12-24,148.086319,148.23009,147.07991,147.75084,2820882
2015-12-28,147.31952,148.56555,146.6965,148.086319,5541585
2015-12-29,148.61348,150.86594,148.56555,149.90744,6969397
2015-12-30,149.90744,150.67422,148.61348,148.80518,6077847
2015-12-31,147.89462,150.91385,147.55914,149.28442,10914634
2016-01-04,146.40897,147.41537,144.97124,147.17575,13120985
2016-01-05,147.031982,147.79877,145.92972,147.31952,11513181
2016-01-06,145.067078,147.22368,144.012741,144.97124,13073243
2016-01-07,142.095764,143.58142,138.26183,138.83691,19252709
2016-01-08,139.93918,140.41841,135.81767,136.34485,15544512
2016-01-11,136.77617,143.38972,135.38635,136.96786,12192835
2016-01-12,137.83051,138.40559,135.81767,137.2554,9949593
2016-01-13,138.54936,139.26823,135.14673,135.33842,11626172
2016-01-14,135.6739,140.17879,135.57805,139.26823,13612468
2016-01-15,134.85919,137.83051,134.6675,136.53654,14486324
2016-01-19,137.63881,138.45352,135.14673,136.53654,10847674
2016-01-20,133.85278,136.24899,131.69618,134.18825,18375368
2016-01-21,134.81126,138.93275,134.81126,137.015778,11692923
2016-01-22,136.82408,136.87201,132.79845,135.33842,18335013
2016-01-25,135.72183,136.53654,134.18825,134.37994,9358244
2016-01-26,134.52371,136.77617,134.42787,135.6739,8854138
2016-01-27,135.14673,136.96786,133.32561,134.18825,9622744
2016-01-28,135.24258,135.8656,133.85278,135.19466,8361069
2016-01-29,136.39276,139.50786,135.81767,139.45993,10761998
2016-02-01,139.02861,139.12445,136.87201,137.2554,9065575
2016-02-02,135.48221,135.57805,133.80486,135.33842,8361466
2016-02-03,136.057297,137.49503,133.56523,137.39919,9235718
2016-02-04,137.30333,141.18521,136.53654,139.84332,11267398
2016-02-05,139.69955,139.93918,135.62598,136.77617,10847236
2016-02-08,135.24258,135.48221,133.038055,135.0029602,10035895
2016-02-09,132.99014,136.77617,132.99014,135.53014,7727091
2016-02-10,135.96144,137.54295,135.38635,135.62598,6779974
2016-02-11,132.99014,134.33202,129.87505,131.5524,16807731
2016-02-12,132.1275,135.43428,131.12109,135.43428,12028451
2016-02-16,136.96786,139.12445,136.20107,138.30974,9852773
2016-02-17,139.65163,141.90407,139.55577,140.61011,7982327
2016-02-18,140.41841,140.65804,138.93275,139.36407,6479855
2016-02-19,138.69313,139.6037,137.4471,139.076538,7525419
2016-02-22,139.076538,141.32898,139.076538,140.94559,8036224
2016-02-23,139.98709,140.70596,139.36407,140.035019,6500074
2016-02-24,138.50143,139.22031,136.10522,138.78899,9374875
2016-02-25,138.022202,140.32257,137.92635,140.082947,7487067
2016-02-26,140.41841,141.66444,140.37048,140.89766,6123210
2016-02-29,141.089355,141.61653,139.55577,139.65163,7129232
2016-03-01,140.94559,143.62935,140.46634,143.19803,6746609
2016-03-02,142.71878,144.63576,142.62294,144.63576,7765401
2016-03-03,144.73161,145.69009,144.060669,144.82745,5866096
2016-03-04,144.82745,146.60066,144.82745,145.97765,6893131
2016-03-07,145.01915,145.92972,144.39613,145.16293,5476796
2016-03-08,144.15651,144.82745,143.62935,144.060669,6499386
2016-03-09,144.53992,144.73161,143.62935,144.012741,5179181
2016-03-10,144.58783,145.16293,142.76671,143.48558,6916710
2016-03-11,144.44406,146.55273,144.44406,145.40256,6710489
2016-03-14,144.82745,145.54633,144.15651,145.067078,4624015
2016-03-15,143.9169,145.54633,143.9169,145.11501,6030126
2016-03-16,144.92331,145.25877,144.1086,144.58783,6853924
2016-03-17,144.82745,149.092728,144.63576,148.37386,12653958
2016-03-18,148.99687,149.28442,148.086319,148.18216,10928447
2016-03-21,147.84669,149.52405,147.55914,148.99687,5710727
2016-03-22,148.46971,149.71574,148.42178,148.8531,5432726
2016-03-23,148.75726,149.71574,148.61348,148.90103,5682933
2016-03-24,148.13423,149.092728,147.70293,149.092728,5759700
2016-03-28,149.2365,151.92026,149.0448,150.91385,8239398
2016-03-29,150.77008,151.34517,149.90744,150.86594,8043882
2016-03-30,152.20781,153.11838,152.064041,152.54329,7322787
2016-03-31,152.83083,153.59761,152.20781,152.35158,7685922
2016-04-01,150.96178,153.45384,150.72215,153.022522,8221203
2016-04-04,151.87234,151.96819,148.99687,149.66782,9374979
2016-04-05,148.32594,149.18858,147.51123,148.46971,6527388
2016-04-06,148.038391,150.96178,146.84029,148.086319,7646047
2016-04-07,147.22368,147.51123,146.21727,146.79236,7003430
2016-04-08,148.086319,148.94896,147.07991,147.55914,5594001
2016-04-11,147.75084,148.56555,147.17575,147.17575,5242948
2016-04-12,147.031982,148.23009,146.55273,147.655,5749746
2016-04-13,148.46971,149.0448,148.27802,148.46971,4943768
2016-04-14,148.51764,148.94896,147.89462,148.66141,4485692
2016-04-15,148.90103,149.0448,148.23009,148.70934,5099722
2016-04-18,148.086319,149.47612,148.086319,148.8531,4397428
2016-04-19,149.2365,149.57198,148.61348,149.28442,4772603
2016-04-20,149.52405,150.2429,148.80518,149.28442,5540166
2016-04-21,149.14066,149.90744,147.84669,148.46971,8273744
2016-04-22,148.70934,149.42819,145.25877,147.41537,11788886
2016-04-25,147.655,147.89462,145.69009,147.031982,7402601
2016-04-26,147.79877,148.46971,147.31952,148.086319,5985451
2016-04-27,148.27802,148.61348,147.70293,148.23009,4787522
2016-04-28,147.31952,149.61989,147.12782,148.086319,6015060
2016-04-29,147.36745,148.42178,146.64859,147.36745,6030877
2016-05-02,146.84029,148.51764,146.79236,148.038391,3587131
2016-05-03,146.84029,147.17575,145.45047,146.79236,5783174
2016-05-04,145.69009,145.78595,143.24596,144.1086,8303624
2016-05-05,144.44406,144.92331,142.81464,143.24596,6614421
2016-05-06,142.23955,144.92331,140.94559,144.34822,5905429
2016-05-09,144.012741,144.20444,141.99992,143.1501,5666073
2016-05-10,143.7252,146.45688,143.67728,146.073486,5661086
2016-05-11,146.16934,147.36745,145.40256,145.40256,4926616
2016-05-12,143.0063324,144.73161,143.0063324,144.20444,9863374
2016-05-13,143.62935,144.30029,141.5686,142.047852,7358865
2016-05-16,141.61653,144.39613,141.47275,143.58142,5362261
2016-05-17,143.24596,144.20444,141.7603,142.38332,6994374
2016-05-18,142.33539,143.05426,141.041428,141.90407,5801954
2016-05-19,140.56219,141.13728,139.26823,140.70596,7103859
2016-05-20,141.52068,142.23955,141.041428,141.66444,7304112
2016-05-23,141.47275,142.19162,140.94559,141.32898,4927639
2016-05-24,142.43124,143.62935,142.28746,143.05426,5053858
2016-05-25,143.77312,145.3067,143.58142,144.20444,5771239
2016-05-26,144.1086,144.87538,143.77312,143.86897,4725654
2016-05-27,144.44406,144.68369,143.96481,144.34822,4068723
2016-05-31,144.34822,145.40256,144.1086,144.87538,6321689
2016-06-01,143.96481,144.44406,143.24596,144.30029,4408341
2016-06-02,143.82104,144.012741,143.05426,144.012741,3971111
2016-06-03,143.86897,144.012741,142.86256,143.48558,4966679
2016-06-06,143.77312,144.87538,143.53349,144.34822,3894073
2016-06-07,144.44406,145.73802,144.39613,144.44406,5352370
2016-06-08,144.87538,146.16934,144.53992,145.25877,6080685
2016-06-09,144.53992,145.35463,143.86897,144.92331,5535221
2016-06-10,143.86897,145.11501,143.43765,143.96481,6140925
2016-06-13,143.67728,144.39613,142.76671,142.9584,6877502
2016-06-14,142.91048,145.97765,142.76671,145.88179,9118638
2016-06-15,146.073486,148.13423,146.025574,146.60066,9132138
2016-06-16,144.44406,147.31952,144.15651,146.84029,14109334
2016-06-17,146.8882,147.22368,145.92972,146.64859,11609103
2016-06-20,147.84669,150.099136,147.75084,147.75084,9993057
2016-06-21,147.99046,148.61348,147.94254,148.27802,7518992
2016-06-22,148.56555,149.0448,147.4633,147.51123,7514297
2016-06-23,148.8531,149.57198,148.42178,149.47612,8394267
2016-06-24,144.30029,146.40897,142.57501,142.91048,17875914
2016-06-27,141.5686,141.952,139.79539,140.51427,11276120
2016-06-28,142.86256,143.77312,142.19162,143.48558,7972665
2016-06-29,146.21727,146.74443,145.21085,146.40897,7484334
2016-06-30,146.93613,150.96178,146.8882,150.86594,11375110
2016-07-01,150.86594,151.58479,150.099136,150.91385,6823313
2016-07-05,149.76367,151.10555,149.14066,150.72215,6752410
2016-07-06,149.85951,152.39951,149.85951,152.11197,6699284
2016-07-07,152.44743,153.83723,152.11197,152.49536,7828563
2016-07-08,153.31007,154.65195,153.31007,154.31648,8040105
2016-07-11,154.60403,155.75421,154.22064,154.36441,7924798
2016-07-12,154.84366,155.70628,153.98102,154.60403,7948148
2016-07-13,154.60403,155.65837,154.55611,155.083267,6774090
2016-07-14,155.75421,156.80855,155.70628,156.37723,7069013
2016-07-15,157.00024414,157.91081,156.9044,157.57535,8828243
2016-07-18,157.62326,157.86288,156.52101,157.71912,7984476
2016-07-19,156.95233,157.91081,156.80855,157.81496,7002220
2016-07-20,157.95874,158.15044,156.71271,157.0961,7419565
2016-07-21,156.85648,157.43156,155.70628,156.18553,8848608
2016-07-22,152.064041,153.69347,151.87234,153.64554,12053115
2016-07-25,153.69347,153.74139,150.38669,151.63272,9541846
2016-07-26,151.77649,152.064041,150.051208,150.81801,7700445
2016-07-27,150.91385,151.24933,149.14066,149.90744,8191343
2016-07-28,149.52405,150.051208,148.94896,149.76367,6321940
2016-07-29,149.90744,150.62631,149.092728,149.2365,10443997
2016-08-01,149.14066,149.61989,148.66141,149.28442,6500847
2016-08-02,149.092728,149.33235,148.56555,148.80518,5634002
2016-08-03,148.70934,149.71574,148.70934,149.18858,4174494
2016-08-04,149.52405,149.76367,148.99687,149.38028,4234526
2016-08-05,149.85951,150.72215,149.61989,149.90744,4502365
2016-08-08,150.0032959,150.48253,149.57198,149.85951,4263822
2016-08-09,149.66782,150.2429,149.28442,150.0032959,4195944
2016-08-10,149.76367,150.19499,149.52405,149.85951,3868199
2016-08-11,150.051208,150.33876,149.52405,149.95537,7926280
2016-08-12,149.52405,149.90744,149.42819,149.71574,4450136
2016-08-15,150.0032959,150.2429,149.61989,149.71574,4080032
2016-08-16,149.2365,149.95537,148.94896,149.47612,4670609
2016-08-17,149.8116,150.14706,149.42819,149.95537,3672056
2016-08-18,149.76367,150.62631,149.47612,150.62631,5851135
2016-08-19,150.099136,150.48253,149.42819,149.76367,5162884
2016-08-22,149.38028,150.62631,148.94896,150.099136,4269331
2016-08-23,150.72215,151.29724,149.66782,149.66782,6701538
2016-08-24,149.85951,150.2429,149.38028,149.61989,4599977
2016-08-25,149.47612,150.0032959,149.18858,149.57198,3553077
2016-08-26,149.85951,150.77008,149.2365,149.66782,4645987
2016-08-29,149.42819,150.72215,149.38028,150.29083,4433840
2016-08-30,150.19499,150.81801,150.0032959,150.33876,3784692
2016-08-31,149.95537,150.2429,149.47612,149.71574,6972715
2016-09-01,149.28442,149.95537,148.37386,149.52405,8608480
2016-09-02,149.76367,150.72215,149.66782,149.95537,4341736
2016-09-06,150.051208,150.19499,147.60707,148.80518,8545902
2016-09-07,148.51764,148.8531,147.60707,148.8531,5689568
2016-09-08,148.56555,148.80518,148.086319,148.75726,6313322
2016-09-09,147.70293,147.70293,144.30029,144.30029,9310440
2016-09-12,143.77312,146.50481,143.0063324,146.12141,8640134
2016-09-13,144.82745,144.97124,142.43124,143.05426,9403607
2016-09-14,142.86256,143.77312,142.19162,142.33539,10657959
2016-09-15,141.61653,143.05426,140.99352,142.57501,7324018
2016-09-16,141.99992,142.57501,141.5686,142.23955,13549410
2016-09-19,142.71878,143.58142,140.89766,141.041428,6364465
2016-09-20,142.19162,142.81464,141.952,142.19162,6186101
2016-09-21,142.57501,143.38972,141.80823,143.05426,6057794
2016-09-22,143.58142,144.30029,143.43765,143.96481,6130471
2016-09-23,143.86897,144.012741,142.86256,143.24596,4762024
2016-09-26,142.81464,142.86256,141.47275,141.5686,5405558
2016-09-27,141.85614,143.62935,141.23312,143.19803,5319193
2016-09-28,143.38972,143.48558,141.85614,143.29388,5581836
2016-09-29,142.86256,144.25237,141.089355,141.52068,8111467
2016-09-30,141.85614,143.05426,141.7603,141.952,7536875
2016-10-03,141.18521,142.33539,140.89766,142.047852,4130278
2016-10-04,142.38332,142.57501,141.13728,141.37691,6495171
2016-10-05,141.47275,142.33539,140.89766,141.37691,5203386
2016-10-06,140.89766,141.37691,139.65163,140.27464,5860880
2016-10-07,139.26823,139.98709,138.59729,139.36407,7895794
2016-10-10,138.98068,140.46634,138.070114,138.30974,7090734
2016-10-11,137.78258,139.12445,137.49503,138.59729,6456464
2016-10-12,138.59729,139.076538,138.070114,138.50143,4748043
2016-10-13,137.92635,138.50143,137.35126,137.87842,5924459
2016-10-14,138.78899,139.12445,138.11804,138.45352,5880390
2016-10-17,138.50143,138.93275,137.54295,138.26183,8290687
2016-10-18,139.12445,139.36407,138.50143,138.88484,5751228
2016-10-19,139.26823,140.035019,139.12445,139.26823,6090429
2016-10-20,139.45993,139.93918,138.78899,139.31616,5932952
2016-10-21,136.29692,138.98068,135.76974,138.88484,13386341
2016-10-24,138.98068,139.98709,138.50143,138.59729,6497675
2016-10-25,138.69313,139.02861,137.15956,137.30333,5525518
2016-10-26,137.015778,139.31616,136.82408,138.35767,5082424
2016-10-27,138.45352,138.78899,137.11163,137.20749,5306882
2016-10-28,138.40559,141.80823,138.35767,140.035019,14162063
2016-10-31,141.28105,142.095764,139.412,139.45993,9090093
2016-11-01,138.98068,139.93918,137.59088,138.40559,6679440
2016-11-02,138.30974,138.30974,136.10522,136.53654,6442087
2016-11-03,137.063705,137.063705,135.098816,135.53014,4799374
2016-11-04,135.24258,138.070114,135.24258,136.29692,7483645
2016-11-07,138.26183,140.56219,138.16597,140.46634,8608188
2016-11-08,140.75389,141.952,140.37048,140.99352,7476237
2016-11-09,140.51427,142.86256,139.31616,141.99992,11277456
2016-11-10,143.05426,147.79877,142.9584,145.73802,16969403
2016-11-11,146.12141,147.4633,145.54633,147.17575,8912459
2016-11-14,147.31952,147.84669,146.12141,146.21727,7875012
2016-11-15,146.073486,147.4633,144.92331,147.36745,8385295
2016-11-16,146.8882,147.51123,146.36104,147.31952,5272015
2016-11-17,147.12782,147.94254,146.93613,147.55914,3721301
2016-11-18,147.36745,148.086319,146.26518,146.98405,5964376
2016-11-21,147.07991,147.99046,146.55273,147.94254,4619007
2016-11-22,148.23009,149.71574,147.99046,149.42819,5784384
2016-11-23,149.71574,150.38669,149.42819,150.19499,5064876
2016-11-25,150.72215,150.91385,149.95537,150.67422,2746306
2016-11-28,150.14706,150.62631,149.57198,149.76367,4609909
2016-11-29,149.90744,150.2429,148.46971,148.80518,6556935
2016-11-30,149.42819,149.85951,147.36745,147.41537,9522691
2016-12-01,146.84029,150.77008,146.74443,150.43462,9327613
2016-12-02,150.29083,150.91385,149.8116,150.19499,4465577
2016-12-05,150.62631,150.72215,148.8531,149.092728,4619424
2016-12-06,149.47612,149.71574,148.61348,149.38028,3666882
2016-12-07,148.61348,151.44102,148.23009,151.44102,6864357
2016-12-08,151.44102,151.92026,150.48253,151.10555,5872815
2016-12-09,150.72215,152.97459,150.2429,152.30367,6515975
2016-12-12,151.77649,153.31007,151.72856,152.68706,6477017
2016-12-13,152.87875,153.358,151.48895,152.11197,7198926
2016-12-14,151.48895,153.26215,150.67422,150.96178,9113379
2016-12-15,150.91385,153.11838,149.18858,149.8116,9051219
2016-12-16,151.057632,152.73499,150.77008,152.15988,15018704
2016-12-19,152.20781,153.358,151.96819,152.97459,7293116
2016-12-20,152.97459,155.17912,152.92668,154.55611,8308549
2016-12-21,154.31648,154.50818,153.59761,153.98102,5835173
2016-12-22,152.92668,153.11838,152.30367,152.49536,5048329
2016-12-23,152.73499,153.07045,152.25574,152.7829,3127553
2016-12-27,152.83083,153.59761,152.63913,152.87875,3266793
2016-12-28,152.5912,153.21422,151.77649,151.92026,3940730
2016-12-29,152.11197,152.7829,151.92026,151.96819,3357811
2016-12-30,151.58479,152.39951,151.0097046,151.44102,5311535
2017-01-03,151.77649,152.5912,150.48253,151.87234,6708382
2017-01-04,152.15988,152.54329,151.53687,151.92026,4474320
2017-01-05,151.29724,152.15988,150.051208,151.057632,5395334
2017-01-06,151.34517,152.25574,150.29083,151.48895,4615772
2017-01-09,151.63272,151.72856,150.62631,150.77008,4436678
2017-01-10,150.77008,151.53687,150.33876,150.33876,5676131
2017-01-11,149.71574,151.057632,149.71574,150.81801,5922894
2017-01-12,150.72215,150.81801,149.18858,150.43462,6242356
2017-01-13,150.29083,150.72215,149.76367,150.29083,5075455
2017-01-17,149.38028,150.72215,149.33235,149.85951,6015165
2017-01-18,149.57198,150.19499,149.18858,149.66782,5154246
2017-01-19,149.76367,150.19499,148.80518,149.57198,7866123
2017-01-20,147.41537,148.086319,145.21085,146.31311,17434281
2017-01-23,146.16934,146.21727,141.7603,142.57501,12330552
2017-01-24,143.10217,144.060669,142.91048,143.77312,7029095
2017-01-25,145.78595,146.025574,144.82745,145.54633,7956640
2017-01-26,145.88179,146.12141,144.39613,145.3067,5585279
2017-01-27,145.69009,145.88179,143.48558,143.82104,6261031
2017-01-30,143.58142,144.25237,142.67087,143.58142,5469409
2017-01-31,143.05426,143.29388,141.37691,142.33539,8075932
2017-02-01,142.47916,142.86256,141.66444,142.28746,5358922
2017-02-02,141.7603,142.38332,141.37691,142.23955,4529950
2017-02-03,142.76671,142.81464,141.5686,142.33539,6490288
2017-02-06,142.23955,142.57501,141.71237,142.14369,4950529
2017-02-07,142.57501,142.86256,141.52068,141.66444,4961630
2017-02-08,141.42482,141.5686,140.22672,141.041428,6715038
2017-02-09,141.47275,142.33539,141.18521,141.80823,4520873
2017-02-10,142.52708,142.57501,141.61653,142.43124,4754804
2017-02-13,143.19803,144.060669,142.47916,143.96481,7724671
2017-02-14,144.39613,145.11501,143.38972,145.11501,7309078
2017-02-15,145.16293,145.45047,144.63576,145.45047,5315103
2017-02-16,145.45047,146.025574,145.21085,145.92972,5411130
2017-02-17,145.73802,145.88179,144.73161,145.54633,4559141
2017-02-21,145.73802,146.60066,145.40256,146.26518,6310150
2017-02-22,146.26518,146.40897,145.01915,145.35463,6285841
2017-02-23,143.96481,144.15651,143.05426,143.86897,6040329
2017-02-24,143.0063324,144.68369,142.71878,144.68369,5701420
2017-02-27,144.012741,144.49199,143.29388,143.48558,4918541
2017-02-28,143.7252,144.15651,142.19162,142.86256,8161171
2017-03-01,143.67728,145.45047,142.91048,144.68369,7696084
2017-03-02,144.87538,144.87538,143.77312,144.68369,5767504
2017-03-03,144.68369,144.82745,144.012741,144.34822,4164269
2017-03-06,143.77312,144.15651,143.38972,143.77312,4886991
2017-03-07,143.43765,143.7252,142.76671,143.10217,6256295
2017-03-08,143.24596,143.48558,142.47916,142.81464,6741538
2017-03-09,142.57501,142.9584,141.66444,142.14369,5412736
2017-03-10,143.0063324,145.83386,141.99992,145.11501,12355279
2017-03-13,144.87538,145.01915,142.76671,143.10217,6299049
2017-03-14,142.62294,142.76671,141.23312,141.5686,4757830
2017-03-15,141.61653,142.9584,141.23312,142.62294,5246349
2017-03-16,142.81464,142.91048,141.952,142.57501,4425097
2017-03-17,143.05426,143.96481,142.67087,143.19803,9105805
2017-03-20,143.29388,143.38972,142.28746,142.52708,3938998
2017-03-21,143.10217,143.10217,140.61011,140.84973,5599405
2017-03-22,141.66444,142.38332,140.46634,141.52068,5425360
2017-03-23,141.37691,142.47916,140.8018,141.952,5148737
2017-03-24,141.80823,142.86256,141.52068,142.43124,5817541
2017-03-27,141.13728,141.42482,140.17879,141.089355,6048425
2017-03-28,140.46634,142.47916,140.17879,141.952,5810759
2017-03-29,141.47275,142.38332,141.18521,142.23955,5750477
2017-03-30,142.14369,143.7252,141.99992,143.1501,7503760
2017-03-31,143.10217,143.96481,142.52708,142.81464,10599304
2017-04-03,142.62294,143.77312,142.57501,143.19803,6241563
2017-04-04,143.29388,144.20444,142.33539,143.86897,5228488
2017-04-05,144.20444,145.78595,143.53349,143.62935,5391307
2017-04-06,143.77312,144.63576,143.38972,143.43765,4496668
2017-04-07,143.38972,144.68369,143.38972,143.7252,3959509
2017-04-10,144.1086,144.87538,143.58142,143.82104,3861334
2017-04-11,143.77312,144.25237,143.0063324,143.96481,4598954
2017-04-12,143.19803,143.29388,142.095764,142.67087,5642494
2017-04-13,142.33539,142.81464,141.61653,141.66444,4172824
2017-04-17,141.952,142.33539,141.61653,142.047852,4543951
2017-04-18,141.85614,143.29388,141.7603,143.0063324,5363993
2017-04-19,143.24596,144.060669,143.1501,143.77312,5549243
2017-04-20,144.012741,146.36104,143.9169,145.067078,7737524
2017-04-21,145.067078,145.59425,141.13728,141.61653,15096994
2017-04-24,143.05426,143.43765,141.32898,141.61653,10137889
2017-04-25,141.13728,141.85614,140.51427,141.13728,8316040
2017-04-26,141.47275,141.61653,140.22672,140.22672,7797368
2017-04-27,140.37048,140.46634,139.076538,139.36407,6873288
2017-04-28,139.45993,139.74747,138.64522,138.93275,5024416
2017-05-01,139.02861,139.79539,138.64522,138.69313,5011187
2017-05-02,139.02861,139.22031,138.54936,138.93275,7044432
2017-05-03,138.59729,140.37048,138.26183,140.082947,5611612
2017-05-04,140.27464,140.46634,139.22031,139.93918,4092740
2017-05-05,139.6037,140.13087,139.50786,140.035019,3532044
2017-05-08,139.74747,140.17879,138.98068,139.31616,4513424
2017-05-09,139.36407,139.412,138.30974,138.64522,4974233
2017-05-10,138.59729,138.64522,137.063705,137.54295,5435063
2017-05-11,137.4471,138.45352,136.58446,138.35767,5845752
2017-05-12,135.91353,136.34485,133.46938,135.48221,14279415
2017-05-15,134.52371,135.33842,134.044479,135.050888,8297970
2017-05-16,135.38635,135.53014,134.18825,134.37994,6157451
2017-05-17,133.32561,137.92635,131.3607,131.3607,10946789
2017-05-18,130.64185,132.51089,129.87505,131.69618,10109177
2017-05-19,132.031647,135.0029602,131.79202,134.42787,10117753
2017-05-22,135.29051,135.62598,134.4758,135.050888,5803039
2017-05-23,135.19466,135.53014,134.71541,135.53014,4982246
2017-05-24,135.72183,136.58446,132.36713,133.37354,11205008
2017-05-25,133.18184,133.709,131.40863,131.74411,8190905
2017-05-26,131.60033,132.031647,130.78561,131.5524,6390068
2017-05-30,130.88147,131.5524,130.1626,131.12109,7602749
2017-05-31,130.97731,131.50449,130.30637,131.21693,7430561
2017-06-01,131.83995,133.61316,131.79202,132.84636,6758085
2017-06-02,133.56523,133.9007,132.36713,133.61316,7722083
2017-06-05,133.709,134.52371,133.27768,134.092392,9078783
2017-06-06,134.092392,134.37994,133.27768,133.85278,7036336
2017-06-07,133.94862,133.99655,131.31279,132.65466,9084960
2017-06-08,132.65466,133.32561,131.93581,132.22334,8538411
2017-06-09,132.41504,134.044479,132.22334,133.9007,5292255
2017-06-12,140.13087,141.23312,137.68672,138.69313,29022706
2017-06-13,139.55577,139.74747,135.81767,136.34485,12274276
2017-06-14,136.48862,138.022202,135.96144,137.49503,8580248
2017-06-15,136.48862,138.74106,136.24899,138.69313,9988258
2017-06-16,138.88484,139.02861,137.15956,138.98068,17019649
2017-06-19,138.78899,138.98068,137.73465,138.022202,6365174
2017-06-20,137.59088,137.63881,134.57164,134.81126,9920401
2017-06-21,135.050888,135.098816,132.51089,133.13391,7044036
2017-06-22,133.085983,133.37354,131.98372,132.031647,7592087
2017-06-23,133.18184,133.18184,131.79202,132.1275,6622204
2017-06-26,132.22334,132.65466,131.79202,132.3192,5947203
2017-06-27,131.88788,132.22334,130.35429,130.40222,8623879
2017-06-28,130.64185,131.31279,129.63544,129.77921,6471822
2017-06-29,130.1626,131.3607,128.3894,129.49165,7664597
2017-06-30,129.82713,130.30637,128.96449,129.44374,5478256
2017-07-03,130.1626,132.22334,129.68335,131.5524,4312002
2017-07-05,131.98372,132.079575,130.49808,131.073166,4438284
2017-07-06,128.72487,129.63544,125.082619,126.089027,15993094
2017-07-07,125.80148,126.0411,124.50752,125.32224,8459808
2017-07-10,125.22639,125.51393,123.88451,124.79507,9756038
2017-07-11,124.74715,126.75997,124.17205,126.4245,8607645
2017-07-12,127.19129,128.48524,126.37657,127.38299,10638908
2017-07-13,127.38299,128.5811,126.99959,128.3894,5794045
2017-07-14,128.14978,128.91656,128.10185,128.34148,4394069
2017-07-17,128.24562,128.82072,128.053925,128.53317,5779022
2017-07-18,128.24562,129.012421,128.14978,128.86864,5455700
2017-07-19,128.67694,129.53958,128.62901,129.10826,5173234
2017-07-20,129.49165,129.63544,127.47884,127.91016,11509404
2017-07-21,121.63206,124.6513,121.056969,124.17205,18915198
2017-07-24,123.54903,123.88451,121.48829,121.87168,11867093
2017-07-25,122.54263,123.30942,121.53621,121.91961,9636328
2017-07-26,122.63847,123.11771,121.58414,122.63847,8499516
2017-07-27,122.63847,123.64488,122.303,123.59696,8323113
2017-07-28,123.93243,124.028282,121.72791,122.35093,5902383
2017-07-31,122.39885,123.11771,122.15923,122.73432,6388461
2017-08-01,122.83017,122.97395,121.39244,121.91961,8745299
2017-08-02,121.91961,122.54263,121.67999,122.303,5714629
2017-08-03,122.63847,123.54903,121.58414,123.45319,6451143
2017-08-04,123.40527,123.88451,122.78225,123.54903,4864539
2017-08-07,123.35734,123.59696,122.44678,122.83017,3937537
2017-08-08,122.83017,124.076202,122.303,122.4947,5663840
2017-08-09,122.44678,123.26149,122.015457,123.21356,6191213
2017-08-10,123.21356,123.21356,121.1049,121.24866,6192861
2017-08-11,121.72791,121.96753,120.7215,120.76942,4009922
2017-08-14,121.15282,122.44678,121.0090408,121.53621,5068840
2017-08-15,120.81734,121.34451,120.29018,120.48187,5703757
2017-08-16,120.38602,121.0090408,120.050552,120.29018,5732741
2017-08-17,120.14641,120.29018,118.46906,118.61282,6514785
2017-08-18,118.037735,118.5649,117.12717,117.65434,7151497
2017-08-21,117.36679,117.89396,116.55208,117.36679,9609933
2017-08-22,117.75018,118.5649,117.31887,117.89396,6253415
2017-08-23,117.51057,117.70226,116.64793,116.88755,7205853
2017-08-24,117.079247,117.60641,116.45623,116.45623,5330878
2017-08-25,116.88755,117.89396,116.69585,117.36679,4771643
2017-08-28,117.55849,118.22943,116.69585,117.27094,4994870
2017-08-29,116.6,117.22301,116.36038,117.12717,4989131
2017-08-30,117.36679,117.36679,115.73737,116.36038,7068637
2017-08-31,116.9834,118.3732,116.36038,117.65434,11535738
2017-09-01,117.89396,121.24866,117.36679,120.48187,12279368
2017-09-05,120.09848,120.09848,117.75018,118.61282,9293476
2017-09-06,119.28377,119.90678,118.9483,119.42754,11481632
2017-09-07,117.46264,117.65434,114.20378,115.11435,16715628
2017-09-08,114.77888,115.018494,113.0056763,114.15586,9307268
2017-09-11,114.060013,114.49133,113.19737,113.67661,9036446
2017-09-12,114.15586,114.58718,113.62869,114.58718,10362702
2017-09-13,114.68303,115.88113,114.6351,115.54566,8060554
2017-09-14,115.49774,116.31245,114.73095,116.26453,8781440
2017-09-15,115.49774,115.83321,113.82039,114.68303,13888549
2017-09-18,114.8268,117.65434,114.68303,117.22301,10955699
2017-09-19,117.22301,117.27094,115.11435,115.97698,9460843
2017-09-20,115.97698,116.9834,115.92906,116.55208,8298554
2017-09-21,116.6,119.044144,115.83321,118.61282,10874529
2017-09-22,119.044144,120.0026321,118.70867,119.18792,8287537
2017-09-25,119.42754,120.67358,119.092072,120.3381,8865635
2017-09-26,120.5298,120.81734,119.42754,119.47546,8503648
2017-09-27,119.81094,120.050552,116.36038,116.7917,11787113
2017-09-28,116.88755,117.17509,115.78529,116.16868,7544053
2017-09-29,116.07283,116.4083,115.066422,115.88113,7026425
2017-10-02,116.07283,117.94189,115.49774,117.75018,8868389
2017-10-03,117.94189,118.99622,116.6,118.85245,7075210
2017-10-04,119.23584,119.28377,117.079247,117.31887,6708361
2017-10-05,116.88755,117.75018,115.73737,117.60641,7252865
2017-10-06,116.9834,117.60641,115.64152,116.88755,8498765
2017-10-09,115.49774,115.73737,111.42417,112.2868,29275875
2017-10-10,113.58076,114.34756,111.75964,111.95134,16812134
2017-10-11,110.84908,111.52002,109.74682,110.56153,16937707
2017-10-12,110.46568,110.65738,109.41135,110.46568,12509021
2017-10-13,110.94492,111.32832,110.034363,110.13021,8428237
2017-10-16,110.17814,112.52643,109.89059,111.95134,10382567
2017-10-17,111.2804,111.42417,110.22606,111.13662,12235757
2017-10-18,111.18455,111.56794,110.56153,110.80116,7297059
2017-10-19,110.897,113.96416,110.46568,113.0056763,15769450
2017-10-20,106.10456,114.25171,105.91286,114.20378,40147504
2017-10-23,112.33473,112.33473,106.29626,106.9672,39090944
2017-10-24,106.0087128,106.91928,104.23551,104.90646,27880573
2017-10-25,104.66683,104.90646,102.078918,103.037407,23060959
2017-10-26,103.37287,103.75627,101.59967,102.17477,18004137
2017-10-27,101.88722,102.078918,98.91591,99.63477,20560436
2017-10-30,98.82006,99.2993,97.09478,97.81364,20529324
2017-10-31,97.09478,97.76572,96.088371,96.61554,20450366
2017-11-01,96.18422,98.34081,95.65705,95.9446,19137318
2017-11-02,96.088371,96.23214,94.075546,95.5612,17012575
2017-11-03,95.46535,97.43025,95.1778,96.51969,14160018
2017-11-06,98.34081,98.38874,96.23214,96.47176,12661511
2017-11-07,96.66346,97.04686,96.42384,96.85516,8693113
2017-11-08,96.85516,97.38232,96.18422,96.42384,8280233
2017-11-09,96.040443,96.18422,95.12988,95.80082,10610572
2017-11-10,95.7529,99.1076,95.36951,98.19704,21019137
2017-11-13,97.09478,99.44308,89.8582,91.15216,54577114
2017-11-14,90.049896,90.48122,83.67596,85.78463,65218755
2017-11-15,83.91558,88.084999,83.86765,87.50991,30124129
2017-11-16,88.56424,88.56424,86.50349,87.46198,18649508
2017-11-17,87.8933,88.51632,87.27029,87.27029,12615126
2017-11-20,86.024254,86.88689,85.44916,86.16802,13340623
2017-11-21,86.024254,86.59934,84.82614,85.44916,16258721
2017-11-22,86.98273,87.46198,85.49709,86.98273,11444448
2017-11-24,88.084999,88.084999,86.98273,87.17444,5195206
2017-11-27,87.8933,88.6601,86.69519,86.83897,16453507
2017-11-28,87.07859,88.37254,86.55142,88.22878,11709157
2017-11-29,88.42047,88.85179,87.74953,88.56424,11509697
2017-11-30,88.94764,89.091408,87.12651,87.65368,14200582
2017-12-01,87.60576,87.60576,85.59293,85.68878,17116050
2017-12-04,86.26387,86.55142,85.68878,86.024254,14261616
2017-12-05,85.20953,86.3118,84.68237,85.11369,13733075
2017-12-06,84.39482,85.49709,84.3469,84.63445,9163104
2017-12-07,85.35331,86.55142,84.49067,84.87407,11598420
2017-12-08,84.92199,85.40124,84.63445,84.87407,11360294
2017-12-11,84.39482,85.25746,84.011429,84.58652,12138124
2017-12-12,86.024254,86.45557,84.58652,85.83255,13945388
2017-12-13,85.88048,86.21595,85.11369,85.11369,8785613
2017-12-14,85.16161,85.40124,84.5386,84.5386,10129668
2017-12-15,85.20953,85.44916,84.63445,85.40124,18441952
2017-12-18,85.64085,86.50349,85.065765,85.11369,11249683
2017-12-19,85.16161,85.30538,84.10728,84.29897,13666553
2017-12-20,84.49067,84.58652,83.19672,83.62803,15725818
2017-12-21,83.67596,84.77821,83.58011,83.72388,14163503
2017-12-22,83.91558,84.1552,83.38841,83.86765,9675745
2017-12-26,83.62803,84.63445,83.38841,83.53218,11546922
2017-12-27,83.67596,84.49067,82.95709,83.29256,12546163
2017-12-28,83.14879,83.38841,82.66955,83.19672,12714804
2017-12-29,82.7654,84.011429,82.7654,83.62803,15889514
2018-01-02,84.25105,86.21595,84.011429,86.16802,16185981
2018-01-03,87.70161,87.8933,86.40765,86.98273,17000180
2018-01-04,88.084999,89.23518,87.70161,88.80386,17225995
2018-01-05,90.38537,90.4333,88.6601,88.85179,16667865
2018-01-08,89.47481,89.61858,86.74312,87.60576,17130657
2018-01-09,87.84538,89.42688,86.79104,88.94764,13855205
2018-01-10,89.091408,91.34386,89.043488,90.72084,17177522
2018-01-11,92.15857,92.92536,91.056313,91.15216,20808952
2018-01-12,91.6314,91.77518,89.61858,89.90613,18169606
2018-01-16,87.79745,88.70802,86.072174,87.27029,42912819
2018-01-17,84.58652,84.82614,82.71747,83.14879,39131904
2018-01-18,83.38841,83.7718,80.32125,80.36918,35944841
2018-01-19,79.79408,80.17747,76.77485,77.92503,44851332
2018-01-22,76.19975,78.26051,75.72051,77.49371,28005019
2018-01-23,78.11673,81.61521,77.97295,80.94427,25714786
2018-01-24,81.47144,83.19672,77.87711,78.78767,34850262
2018-01-25,79.075218,79.65031,77.30202,77.54163,19834813
2018-01-26,77.30202,77.44579,76.34353,77.30202,18965005
2018-01-29,76.77485,78.73975,76.53522,78.020882,15469060
2018-01-30,77.15824,77.97295,76.43938,76.43938,14242064
2018-01-31,76.96655,77.97295,76.63107,77.49371,16018822
2018-02-01,76.96655,77.20617,76.2956,76.77485,11022366
2018-02-02,76.15183,76.34353,74.76202,74.95372,17171805
2018-02-05,74.18693,74.90579,71.45524,71.45524,25715850
2018-02-06,71.023926,73.51599,70.49676,73.18052,26462505
2018-02-07,73.37222,74.37863,73.084671,73.084671,15859821
2018-02-08,72.79713,72.89297,69.25072,69.25072,28928098
2018-02-09,70.4009,72.030334,68.19638,71.59901,26929053
2018-02-12,72.17411,72.5575,70.83222,71.023926,15771182
2018-02-13,70.64053,70.88015,69.63412,70.30505,15378459
2018-02-14,70.4009,72.030334,70.16129,71.40732,17926577
2018-02-15,71.55109,72.5575,70.7843,71.16769,11452419
2018-02-16,71.16769,72.98882,70.976,72.12618,13505612
2018-02-20,71.50317,71.74279,70.065437,70.64053,12867294
2018-02-21,70.49676,70.59261,69.25072,69.44242,20472151
2018-02-22,69.63412,72.22203,69.44242,70.065437,16379390
2018-02-23,69.63412,70.30505,69.44242,69.44242,11040854
2018-02-26,68.96317,70.35298,66.8545,70.20921,30302034
2018-02-27,70.30505,72.7492,69.49034,69.49034,19410582
2018-02-28,69.96959,70.065437,67.52544,67.62129,18490403
2018-03-01,67.86092,68.34016,66.8545,67.18997,19170976
2018-03-02,67.046196,68.24431,66.95035,67.66921,15572368
2018-03-05,67.95676,70.20921,67.66921,69.10695,18247395
2018-03-06,69.96959,70.30505,69.53827,70.16129,12124707
2018-03-07,69.39449,69.92166,67.95676,69.53827,17318787
2018-03-08,69.49034,70.16129,69.059021,69.58619,10348638
2018-03-09,70.065437,71.64694,69.53827,71.59901,13386967
2018-03-12,71.98241,73.46806,71.69486,72.36581,14653629
2018-03-13,70.4009,70.64053,68.72355,69.15487,24772029
2018-03-14,69.29865,69.92166,68.24431,68.38808,11907699
2018-03-15,68.57978,69.72997,68.34016,68.8194,9895779
2018-03-16,68.72355,69.10695,67.95676,68.57978,23889514
2018-03-19,68.34016,68.436,67.094124,67.4296,13810133
2018-03-20,67.57336,67.62129,65.27299,65.36884,18554546
2018-03-21,65.4647,66.90243,65.033379,66.51903,13592791
2018-03-22,65.89601,66.087708,63.83527,63.97904,14862500
2018-03-23,64.21866,64.45828,62.39753,62.63716,17536442
2018-03-26,63.40395,63.45187,61.0077286,61.77452,22000434
2018-03-27,61.91829,65.75224,61.43905,64.41035,32336072
2018-03-28,64.79375,66.8545,62.73301,65.56054,29025877
2018-03-29,65.081299,65.4647,63.97904,64.60206,15548310
2018-04-02,64.45828,64.8896,62.10999,62.87678,15041824
2018-04-03,62.87678,62.97263,61.3432,62.9247,12474884
2018-04-04,61.43905,63.73942,61.29527,63.64357,11929712
2018-04-05,63.69149,64.98545,63.1164,64.36243,11168889
2018-04-06,63.83527,64.55413,61.96621,62.58923,13242927
2018-04-09,62.78093,63.068478,61.43905,61.48697,14258423
2018-04-10,62.34961,62.97263,62.062065,62.54131,11982984
2018-04-11,61.87037,62.68508,61.58282,62.15791,10479010
2018-04-12,62.44546,63.49979,62.15791,63.16433,13277419
2018-04-13,64.26659,65.56054,64.026962,64.64998,14850168
2018-04-16,64.69791,65.081299,63.40395,63.88319,12160618
2018-04-17,64.12281,66.47111,64.026962,66.087708,15050609
2018-04-18,66.51903,66.71073,65.27299,65.4647,8969027
2018-04-19,65.51262,67.38167,65.32092,67.046196,18316838
2018-04-20,71.59901,72.12618,68.72355,69.68204,39371615
2018-04-23,70.68845,70.83222,68.96317,69.58619,15298437
2018-04-24,70.25713,70.7843,69.68204,70.35298,15495602
2018-04-25,70.54468,70.59261,66.6628,67.33375,23216120
2018-04-26,67.62129,69.49034,67.38167,68.91525,13533448
2018-04-27,68.14846,69.39449,68.0046844,68.91525,10188469
2018-04-30,68.86732,68.96317,67.4296,67.4296,10127373
2018-05-01,67.47752,67.52544,66.27941,67.33375,10719493
2018-05-02,67.57336,68.91525,67.47752,67.95676,10783239
2018-05-03,68.0046844,68.0046844,66.37526,66.75865,12665163
2018-05-04,66.47111,67.71714,65.99186,67.57336,8744820
2018-05-07,67.52544,67.95676,67.094124,67.4296,6858410
2018-05-08,67.95676,69.44242,67.52544,68.38808,12381195
2018-05-09,68.77148,70.35298,68.53185,70.065437,10614202
2018-05-10,70.73637,70.73637,69.49034,70.4009,7820843
2018-05-11,70.64053,70.7843,69.58619,69.96959,5970052
2018-05-14,70.44883,70.92807,70.16129,70.49676,8562032
2018-05-15,70.44883,70.54468,69.82581,70.49676,7357154
2018-05-16,70.49676,72.36581,70.4009,72.030334,11397833
2018-05-17,72.46165,73.036743,71.50317,72.030334,10585136
2018-05-18,72.26996,72.36581,71.50317,71.74279,7170422
2018-05-21,73.61184,74.5224,72.84505,73.13259,16258282
2018-05-22,73.75561,74.7141,73.27637,73.27637,13717258
2018-05-23,72.84505,72.89297,67.62129,67.95676,30743980
2018-05-24,68.72355,70.54468,68.24431,69.96959,21995906
2018-05-25,70.017509,70.30505,69.059021,70.11336,10370235
2018-05-29,69.39449,69.58619,67.18997,67.95676,15867583
2018-05-30,67.76507,68.24431,67.18997,67.90884,10893914
2018-05-31,67.57336,67.71714,66.8545,67.47752,11571648
2018-06-01,67.57336,67.81299,66.8545,67.57336,11870536
2018-06-04,67.71714,68.10053,65.56054,65.70432,17197157
2018-06-05,65.70432,66.75865,64.79375,66.13564,14699910
2018-06-06,66.23148,66.56696,65.32092,65.36884,12967368
2018-06-07,65.32092,66.13564,65.22507,66.039787,14811336
2018-06-08,66.039787,67.4296,65.70432,66.75865,10484206
2018-06-11,67.046196,67.2379,66.37526,66.99828,9098022
2018-06-12,67.2379,67.76507,66.6628,66.99828,8663462
2018-06-13,67.18997,67.38167,66.27941,66.56696,7407462
2018-06-14,66.47111,66.6628,64.98545,65.36884,12659759
2018-06-15,64.74583,64.79375,63.73942,63.73942,20069141
2018-06-18,63.3081,63.40395,62.78093,63.26017,14260009
2018-06-19,62.58923,62.63716,61.82244,62.062065,16249456
2018-06-20,61.1515,62.82885,61.10358,61.72659,20120367
2018-06-21,61.39112,61.43905,60.43264,61.1515,14750782
2018-06-22,61.1515,62.68508,61.1515,62.54131,14178026
2018-06-25,62.44546,62.54131,61.055653,61.10358,16029380
2018-06-26,64.50621,66.80658,64.17074,65.84809,44618882
2018-06-27,66.42318,69.2028,66.13564,66.90243,28252972
2018-06-28,66.80658,67.094124,65.56054,66.27941,13444307
2018-06-29,66.27941,66.61488,65.033379,65.22507,15015178
2018-07-02,64.60206,64.93753,63.21225,64.07489,13098533
2018-07-03,63.97904,64.64998,63.73942,64.07489,6721507
2018-07-05,64.12281,64.41035,62.49338,64.36243,11172227
2018-07-06,64.07489,66.61488,63.83527,66.37526,12524399
2018-07-09,66.80658,67.76507,66.6628,66.8545,13993109
2018-07-10,67.094124,67.95676,66.99828,67.90884,12585475
2018-07-11,67.38167,68.48393,67.046196,67.046196,9862643
2018-07-12,67.33375,67.76507,66.75865,67.046196,8309863
2018-07-13,66.95035,67.4296,66.51903,66.56696,10121259
2018-07-16,66.56696,66.8545,66.13564,66.61488,8943299
2018-07-17,66.37526,66.56696,65.41677,65.60847,12334350
2018-07-18,65.84809,66.18356,65.65639,65.89601,8562449
2018-07-19,65.75224,66.51903,65.27299,65.80016,15641895
2018-07-20,65.75224,66.039787,62.20584,62.87678,35732423
2018-07-23,62.39753,62.87678,61.82244,62.25376,18849031
2018-07-24,61.91829,62.9247,61.58282,62.87678,11824171
2018-07-25,62.9247,63.020554,62.10999,62.82885,11132811
2018-07-26,62.78093,63.59565,62.58923,63.020554,11374588
2018-07-27,62.87678,63.16433,62.20584,62.58923,8206805
2018-07-30,62.49338,63.3081,62.34961,63.068478,8255716
2018-07-31,63.21225,65.41677,63.068478,65.32092,14959799
2018-08-01,64.93753,64.93753,63.45187,63.45187,9291368
2018-08-02,63.1164,63.3081,62.58923,63.1164,7631879
2018-08-03,63.020554,63.49979,62.78093,62.97263,7354316
2018-08-06,62.87678,63.16433,62.58923,62.78093,6779285
2018-08-07,62.87678,63.49979,62.39753,63.068478,11811088
2018-08-08,63.21225,63.21225,62.15791,62.54131,8429823
2018-08-09,62.34961,62.44546,61.87037,62.014141,6778847
2018-08-10,61.87037,61.87037,60.91188,61.19942,10110158
2018-08-13,60.9598,61.0077286,59.3783,59.66584,14001101
2018-08-14,59.80962,60.38471,59.042828,59.1866,10349974
2018-08-15,58.80321,59.23453,57.2217,58.56358,13501919
2018-08-16,58.75528,59.23453,58.51566,58.94698,10847153
2018-08-17,58.75528,59.13868,58.51566,58.94698,9795746
2018-08-20,58.80321,59.3783,58.18019,58.94698,7878350
2018-08-21,59.13868,60.81603,59.090752,60.52848,12091467
2018-08-22,60.43264,60.48056,59.52207,59.7617,9065575
2018-08-23,59.47415,60.19301,59.3783,60.097164,7940552
2018-08-24,60.0013161,60.19301,59.7617,59.90547,8068963
2018-08-27,59.80962,61.24735,59.66584,61.19942,9324212
2018-08-28,61.19942,61.77452,60.9598,61.1515,12325524
2018-08-29,61.19942,62.20584,60.72018,62.15791,9971648
2018-08-30,61.67867,62.15791,61.10358,61.19942,9320414
2018-08-31,61.0077286,62.062065,60.86396,62.014141,10517216
2018-09-04,61.72659,61.72659,60.52848,60.72018,9355782
2018-09-05,59.66584,60.28886,58.65944,60.19301,11491355
2018-09-06,59.90547,61.3432,59.90547,59.95339,8475812
2018-09-07,59.3783,59.61792,58.80321,59.42622,9570746
2018-09-10,59.23453,60.86396,59.1866,59.95339,9050656
2018-09-11,59.61792,59.7617,58.61151,59.090752,8378597
2018-09-12,58.94698,60.52848,58.61151,60.43264,8385211
2018-09-13,60.72018,61.10358,59.57,60.91188,11408558
2018-09-14,60.04924,61.10358,59.33038,60.7681,14600045
2018-09-17,60.43264,61.77452,60.38471,60.86396,10573242
2018-09-18,60.72018,61.10358,60.19301,60.67226,8950101
2018-09-19,60.48056,62.25376,60.19301,61.63074,12958354
2018-09-20,60.33679,60.81603,59.23453,59.71377,18430204
2018-09-21,59.42622,60.19301,58.27604,58.32396,19910349
2018-09-24,57.98849,57.98849,55.59227,56.26321,31005079
2018-09-25,56.21529,56.35906,53.77115,54.010769,27896911
2018-09-26,53.91492,55.40058,53.72322,54.58586,19483739
2018-09-27,54.49001,56.31114,54.44209,55.2568,17151231
2018-09-28,54.82549,55.16095,53.91492,54.10662,15978112
2018-10-01,62.39753,62.63716,57.2217,57.94057,64290209
2018-10-02,59.042828,59.80962,56.40699,59.042828,31029263
2018-10-03,59.13868,60.52848,58.85113,59.80962,17311880
2018-10-04,59.47415,60.7681,59.13868,60.67226,15631315
2018-10-05,61.72659,63.73942,61.63074,63.16433,31541445
2018-10-08,64.79375,65.36884,63.54772,65.22507,36025406
2018-10-09,65.70432,66.039787,64.26659,64.93753,23046331
2018-10-10,64.17074,65.4647,63.40395,63.64357,19185019
2018-10-11,62.87678,63.69149,60.67226,60.9598,24238585
2018-10-12,60.04924,61.48697,58.46774,59.042828,25708943
2018-10-15,58.70736,59.90547,58.18019,58.22812,13070635
2018-10-16,58.61151,58.89906,57.50925,57.98849,18046308
2018-10-17,58.70736,60.19301,58.084339,58.41981,17409325
2018-10-18,58.18019,59.57,57.79679,59.33038,17010175
2018-10-19,58.85113,61.0077286,58.75528,60.19301,18108844
2018-10-22,60.33679,60.52848,59.090752,59.33038,10483914
2018-10-23,58.22812,61.055653,57.89264,60.81603,17086295
2018-10-24,60.91188,61.39112,58.18019,58.32396,17394134
2018-10-25,58.46774,58.85113,56.16737,56.55076,18412572
2018-10-26,55.54435,55.83189,53.53152,54.15454,24541312
2018-10-29,54.77756,56.21529,52.38134,53.4836,25007880
2018-10-30,50.60814,54.63379,47.30136,48.78701,71983559
2018-10-31,48.78701,49.79342,46.96589,48.40362,42124411
2018-11-01,47.9723,49.026634,45.71985,45.91155,49320916
2018-11-02,46.10325,46.29494,43.46741,44.52174,54985507
2018-11-05,45.00098801,45.67193,44.4259,44.47382,25955269
2018-11-06,44.85722,45.71985,44.85722,45.14476,23563834
2018-11-07,45.28853,45.33646,43.80288,44.090424,25878418
2018-11-08,43.80288,44.76136,43.37156,43.61118,33760858
2018-11-09,42.12553,42.94024,39.058365,41.11911,57077908
2018-11-12,40.35232,40.4961,36.99762,38.29158,51161628
2018-11-13,38.43535,43.37156,38.19572,41.26289,42945997
2018-11-14,41.98175,42.41307,39.25006,39.87308,35507986
2018-11-15,39.48969,41.21496,38.62704,39.15421,26807841
2018-11-16,38.72289,39.29799,37.04554,38.43535,36851582
2018-11-19,38.29158,39.48969,37.33309,37.57271,30898119
2018-11-20,36.758,37.66856,36.087051,36.66215,29903260
2018-11-21,37.33309,38.0040283,37.04554,37.42894,17620011
2018-11-23,37.28516,37.66856,36.1829,36.27875,9070771
2018-11-26,36.47045,37.093464,34.79309,36.32668,33103782
2018-11-27,35.89536,36.5663,35.32026,35.65574,23037755
2018-11-28,35.41611,37.23724,35.32026,37.093464,25938200
2018-11-29,36.66215,38.3395,35.89536,38.051952,25745417
2018-11-30,36.71007,36.80592,35.46404,35.94328,39037109
2018-12-03,36.13498,38.099876,36.087051,37.42894,27268484
2018-12-04,37.14139,37.42894,34.88894,34.88894,27820875
2018-12-06,34.50555,35.41611,34.26593,35.22441,23571659
2018-12-07,34.98479,35.36819,33.49914,33.59499,23887657
2018-12-10,33.40329,34.12215,32.34895,33.21159,23545806
2018-12-11,33.73876,34.17008,31.91763,32.39688,25995248
2018-12-12,32.78027,33.69083,32.10933,32.15725,22080622
2018-12-13,35.89536,35.94328,34.12215,34.50555,43251895
2018-12-14,33.93046,34.74517,33.54706,34.026306,26875823
2018-12-17,33.97838,34.64932,33.59499,34.26593,27069962
2018-12-18,34.4097,36.5663,34.31385,34.88894,30626065
2018-12-19,36.61422,38.099876,36.1829,36.71007,45795945
2018-12-20,36.66215,37.47686,35.27234,35.65574,38050283
2018-12-21,35.080643,35.70366,34.026306,34.26593,38738388
2018-12-24,33.83461,34.17008,33.067818,33.16367,14608516
2018-12-26,33.49914,35.51196,32.4448,35.41611,27092394
2018-12-27,34.4097,34.84102,33.30744,34.84102,24993253
2018-12-28,34.45763,36.66215,34.45763,35.9912,25388083
2018-12-31,36.039127,36.51837,35.22441,36.27875,22610937
2019-01-02,35.75158,39.20214,35.51196,38.57912,26991297
2019-01-03,38.43535,39.29799,37.28516,38.62704,25654795
2019-01-04,39.25006,39.58553,38.24365,39.44176,25056937
2019-01-07,40.97534,42.12553,39.72931,41.8859,37493322
2019-01-08,42.70062,43.32364,40.83157,41.023266,30669237
2019-01-09,40.83157,41.98175,39.20214,40.73572,24268716
2019-01-10,40.73572,42.89231,40.68779,42.84439,23441412
2019-01-11,42.50892,42.89231,41.79005,42.84439,16832625
2019-01-14,42.22137,43.13194,41.98175,42.65269,17043123
2019-01-15,42.70062,42.79647,41.69421,41.83798,19626381
2019-01-16,41.74213,43.13194,41.50251,43.036087,17583057
2019-01-17,42.65269,44.0425,41.93383,43.80288,22074822
2019-01-18,44.2342,44.33005,43.27571,43.41948,19350175
2019-01-22,43.036087,43.084011,41.023266,41.50251,22571396
2019-01-23,41.64628,42.36515,41.26289,41.83798,15104193
2019-01-24,41.35873,42.98816,41.26289,42.077599,18848780
2019-01-25,42.41307,44.13835,42.36515,43.89873,23434130
2019-01-28,43.036087,43.13194,41.93383,42.79647,19120938
2019-01-29,42.65269,43.75495,41.45458,42.65269,23885070
2019-01-30,43.036087,44.47382,42.55684,43.61118,18035624
2019-01-31,47.63683,51.61455,46.77419,48.69116,72747847
2019-02-01,48.88286,49.98512,47.73268,48.83494,33002372
2019-02-04,49.21833,49.5538,48.40362,48.93079,21543088
2019-02-05,49.12248,51.039459,48.73909,50.94361,21455283
2019-02-06,51.13531,52.28549,49.98512,50.17682,25140965
2019-02-07,49.9372,50.033047,47.7806,48.21192,22682446
2019-02-08,47.9723,48.40362,45.71985,47.013809,24736786
2019-02-11,47.30136,48.64324,47.10966,48.068146,14749801
2019-02-12,48.25985,48.64324,47.49305,47.82853,14005879
2019-02-13,47.82853,49.9372,47.68475,49.69757,20644401
2019-02-14,49.31418,49.36211,47.68475,48.11607,19486347
2019-02-15,48.49947,49.26625,48.21192,48.35569,16347527
2019-02-19,48.068146,48.64324,47.68475,48.54739,13264315
2019-02-20,48.35569,48.54739,47.9723,48.40362,10151119
2019-02-21,48.068146,48.88286,47.92437,48.068146,10335701
2019-02-22,48.164,48.78701,47.87645,48.73909,10587786
2019-02-25,55.4485,56.31114,51.66248,51.85417,60560499
2019-02-26,53.77882,54.32707,52.48294,53.13088,20864323
2019-02-27,53.97818,54.47659,53.031197,54.22739,21835966
2019-02-28,53.92834,54.077862,51.48611,51.78516,18230265
2019-03-01,52.084209,52.4331,50.090557,51.18707,17856700
2019-03-04,51.43627,52.4331,50.93786,51.73532,13996993
2019-03-05,51.73532,52.6823,47.74801,49.29309,35870538
2019-03-06,46.15309,48.047058,45.10642,45.40547,41286543
2019-03-07,45.25594,47.10007,45.2061,47.10007,25577378
2019-03-08,46.50198,48.24643,46.25277,47.74801,17559457
2019-03-11,47.10007,49.94103,46.50198,49.34293,21277594
2019-03-12,49.49246,50.53913,48.14674,48.64516,19937161
2019-03-13,48.49563,50.090557,48.34611,49.94103,14880115
2019-03-14,51.33659,52.33342,50.83818,51.33659,26859385
2019-03-15,51.28675,52.084209,49.34293,49.64198,37959266
2019-03-18,49.79151,51.38643,49.69183,50.83818,18387845
2019-03-19,50.93786,51.53595,50.53913,50.78833,10970991
2019-03-20,50.48928,51.48611,50.43945,50.93786,9704794
2019-03-21,50.83818,51.48611,50.48928,51.18707,10135942
2019-03-22,50.93786,51.03754,49.44262,49.74166,16364625
2019-03-25,49.64198,50.48928,48.89436,49.24325,9977198
2019-03-26,49.59214,50.58897,49.49246,50.33976,9555279
2019-03-27,50.24008,50.73849,49.34293,49.64198,11064769
2019-03-28,49.64198,49.89119,48.84452,49.29309,9068655
2019-03-29,49.74166,49.99087,49.44262,49.79151,9734708
2019-04-01,49.94103,50.48928,49.84135,50.33976,10301888
2019-04-02,50.1404,51.23691,50.040714,51.03754,10382584
2019-04-03,51.13722,51.23691,49.84135,50.33976,11263640
2019-04-04,50.33976,50.43945,49.69183,49.99087,8232943
2019-04-05,50.19024,50.53913,49.74166,49.89119,8678979
2019-04-08,47.39912,47.54865,45.60484,47.29944,35313691
2019-04-09,46.60166,46.90071,45.45531,45.95372,16687089
2019-04-10,46.10325,46.15309,45.25594,45.65467,10808576
2019-04-11,45.45531,46.15309,45.35563,45.45531,10997856
2019-04-12,45.60484,45.90388,44.80737,44.85722,13735824
2019-04-15,44.90705,45.10642,43.81055,44.75753,16642146
2019-04-16,45.05658,45.8042,44.80737,45.55499,12085548
2019-04-17,45.65467,45.75436,45.15626,45.45531,9643619
2019-04-18,45.50515,46.60166,45.35563,46.60166,10334612
2019-04-22,46.10325,46.60166,45.75436,46.45214,13467232
2019-04-23,46.35246,46.70134,45.95372,46.50198,8126706
2019-04-24,46.40229,46.60166,45.90388,46.45214,5775345
2019-04-25,45.95372,46.0035667,44.75753,45.45531,12515311
2019-04-26,45.45531,47.79785,45.40547,47.69817,14905235
2019-04-29,47.69817,48.54548,47.54865,48.49563,13243923
2019-04-30,50.9877,52.48294,49.64198,50.68865,35549901
2019-05-01,50.58897,51.93468,50.28992,50.33976,19938144
2019-05-02,50.58897,51.835,50.24008,51.087383,15895597
2019-05-03,51.33659,52.33342,51.03754,52.33342,13806910
2019-05-06,51.03754,52.28357,50.88802,51.98453,8754137
2019-05-07,51.53595,51.63564,50.1404,50.3896,11415060
2019-05-08,50.24008,51.087383,50.24008,50.63881,9500004
2019-05-09,50.3896,50.88802,49.94103,50.040714,11937839
2019-05-10,49.94103,50.73849,48.695,50.48928,12666230
2019-05-13,49.093727,50.19024,48.9442,49.19341,12065484
2019-05-14,49.5423,51.5858,49.39278,51.43627,14148995
2019-05-15,50.58897,51.78516,50.43945,51.13722,10777477
2019-05-16,50.93786,51.28675,50.1404,50.48928,10935800
2019-05-17,49.89119,50.63881,49.74166,49.84135,7436095
2019-05-20,49.39278,50.1404,48.74484,49.24325,10474656
2019-05-21,49.64198,49.64198,48.84452,49.64198,12121141
2019-05-22,49.59214,50.43945,49.24325,49.34293,10361698
2019-05-23,48.89436,48.99405,47.19976,47.64833,11404487
2019-05-24,47.94738,48.24643,47.050232,47.10007,9536881
2019-05-28,46.90071,47.54865,46.20293,46.6515,14488312
2019-05-29,46.40229,46.80103,45.60484,46.70134,8945986
2019-05-30,46.70134,47.39912,46.30261,47.19976,10138450
2019-05-31,46.55182,47.19976,46.35246,47.050232,9297080
2019-06-03,46.35246,47.54865,46.10325,47.49881,9484896
2019-06-04,47.89754,49.84135,47.79785,49.84135,12320032
2019-06-05,50.19024,50.28992,48.9442,49.29309,8258886
2019-06-06,49.29309,49.84135,48.695,49.44262,7730128
2019-06-07,49.34293,50.090557,48.9442,49.74166,8243075
2019-06-10,50.090557,51.5858,49.84135,50.090557,10486695
2019-06-11,50.33976,50.83818,49.64198,50.43945,7816341
2019-06-12,50.24008,51.78516,49.94103,51.23691,11029015
2019-06-13,51.63564,52.4331,51.087383,51.38643,12462684
2019-06-14,51.23691,51.53595,50.73849,50.9877,6892891
2019-06-17,50.83818,51.03754,49.94103,50.090557,9239377
2019-06-18,50.3896,51.98453,50.28992,51.93468,14759552
2019-06-19,52.18389,52.88167,51.48611,51.53595,12161930
2019-06-20,52.18389,53.33024,52.18389,52.98135,13234293
2019-06-21,53.18072,53.38008,52.084209,52.23373,13156947
2019-06-24,52.13405,52.48294,51.18707,51.23691,7343060
2019-06-25,51.13722,51.23691,50.33976,50.93786,7121838
2019-06-26,50.93786,51.78516,50.83818,51.18707,6847327
2019-06-27,51.03754,52.034367,51.03754,51.835,6677849
2019-06-28,51.78516,52.33342,51.68548,52.33342,8832104
2019-07-01,52.93151,53.42993,52.48294,52.98135,8010518
2019-07-02,52.98135,53.42993,52.6823,52.93151,6043516
2019-07-03,53.13088,53.13088,52.53278,52.88167,4449238
2019-07-05,52.53278,52.58262,51.68548,52.33342,6072809
2019-07-08,51.93468,51.98453,50.53913,50.83818,9659269
2019-07-09,50.43945,51.28675,50.040714,51.087383,7113732
2019-07-10,51.28675,51.98453,50.73849,50.83818,7845233
2019-07-11,50.93786,51.38643,50.33976,50.3896,6755455
2019-07-12,50.73849,51.78516,50.53913,51.68548,7864053
2019-07-15,51.087383,51.53595,50.83818,51.18707,8445819
2019-07-16,50.9877,51.835,50.88802,51.73532,7931808
2019-07-17,51.68548,51.68548,49.74166,49.74166,10770776
2019-07-18,49.89119,50.78833,49.64198,50.1404,9059787
2019-07-19,50.24008,50.78833,49.99087,50.040714,6952842
2019-07-22,50.090557,50.9877,50.090557,50.88802,8692963
2019-07-23,51.23691,53.23056,51.18707,53.081036,14906960
2019-07-24,52.73215,53.33024,52.53278,53.23056,9008083
2019-07-25,52.98135,53.18072,51.63564,51.98453,9253562
2019-07-26,52.18389,52.58262,51.835,52.38326,5420359
2019-07-29,52.33342,52.73215,51.73532,51.73532,7497670
2019-07-30,51.78516,52.73215,51.23691,52.4331,9091748
2019-07-31,53.62929,53.77882,50.090557,52.084209,34604621
2019-08-01,51.68548,52.28357,49.74166,50.24008,17640313
2019-08-02,49.89119,50.24008,48.9442,49.84135,12900213
2019-08-05,48.79468,48.89436,47.89754,48.14674,14093359
2019-08-06,48.39595,48.59531,47.2496,47.69817,13321830
2019-08-07,47.050232,47.19976,46.0035667,47.14992,15406967
2019-08-08,47.39912,47.49881,46.45214,47.29944,9912773
2019-08-09,47.19976,47.2496,45.45531,45.60484,15393002
2019-08-12,45.05658,45.30579,44.60801,45.10642,13156727
2019-08-13,46.0035667,47.79785,45.90388,46.60166,14852407
2019-08-14,46.053406,46.35246,44.65785,45.0067368,17895704
2019-08-15,42.56451,43.013084,38.12863,39.92292,80465058
2019-08-16,41.91657,43.86039,41.71721,43.81055,49935166
2019-08-19,44.25912,44.30896,42.9134,43.21245,22398591
2019-08-20,42.76388,42.86356,41.51785,41.76705,20525588
2019-08-21,41.66737,42.26546,40.57086,40.67054,17105978
2019-08-22,40.77022,41.41816,40.42133,40.82006,13672704
2019-08-23,40.32165,40.37149,38.67689,39.72356,25801529
2019-08-26,40.17213,40.37149,39.47435,40.12229,11634356
2019-08-27,40.32165,40.42133,39.42451,39.52419,13255982
2019-08-28,39.47435,39.82324,38.67689,39.57403,11576392
2019-08-29,40.072445,40.86991,39.87308,40.42133,11785596
2019-08-30,40.57086,41.16895,40.42133,41.11911,9494847
2019-09-03,40.37149,41.81689,40.27181,41.51785,13572847
2019-09-04,41.91657,44.20927,41.86673,43.86039,18790362
2019-09-05,44.80737,46.0035667,43.86039,43.91023,17433537
2019-09-06,43.96007,43.96007,42.71404,43.41182,8596517
2019-09-09,43.61118,45.10642,43.5115,44.65785,10023906
2019-09-10,44.40864,46.20293,44.3588,45.55499,12563304
2019-09-11,45.60484,46.6515,45.15626,46.6515,11455328
2019-09-12,46.85087,47.44896,45.95372,46.15309,13666384
2019-09-13,46.40229,47.10007,45.55499,46.55182,9146903
2019-09-16,46.35246,46.95055,45.70452,46.75119,9178805
2019-09-17,46.35246,46.80103,46.10325,46.6515,7614962
2019-09-18,46.40229,46.80103,45.75436,46.75119,8079777
2019-09-19,46.60166,47.34928,46.55182,46.95055,6808664
2019-09-20,47.14992,47.54865,46.55182,46.70134,11542705
2019-09-23,45.95372,46.80103,45.85404,46.55182,6723554
2019-09-24,46.40229,46.60166,44.65785,44.70769,10702559
2019-09-25,44.65785,45.85404,44.55817,45.65467,8799802
2019-09-26,45.75436,45.90388,44.65785,44.9569,7469661
2019-09-27,45.05658,45.70452,44.80737,45.05658,6121624
2019-09-30,45.25594,45.35563,44.55817,44.55817,7040620
2019-10-01,44.65785,45.05658,42.41499,42.9134,13799506
2019-10-02,42.6642,42.96324,41.91657,42.41499,9534413
2019-10-03,42.36515,43.41182,41.11911,43.41182,11762643
2019-10-04,42.9134,43.36197,42.56451,42.71404,10487838
2019-10-07,42.61435,43.11277,42.26546,42.6642,6454560
2019-10-08,42.26546,42.36515,41.2188,41.26864,9129448
2019-10-09,41.41816,41.71721,41.069271,41.61753,6589067
2019-10-10,41.56768,42.46483,41.41816,42.11594,6128666
2019-10-11,42.81372,44.45848,42.76388,43.86039,11202546
2019-10-14,44.059753,44.10959,43.062923,43.46165,6832219
2019-10-15,43.56134,44.45848,42.9134,44.30896,7791583
2019-10-16,44.15944,45.2061,44.059753,44.3588,11605123
2019-10-17,44.45848,45.30579,44.25912,45.05658,6552993
2019-10-18,44.90705,45.35563,44.60801,44.65785,7827417
2019-10-21,44.80737,45.45531,43.66102,43.81055,12155530
2019-10-22,43.71086,45.15626,42.9134,45.15626,11459381
2019-10-23,44.75753,45.60484,44.50832,45.55499,9547274
2019-10-24,45.45531,45.60484,44.25912,44.60801,6848069
2019-10-25,44.45848,45.30579,44.45848,44.85722,8458780
2019-10-28,44.9569,45.45531,44.80737,45.2061,6371196
2019-10-29,44.90705,45.55499,44.50832,45.2061,9180931
2019-10-30,48.74484,51.68548,48.39595,50.3896,43326155
2019-10-31,50.090557,50.88802,49.14357,49.74166,17381933
2019-11-01,50.24008,51.78516,50.1404,51.73532,16462897
2019-11-04,51.93468,54.57628,51.93468,54.47659,19618249
2019-11-05,54.42675,54.67596,53.42993,54.67596,14321783
2019-11-06,54.47659,55.3239,53.77882,54.92517,15650118
2019-11-07,55.3239,56.42041,55.27406,56.27088,14261713
2019-11-08,55.97184,57.56676,55.52326,57.41723,12535897
2019-11-11,56.81914,57.31755,56.021675,56.56993,9144135
2019-11-12,56.42041,57.71628,56.27088,56.91882,9819738
2019-11-13,56.27088,56.61977,55.72263,56.27088,10830626
2019-11-14,55.72263,56.56993,55.72263,56.27088,6177722
2019-11-15,56.52009,57.56676,56.47025,57.41723,7671582
2019-11-18,56.86898,57.31755,56.47025,57.018501,10226930
2019-11-19,56.96866,57.56676,56.12136,57.31755,9396375
2019-11-20,57.018501,57.26771,56.12136,56.76929,9367744
2019-11-21,56.47025,57.91565,56.37056,57.46708,8364300
2019-11-22,57.26771,58.41406,57.26771,57.56676,7720858
2019-11-25,58.11501,59.012157,57.66644,57.71628,11378143
2019-11-26,57.91565,58.16485,56.37056,56.56993,12879647
2019-11-27,56.76929,57.16803,56.12136,56.27088,9128706
2019-11-29,56.22104,56.61977,55.92199,56.1712,4562336
2019-12-02,56.37056,57.41723,55.52326,55.62294,13785963
2019-12-03,54.82549,55.37374,53.8785,54.77564,12850515
2019-12-04,55.67279,55.72263,54.17755,54.32707,8777551
2019-12-05,54.27723,54.62612,53.62929,53.77882,9484775
2019-12-06,54.32707,55.37374,54.077862,55.3239,10151591
2019-12-09,54.7258,55.47342,54.67596,54.77564,5356135
2019-12-10,54.77564,54.97501,54.42675,54.87532,4971956
2019-12-11,54.67596,55.27406,54.57628,54.67596,7365872
2019-12-12,56.56993,57.66644,56.021675,57.018501,20039606
2019-12-13,57.31755,57.81596,56.47025,56.52009,10560930
2019-12-16,56.22104,56.61977,55.47342,55.67279,11137921
2019-12-17,55.5731,55.97184,55.22421,55.3239,8376439
2019-12-18,54.92517,55.52326,54.42675,54.62612,15133639
2019-12-19,54.7258,55.5731,54.7258,55.024849,9090163
2019-12-20,55.22421,55.52326,54.32707,54.97501,14775102
2019-12-23,54.82549,55.67279,54.82549,55.62294,8834673
2019-12-24,55.3239,55.82231,55.27406,55.77247,4167022
2019-12-26,55.72263,55.97184,55.47342,55.97184,6092672
2019-12-27,55.67279,55.87215,55.47342,55.72263,6013441
2019-12-30,55.17437,55.62294,54.97501,55.22421,9659851
2019-12-31,54.82549,55.62294,54.62612,55.62294,11367670
2020-01-02,55.97184,59.61025,55.97184,59.46073,17540015
2020-01-03,57.66644,59.80962,57.46708,59.6601,17231837
2020-01-06,59.012157,60.85629,59.012157,60.5074,22461009
2020-01-07,60.55724,61.0058098,59.41089,60.058826,14160793
2020-01-08,59.75978,60.058826,59.16168,59.51057,11115771
2020-01-09,60.15851,60.25819,58.96231,59.36105,7900488
2020-01-10,59.012157,59.36105,57.76612,58.16485,11767739
2020-01-13,58.51374,60.55724,58.21469,60.40771,13274420
2020-01-14,60.60708,60.7566,59.75978,59.95914,9034667
2020-01-15,59.9093,59.9093,58.96231,59.16168,9239517
2020-01-16,59.51057,59.70993,58.91248,59.012157,7358067
2020-01-17,59.061996,59.46073,58.61343,58.86263,9345794
2020-01-21,58.51374,58.81279,57.86581,58.11501,8775485
2020-01-22,58.36422,58.36422,56.56993,56.66961,12428998
2020-01-23,58.4639,59.061996,57.81596,58.66327,14679157
2020-01-24,59.21152,59.26136,57.91565,58.36422,11912960
2020-01-27,57.068344,57.76612,56.71946,57.018501,9602991
2020-01-28,57.41723,58.91248,57.16803,58.4639,12625782
2020-01-29,62.65057,64.79375,62.25185,64.49471,44278356
2020-01-30,64.2455,64.74391,62.30169,63.44804,19154638
2020-01-31,63.19883,63.49788,61.50422,62.052479,15646447
2020-02-03,62.10232,63.19883,61.055653,61.1055,10105766
2020-02-04,62.25185,62.89978,61.75343,62.70042,8905297
2020-02-05,63.59756,64.095978,62.65057,64.095978,10046658
2020-02-06,64.49471,64.79375,63.94645,64.54455,12763278
2020-02-07,64.89343,65.24232,63.84677,63.94645,13369743
2020-02-10,63.99629,64.64423,63.6474,64.34518,6720424
2020-02-11,64.54455,64.69407,63.69724,64.046135,8202487
2020-02-12,64.54455,66.08963,64.19566,65.59122,13184414
2020-02-13,65.19248,65.59122,64.29534,64.49471,10234936
2020-02-14,64.64423,65.14265,63.54772,63.94645,7416954
2020-02-18,63.34835,64.54455,63.14899,63.54772,8820688
2020-02-19,63.29851,64.49471,62.75026,62.84994,11010597
2020-02-20,63.049305,63.19883,61.85312,62.45121,7937566
2020-02-21,62.052479,62.10232,60.90613,61.055653,8611565
2020-02-24,58.26454,60.10867,57.81596,59.11184,14240786
2020-02-25,59.6601,59.80962,55.72263,56.42041,16269102
2020-02-26,56.66961,57.51691,53.82866,54.57628,18682881
2020-02-27,52.93151,54.57628,51.38643,51.78516,18910102
2020-02-28,49.59214,55.77247,49.14357,54.22739,30359552
2020-03-02,55.87215,56.52009,53.62929,55.87215,25039892
2020-03-03,56.071518,56.71946,53.18072,54.22739,21919391
2020-03-04,55.12453,55.42358,53.33024,54.57628,16665500
2020-03-05,52.83183,53.47977,49.59214,50.24008,21686251
2020-03-06,48.54548,48.64516,45.75436,46.85087,29787216
2020-03-09,41.51785,43.16261,40.42133,40.91975,24558063
2020-03-10,43.7607,44.10959,40.67054,44.10959,19850767
2020-03-11,42.96324,43.16261,40.67054,40.91975,20746329
2020-03-12,36.035294,38.77657,34.041641,36.035294,31583435
2020-03-13,38.87625,40.072445,35.83593,39.12546,22099041
2020-03-16,34.8391,35.63656,33.1445,33.19434,23255932
2020-03-17,34.44037,36.53371,31.40005,35.28767,24121739
2020-03-18,32.44672,33.89212,29.4064,32.89529,27873844
2020-03-19,31.89846,34.44037,30.65243,32.2972,19861762
2020-03-20,34.93879,35.13815,32.14767,32.49656,25306037
2020-03-23,32.14767,33.044815,30.054333,30.45306,21193467
2020-03-24,33.19434,35.18799,32.24735,34.93879,23974833
2020-03-25,37.13181,39.87308,34.68958,37.68006,27665082
2020-03-26,38.02895,41.36832,37.43085,40.47118,24714600
2020-03-27,38.27816,39.22514,37.58038,37.97911,18719196
2020-03-30,37.58038,39.57403,36.63339,39.32483,17425331
2020-03-31,39.22514,40.77022,38.97594,39.57403,24307107
2020-04-01,37.48069,37.63022,34.88894,35.08831,19974760
2020-04-02,34.98863,36.83276,33.74259,34.39053,19561750
2020-04-03,35.038467,35.13815,32.79561,33.54323,19622924
2020-04-06,35.23783,36.38419,34.5899,36.035294,19672140
2020-04-07,38.328,38.62704,34.88894,35.038467,19278732
2020-04-08,35.78609,36.78291,35.18799,36.38419,18589124
2020-04-09,37.13181,37.58038,35.33752,35.58672,25701070
2020-04-13,35.53688,35.53688,33.69275,34.98863,18874790
2020-04-14,35.38736,36.085136,34.091484,34.54005,21481602
2020-04-15,33.54323,33.54323,31.64926,32.39688,27732155
2020-04-16,32.2972,32.59624,30.90164,31.101,33241115
2020-04-17,32.24735,34.5899,31.59941,34.091484,33287181
2020-04-20,32.94513,33.64291,32.19751,32.44672,20001786
2020-04-21,31.84862,32.79561,31.40005,32.2972,15539929
2020-04-22,32.84545,33.094658,31.89846,32.047989,15398901
2020-04-23,32.19751,33.59307,32.047989,32.49656,16611930
2020-04-24,32.84545,32.89529,31.15084,31.20068,31222349
2020-04-27,31.79878,32.24735,31.54957,32.047989,21475783
2020-04-28,32.74577,34.49021,32.74577,33.89212,28223273
2020-04-29,33.29402,34.39053,32.49656,32.79561,45188986
2020-04-30,32.69593,33.9918,31.94831,33.89212,35254082
2020-05-01,33.24418,33.59307,31.94831,32.39688,24151935
2020-05-04,31.40005,31.44989,30.65243,30.95148,27457604
2020-05-05,31.30037,32.19751,30.70227,30.90164,23474184
2020-05-06,30.90164,31.15084,29.75529,29.80513,23525367
2020-05-07,30.20386,31.20068,30.20386,30.45306,20196745
2020-05-08,30.95148,31.54957,30.70227,31.35021,18787072
2020-05-11,31.101,31.15084,30.55275,30.8518,14414337
2020-05-12,31.0013199,31.30037,29.90481,29.90481,19191335
2020-05-13,29.90481,30.0044918,27.31306,28.85814,47299141
2020-05-14,28.010838,29.4064,27.31306,28.40957,28130338
2020-05-15,27.961,28.2102,27.31306,27.3629,25779038
2020-05-18,28.60893,32.34703,28.60893,31.25053,51073738
2020-05-19,31.35021,31.74894,30.35338,30.95148,21766084
2020-05-20,31.54957,32.24735,31.35021,31.99815,18315596
2020-05-21,31.99815,32.64608,31.54957,32.2972,19827132
2020-05-22,32.2972,32.2972,31.25053,31.94831,13961540
2020-05-26,33.84228,34.5899,33.84228,33.89212,25984590
2020-05-27,36.13498,37.032124,35.33752,36.33434,29644242
2020-05-28,37.33117,37.33117,33.59307,33.79243,27831269
2020-05-29,32.69593,33.49339,32.097828,32.74577,25942336
2020-06-01,32.79561,33.9918,32.34703,33.69275,15083601
2020-06-02,34.39053,35.78609,34.19117,35.13815,22787385
2020-06-03,35.98545,36.98228,35.78609,36.68323,24642090
2020-06-04,36.43402,38.62704,35.73625,38.57721,25118482
2020-06-05,42.11594,42.6642,39.025776,39.27498,33669153
2020-06-08,40.96959,42.71404,40.42133,42.16578,31792699
2020-06-09,40.82006,40.91975,39.37466,39.97276,23603936
2020-06-10,39.72356,39.7734,37.48069,37.92927,23465356
2020-06-11,35.18799,36.63339,34.091484,34.63974,24979842
2020-06-12,36.58355,37.032124,35.28767,36.13498,20261430
2020-06-15,34.63974,36.63339,34.14132,36.085136,20497800
2020-06-16,38.52736,38.57721,36.33434,37.23149,19694772
2020-06-17,37.38101,37.53054,35.88577,36.085136,15090141
2020-06-18,35.53688,36.48387,34.98863,36.2845,15729550
2020-06-19,36.98228,37.13181,35.33752,35.63656,17792356
2020-06-22,35.73625,35.78609,34.68958,35.08831,15707761
2020-06-23,35.33752,35.53688,34.73942,34.88894,16168082
2020-06-24,34.39053,34.39053,32.49656,32.5464,29025298
2020-06-25,32.39688,33.3937,31.99815,33.29402,14836396
2020-06-26,32.99497,33.1445,32.14767,32.2972,17938840
2020-06-29,32.74577,33.89212,32.39688,33.89212,15103383
2020-06-30,33.44355,34.24101,33.19434,34.041641,13947676
2020-07-01,34.54005,34.93879,33.44355,33.59307,24202957
2020-07-02,34.19117,35.08831,33.94196,33.9918,14877567
2020-07-06,34.78926,35.28767,34.34069,34.88894,15133900
2020-07-07,34.34069,34.34069,33.64291,33.69275,12526487
2020-07-08,33.9918,34.24101,33.49339,34.19117,12928884
2020-07-09,34.041641,34.041641,32.79561,32.79561,14997186
2020-07-10,32.59624,33.49339,32.5464,33.34386,12725057
2020-07-13,33.69275,33.9918,33.094658,33.3937,13742084
2020-07-14,33.19434,34.34069,32.74577,34.29085,13946091
2020-07-15,35.33752,35.93561,35.038467,35.58672,18022606
2020-07-16,35.18799,35.78609,34.8391,35.13815,10502384
2020-07-17,35.18799,35.63656,34.78926,35.23783,12029771
2020-07-20,34.93879,35.18799,34.19117,34.24101,9844356
2020-07-21,34.5899,35.63656,34.39053,35.08831,14019625
2020-07-22,34.8391,35.33752,34.39053,35.18799,13143364
2020-07-23,35.18799,35.48704,34.73942,35.08831,13769391
2020-07-24,34.98863,35.4372,33.9918,34.19117,13131567
2020-07-27,34.091484,34.14132,33.34386,33.44355,14185812
2020-07-28,33.3937,34.68958,33.34386,34.34069,15255125
2020-07-29,34.8391,34.88894,32.49656,32.84545,29782982
2020-07-30,32.39688,32.44672,31.20068,31.20068,25586567
2020-07-31,31.15084,31.35021,29.90481,30.2537,28609840
2020-08-03,30.60259,30.8518,30.0044918,30.45306,18011050
2020-08-04,30.40322,30.90164,30.40322,30.60259,14253587
2020-08-05,30.75211,31.89846,30.60259,31.89846,21286984
2020-08-06,31.54957,31.99815,31.30037,31.54957,14027650
2020-08-07,31.35021,32.19751,31.15084,31.89846,16665861
2020-08-10,32.047989,33.3937,31.79878,33.24418,18929062
2020-08-11,34.24101,34.88894,33.34386,33.54323,18687596
2020-08-12,34.24101,34.29085,32.79561,33.49339,14073295
2020-08-13,32.84545,33.69275,32.84545,32.89529,10719714
2020-08-14,32.59624,33.49339,32.24735,33.19434,10111524
2020-08-17,33.24418,33.34386,32.14767,32.24735,11843460
2020-08-18,32.34703,32.74577,31.94831,32.097828,8564375
2020-08-19,32.24735,32.74577,31.64926,31.79878,10907008
2020-08-20,31.54957,31.79878,30.95148,31.25053,12793394
2020-08-21,31.15084,31.79878,31.051161,31.44989,12008403
2020-08-24,31.64926,33.094658,31.40005,33.044815,20622516
2020-08-25,33.1445,33.3937,32.2972,32.84545,13934033
2020-08-26,32.99497,32.99497,32.097828,32.2972,11497281
2020-08-27,32.49656,33.044815,32.14767,32.2972,14724301
2020-08-28,32.44672,32.99497,32.24735,32.94513,11870004
2020-08-31,32.44672,33.34386,31.20068,31.59941,28464920
2020-09-01,31.25053,31.89846,30.65243,30.8518,18695642
2020-09-02,30.90164,32.14767,30.75211,32.097828,16816680
2020-09-03,31.84862,33.1445,31.30037,31.49973,18884902
2020-09-04,32.047989,32.69593,31.20068,31.99815,17992270
2020-09-08,31.49973,31.6991,30.55275,30.60259,24206006
2020-09-09,30.90164,30.90164,30.0044918,30.70227,21878280
2020-09-10,30.75211,30.90164,29.90481,29.90481,19526919
2020-09-11,30.10418,30.15402,29.55592,29.6556,14429505
2020-09-14,29.85497,30.70227,29.70544,30.65243,14847532
2020-09-15,30.75211,31.0013199,30.0044918,30.40322,17325133
2020-09-16,30.40322,33.94196,30.15402,33.64291,51360267
2020-09-17,33.94196,35.78609,33.24418,35.13815,52374245
2020-09-18,34.49021,35.58672,34.24101,34.29085,29148649
2020-09-21,33.044815,33.1445,31.051161,31.64926,32651524
2020-09-22,31.89846,32.79561,30.95148,31.15084,28269901
2020-09-23,31.30037,31.99815,30.40322,30.45306,17785373
2020-09-24,30.40322,30.80195,29.90481,30.20386,19154738
2020-09-25,30.20386,30.75211,30.0044918,30.45306,16006529
2020-09-28,31.051161,31.44989,30.80195,30.90164,16711586
2020-09-29,30.95148,31.051161,30.20386,30.5029,14761158
2020-09-30,30.60259,31.35021,30.60259,31.051161,19417934
2020-10-01,31.25053,31.35021,30.45306,31.101,15885525
2020-10-02,30.15402,31.89846,30.15402,31.84862,18072625
2020-10-05,31.84862,32.14767,31.49973,31.94831,11693825
2020-10-06,32.047989,32.79561,30.45306,30.75211,34121508
2020-10-07,31.0013199,31.89846,30.95148,31.44989,16710242
2020-10-08,31.6991,33.24418,31.59941,33.1445,20699139
2020-10-09,35.23783,35.23783,33.3937,34.091484,34410686
2020-10-12,34.49021,34.49021,33.59307,34.041641,17863963
2020-10-13,33.84228,33.9918,33.19434,33.49339,15105450
2020-10-14,33.49339,34.34069,33.49339,33.9918,19652097
2020-10-15,33.3937,34.29085,32.94513,34.24101,17907361
2020-10-16,34.68958,36.63339,34.5899,36.33434,33937143
2020-10-19,36.83276,37.23149,36.035294,36.33434,26250714
2020-10-20,36.63339,36.98228,36.23466,36.58355,19746677
2020-10-21,36.2845,36.93244,36.23466,36.48387,14809210
2020-10-22,36.53371,38.62704,36.48387,38.47752,19214348
2020-10-23,39.52419,40.022602,37.68006,38.02895,26597033
2020-10-26,37.18164,37.68006,36.2845,36.78291,20917251
2020-10-27,36.8826,36.8826,35.33752,35.38736,19696497
2020-10-28,37.43085,39.1753,36.93244,36.98228,50860201
2020-10-29,38.17847,38.57721,36.43402,36.73307,24738095
2020-10-30,36.58355,37.58038,36.33434,36.98228,20539191
2020-11-02,37.38101,37.77974,36.53371,37.48069,21844975
2020-11-03,38.12863,39.47435,37.58038,39.12546,19636808
2020-11-04,38.328,39.97276,37.53054,39.12546,25465824
2020-11-05,39.62387,40.12229,39.42451,39.82324,17215987
2020-11-06,39.97276,40.57086,39.67371,40.32165,16878656
2020-11-09,46.60166,46.90071,42.9134,43.46165,38779589
2020-11-10,43.96007,45.35563,43.61118,44.75753,33051594
2020-11-11,45.40547,45.45531,44.0099106,44.30896,17543666
2020-11-12,43.66102,44.20927,43.21245,43.66102,15954303
2020-11-13,44.15944,46.10325,44.10959,46.10325,26078809
2020-11-16,47.89754,48.047058,46.95055,47.69817,23830013
2020-11-17,47.10007,48.54548,46.50198,48.24643,18127238
2020-11-18,49.69183,50.090557,48.49563,48.49563,29867932
2020-11-19,47.94738,48.64516,47.39912,48.14674,17490999
2020-11-20,48.047058,48.99405,47.79785,48.64516,16078116
2020-11-23,49.14357,51.18707,49.14357,50.19024,21708341
2020-11-24,53.38008,54.077862,51.835,52.084209,35369990
2020-11-25,52.48294,52.63247,51.53595,52.33342,22044528
2020-11-27,52.58262,52.63247,51.38643,51.835,10865436
2020-11-30,51.78516,51.78516,49.64198,50.73849,25100464
2020-12-01,51.48611,52.23373,50.3896,50.58897,17408658
2020-12-02,50.24008,52.23373,49.89119,51.98453,15496290
2020-12-03,51.835,53.33024,51.78516,52.83183,18348801
2020-12-04,53.18072,54.47659,52.38326,54.22739,27090138
2020-12-07,54.27723,55.3239,53.62929,54.1277,19542810
2020-12-08,53.92834,54.97501,53.77882,54.62612,18735107
2020-12-09,54.82549,57.26771,54.82549,56.76929,25307401
2020-12-10,55.22421,57.21787,55.12453,56.42041,19195227
2020-12-11,56.22104,56.86898,54.92517,55.62294,17853791
2020-12-14,56.1712,56.56993,53.77882,53.97818,15913996
2020-12-15,54.57628,55.5731,53.081036,55.37374,17377921
2020-12-16,55.47342,55.5731,54.32707,54.47659,11800604
2020-12-17,54.52644,54.77564,53.82866,54.22739,12528955
2020-12-18,53.72897,55.42358,53.52961,53.8785,23023775
2020-12-21,52.18389,54.17755,51.63564,53.67913,17218374
2020-12-22,53.38008,53.62929,52.28357,52.88167,17858164
2020-12-23,53.23056,54.7258,52.93151,54.1277,12139419
2020-12-24,54.077862,54.077862,52.93151,53.081036,6029070
2020-12-28,53.33024,53.72897,52.73215,53.031197,10793588
2020-12-29,53.13088,53.67913,52.53278,52.63247,10640944
2020-12-30,52.73215,54.077862,52.58262,53.38008,10156427
2020-12-31,53.081036,53.97818,52.73215,53.82866,9570828
2021-01-04,54.27723,54.32707,51.835,52.18389,16040798
2021-01-05,51.98453,54.22739,51.93468,53.67913,16793346
2021-01-06,53.97818,57.91565,53.97818,56.61977,26400690
2021-01-07,57.6166,57.66644,56.021675,56.1712,15105891
2021-01-08,56.27088,57.018501,55.62294,56.52009,14590235
2021-01-11,55.37374,57.46708,55.12453,57.068344,13493535
2021-01-12,57.36739,59.36105,56.86898,58.71311,18346073
2021-01-13,58.71311,58.91248,57.41723,57.66644,10776915
2021-01-14,57.86581,58.4639,57.71628,58.11501,11879594
2021-01-15,57.81596,57.81596,56.071518,56.47025,14768762
2021-01-19,57.21787,58.06517,56.81914,56.96866,12740305
2021-01-20,57.31755,57.31755,56.32072,56.76929,11840751
2021-01-21,56.81914,56.96866,55.17437,55.17437,13162304
2021-01-22,54.67596,55.72263,54.32707,55.37374,10617570
2021-01-25,55.52326,55.5731,53.67913,54.77564,18462763
2021-01-26,59.95914,60.95597,55.82231,56.27088,42495519
2021-01-27,55.22421,57.6166,53.031197,56.71946,29983117
2021-01-28,56.86898,57.16803,55.17437,55.27406,18879766
2021-01-29,54.82549,56.021675,53.18072,53.23056,21921317
2021-02-01,54.1277,54.82549,53.031197,53.52961,13379614
2021-02-02,54.22739,56.56993,54.028023,56.021675,16946953
2021-02-03,56.021675,56.32072,55.17437,55.82231,10877474
2021-02-04,55.97184,57.31755,55.77247,57.068344,13396066
2021-02-05,57.36739,57.56676,56.42041,56.81914,10396669
2021-02-08,57.16803,58.06517,56.86898,57.86581,8517928
2021-02-09,57.6166,57.81596,56.86898,57.51691,10581235
2021-02-10,57.76612,57.76612,56.71946,56.81914,9140985
2021-02-11,56.76929,57.16803,55.77247,57.11819,10398836
2021-02-12,56.86898,58.51374,56.71946,58.4639,11725144
2021-02-16,58.91248,59.70993,58.71311,59.6601,12100796
2021-02-17,59.012157,59.56041,58.61343,59.11184,8615357
2021-02-18,59.012157,59.11184,57.36739,57.96549,9802022
2021-02-19,58.41406,59.95914,58.21469,59.9093,12248665
2021-02-22,60.15851,63.29851,59.95914,62.30169,19388781
2021-02-23,62.8001,63.049305,60.70676,62.75026,14454364
2021-02-24,63.79692,66.5382,63.049305,65.39185,21426186
2021-02-25,65.29217,66.13947,63.099148,63.59756,18526244
2021-02-26,63.19883,63.99629,61.85312,62.50105,17802448
2021-03-01,64.39502,66.23915,63.74709,65.34201,15657201
2021-03-02,65.54137,66.039787,64.64423,64.69407,15490231
2021-03-03,65.24232,67.88392,65.042961,66.98677,23589309
2021-03-04,69.17979,70.42583,65.6909,67.63471,33418377
2021-03-05,68.78106,68.8309,65.49153,67.78423,21061930
2021-03-08,70.82455,71.4725,68.8309,70.62519,28835014
2021-03-09,70.2763,71.87122,68.93059,69.77789,22966413
2021-03-10,68.03344,68.48201,64.39502,66.039787,44186284
2021-03-11,63.24867,64.095978,59.56041,61.15533,61355743
2021-03-12,61.0058098,62.89978,60.95597,62.70042,26996039
2021-03-15,63.49788,66.58804,63.44804,66.5382,22351422
2021-03-16,66.43851,66.5382,65.14265,65.54137,14938641
2021-03-17,65.79058,67.83408,65.44169,67.83408,15895858
2021-03-18,67.73439,68.2328,65.74074,66.039787,12792812
2021-03-19,65.79058,66.5382,64.69407,65.89027,13737991
2021-03-22,65.59122,65.98994,64.44486,65.44169,10591427
2021-03-23,64.59439,65.6909,62.55089,63.099148,13172818
2021-03-24,63.59756,64.89343,62.30169,62.30169,12454218
2021-03-25,61.80327,64.44486,60.95597,64.046135,14725103
2021-03-26,64.54455,65.44169,63.34835,64.74391,12143472
2021-03-29,64.39502,65.042961,63.69724,64.54455,10786807
2021-03-30,64.69407,66.58804,64.29534,66.28899,10618713
2021-03-31,66.68772,66.93693,65.44169,65.44169,12557044
2021-04-01,65.9401,66.58804,65.54137,66.18931,11874438
2021-04-05,67.1363,67.63471,66.63789,67.086456,10180082
2021-04-06,67.086456,67.28582,66.63789,66.78741,8035938
2021-04-07,66.78741,67.43535,66.08963,66.73756,8379669
2021-04-08,66.08963,67.28582,65.24232,67.036613,11018763
2021-04-09,67.28582,68.93059,66.88709,67.78423,12689464
2021-04-12,67.83408,68.18297,67.1363,67.73439,8442187
2021-04-13,67.33566,67.48518,66.08963,66.98677,10277370
2021-04-14,66.93693,68.73122,66.88709,68.18297,12968951
2021-04-15,68.43217,68.53185,66.98677,67.53503,10208753
2021-04-16,67.93376,68.18297,66.5382,66.73756,10036727
2021-04-19,66.38868,67.1363,65.64105,67.086456,9003729
2021-04-20,66.83725,66.83725,64.29534,65.092804,12330465
2021-04-21,64.44486,66.68772,63.6474,66.5382,9953202
2021-04-22,66.5382,68.18297,66.18931,66.83725,10555051
2021-04-23,67.28582,67.83408,66.58804,67.53503,9357311
2021-04-26,67.93376,69.77789,67.53503,67.63471,18815482
2021-04-27,67.28582,67.48518,64.34518,67.23598,30050351
2021-04-28,66.43851,66.5382,65.54137,65.79058,13261158
2021-04-29,65.6909,66.23915,65.19248,65.84042,11066635
2021-04-30,65.59122,66.5382,65.19248,65.39185,10011667
2021-05-03,65.98994,67.43535,65.64105,67.036613,12734908
2021-05-04,66.48836,66.73756,65.14265,65.39185,15557003
2021-05-05,65.59122,66.23915,65.24232,65.84042,11168297
2021-05-06,65.89027,66.33884,64.94328,65.84042,12595406
2021-05-07,65.59122,66.48836,65.14265,66.28899,10810442
2021-05-10,66.33884,67.68456,66.28899,66.5382,13154138
2021-05-11,65.74074,66.23915,64.49471,65.24232,13645738
2021-05-12,65.19248,65.44169,63.6474,63.89661,14215045
2021-05-13,63.79692,64.99312,63.3982,64.64423,13158312
2021-05-14,65.39185,66.28899,64.94328,66.08963,10167742
2021-05-17,65.9401,66.48836,65.39185,65.54137,15316179
2021-05-18,65.6909,66.13947,64.64423,64.64423,9816408
2021-05-19,64.29534,65.29217,63.74709,65.24232,11921066
2021-05-20,65.24232,65.34201,64.39502,65.092804,9324527
2021-05-21,65.34201,66.18931,65.042961,65.9401,10697965
2021-05-24,66.23915,66.33884,65.39185,65.6909,7827397
2021-05-25,65.79058,66.23915,65.29217,65.39185,9496071
2021-05-26,65.39185,66.93693,64.99312,66.78741,12092309
2021-05-27,67.78423,71.77155,67.73439,71.52233,37035234
2021-05-28,71.22329,71.4725,69.92741,70.076935,14560581
2021-06-01,70.92424,71.4725,70.2763,70.52551,10087388
2021-06-02,70.67503,70.67503,69.82773,70.22646,8012785
2021-06-03,69.72805,71.62202,69.47884,70.22646,12672972
2021-06-04,70.57535,70.77471,69.080109,69.57852,12855029
2021-06-07,69.77789,70.12678,69.080109,69.32932,7493597
2021-06-08,69.62836,69.72805,68.38233,69.27947,8852489
2021-06-09,68.63154,68.8309,68.13313,68.43217,11189043
2021-06-10,68.8309,69.12995,67.73439,67.93376,9999489
2021-06-11,68.03344,68.68138,67.63471,68.2328,8500031
2021-06-14,68.68138,68.93059,66.83725,67.1363,9114079
2021-06-15,67.036613,67.63471,66.33884,67.48518,7629388
2021-06-16,67.28582,68.03344,66.23915,66.98677,14070907
2021-06-17,66.83725,67.33566,64.34518,64.79375,15451709
2021-06-18,63.99629,64.89343,63.54772,63.69724,16465184
2021-06-21,64.2455,65.74074,64.095978,65.74074,10825169
2021-06-22,65.39185,65.79058,64.49471,64.94328,7678083
2021-06-23,64.89343,65.74074,64.49471,64.54455,8763306
2021-06-24,65.092804,65.79058,64.39502,65.54137,9594524
2021-06-25,65.59122,65.98994,65.29217,65.59122,6844839
2021-06-28,65.59122,65.64105,63.74709,64.2455,12396856
2021-06-29,65.092804,65.9401,64.59439,65.24232,13883493
2021-06-30,65.54137,67.43535,65.042961,67.086456,13754002
2021-07-01,67.68456,67.93376,66.58804,67.18613,9368346
2021-07-02,67.48518,67.48518,66.33884,66.58804,6653090
2021-07-06,66.18931,66.38868,63.89661,64.39502,14172730
2021-07-07,64.19566,65.19248,63.49788,64.69407,12250973
2021-07-08,63.44804,64.49471,62.84994,64.14581,10798825
2021-07-09,64.8436,65.74074,64.49471,65.59122,8290767
2021-07-12,65.092804,65.49153,64.29534,65.34201,11187237
2021-07-13,65.24232,65.24232,64.19566,64.2455,7907410
2021-07-14,64.19566,64.69407,63.3982,63.84677,8970443
2021-07-15,63.24867,64.39502,62.65057,63.59756,10310877
2021-07-16,63.79692,64.14581,62.40137,62.55089,9141767
2021-07-19,60.7566,61.0058098,58.91248,59.80962,19842400
2021-07-20,59.85946,63.49788,59.75978,63.29851,15072405
2021-07-21,63.74709,65.34201,63.6474,65.19248,13548149
2021-07-22,65.042961,65.092804,63.29851,63.29851,8712244
2021-07-23,63.79692,64.19566,62.94962,63.34835,7579911
2021-07-26,63.099148,64.49471,62.94962,64.39502,10800049
2021-07-27,66.43851,67.1363,63.79692,65.19248,23964901
2021-07-28,65.54137,67.18613,64.99312,65.44169,13757312
2021-07-29,65.74074,66.68772,65.24232,66.23915,10889854
2021-07-30,65.59122,65.89027,64.39502,64.54455,12050777
2021-08-02,65.092804,66.79364,62.56958,62.6755,39943542
2021-08-03,62.42629,64.29534,61.12418,64.20811,23177543
2021-08-04,63.42934,64.4511,63.21129,64.11466,22702917
2021-08-05,64.17074,65.19248,63.87169,64.1832,13050690
2021-08-06,64.39502,65.57876,64.39502,65.11772,17637083
2021-08-09,64.51962,64.96197,63.56641,64.61308,12768033
2021-08-10,64.67538,66.24538,64.29534,66.08963,12930790
2021-08-11,66.17062,66.17062,64.68161,66.064705,13330458
2021-08-12,66.15816,66.8061,65.56629,66.36375,10270509
2021-08-13,66.3513,66.42606,65.15511,65.36693,9020462
2021-08-16,64.93705,64.98066,63.69724,64.38879,11101144
2021-08-17,63.88415,64.33895,62.52597,63.31097,13125487
2021-08-18,62.97454,64.46355,62.77518,63.18014,10427487
2021-08-19,62.30169,62.81256,61.42946,61.94033,17344153
2021-08-20,62.046249,62.71911,61.74097,62.33284,10203095
2021-08-23,62.6755,63.22375,62.4699,62.90601,9642436
2021-08-24,63.10538,64.48847,62.96209,64.33895,11007246
2021-08-25,64.39502,65.49776,63.89038,65.22987,12627427
2021-08-26,65.080338,65.18002,64.071053,64.40749,13107992
2021-08-27,64.73145,66.13324,64.73145,66.095856,12473178
2021-08-30,66.24538,66.32638,65.29217,65.53514,11469513
2021-08-31,65.37939,66.26408,65.080338,65.67221,17641256
2021-09-01,65.64105,65.70959,64.33272,64.58192,12789542
2021-09-02,64.79375,66.25161,64.7813,66.20177,13633178
2021-09-03,66.039787,66.88709,64.8436,65.26102,12225833
2021-09-07,65.10526,65.37939,63.74086,64.35141,17639170
2021-09-08,64.13959,65.24856,62.56335,63.90907,19263203
2021-09-09,63.77201,65.36693,63.61625,64.35141,15066205
2021-09-10,64.35141,64.7626,63.41066,63.54772,15350467
2021-09-13,63.95268,65.32955,63.56018,65.080338,20038302
2021-09-14,65.13018,65.13641,62.3453,62.53843,25717763
2021-09-15,62.79387,63.84054,62.73157,63.6474,13007192
2021-09-16,63.7907,63.98383,62.81256,63.13653,9601506
2021-09-17,63.018154,63.4605,62.38268,62.59451,17203387
2021-09-20,61.36716,62.2207,60.60085,62.18331,16217539
2021-09-21,62.23938,62.29546,59.94045,60.32049,25342171
2021-09-22,60.85006,61.69736,60.84383,61.39208,18002884
2021-09-23,62.0088692,64.8436,62.0026398,64.14581,18620844
2021-09-24,63.95891,64.91836,63.92153,64.66915,10528608
2021-09-27,65.13641,66.24538,65.036728,65.63483,12971559
2021-09-28,65.59744,66.50705,65.24856,65.87157,20146646
2021-09-29,66.039787,66.6628,65.6099,66.21423,11876404
2021-09-30,66.26408,66.71887,64.13959,64.18943,14356273
2021-10-01,64.9059,66.28276,64.58816,65.92764,12992425
2021-10-04,65.66598,66.71265,65.16756,65.35447,12288913
2021-10-05,65.45415,66.039787,64.638,65.35447,9208740
2021-10-06,64.59439,65.05542,63.5851,64.99935,11257962
2021-10-07,65.31709,66.36999,64.99935,65.73451,10684302
2021-10-08,65.64729,66.17685,65.20495,65.24232,6859525
2021-10-11,65.31709,65.89027,64.77506,64.8436,6615872
2021-10-12,64.51962,64.81867,63.27359,63.99629,13722903
2021-10-13,63.67232,64.29534,63.036846,63.77201,12065484
2021-10-14,64.25796,64.5757,63.77824,64.0087509,9853826
2021-10-15,64.5757,65.97749,64.28911,65.049187,9069257
2021-10-18,64.59439,65.14887,64.19566,64.86852,6653913
2021-10-19,65.15511,65.39808,64.53209,65.24856,6767714
2021-10-20,65.26102,66.052246,64.71276,66.039787,9803748
2021-10-21,65.89027,66.28276,64.17696,64.26419,11588129
2021-10-22,64.20189,65.11149,63.89038,64.82491,8595273
2021-10-25,64.56947,66.033554,64.37634,65.60368,10427005
2021-10-26,65.89027,69.13618,65.55383,66.93693,18781193
2021-10-27,67.21106,67.46027,64.60062,64.7003,14420637
2021-10-28,64.41371,65.65352,64.23304,65.57876,9487384
2021-10-29,65.38562,65.56629,64.86852,65.33578,9018536
2021-11-01,65.89027,66.51951,65.59122,66.18308,7844250
2021-11-02,66.25161,66.75002,65.60368,66.46967,7192101
2021-11-03,66.13947,66.25161,65.30463,66.021095,6599661
2021-11-04,65.95879,66.28899,64.97443,65.54761,7505094
2021-11-05,66.61919,68.3138,66.56935,67.74686,12202399
2021-11-08,68.15804,68.72499,67.48518,67.54749,8305554
2021-11-09,71.47872,72.37587,68.8309,69.33555,40325875
2021-11-10,70.089394,70.20154,67.35435,67.88392,13952431
2021-11-11,67.62848,68.28265,66.52574,66.6628,8848557
2021-11-12,66.91201,67.24221,66.32638,67.03038,12240118
2021-11-15,67.30451,67.70324,66.16439,66.45721,9831034
2021-11-16,66.13324,66.17062,64.058594,64.38879,19257424
2021-11-17,64.60685,64.71899,63.18637,63.54149,13334471
2021-11-18,63.1926,63.42311,61.79081,62.71911,13692888
2021-11-19,62.17708,62.76272,61.86557,62.27676,10598911
2021-11-22,62.59451,63.52903,62.47613,62.94962,9962170
2021-11-23,63.41066,63.67855,63.018154,63.59756,9648856
2021-11-24,63.4605,63.74709,63.11784,63.69101,8943739
2021-11-26,60.22081,61.11795,59.50434,60.95597,13815999
2021-11-29,61.84689,62.56958,60.32672,61.30486,15692352
2021-11-30,60.20835,60.70053,58.8564,59.18037,18313148
2021-12-01,60.15228,60.36411,57.90319,57.94057,13895451
2021-12-02,58.68819,59.67255,57.82219,59.3299,9782400
2021-12-03,59.26759,59.40466,57.14934,57.79728,12973646
2021-12-06,58.47013,60.36411,58.090092,59.81585,10721861
2021-12-07,60.18343,61.26125,59.99652,60.7753,8104115
2021-12-08,60.7753,61.64129,60.42017,61.2301,7635106
2021-12-09,60.91236,61.17403,60.43264,60.94974,6527432
2021-12-10,61.11172,61.40454,60.089977,60.40149,6863859
2021-12-13,59.79093,60.058826,57.82843,58.021561,11843339
2021-12-14,57.78481,58.60097,57.1431,57.38608,11654259
2021-12-15,57.45462,57.57299,56.18366,57.36739,12350388
2021-12-16,57.64152,58.77541,57.44215,57.64775,11440140
2021-12-17,57.59791,57.98418,56.14005,56.97489,14550168
2021-12-20,56.071518,56.13382,54.9314,56.059055,9651745
2021-12-21,56.52009,58.35799,56.52009,57.97795,12227117
2021-12-22,57.89073,58.38291,57.41723,57.98418,7485993
2021-12-23,58.12747,58.90001,58.12747,58.56358,6236589
2021-12-27,58.33307,58.98101,58.22092,58.94986,5503703
2021-12-28,58.83148,59.85946,58.71311,59.37351,6503676
2021-12-29,59.1866,59.48565,58.83771,59.055767,5602577
2021-12-30,58.97478,59.79716,58.89378,58.9997,5247049
2021-12-31,58.87509,59.16791,58.50128,58.8564,6092452
2022-01-03,59.32367,60.70676,59.030846,59.95914,7415209
2022-01-04,61.54161,62.33284,61.11172,61.90918,12237390
2022-01-05,62.13347,63.41689,61.85934,61.90918,9461542
2022-01-06,62.58204,62.97454,61.94033,62.27053,6864983
2022-01-07,62.17708,63.69724,62.15839,63.17391,10029103
2022-01-10,63.37328,63.54772,61.64129,61.94033,9259300
2022-01-11,62.48236,63.77824,62.28299,63.41689,9107137
2022-01-12,63.1926,63.93399,63.16145,63.69724,7316816
2022-01-13,63.72839,64.5757,63.42311,63.83431,7034320
2022-01-14,63.3359,64.33895,62.86863,64.27042,7030789
2022-01-18,63.89661,64.62554,63.6474,64.1022,13499795
2022-01-19,63.9776,64.16451,62.59451,62.68796,9147425
2022-01-20,62.44498,63.41689,61.036961,61.21141,9045502
2022-01-21,60.86875,61.27371,59.7224,59.99652,12964978
2022-01-24,58.93116,60.70676,57.49823,60.37656,15847565
2022-01-25,56.76929,57.54184,55.01239,56.76307,33629909
2022-01-26,57.012272,57.26148,54.85663,55.64787,17073695
2022-01-27,56.071518,57.17426,54.86909,56.0092163,12527109
2022-01-28,55.63541,57.41723,55.35505,57.37985,10398756
2022-01-31,57.074574,58.91248,56.71323,58.86263,11238219
2022-02-01,59.1866,61.31732,59.030846,61.024502,13080224
2022-02-02,60.85006,61.417,59.9093,61.080574,8926564
2022-02-03,60.52609,61.77835,60.15228,61.25502,9972924
2022-02-04,60.86875,62.33284,60.83137,61.6849,10278374
2022-02-07,61.90918,62.66927,61.36716,62.23938,7039456
2022-02-08,62.28923,62.61319,61.44815,61.8718,8279712
2022-02-09,62.45744,62.59451,61.75343,61.83442,10632457
2022-02-10,61.29863,62.72534,61.055653,61.54784,8848717
2022-02-11,61.69113,62.44498,59.91553,60.32672,11966771
2022-02-14,60.25196,60.68184,59.53549,60.18343,11172731
2022-02-15,61.049423,63.16145,61.024502,62.87486,10741924
2022-02-16,62.35776,63.49165,62.23315,63.18014,7850670
2022-02-17,62.51974,62.56958,60.98089,61.34224,6229366
2022-02-18,61.31732,61.65998,57.26771,57.74743,25110235
2022-02-22,57.71628,59.32367,57.54807,58.65704,12349746
2022-02-23,58.43275,59.09938,57.51068,57.72251,11839969
2022-02-24,56.4391,57.99664,54.63858,57.65398,18285861
2022-02-25,58.19601,60.6943,57.97795,60.040134,11191511
2022-02-28,59.037079,59.69748,58.64458,59.50434,10142743
2022-03-01,59.16168,59.847,57.23656,57.52315,10806289
2022-03-02,58.22716,59.15545,57.99041,58.66327,7131107
2022-03-03,59.14922,59.37351,57.30509,57.59791,7420184
2022-03-04,56.20858,56.37056,54.52644,55.53572,13545059
2022-03-07,55.2429,55.57933,53.13711,53.19318,11428423
2022-03-08,54.22116,56.35188,53.29909,54.91894,11006283
2022-03-09,56.98112,57.93434,56.75684,56.85029,10394261
2022-03-10,54.68219,57.068344,54.48282,56.90013,13026132
2022-03-11,57.81596,58.32684,57.10572,57.492,11342229
2022-03-14,57.59168,58.55735,57.28017,57.59791,9700540
2022-03-15,58.096321,58.28946,56.85652,57.53561,8189827
2022-03-16,58.23339,59.46073,57.77858,58.9997,8954332
2022-03-17,58.68819,59.54172,58.1337,59.5168,6982315
2022-03-18,59.55418,59.75355,58.91248,59.55418,11872231
2022-03-21,58.84394,59.63517,58.34553,59.074459,8799280
2022-03-22,59.33612,59.95291,58.93739,59.1243,7730288
2022-03-23,58.92493,58.97478,58.25831,58.37668,7854202
2022-03-24,58.80656,58.82525,58.34553,58.63835,8561245
2022-03-25,58.83771,59.13053,58.19601,58.57605,9227359
2022-03-28,58.31438,58.3393,56.52009,57.31755,12069336
2022-03-29,57.95303,59.16791,57.95303,58.96855,13794811
2022-03-30,58.32684,59.27382,58.12747,58.92493,9042452
2022-03-31,58.40783,58.53243,56.98735,57.0060425,13203013
2022-04-01,57.37985,57.66644,56.76307,57.62283,9054811
2022-04-04,57.4297,57.51691,56.63223,57.33001,8249536
2022-04-05,57.10572,57.52938,56.015446,56.13382,10787509
2022-04-06,55.67902,56.17743,54.71334,56.015446,10556215
2022-04-07,55.95937,56.12136,54.25854,55.73509,11391666
2022-04-08,55.75378,56.23973,55.21175,55.90953,6447980
2022-04-11,55.78493,57.062115,55.46719,55.86592,8655143
2022-04-12,56.071518,56.90636,55.63541,56.071518,7240254
2022-04-13,56.1712,56.97489,56.065289,56.53878,6362268
2022-04-14,56.71946,57.411,56.46402,56.58862,6146543
2022-04-18,56.67584,57.0060425,56.0092163,56.32072,6291965
2022-04-19,56.56993,57.47953,56.56993,57.25525,7394824
2022-04-20,57.62906,58.0091019,56.85029,56.94374,6424385
2022-04-21,57.90942,58.42652,56.96243,57.1431,7225326
2022-04-22,56.626,56.88144,55.43604,55.49211,7967682
2022-04-25,55.13699,56.071518,53.9408,55.99675,11080599
2022-04-26,52.92528,53.099728,48.85075,50.20893,46154289
2022-04-27,49.84135,50.93163,48.51432,48.72615,20213257
2022-04-28,48.83829,49.031425,47.25583,48.4271,19277327
2022-04-29,48.27758,48.67631,46.3213,46.44591,16677077
2022-05-02,46.15932,47.24337,45.23726,47.068924,18536095
2022-05-03,47.87885,48.76353,47.33682,48.38349,12595004
2022-05-04,48.71369,50.32107,48.10936,50.10925,12019739
2022-05-05,49.45508,49.89119,48.32119,48.96289,11491503
2022-05-06,48.80091,48.83829,47.46766,48.73861,8609237
2022-05-09,47.83524,47.94738,45.19364,45.46154,11266308
2022-05-10,46.10325,46.53936,44.32142,45.67337,10974181
2022-05-11,45.95372,46.4646,44.8946,45.13134,12465152
2022-05-12,44.69523,46.23408,44.34011,45.65467,13844409
2022-05-13,46.34623,47.33059,46.1967,46.75742,8309406
2022-05-16,46.29638,46.97547,45.93503,46.49575,10451563
2022-05-17,47.48011,48.096901,47.21845,47.59849,7218585
2022-05-18,47.13123,47.67325,46.61412,46.85087,11337253
2022-05-19,46.72626,47.68571,46.38361,47.1873,9992827
2022-05-20,47.41781,47.62341,45.64845,46.88202,11782667
2022-05-23,47.36174,47.59849,46.73249,47.012852,8467508
2022-05-24,46.55805,46.64527,44.8946,46.42722,9837776
2022-05-25,45.77305,46.47083,45.24348,46.43345,11389740
2022-05-26,46.86333,48.41464,46.53936,47.97853,7528368
2022-05-27,48.15297,49.081268,47.96607,49.06881,7819853
2022-05-31,48.56416,49.24325,48.44579,48.77599,8332038
2022-06-01,49.26817,49.49246,47.77916,48.29627,9514991
2022-06-02,48.60778,49.0065079,48.078213,48.59531,9897164
2022-06-03,47.81031,48.06575,47.14368,47.95361,8463013
2022-06-06,48.53925,48.77599,47.829,47.9723,7614722
2022-06-07,47.91623,48.68877,47.45519,48.59531,8227386
2022-06-08,47.77916,48.76976,47.67325,48.07198,5418794
2022-06-09,47.90377,48.0034485,46.57051,46.5892,8114548
2022-06-10,45.49269,45.57991,44.072212,44.37749,15384656
2022-06-13,43.28098,43.61118,41.82935,42.1907,15183217
2022-06-14,42.334,42.93209,42.07233,42.3963,8634919
2022-06-15,42.96324,43.62364,42.24054,43.050465,10576600
2022-06-16,41.76082,41.89165,40.40264,40.67677,14550650
2022-06-17,40.61447,41.57391,40.20951,41.11911,14449368
2022-06-21,42.028717,42.40253,40.93844,40.96336,12972362
2022-06-22,39.98522,40.7453,39.97899,40.20951,15573094
2022-06-23,40.1036,40.54594,39.2999,39.91669,10841280
2022-06-24,40.28427,42.34645,40.13475,41.79197,16044991
2022-06-27,42.034946,42.30285,41.20633,41.56145,10911904
2022-06-28,42.022488,42.6455,40.72038,41.04435,11313819
2022-06-29,40.9509,41.11911,39.42451,39.67994,11088303
2022-06-30,38.9697,39.72356,38.47752,39.66748,13967359
2022-07-01,39.55534,40.20951,38.75788,39.58649,10997455
2022-07-05,38.32177,38.69558,37.3374,38.64574,12889860
2022-07-06,38.35292,38.85133,37.83582,38.35915,7852596
2022-07-07,38.98217,39.33105,38.58966,39.25006,10110160
2022-07-08,39.1753,40.10983,38.75165,39.40582,9940822
2022-07-11,38.87002,39.013317,38.2657,38.57097,7662393
2022-07-12,38.0040283,40.20328,38.0040283,39.26252,11678496
2022-07-13,38.6582,39.063156,38.13486,38.63327,6961770
2022-07-14,38.0040283,38.10371,37.38101,38.060101,8179393
2022-07-15,38.67689,39.24383,37.9978,39.16284,9391720
2022-07-18,40.11605,40.5584,39.45566,39.67371,10607899
2022-07-19,40.18459,41.61753,40.17213,41.58015,10070675
2022-07-20,41.30602,42.53959,41.15026,42.29662,11004036
2022-07-21,42.17824,42.57697,41.80443,42.44614,9551106
2022-07-22,42.61435,42.83864,42.26546,42.48352,9009387
2022-07-25,41.97887,42.94455,41.76082,42.58943,9468604
2022-07-26,43.41182,45.71075,43.081615,44.55194,28957643
2022-07-27,44.85722,45.10642,43.67348,44.59555,11570152
2022-07-28,46.44591,46.66396,45.42416,45.56745,18063717
2022-07-29,45.48023,46.42722,45.12511,46.047176,12729511
2022-08-01,45.66714,47.56734,45.28709,47.22468,14685317
2022-08-02,46.87579,47.38043,46.30261,46.32753,9290599
2022-08-03,46.67642,46.91317,46.14063,46.56428,9678390
2022-08-04,46.40853,46.50821,45.82912,45.89765,6942669
2022-08-05,45.74813,46.75119,45.60484,46.32753,7447953
2022-08-08,47.27452,47.83524,46.63904,46.83841,9833442
2022-08-09,46.95678,47.40535,46.64527,46.68265,7581496
2022-08-10,47.48011,48.47071,47.29321,48.059521,16331500
2022-08-11,48.59531,49.34917,48.57039,49.15603,14557872
2022-08-12,49.39901,49.82266,48.9442,49.79774,8273452
2022-08-15,49.41147,49.9348,49.26817,49.72298,5467107
2022-08-16,49.4177,50.65127,49.30555,50.50798,9268610
2022-08-17,49.87873,50.078094,49.38032,49.79151,6485057
2022-08-18,49.69806,49.77282,49.22456,49.34917,6421014
2022-08-19,48.90682,48.96289,48.14051,48.42087,5801930
2022-08-22,47.43027,47.45519,46.32753,46.5892,8143279
2022-08-23,46.72004,48.1592,46.67642,47.41158,7642490
2022-08-24,47.44273,48.14674,47.27452,47.81031,7649392
2022-08-25,48.20281,49.64198,48.16543,48.68254,8349212
2022-08-26,48.83829,48.98159,46.8571,46.89448,8628819
2022-08-29,46.62658,47.87262,46.27769,47.38043,7868808
2022-08-30,47.82277,48.084442,46.30884,46.80726,6886330
2022-08-31,46.9817,47.21845,45.70452,45.75436,10274200
2022-09-01,45.63599,45.63599,44.50209,45.53007,8002191
2022-09-02,45.97241,46.32753,44.92575,45.12511,6479760
2022-09-06,45.16872,45.25594,44.32142,44.9569,6472859
2022-09-07,44.79491,45.94126,44.68277,45.84158,5494394
2022-09-08,45.19364,46.15309,44.90705,45.95995,5810597
2022-09-09,46.43345,46.70757,45.90388,46.12817,10795534
2022-09-12,46.35868,47.65456,46.26523,46.92563,11661482
2022-09-13,45.64222,46.016026,43.99745,44.13451,11574005
2022-09-14,44.047291,44.2342,42.7888,43.62987,9968109
2022-09-15,43.47412,44.10336,42.83241,42.93209,7908775
2022-09-16,40.7453,41.49292,40.60824,41.36209,22966955
2022-09-19,40.86367,42.047409,40.78268,41.77328,8045047
2022-09-20,41.39947,41.86673,41.081734,41.48669,8379870
2022-09-21,41.75459,41.78574,40.59578,40.63316,10164733
2022-09-22,40.4961,40.93844,40.19705,40.72038,11345279
2022-09-23,40.21574,40.54594,39.59272,40.21574,13124524
2022-09-26,40.20328,41.2188,40.0039139,40.091133,16780605
2022-09-27,40.40264,40.68923,39.5678,40.1659,12596770
2022-09-28,40.48986,40.53348,39.99145,40.15967,10686228
2022-09-29,39.72979,39.94161,38.57721,39.081848,14124337
2022-09-30,39.025776,39.43074,38.55228,38.57097,12709126
2022-10-03,39.10054,40.10983,38.7205,39.62387,8721754
2022-10-04,40.42133,42.14086,40.4151,42.07856,12441557
2022-10-05,41.54899,42.49598,41.15026,42.016258,9327837
2022-10-06,41.57391,42.04118,40.98828,41.25618,7953396
2022-10-07,40.87614,40.98205,39.93538,40.22197,6856315
2022-10-10,40.52725,40.88237,39.91046,40.48363,5764210
2022-10-11,40.17836,40.65808,39.2999,39.87308,8500412
2022-10-12,39.67994,40.75776,39.28744,40.33411,8598323
2022-10-13,39.67994,42.58943,39.36843,42.32777,12818915
2022-10-14,42.55205,42.8511,41.8605,42.097248,9106174
2022-10-17,42.95701,43.72955,42.63305,42.75765,8251944
2022-10-18,43.72955,44.32142,43.56757,44.047291,9806637
2022-10-19,43.7794,44.22174,43.19999,43.94138,8408280
2022-10-20,44.084675,44.61424,43.50527,43.59249,9609852
2022-10-21,43.61118,45.41793,43.45543,45.36809,10352529
2022-10-24,45.48023,46.30261,45.33694,45.70452,10913990
2022-10-25,46.72626,46.88202,44.28404,45.48023,15445168
2022-10-26,45.66091,47.74178,45.5986,47.012852,12975572
2022-10-27,47.53619,48.3648,47.28075,47.34928,10105505
2022-10-28,47.77916,48.82583,47.71063,48.80091,8648081
2022-10-31,48.45825,49.13111,48.30873,48.47694,10585428
2022-11-01,48.9442,49.89742,48.25266,48.72615,9174391
2022-11-02,48.65139,49.62952,48.14674,48.2215,10230221
2022-11-03,47.89131,49.081268,47.7044,48.83206,13947456
2022-11-04,49.83512,50.56405,49.48623,50.50798,11558435
2022-11-07,50.5329,52.23373,50.50798,51.99699,12864178
2022-11-08,52.20881,52.77576,51.49234,52.33342,10052376
2022-11-09,51.84746,52.8256,51.6481,51.80385,7961743
2022-11-10,53.099728,53.37386,52.42687,53.19318,13786304
2022-11-11,53.44239,54.065403,53.049885,53.77259,12490513
2022-11-14,53.56699,54.26477,53.37386,53.47354,7906367
2022-11-15,53.91588,54.58874,53.71651,54.28969,7913108
2022-11-16,54.096554,54.15886,52.73838,52.89413,7629328
2022-11-17,52.17766,53.43616,51.84123,53.19941,7466411
2022-11-18,53.88473,54.29592,52.86298,53.25548,6555521
2022-11-21,53.024963,53.57945,52.78822,53.51092,5247691
2022-11-22,53.76635,54.57005,53.57945,54.38937,6797569
2022-11-23,54.22116,54.80056,54.16508,54.74449,5867738
2022-11-25,54.63858,55.062229,54.42052,54.9127,3040207
2022-11-28,54.32707,54.55136,53.056114,53.24925,6876058
2022-11-29,53.42369,53.52961,52.93151,53.36762,7205262
2022-11-30,53.35516,53.7975,51.82877,53.56076,11654259
2022-12-01,53.71028,53.95949,52.87544,53.11842,6806718
2022-12-02,52.68854,54.17131,52.58885,54.1277,7191459
2022-12-05,53.47977,53.6106,52.71969,52.74461,7568656
2022-12-06,53.95949,54.26477,52.62623,53.13088,9444207
2022-12-07,52.95643,53.62929,52.84429,52.95643,7801715
2022-12-08,53.33024,53.69782,51.51727,52.1029,10334231
2022-12-09,52.096668,52.20881,50.66996,50.74472,8899117
2022-12-12,50.91294,51.87238,50.48306,51.84123,7480054
2022-12-13,52.68854,52.89413,51.04377,51.63564,12391318
2022-12-14,51.32413,51.92223,50.67619,50.75718,12271899
2022-12-15,49.88496,50.5952,48.90682,49.09996,15598294
2022-12-16,48.46448,48.81337,47.77916,48.37726,15978540
2022-12-19,48.12805,48.81337,48.096901,48.63269,7061125
2022-12-20,48.62024,50.33976,48.50186,50.046944,11196647
2022-12-21,50.48928,52.07798,50.44567,51.69794,12127441
2022-12-22,51.19953,51.52972,50.015793,50.94409,9730074
2022-12-23,50.90671,51.33036,50.43945,50.95655,5286213
2022-12-27,51.087383,51.76647,51.025082,51.61072,6804792
2022-12-28,51.70417,51.81631,50.65127,51.068691,6210907
2022-12-29,51.24314,52.27734,51.087383,52.17766,7088733
2022-12-30,51.65433,52.35211,51.57334,52.20258,6625342
2023-01-03,52.36457,53.012505,52.046829,52.94397,10280781
2023-01-04,54.59697,56.025539,53.27215,56.025539,21031104
2023-01-05,55.78611,57.10295,55.067837,56.89545,16001061
2023-01-06,57.47007,57.72546,56.46449,57.41421,13018044
2023-01-09,57.46209,58.98643,57.43017,57.99681,9488844
2023-01-10,57.62171,60.15163,57.62171,60.071827,11597142
2023-01-11,60.51077,62.011173,60.26337,62.0031929,12729603
2023-01-12,62.15483,63.21628,61.68396,62.93695,14407871
2023-01-13,62.8731,64.32562,62.64964,64.0063858,13843395
2023-01-17,63.78292,64.3735,63.65523,64.23783,10640727
2023-01-18,64.59697,64.78851,63.16042,63.26417,9816378
2023-01-19,62.20271,62.84916,61.18914,61.34078,13045860
2023-01-20,61.92339,62.051079,60.39106,61.99521,10351409
2023-01-23,61.93935,63.86273,61.88348,63.66321,13729748
2023-01-24,62.2506,64.52514,61.82761,64.40543,16767395
2023-01-25,63.67119,64.92418,63.39186,64.47726,10652380
2023-01-26,65.027931,65.10774,63.94254,64.75658,8158534
2023-01-27,64.64485,67.031128,64.56504,66.42458,9760244
2023-01-30,65.77015,66.041496,64.38148,64.50918,7175806
2023-01-31,64.20591,64.57303,63.42378,64.22985,8625026
2023-02-01,64.062248,65.81804,63.85475,65.69833,9112192
2023-02-02,65.59457,67.063049,65.36313,66.99122,10391129
2023-02-03,66.64805,66.7917,65.29928,65.41101,7240085
2023-02-06,65.019951,65.79409,64.8364,65.72227,5425114
2023-02-07,65.42697,65.73823,64.27773,65.53072,5891982
2023-02-08,65.19553,65.92179,64.88428,65.41101,4269472
2023-02-09,65.71429,65.94573,64.19792,64.47726,4838334
2023-02-10,64.49322,64.92418,64.166,64.8763,4373095
2023-02-13,64.80447,66.17718,64.7087,65.98563,5114245
2023-02-14,65.54668,66.88747,65.41101,66.67199,6726731
2023-02-15,65.92977,67.66959,65.79409,67.65363,7305617
2023-02-16,66.72785,67.47007,66.22506,67.07901,5645893
2023-02-17,66.71189,66.89545,65.6265,66.27294,5543523
2023-02-21,65.55467,66.5443,65.2913,65.65044,5101965
2023-02-22,65.57063,67.30247,65.52274,66.39265,10829053
2023-02-23,66.63208,67.36632,65.36313,66.19314,10120732
2023-02-24,65.2514,66.86353,65.1636,66.67997,8704340
2023-02-27,67.039108,67.72546,66.63208,66.91142,8007297
2023-02-28,66.73583,68.35595,66.60814,67.60574,11441143
2023-03-01,67.56584,68.1245,66.83958,67.15084,7512988
2023-03-02,66.71987,68.41979,66.5443,68.41181,8546337
2023-03-03,68.55547,69.46529,67.9569,68.93855,9618780
2023-03-06,69.14605,70.087791,69.010376,69.48125,8084105
2023-03-07,69.40144,69.89625,68.71508,68.94653,8643445
2023-03-08,69.2498,69.76057,68.69114,69.4174,7598067
2023-03-09,71.79569,75.77015,71.64405,73.072624,35826152
2023-03-10,73.34397,75.17957,72.4581,72.62569,23152683
2023-03-13,71.58819,72.41022,69.9601,71.0055847,14201502
2023-03-14,72.76138,74.28571,71.98723,72.76138,14218418
2023-03-15,71.021545,71.63607,68.99442,71.63607,15107797
2023-03-16,71.34876,73.50359,70.68636,73.39984,10183883
2023-03-17,73.25619,73.28811,71.30886,72.059059,12765689
2023-03-20,72.33041,72.80926,71.35674,71.76376,8705343
2023-03-21,72.60973,74.25379,72.59377,73.56744,8553980
2023-03-22,73.81484,73.90263,71.46848,71.5004,8784783
2023-03-23,72.33041,74.18196,72.2506,73.096565,10834691
2023-03-24,72.28252,73.70311,72.083,72.92099,8342975
2023-03-27,73.64725,74.73264,73.51157,74.46928,7524516
2023-03-28,74.49322,74.81245,73.87071,74.3336,5023152
2023-03-29,74.99601,75.35515,74.75658,75.067841,6162254
2023-03-30,74.98005,75.26736,74.66879,75.059853,6623107
2023-03-31,75.44294,76.35275,75.26736,76.29689,9247391
2023-04-03,76.4166,77.36632,76.10535,77.35036,6199468
2023-04-04,77.38229,78.10854,75.55467,75.85794,8554983
2023-04-05,75.80208,76.073425,74.7486,75.21947,10642230
2023-04-06,75.11572,75.33121,74.65283,74.70072,8025340
2023-04-10,74.88428,75.81006,74.7087,75.30727,7499832
2023-04-11,75.42697,75.78611,74.92418,74.94813,6663078
2023-04-12,75.22746,75.55467,74.86832,75.099762,8768118
2023-04-13,75.32323,75.57063,74.59697,75.25938,11044694
2023-04-14,74.90822,76.32881,74.86832,76.1692,7211767
2023-04-17,76.31285,77.29449,76.20112,77.23064,7676003
2023-04-18,77.41421,78.6273,77.30247,78.58739,8909832
2023-04-19,78.67518,79.25778,78.54749,79.034317,7038101
2023-04-20,79.2498,80.18356,79.058258,79.61692,8661237
2023-04-21,79.7925,79.87231,79.11413,79.4174,5112741
2023-04-24,79.47327,80.42298,79.47327,79.92817,7833505
2023-04-25,81.36472,81.41261,77.85315,78.56345,11649768
2023-04-26,78.39585,78.57143,76.68795,76.78372,8032357
2023-04-27,77.43017,78.36393,77.094971,78.26018,9348633
2023-04-28,77.51796,79.585,77.31844,78.98643,6279159
2023-05-01,79.40144,81.40463,79.30566,80.7502,7408237
2023-05-02,80.29529,81.42857,79.9601,81.013565,7485046
2023-05-03,81.30886,82.16281,80.85395,81.22107,5917543
2023-05-04,80.9976,81.20511,77.74142,79.26576,9055431
2023-05-05,80.27135,81.21309,79.60894,80.0,6302841
2023-05-08,79.98404,80.69434,79.98404,80.5427,4282128
2023-05-09,80.42298,81.32482,80.42298,80.60654,6520737
2023-05-10,80.98962,81.14126,78.57941,79.44134,5053224
2023-05-11,79.32961,79.7925,78.86672,79.4174,5117628
2023-05-12,79.47327,79.80846,77.98084,78.85076,4332874
2023-05-15,79.12211,81.65204,79.026337,81.40463,7973716
2023-05-16,80.79011,81.58819,80.51875,80.7103,5523851
2023-05-17,81.30088,82.6656,81.045494,82.57781,6871703
2023-05-18,82.11492,83.22426,81.18915,83.0087814,5772320
2023-05-19,83.4158,84.42139,82.87311,83.2083,7230687
2023-05-22,83.080605,84.54908,83.080605,83.43974,4996087
2023-05-23,82.88907,83.11253,80.83001,81.16521,5738239
2023-05-24,80.83001,80.98164,79.73663,80.59058,6275400
2023-05-25,80.92578,81.47646,80.23943,81.021545,6737506
2023-05-26,81.077415,82.96089,81.053474,81.99521,6796523
2023-05-30,82.21867,82.25858,80.3352,81.72386,7098370
2023-05-31,80.86193,81.27693,79.57702,81.029526,13358734
2023-06-01,80.77414,83.93456,80.66241,83.53551,7797043
2023-06-02,84.19792,85.1636,83.43176,84.43735,7477278
2023-06-05,84.43735,84.43735,83.080605,83.080605,5108732
2023-06-06,83.26417,84.68475,83.080605,84.166,7794036
2023-06-07,85.10774,85.65842,84.30965,84.66081,9121088
2023-06-08,84.46928,85.57063,84.30167,84.65283,4477596
2023-06-09,84.82841,85.035912,83.86273,84.8364,4365076
2023-06-12,84.84438,85.30727,84.31763,84.78053,4677449
2023-06-13,84.62091,85.51476,84.44533,85.18755,5411582
2023-06-14,85.17159,85.23544,82.96887,83.55946,6429268
2023-06-15,83.35195,84.30965,82.99282,84.1261,8733159
2023-06-16,84.55706,86.91142,84.54908,84.82841,13731752
2023-06-20,84.66081,84.76456,82.52993,83.016762,8068443
2023-06-21,82.71349,84.34956,82.6656,83.83878,5983576
2023-06-22,83.52753,84.42937,83.51157,83.65523,5292046
2023-06-23,82.27454,83.29609,81.91541,82.82522,7532911
2023-06-26,82.62569,83.88667,82.49002,83.35994,5326378
2023-06-27,83.50359,83.96648,83.28811,83.73504,5973427
2023-06-28,84.030327,85.69035,83.77494,85.43496,6009012
2023-06-29,84.77254,86.057465,84.62889,85.98563,4070746
2023-06-30,86.98324,87.99681,86.67199,87.66959,9250648
2023-07-03,87.039108,87.25459,85.64246,86.4166,3723916
2023-07-05,86.36871,86.98324,86.0015945,86.71189,4588235
2023-07-06,86.20112,86.7917,85.28332,85.69035,4594375
2023-07-07,85.50678,86.88747,85.34717,86.40862,4843847
2023-07-10,86.52035,88.37191,86.48843,88.21229,5805400
2023-07-11,88.37191,89.010376,87.97286,88.76297,4746113
2023-07-12,88.81883,89.36153,88.4996,88.74701,5403938
2023-07-13,88.78691,89.24182,88.44373,88.81085,3477075
2023-07-14,88.58739,88.76297,87.81325,88.012772,3405529
2023-07-17,88.1245,89.50519,87.90902,88.69912,4557412
2023-07-18,88.50758,89.2498,88.20431,88.63528,4476718
2023-07-19,88.052673,88.43575,86.85555,87.70152,5604920
2023-07-20,87.82123,89.25778,87.75739,88.77893,5158852
2023-07-21,88.93855,89.2897,87.64565,88.052673,10277106
2023-07-24,88.10854,88.57143,87.83719,87.98883,6687261
2023-07-25,91.38068,94.14206,90.68636,93.50359,21329067
2023-07-26,93.48763,93.68715,90.5427,91.55627,9449750
2023-07-27,92.22665,93.5834,91.72386,92.11492,7752311
2023-07-28,92.20271,92.4581,90.9976,91.2929,5600785
2023-07-31,91.3328,91.58021,90.75818,91.17319,5169252
2023-08-01,90.73424,91.14126,89.60096,90.35914,6595040
2023-08-02,90.15961,90.5826,89.32961,89.36153,5377375
2023-08-03,89.2498,90.31924,89.026337,89.67278,4347409
2023-08-04,90.039902,90.87789,89.22586,90.23145,6118274
2023-08-07,90.61452,91.76376,90.61452,91.56425,4140914
2023-08-08,91.2929,91.64405,90.27933,90.62251,4735463
2023-08-09,90.90183,90.92578,89.36951,89.52115,3900213
2023-08-10,89.74461,91.81165,89.74461,90.63847,5853515
2023-08-11,90.61452,92.090981,90.5427,91.46049,4463437
2023-08-14,91.38068,92.4581,91.14126,92.21867,4916020
2023-08-15,91.5004,91.50838,90.55866,90.86193,4276614
2023-08-16,90.76616,92.051079,90.55866,90.63847,4614924
2023-08-17,90.96568,91.2929,88.53951,88.55547,5734981
2023-08-18,88.028732,89.32961,87.80527,89.21788,5651281
2023-08-21,89.4174,89.76855,88.60336,89.40144,3686075
2023-08-22,89.50519,90.22346,88.45969,89.11413,3308421
2023-08-23,88.98643,90.79011,88.98643,90.55866,3568043
2023-08-24,90.34318,90.94972,88.60336,88.61932,4211960
2023-08-25,88.94653,89.68076,87.96488,89.36153,3903596
2023-08-28,89.82442,91.20511,89.50519,90.94972,3524313
2023-08-29,90.71828,92.31445,90.11971,92.043098,5833091
2023-08-30,91.66002,92.24261,90.94174,91.22905,6086573
2023-08-31,91.44453,91.73184,90.83001,91.34876,5218620
2023-09-01,91.79569,92.14685,90.60654,91.17319,4435119
2023-09-05,90.73424,91.13328,89.63288,90.087791,4406550
2023-09-06,90.06385,91.037514,89.32961,89.92817,5018014
2023-09-07,89.56105,90.30327,88.9146,89.21788,4139035
2023-09-08,88.98643,89.40942,88.76297,89.16201,3170967
2023-09-11,89.585,91.22107,89.48125,91.18915,5272499
2023-09-12,91.18117,93.23225,90.98164,91.77973,5275255
2023-09-13,91.53233,92.067039,89.89625,90.66241,3508651
2023-09-14,91.27693,93.5435,91.23703,92.29848,6637768
2023-09-15,92.11492,92.50599,91.14126,92.17079,8437076
2023-09-18,92.40224,93.71907,91.71588,93.032722,4700880
2023-09-19,92.59377,93.12051,91.95531,92.74541,3882045
2023-09-20,93.00080109,93.91061,91.63607,91.66002,5134919
2023-09-21,90.94174,91.25299,89.43336,90.17558,5760292
2023-09-22,90.10375,90.34318,88.64326,88.78691,6249463
2023-09-25,88.36393,89.35355,88.2921,89.16201,4741101
2023-09-26,88.58739,89.33759,87.58978,87.73344,6022043
2023-09-27,88.2921,89.074219,87.90902,88.4996,5912656
2023-09-28,88.63528,90.17558,88.45171,89.65682,5518337
2023-09-29,89.88827,89.98404,87.71748,88.22825,4924165
2023-10-02,88.14845,88.74701,86.27294,86.82362,5389278
2023-10-03,86.44054,87.78133,85.42697,86.0015945,8624900
2023-10-04,86.1692,87.15882,85.68237,86.87151,4876551
2023-10-05,86.48843,87.11093,85.5387,86.76775,4819539
2023-10-06,86.47247,89.30566,86.15323,88.96249,5284026
2023-10-09,88.59537,88.69912,87.42219,87.99681,5418473
2023-10-10,88.75499,90.17558,88.46767,88.97047,5707039
2023-10-11,89.38548,90.50279,89.23384,90.39106,3580573
2023-10-12,90.5826,90.77414,88.39585,88.85076,3861746
2023-10-13,88.82681,88.96249,86.71987,87.29449,4578337
2023-10-16,87.70152,88.52354,86.18516,87.10295,5616698
2023-10-17,86.7917,88.33998,86.24102,87.80527,4916647
2023-10-18,87.0071793,87.45411,85.72227,85.84996,6080433
2023-10-19,85.92977,87.07103,85.13168,85.35515,5035055
2023-10-20,85.15562,85.58659,84.22187,84.66081,9714760
2023-10-23,84.98005,86.43256,84.75658,85.14764,7300229
2023-10-24,88.6273,91.69194,86.44852,90.67838,15904078
2023-10-25,91.24501,91.24501,88.65922,88.74701,8224191
2023-10-26,89.20191,89.64086,85.37111,86.8316,9738191
2023-10-27,87.18276,87.66161,84.38148,84.8763,6677237
2023-10-30,85.81006,88.17239,85.73025,87.63767,5611435
2023-10-31,87.39825,87.58978,86.26496,86.69593,6349452
2023-11-01,86.43256,86.4565,84.4613,85.59457,12703791
2023-11-02,86.89545,87.17478,85.68237,86.017555,9398127
2023-11-03,86.63208,87.35036,86.26496,86.92738,6941620
2023-11-06,87.22266,89.2897,86.6241,89.20989,6131806
2023-11-07,88.8747,90.12769,88.47565,89.22586,5237415
2023-11-08,89.54509,91.021545,89.37749,90.86193,6065021
2023-11-09,91.26097,91.59617,90.12769,90.25539,5786605
2023-11-10,90.76616,92.22665,90.3352,91.99521,4382618
2023-11-13,91.89146,93.024742,91.54829,92.19473,5753776
2023-11-14,92.97685,93.82282,92.23463,93.57542,6007634
2023-11-15,93.34397,93.77494,92.35435,92.81724,5245309
2023-11-16,93.048683,94.94015,92.82522,94.92418,5825072
2023-11-17,95.23544,95.834,94.92418,95.71429,5186418
2023-11-20,95.71429,96.36073,95.48284,95.82602,5190678
2023-11-21,95.61053,95.96967,95.0039902,95.68237,3506019
2023-11-22,95.69035,96.16122,95.25938,95.45092,3773785
2023-11-24,95.75419,96.049484,95.51476,95.74621,1981995
2023-11-27,95.53072,96.025536,95.22746,95.74621,3984415
2023-11-28,95.74621,95.85794,94.62091,94.85236,4378107
2023-11-29,95.38707,95.53072,94.53312,94.86034,3792831
2023-11-30,95.011971,97.23862,94.89226,97.2067,10174611
2023-12-01,97.12689,98.36393,96.94334,97.76537,5668572
2023-12-04,97.21468,97.69353,96.69593,96.99122,4747116
2023-12-05,96.57622,96.71189,95.76217,95.95371,3688206
2023-12-06,96.63208,97.82921,95.53072,95.61852,3964241
2023-12-07,95.37111,95.78611,94.30965,95.35515,5064626
2023-12-08,95.051872,96.42458,94.95611,96.24102,4925418
2023-12-11,96.24102,96.49641,95.48284,95.99361,4643869
2023-12-12,96.56026,97.7494,96.25698,97.62171,4664543
2023-12-13,97.47007,97.65363,96.18516,96.71189,5506309
2023-12-14,96.67199,97.68555,95.69035,96.84756,10454155
2023-12-15,97.69353,98.69912,97.23064,98.34796,13586279
2023-12-18,98.69912,98.83479,98.24422,98.67518,5206215
2023-12-19,98.72307,100.5427,98.72307,100.51077,5957138
2023-12-20,100.10375,100.73424,98.33998,98.45969,6231921
2023-12-21,99.14605,101.39664,99.11413,101.3328,5185165
2023-12-22,101.668,102.17877,100.70232,101.10934,4030650
2023-12-26,101.19713,101.92339,101.069435,101.73184,2480063
2023-12-27,101.27693,102.48204,101.23703,102.31445,3314310
2023-12-28,102.15483,103.11253,102.0031891,102.41022,3965494
2023-12-29,102.34637,102.53791,101.32482,101.85954,4441133
2024-01-02,101.36472,102.27454,99.95212,100.51875,5189425
2024-01-03,99.85635,99.93615,98.68316,99.010376,4531850
2024-01-04,99.20191,100.3751,99.098167,99.48923,4364199
2024-01-05,99.68076,100.83001,99.54509,100.79011,4190157
2024-01-08,100.73424,102.49801,99.13009,102.37829,6920068
2024-01-09,101.57223,102.77734,101.31684,102.77734,4815028
2024-01-10,102.71349,103.88667,102.56185,103.51157,4571320
2024-01-11,103.84677,103.91061,102.0031891,103.61533,5014005
2024-01-12,104.22985,104.38947,103.096565,103.5834,5640380
2024-01-16,103.11253,103.63129,101.54829,102.13088,6314619
2024-01-17,101.69194,102.69753,100.7103,101.26097,5031171
2024-01-18,101.51636,102.68954,101.17319,102.59377,6508082
2024-01-19,102.71349,103.7909,101.7079,103.59937,6154611
2024-01-22,103.97446,105.56265,103.9585,104.73264,10052443
2024-01-23,101.85954,105.2514,100.9577,103.71109,13333800
2024-01-24,103.96648,104.062248,100.91779,103.69513,10785198
2024-01-25,104.26177,105.74621,103.50359,103.69513,6086573
2024-01-26,104.17398,105.5387,104.062248,104.70072,4696495
2024-01-29,104.86832,105.4589,103.50359,104.62889,6126544
2024-01-30,104.93216,107.1668,104.72466,106.88747,7871346
2024-01-31,106.75977,107.31844,105.44294,105.68237,6253472
2024-02-01,106.1692,108.10854,105.72227,108.068634,6190572
2024-02-02,108.084595,109.6648,107.77335,108.97047,6103864
2024-02-05,108.52354,110.64645,108.33998,109.90423,7158013
2024-02-06,109.88029,110.44693,109.0023956,109.80048,6026178
2024-02-07,110.63049,110.79809,110.079811,110.53471,5807655
2024-02-08,110.65443,111.31684,110.3352,110.97366,4327110
2024-02-09,110.94174,111.27693,110.30327,111.15723,4324604
2024-02-12,111.36472,112.38628,110.85395,111.86752,4516313
2024-02-13,111.59617,113.16042,110.68636,113.14445,9054930
2024-02-14,114.1261,117.23862,113.60735,116.9194,13116028
2024-02-15,117.31844,118.82681,117.15084,118.41181,8627532
2024-02-16,118.8747,120.0,118.52354,119.042297,8616756
2024-02-20,118.93056,119.98404,117.97286,118.61134,7166032
2024-02-21,118.49162,119.22586,117.84517,118.97047,5304826
2024-02-22,119.59298,121.50838,119.59298,121.045494,5753024
2024-02-23,121.30886,122.74541,121.23703,122.37031,7066168
2024-02-26,122.63368,123.84677,122.55387,123.51955,7705449
2024-02-27,123.69513,123.71109,122.18675,122.89705,7300354
2024-02-28,123.032722,125.22746,122.76138,124.18994,7633025
2024-02-29,124.49322,125.44294,123.78292,125.21149,8177329
2024-03-01,125.29928,127.15084,125.19553,126.61612,8698201
2024-03-04,127.19074,129.10614,126.56026,128.4996,8402242
2024-03-05,128.90663,129.40942,124.96409,125.98563,8003663
2024-03-06,126.97526,128.47566,126.47247,127.29449,8198755
2024-03-07,129.32162,133.064651,128.94653,132.88109,14393838
2024-03-08,135.28333,140.31125,133.55946,134.046295,21242234
2024-03-11,133.35196,134.41341,130.071823,132.92897,9338609
2024-03-12,133.63927,133.91859,130.83,133.64725,6928589
2024-03-13,132.090988,136.51237,132.090988,135.80208,8462887
2024-03-14,135.8739,136.27295,132.18675,133.080612,9460777
2024-03-15,132.20271,136.073425,131.59618,134.78851,13263757
2024-03-18,134.84438,136.27295,134.54111,135.60255,6228788
2024-03-19,135.52275,138.81085,134.8763,138.43576,9360787
2024-03-20,137.75739,139.48923,137.27853,138.81085,7229434
2024-03-21,139.36153,141.30087,138.14046,140.97366,7890893
2024-03-22,140.70232,141.66002,139.72865,139.78452,6842132
2024-03-25,139.39346,140.071823,137.90103,138.4597,6288181
2024-03-26,138.4597,139.70471,137.58978,138.50758,5056983
2024-03-27,139.68077,143.94254,139.40942,143.75099,12606433
2024-03-28,143.61533,143.63129,139.13008,140.087784,12122274
2024-04-01,140.14366,140.48683,138.11652,139.95212,7399592
2024-04-02,140.53,144.50999,133.99001,136.47,20490400
2024-04-03,138.14999,147.94,138.0099945,145.62,16208500
2024-04-04,146.64999,151.99001,146.21001,147.39,11880200
2024-04-05,148.53,156.47,148.53,156.3,14768500
2024-04-08,157.47,157.95,153.7,156.52,9588800
2024-04-09,156.13,157.87,150.92999,154.49001,8808800
2024-04-10,151.89,157.78999,151.64999,156.61,8075400
2024-04-11,157.070007,158.44,154.75,157.67999,6063200
2024-04-12,155.89999,156.98,153.029999,154.63,6846900
2024-04-15,157.2,158.69,152.69,153.7,6423700
2024-04-16,152.7,157.020004,152.0,156.75999,6187200
2024-04-17,158.0,158.67999,153.63,155.67,6519900
2024-04-18,156.67999,158.0,152.88,152.94,6186600
2024-04-19,153.45,153.53,146.78,148.059998,9563800
2024-04-22,148.83,151.91,148.83,150.19,7322800
2024-04-23,157.83,163.64999,152.82001,162.62,19250900
2024-04-24,161.87,162.34,155.56,159.19,10416000
2024-04-25,158.089996,161.48,157.12,161.25999,5908200
2024-04-26,161.0099945,163.37,160.31,162.35001,5898000
2024-04-29,163.0,166.070007,163.0,164.49001,5371700
2024-04-30,163.56,166.25999,161.58,161.82001,6723600
2024-05-01,162.57001,163.3,158.82001,159.7,4775800
2024-05-02,161.39,162.82001,159.42,162.64,5030400
2024-05-03,165.3,165.3,162.0099945,164.11,3968600
2024-05-06,165.12,167.98,165.029999,167.97,4831600
2024-05-07,167.81,170.8,167.22,168.78,4781800
2024-05-08,168.10001,170.19,168.10001,168.86,4878200
2024-05-09,168.75999,169.34,167.13,167.5,4968800
2024-05-10,167.91,168.74001,163.11,163.38,5711300
2024-05-13,163.080002,163.11,158.86,159.5,7768600
2024-05-14,158.64,160.82001,158.029999,160.0,6103500
2024-05-15,160.0,163.74001,159.23,163.47,7133300
2024-05-16,163.0,163.92,161.089996,161.12,4283200
2024-05-17,161.82001,161.88,159.10001,159.89,5946300
2024-05-20,159.92,161.42,158.82001,159.28,5586800
2024-05-21,157.94,161.22,157.36,161.0,5071300
2024-05-22,160.49001,161.74001,159.73,160.81,4432200
2024-05-23,161.99001,166.27,161.75,165.25999,7411500
2024-05-24,165.83,169.14999,163.85001,167.33,5498700
2024-05-28,167.0,168.64999,165.31,168.56,5749700
2024-05-29,166.60001,167.42999,163.39,163.60001,4820800
2024-05-30,163.48,165.020004,163.19,164.2,4385400
2024-05-31,164.28999,165.35001,160.070007,165.14,11704800
2024-06-03,166.12,166.78999,159.029999,161.46001,5220500
2024-06-04,161.0,161.98,158.35001,161.38,5598600
2024-06-05,161.83,162.94,160.52,162.55,4279900
2024-06-06,162.3,163.17,159.75999,160.62,3867300
2024-06-07,160.7,163.8,160.10001,161.92,3341800
2024-06-10,162.0,163.89999,161.56,162.84,4385900
2024-06-11,162.029999,162.25999,159.61,160.36,5106400
2024-06-12,161.25999,162.94,159.17999,161.050003,5790700
2024-06-13,160.59,160.63,154.17999,155.69,8080900
2024-06-14,154.22,156.60001,153.22,155.88,6247400
2024-06-17,156.14,167.5,155.45,163.23,9564800
2024-06-18,163.39999,165.19,162.36,164.97,5105300
2024-06-20,164.97,166.3,163.050003,165.0,4957200
2024-06-21,164.5,164.92,161.3,164.24001,17196600
2024-06-24,164.10001,164.75999,159.2,160.53999,5519000
2024-06-25,159.58,163.64999,158.42,159.73,6842500
2024-06-26,158.57001,161.020004,157.52,160.64,3998000
2024-06-27,160.8,161.85001,159.60001,160.5,3339700
2024-06-28,160.25999,161.62,157.89999,158.97,8641200
2024-07-01,160.67,161.39999,156.050003,158.97,4435100
2024-07-02,158.82001,162.94,158.25,161.45,5247300
2024-07-03,161.88,164.49001,161.53999,163.0,2577300
2024-07-05,163.24001,163.24001,159.66,160.5,4668300
2024-07-08,160.8,163.78,160.64999,163.53,3453300
2024-07-09,163.98,165.58,163.029999,163.13,3829900
2024-07-10,163.14999,165.99001,162.53999,165.7,3904600
2024-07-11,165.19,165.67999,161.78999,161.92,4553800
2024-07-12,161.88,162.3,158.8,159.0099945,5983400
2024-07-15,160.60001,160.75,158.60001,159.56,5383300
2024-07-16,159.88,163.87,159.64999,162.85001,6500700
2024-07-17,161.64999,161.95,156.50999,156.66,6041200
2024-07-18,157.37,160.44,156.42,158.78999,5274800
2024-07-19,159.66,160.44,157.62,159.13,5459800
2024-07-22,159.97,162.94,159.77,162.75999,6350500
2024-07-23,166.0,177.2,164.62,172.0,16428000
2024-07-24,171.5,172.87,162.050003,162.3,7335200
2024-07-25,163.3,168.2,161.92,164.67,8791500
2024-07-26,167.25,172.62,166.11,169.81,7297700
2024-07-29,171.25,172.73,168.39999,169.87,4886600
2024-07-30,170.48,174.73,167.27,167.48,5329500
2024-07-31,170.87,171.75,167.96001,170.2,5568800
2024-08-01,170.75,174.7,168.22,169.75,6112900
2024-08-02,165.57001,167.42999,158.36,160.28,8210700
2024-08-05,152.49001,159.89999,150.2,158.36,7064800
2024-08-06,159.92999,165.45,159.75999,162.27,5056700
2024-08-07,164.42,166.27,161.57001,162.13,4307500
2024-08-08,164.48,166.33,163.56,165.61,3842700
2024-08-09,165.45,167.88,164.57001,167.13,2770100
2024-08-12,167.63,168.78,164.62,166.87,3173700
2024-08-13,167.75999,168.63,166.25,167.96001,2942400
2024-08-14,168.5,169.17999,165.62,167.95,4456000
2024-08-15,168.75,170.75,168.22,169.94,4162500
2024-08-16,170.050003,170.33,168.86,169.42,3305600
2024-08-19,169.61,171.0,168.020004,170.92999,4506000
2024-08-20,170.91,170.91,169.19,169.99001,2573900
2024-08-21,170.10001,172.19,169.85001,171.2,4102900
2024-08-22,171.74001,171.98,168.77,169.67999,2996600
2024-08-23,170.0,171.38,168.85001,171.22,4058000
2024-08-26,170.53999,171.92999,169.58,171.22,3707300
2024-08-27,170.7,171.5,169.60001,170.99001,3206000
2024-08-28,171.2,173.17,170.28999,171.87,4578700
2024-08-29,172.62,175.97,172.49001,173.58,4262500
2024-08-30,173.96001,174.82001,171.77,174.62,5295600
2024-09-03,174.19,174.75,163.60001,164.21001,6099600
2024-09-04,163.5,166.62,163.39999,166.36,4112400
2024-09-05,164.78,166.0,162.50999,163.85001,3144200
2024-09-06,164.50999,166.039993,160.59,161.23,3954900
2024-09-09,163.49001,166.38,162.91,165.35001,3716000
2024-09-10,167.45,167.73,164.25,166.98,3473200
2024-09-11,166.24001,166.73,162.23,166.35001,4258000
2024-09-12,166.50999,170.97,166.23,169.7,5150100
2024-09-13,169.41,179.32001,169.21001,178.28,7360800
2024-09-16,178.72,181.52,176.25999,181.44,6844600
2024-09-17,181.50999,182.42999,178.99001,180.33,5936900
2024-09-18,181.2,185.77,180.42999,183.55,5686500
2024-09-19,187.64999,187.99001,184.28,186.16,5021500
2024-09-20,185.0,187.84,184.32001,187.42999,9895700
2024-09-23,187.81,189.78,187.39999,188.67,3972500
2024-09-24,188.67,189.8,187.0,189.66,3648900
2024-09-25,189.83,190.88,188.2,189.33,3214800
2024-09-26,189.39999,189.55,184.53,184.59,4781500
2024-09-27,184.17,186.19,183.13,185.38,4452800
2024-09-30,185.080002,188.71001,183.089996,188.58,5628400
2024-10-01,187.49001,188.22,184.92,186.3,3794000
2024-10-02,185.57001,188.2,184.73,186.44,2879800
2024-10-03,186.5,186.71001,183.7,183.89,3999500
2024-10-04,186.58,187.16,184.86,187.080002,3978300
2024-10-07,185.94,187.23,184.8,185.96001,2514200
2024-10-08,187.62,189.88,186.56,187.47,3627200
2024-10-09,186.63,189.42,186.5,189.28,2312600
2024-10-10,188.14999,189.75,187.39,188.12,2300900
2024-10-11,189.41,191.77,189.059998,191.16,2983900
2024-10-14,191.98,193.92999,191.66,192.63,3132900
2024-10-15,193.85001,194.33,189.75999,190.57001,3824300
2024-10-16,190.5,192.22,189.92,192.17999,2912800
2024-10-17,194.089996,194.8,192.2,192.62,2633300
2024-10-18,193.10001,193.44,191.14,192.61,3075900
2024-10-21,192.91,194.39,192.020004,194.23,4728800
2024-10-22,184.5,185.0,175.75,176.66,15636200
2024-10-23,179.7,184.98,179.62,181.69,9788600
2024-10-24,181.89999,182.21001,179.63,179.74001,4366800
2024-10-25,180.0,181.42,178.3,179.10001,3974900
2024-10-28,179.98,180.58,175.21001,175.36,5687400
2024-10-29,174.56,174.89999,172.77,174.050003,5219300
2024-10-30,172.98,176.53,172.50999,174.64,3694000
2024-10-31,172.0,173.62,170.42999,171.78,5177100
2024-11-01,172.75999,175.27,171.59,171.7,3984900
2024-11-04,172.3,174.67999,171.45,171.75999,4197400
2024-11-05,172.36,175.47,171.77,175.25999,3607300
2024-11-06,181.5,182.059998,178.5,180.75999,5939500
2024-11-07,181.020004,181.020004,176.77,178.85001,5084200
2024-11-08,179.64999,186.42,179.45,184.81,4676500
2024-11-11,186.63,187.47,183.7,184.56,3371900
2024-11-12,185.070007,185.7,180.59,182.64,3158000
2024-11-13,182.95,186.3,182.75999,183.56,3934800
2024-11-14,183.0,183.8,177.49001,178.39999,5085600
2024-11-15,176.75,177.92,175.89,176.92999,5302100
2024-11-18,177.0,178.57001,175.13,177.52,2835300
2024-11-19,176.5,177.88,175.7,177.56,3216000
2024-11-20,178.10001,178.53999,176.0,177.98,3225400
2024-11-21,178.41,180.94,177.34,178.7,4532000
2024-11-22,179.3,181.74001,178.78,181.14999,3405200
2024-11-25,182.24001,183.7,179.55,180.21001,9740700
2024-11-26,180.87,184.92999,180.42,184.60001,3918900
2024-11-27,184.64,184.69,180.44,180.60001,2726200
2024-11-29,181.45,182.97,181.13,182.16,2054700
2024-12-02,180.8,181.64,179.42,180.44,2817700
2024-12-03,181.0,182.24001,179.91,180.72,2882300
2024-12-04,180.5,182.89999,178.0,182.64999,3713400
2024-12-05,180.33,180.77,172.71001,172.91,7547300
2024-12-06,173.3,175.83,172.44,175.58,6899600
2024-12-09,175.0,176.37,170.77,171.32001,6500800
2024-12-10,171.0099945,173.16,170.61,171.27,5100300
2024-12-11,173.17,173.17,167.92999,168.64,7606400
2024-12-12,168.64,169.28,164.45,164.83,7808600
2024-12-13,165.64999,167.87,165.53999,166.0099945,4957100
2024-12-16,166.32001,169.2,165.45,165.78999,7436000
2024-12-17,165.8,166.50999,163.53,165.8,4855100
2024-12-18,166.0,166.63,159.60001,159.95,8059100
2024-12-19,163.029999,165.77,162.17999,164.8,6257600
2024-12-20,163.97,169.080002,163.16,168.37,9281500
2024-12-23,168.12,169.33,166.55,169.020004,4127700
2024-12-24,169.24001,171.49001,168.85001,171.49001,2235700
2024-12-26,171.020004,172.67,170.13,172.14999,3309700
2024-12-27,170.72,171.47,168.98,170.080002,3188400
2024-12-30,167.2,169.23,166.0099945,168.10001,4117500
2024-12-31,168.5,168.55,166.14999,166.78999,2806900
2025-01-02,167.92,170.7,167.22,168.59,4148000
2025-01-03,169.22,172.63,169.0,171.96001,3975500
2025-01-06,173.14999,173.67999,171.17999,172.45,4980300
2025-01-07,172.22,173.7,170.78,172.31,6496400
2025-01-08,172.0,173.58,170.71001,172.89,4527700
2025-01-10,172.39999,173.46001,170.74001,171.69,5131200
2025-01-13,169.50999,172.52,169.0,171.57001,5610800
2025-01-14,173.11,177.89999,172.39999,176.86,6432700
2025-01-15,179.070007,180.88,178.88,180.28999,7397000
2025-01-16,181.67999,182.88,178.62,179.74001,6144700
2025-01-17,180.78,183.19,179.96001,182.85001,5899100
2025-01-21,184.89999,189.32001,184.50999,187.5,7508400
2025-01-22,188.080002,189.24001,186.61,188.36,7457800
2025-01-23,201.39999,207.64999,198.10001,200.8,14403500
2025-01-24,202.5,203.0,195.52,196.75,7835700
2025-01-27,194.34,196.63,192.74001,194.46001,7674800
2025-01-28,195.3,196.55,191.78999,194.42999,4858800
2025-01-29,194.92999,199.94,194.92999,199.10001,5595800
2025-01-30,199.81,205.92999,199.48,205.57001,6282100
2025-01-31,205.84,205.87,203.070007,203.57001,5514300
2025-02-03,200.0,204.73,198.97,204.11,4678300
2025-02-04,202.92999,204.53999,200.42999,202.17999,5413800
2025-02-05,203.88,205.28,201.78999,204.58,3239400
2025-02-06,205.0,206.10001,204.059998,206.059998,3113200
2025-02-07,206.48,207.84,204.5,205.28,3954400
2025-02-10,206.14,206.66,203.39999,205.22,3787500
2025-02-11,205.0,209.14999,204.44,208.82001,4110900
2025-02-12,206.7,211.42,206.14,209.64,4595200
2025-02-13,211.12,211.3,206.27,208.36,3763300
2025-02-14,208.66,209.16,204.97,208.27,4268500
2025-02-18,209.87,212.19,209.32001,210.080002,4396000
2025-02-19,209.039993,211.78,208.88,210.5,2699100
2025-02-20,209.73,210.28,207.14999,208.74001,2969100
2025-02-21,208.36,209.12,198.44,199.83,5419500
2025-02-24,202.63,203.25,197.42999,198.71001,4299100
2025-02-25,198.98,200.080002,194.84,199.27,4121400
2025-02-26,201.75999,204.60001,199.99001,201.61,3157400
2025-02-27,204.42,205.47,201.10001,201.42999,3480200
2025-02-28,201.95,207.32001,201.029999,206.98,6117400
2025-03-03,207.089996,208.48,200.81,201.96001,5376400
2025-03-04,198.0,203.039993,193.25999,198.77,6164200
2025-03-05,198.87,204.47,198.69,202.5,6221200
2025-03-06,199.0,200.22,195.28,196.050003,5621400
2025-03-07,195.070007,195.75,187.67999,193.85001,7681300
2025-03-10,189.2,192.21001,187.91,192.12,6195000
2025-03-11,189.92999,193.67999,188.32001,191.72,5356700
2025-03-12,194.92,197.25,192.42999,195.0,4735000
2025-03-13,194.55,195.62,191.67,192.42,3837200
2025-03-14,195.37,197.7,193.60001,197.11,3263200
2025-03-17,197.0,203.60001,196.33,202.029999,3733000
2025-03-18,201.8,201.98,199.52,200.78999,3983100
2025-03-19,201.32001,206.82001,201.32001,205.57001,3564000
2025-03-20,205.0,206.17,203.11,203.92999,3970800
2025-03-21,202.60001,204.31,200.82001,204.13,7976300
2025-03-24,206.92,210.88,205.60001,210.23,4043900
2025-03-25,210.77,212.75999,210.25,212.13,4315200
2025-03-26,212.28999,214.21001,206.69,207.37,4791100
2025-03-27,206.36,207.69,202.8,205.88,3301900
2025-03-28,205.60001,206.86,199.59,199.88,5178400
2025-03-31,197.53,201.57001,194.45,200.14999,6923100
2025-04-01,199.56,204.5,198.47,203.78999,3854000
2025-04-02,199.48,202.19,198.42999,199.77,6026500
2025-04-03,189.84,194.14999,186.72,187.63,12750500
2025-04-04,179.67999,183.16,165.42,166.81,18167100
2025-04-07,163.21001,175.34,159.36,167.7,18545500
2025-04-08,176.0,178.35001,166.36,169.37,11903400
2025-04-09,165.81,189.11,165.7,187.27,12548600
2025-04-10,181.89999,185.41,175.96001,181.50999,8150900
2025-04-11,179.0099945,184.25,175.050003,181.67,6491100
2025-04-14,185.35001,187.61,183.83,186.0,5319100
2025-04-15,183.88,188.44,182.28999,185.67,4999300
2025-04-16,184.070007,185.88,181.28,182.45,5128000
2025-04-17,183.39,184.24001,181.59,181.78999,4928200
2025-04-21,179.28999,180.78999,176.020004,178.35001,8501600
2025-04-22,186.5,190.0,182.10001,189.17999,13041000
2025-04-23,195.94,197.029999,192.57001,193.67999,7235700
2025-04-24,194.33,197.7,194.050003,197.41,5906300
2025-04-25,198.7,199.99001,197.25999,198.42999,4390600
2025-04-28,199.5,201.48,198.60001,200.86,3416900
2025-04-29,200.49001,202.42999,199.64999,200.5,3444200
2025-04-30,198.60001,202.029999,196.86,201.53999,4436300
2025-05-01,202.25,205.24001,200.86,203.61,4687600
2025-05-02,206.32001,208.72,205.56,207.7,3831700
2025-05-05,206.31,210.52,205.64999,208.94,4466500
2025-05-06,206.020004,209.83,205.92,208.60001,3169600
2025-05-07,208.89999,210.63,208.22,209.92,3968300
2025-05-08,211.0,216.8,210.50999,214.49001,5870300
2025-05-09,215.21001,216.12,212.73,214.96001,3778200
2025-05-12,219.34,219.98,211.14999,218.95,5468000
2025-05-13,220.0,223.55,219.3,221.58,7188700
2025-05-14,222.94,223.35001,220.45,223.24001,4764700
2025-05-15,223.45,230.089996,223.45,229.38,7207700
2025-05-16,229.070007,232.32001,227.59,231.78,4651700
2025-05-19,229.5,235.87,228.92,235.28999,4734400
2025-05-20,234.16,236.080002,233.8,235.25999,4311000
2025-05-21,234.86,237.3,232.66,233.53999,4631000
2025-05-22,231.19,232.45,229.42,230.27,6909400
2025-05-23,228.84,233.69,228.0099945,232.78999,4234200
2025-05-27,235.42,242.28,235.10001,241.78,7162400
2025-05-28,241.78,246.0,241.60001,243.67,9570500
2025-05-29,244.53,244.94,241.49001,244.16,5243700
2025-05-30,243.39,246.86,242.3,245.91,9143000
2025-06-02,245.85001,248.10001,244.50999,247.48,5450800
2025-06-03,247.5,250.5,244.17999,248.87,6456200
2025-06-04,249.98,253.059998,249.72,250.88,5811500
2025-06-05,252.48,253.0099945,250.11,251.92,4188200
2025-06-06,253.0,257.47,252.070007,255.63,5796700
2025-06-09,254.020004,255.32001,251.14,251.41,5771600
2025-06-10,250.78,251.25,239.75,242.0,11230900
2025-06-11,242.64,246.96001,238.50999,245.52,6940800
2025-06-12,240.0,243.42999,238.67999,239.99001,8946600
2025-06-13,235.0,238.0,233.7,236.60001,7420300
2025-06-16,237.60001,239.94,236.070007,236.53999,4505600
2025-06-17,236.73,238.97,234.88,235.75,5720500
2025-06-18,235.96001,239.52,232.24001,235.89,7761100
2025-06-20,239.72,240.8,236.50999,239.37,9142100
2025-06-23,239.24001,248.46001,238.62,247.81,8052000
2025-06-24,248.38,249.39,245.57001,248.75,5255700
2025-06-25,250.080002,250.99001,248.48,249.89999,5197400
2025-06-26,251.17999,255.48,250.0,251.0,6790300
2025-06-27,251.85001,260.54999,251.78,254.50999,26988000
2025-06-30,256.31,257.89001,253.87,257.39001,8135800
2025-07-01,255.75,255.75,247.11,249.020004,7178300
2025-07-02,248.0,249.13,243.66,244.75,6228600
2025-07-03,245.55,248.7,245.0,246.88,3089500
2025-07-07,247.52,249.44,246.48,248.64999,5336400
2025-07-08,248.0,249.46001,243.34,247.050003,5994500
2025-07-09,248.99001,251.72,246.82001,250.33,5589500
2025-07-10,250.61,252.67999,246.75,252.57001,5462500
2025-07-11,251.5,256.88,251.39999,255.42,7867200
2025-07-14,256.19,262.45999,256.0,262.34,7502200
2025-07-15,263.92001,265.059998,261.73999,264.67001,9392400
2025-07-16,264.0,266.85999,262.029999,266.17999,11912900
2025-07-17,269.79999,272.79999,258.16,260.28,16260200
2025-07-18,265.39999,269.70001,262.56,263.26999,8619800
2025-07-21,263.69,266.25,259.57999,262.85999,5208500
2025-07-22,260.73001,261.5,254.66,259.0,4751300
2025-07-23,260.53,263.73001,259.95001,263.17999,4689800
2025-07-24,263.56,269.84,263.17999,268.01001,5206700
2025-07-25,268.82999,272.82999,268.26001,271.59,4598400
2025-07-28,273.35999,273.44,267.44,270.60999,5006400
2025-07-29,272.73001,273.79999,269.12,270.31,4125300
2025-07-30,270.92001,273.63,269.51001,273.54999,4697000
2025-07-31,273.070007,274.94,269.88,271.079987,4524000
2025-08-01,265.53,270.54999,261.70999,269.38,4416300
2025-08-04,270.51001,276.85001,270.22,276.23001,3744000
2025-08-05,276.26001,277.0,268.62,272.12,4000600
2025-08-06,273.5,275.049988,269.91,272.28,3576800
2025-08-07,271.95001,272.87,268.73001,272.019989,3050400
2025-08-08,273.57999,277.17999,272.57999,275.01001,4467300
2025-08-11,275.14999,276.41,272.54999,275.20001,3360100
2025-08-12,276.040009,280.54001,275.70001,279.63,3630100
2025-08-13,281.0,281.5,264.079987,268.85999,7599600
2025-08-14,272.98999,274.16,269.48001,269.70001,4481700
2025-08-15,268.92001,269.70001,265.20999,267.85001,5203300
2025-08-18,267.89999,269.60999,266.51001,268.45001,2697000
2025-08-19,266.31,268.95999,263.79999,265.92999,3404900
2025-08-20,265.45999,268.94,263.81,266.44,3854700
2025-08-21,267.14001,271.92001,266.14001,268.70999,3266400
2025-08-22,269.73001,272.35001,266.37,266.53,5229300
2025-08-25,267.0,271.92001,266.56,266.60999,4301600
2025-08-26,267.98001,274.70001,267.42001,273.94,4693500
2025-08-27,273.70001,274.70001,272.23001,273.35001,2705700
2025-08-28,272.5,276.67001,272.13,276.0,3388100
2025-08-29,276.0,276.28,271.64001,275.20001,5037100
2025-09-02,273.89999,275.57999,268.01001,275.39001,4081200
2025-09-03,275.91,277.32001,273.60001,275.92999,4120400
2025-09-04,275.82999,282.35999,275.82999,282.26999,4591300
2025-09-05,282.26999,284.41,271.85999,279.23001,4952600
2025-09-08,280.0,282.92001,275.48999,276.049988,5008600
2025-09-09,275.38,277.079987,273.29999,276.23999,3073600
2025-09-10,277.54999,283.48999,276.89001,283.41,3206400
2025-09-11,283.73001,286.91,279.59,281.56,4016800
2025-09-12,281.56,283.53,280.70001,281.69,3249700
2025-09-15,281.98999,287.10999,281.62,286.78,3716600
2025-09-16,289.87,294.73999,288.84,292.97,5538400
2025-09-17,292.089996,292.70999,286.5,289.5,4149600
2025-09-18,290.70999,297.64999,290.20999,297.089996,3977500
2025-09-19,297.79001,303.029999,295.35999,301.14001,9652600
2025-09-22,300.10001,301.14999,296.35001,301.019989,4192800
2025-09-23,301.64999,305.76999,301.14999,305.63,3637400
2025-09-24,306.89999,307.25,298.79001,300.29999,5645500
2025-09-25,298.5,300.23999,294.87,297.17999,4504500
2025-09-26,299.92999,302.0,292.75,294.98001,3817600
2025-09-29,296.35999,297.92999,289.66,293.63,3860800
2025-09-30,294.70999,301.47,293.91,300.82001,4112400
2025-10-01,296.38,302.23001,295.029999,300.88,3633300
2025-10-02,302.31,303.44,296.79999,299.45001,2508200
2025-10-03,299.45999,302.75,295.45999,297.0,2817000
2025-10-06,295.79999,299.29001,294.75,298.22,2759800
2025-10-07,298.070007,302.73999,297.89001,301.73999,2578800
2025-10-08,303.39999,304.67001,299.59,302.56,2658600
2025-10-09,302.70999,304.0,296.10001,299.35001,4292500
2025-10-10,299.0,300.0,291.48999,291.48999,3380000
2025-10-13,296.0,297.57999,293.12,297.53,2604100
2025-10-14,294.84,302.29001,292.01001,300.079987,2516500
2025-10-15,301.54001,304.95001,295.72,300.12,2773000
2025-10-16,301.67001,303.049988,297.76001,299.84,2623100
2025-10-17,298.17001,302.95999,297.34,300.14001,3949300
2025-10-20,303.85999,305.42999,301.67001,302.67999,5058700
2025-10-21,307.29999,316.53,303.029999,306.63,6726600
2025-10-22,307.60001,309.0,294.79999,297.89001,5212200
2025-10-23,299.14999,307.089996,298.67999,306.39001,3091000
2025-10-24,309.19,310.29999,303.57001,303.87,3586800
2025-10-27,307.48999,313.32999,304.5,312.84,4244400
2025-10-28,312.10001,316.67001,309.45001,309.79001,3058100
2025-10-29,310.0,315.12,309.019989,314.28,3596800
2025-10-30,310.41,314.84,308.5,310.75,3782000
2025-10-31,311.73999,314.92001,307.17999,308.95001,4023800
2025-11-03,309.10001,311.69,306.28,308.62,3297600
2025-11-04,305.82001,309.23001,303.070007,304.20001,3938200
2025-11-05,303.45001,308.54001,302.5,305.10999,4711100
2025-11-06,303.73001,308.029999,301.44,305.26999,3467800
2025-11-07,304.029999,308.92001,297.70001,307.26999,4766500
2025-11-10,309.94,313.76001,308.92001,311.94,3716400
2025-11-11,310.5,312.72,307.049988,310.72,2682200
2025-11-12,310.78,312.45001,302.0,309.019989,3884500
2025-11-13,309.98001,311.38,302.57999,304.17001,4153300
2025-11-14,300.97,306.79999,296.25,304.82001,2803300
2025-11-17,306.82001,308.82001,298.54999,300.13,3076600
2025-11-18,295.82999,301.079987,293.75,296.01001,4053600
2025-11-19,295.85999,301.67001,295.5,300.82001,2952600
2025-11-20,305.39999,307.079987,290.48001,290.62,3733900
2025-11-21,290.62,291.70999,284.040009,287.44,5604100
2025-11-24,289.48001,294.82001,287.37,294.049988,11909200
2025-11-25,294.48999,295.98001,286.20999,293.44,4693100
2025-11-26,295.20999,298.60999,293.45999,296.62,4113700
2025-11-28,297.01001,298.67999,295.26001,298.45001,1376400
2025-12-01,295.75,296.39999,288.029999,288.45001,3756300
2025-12-02,290.79999,292.0,288.45999,289.32001,4255800
2025-12-03,288.040009,289.35001,284.5,288.48999,4059500
2025-12-04,288.85001,294.54001,287.66,291.85999,4195300
2025-12-05,291.67001,293.28,282.14999,283.94,5220300
2025-12-08,285.0,288.84,283.29999,287.19,4333200
2025-12-09,287.20001,290.45001,284.76999,285.31,3553400
2025-12-10,285.45001,285.88,281.31,283.60001,5807400
2025-12-11,282.079987,289.35999,279.64001,288.42001,5971500
2025-12-12,290.92999,304.01001,290.70001,299.81,9381900
2025-12-15,300.0,308.059998,299.91,300.98001,6808600
2025-12-16,297.66,301.39999,296.85999,298.73001,5271300
2025-12-17,299.12,301.23001,291.62,292.17999,3802500
2025-12-18,296.0,302.31,295.42001,301.69,4495100
2025-12-19,304.23001,308.42999,303.64001,307.20999,8856400
2025-12-22,309.64999,316.39999,305.92999,314.73001,6959900
2025-12-23,315.0,317.75,314.16,315.53,2724800
2025-12-24,315.98999,317.16,315.12,316.75,878500
2025-12-26,316.60001,318.059998,314.54001,315.14001,1882300
2025-12-29,313.34,314.0,311.25,311.57999,2773200
2025-12-30,311.94,312.92999,310.56,311.79001,3155100
