DateTime,Open,High,Low,Close,Volume
2015-01-02,195.3,195.73,192.7,194.41,1877700
2015-01-05,193.059998,194.039993,187.48,188.34,3413200
2015-01-06,188.3,188.66,183.92999,184.53,3429200
2015-01-07,186.85001,187.99001,185.77,187.28,1896800
2015-01-08,189.35001,190.82001,189.25,190.27,1962500
2015-01-09,190.48,191.31,186.96001,187.35001,1980700
2015-01-12,187.36,187.53,184.11,185.070007,2084200
2015-01-13,186.58,189.38,183.37,184.92999,2745300
2015-01-14,181.17999,182.50999,178.10001,180.23,5204700
2015-01-15,180.17999,181.60001,177.5,178.49001,3146000
2015-01-16,176.73,180.10001,174.059998,177.23,5124100
2015-01-20,177.57001,178.33,174.23,175.63,3606600
2015-01-21,174.55,178.39,172.82001,177.14999,3737000
2015-01-22,178.81,182.59,177.25,182.039993,6228200
2015-01-23,181.42999,182.98,180.42,180.49001,3123800
2015-01-26,178.72,180.99001,178.059998,180.42,2736500
2015-01-27,177.24001,178.64,176.3,176.49001,3335600
2015-01-28,177.73,177.97,172.97,173.050003,3017300
2015-01-29,173.17999,176.3,173.070007,175.99001,2421400
2015-01-30,174.13,175.69,172.32001,172.41,3037400
2015-02-02,172.99001,175.60001,172.25999,175.49001,2975300
2015-02-03,176.0099945,180.48,175.91,180.24001,3766900
2015-02-04,178.72,180.71001,178.53,178.78,2980500
2015-02-05,179.44,181.60001,179.23,180.77,2434400
2015-02-06,182.050003,184.62,181.14,183.42999,3250900
2015-02-09,181.69,182.95,181.14999,182.22,2421900
2015-02-10,183.35001,184.8,182.35001,184.56,2556300
2015-02-11,184.070007,188.19,183.75,187.64999,4079600
2015-02-12,188.25,190.0,187.39999,189.78,3086700
2015-02-13,189.87,191.33,188.34,189.0,2720400
2015-02-17,188.78,190.63,188.31,190.020004,2123300
2015-02-18,189.53999,190.039993,187.82001,188.67,1850700
2015-02-19,187.67999,189.85001,187.27,189.11,1470400
2015-02-20,188.35001,191.64,187.050003,191.50999,2317100
2015-02-23,190.74001,190.74001,189.27,190.31,1691100
2015-02-24,190.029999,193.28,189.67999,192.22,2627300
2015-02-25,191.55,192.45,190.46001,191.72,2775700
2015-02-26,190.50999,192.47,190.0,192.2,2449300
2015-02-27,191.19,192.5,189.78999,189.78999,2572400
2015-03-02,190.0,191.92,189.78,191.78999,1659400
2015-03-03,190.7,192.87,190.57001,191.27,1487800
2015-03-04,190.35001,190.82001,188.98,189.67,1648500
2015-03-05,190.13,190.72,189.070007,190.080002,1330100
2015-03-06,187.58,191.39999,186.58,186.91,4103600
2015-03-09,187.3,188.78999,186.57001,187.92999,2233700
2015-03-10,185.59,186.14,182.71001,182.71001,2768500
2015-03-11,183.3,185.84,183.0099945,184.17999,2098600
2015-03-12,185.94,190.0,185.94,189.95,3114800
2015-03-13,188.87,189.74001,186.16,189.34,3095100
2015-03-16,190.039993,192.49001,189.89999,191.89999,2127700
2015-03-17,190.97,191.24001,188.8,190.57001,1883200
2015-03-18,189.67,193.039993,189.2,192.32001,2790100
2015-03-19,191.75999,191.75999,189.089996,189.97,2097100
2015-03-20,190.47,193.92,189.89999,193.13,3473800
2015-03-23,193.27,194.25,191.96001,191.96001,1590500
2015-03-24,191.94,192.50999,191.16,191.28,1799100
2015-03-25,191.080002,191.23,187.35001,187.35001,2542000
2015-03-26,186.52,187.97,185.020004,187.24001,2377200
2015-03-27,187.19,188.48,186.27,188.059998,1539600
2015-03-30,189.24001,192.0,189.19,191.020004,2403800
2015-03-31,190.34,190.55,187.97,187.97,2146600
2015-04-01,187.94,192.33,186.96001,192.23,4031400
2015-04-02,191.73,192.73,190.85001,191.55,2296300
2015-04-06,190.17999,192.64,188.95,192.050003,1997000
2015-04-07,192.52,193.64,192.24001,192.39,1778000
2015-04-08,193.039993,193.85001,192.2,192.56,1997300
2015-04-09,192.86,195.089996,192.41,194.89,1986500
2015-04-10,194.64999,195.86,194.089996,195.64,1764800
2015-04-13,195.32001,197.38,194.77,195.58,2196100
2015-04-14,196.98,198.49001,195.71001,197.72,3267400
2015-04-15,198.21001,202.14,197.39,201.10001,5066100
2015-04-16,202.7,202.87,198.7,200.21001,5976900
2015-04-17,197.84,198.25,195.64999,197.35001,4578400
2015-04-20,199.070007,199.60001,197.92,198.10001,2616600
2015-04-21,198.97,199.5,196.58,196.84,1868300
2015-04-22,197.91,199.16,196.57001,198.32001,1938100
2015-04-23,198.16,200.49001,197.60001,199.31,2053400
2015-04-24,199.0,199.10001,197.45,197.99001,1445700
2015-04-27,198.75999,199.31,196.37,196.52,1767100
2015-04-28,196.2,197.61,194.39999,197.49001,1909400
2015-04-29,195.78999,199.73,195.48,198.56,2480600
2015-04-30,198.39999,199.75,195.39999,196.42,2732800
2015-05-01,198.45,198.57001,196.83,197.53,2029500
2015-05-04,198.25999,199.72,197.89999,199.3,1581600
2015-05-05,198.31,200.39,196.72,197.28999,2287500
2015-05-06,197.75,198.59,194.0099945,196.25,2433700
2015-05-07,196.25999,197.95,194.81,197.39,1795300
2015-05-08,199.10001,201.34,199.10001,200.5,3192500
2015-05-11,200.28999,201.95,200.28999,201.73,1966700
2015-05-12,200.48,201.039993,198.070007,200.53,2247500
2015-05-13,200.47,201.75,199.85001,201.42999,2143300
2015-05-14,202.33,202.88,201.42999,202.62,1957000
2015-05-15,202.55,202.97,201.82001,202.97,1742900
2015-05-18,202.64999,205.17999,202.64,204.66,2164600
2015-05-19,204.99001,206.2,204.55,205.39999,2370100
2015-05-20,205.17,205.96001,204.14999,205.080002,1831200
2015-05-21,204.60001,205.21001,204.17999,204.95,2225000
2015-05-22,204.66,208.25999,204.63,207.8,3040400
2015-05-26,207.52,207.52,205.0,206.38,3336300
2015-05-27,206.89,209.67999,205.87,209.059998,3011500
2015-05-28,208.080002,208.59,207.28,208.48,3084900
2015-05-29,208.23,208.27,205.62,206.19,2255500
2015-06-01,207.32001,208.82001,206.89,207.81,2088200
2015-06-02,206.85001,207.84,205.64999,206.42999,2230700
2015-06-03,207.52,210.17,206.77,208.28999,2417000
2015-06-04,207.60001,210.059998,207.0,208.87,3462500
2015-06-05,210.7,211.94,208.55,210.45,3225100
2015-06-08,211.14999,211.7,209.45,209.78999,2180700
2015-06-09,210.0,210.44,207.62,209.020004,2278800
2015-06-10,209.72,213.39999,209.36,213.13,2677300
2015-06-11,213.17,214.61,212.87,213.94,2024100
2015-06-12,213.48,214.0099945,212.0099945,213.059998,2006200
2015-06-15,210.89,212.34,210.38,211.75999,1903800
2015-06-16,211.85001,213.57001,211.13,213.56,1954200
2015-06-17,213.59,214.5,212.57001,212.92999,1778400
2015-06-18,213.45,215.0099945,212.0099945,214.60001,2167200
2015-06-19,214.12,215.0,213.19,213.19,4163400
2015-06-22,215.059998,216.81,215.0,216.50999,2006100
2015-06-23,216.92,218.77,216.64,218.39999,2735600
2015-06-24,216.2,217.0,213.7,214.42999,3945200
2015-06-25,215.14999,215.8,212.49001,212.82001,2434700
2015-06-26,213.62,214.61,212.55,213.17,2762600
2015-06-29,210.14,211.22,207.64999,207.64999,3292800
2015-06-30,209.89,210.78999,208.14999,208.78999,4167300
2015-07-01,211.63,212.49001,208.95,209.94,2820300
2015-07-02,209.94,210.63,208.5,209.2,1816600
2015-07-06,206.71001,208.53,206.25999,208.039993,2816800
2015-07-07,207.98,208.97,203.2,208.21001,3304200
2015-07-08,206.3,206.78999,203.7,204.059998,2185100
2015-07-09,207.13,207.55,204.44,204.81,2256200
2015-07-10,207.72,207.98,206.17999,207.19,1840600
2015-07-13,209.44,210.31,208.64999,210.12,2041700
2015-07-14,210.0099945,212.75999,209.7,212.16,2090700
2015-07-15,213.53999,213.61,211.42999,212.96001,2536700
2015-07-16,211.39,214.14,209.32001,211.17999,4405200
2015-07-17,210.75999,212.8,209.78999,212.46001,2849000
2015-07-20,212.67999,214.0,211.21001,212.39,2175400
2015-07-21,211.98,212.8,210.75,211.5,1985300
2015-07-22,211.8,213.72,211.75,213.25,2301300
2015-07-23,213.66,214.61,210.7,211.050003,2192700
2015-07-24,211.45,211.45,206.89999,207.35001,2453900
2015-07-27,205.45,205.84,203.5,205.020004,2910500
2015-07-28,207.14,207.17999,204.60001,206.24001,2018100
2015-07-29,206.57001,208.13,205.67,206.84,1987300
2015-07-30,206.029999,207.35001,205.10001,207.2,1342900
2015-07-31,207.39999,207.47,204.89999,205.070007,1644000
2015-08-03,205.75,205.95,202.84,204.69,2075500
2015-08-04,205.0099945,207.14999,204.8,205.17,1451500
2015-08-05,206.94,207.78,204.92999,205.7,1535500
2015-08-06,206.0,206.7,204.3,205.089996,1485800
2015-08-07,205.3,206.64,202.32001,203.44,1691100
2015-08-10,204.59,206.57001,204.34,205.97,1640300
2015-08-11,203.5,203.92,200.66,201.7,2554000
2015-08-12,199.89999,201.55,196.58,201.13,2771900
2015-08-13,200.72,201.95,199.58,200.74001,3353600
2015-08-14,200.83,202.55,200.74001,202.020004,3567100
2015-08-17,201.0099945,202.86,199.78,202.57001,1600700
2015-08-18,202.12,203.10001,201.17999,201.17999,1665400
2015-08-19,200.020004,202.75,199.14,200.95,2721400
2015-08-20,198.42999,199.22,196.75,196.75,3140000
2015-08-21,193.66,194.60001,187.58,187.74001,5406200
2015-08-24,178.46001,186.89,172.10001,179.46001,7183600
2015-08-25,185.89,187.33,177.71001,178.22,7204800
2015-08-26,183.039993,185.059998,179.11,184.39999,5561800
2015-08-27,186.81,189.86,185.42999,189.21001,3798500
2015-08-28,187.59,188.85001,186.25999,187.75,2413100
2015-08-31,187.69,190.25,187.17999,188.60001,2858000
2015-09-01,184.24001,186.47,181.080002,182.12,5494500
2015-09-02,184.87,185.82001,182.50999,184.50999,3043800
2015-09-03,185.0,187.89,184.28,185.059998,2902200
2015-09-04,182.25999,182.83,179.13,180.38,4295600
2015-09-08,183.91,186.31,183.64999,185.88,3060100
2015-09-09,189.55,191.75,185.25999,185.67999,4756800
2015-09-10,185.45,187.82001,184.77,185.91,3042600
2015-09-11,185.42999,185.82001,183.32001,185.27,2536800
2015-09-14,185.60001,185.86,183.3,183.94,2746000
2015-09-15,184.78,188.020004,184.19,187.45,3092800
2015-09-16,187.96001,189.3,186.59,188.64,2717800
2015-09-17,188.45,190.57001,186.0,186.45,3712600
2015-09-18,183.2,183.38,180.55,180.94,6529900
2015-09-21,183.3,184.41,181.7,183.35001,2947200
2015-09-22,180.89,181.0,178.0099945,179.72,4166900
2015-09-23,179.81,180.19,177.75,179.41,2732600
2015-09-24,177.66,177.98,174.82001,176.91,3910000
2015-09-25,179.2,181.11,178.16,179.83,3026500
2015-09-28,178.46001,178.46001,172.75,173.020004,3898500
2015-09-29,173.0099945,173.3,167.49001,171.86,4419100
2015-09-30,174.58,175.080002,172.16,173.75999,2931500
2015-10-01,174.39999,176.17,173.039993,176.020004,3613000
2015-10-02,172.14,177.10001,169.87,177.0099945,4469900
2015-10-05,178.23,181.059998,177.83,180.7,3411900
2015-10-06,180.2,181.28,179.47,180.32001,1859100
2015-10-07,181.8,183.78999,180.53999,182.23,2572200
2015-10-08,181.17999,182.47,179.75,181.070007,3253400
2015-10-09,180.96001,182.28999,178.21001,179.19,3334900
2015-10-12,180.8,181.2,179.0099945,180.23,3059800
2015-10-13,179.57001,183.14,179.5,180.97,2918800
2015-10-14,180.73,182.22,179.14,179.50999,3252000
2015-10-15,176.73,185.75,175.75999,184.96001,5720100
2015-10-16,185.12,186.64999,183.63,185.17999,2977500
2015-10-19,183.48,186.5,183.14999,185.74001,2665700
2015-10-20,185.2,185.97,183.89999,185.50999,2736200
2015-10-21,186.22,186.22,179.55,179.7,3613800
2015-10-22,180.23,184.19,180.2,183.56,2609600
2015-10-23,185.16,186.36,184.42999,185.5,2935700
2015-10-26,187.10001,188.0,186.62,187.0099945,2573700
2015-10-27,186.0,186.83,184.5,186.31,1932300
2015-10-28,186.71001,191.48,186.17,191.32001,3231900
2015-10-29,191.0,191.96001,189.33,189.89,3068100
2015-10-30,189.75999,190.089996,187.24001,187.5,2791600
2015-11-02,188.32001,190.42999,187.67999,189.67999,2531500
2015-11-03,189.25,191.87,189.050003,190.69,2443200
2015-11-04,191.0,192.89,190.31,191.64999,2174300
2015-11-05,192.53999,193.28,191.0,192.020004,2186300
2015-11-06,196.0,199.47,195.89999,199.17,4270800
2015-11-09,199.039993,199.89999,196.32001,196.75999,2604400
2015-11-10,196.58,198.22,195.28,197.81,2149900
2015-11-11,198.28999,198.92999,196.73,197.39,1637500
2015-11-12,196.19,196.19,192.25999,192.77,3166900
2015-11-13,192.63,193.38,190.059998,190.39,2484000
2015-11-16,189.99001,192.16,188.0099945,192.16,4626600
2015-11-17,192.67,193.0,190.32001,190.57001,1783800
2015-11-18,191.050003,194.050003,191.0099945,193.66,2509200
2015-11-19,193.82001,194.21001,191.67,193.029999,1835800
2015-11-20,193.0,193.49001,191.11,191.47,2932100
2015-11-23,191.3,191.49001,188.52,189.19,2671700
2015-11-24,188.020004,189.8,186.56,188.67,2679400
2015-11-25,188.99001,189.77,188.14999,189.14999,1495600
2015-11-27,189.16,191.19,188.85001,190.47,1092700
2015-11-30,190.5,191.080002,189.24001,190.020004,3415000
2015-12-01,191.22,193.14999,190.0099945,193.070007,4140900
2015-12-02,193.3,193.84,189.8,190.25999,1817200
2015-12-03,190.66,191.64999,184.73,185.2,3599000
2015-12-04,185.61,190.62,184.75,189.99001,3517200
2015-12-07,190.0,190.12,185.0,185.49001,3499900
2015-12-08,183.92,184.47,181.84,182.92,2663800
2015-12-09,182.020004,184.85001,179.83,180.71001,3907500
2015-12-10,180.99001,183.92999,180.31,182.11,2212300
2015-12-11,179.67999,180.14999,175.47,176.56,3750100
2015-12-14,176.67,178.63,172.89999,176.39999,5102400
2015-12-15,178.98,183.28,178.85001,182.0099945,3398700
2015-12-16,184.0099945,186.88,181.67999,186.21001,3191700
2015-12-17,186.88,187.89,182.61,182.61,2807900
2015-12-18,181.2,181.89999,175.39,175.49001,6740800
2015-12-21,177.5,178.14999,175.83,177.75,2472900
2015-12-22,178.89999,180.69,177.050003,180.050003,2312800
2015-12-23,180.7,183.0,180.46001,182.95,2367900
2015-12-24,182.27,183.17,182.020004,182.47,1107600
2015-12-28,181.77,181.92999,179.84,181.62,1723300
2015-12-29,182.82001,184.17999,182.5,183.53,1848900
2015-12-30,183.28,183.53,181.84,182.0099945,1514300
2015-12-31,181.16,182.89,180.029999,180.23,1773900
2016-01-04,175.78999,177.19,173.75999,177.14,3745500
2016-01-05,176.71001,177.5,172.92,174.089996,4521600
2016-01-06,171.31,172.020004,169.10001,169.84,5539400
2016-01-07,166.67,169.5,163.60001,164.62,5687900
2016-01-08,166.75,168.42,163.63,163.94,4929800
2016-01-11,165.0,166.46001,163.34,165.73,4386500
2016-01-12,166.89,168.17999,163.3,165.71001,4441300
2016-01-13,166.46001,167.10001,157.92,158.99001,5252500
2016-01-14,160.3,162.50999,156.75999,161.39,4272500
2016-01-15,156.7,157.99001,153.81,155.61,6237200
2016-01-19,157.56,158.75999,155.28,156.82001,5860600
2016-01-20,154.10001,158.37,151.64999,153.75,9369100
2016-01-21,153.97,155.16,151.49001,151.64999,5738800
2016-01-22,154.58,156.99001,153.86,156.86,5583800
2016-01-25,156.39999,156.53,151.12,151.12,5051700
2016-01-26,151.12,156.10001,151.12,154.45,5237700
2016-01-27,153.59,158.42999,153.19,153.72,5153100
2016-01-28,155.0099945,158.050003,152.53,157.059998,4292900
2016-01-29,158.64,161.59,157.78,161.56,4887900
2016-02-01,160.41,161.0,158.45,159.64999,2963500
2016-02-02,157.0,157.0,150.16,151.7,6316200
2016-02-03,152.5,153.84,147.0099945,152.67999,5893200
2016-02-04,152.3,157.95,152.0099945,156.49001,4573100
2016-02-05,157.57001,159.7,155.69,156.47,4596100
2016-02-08,153.83,153.83,145.25,149.25,8680000
2016-02-09,145.52,149.95,145.10001,148.25,6919400
2016-02-10,150.0,153.38,147.21001,147.23,7609600
2016-02-11,143.41,144.41,139.050003,140.69,10252200
2016-02-12,143.75,146.50999,143.7,146.13,9009300
2016-02-16,149.60001,150.48,147.45,149.020004,10198000
2016-02-17,150.8,151.87,150.31,150.94,5578800
2016-02-18,151.25,152.0,147.37,147.73,5895500
2016-02-19,147.0,147.73,145.42999,146.91,5257300
2016-02-22,149.2,149.99001,148.23,148.78999,4287900
2016-02-23,148.0,148.050003,144.050003,144.91,4249600
2016-02-24,143.080002,145.64,140.25999,145.56,5714700
2016-02-25,146.0,149.070007,145.23,148.25,4299600
2016-02-26,149.72,151.97,149.0099945,150.25,5924500
2016-02-29,149.75,150.28999,148.32001,149.53,5506400
2016-03-01,150.95,154.77,150.67999,154.64999,6490400
2016-03-02,154.75,155.41,153.45,154.2,5047500
2016-03-03,154.0,155.66,153.36,155.33,3615800
2016-03-04,156.37,158.85001,155.28999,156.84,5256700
2016-03-07,156.0,156.37,154.41,155.35001,2771900
2016-03-08,154.0,154.23,151.5,151.60001,3830400
2016-03-09,152.11,152.5,149.17999,149.91,3250900
2016-03-10,150.41,153.60001,148.84,151.020004,4631800
2016-03-11,153.28,154.16,152.37,153.94,4058700
2016-03-14,153.66,154.45,152.13,153.49001,3317900
2016-03-15,152.64999,152.74001,150.89999,152.029999,3731400
2016-03-16,150.92,152.85001,149.71001,150.53999,4310300
2016-03-17,150.39,153.98,148.75,152.91,4431700
2016-03-18,153.91,158.17999,153.87,157.60001,7413200
2016-03-21,157.24001,158.89999,155.75,156.28999,4410200
2016-03-22,155.5,155.59,153.36,154.2,3521500
2016-03-23,154.25,155.55,153.59,154.080002,3633400
2016-03-24,152.39999,153.039993,150.13,153.0,3693400
2016-03-28,153.14,154.64,152.38,153.84,2308600
2016-03-29,152.87,155.35001,151.5,155.029999,2919500
2016-03-30,156.13,158.020004,154.89,156.5,3130600
2016-03-31,156.17999,157.48,156.059998,156.98,2927300
2016-04-01,156.46001,160.0099945,155.089996,159.82001,3373400
2016-04-04,159.97,160.0,157.39,157.77,2478100
2016-04-05,156.44,156.53,154.55,155.35001,2822700
2016-04-06,155.25999,156.27,153.92,155.19,2927400
2016-04-07,153.64999,154.029999,149.37,150.41,4786800
2016-04-08,152.070007,152.87,150.0099945,150.28,3122200
2016-04-11,151.17999,153.89999,150.41,152.2,3464300
2016-04-12,152.67,155.089996,151.3,154.31,2732900
2016-04-13,156.53,159.99001,156.38,159.85001,5151100
2016-04-14,159.53,162.27,159.14999,160.91,3067100
2016-04-15,161.23,161.78,158.2,158.52,3467900
2016-04-18,157.61,160.0,157.14999,159.020004,3031500
2016-04-19,157.75,163.7,157.0,162.64999,5832200
2016-04-20,162.0,167.45,161.94,166.98,4802200
2016-04-21,166.55,168.89999,165.0099945,165.32001,4165100
2016-04-22,165.78999,167.49001,165.66,166.75,2680300
2016-04-25,166.0,167.39,164.059998,165.089996,2473000
2016-04-26,165.38,166.0,164.22,165.84,2251600
2016-04-27,165.83,168.66,164.92999,166.92,3323600
2016-04-28,165.35001,167.32001,164.0099945,164.28999,2528000
2016-04-29,163.8,164.67999,162.56,164.11,2890800
2016-05-02,165.080002,167.19,163.99001,166.17999,1998400
2016-05-03,163.66,164.11,161.37,163.14,2777000
2016-05-04,161.2,162.60001,159.089996,160.070007,3203900
2016-05-05,160.78,160.82001,158.5,159.53,2366200
2016-05-06,158.19,160.17,157.0099945,158.85001,2307000
2016-05-09,158.2,159.85001,156.78999,157.50999,2097900
2016-05-10,158.67,161.5,158.39,161.42,2379600
2016-05-11,161.36,162.53,159.28,159.42,2096900
2016-05-12,160.32001,161.47,157.31,158.070007,2448100
2016-05-13,157.88,159.72,155.25999,155.34,2550100
2016-05-16,155.34,156.89999,154.60001,155.38,3177700
2016-05-17,154.74001,157.11,153.77,154.64999,2701500
2016-05-18,154.81,160.0,154.64999,159.94,3653300
2016-05-19,158.67999,159.95,154.52,154.7,4712000
2016-05-20,155.75999,156.41,153.92,154.50999,3247800
2016-05-23,154.44,156.089996,153.74001,155.45,2767600
2016-05-24,156.67,158.55,156.44,157.59,3038800
2016-05-25,158.059998,162.28999,158.029999,161.25,3259900
2016-05-26,161.16,161.33,159.17,159.22,2576100
2016-05-27,158.7,160.39999,158.32001,159.53,2157000
2016-05-31,160.39999,161.64999,158.55,159.48,2916100
2016-06-01,157.89999,160.55,156.0,159.97,2581600
2016-06-02,160.14,160.33,158.46001,159.28,2257100
2016-06-03,155.86,156.53999,153.86,155.67,4329300
2016-06-06,156.25,157.91,155.77,157.059998,2540400
2016-06-07,157.2,157.47,155.17,155.17,2489700
2016-06-08,155.2,156.58,153.91,154.64,2426800
2016-06-09,153.78999,154.28999,152.46001,153.17,2711700
2016-06-10,151.35001,151.66,149.57001,149.89,4335700
2016-06-13,149.0,151.32001,148.59,148.63,3385800
2016-06-14,148.22,149.050003,145.45,146.19,5069600
2016-06-15,147.16,148.7,145.89999,146.16,2981400
2016-06-16,145.0,146.99001,143.53,146.63,3499200
2016-06-17,146.63,148.23,145.46001,145.64,4296500
2016-06-20,148.5,150.5,147.58,147.75,3338900
2016-06-21,148.5,148.83,147.12,148.35001,2424600
2016-06-22,148.0099945,150.12,147.99001,148.14,2487600
2016-06-23,150.56,152.8,150.14,152.66,2940500
2016-06-24,143.029999,146.42,140.92,141.86,9442200
2016-06-27,140.070007,141.23,138.2,139.50999,7381000
2016-06-28,142.21001,142.62,139.82001,142.41,5041500
2016-06-29,143.60001,145.55,142.92999,145.5,3804100
2016-06-30,146.67,148.88,145.37,148.58,4528600
2016-07-01,148.49001,150.7,148.070007,148.25,3096800
2016-07-05,146.72,146.94,143.33,144.45,3943000
2016-07-06,142.94,145.94,142.62,145.58,2941800
2016-07-07,146.0,148.089996,145.36,147.0,2578300
2016-07-08,149.36,150.92,148.31,150.38,3281400
2016-07-11,151.49001,152.98,151.38,152.19,3041600
2016-07-12,154.0,157.25,153.92,156.92,5110800
2016-07-13,157.0,158.27,156.14999,157.92,4276400
2016-07-14,160.28999,163.24001,160.0099945,162.53999,5087700
2016-07-15,162.86,163.14,160.7,161.64,3078400
2016-07-18,162.36,164.089996,162.0099945,163.33,4734500
2016-07-19,162.020004,164.080002,160.73,161.41,5399700
2016-07-20,162.55,162.89,159.22,161.77,3547800
2016-07-21,161.71001,161.89999,159.77,160.050003,2855500
2016-07-22,160.28999,160.73,159.86,160.41,1811700
2016-07-25,159.64,161.33,159.61,160.50999,1956100
2016-07-26,160.67999,161.5,159.42,161.16,2150100
2016-07-27,161.2,162.17,160.41,160.99001,2317200
2016-07-28,160.17999,160.96001,158.84,160.53,2047400
2016-07-29,159.50999,160.19,158.64999,158.81,2388200
2016-08-01,158.81,159.92,157.92999,158.17999,2316300
2016-08-02,157.64999,158.46001,155.37,156.059998,3182800
2016-08-03,156.45,158.95,156.17999,158.34,2284700
2016-08-04,158.22,158.89999,157.41,158.050003,2005700
2016-08-05,159.75,162.13,159.2,162.089996,2676100
2016-08-08,162.10001,163.98,162.0099945,162.83,2266600
2016-08-09,162.5,164.58,162.5,163.44,1957400
2016-08-10,163.45,163.60001,162.0099945,162.19,1656100
2016-08-11,162.2,164.25,161.92999,163.86,1827700
2016-08-12,162.67,163.37,162.070007,163.25,1440800
2016-08-15,163.87,165.84,163.8,165.55,2222200
2016-08-16,164.99001,166.75999,164.72,165.64999,2523800
2016-08-17,165.94,166.32001,164.74001,165.67,2061700
2016-08-18,165.34,166.56,164.63,166.059998,1750500
2016-08-19,165.36,166.89999,164.5,166.23,1840900
2016-08-22,166.0,166.91,164.89,166.25999,1448100
2016-08-23,167.0,167.85001,165.98,166.080002,1965500
2016-08-24,165.78,166.7,164.85001,165.3,2035300
2016-08-25,165.080002,166.039993,164.61,165.89999,1441400
2016-08-26,166.75999,168.070007,165.36,165.97,2402200
2016-08-29,166.60001,167.86,166.14999,166.87,2620900
2016-08-30,166.22,169.50999,166.22,169.37,2934100
2016-08-31,169.25,170.24001,167.47,169.46001,3688200
2016-09-01,170.0,170.070007,166.66,168.50999,2843300
2016-09-02,168.52,169.74001,167.89999,169.17999,1747500
2016-09-06,168.72,169.78999,167.47,169.33,2034900
2016-09-07,168.7,170.21001,168.64999,169.67,1584300
2016-09-08,169.35001,171.88,168.71001,171.66,3031600
2016-09-09,170.83,172.42,168.50999,168.57001,3411800
2016-09-12,167.0099945,171.67,166.23,171.059998,2647900
2016-09-13,168.53999,169.97,166.38,167.0,2788200
2016-09-14,167.0,167.86,165.59,166.16,1995900
2016-09-15,165.78,168.75999,165.75999,168.080002,1645200
2016-09-16,167.85001,168.050003,165.61,166.0,4534900
2016-09-19,167.34,168.31,165.67999,166.21001,2030700
2016-09-20,167.67999,168.28,166.39,166.47,1532900
2016-09-21,167.42,168.28,165.92999,167.029999,2333600
2016-09-22,168.45,169.33,167.7,168.020004,2467700
2016-09-23,167.75,168.10001,165.050003,165.13,3421200
2016-09-26,163.83,163.97,161.0,161.48,2772200
2016-09-27,160.72,163.45,159.82001,162.89,2602700
2016-09-28,163.34,163.78999,161.67999,163.45,1678100
2016-09-29,163.38,163.96001,157.77,158.95,3733800
2016-09-30,159.95,162.41,157.8,161.27,4497200
2016-10-03,160.5,161.72,160.25,161.070007,2444700
2016-10-04,161.24001,164.14999,161.23,162.27,2469900
2016-10-05,163.32001,166.57001,163.0099945,166.39999,2548200
2016-10-06,167.17999,167.28999,164.82001,167.14999,2858000
2016-10-07,167.5,169.98,166.24001,169.83,3390200
2016-10-10,170.52,171.75,170.10001,171.039993,2532000
2016-10-11,169.84,170.87,167.91,169.039993,2680000
2016-10-12,169.039993,169.99001,168.3,169.3,2404000
2016-10-13,167.60001,167.63,165.50999,167.42,2713700
2016-10-14,171.60001,172.95,169.11,170.52,5282300
2016-10-17,170.5,171.27,168.45,169.0,3061400
2016-10-18,172.0099945,173.47,171.10001,172.63,4482500
2016-10-19,173.37,175.67999,173.17999,174.50999,3676000
2016-10-20,174.0,175.78999,173.8,174.50999,2471100
2016-10-21,172.84,174.89999,172.50999,174.67,2004400
2016-10-24,175.5,175.78999,174.35001,175.12,1943200
2016-10-25,175.039993,175.96001,174.64,175.55,2423300
2016-10-26,174.78999,177.89999,173.92999,177.070007,2533800
2016-10-27,178.19,178.85001,176.57001,177.75,3021900
2016-10-28,178.50999,178.50999,175.46001,177.14,2042800
2016-10-31,177.67999,178.5,177.23,178.24001,1828200
2016-11-01,179.0,179.17999,176.61,178.059998,2900600
2016-11-02,177.070007,177.5,176.070007,176.58,2104800
2016-11-03,176.77,177.97,176.21001,176.21001,1972700
2016-11-04,176.33,177.34,174.73,175.92,1846500
2016-11-07,179.0,181.5,179.0,181.48,3338800
2016-11-08,180.11,182.67999,178.46001,181.92,2646200
2016-11-09,185.0,193.53999,183.45,192.63,7823800
2016-11-10,194.53,204.67,194.0,200.87,11345400
2016-11-11,198.25,205.0,198.25,203.94,6290200
2016-11-14,204.14999,211.77,204.14999,209.17999,8248100
2016-11-15,206.56,211.2,205.17,211.19,4893800
2016-11-16,207.35001,208.080002,204.83,206.25999,5276200
2016-11-17,206.25999,209.69,205.67,209.63,3572400
2016-11-18,209.87,212.070007,209.72,210.35001,4278200
2016-11-21,211.46001,211.69,209.17999,211.080002,2860200
2016-11-22,211.36,211.95,209.89,211.11,2945700
2016-11-23,211.5,213.41,209.37,212.31,3717400
2016-11-25,211.36,212.75,211.0,211.38,1974000
2016-11-28,210.0,211.75999,209.60001,210.35001,3297400
2016-11-29,209.99001,212.92,209.92,211.75,2577600
2016-11-30,215.2,220.77,214.97,219.28999,6507900
2016-12-01,220.92999,227.16,220.35001,226.63,7606500
2016-12-02,226.0,226.25,221.22,223.36,5297400
2016-12-05,225.52,229.2,225.24001,228.55,4599300
2016-12-06,230.17999,232.67,227.89999,231.38,5259300
2016-12-07,230.39999,236.089996,230.39999,235.56,6595200
2016-12-08,236.88,242.42,236.0,241.45,7343700
2016-12-09,240.61,242.0,238.88,241.85001,5456000
2016-12-12,240.5,242.83,236.37,237.17,5022000
2016-12-13,239.0,240.17999,235.50999,238.55,4680500
2016-12-14,235.67,243.12,235.37,239.92999,6172400
2016-12-15,242.49001,245.57001,241.62,243.0,4829700
2016-12-16,242.8,243.19,238.39999,238.89999,6876400
2016-12-19,238.34,239.74001,236.25999,239.070007,3743300
2016-12-20,240.52,243.64999,240.23,243.089996,4487700
2016-12-21,242.24001,242.39999,240.080002,241.44,3277800
2016-12-22,241.23,242.86,239.55,240.12,2636500
2016-12-23,239.53999,241.89999,238.91,240.97,2187500
2016-12-27,241.95,242.59,240.39999,241.56,1998200
2016-12-28,243.69,244.5,240.44,240.64999,3053000
2016-12-29,240.75,241.070007,236.64,238.17999,2619000
2016-12-30,238.50999,240.5,237.39999,239.45,2355500
2017-01-03,242.7,244.97,237.97,241.57001,4384200
2017-01-04,241.44,243.32001,240.029999,243.13,2728700
2017-01-05,242.72,243.23,236.78,241.32001,3562600
2017-01-06,242.28999,246.2,241.37,244.89999,3591100
2017-01-09,243.25,244.69,241.47,242.89,3022800
2017-01-10,240.87,243.44,239.050003,242.57001,3432900
2017-01-11,242.77,245.84,242.0,245.75999,3532600
2017-01-12,245.059998,245.47,241.57001,243.84,4022300
2017-01-13,245.42999,247.77,242.91,244.3,4186100
2017-01-17,242.94,243.059998,235.61,235.74001,6277200
2017-01-18,236.0,237.69,231.52,234.28999,7590500
2017-01-19,234.070007,234.75,230.62,231.41,4561800
2017-01-20,231.62,233.23,230.53999,232.2,5211800
2017-01-23,231.86,233.75,230.75,232.67,3136200
2017-01-24,231.86,236.059998,230.84,233.67999,4448200
2017-01-25,235.53,237.33,234.49001,237.25,3716800
2017-01-26,237.47,240.78999,237.47,239.58,4195600
2017-01-27,236.89999,237.97,236.0099945,236.95,3253100
2017-01-30,235.58,236.28999,231.52,233.89999,3803300
2017-01-31,232.85001,234.35001,228.16,229.32001,5156400
2017-02-01,230.50999,232.86,229.52,230.67,4024500
2017-02-02,228.50999,232.33,227.050003,230.41,2775700
2017-02-03,234.52,241.11,234.2,240.95,7381000
2017-02-06,239.60001,243.64999,239.17,239.98,4639200
2017-02-07,241.14999,241.44,239.39,239.62,2660200
2017-02-08,238.3,238.94,236.31,237.73,2744700
2017-02-09,237.73,243.28999,237.42,241.55,3550800
2017-02-10,243.37,244.16,241.23,242.72,3072800
2017-02-13,244.49001,247.48,244.49001,246.27,2998200
2017-02-14,246.0099945,250.0,245.69,249.46001,4141500
2017-02-15,250.58,251.95,248.50999,250.53999,4296600
2017-02-16,250.3,250.78,248.44,249.44,2286300
2017-02-17,247.50999,250.56,247.11,250.38,3262300
2017-02-21,251.0,252.64999,250.71001,251.75999,2794900
2017-02-22,250.059998,252.35001,250.0,251.73,2378800
2017-02-23,251.31,251.89999,249.32001,251.19,2594700
2017-02-24,247.7,248.88,246.10001,247.35001,3565400
2017-02-27,247.21001,249.75999,246.61,249.33,2372600
2017-02-28,248.0,249.0,245.61,248.059998,3627100
2017-03-01,253.71001,255.14999,251.25999,252.71001,5218300
2017-03-02,253.52,254.24001,250.97,251.059998,3020000
2017-03-03,251.059998,254.75,251.059998,252.89,3163700
2017-03-06,252.17,252.73,250.5,252.0099945,2467000
2017-03-07,252.49001,253.0,250.31,250.89999,2497300
2017-03-08,253.62,254.77,249.61,250.24001,3574400
2017-03-09,251.22,252.74001,249.52,250.17999,3061500
2017-03-10,251.84,251.89999,246.87,248.38,3365900
2017-03-13,249.32001,249.32001,247.21001,248.16,1801100
2017-03-14,246.81,247.83,245.41,247.72,2144200
2017-03-15,248.35001,250.28,245.56,246.78,3427000
2017-03-16,247.85001,250.2,247.31,248.22,2940600
2017-03-17,249.67999,249.67999,243.86,243.94,5438100
2017-03-20,243.32001,244.92999,241.52,242.14,2759100
2017-03-21,243.31,243.31,232.78999,233.0,5660900
2017-03-22,231.22,232.92,229.16,231.070007,6291300
2017-03-23,230.75,234.63,229.95,231.89999,4770700
2017-03-24,233.0,233.7,226.97,228.41,6387300
2017-03-27,223.3,227.070007,220.85001,225.48,9194800
2017-03-28,225.58,229.75,225.10001,229.33,4471200
2017-03-29,229.39,229.97,227.52,228.45,2636000
2017-03-30,229.48,232.0,229.38,231.22,3156800
2017-03-31,230.53,230.8,228.73,229.72,2858400
2017-04-03,230.0,230.10001,225.57001,228.96001,3735600
2017-04-04,227.72,230.69,227.28,229.25999,3042700
2017-04-05,232.14999,232.89,227.31,227.66,5286900
2017-04-06,227.089996,230.12,225.71001,228.64,2927200
2017-04-07,226.60001,228.83,226.23,227.88,2853300
2017-04-10,228.0,229.78999,226.95,228.89,2653900
2017-04-11,227.78,229.39999,225.39,227.74001,3374700
2017-04-12,227.64999,228.25,225.23,225.75,2947500
2017-04-13,225.17999,228.17,223.080002,223.32001,3653700
2017-04-17,223.89999,226.88,223.020004,226.25999,4190900
2017-04-18,219.32001,219.89,213.17999,215.59,12464000
2017-04-19,215.87,217.17999,213.61,214.089996,6428800
2017-04-20,215.5,218.98,215.0,218.059998,5168200
2017-04-21,218.55,219.17999,216.38,216.86,3845700
2017-04-24,221.17999,224.81,220.3,223.22,5353500
2017-04-25,226.2,227.98,225.14999,226.63,3996900
2017-04-26,227.10001,229.36,226.089996,226.2,3765300
2017-04-27,226.7,226.7,223.52,225.81,2805800
2017-04-28,225.31,226.77,223.72,223.8,2936600
2017-05-01,224.89999,226.39,220.92999,224.85001,3004800
2017-05-02,224.86,225.84,223.17999,225.12,2602400
2017-05-03,224.45,226.69,224.32001,226.31,3042200
2017-05-04,228.25999,228.89,224.81,226.59,2935400
2017-05-05,226.88,227.47,225.3,226.87,2435800
2017-05-08,226.75,227.34,224.60001,225.029999,2316800
2017-05-09,225.47,226.57001,222.92999,223.75999,2145400
2017-05-10,223.46001,225.35001,223.059998,224.88,2630400
2017-05-11,224.35001,225.089996,222.14999,224.75999,2440300
2017-05-12,223.49001,224.49001,222.48,222.82001,2166100
2017-05-15,223.13,226.57001,222.85001,225.12,2468100
2017-05-16,225.44,226.82001,224.41,225.60001,1710700
2017-05-17,225.60001,225.60001,213.12,213.72,7525700
2017-05-18,214.0,217.61,213.86,215.16,4792400
2017-05-19,214.87,217.8,214.0,215.39,3747100
2017-05-22,217.37,217.64,215.39999,216.020004,2506100
2017-05-23,215.97,220.78999,214.66,219.64,3308800
2017-05-24,220.0,224.39999,219.45,223.83,4141600
2017-05-25,224.41,225.45,222.3,222.47,2640000
2017-05-26,222.0099945,224.23,221.17999,223.53,1787100
2017-05-30,221.83,222.44,218.0099945,218.42,3097800
2017-05-31,218.24001,218.3,209.62,211.25999,8312000
2017-06-01,212.61,215.92999,210.78999,215.0099945,4057900
2017-06-02,212.94,215.21001,211.91,213.31,3692000
2017-06-05,213.080002,215.81,212.67999,213.99001,2696600
2017-06-06,212.50999,216.020004,212.48,214.53,2891300
2017-06-07,215.37,217.23,214.31,215.78,2679400
2017-06-08,215.78,221.0,214.63,218.75999,3765600
2017-06-09,220.83,223.85001,219.75,222.44,4455400
2017-06-12,223.63,225.23,221.91,221.91,3388200
2017-06-13,223.35001,226.8,222.77,224.2,2767800
2017-06-14,222.99001,226.94,221.75999,226.50999,3652900
2017-06-15,224.81,226.35001,222.8,223.23,3378900
2017-06-16,222.64999,223.67,221.13,221.81,3758300
2017-06-19,223.42999,227.039993,223.11,226.13,2900900
2017-06-20,225.50999,226.53999,224.19,225.10001,2264200
2017-06-21,224.53999,224.92999,221.92999,222.49001,3015300
2017-06-22,221.44,221.89999,219.28999,219.77,3344600
2017-06-23,220.5,220.69,216.46001,217.19,4448700
2017-06-26,218.25999,221.97,217.7,220.44,2589500
2017-06-27,221.84,222.41,219.56,220.28,2899400
2017-06-28,221.87,224.63,220.75,223.22,3482800
2017-06-29,228.37,228.78999,223.029999,224.41,5063400
2017-06-30,225.31,226.050003,221.53999,221.89999,3154300
2017-07-03,224.46001,229.070007,223.42,227.28,2846600
2017-07-05,228.38,228.92,225.21001,228.039993,2772000
2017-07-06,227.97,230.059998,225.25,226.69,3076600
2017-07-07,228.23,228.49001,224.42,225.28,2697600
2017-07-10,224.27,227.34,223.96001,225.84,2357500
2017-07-11,226.039993,227.95,224.67,226.95,2742900
2017-07-12,226.39999,229.020004,226.070007,227.39,2567300
2017-07-13,227.39,230.64,226.95,230.39999,2852600
2017-07-14,227.22,229.61,225.10001,228.60001,3703600
2017-07-17,228.73,229.64,227.21001,229.25999,2551800
2017-07-18,227.5,230.36,222.75999,223.31,6400700
2017-07-19,222.91,224.2,221.67,222.87,4884600
2017-07-20,223.0,224.75999,221.61,222.3,3497800
2017-07-21,221.89,222.31,219.089996,220.17999,3446600
2017-07-24,218.94,219.73,218.0,218.17999,3123100
2017-07-25,220.34,222.87,220.17999,221.58,3509500
2017-07-26,222.45,223.74001,221.87,222.25,2792500
2017-07-27,221.84,222.71001,220.42999,221.48,2812500
2017-07-28,221.77,223.67,220.86,223.61,2483200
2017-07-31,223.95,225.5,223.050003,225.33,1994900
2017-08-01,227.089996,228.62,226.73,227.0,2986800
2017-08-02,226.39999,227.73,225.57001,226.27,1863300
2017-08-03,226.0,226.74001,223.97,223.99001,2106400
2017-08-04,226.050003,229.78999,225.059998,229.78999,3400300
2017-08-07,229.8,233.13,229.28999,232.92,3809800
2017-08-08,232.39999,235.83,231.7,232.050003,3322500
2017-08-09,230.32001,231.49001,229.059998,231.0099945,2571100
2017-08-10,229.020004,229.45,225.47,225.5,3325500
2017-08-11,225.070007,226.67999,222.64999,224.14999,2956600
2017-08-14,226.37,229.83,226.3,227.36,2266100
2017-08-15,229.57001,230.61,227.5,227.59,1867000
2017-08-16,228.25999,229.0099945,225.0,225.61,2393900
2017-08-17,224.38,225.98,221.11,221.42,3460300
2017-08-18,220.78999,224.089996,220.55,222.14999,3149300
2017-08-21,222.39999,222.39999,219.21001,220.78999,2203300
2017-08-22,221.86,223.78,221.33,223.58,2021300
2017-08-23,221.89999,224.81,221.33,222.74001,2568000
2017-08-24,223.77,224.57001,222.59,222.99001,2263000
2017-08-25,223.64,224.95,222.13,222.47,2232500
2017-08-28,222.91,223.089996,218.86,220.35001,2641600
2017-08-29,217.27,220.13,215.75,219.96001,2369100
2017-08-30,220.25,224.22,220.089996,222.42,2411400
2017-08-31,223.25,224.49001,222.58,223.74001,2240600
2017-09-01,224.55,227.56,223.53,225.88,2346900
2017-09-05,223.85001,224.0,217.3,217.78,5646200
2017-09-06,218.98,221.020004,217.61,218.83,3613600
2017-09-07,218.73,218.81,214.64,215.84,3594600
2017-09-08,215.50999,219.28,215.39999,217.21001,3120900
2017-09-11,220.070007,221.89,218.99001,221.059998,2971500
2017-09-12,222.53999,227.69,222.020004,225.95,3745800
2017-09-13,225.25,227.14,224.72,226.56,2383500
2017-09-14,226.10001,228.10001,226.050003,226.85001,1986600
2017-09-15,227.14999,227.21001,223.82001,225.22,4365800
2017-09-18,226.3,229.0,225.66,227.53,2466800
2017-09-19,228.0099945,230.14,227.33,228.91,1858000
2017-09-20,229.5,231.64999,228.5,229.78999,2682300
2017-09-21,229.89,232.10001,229.39999,231.28999,1800800
2017-09-22,230.64,231.49001,228.88,231.029999,1861800
2017-09-25,230.77,231.86,228.36,230.25999,2261800
2017-09-26,230.86,231.44,229.029999,229.94,1770000
2017-09-27,234.070007,235.60001,232.91,234.75999,3072100
2017-09-28,235.0,236.2,233.5,235.47,2121800
2017-09-29,235.0099945,237.60001,234.57001,237.19,1902300
2017-10-02,237.2,241.10001,237.10001,240.64999,2501300
2017-10-03,241.070007,242.71001,239.69,241.62,2010800
2017-10-04,241.62,242.88,240.12,240.31,1840400
2017-10-05,241.0,246.32001,240.12,246.059998,3521300
2017-10-06,246.3,247.080002,244.61,246.020004,2396100
2017-10-09,245.14999,246.35001,242.020004,242.8,2165200
2017-10-10,242.8,243.73,241.7,242.60001,2187100
2017-10-11,242.0,243.2,241.35001,242.39999,2175700
2017-10-12,242.33,243.42,238.75,239.8,2148200
2017-10-13,239.0,239.45,236.84,238.53,2491000
2017-10-16,238.60001,242.75999,238.35001,242.41,2969200
2017-10-17,244.44,244.89,235.19,236.089996,7088400
2017-10-18,236.87,242.64999,236.87,242.029999,4235900
2017-10-19,240.35001,240.99001,238.10001,239.99001,2710900
2017-10-20,242.95,245.25,240.67,244.73,3022800
2017-10-23,244.39,245.33,241.38,242.13,1963300
2017-10-24,243.60001,246.25,243.0,244.84,2285300
2017-10-25,246.16,246.5,240.8,241.71001,2904300
2017-10-26,242.61,244.0,241.53,241.72,1948800
2017-10-27,240.85001,242.44,239.67,241.71001,2111500
2017-10-30,240.10001,242.59,239.53,240.89,1764400
2017-10-31,240.67999,244.17999,240.63,242.48,2658700
2017-11-01,243.89,247.39999,242.91,244.25999,2969600
2017-11-02,244.69,247.74001,243.38,246.88,2509100
2017-11-03,245.37,246.28,243.19,244.39999,1954600
2017-11-06,243.5,244.58,241.67,243.49001,1744800
2017-11-07,243.91,244.98,238.84,239.81,2483900
2017-11-08,239.2,242.32001,237.55,241.25,2349800
2017-11-09,239.50999,242.37,237.84,240.78999,2122400
2017-11-10,241.69,243.32001,240.0,240.14999,1845600
2017-11-13,237.97,240.89999,237.16,240.27,1953900
2017-11-14,239.64999,240.88,235.63,237.24001,3000200
2017-11-15,234.97,238.14999,233.55,237.61,2564100
2017-11-16,238.38,240.69,238.2,239.37,2304300
2017-11-17,238.86,239.080002,237.12,238.020004,2826400
2017-11-20,238.78,238.78,237.11,238.13,2000700
2017-11-21,239.41,239.59,237.53999,238.020004,2223800
2017-11-22,237.94,238.95,236.36,236.42999,2177200
2017-11-24,237.42,238.56,235.55,235.95,1268500
2017-11-27,235.75,236.88,234.8,235.11,1999600
2017-11-28,236.089996,240.0,234.33,239.41,3212900
2017-11-29,241.25,244.47,240.39999,241.36,4500000
2017-11-30,244.070007,250.78999,244.0,247.64,6364600
2017-12-01,249.78,250.67999,244.0099945,248.95,4765400
2017-12-04,254.89,254.89999,250.0099945,250.64999,3326100
2017-12-05,250.8,251.35001,247.41,248.33,2526800
2017-12-06,246.24001,248.080002,245.13,245.95,2331400
2017-12-07,244.62,249.48,244.39999,248.56,2667000
2017-12-08,250.5,250.67999,247.2,250.35001,1959100
2017-12-11,250.0,251.39999,248.75999,250.13,1494200
2017-12-12,250.81,258.20001,250.69,257.67999,3464200
2017-12-13,257.81,260.5,255.56,255.56,3482300
2017-12-14,257.13,259.54999,255.48,255.48,3353200
2017-12-15,256.70001,258.97,254.75999,257.17001,5283400
2017-12-18,260.0,262.0,259.16,260.019989,2575600
2017-12-19,261.60001,261.79999,256.17999,256.48001,2195500
2017-12-20,258.87,259.089996,254.55,255.17999,2052400
2017-12-21,256.60999,262.089996,256.28,261.01001,3337800
2017-12-22,261.66,262.14001,257.72,258.97,2100600
2017-12-26,258.19,259.20001,256.0,257.72,1289300
2017-12-27,257.98001,257.98001,255.52,255.95,1567900
2017-12-28,256.98001,257.0,255.10001,256.5,1301000
2017-12-29,255.87,256.64999,252.91,254.75999,2519300
2018-01-02,257.76999,257.91,253.92,255.67,2258300
2018-01-03,255.48,256.14001,253.22,253.28999,2988200
2018-01-04,255.23,259.72,254.32001,256.82999,2583200
2018-01-05,257.17999,257.48999,253.69,255.52,2594700
2018-01-08,254.75,255.17999,251.62,251.81,2940500
2018-01-09,252.8,255.60001,252.62,253.94,2637300
2018-01-10,255.0,255.14999,252.35001,254.33,2927200
2018-01-11,255.75,255.89,252.97,255.13,2422400
2018-01-12,255.75,257.29999,254.089996,257.029999,2849200
2018-01-16,259.25,261.76999,256.39999,258.45999,4445500
2018-01-17,260.98001,262.0,248.84,253.64999,8608100
2018-01-18,254.49001,254.53999,250.60001,250.97,4984500
2018-01-19,251.0,256.14001,250.25999,256.12,4643400
2018-01-22,255.45,262.87,255.19,261.51999,5264700
2018-01-23,258.0,260.26001,256.85001,260.089996,4003600
2018-01-24,260.73999,265.78,260.29999,265.67999,4314000
2018-01-25,266.35001,270.5,265.01001,269.029999,5055000
2018-01-26,267.48999,269.0,266.049988,268.14001,3535400
2018-01-29,269.040009,273.79001,268.81,272.48001,3881100
2018-01-30,270.39001,272.0,267.10999,268.94,3970400
2018-01-31,268.54999,270.0,266.32999,267.89001,3710200
2018-02-01,266.14999,272.59,266.0,272.23001,3388200
2018-02-02,270.0,271.75,259.35001,260.040009,5913900
2018-02-05,257.51001,263.29999,241.5,249.11,6528500
2018-02-06,244.21001,258.75,242.11,258.70001,6739900
2018-02-07,255.89999,261.95001,255.66,257.10001,4125000
2018-02-08,257.92999,258.78,246.050003,246.35001,4166200
2018-02-09,249.62,251.67,239.28999,249.3,5978600
2018-02-12,251.14999,256.14999,248.82001,253.16,3692500
2018-02-13,252.0099945,256.39999,250.58,255.53,2700500
2018-02-14,255.0,262.70999,254.48,262.57999,3793800
2018-02-15,265.76001,268.0,262.91,267.67999,3523100
2018-02-16,265.98999,269.28,265.89999,267.62,2602500
2018-02-20,266.89001,268.85001,263.31,264.89001,2618400
2018-02-21,263.92001,270.0,263.13,263.39999,3017900
2018-02-22,264.39999,266.32001,260.72,261.42999,2678900
2018-02-23,263.0,266.98001,262.39999,266.76999,2507100
2018-02-26,267.5,271.78,266.76999,271.26001,2751400
2018-02-27,271.0,273.12,267.92999,267.92999,3140600
2018-02-28,269.14001,269.48999,262.57001,262.92999,3104300
2018-03-01,262.60999,263.54999,256.20001,256.78,3483500
2018-03-02,255.0,259.23999,252.10001,258.12,3122800
2018-03-05,256.45999,264.54999,256.23999,263.12,2445800
2018-03-06,264.76999,267.87,263.20999,266.92999,2217300
2018-03-07,262.69,266.42999,260.95001,265.35001,2509400
2018-03-08,266.48001,268.10001,262.63,266.34,2565400
2018-03-09,268.70001,271.089996,267.040009,270.76999,4410600
2018-03-12,271.0,275.31,270.76999,273.38,3065600
2018-03-13,274.34,275.029999,267.44,268.53,2288100
2018-03-14,270.39999,270.78,263.91,264.42999,2478700
2018-03-15,265.72,269.0,265.35001,266.60999,2255200
2018-03-16,266.01001,269.85001,265.32999,267.60001,4114400
2018-03-19,266.98999,267.5,259.47,262.53,2426900
2018-03-20,263.29001,264.64001,261.89001,263.19,1514800
2018-03-21,263.01001,266.48999,260.31,261.85001,2817600
2018-03-22,258.42001,260.82001,252.17999,252.60001,4489300
2018-03-23,253.63,253.99001,244.92999,245.25999,3634200
2018-03-26,250.64999,255.36,248.45,254.88,3787200
2018-03-27,255.89,257.059998,245.61,247.25999,2981500
2018-03-28,248.78,251.23,244.37,249.37,2660200
2018-03-29,250.78999,252.98,248.33,251.86,3073900
2018-04-02,251.25999,252.60001,243.77,247.35001,3429900
2018-04-03,248.61,250.89,245.89999,250.58,2488200
2018-04-04,245.71001,253.22,244.50999,252.62,2853200
2018-04-05,254.5,258.0,253.39999,255.81,1924800
2018-04-06,251.48,255.34,246.67999,249.97,3621900
2018-04-09,251.48,257.5,249.17,252.19,3256700
2018-04-10,257.95999,259.89001,255.95,256.57001,3113900
2018-04-11,252.59,254.83,249.78999,252.94,3322000
2018-04-12,256.26999,260.73001,255.11,259.59,3059100
2018-04-13,261.94,262.5,254.53999,255.92,3026200
2018-04-16,257.13,260.66,256.66,257.88,3257400
2018-04-17,261.60001,262.25,252.34,253.63,10134400
2018-04-18,254.89999,257.019989,252.25,254.0,4524800
2018-04-19,254.0,256.16,252.83,254.17,3990000
2018-04-20,254.10001,255.67999,251.48,251.96001,2930600
2018-04-23,251.66,252.75,246.19,246.67,3775900
2018-04-24,248.82001,249.14999,240.039993,242.49001,4705100
2018-04-25,242.19,242.46001,237.50999,239.23,5041400
2018-04-26,239.27,241.66,238.0099945,240.089996,2891100
2018-04-27,240.0,241.92999,239.020004,239.8,2136800
2018-04-30,240.97,243.070007,238.22,238.33,2790500
2018-05-01,237.50999,237.89999,233.96001,236.67,3269800
2018-05-02,236.60001,237.91,233.42,234.050003,3710900
2018-05-03,232.45,234.0,227.39999,233.41,4511400
2018-05-04,232.31,236.78999,232.28,234.94,2622300
2018-05-07,236.0,238.17,235.28,237.2,1979400
2018-05-08,238.24001,240.66,236.0,237.0,3267000
2018-05-09,237.98,242.050003,237.25,241.73,2434000
2018-05-10,242.11,245.42,240.16,243.44,2599000
2018-05-11,243.44,244.91,241.71001,242.92,1540100
2018-05-14,243.60001,245.88,243.5,243.91,1928500
2018-05-15,243.0,243.95,240.67,241.56,2165700
2018-05-16,241.27,241.84,240.59,240.96001,1965200
2018-05-17,240.42,242.44,238.78,239.10001,2462700
2018-05-18,238.10001,238.74001,236.87,237.0,2699000
2018-05-21,239.10001,240.070007,237.32001,237.7,1951700
2018-05-22,238.7,240.7,237.98,238.0,2551500
2018-05-23,236.88,237.87,234.38,237.81,3114000
2018-05-24,236.60001,237.17,233.64999,236.10001,2308700
2018-05-25,235.0,236.12,234.28,235.0099945,1985600
2018-05-29,231.52,232.47,225.020004,227.029999,5323600
2018-05-30,228.94,229.67,226.28,229.16,3348600
2018-05-31,227.34,228.11,224.089996,225.88,5334900
2018-06-01,228.39999,230.25,228.089996,228.35001,3330900
2018-06-04,230.35001,231.14999,228.95,229.89,2133600
2018-06-05,228.94,229.34,227.28999,228.34,1986200
2018-06-06,229.85001,232.58,229.36,232.23,2566400
2018-06-07,233.89,235.92,232.53999,233.45,2905000
2018-06-08,233.0,234.27,232.35001,233.39,2253100
2018-06-11,234.62,235.16,233.59,234.089996,1936800
2018-06-12,234.12,235.23,231.86,232.63,2080000
2018-06-13,233.64999,238.23,233.10001,233.83,3637400
2018-06-14,235.87,235.89,232.59,233.64999,2899600
2018-06-15,231.5,233.14999,229.84,231.92,4738100
2018-06-18,230.2,231.67,229.14999,231.39,2327500
2018-06-19,228.22,229.039993,226.16,228.32001,3326600
2018-06-20,229.92,229.94,226.96001,227.82001,2678300
2018-06-21,226.39,228.42999,224.57001,226.98,3094600
2018-06-22,227.78,230.5,225.58,226.020004,2731800
2018-06-25,224.5,225.14,220.39,221.53999,3817700
2018-06-26,221.78,222.8,219.12,221.58,2692900
2018-06-27,221.48,225.47,220.14,220.17999,3104200
2018-06-28,220.25,224.66,219.58,223.42,3072600
2018-06-29,224.39999,225.17,220.45,220.57001,3393700
2018-07-02,219.75,223.34,218.89,223.25999,1723200
2018-07-03,224.46001,224.64,219.99001,220.38,1204400
2018-07-05,221.5,222.14,219.78,220.74001,2218200
2018-07-06,220.53999,223.2,219.88,221.78999,1846400
2018-07-09,223.36,228.2,223.0,227.99001,2743900
2018-07-10,228.0,228.87,225.85001,226.85001,2524800
2018-07-11,225.75999,227.25,225.2,225.66,2527000
2018-07-12,227.64,227.8,225.77,227.22,2223100
2018-07-13,226.63,228.62,223.92999,226.41,2541500
2018-07-16,227.2,231.44,226.74001,231.44,3271200
2018-07-17,231.48,233.23,226.87,231.020004,9280200
2018-07-18,232.34,233.72,230.14999,231.24001,6149900
2018-07-19,231.11,231.99001,228.98,229.63,4638500
2018-07-20,229.0099945,232.050003,228.8,231.69,2683500
2018-07-23,231.8,234.86,231.72,233.75999,2788500
2018-07-24,234.75,237.48,234.34,235.88,2887400
2018-07-25,235.0099945,236.85001,233.95,236.69,2181500
2018-07-26,237.0,238.34,236.42999,237.11,1885500
2018-07-27,237.96001,238.8,235.99001,237.64,1998200
2018-07-30,238.0,239.73,236.89,238.95,2454100
2018-07-31,239.5,239.5,236.55,237.42999,2503700
2018-08-01,238.5,239.39999,235.78,236.039993,2510500
2018-08-02,233.92999,235.21001,232.77,233.99001,2579700
2018-08-03,234.44,235.52,233.49001,234.089996,3053100
2018-08-06,234.14,236.98,234.029999,235.92999,2259600
2018-08-07,237.25,239.46001,236.49001,237.83,2399500
2018-08-08,238.12,239.16,236.23,236.37,2522400
2018-08-09,236.35001,236.85001,233.39,233.78,2951900
2018-08-10,230.97,231.46001,228.11,229.61,3863400
2018-08-13,229.49001,229.89,226.57001,226.86,2662700
2018-08-14,227.35001,230.37,227.3,229.56,2359000
2018-08-15,229.35001,231.53999,228.31,229.25,3218500
2018-08-16,230.67,233.28999,230.45,233.0,2438300
2018-08-17,232.50999,233.72,231.64,233.38,2107200
2018-08-20,234.13,235.98,234.080002,235.78,2604900
2018-08-21,235.28999,239.53,235.28999,238.64999,2437300
2018-08-22,237.89,239.67,237.58,239.34,1870900
2018-08-23,239.050003,239.28,235.84,236.34,2064700
2018-08-24,237.36,237.8,234.7,235.11,1948100
2018-08-27,236.99001,243.64999,236.56,242.60001,4106900
2018-08-28,243.059998,245.080002,241.59,242.37,2951000
2018-08-29,242.050003,242.78999,240.31,241.39999,1911700
2018-08-30,240.8,241.12,238.67999,239.39999,1963700
2018-08-31,238.94,239.35001,237.12,237.81,1965500
2018-09-04,237.75999,238.12,234.59,237.66,2083500
2018-09-05,237.0099945,239.45,236.17,237.56,2092000
2018-09-06,237.0,238.63,233.88,234.52,2651400
2018-09-07,235.050003,235.64,232.67999,233.91,1952900
2018-09-10,235.0099945,235.5,231.74001,231.91,1948100
2018-09-11,230.67,231.64999,228.66,230.21001,2719400
2018-09-12,230.91,231.99001,227.3,228.14999,3577700
2018-09-13,229.5,229.85001,227.57001,228.33,3003600
2018-09-14,229.080002,230.55,228.75999,229.24001,2228300
2018-09-17,229.39999,230.16,227.3,227.89,1918800
2018-09-18,228.35001,229.39999,226.57001,228.89,2498100
2018-09-19,229.89999,236.28,229.52,235.58,3716500
2018-09-20,237.0,238.50999,236.029999,237.39999,2503000
2018-09-21,238.059998,238.52,234.83,235.34,3760300
2018-09-24,234.74001,235.74001,232.24001,232.89999,2057000
2018-09-25,234.64,234.64,232.23,232.5,2003200
2018-09-26,232.96001,233.0,228.24001,228.88,2372700
2018-09-27,228.77,229.85001,227.52,227.74001,2451500
2018-09-28,225.75,227.39999,223.8,224.24001,3097800
2018-10-01,226.22,227.59,225.0,225.33,2451300
2018-10-02,225.28,226.33,223.97,226.070007,2272700
2018-10-03,227.75,229.77,226.58,227.78,2573900
2018-10-04,229.25999,231.39999,225.39,227.48,2903600
2018-10-05,228.0,228.41,224.21001,225.71001,1722400
2018-10-08,224.25999,226.92,222.5,225.35001,2522900
2018-10-09,224.99001,225.12,222.53,222.91,1862900
2018-10-10,223.24001,223.64,214.56,214.89,3955500
2018-10-11,214.2,216.029999,210.95,212.97,6217400
2018-10-12,217.0,217.98,211.46001,213.87,4161300
2018-10-15,214.45,217.14,213.050003,215.22,3333800
2018-10-16,219.35001,222.0,216.3,221.7,5924200
2018-10-17,220.53,228.89999,220.050003,228.28,4953700
2018-10-18,227.5,228.73,223.86,224.95,2995400
2018-10-19,225.25999,228.3,224.19,226.96001,2759100
2018-10-22,226.92999,228.87,221.52,221.60001,2736800
2018-10-23,216.59,219.52,214.32001,218.56,3318200
2018-10-24,218.14,218.92999,208.39999,209.17999,4152700
2018-10-25,211.27,215.69,210.34,214.0099945,3179700
2018-10-26,210.73,214.8,209.53,212.36,3557900
2018-10-29,214.14999,218.21001,212.050003,214.49001,3278200
2018-10-30,215.99001,220.35001,215.039993,219.28,3897400
2018-10-31,221.89,229.0,221.39999,225.37,4369600
2018-11-01,225.75999,228.88,225.47,226.97,2557600
2018-11-02,230.0,231.69,226.28999,229.69,3699000
2018-11-05,228.32001,231.10001,226.95,228.72,2565200
2018-11-06,228.19,229.52,227.050003,228.2,2275600
2018-11-07,230.050003,232.8,226.89999,231.28,3514300
2018-11-08,231.0,234.059998,230.60001,231.64999,2404800
2018-11-09,231.69,231.69,222.3,222.64999,3721700
2018-11-12,222.0,222.31,205.13,206.050003,11019400
2018-11-13,204.39999,209.59,202.33,205.050003,6984800
2018-11-14,206.24001,207.34,198.44,202.49001,5742500
2018-11-15,201.8,204.5,199.32001,203.74001,4260000
2018-11-16,202.92999,204.74001,200.35001,202.12,2829600
2018-11-19,201.83,202.3,197.35001,198.22,3419100
2018-11-20,195.10001,195.89,190.35001,191.34,5513800
2018-11-21,192.089996,195.24001,191.19,192.60001,4111700
2018-11-23,191.61,191.87,188.94,189.10001,1862600
2018-11-26,191.17,195.23,190.69,194.34,3143300
2018-11-27,193.39999,194.62,191.56,193.64999,2345400
2018-11-28,194.84,198.45,192.23,198.35001,3762900
2018-11-29,196.020004,197.45,193.16,194.85001,2665700
2018-11-30,190.57001,191.45,188.12,190.69,6220000
2018-12-03,194.0,195.66,191.62,191.63,4017000
2018-12-04,190.69,191.11,183.63,184.31,5797500
2018-12-06,181.33,184.88,180.14999,184.089996,5275500
2018-12-07,183.85001,186.25,179.0,179.67,3921200
2018-12-10,178.60001,179.84,174.67999,178.83,4528300
2018-12-11,182.14999,184.42999,175.45,176.8,4713900
2018-12-12,178.5,180.0,176.48,176.7,3677300
2018-12-13,177.83,178.69,175.12,175.92,4008600
2018-12-14,174.34,176.25999,172.37,172.77,5078300
2018-12-17,169.39999,171.42999,166.53,168.0099945,8395800
2018-12-18,169.78,173.020004,169.32001,171.5,5150800
2018-12-19,171.59,174.85001,167.60001,169.25,5316100
2018-12-20,168.39,171.64999,167.16,168.41,6488200
2018-12-21,168.25,169.63,159.42,160.050003,8960000
2018-12-24,159.0,160.0,154.31,156.35001,3783500
2018-12-26,157.0,163.11,151.7,162.92999,7054700
2018-12-27,160.12,165.41,159.020004,165.41,4973000
2018-12-28,165.64,165.95,162.020004,163.029999,4110500
2018-12-31,163.78,167.12,163.78,167.050003,4550000
2019-01-02,164.33,172.25,163.35001,172.029999,3999400
2019-01-03,170.66,171.77,168.28999,169.50999,4060200
2019-01-04,172.99001,176.0,171.10001,175.050003,3788300
2019-01-07,175.23,177.83,172.27,176.020004,3152100
2019-01-08,177.78,178.10001,172.89999,175.37,2692700
2019-01-09,176.10001,177.69,174.91,176.47,3321400
2019-01-10,175.66,178.070007,175.5,176.0,2808700
2019-01-11,175.10001,177.039993,172.42,176.92999,3182700
2019-01-14,174.52,179.53999,174.10001,178.72,3361700
2019-01-15,178.32001,179.99001,176.39999,179.91,2911800
2019-01-16,187.0,198.14999,185.60001,197.080002,15194200
2019-01-17,195.95,199.8,192.83,199.089996,8177000
2019-01-18,200.38,203.0,196.91,202.53999,5650900
2019-01-22,200.5,201.47,195.92,197.67999,4648500
2019-01-23,197.55,198.089996,194.53,196.89999,3410700
2019-01-24,196.22,199.67999,195.75999,197.8,2631800
2019-01-25,199.83,201.19,199.42,200.74001,3275000
2019-01-28,197.99001,200.070007,197.10001,199.72,2369600
2019-01-29,199.0,201.97,197.87,200.5,2694100
2019-01-30,200.89999,203.28999,199.64999,202.48,2773300
2019-01-31,200.10001,202.35001,196.95,198.0099945,5604500
2019-02-01,198.0,199.64,196.53999,196.53999,3174200
2019-02-04,195.8,197.75999,194.78999,197.72,2400200
2019-02-05,198.12,199.33,196.86,198.0099945,2601000
2019-02-06,197.17999,199.059998,195.83,196.62,2063100
2019-02-07,195.28,195.88,191.050003,193.070007,2948800
2019-02-08,191.72,192.62,188.22,191.67,2757500
2019-02-11,192.88,193.32001,191.070007,191.33,2056500
2019-02-12,193.050003,195.64999,193.0,194.49001,2392900
2019-02-13,195.92,198.78,194.60001,194.69,2757300
2019-02-14,192.21001,194.13,189.44,192.53,2865000
2019-02-15,193.21001,198.89,193.10001,198.5,3065400
2019-02-19,196.66,199.059998,195.61,198.67,2558200
2019-02-20,198.73,199.3,197.50999,198.60001,2266000
2019-02-21,198.97,199.45,195.050003,196.36,2785900
2019-02-22,196.60001,197.75,195.2,196.0,2626600
2019-02-25,198.0,201.5,197.71001,198.64999,3032200
2019-02-26,198.47,200.56,196.55,198.89999,2499800
2019-02-27,198.5,199.89,197.12,198.10001,1804200
2019-02-28,198.039993,198.39999,196.0099945,196.7,2964300
2019-03-01,198.75,201.44,197.42999,198.2,2580500
2019-03-04,198.81,200.83,194.14999,195.98,2683600
2019-03-05,195.85001,196.17999,193.0,196.0,2338600
2019-03-06,195.89999,197.56,194.53,194.74001,2247500
2019-03-07,193.13,193.45,190.080002,192.77,3567800
2019-03-08,190.39999,195.77,189.71001,195.24001,3162700
2019-03-11,197.23,198.97,195.73,195.97,2669000
2019-03-12,196.0,197.39999,195.69,196.63,1977400
2019-03-13,197.75,198.92999,196.52,197.25,1904500
2019-03-14,197.32001,198.5,196.7,197.47,1482300
2019-03-15,197.16,198.85001,196.85001,198.25999,2985200
2019-03-18,199.17999,203.85001,198.92,202.47,3354900
2019-03-19,204.88,206.45,200.78,201.12,3284900
2019-03-20,200.33,200.33,193.97,194.32001,5033500
2019-03-21,192.89999,195.55,191.75,194.58,4031500
2019-03-22,192.67,193.71001,187.78,188.96001,5703100
2019-03-25,189.33,191.45,186.5,188.50999,3751000
2019-03-26,190.029999,192.41,188.69,190.69,2910100
2019-03-27,190.60001,191.61,188.74001,190.029999,2343800
2019-03-28,190.74001,191.91,189.28999,191.17999,2343400
2019-03-29,192.67999,193.11,191.14,191.99001,2632800
2019-04-01,194.0,198.089996,193.61,196.74001,3562600
2019-04-02,196.24001,197.75999,195.39999,197.5,2247000
2019-04-03,199.25,201.089996,198.53999,200.86,3227900
2019-04-04,200.8,204.28999,200.5,202.23,2582300
2019-04-05,203.38,205.5,202.059998,202.38,2447100
2019-04-08,202.78999,203.63,201.17999,202.53999,1891500
2019-04-09,201.23,201.59,198.86,200.62,2400900
2019-04-10,201.8,203.17,200.27,202.98,1907100
2019-04-11,204.23,205.45,201.57001,202.83,2802100
2019-04-12,207.0,209.97,206.37,207.84,5096600
2019-04-15,204.11,205.74001,199.7,199.91,6617200
2019-04-16,199.62,202.94,199.24001,201.84,4852600
2019-04-17,201.96001,208.5,201.78,207.89999,4195300
2019-04-18,207.089996,207.86,205.14999,205.91,2874300
2019-04-22,205.12,205.59,204.14,204.60001,1591400
2019-04-23,204.25,205.19,202.74001,204.14,2120900
2019-04-24,203.0,203.52,199.73,200.53999,4606100
2019-04-25,199.7,202.56,199.10001,201.39999,2075300
2019-04-26,201.73,203.12,200.32001,203.080002,1543100
2019-04-29,203.5,208.0,203.27,206.92,2997000
2019-04-30,206.94,207.99001,204.14999,205.92,1833000
2019-05-01,206.39999,208.41,204.029999,204.73,1981800
2019-05-02,204.42999,206.22,203.12,204.99001,1514700
2019-05-03,206.0099945,208.75,205.67,207.52,1897600
2019-05-06,202.8,206.98,201.71001,206.42999,1927800
2019-05-07,203.34,204.0,201.0099945,202.63,2839500
2019-05-08,201.39999,203.2,200.8,200.95,1817600
2019-05-09,199.50999,202.22,197.91,201.63,2333400
2019-05-10,200.98,202.10001,198.99001,202.050003,2089400
2019-05-13,197.89999,197.89999,194.0,194.97,3605600
2019-05-14,194.99001,198.13,194.89999,196.28,2463300
2019-05-15,194.64,197.59,193.42,196.39999,2271100
2019-05-16,196.63,200.0,196.62,199.14,2008100
2019-05-17,196.3,199.089996,196.3,197.42999,1928300
2019-05-20,197.089996,197.78,195.57001,197.24001,2483400
2019-05-21,198.66,199.32001,198.0,199.11,2327600
2019-05-22,197.44,198.48,195.46001,195.52,2427200
2019-05-23,193.0,193.0,189.56,191.97,3184100
2019-05-24,192.89,194.070007,191.67999,193.0,1637200
2019-05-28,192.0,193.31,189.39,189.44,3040000
2019-05-29,187.74001,188.64999,184.92,188.050003,2815800
2019-05-30,188.089996,189.37,186.0099945,187.37,1919300
2019-05-31,184.77,184.89,182.31,182.49001,2640100
2019-06-03,181.7,183.49001,180.73,183.19,2857800
2019-06-04,186.17999,189.99001,185.71001,189.88,2420800
2019-06-05,190.10001,190.16,187.0099945,188.44,1967800
2019-06-06,188.059998,190.74001,187.31,189.81,1653500
2019-06-07,189.88,190.61,188.52,189.81,1838600
2019-06-10,191.39999,197.0,191.39999,194.12,2372000
2019-06-11,195.3,196.12,193.50999,194.73,1632200
2019-06-12,193.61,194.050003,189.83,190.22,2059400
2019-06-13,190.41,192.25,190.070007,191.45,1411400
2019-06-14,191.28999,192.17,189.31,191.66,1403900
2019-06-17,192.020004,193.23,190.74001,190.83,1155600
2019-06-18,190.67,197.13,190.67,194.98,2363000
2019-06-19,195.35001,197.61,194.78999,195.64,2196800
2019-06-20,197.5,198.19,193.61,195.7,2749300
2019-06-21,195.34,198.34,193.97,195.94,3365500
2019-06-24,196.53,199.35001,196.029999,197.49001,2069800
2019-06-25,197.5,197.52,194.0099945,196.059998,1828300
2019-06-26,196.5,197.87,196.12,197.0099945,1649900
2019-06-27,197.57001,199.61,196.75999,199.32001,2239200
2019-06-28,203.5,205.84,202.94,204.60001,4854900
2019-07-01,208.0,209.85001,205.74001,206.86,2465700
2019-07-02,205.39999,206.31,204.16,205.98,1621400
2019-07-03,207.3,207.39999,205.23,206.039993,978800
2019-07-05,206.86,208.75999,206.2,207.89999,1511400
2019-07-08,206.36,207.25,204.71001,205.75,1853900
2019-07-09,203.75,207.94,203.53999,207.77,1812100
2019-07-10,207.17999,208.99001,205.64999,205.97,1779800
2019-07-11,206.2,212.59,206.0,211.35001,3691600
2019-07-12,212.0,214.19,210.78999,213.94,2626000
2019-07-15,214.11,214.60001,209.78999,211.58,2600200
2019-07-16,214.8,217.33,212.55,215.52,5283700
2019-07-17,213.83,215.78,213.16,213.3,2583500
2019-07-18,212.71001,215.83,211.75,214.52,2858100
2019-07-19,214.020004,215.77,213.35001,213.52,1822300
2019-07-22,213.39999,214.86,212.31,214.0,1907100
2019-07-23,214.95,220.0,214.95,219.42999,3330600
2019-07-24,219.25,222.089996,218.63,222.029999,3180000
2019-07-25,221.77,221.77,218.23,219.98,2776700
2019-07-26,220.45,222.24001,220.37,222.14,2304500
2019-07-29,221.0,222.13,220.2,220.32001,1372800
2019-07-30,218.49001,221.99001,217.33,221.39999,1644600
2019-07-31,221.24001,221.98,219.0099945,220.13,1991100
2019-08-01,219.35001,219.95,210.75999,211.60001,3070100
2019-08-02,211.58,211.58,205.31,209.37,2503000
2019-08-05,205.82001,205.82001,199.58,201.67999,2794200
2019-08-06,203.56,206.070007,200.89,206.0099945,2349400
2019-08-07,201.11,205.96001,199.050003,205.74001,2454200
2019-08-08,207.17,207.8,203.53999,207.0,2342200
2019-08-09,205.62,208.3,203.86,206.89999,1790100
2019-08-12,203.28,204.14999,200.48,201.52,1479300
2019-08-13,201.50999,206.60001,200.23,204.11,2115900
2019-08-14,199.8,199.91,195.059998,195.56,3025100
2019-08-15,195.91,196.97,193.71001,196.17999,1981900
2019-08-16,197.029999,200.67,197.0,199.42,1878700
2019-08-19,203.81,204.45,201.82001,202.2,1646100
2019-08-20,200.21001,201.99001,199.7,199.98,1545600
2019-08-21,202.74001,203.020004,200.17,200.67999,1160800
2019-08-22,202.28,203.45,200.91,202.42,1275900
2019-08-23,200.81,201.88,195.19,196.2,2200500
2019-08-26,198.27,199.71001,198.0,199.64999,1441900
2019-08-27,200.33,200.86,196.5,198.070007,1513300
2019-08-28,196.57001,201.47,196.25,200.42,1437800
2019-08-29,201.36,204.37,201.36,203.44,1816800
2019-08-30,204.85001,205.21001,203.0099945,203.91,1529600
2019-09-03,201.10001,201.61,196.58,198.97,2633600
2019-09-04,201.49001,202.10001,200.050003,201.73,1720600
2019-09-05,205.27,208.92999,205.039993,207.050003,2237900
2019-09-06,207.059998,208.25,205.57001,207.21001,1438800
2019-09-09,209.22,213.88,208.44,211.98,2734500
2019-09-10,213.5,217.089996,213.22,215.63,2615800
2019-09-11,215.21001,216.85001,213.36,216.8,1886300
2019-09-12,216.38,220.75999,215.14999,218.74001,2913800
2019-09-13,220.35001,221.5,219.2,219.89999,2722400
2019-09-16,217.82001,219.33,216.32001,217.22,2205500
2019-09-17,215.8,216.14,212.53999,215.91,2429100
2019-09-18,214.83,217.89,213.3,217.080002,2474900
2019-09-19,217.58,217.92999,215.059998,215.23,1596200
2019-09-20,214.66,216.67999,213.63,213.74001,5458900
2019-09-23,212.85001,214.11,211.56,213.46001,1485500
2019-09-24,214.039993,214.2,206.8,207.75,2837600
2019-09-25,207.96001,211.089996,207.45,210.029999,1593400
2019-09-26,209.050003,209.97,208.11,208.22,1685500
2019-09-27,209.85001,210.55,208.089996,208.97,1530900
2019-09-30,209.71001,209.71001,206.83,207.23,1794500
2019-10-01,207.0099945,209.38,202.61,202.69,3156200
2019-10-02,201.69,201.88,197.60001,198.25,3386800
2019-10-03,197.61,198.37,193.99001,197.24001,2914500
2019-10-04,196.99001,201.23,196.039993,200.8,3021100
2019-10-07,200.78999,202.53,199.47,200.39999,2202200
2019-10-08,197.60001,198.95,195.92,197.37,2654900
2019-10-09,198.19,198.98,196.67999,196.85001,2443500
2019-10-10,197.59,201.32001,197.53999,199.87,2108000
2019-10-11,203.72,207.28999,203.72,204.67999,3334300
2019-10-14,203.83,206.17,202.92,205.82001,2286100
2019-10-15,202.0,208.24001,198.61,206.46001,8241900
2019-10-16,206.17,208.62,206.10001,207.42,3405800
2019-10-17,208.28999,208.92999,204.39,206.46001,2876500
2019-10-18,204.99001,208.059998,204.99001,206.52,2207000
2019-10-21,208.67,210.86,207.67999,209.25,1934900
2019-10-22,209.59,211.64999,208.31,209.60001,1868000
2019-10-23,209.22,212.020004,209.0,211.32001,1574500
2019-10-24,211.61,213.14999,209.78,211.050003,1266500
2019-10-25,210.17999,215.42,210.17999,214.23,2602100
2019-10-28,216.32001,218.92,215.69,217.75,2707800
2019-10-29,217.22,219.28,216.45,217.64,2030800
2019-10-30,217.020004,217.050003,213.81,215.81,1584900
2019-10-31,215.14999,215.36,211.32001,213.38,1876200
2019-11-01,215.25999,217.89,214.75,217.39,2112300
2019-11-04,219.7,220.69,218.57001,219.87,2538100
2019-11-05,220.8,221.78,218.47,218.64,2525100
2019-11-06,218.0099945,219.070007,216.55,218.42,1863000
2019-11-07,220.77,224.77,220.41,223.28999,3748600
2019-11-08,223.0,223.23,221.10001,222.91,1610800
2019-11-11,220.89999,221.41,218.52,219.029999,2754500
2019-11-12,218.56,221.11,217.92999,220.41,1891600
2019-11-13,218.39,219.84,217.0099945,219.32001,1756000
2019-11-14,218.78999,220.47,218.029999,219.42999,1483100
2019-11-15,220.0,221.089996,219.039993,220.25,1693100
2019-11-18,219.73,219.95,218.039993,219.73,1603400
2019-11-19,220.56,220.67999,218.31,220.039993,1817100
2019-11-20,218.36,219.47,216.39999,217.91,2177700
2019-11-21,218.60001,219.32001,216.82001,218.23,1677700
2019-11-22,218.0,220.71001,218.0,220.28,1529100
2019-11-25,220.89,223.95,220.89,222.75,2181800
2019-11-26,222.67999,222.75999,221.11,222.45,1926300
2019-11-27,223.45,224.28,221.86,222.95,1614600
2019-11-29,220.88,222.0,220.41,221.35001,770400
2019-12-02,220.97,221.8,217.080002,217.64,2118500
2019-12-03,215.42999,215.42999,210.0,212.24001,3207100
2019-12-04,213.53999,216.99001,212.38,215.94,1583600
2019-12-05,217.14999,217.63,215.42,217.14,1329300
2019-12-06,219.95,225.39999,218.82001,224.61,4229400
2019-12-09,224.61,224.64999,221.77,221.81,2134600
2019-12-10,221.67,222.88,220.55,221.88,1854100
2019-12-11,222.25,222.85001,220.84,221.19,1778600
2019-12-12,221.91,226.78,220.60001,226.050003,2974300
2019-12-13,226.72,227.99001,223.7,225.0,1908200
2019-12-16,228.5,230.7,227.87,228.039993,3218400
2019-12-17,230.0,232.070007,228.8,231.14999,3590000
2019-12-18,231.97,232.2,229.94,230.45,2280800
2019-12-19,230.95,231.39,228.96001,229.94,2418100
2019-12-20,230.96001,231.28999,228.62,228.92999,3715500
2019-12-23,229.66,230.48,228.41,229.089996,1670400
2019-12-24,228.98,229.95,228.37,229.91,467700
2019-12-26,230.25999,232.2,229.99001,231.21001,1704000
2019-12-27,231.81,232.21001,230.47,230.66,1343900
2019-12-30,231.67999,231.67999,229.5,229.8,1494500
2019-12-31,229.71001,229.97,228.67,229.92999,1447200
2020-01-02,231.0,234.64,230.16,234.32001,3736300
2020-01-03,231.60001,232.61,230.3,231.58,2274500
2020-01-06,229.92999,234.020004,229.49001,233.95,3329300
2020-01-07,235.0,237.77,234.75999,235.49001,5255200
2020-01-08,235.67999,239.75,235.48,237.75999,3564700
2020-01-09,241.34,243.39999,239.82001,242.60001,3980700
2020-01-10,242.75,243.39,241.39,242.11,2248100
2020-01-13,244.44,246.11,243.0,245.21001,3359200
2020-01-14,245.32001,248.52,244.60001,245.66,4302800
2020-01-15,242.0,249.5,239.16,245.21001,5411200
2020-01-16,247.0099945,249.82001,246.23,249.72,3968400
2020-01-17,250.23,250.46001,248.0,249.46001,3108400
2020-01-21,247.21001,248.85001,245.60001,245.7,2492400
2020-01-22,246.61,248.52,246.34,247.050003,2030900
2020-01-23,244.5,247.0,242.88,245.58,2806800
2020-01-24,245.070007,245.71001,240.60001,241.92,2877400
2020-01-27,236.37,238.99001,235.0099945,238.14,2506200
2020-01-28,239.49001,243.58,238.050003,242.58,3123000
2020-01-29,244.52,246.5,239.57001,240.12,3711600
2020-01-30,237.69,244.34,236.73,244.13,3261700
2020-01-31,241.99001,242.89,236.88,237.75,3482800
2020-02-03,238.36,242.39,238.050003,239.0099945,2733000
2020-02-04,242.88,243.74001,241.55,241.94,3052500
2020-02-05,244.99001,245.13,243.0,244.3,3126600
2020-02-06,245.35001,245.77,241.17999,241.82001,2225600
2020-02-07,239.75,240.52,236.55,238.0,3006500
2020-02-10,237.39999,237.87,235.46001,237.36,2591300
2020-02-11,239.0,239.55,236.22,236.46001,2238800
2020-02-12,238.0099945,241.17999,237.72,238.64999,2119200
2020-02-13,237.85001,238.97,236.57001,238.35001,1461300
2020-02-14,237.94,239.0099945,236.23,237.080002,1718700
2020-02-18,236.55,237.070007,231.2,233.21001,2736500
2020-02-19,235.0,237.8,233.28,237.33,2207100
2020-02-20,236.41,236.89999,231.25,232.73,3183700
2020-02-21,230.91,231.8,228.37,230.62,3081600
2020-02-24,223.23,226.69,222.53999,224.53999,4139400
2020-02-25,224.78,225.87,215.89,217.61,5343100
2020-02-26,218.7,220.0,214.75999,215.78,4171100
2020-02-27,210.49001,213.48,205.37,205.69,5848200
2020-02-28,199.089996,202.25,194.85001,200.77,6727100
2020-03-02,201.41,209.62,197.63,209.47,5285500
2020-03-03,209.0,211.78999,202.12,203.42999,5677200
2020-03-04,205.84,208.92,202.7,208.74001,3520400
2020-03-05,201.33,203.47,196.95,198.78999,4151500
2020-03-06,190.67999,196.3,189.28,192.85001,5071900
2020-03-09,173.58,179.25,170.16,172.81,6443000
2020-03-10,181.62,185.39999,173.28999,184.35001,6803900
2020-03-11,178.48,180.77,170.97,171.89,5314000
2020-03-12,160.0,166.75,150.0,150.67999,8357700
2020-03-13,162.82001,177.56,152.35001,177.17,6368400
2020-03-16,150.23,169.53999,150.0,154.66,6888000
2020-03-17,157.0,166.74001,150.0,158.67,6876300
2020-03-18,150.0,155.97,135.41,140.020004,9543200
2020-03-19,137.38,152.49001,130.85001,149.49001,6548200
2020-03-20,148.99001,149.19,138.28999,138.41,7561300
2020-03-23,136.029999,141.94,133.25999,134.97,5472600
2020-03-24,144.32001,153.89999,143.63,153.60001,6647400
2020-03-25,154.60001,162.21001,145.32001,155.13,8587800
2020-03-26,156.37,167.66,154.31,165.78999,6762200
2020-03-27,159.080002,163.73,157.0,158.34,4186700
2020-03-30,158.52,160.42999,153.17999,159.62,4152800
2020-03-31,158.13,161.10001,153.72,154.59,3588200
2020-04-01,146.10001,149.57001,145.0,145.28999,4689100
2020-04-02,143.020004,150.45,141.67,149.92999,4446900
2020-04-03,149.2,150.92,145.23,146.92999,2801600
2020-04-06,155.47,158.92999,153.77,158.23,4689400
2020-04-07,166.0,169.14,162.45,166.020004,4953500
2020-04-08,168.55,178.10001,168.55,176.96001,5194800
2020-04-09,180.58,187.33,179.77,184.25999,6445800
2020-04-13,183.85001,184.97,179.13,179.17999,4774300
2020-04-14,182.35001,183.38,174.53999,178.23,4149600
2020-04-15,170.63,181.67999,169.14999,178.52,6042700
2020-04-16,177.22,178.44,172.39,177.039993,4662200
2020-04-17,183.49001,185.28,178.28999,183.49001,5426700
2020-04-20,179.7,186.32001,178.020004,180.39999,4674800
2020-04-21,175.44,179.2,173.66,173.81,3819000
2020-04-22,177.5,178.17999,174.47,175.98,2314500
2020-04-23,177.0,179.070007,174.45,175.050003,2013300
2020-04-24,177.0,177.95,173.49001,177.0,2024400
2020-04-27,179.10001,184.25,178.72,183.53999,2743100
2020-04-28,189.16,190.42,184.87,187.0099945,3344700
2020-04-29,192.61,193.72,189.57001,190.029999,3086300
2020-04-30,186.0,187.55,182.89999,183.42,2695400
2020-05-01,179.0,179.60001,176.64999,177.10001,2650200
2020-05-04,175.0,176.31,171.72,176.029999,2990100
2020-05-05,179.10001,182.60001,178.14,178.3,3272600
2020-05-06,179.67999,181.2,175.21001,176.92,2408700
2020-05-07,179.17999,183.38,179.17999,182.32001,2480100
2020-05-08,185.029999,185.91,182.74001,185.39,2277500
2020-05-11,182.53999,184.85001,181.25999,183.16,2212200
2020-05-12,183.89,184.3,176.75,177.21001,3549200
2020-05-13,175.66,176.88,170.75999,171.8,3445300
2020-05-14,169.039993,174.78,165.36,174.45,4176700
2020-05-15,173.48,174.089996,170.58,171.87,2867800
2020-05-18,177.71001,183.10001,175.24001,181.88,4505800
2020-05-19,180.56,182.19,177.72,177.83,2210500
2020-05-20,180.95,183.83,180.3,181.44,2599900
2020-05-21,180.2,181.17,177.67999,180.10001,2153500
2020-05-22,180.029999,180.64,178.059998,179.92999,2176400
2020-05-26,185.63,197.10001,185.22,196.059998,5971200
2020-05-27,203.0,210.71001,200.0099945,209.66,8182100
2020-05-28,210.84,211.31,201.21001,201.22,4886100
2020-05-29,197.23,200.92,194.64999,196.49001,3822600
2020-06-01,197.31,201.77,195.12,199.92999,2230800
2020-06-02,203.77,206.5,201.32001,204.14,4128700
2020-06-03,208.49001,211.92999,206.42999,210.57001,3471900
2020-06-04,208.78999,214.99001,207.96001,214.82001,3522300
2020-06-05,222.0,222.98,217.66,217.92,4737600
2020-06-08,220.020004,222.25999,218.24001,220.81,3260300
2020-06-09,215.74001,220.020004,215.16,218.10001,2478400
2020-06-10,217.39,219.85001,212.8,213.52,3091200
2020-06-11,204.7,206.89999,194.020004,194.13,4923400
2020-06-12,200.62,202.94,196.21001,201.78,3380800
2020-06-15,195.73,206.99001,195.14999,206.31,3467400
2020-06-16,214.98,214.98,203.73,209.59,3099100
2020-06-17,210.0,210.78999,205.44,206.19,1798300
2020-06-18,203.99001,207.25999,202.67,203.84,2051700
2020-06-19,207.050003,207.42,200.97,201.63,4962400
2020-06-22,200.99001,204.58,200.0,203.42,1806900
2020-06-23,206.5,207.50999,203.64,204.78,2451800
2020-06-24,202.34,202.61,197.38,198.020004,2756700
2020-06-25,197.86,207.39,197.61,207.10001,3466500
2020-06-26,199.0,200.24001,188.50999,189.19,9530700
2020-06-29,191.38,193.89999,188.66,193.47,3736000
2020-06-30,193.84,198.41,193.62,197.62,3102800
2020-07-01,198.88,199.74001,195.52,197.57001,2620100
2020-07-02,202.5,203.0,197.13,197.39999,2699400
2020-07-06,201.34,207.78999,201.13,207.36,3567700
2020-07-07,205.5,205.71001,199.19,199.36,2853500
2020-07-08,199.53999,203.25,199.020004,202.25,2789700
2020-07-09,202.11,202.5,195.0,196.83,3160100
2020-07-10,196.87,206.32001,196.83,205.56,4414800
2020-07-13,209.0,212.98,207.0,208.88,4449600
2020-07-14,211.42999,214.3,207.0099945,214.0099945,5202000
2020-07-15,224.37,225.24001,214.69,216.89999,12516700
2020-07-16,213.50999,220.46001,213.5,214.67,5769600
2020-07-17,214.89999,215.17,211.25,211.41,3614300
2020-07-20,210.73,213.17,210.25,211.71001,2268700
2020-07-21,212.25,213.81,210.39,212.020004,3393500
2020-07-22,210.5,211.0,205.35001,206.0,4978400
2020-07-23,205.10001,206.020004,202.050003,203.020004,4088600
2020-07-24,203.0,204.92999,201.32001,201.47,3191500
2020-07-27,200.10001,204.17999,199.59,203.020004,2601200
2020-07-28,201.91,203.60001,201.089996,201.62,2139600
2020-07-29,201.7,203.89,199.62,202.58,2635000
2020-07-30,199.5,199.99001,196.3,199.53,3057900
2020-07-31,199.84,199.84,196.50999,197.96001,2399700
2020-08-03,198.49001,199.88,196.53,199.39,2294600
2020-08-04,199.35001,201.72,198.48,201.64,1944700
2020-08-05,203.17,204.81,203.0099945,204.52,2232400
2020-08-06,205.0,206.28999,203.83,204.25,1882400
2020-08-07,203.48,208.8,202.45,208.27,3075000
2020-08-10,209.59,210.64,208.039993,209.38,2432800
2020-08-11,212.72,216.95,210.53,211.059998,4042700
2020-08-12,214.7,215.95,209.27,212.13,2439400
2020-08-13,210.41,212.2,207.69,208.39,2219900
2020-08-14,207.46001,209.48,206.61,207.97,2287600
2020-08-17,207.0,207.85001,202.53,203.070007,3922600
2020-08-18,203.45,203.58,201.10001,201.31,3067900
2020-08-19,202.39999,206.10001,201.77,203.020004,2458500
2020-08-20,200.75999,203.28,200.34,201.85001,1764200
2020-08-21,200.11,203.35001,199.82001,202.42999,1780900
2020-08-24,203.11,207.42999,201.32001,207.34,3097400
2020-08-25,209.99001,210.49001,205.17,206.0,2627600
2020-08-26,205.89,207.28,205.029999,207.22,2563200
2020-08-27,206.67999,213.0,206.41,210.14999,3692400
2020-08-28,211.89,212.0,207.089996,207.71001,3697400
2020-08-31,205.5,206.41,203.63,204.87,3046200
2020-09-01,203.60001,206.71001,203.0099945,205.46001,2457000
2020-09-02,205.78999,210.92999,205.37,210.039993,3565200
2020-09-03,211.75,215.23,205.83,207.56,3533500
2020-09-04,210.89,213.35001,205.32001,210.94,3668900
2020-09-08,209.50999,209.96001,201.27,202.48,4574700
2020-09-09,204.19,204.83,202.029999,202.22,4681400
2020-09-10,203.73,205.35001,199.55,200.0099945,2510300
2020-09-11,200.24001,201.91,198.95,200.92,2376400
2020-09-14,203.3,203.3,200.67,201.34,2756900
2020-09-15,202.0,202.59,197.98,198.0,3717600
2020-09-16,198.49001,203.8,198.070007,200.67999,3571400
2020-09-17,198.21001,199.89,194.50999,194.83,4274800
2020-09-18,195.0099945,196.64999,192.38,194.86,9066300
2020-09-21,189.89999,194.17,187.47,194.0,4871300
2020-09-22,194.0,196.14,188.42999,191.62,3355800
2020-09-23,192.0,192.92,185.87,186.12,3116100
2020-09-24,188.98,197.46001,187.050003,195.11,5114600
2020-09-25,192.96001,195.39,189.61,194.95,3106000
2020-09-28,197.78,201.87,197.14999,199.070007,3280100
2020-09-29,198.16,198.77,195.42999,196.78999,2400000
2020-09-30,198.67999,203.080002,198.36,200.97,3075800
2020-10-01,201.53,203.13,197.87,198.55,2288700
2020-10-02,195.34,200.7,195.28999,199.89999,2541200
2020-10-05,201.92999,202.84,199.59,201.8,2551600
2020-10-06,204.25,206.089996,199.89999,201.089996,2833100
2020-10-07,203.89999,205.0,201.17,203.60001,2326600
2020-10-08,205.14999,208.16,204.11,207.98,2330600
2020-10-09,208.75999,209.81,206.070007,207.53999,3040900
2020-10-12,207.41,214.89,207.41,214.12,3474200
2020-10-13,214.0099945,214.11,209.17999,210.81,3317300
2020-10-14,213.88,214.45,210.27,211.23,7550100
2020-10-15,209.58,210.73,206.89999,208.60001,4325700
2020-10-16,208.32001,210.0,205.81,206.21001,3244500
2020-10-19,207.39,207.91,204.59,205.69,3235300
2020-10-20,206.7,211.38,206.47,208.029999,3335500
2020-10-21,207.39,207.95,202.0099945,202.91,3083600
2020-10-22,203.2,206.37,202.2,205.39999,2136900
2020-10-23,206.75999,208.21001,204.020004,205.039993,2110200
2020-10-26,202.49001,202.81,198.50999,201.14,3249700
2020-10-27,200.0,200.59,195.41,195.67999,3430400
2020-10-28,191.31,193.37,188.94,189.77,4214600
2020-10-29,189.8,192.35001,186.89999,189.94,3581200
2020-10-30,189.50999,190.39999,185.52,189.039993,3658800
2020-11-02,192.0,192.7,188.23,190.2,2459600
2020-11-03,193.94,199.0,193.22,197.92999,4545500
2020-11-04,196.25,200.82001,194.89999,197.87,3868500
2020-11-05,199.64999,204.12,199.059998,202.96001,2892800
2020-11-06,204.34,204.39,200.42,201.25999,2475100
2020-11-09,214.49001,218.0,209.37,214.92999,6960500
2020-11-10,215.25,218.38,211.17999,217.47,4166500
2020-11-11,218.64,219.92,215.029999,218.050003,2680700
2020-11-12,215.22,216.86,212.39999,214.50999,3005500
2020-11-13,215.85001,220.96001,215.41,219.080002,2832100
2020-11-16,223.53,224.60001,220.029999,222.38,3004700
2020-11-17,220.020004,224.85001,218.33,224.64999,2722900
2020-11-18,225.0,227.72,223.50999,224.3,2856200
2020-11-19,224.3,224.94,222.11,224.57001,1505200
2020-11-20,223.0,224.81,222.63,223.35001,1848100
2020-11-23,226.059998,230.0,225.73,228.83,3371300
2020-11-24,231.10001,238.12,230.63,237.5,3915200
2020-11-25,235.0,237.45,232.42999,236.53999,2272800
2020-11-27,237.0,237.3,233.78999,235.39999,1050400
2020-11-30,232.050003,235.0,230.36,230.58,2705400
2020-12-01,231.96001,234.87,231.35001,232.080002,2577600
2020-12-02,232.080002,238.13,231.58,237.64999,2136300
2020-12-03,237.28999,238.85001,234.64,235.47,2142600
2020-12-04,237.7,239.75,236.95,239.58,2373000
2020-12-07,238.53999,239.85001,235.45,238.45,1788600
2020-12-08,237.0099945,239.19,236.58,238.84,1371800
2020-12-09,240.0,245.36,239.53,242.82001,3552300
2020-12-10,240.0,245.17999,239.50999,244.39999,2541700
2020-12-11,240.81,241.2,237.10001,239.99001,2077300
2020-12-14,243.28,243.5,237.39,237.78999,1927800
2020-12-15,239.5,243.61,237.19,242.42999,2348000
2020-12-16,243.56,243.89999,241.12,243.77,2400900
2020-12-17,245.0,245.92999,243.0,244.42999,2983600
2020-12-18,245.39,245.39,240.56,242.13,4088100
2020-12-21,250.28999,260.85001,248.75999,256.98001,7408500
2020-12-22,256.85999,257.70001,249.8,250.089996,3599800
2020-12-23,251.5,260.57999,251.3,256.45001,3376100
2020-12-24,257.040009,257.62,253.75,256.16,968100
2020-12-28,257.81,262.64999,257.0,259.59,2793400
2020-12-29,260.26001,260.85999,256.5,258.01001,1430900
2020-12-30,258.81,260.64999,257.82999,259.45001,1566500
2020-12-31,258.79999,263.92999,258.0,263.70999,2043100
2021-01-04,267.0,267.57999,260.16,265.0,3572000
2021-01-05,263.88,273.5,262.57001,270.92999,4207100
2021-01-06,276.29001,288.38,273.10001,285.54999,6383500
2021-01-07,287.76999,295.89001,286.67999,291.64999,4009700
2021-01-08,292.0,292.28,285.059998,290.079987,2800800
2021-01-11,286.79999,295.0,284.20001,293.82999,2649700
2021-01-12,297.14001,303.98001,296.019989,302.20999,4814400
2021-01-13,300.079987,303.72,299.10001,302.94,2413800
2021-01-14,304.049988,309.41,303.54001,307.87,3192200
2021-01-15,301.19,304.85999,296.88,301.01001,3863700
2021-01-19,305.0,306.60001,293.79999,294.20001,6727800
2021-01-20,295.82001,297.45001,287.48001,290.47,4792600
2021-01-21,290.45001,292.73999,288.53,289.37,2516000
2021-01-22,286.69,290.59,285.5,289.39001,2568800
2021-01-25,285.53,286.35001,277.5,283.040009,4575000
2021-01-26,283.92999,285.76999,280.079987,281.76001,3296800
2021-01-27,276.0,277.37,271.32001,273.32999,3891800
2021-01-28,274.60999,279.82999,271.32999,275.019989,3778700
2021-01-29,274.26999,277.39999,270.62,271.17001,3412000
2021-02-01,272.66,276.79999,272.0,274.73001,2324100
2021-02-02,278.32001,288.25,278.0,286.97,5195500
2021-02-03,286.60999,289.81,285.17999,288.54999,2712800
2021-02-04,290.0,295.82999,289.51999,293.75,2994700
2021-02-05,295.0,297.23999,292.19,293.5,2938100
2021-02-08,295.0,300.89001,294.5,300.14999,2826200
2021-02-09,299.60001,302.45001,297.70001,300.45999,2071700
2021-02-10,300.0,305.17999,297.75,304.28,3213700
2021-02-11,303.98001,305.01001,299.17001,302.32001,2159900
2021-02-12,301.98999,306.70001,301.76999,306.32001,1977300
2021-02-16,310.0,312.92001,309.22,311.95999,2792200
2021-02-17,310.029999,314.98001,308.76001,312.73999,2333100
2021-02-18,309.22,314.5,307.57999,309.89999,2093300
2021-02-19,310.23001,316.78,310.23001,315.62,2749500
2021-02-22,313.0,320.56,312.20999,316.87,3162300
2021-02-23,317.98001,320.0,310.57999,319.20999,2942500
2021-02-24,320.17001,330.97,320.10001,330.64001,3934400
2021-02-25,333.32999,335.81,326.29001,327.76001,4244000
2021-02-26,325.76999,328.67999,319.040009,319.48001,3732200
2021-03-01,325.0,331.040009,323.31,329.92001,2957800
2021-03-02,330.0,336.19,329.51001,330.94,2850300
2021-03-03,333.67999,340.10001,333.25,334.42999,3606300
2021-03-04,333.13,339.76001,323.92001,329.29001,3647600
2021-03-05,335.57999,335.57999,316.45999,327.37,3740200
2021-03-08,331.35999,337.59,329.10001,334.19,2998000
2021-03-09,328.62,336.39001,325.57001,330.59,3324800
2021-03-10,332.070007,342.39999,331.53,342.019989,3153100
2021-03-11,338.66,345.0,336.45999,342.10001,2756600
2021-03-12,345.22,350.0,343.64001,348.81,2436700
2021-03-15,349.44,352.42001,342.0,346.049988,2276200
2021-03-16,345.28,346.89999,337.75,341.70999,2332600
2021-03-17,344.62,347.029999,340.39999,344.95001,2710900
2021-03-18,350.75,356.85001,346.98999,348.0,3713000
2021-03-19,346.42001,347.23999,340.63,344.20001,3513000
2021-03-22,341.059998,342.88,336.0,339.32999,2094500
2021-03-23,337.62,341.89001,331.32999,331.76999,2457500
2021-03-24,333.42001,336.94,328.44,328.64999,3332200
2021-03-25,327.35001,331.39001,321.92001,330.54999,2804700
2021-03-26,334.51001,335.45001,322.69,327.39001,3082600
2021-03-29,320.35001,327.76001,317.72,325.73001,4533200
2021-03-30,329.41,335.75,328.85001,332.01001,2717300
2021-03-31,330.23001,332.64999,325.44,327.0,2624500
2021-04-01,324.29999,329.66,324.16,327.64001,2659000
2021-04-05,332.85001,332.85001,323.049988,323.54001,3235000
2021-04-06,324.48999,328.54001,324.0,327.059998,1801700
2021-04-07,327.70001,329.20001,323.35001,326.54999,2157300
2021-04-08,324.29001,331.48999,322.97,331.14001,2402800
2021-04-09,334.0,334.89999,328.79001,330.81,2347100
2021-04-12,332.67001,334.48001,329.94,331.84,2318800
2021-04-13,329.51001,330.049988,324.17999,327.67999,3575900
2021-04-14,328.54999,344.47,326.14999,335.35001,9876800
2021-04-15,338.89999,341.35001,334.54001,338.54999,4354800
2021-04-16,340.29001,343.73999,338.62,342.31,4231900
2021-04-19,340.0,344.42999,336.60001,343.089996,3228200
2021-04-20,339.97,340.47,329.35001,331.88,3662300
2021-04-21,330.0,335.47,327.56,335.26999,2733300
2021-04-22,334.62,336.97,330.29001,330.85001,2165200
2021-04-23,331.25,340.67001,330.72,339.35001,2163800
2021-04-26,341.94,345.89999,340.89001,343.51999,2171500
2021-04-27,344.0,347.54999,343.66,346.63,2088600
2021-04-28,348.0,350.12,346.089996,348.10999,2140900
2021-04-29,350.54999,353.82999,347.48001,352.97,2584400
2021-04-30,351.12,352.82001,347.20001,348.45001,2101100
2021-05-03,350.34,354.059998,349.26001,350.16,1871700
2021-05-04,348.89999,351.78,342.57001,349.84,2831400
2021-05-05,352.0,359.14001,348.54999,357.62,2786800
2021-05-06,359.76999,366.29999,356.5,365.97,3048700
2021-05-07,362.29999,371.64999,360.92999,370.89001,3378100
2021-05-10,373.5,376.98001,368.5,368.67999,3396300
2021-05-11,363.0,368.63,358.62,359.92001,3734300
2021-05-12,363.070007,368.13,353.26999,354.39999,3309800
2021-05-13,353.25,360.89001,353.25,358.81,2673900
2021-05-14,362.0,369.51001,361.70001,368.76999,2732300
2021-05-17,367.78,370.70001,364.5,369.25,1826100
2021-05-18,371.38,373.079987,364.0,364.56,2018600
2021-05-19,360.0,360.0,353.92999,358.38,3696000
2021-05-20,358.98001,361.95001,353.35001,359.78,1919600
2021-05-21,361.48999,367.14001,360.51001,366.26001,2657500
2021-05-24,367.32001,369.72,365.51001,368.29001,1834300
2021-05-25,369.91,373.76999,364.089996,364.51001,2631000
2021-05-26,365.0,368.79001,361.91,367.39999,2121200
2021-05-27,371.32999,373.54999,367.29999,371.37,3897000
2021-05-28,372.0,373.070007,368.26001,372.019989,2169700
2021-06-01,377.70001,383.35999,376.31,382.44,3644000
2021-06-02,383.32999,384.67001,379.37,383.44,2809700
2021-06-03,382.25,391.25,380.13,388.72,3003900
2021-06-04,389.67999,392.049988,386.32001,391.45001,2514100
2021-06-07,393.0,393.26001,387.54999,388.16,2188700
2021-06-08,385.79001,386.48001,382.22,384.70001,2452600
2021-06-09,383.16,384.26999,378.88,382.78,2025900
2021-06-10,389.64001,389.64001,372.35001,373.94,3900800
2021-06-11,375.70001,378.75,375.10999,378.049988,2117300
2021-06-14,377.42999,378.75,370.70001,372.92001,2560500
2021-06-15,373.5,374.84,367.16,371.29999,2302900
2021-06-16,370.98999,374.079987,365.25,371.0,3264200
2021-06-17,373.51999,373.51999,356.54999,361.5,4146300
2021-06-18,356.51999,358.38,348.13,348.82999,6290100
2021-06-21,352.89001,357.97,351.040009,357.54001,2717300
2021-06-22,357.0,359.88,352.64001,357.53,1870800
2021-06-23,358.79001,362.48001,357.66,361.049988,1713100
2021-06-24,363.0,370.88,362.78,368.75,2716600
2021-06-25,368.82001,371.14999,364.54001,368.76999,2782400
2021-06-28,367.79999,368.87,363.85999,368.70999,1833400
2021-06-29,374.85999,378.089996,370.75,372.62,2365900
2021-06-30,370.89999,380.10999,370.89999,379.53,2238400
2021-07-01,380.70001,381.64001,374.14999,374.98999,2571000
2021-07-02,376.31,376.60001,372.42001,374.16,1598900
2021-07-06,373.23001,373.63,365.41,369.85999,2162900
2021-07-07,367.5,370.089996,362.17999,367.67001,2012800
2021-07-08,359.69,362.89001,355.59,358.94,2940500
2021-07-09,366.0,372.14999,364.95001,371.76001,2641800
2021-07-12,370.31,384.0,367.32999,380.5,4135900
2021-07-13,381.059998,385.32999,372.01001,375.98001,6466800
2021-07-14,378.75,381.76999,371.39001,374.39999,3295700
2021-07-15,371.23999,378.75,370.57001,373.35001,2183900
2021-07-16,374.92999,374.92999,363.82999,364.79999,2583300
2021-07-19,354.0,355.19,349.0,354.72,4394600
2021-07-20,352.26999,367.31,351.54001,364.76001,2937900
2021-07-21,368.040009,374.89999,367.92999,373.5,2398800
2021-07-22,372.29999,373.69,368.45001,372.70999,1887100
2021-07-23,374.59,378.0,371.38,374.049988,1706900
2021-07-26,373.17999,376.67999,373.10999,375.89999,1559100
2021-07-27,372.5,375.14001,369.22,374.84,1791800
2021-07-28,375.81,377.44,372.34,374.23001,1668900
2021-07-29,377.029999,379.51001,374.81,377.54999,1296600
2021-07-30,376.57001,379.95001,373.059998,374.88,1474900
2021-08-02,376.17001,386.92999,375.75,378.19,2383200
2021-08-03,380.25,381.31,371.76999,380.35999,1494600
2021-08-04,378.48001,382.64999,375.76001,377.85999,1460500
2021-08-05,380.14999,384.31,379.95001,384.29999,1583800
2021-08-06,388.88,398.85999,388.64001,397.89001,3655800
2021-08-09,396.59,404.60001,393.57999,399.88,3319100
2021-08-10,400.12,410.63,399.5,407.97,3152300
2021-08-11,408.79999,414.67999,407.059998,413.89001,3000500
2021-08-12,414.38,418.62,410.56,415.0,2312800
2021-08-13,416.0,416.89001,408.17999,410.78,1980000
2021-08-16,408.98999,408.98999,402.14999,408.35001,1590700
2021-08-17,403.84,408.35001,400.20001,404.97,2077400
2021-08-18,402.60001,406.10999,398.59,398.79999,2187800
2021-08-19,394.60001,397.73001,390.91,393.57001,2241500
2021-08-20,391.48999,396.45001,391.0,395.87,1612100
2021-08-23,401.89001,404.10001,399.0,401.45001,1857600
2021-08-24,403.59,409.66,402.70001,408.56,1958400
2021-08-25,409.89999,416.67999,408.94,413.12,1845300
2021-08-26,415.88,420.73001,411.16,412.41,2076500
2021-08-27,412.78,419.85001,412.5,419.69,2174500
2021-08-30,419.95001,420.76001,412.72,413.60001,2089400
2021-08-31,412.10999,414.85999,408.76001,413.51001,1958100
2021-09-01,413.16,416.10999,410.31,413.66,1680400
2021-09-02,415.10999,417.57999,412.64001,414.5,1830400
2021-09-03,414.0,415.12,410.60001,411.31,1373600
2021-09-07,411.0,414.73001,409.64001,410.32001,1557000
2021-09-08,409.22,410.98001,404.70001,405.0,1646200
2021-09-09,404.67001,408.88,403.51001,404.57999,2424600
2021-09-10,408.0,409.79001,403.16,403.48001,1956000
2021-09-13,407.41,409.37,403.79999,409.26001,1802800
2021-09-14,410.29999,417.01001,402.78,403.69,3263200
2021-09-15,398.0,403.60999,396.20999,401.95001,3199800
2021-09-16,404.51999,405.98001,394.89001,396.67999,2882900
2021-09-17,396.32001,399.16,388.82999,391.45999,3843700
2021-09-20,377.82001,380.85999,372.5,378.13,3834500
2021-09-21,380.85001,381.5,374.079987,375.84,2377300
2021-09-22,380.79999,389.29001,379.70999,385.47,2991300
2021-09-23,390.39001,393.73999,388.17999,391.85999,2518000
2021-09-24,390.47,392.48999,388.60001,390.85001,1789700
2021-09-27,396.57999,401.0,395.17999,399.81,2788500
2021-09-28,400.45001,404.20999,388.39001,389.5,2609000
2021-09-29,390.67999,392.39001,384.29999,384.89001,1955000
2021-09-30,388.0,388.019989,376.62,378.029999,2665700
2021-10-01,379.44,382.72,375.85001,380.0,2382300
2021-10-04,380.20999,386.87,372.82001,374.14999,2895600
2021-10-05,378.10001,388.22,375.5,385.81,2508100
2021-10-06,382.38,389.54999,378.66,388.049988,2111800
2021-10-07,392.91,397.85001,389.76001,390.62,2348000
2021-10-08,390.82999,394.31,388.17999,392.81,1446700
2021-10-11,392.89999,396.95001,385.019989,385.23999,1787400
2021-10-12,386.22,388.59,381.019989,386.53,2088200
2021-10-13,388.0,388.38,378.63,386.31,2391600
2021-10-14,392.0,393.66,382.20001,391.20001,3380900
2021-10-15,402.31,407.26999,396.34,406.070007,6451400
2021-10-18,408.01001,415.94,407.60001,413.69,3832300
2021-10-19,415.17999,415.85001,409.69,412.16,2568300
2021-10-20,411.0,414.32999,406.20001,407.89001,2453400
2021-10-21,406.79999,412.66,404.62,407.59,2162100
2021-10-22,409.98999,415.35999,409.10001,414.32001,2411000
2021-10-25,416.20999,419.48999,413.26999,414.75,1824700
2021-10-26,416.37,419.81,413.76001,417.60999,1843300
2021-10-27,416.54999,418.059998,410.54999,410.98999,2067200
2021-10-28,412.0,414.92001,409.059998,414.82001,1444700
2021-10-29,414.019989,415.95999,411.17999,413.35001,2061700
2021-11-01,417.070007,418.73001,413.25,416.70001,1820800
2021-11-02,415.10001,426.16,412.79001,423.85001,3000800
2021-11-03,423.12,424.0,412.56,417.89999,3542400
2021-11-04,414.64999,415.98999,403.029999,408.070007,3802300
2021-11-05,411.39999,414.45001,406.10001,407.079987,2105600
2021-11-08,409.89001,413.64999,407.95999,408.34,1728400
2021-11-09,406.10999,407.57999,400.059998,405.35001,2246900
2021-11-10,402.32999,405.54999,397.25,399.12,2243900
2021-11-11,400.14001,403.76001,398.51001,402.34,1252400
2021-11-12,403.0,405.10001,399.20001,404.91,1360100
2021-11-15,406.0,407.34,403.91,404.81,1436500
2021-11-16,403.91,405.84,399.0,403.089996,1311000
2021-11-17,401.85001,402.64999,391.47,391.54999,2927000
2021-11-18,392.29999,393.92001,385.67999,391.37,1847400
2021-11-19,382.38,390.23999,381.040009,387.39001,2610400
2021-11-22,393.16,402.48999,390.17999,396.16,3058700
2021-11-23,400.25,406.95999,397.51001,406.34,2402300
2021-11-24,405.0,407.48001,398.29999,399.19,2186300
2021-11-26,384.48001,391.70999,382.72,389.39001,2687900
2021-11-29,394.0,396.37,382.45001,386.54001,2883400
2021-11-30,383.53,386.82999,377.26001,380.98999,4570400
2021-12-01,383.82001,390.16,376.20999,376.48001,2476000
2021-12-02,378.0,389.089996,376.029999,387.54001,3343700
2021-12-03,389.88,389.88,379.029999,382.73001,2807500
2021-12-06,388.67001,393.60001,383.48999,389.29999,1990200
2021-12-07,393.57999,401.75,393.059998,400.10999,2441000
2021-12-08,401.23001,401.70999,395.14001,397.32001,1635200
2021-12-09,395.70001,400.19,393.0,396.48999,2111500
2021-12-10,398.0,398.85999,388.66,391.059998,1893800
2021-12-13,391.19,391.19,382.66,384.64001,2313300
2021-12-14,383.56,392.5,383.26001,388.82001,2788500
2021-12-15,389.5,391.39999,380.60001,389.91,2802300
2021-12-16,395.13,399.84,391.79999,397.37,3578200
2021-12-17,389.20999,393.67001,380.63,381.79999,7058600
2021-12-20,375.51999,375.63,366.64999,371.60999,3735600
2021-12-21,376.42999,382.089996,374.76001,380.32001,2942800
2021-12-22,380.42001,384.01001,379.26999,382.32999,1487900
2021-12-23,383.79001,387.60999,383.57001,385.040009,1624000
2021-12-27,386.98999,389.10999,385.0,388.040009,1430400
2021-12-28,388.92999,391.32999,386.23999,387.60999,1528200
2021-12-29,387.97,389.45999,384.42001,386.20001,1327800
2021-12-30,387.75,389.78,385.20001,385.51999,1160100
2021-12-31,385.0,387.0,380.84,382.54999,1601300
2022-01-03,389.0,399.29999,387.34,395.32999,3334300
2022-01-04,402.23001,410.28,401.17999,407.48001,3916400
2022-01-05,409.79999,412.66,397.89001,398.63,3469600
2022-01-06,401.0,401.20001,386.42999,396.92999,2960900
2022-01-07,397.67001,400.54999,394.53,397.51001,2360700
2022-01-10,401.32001,404.37,394.22,399.17001,3009400
2022-01-11,400.25,403.34,396.31,403.049988,1748800
2022-01-12,403.23999,404.12,388.56,390.31,4158000
2022-01-13,394.049988,396.87,389.75,390.79999,2497800
2022-01-14,382.13,384.39001,375.0,380.94,4685300
2022-01-18,360.040009,361.57001,347.23001,354.39999,13123500
2022-01-19,358.34,359.70999,346.39001,347.32001,7426100
2022-01-20,348.89999,357.17999,346.14001,348.10001,4599900
2022-01-21,345.54001,348.98999,340.72,343.91,4904100
2022-01-24,337.32001,344.070007,326.23001,343.39001,6569800
2022-01-25,337.85999,342.92999,330.91,341.54999,3959300
2022-01-26,346.60001,350.48001,338.41,342.67999,3745900
2022-01-27,345.67001,348.76999,337.72,341.029999,2573400
2022-01-28,337.73001,347.14999,333.45001,347.01001,3714600
2022-01-31,344.60001,355.20999,343.44,354.67999,3312400
2022-02-01,356.13,364.54001,354.049988,364.059998,3303700
2022-02-02,363.5,368.53,357.82999,363.059998,2742400
2022-02-03,362.82001,365.76001,358.16,358.88,2372900
2022-02-04,362.17001,370.95001,361.019989,367.60001,3762300
2022-02-07,365.48999,371.47,363.35001,368.14999,2635600
2022-02-08,371.079987,372.64999,366.25,370.10001,3422300
2022-02-09,373.0,376.28,370.89999,374.53,2250400
2022-02-10,371.70999,377.39999,368.82999,370.57001,2406200
2022-02-11,368.54999,374.89999,360.76999,363.059998,3142100
2022-02-14,363.059998,364.29001,357.17999,360.23999,2585600
2022-02-15,364.089996,365.89001,361.35999,363.94,1846400
2022-02-16,361.35001,363.019989,356.53,360.049988,2165300
2022-02-17,358.78,360.95999,347.84,349.059998,3102400
2022-02-18,345.57001,350.0,343.37,346.040009,2910900
2022-02-22,342.45999,349.0,341.20001,344.26999,2590800
2022-02-23,347.57001,349.26001,339.82001,341.19,2217300
2022-02-24,328.57001,341.0,326.95001,340.19,4564000
2022-02-25,340.19,350.70001,340.19,350.12,2980500
2022-02-28,340.25,343.84,337.54999,341.29001,4245700
2022-03-01,337.39999,338.16,327.019989,328.20001,5631500
2022-03-02,331.60001,338.0,327.39999,336.38,3469900
2022-03-03,338.87,341.5,330.13,333.42001,2393700
2022-03-04,327.0,330.66,324.0,329.67001,3293100
2022-03-07,326.82001,327.79001,320.85001,321.89001,3689900
2022-03-08,322.5,330.56,318.54999,321.37,3596400
2022-03-09,331.67999,337.47,330.029999,333.59,3202100
2022-03-10,327.63,331.84,324.76001,329.89999,2232600
2022-03-11,334.37,336.60999,326.70999,327.0,2613500
2022-03-14,329.20999,331.62,322.89999,324.98001,2342200
2022-03-15,327.070007,331.89999,324.84,329.16,2140700
2022-03-16,335.070007,341.32999,334.26001,340.76001,3468500
2022-03-17,337.37,343.60001,334.89999,343.26999,2403500
2022-03-18,338.87,346.76999,337.29999,345.38,5861900
2022-03-21,345.26001,346.29999,337.14999,339.0,3401200
2022-03-22,342.20001,346.23999,340.12,343.01001,2840200
2022-03-23,340.0,340.82999,335.13,335.60999,2196800
2022-03-24,336.44,337.5,334.29999,336.23001,1944100
2022-03-25,337.42999,341.82999,335.48001,337.48999,1580800
2022-03-28,338.14999,338.5,331.51001,335.29999,2182600
2022-03-29,342.47,344.0,336.73001,339.66,2378700
2022-03-30,339.0,339.85999,333.63,335.59,2650200
2022-03-31,336.13,336.5,330.10001,330.10001,2632000
2022-04-01,333.92999,334.16,327.57001,330.22,2444800
2022-04-04,330.0,331.87,325.85999,328.20999,2569400
2022-04-05,327.35999,329.73999,323.48001,323.95999,2573900
2022-04-06,320.0,320.62,315.75,316.26001,3151300
2022-04-07,315.0,315.82999,308.20001,314.14999,3562600
2022-04-08,313.57999,323.67999,313.0,321.39001,3294200
2022-04-11,320.60999,328.89999,319.029999,320.76001,2747700
2022-04-12,321.67999,327.12,318.01001,319.78,2365200
2022-04-13,315.79999,322.63,314.72,321.97,3022900
2022-04-14,328.47,333.029999,319.029999,321.64001,5460900
2022-04-18,320.64999,332.66,320.64999,329.88,3653400
2022-04-19,330.47,337.20001,330.47,335.95001,2774800
2022-04-20,338.10001,344.89999,337.5,341.059998,3040100
2022-04-21,344.32999,347.35001,333.35999,334.29999,3097800
2022-04-22,332.31,332.5,319.47,319.76999,3125200
2022-04-25,316.38,322.16,312.73999,321.42001,3093600
2022-04-26,317.95001,321.60001,312.79999,313.12,2791700
2022-04-27,312.14001,319.23999,312.14001,313.23001,2469300
2022-04-28,317.12,319.35999,312.14999,318.41,2176000
2022-04-29,317.25,319.079987,304.70999,305.48999,3129600
2022-05-02,305.81,311.37,302.20999,310.42001,2968100
2022-05-03,311.51999,319.51999,311.32001,314.66,2606200
2022-05-04,315.82999,324.79999,312.17001,324.10999,2629400
2022-05-05,320.5,320.67999,308.69,313.070007,2622100
2022-05-06,312.28,313.70999,306.059998,312.95999,2375600
2022-05-09,308.92001,313.76999,304.98001,308.89001,3234000
2022-05-10,311.72,315.14999,300.64999,305.059998,2798400
2022-05-11,305.059998,310.91,301.0,301.54999,2320600
2022-05-12,300.0,302.89001,293.89999,299.41,3408300
2022-05-13,303.63,309.63,303.57001,306.98999,2152500
2022-05-16,305.95001,306.47,300.54999,303.44,1568800
2022-05-17,309.87,314.32001,308.13,312.97,2096200
2022-05-18,309.0,312.85999,304.88,306.73001,2033200
2022-05-19,303.82001,309.98999,303.39001,308.20001,2108800
2022-05-20,311.26001,312.59,299.41,306.79999,2201100
2022-05-23,312.72,321.82999,311.070007,316.60999,2653000
2022-05-24,315.35001,315.79999,306.42999,313.95001,1870900
2022-05-25,311.25,317.60001,309.98001,314.89999,1929500
2022-05-26,318.29999,325.5,317.98001,323.63,2440400
2022-05-27,326.75,328.67001,323.19,328.57999,2106700
2022-05-31,324.01001,329.72,322.66,326.85001,2722900
2022-06-01,327.0,329.26999,315.82999,321.85001,2330200
2022-06-02,320.59,325.20001,319.23001,324.25,1957500
2022-06-03,320.88,322.5,317.5,318.67999,1238900
2022-06-06,323.0,325.20999,319.79001,320.51001,1099700
2022-06-07,318.28,321.84,316.66,321.51001,2516800
2022-06-08,318.34,319.54999,312.79999,314.67999,1438100
2022-06-09,313.56,314.14001,304.019989,304.22,2896500
2022-06-10,296.98999,298.64999,286.85001,287.019989,3866900
2022-06-13,279.0,286.42001,278.32001,283.32001,4218100
2022-06-14,284.32999,289.17999,281.29999,282.54001,2487700
2022-06-15,287.16,294.48001,284.17001,290.070007,2725800
2022-06-16,282.67999,286.13,279.14999,284.98001,2777300
2022-06-17,282.13,286.26001,278.14999,279.79001,5234400
2022-06-21,287.76999,288.070007,282.98001,284.81,2506300
2022-06-22,282.29001,286.01001,281.040009,284.54001,2463100
2022-06-23,283.76001,286.59,278.92999,286.17001,2547000
2022-06-24,291.0,303.13,290.0,302.75,3984300
2022-06-27,303.059998,304.32001,298.88,300.78,2091700
2022-06-28,305.89999,308.97,299.17999,299.48999,2276600
2022-06-29,303.37,307.44,299.91,303.28,2475900
2022-06-30,296.57999,300.32999,292.23001,297.019989,2669500
2022-07-01,295.26999,300.32999,291.72,299.23001,1749400
2022-07-05,293.0,297.35001,288.35999,297.20001,2480900
2022-07-06,296.26999,297.34,290.60001,293.76001,1774500
2022-07-07,297.66,299.070007,293.60001,298.60001,2046500
2022-07-08,300.5,300.89001,295.070007,296.47,1438900
2022-07-11,293.20001,296.54001,291.88,293.17999,1519400
2022-07-12,289.70999,299.079987,289.51001,292.53,1772600
2022-07-13,290.51001,291.19,285.81,290.14999,1884100
2022-07-14,284.23999,284.23999,277.84,281.59,3171900
2022-07-15,286.5,296.42999,285.14999,293.87,3457600
2022-07-18,305.76001,311.25,298.70999,301.26001,6767900
2022-07-19,303.59,319.14001,303.5,318.049988,5641100
2022-07-20,317.28,322.17001,316.31,321.45001,3489800
2022-07-21,320.51001,327.16,319.85001,326.54001,2518800
2022-07-22,327.10999,329.049988,322.19,323.92999,1830300
2022-07-25,325.97,327.29001,322.60001,324.12,4024500
2022-07-26,321.76999,324.29001,317.76001,318.54999,2054700
2022-07-27,320.29001,326.39001,318.38,324.54001,2081900
2022-07-28,325.29999,329.98001,321.89001,329.10999,1820700
2022-07-29,329.5,335.17999,329.5,333.39001,2112200
2022-08-01,331.73001,334.79999,329.01001,332.079987,1476500
2022-08-02,329.5,331.82999,327.22,327.88,1862900
2022-08-03,332.070007,335.51001,329.62,333.17001,1770600
2022-08-04,333.28,334.29999,330.62,331.87,1533400
2022-08-05,330.89999,336.91,329.67001,334.67001,1876400
2022-08-08,337.10999,338.84,334.34,334.67999,1460000
2022-08-09,336.14999,338.17001,334.57001,336.62,1587900
2022-08-10,341.35999,349.70001,341.35001,347.91,2459500
2022-08-11,350.0,356.049988,349.78,351.67999,2360800
2022-08-12,353.44,354.56,350.14999,353.82001,2369000
2022-08-15,351.0,358.62,349.049988,355.85001,2045700
2022-08-16,352.98999,356.47,352.019989,354.97,1740900
2022-08-17,351.89999,355.59,350.76999,353.73999,1576300
2022-08-18,352.66,355.10001,350.85999,354.51999,1102200
2022-08-19,351.0,351.85999,347.5,349.26999,1812300
2022-08-22,342.44,344.53,340.76001,342.42001,1723900
2022-08-23,341.95001,344.070007,339.029999,340.17999,1538000
2022-08-24,339.019989,344.32001,338.48999,341.94,1530800
2022-08-25,344.45001,346.85999,342.10999,346.48999,1763900
2022-08-26,348.34,348.73999,336.0,336.39999,1703900
2022-08-29,333.92001,336.39999,332.01001,333.92001,1835600
2022-08-30,335.0,336.01001,331.17999,333.63,1830300
2022-08-31,331.54999,335.14001,329.67999,332.67001,2488000
2022-09-01,329.87,333.69,324.62,333.5,1575100
2022-09-02,334.67999,340.32001,329.97,331.48001,2215400
2022-09-06,332.32001,333.25,323.45999,326.48999,1578100
2022-09-07,324.25,332.16,323.25,330.56,1496600
2022-09-08,330.29001,335.81,327.35999,335.38,1755600
2022-09-09,337.98001,341.029999,337.029999,340.10001,1445600
2022-09-12,341.66,344.37,340.089996,342.57999,1563200
2022-09-13,336.079987,336.51999,326.82999,328.39001,2242100
2022-09-14,328.45001,330.92999,323.5,327.26001,1953300
2022-09-15,328.73001,335.28,327.59,331.62,1489400
2022-09-16,326.38,329.0,319.79001,326.20999,2946800
2022-09-19,320.57001,329.29001,320.54001,328.66,1652700
2022-09-20,325.70001,326.79999,320.01001,323.26001,1569900
2022-09-21,324.92001,329.79001,320.63,320.70999,1796700
2022-09-22,322.32001,323.39001,311.20001,312.92001,2239900
2022-09-23,307.54999,309.79001,297.45999,301.97,2918500
2022-09-26,299.0,302.10001,292.31,294.62,2308800
2022-09-27,297.5,299.14999,288.62,291.38,2007400
2022-09-28,294.0,302.41,292.45999,300.79001,2289700
2022-09-29,297.070007,299.35001,291.54999,296.10999,1930800
2022-09-30,296.0,301.089996,292.70001,293.049988,1970800
2022-10-03,297.17001,301.23001,291.10001,299.14999,1938800
2022-10-04,306.79999,315.16,305.88,314.87,2399500
2022-10-05,306.57999,310.20999,303.60001,309.0,1992800
2022-10-06,307.39001,309.079987,303.42001,304.67001,1367400
2022-10-07,304.0,305.14999,299.14999,301.079987,1790100
2022-10-10,303.63,304.72,298.42999,300.54001,1309600
2022-10-11,298.01001,302.51999,293.92001,294.20999,2392800
2022-10-12,293.98999,299.78,291.70999,295.31,1763800
2022-10-13,290.42001,308.76001,287.75,307.070007,2724900
2022-10-14,307.45999,311.62,299.070007,299.98999,2397600
2022-10-17,304.41,311.62,304.14001,306.70999,3118600
2022-10-18,321.67001,324.48001,312.0,313.85001,6428600
2022-10-19,312.60999,314.79001,308.059998,311.76001,2363800
2022-10-20,312.10001,316.049988,309.0,310.81,2382300
2022-10-21,311.0,325.76999,309.48999,325.10001,3545700
2022-10-24,328.5,331.23999,325.85001,328.70001,2232600
2022-10-25,327.85999,333.60001,325.92001,332.39999,1837700
2022-10-26,334.51999,338.67001,334.14001,335.69,2176700
2022-10-27,339.31,341.92999,336.53,337.17999,1998800
2022-10-28,338.51999,342.57999,336.0,341.82001,1677100
2022-10-31,341.070007,346.17999,340.57001,344.51001,2224000
2022-11-01,345.13,348.69,343.76999,348.57999,2316600
2022-11-02,347.62,357.44,346.73999,349.79001,3221200
2022-11-03,347.5,350.67001,342.59,348.87,2515600
2022-11-04,354.0,358.38,351.23001,357.91,3172700
2022-11-07,360.01001,362.95999,358.51999,362.56,2526900
2022-11-08,362.29999,367.19,361.45999,364.019989,3501300
2022-11-09,362.95001,367.14999,360.88,362.0,3047200
2022-11-10,370.0,380.42999,369.73999,378.31,3790400
2022-11-11,380.0,387.0,378.75,385.17001,3409100
2022-11-14,384.0,387.29999,380.5,382.35999,2609100
2022-11-15,385.98001,389.57999,380.64999,382.88,3192400
2022-11-16,383.20999,385.39999,380.01001,382.32999,2303700
2022-11-17,377.14999,381.72,375.01001,379.78,2297600
2022-11-18,381.28,382.82999,377.39001,379.20001,2384500
2022-11-21,378.89999,380.76999,375.42001,380.20999,1877500
2022-11-22,381.39999,385.82999,381.39999,383.87,2019400
2022-11-23,383.89999,388.20001,383.41,386.25,1865400
2022-11-25,385.76001,389.44,385.17999,388.85999,1129300
2022-11-28,385.42999,388.39001,380.89001,382.35999,2232200
2022-11-29,381.13,384.92999,379.26001,383.70999,1746900
2022-11-30,382.5,386.14999,375.10001,386.14999,2964100
2022-12-01,386.5,386.5,380.45001,383.81,1706300
2022-12-02,381.51999,382.51999,378.39999,380.57999,1932300
2022-12-05,378.54999,378.87,369.31,371.54001,2329600
2022-12-06,369.48001,370.37,360.32999,362.91,3081900
2022-12-07,362.48999,365.29999,358.14999,359.92001,2128200
2022-12-08,362.029999,362.59,356.059998,358.079987,1967800
2022-12-09,356.70999,361.64001,356.20999,359.14001,1588800
2022-12-12,358.57001,364.01001,356.34,363.17999,1750400
2022-12-13,374.63,378.56,365.51001,368.69,3062600
2022-12-14,367.01001,368.82999,359.45001,360.38,2519700
2022-12-15,354.48001,356.10999,347.94,349.82999,3163700
2022-12-16,345.079987,347.78,343.41,346.35001,5008800
2022-12-19,346.26999,348.39999,342.63,344.60999,1646700
2022-12-20,345.98999,347.42001,343.48999,344.48999,1623000
2022-12-21,348.26001,350.88,346.89001,350.16,1923100
2022-12-22,347.16,348.049988,339.88,345.57999,1528900
2022-12-23,344.84,347.76001,343.10999,345.51001,1062000
2022-12-27,346.51001,347.75,341.79001,341.97,1035000
2022-12-28,340.5,342.85001,339.29999,340.87,1117200
2022-12-29,342.44,344.64001,341.23999,343.42999,1273600
2022-12-30,341.73999,343.69,339.39999,343.38,1031400
2023-01-03,345.5,348.60001,342.81,346.22,1589700
2023-01-04,348.029999,350.31,345.079987,347.70001,1881000
2023-01-05,344.25,345.14001,340.14001,343.76001,1397800
2023-01-06,347.29999,349.0,340.95001,348.079987,3097800
2023-01-09,351.88,356.5,349.5,353.0,1989000
2023-01-10,352.64001,357.5,350.5,357.35999,1610100
2023-01-11,358.87,365.5,356.20999,364.48001,2127000
2023-01-12,366.23999,370.10001,362.57001,369.94,2103100
2023-01-13,363.48999,374.35001,362.35999,374.0,3310200
2023-01-17,364.79999,366.79001,344.0,349.92001,14448300
2023-01-18,348.32001,354.79001,347.79999,349.089996,5585200
2023-01-19,346.029999,352.16,345.51999,350.75,3100400
2023-01-20,349.87,352.25,338.20999,341.84,11247200
2023-01-23,341.67001,349.56,336.16,349.14001,4915700
2023-01-24,340.0,350.29999,340.0,348.32999,2372000
2023-01-25,344.75,349.95999,343.89999,349.63,1985200
2023-01-26,351.73001,355.0,349.51999,354.97,1919200
2023-01-27,351.95001,355.98999,351.82999,353.70001,2427400
2023-01-30,353.29001,362.32999,352.39999,357.45999,3184500
2023-01-31,359.16,365.92001,356.85999,365.81,2311500
2023-02-01,359.10001,368.94,358.76001,365.70999,2889400
2023-02-02,368.0,372.89001,364.54999,369.47,2619600
2023-02-03,365.62,374.57001,365.44,369.95001,2243100
2023-02-06,369.0,371.26001,365.78,370.79999,1816200
2023-02-07,368.17001,376.31,367.34,374.39999,2205500
2023-02-08,372.92001,378.35001,371.98001,375.10001,1893200
2023-02-09,377.040009,379.67999,367.79999,367.98999,2052500
2023-02-10,367.0,372.23001,364.56,371.28,1933400
2023-02-13,369.089996,375.059998,368.0,374.019989,1570600
2023-02-14,373.94,377.049988,369.38,371.78,2155500
2023-02-15,368.73999,374.37,368.25,374.34,1687200
2023-02-16,370.75,374.25,368.79999,370.20001,1947800
2023-02-17,368.049988,371.059998,366.85999,368.5,1857300
2023-02-21,366.72,366.72,360.089996,361.12,2403000
2023-02-22,361.63,363.0,358.040009,360.89001,2203800
2023-02-23,363.20001,367.88,359.60999,363.54001,1931400
2023-02-24,360.17001,365.17999,359.53,363.85001,2428600
2023-02-27,368.22,370.29999,364.51001,365.53,2842400
2023-02-28,366.0,366.01001,351.32999,351.64999,4945600
2023-03-01,349.39001,352.54001,345.95999,346.23001,2717400
2023-03-02,343.98999,349.78,340.48999,349.10001,3259800
2023-03-03,350.64001,357.76999,349.56,357.089996,2396200
2023-03-06,358.059998,358.85999,353.73001,357.049988,1614200
2023-03-07,355.54999,356.20001,345.63,346.079987,2048500
2023-03-08,346.19,349.69,345.17001,349.29001,1584600
2023-03-09,349.20001,354.29001,341.049988,342.089996,3177800
2023-03-10,338.87,339.92999,326.029999,327.67001,4559700
2023-03-13,319.67001,326.10999,314.54001,315.51001,5660700
2023-03-14,324.76999,326.38,318.95001,322.14999,3785900
2023-03-15,310.76999,312.51001,304.41,312.19,6596700
2023-03-16,309.0,318.32001,304.92001,315.089996,4399100
2023-03-17,310.089996,310.39999,301.87,303.54001,6369800
2023-03-20,306.78,312.20001,306.26001,309.53,3963700
2023-03-21,317.62,320.32001,315.35001,317.28,3242400
2023-03-22,317.28,322.22,313.48999,313.67001,2505900
2023-03-23,315.20999,321.35999,312.64001,314.85001,2585900
2023-03-24,310.14999,312.75,305.35999,312.57001,2456700
2023-03-27,318.62,320.89999,317.17001,318.53,2300600
2023-03-28,319.089996,320.60999,316.12,318.44,1224300
2023-03-29,322.5,322.70999,318.67999,320.72,1475900
2023-03-30,324.56,324.87,319.88,321.14001,1456300
2023-03-31,323.47,327.32999,322.42001,327.10999,2281100
2023-04-03,326.14001,328.98001,323.14999,326.51999,1808800
2023-04-04,326.82001,326.87,320.12,322.64999,1536800
2023-04-05,319.62,322.20001,319.37,321.53,1329300
2023-04-06,320.38,323.23001,319.98001,322.39999,1311000
2023-04-10,322.39999,324.98999,321.31,324.95999,1114400
2023-04-11,326.049988,329.20001,323.67001,327.37,1559600
2023-04-12,331.72,332.070007,327.17999,330.23999,1862400
2023-04-13,330.079987,332.94,327.0,332.13,1765500
2023-04-14,336.53,339.63,334.32001,336.92001,2275700
2023-04-17,336.0,340.45001,333.67999,339.67999,3012100
2023-04-18,328.0,336.54999,326.13,333.91,7549500
2023-04-19,332.98001,336.98999,331.67001,336.89001,2625400
2023-04-20,334.95001,339.31,334.32001,338.70999,2217900
2023-04-21,339.0,342.35999,336.0,341.66,2278900
2023-04-24,341.98999,345.059998,341.53,343.95999,1966300
2023-04-25,341.0,343.47,338.32999,339.48001,2138200
2023-04-26,337.57999,340.60001,334.64001,336.56,2041900
2023-04-27,340.14001,343.35999,338.76001,341.60001,1768200
2023-04-28,340.049988,344.10001,339.70001,343.44,1712500
2023-05-01,344.049988,347.45999,340.37,340.57001,1375000
2023-05-02,339.01001,339.89001,330.0,333.37,2397600
2023-05-03,332.35999,334.82999,328.25,328.64999,1825400
2023-05-04,325.95001,326.98001,318.56,321.26001,2965100
2023-05-05,325.059998,327.87,322.42001,327.019989,2412900
2023-05-08,329.64001,330.29999,325.67001,326.51001,1607300
2023-05-09,325.040009,327.17999,323.29999,324.76999,1253300
2023-05-10,329.92001,329.92001,319.079987,322.54999,1752200
2023-05-11,319.66,321.94,318.17999,320.72,1515200
2023-05-12,322.040009,323.22,317.32001,319.5,1098800
2023-05-15,320.42001,323.25,318.059998,322.070007,1178200
2023-05-16,322.5,323.070007,320.5,320.81,1618900
2023-05-17,322.66,330.39001,322.66,330.17999,2098100
2023-05-18,330.0,330.60001,325.66,329.57999,1645400
2023-05-19,330.0,331.95001,324.79001,326.14999,1545600
2023-05-22,326.14999,327.34,322.42999,324.92001,1498900
2023-05-23,323.60001,327.14001,322.81,323.57001,1550900
2023-05-24,320.39001,321.89999,318.79999,319.81,1439100
2023-05-25,318.92001,325.17999,318.79999,323.88,1618500
2023-05-26,324.72,332.87,324.0,332.01001,2718700
2023-05-30,332.079987,332.53,327.73001,330.82999,1998600
2023-05-31,326.070007,327.25,321.82001,323.89999,2938000
2023-06-01,324.51001,324.67999,314.019989,316.39999,3339700
2023-06-02,318.23999,325.26999,317.049988,323.64999,3987700
2023-06-05,322.92999,323.48999,320.32001,321.81,1462900
2023-06-06,322.42999,328.070007,321.39999,326.79999,1495600
2023-06-07,327.64001,337.84,326.32001,335.75,3382700
2023-06-08,335.35999,336.32999,331.34,335.47,2009500
2023-06-09,335.20999,336.20001,332.54001,336.019989,1702100
2023-06-12,338.44,340.089996,336.35001,339.48999,2290800
2023-06-13,340.20001,345.28,339.45001,342.5,1772400
2023-06-14,344.78,347.73001,337.23001,338.42001,1819400
2023-06-15,337.32001,344.0,335.70001,339.73999,3322700
2023-06-16,341.38,341.39999,337.10999,338.31,4542800
2023-06-20,335.32001,335.38,329.23001,330.72,3208100
2023-06-21,328.45001,330.0,324.92001,325.070007,2158700
2023-06-22,323.69,324.26001,319.01001,319.57999,2409100
2023-06-23,316.56,317.70999,314.070007,314.70999,2609200
2023-06-26,315.13,316.64001,312.17001,312.35999,2481000
2023-06-27,312.41,315.67999,310.56,313.45001,2156800
2023-06-28,311.72,314.89999,310.69,313.66,2423500
2023-06-29,317.85001,325.5,316.25,323.089996,3553600
2023-06-30,325.82001,326.029999,322.45001,322.54001,2361200
2023-07-03,322.41,329.39999,322.41,326.60999,1106800
2023-07-05,323.95001,324.60999,319.63,320.049988,2561000
2023-07-06,318.0,318.64001,312.84,313.0,2896900
2023-07-07,313.20001,317.37,312.70001,315.17001,2901200
2023-07-10,316.67001,320.079987,316.0,316.47,1775800
2023-07-11,318.82999,321.040009,314.57999,320.88,2042600
2023-07-12,324.57999,333.35001,324.25,326.39999,2741300
2023-07-13,327.35001,329.28,325.69,328.67999,2787800
2023-07-14,331.98999,332.48001,325.019989,326.19,1814800
2023-07-17,325.89001,327.48999,324.35999,327.20001,1777400
2023-07-18,327.29999,338.25,327.29999,337.26999,3899100
2023-07-19,338.0,345.88,331.29999,340.54999,6037400
2023-07-20,339.16,351.67999,339.16,350.85999,3915000
2023-07-21,351.78,355.079987,346.78,351.95999,3216300
2023-07-24,352.82999,361.62,352.0,358.92999,3517500
2023-07-25,357.42001,360.82001,353.98001,354.70001,2893000
2023-07-26,354.48999,360.26001,354.28,357.56,2281600
2023-07-27,358.13,360.54001,354.17001,354.51001,2010800
2023-07-28,356.10999,356.5,351.60999,353.23001,1827400
2023-07-31,354.88,357.20001,354.019989,355.87,1385500
2023-08-01,354.0,357.87,353.39001,357.72,2024300
2023-08-02,354.98999,354.98999,348.87,351.10001,2106600
2023-08-03,349.98999,355.20999,348.62,353.16,1840400
2023-08-04,353.34,358.73001,352.51001,353.22,1724700
2023-08-07,355.39999,357.67001,353.92001,355.56,1260300
2023-08-08,351.70001,352.0,342.029999,348.26001,1917300
2023-08-09,346.82001,348.45999,342.48999,342.69,1326000
2023-08-10,344.070007,347.26001,339.79999,340.39999,1345900
2023-08-11,339.92999,341.79001,337.54999,340.73001,1256800
2023-08-14,337.41,338.45001,334.85999,337.73999,1347000
2023-08-15,333.29999,334.029999,330.48001,332.20999,1657800
2023-08-16,330.54001,332.92001,328.97,329.10999,3340300
2023-08-17,330.0,333.98999,324.0,327.51999,3135200
2023-08-18,324.32001,327.62,323.20001,324.92999,1730100
2023-08-21,325.39001,326.39001,319.39001,322.059998,1983500
2023-08-22,322.48001,322.64001,318.31,318.79001,1810300
2023-08-23,320.62,322.45001,318.0,322.32999,1429000
2023-08-24,322.14999,327.48999,319.51001,319.95999,1185600
2023-08-25,320.79999,322.72,318.19,320.14999,1159600
2023-08-28,321.34,326.60001,321.34,325.97,1440100
2023-08-29,325.56,332.70001,324.67999,332.54999,1831700
2023-08-30,330.0,331.91,327.64999,328.57999,1131500
2023-08-31,329.41,330.48999,325.95999,327.70999,1271100
2023-09-01,329.67001,331.62,326.20999,327.39999,1201400
2023-09-05,327.34,328.48001,322.63,323.75,1846000
2023-09-06,322.31,324.14001,319.31,321.13,2120800
2023-09-07,320.62,324.22,320.13,321.95999,1471100
2023-09-08,321.92001,325.97,321.66,325.51999,2026400
2023-09-11,328.26001,330.14999,324.29001,324.64999,1283100
2023-09-12,324.01001,335.28,324.0,330.89999,2054700
2023-09-13,333.5,337.01001,330.82001,334.98001,2165000
2023-09-14,339.0,345.12,336.85001,344.57001,2822700
2023-09-15,345.14999,346.19,341.85999,342.54001,3058800
2023-09-18,342.54001,344.26001,339.26999,343.32001,1356600
2023-09-19,343.45999,344.97,337.97,341.89001,1660200
2023-09-20,342.60999,343.79999,336.29001,336.70001,1224400
2023-09-21,334.5,334.69,330.079987,330.23999,1685100
2023-09-22,330.10001,331.54001,326.82999,327.89001,1669100
2023-09-25,327.070007,329.29001,325.28,328.84,833300
2023-09-26,325.60999,327.42999,322.42001,323.82001,1481800
2023-09-27,324.98001,325.0,318.98001,321.95001,1493000
2023-09-28,320.20999,326.84,320.20999,325.20001,1389600
2023-09-29,327.20001,327.95999,322.26999,323.57001,1403900
2023-10-02,322.029999,323.57999,317.10001,318.5,1303800
2023-10-03,315.26999,315.67999,304.39001,306.12,3118600
2023-10-04,304.85001,309.059998,303.48001,308.60001,1872000
2023-10-05,307.35999,310.54999,304.20999,310.5,1584600
2023-10-06,308.10999,315.32001,307.17001,312.48001,1595100
2023-10-09,308.89999,313.48001,308.37,312.60999,1094400
2023-10-10,314.47,316.85001,312.29001,314.76999,1193800
2023-10-11,315.42999,316.63,311.60001,313.019989,1672500
2023-10-12,314.14999,314.25,308.019989,309.85001,1727700
2023-10-13,312.0,316.17999,308.17001,309.29999,1785200
2023-10-16,313.17999,315.89999,310.25,314.39001,2273900
2023-10-17,313.38,316.17999,305.91,309.35999,4123000
2023-10-18,307.0,307.22,301.48001,301.95999,3460300
2023-10-19,301.95999,305.34,298.63,299.19,3211800
2023-10-20,298.5,303.25,298.10001,300.049988,2328700
2023-10-23,298.29001,303.54999,298.19,299.22,2959800
2023-10-24,300.0,303.10001,299.079987,299.17999,1697100
2023-10-25,298.60001,300.0,295.029999,296.76001,1809300
2023-10-26,296.95999,300.14001,294.78,296.98999,2011200
2023-10-27,297.54999,298.26999,289.35999,289.91,2601700
2023-10-30,293.45001,301.81,293.29001,300.82999,3065200
2023-10-31,301.67999,304.29001,300.70001,303.60999,2611000
2023-11-01,303.32999,308.25,302.84,307.16,2345400
2023-11-02,309.69,314.54001,308.0,313.76001,2597000
2023-11-03,318.45999,329.32999,317.92999,327.62,3740800
2023-11-06,326.66,328.89999,322.10001,323.91,2087600
2023-11-07,322.13,326.39001,321.29001,323.95001,1505000
2023-11-08,323.95001,326.66,323.67001,324.56,1484400
2023-11-09,326.0,326.64999,319.66,320.78,1787900
2023-11-10,323.32001,326.059998,321.64999,325.51001,1781400
2023-11-13,324.16,328.72,323.53,326.91,1403300
2023-11-14,333.53,341.78,332.47,338.72,3592700
2023-11-15,339.89999,341.079987,335.34,337.60001,2534500
2023-11-16,337.76001,339.75,335.01001,336.67001,1620400
2023-11-17,339.5,340.45001,338.12,339.19,1465200
2023-11-20,340.0,341.32001,337.5,339.45001,3146000
2023-11-21,338.35999,339.089996,334.54999,334.97,1900900
2023-11-22,336.94,338.91,335.37,338.64001,1235200
2023-11-24,338.79999,340.26999,337.64001,339.14999,460100
2023-11-27,339.19,340.019989,335.73999,337.70999,1250500
2023-11-28,337.38,338.39999,334.87,337.64999,1419000
2023-11-29,337.0,343.53,336.51001,340.26001,2038100
2023-11-30,341.67999,344.76001,340.089996,341.54001,1903600
2023-12-01,341.45999,348.89001,340.42001,348.42999,3622800
2023-12-04,346.29999,350.48999,345.29001,349.39001,2178100
2023-12-05,346.60001,346.82999,340.54001,341.75,2429700
2023-12-06,343.51001,347.0,341.60001,341.97,1869300
2023-12-07,343.70999,344.69,342.0,344.62,2162400
2023-12-08,344.31,352.29001,343.78,350.82999,2238800
2023-12-11,351.44,353.029999,349.049988,351.76001,1636000
2023-12-12,351.41,354.0,349.57999,352.60999,1597600
2023-12-13,352.94,362.85001,351.60001,362.73001,2876500
2023-12-14,366.5,386.20001,365.0,383.47,5376300
2023-12-15,380.19,385.89999,379.32001,380.51001,4521600
2023-12-18,381.26001,382.76001,375.91,376.39999,2740900
2023-12-19,376.01001,383.76999,374.54999,382.45001,2091800
2023-12-20,380.73001,385.13,377.25,377.51999,1836500
2023-12-21,380.049988,381.48999,377.01001,380.57001,1301600
2023-12-22,382.0,383.48999,379.41,380.64999,1538200
2023-12-26,380.64999,382.60999,380.049988,381.60999,837300
2023-12-27,381.20001,385.75,380.31,384.48001,1367200
2023-12-28,384.51999,387.76001,383.63,386.41,1024700
2023-12-29,385.57001,386.64001,383.57001,385.76999,881300
2024-01-02,383.0,389.14001,382.19,388.29999,2263100
2024-01-03,383.88,385.39999,376.76001,381.79001,2265300
2024-01-04,383.54999,387.089996,381.95001,382.95001,1618300
2024-01-05,381.92001,389.47,381.079987,386.44,2913900
2024-01-08,385.97,389.079987,382.029999,388.85999,1902600
2024-01-09,384.60001,385.95001,381.76999,383.73999,1708800
2024-01-10,381.35001,383.049988,378.53,381.95999,1547300
2024-01-11,380.89001,380.98001,374.67999,379.75,2209900
2024-01-12,383.34,385.85001,376.57999,377.75,2223100
2024-01-16,378.35999,385.01001,374.32001,380.45001,3926600
2024-01-17,375.20001,380.20001,374.13,377.17999,2415100
2024-01-18,380.32999,381.64001,374.56,376.91,1771200
2024-01-19,376.73001,383.29999,372.070007,382.20001,2598700
2024-01-22,386.35999,392.73001,384.56,385.95999,2922700
2024-01-23,379.98001,383.35999,378.63,380.76999,3313300
2024-01-24,381.81,384.60999,379.17999,379.39999,2235800
2024-01-25,382.69,386.70999,382.01001,382.70001,2376300
2024-01-26,378.64999,380.89999,376.75,377.79001,3464700
2024-01-29,375.89001,380.84,374.23999,380.56,1632300
2024-01-30,384.0,387.92001,381.59,386.87,3897900
2024-01-31,386.0,393.91,383.70001,384.01001,3421100
2024-02-01,384.42999,389.54001,378.79999,383.85001,2138500
2024-02-02,381.79999,388.73999,380.60001,387.85999,2180900
2024-02-05,384.60001,385.32999,381.0,383.019989,2231100
2024-02-06,383.019989,386.82001,383.0,384.98999,1487800
2024-02-07,385.31,387.070007,382.5,386.66,1963200
2024-02-08,386.0,388.10999,381.34,385.040009,1913700
2024-02-09,384.76999,386.13,382.59,384.26001,2028200
2024-02-12,385.0,396.35001,384.32001,392.64001,2797200
2024-02-13,387.59,389.16,375.20001,378.75,3030800
2024-02-14,380.88,381.48001,375.78,378.040009,2041300
2024-02-15,379.42001,387.20999,379.14001,385.42001,2218900
2024-02-16,383.23999,387.57999,380.95001,384.44,2376500
2024-02-20,380.95001,385.57999,380.85001,384.51999,2358900
2024-02-21,381.84,388.66,381.26001,388.26999,1773100
2024-02-22,389.23001,395.60001,389.0,390.47,2326800
2024-02-23,390.0,396.79001,389.20999,391.049988,2247400
2024-02-26,391.049988,396.059998,388.82001,390.22,1797800
2024-02-27,392.26001,395.89999,389.32999,390.81,1724900
2024-02-28,387.19,393.26001,387.0,393.17999,2572900
2024-02-29,395.22,395.98001,385.67001,389.049988,3139100
2024-03-01,389.63,391.040009,385.25,388.10001,1697700
2024-03-04,388.81,396.57001,386.20001,392.25,1955100
2024-03-05,390.72,397.48999,390.31,390.91,2697800
2024-03-06,395.0,395.29001,384.51999,389.57001,2692400
2024-03-07,391.89999,394.51001,387.059998,388.42999,2033100
2024-03-08,388.73001,395.62,386.70999,386.98999,1657200
2024-03-11,385.67001,386.41,381.42001,386.16,1654200
2024-03-12,387.62,389.13,383.78,388.17999,1703900
2024-03-13,388.91,395.25,388.17999,392.31,2370600
2024-03-14,394.42999,396.38,385.45001,388.60999,3029500
2024-03-15,388.87,391.13,386.39999,387.20999,3763500
2024-03-18,388.64999,389.029999,383.41,384.37,2069000
2024-03-19,384.070007,390.78,383.70999,388.66,1858200
2024-03-20,386.35999,396.5,386.0,396.47,2157400
2024-03-21,399.76999,414.019989,399.089996,413.70999,4613800
2024-03-22,414.39999,416.76001,405.78,406.82001,2189600
2024-03-25,406.87,410.45999,403.85999,404.94,1683900
2024-03-26,406.089996,409.32999,404.51999,406.17999,1407000
2024-03-27,409.62,415.48999,408.37,415.25,2353600
2024-03-28,416.20999,419.20001,414.98001,417.69,2409700
2024-04-01,416.67999,417.95001,412.0,413.51001,1863900
2024-04-02,410.73999,413.17001,407.62,410.14999,1976000
2024-04-03,411.0,416.63,411.0,414.0,1549200
2024-04-04,418.0,419.0,405.70001,406.25,1704700
2024-04-05,406.56,409.14001,401.47,408.070007,1694500
2024-04-08,409.10001,412.53,407.54999,410.54001,1181900
2024-04-09,411.51001,413.22,407.049988,410.70999,1247800
2024-04-10,404.01001,405.45001,397.29001,400.76001,1903300
2024-04-11,400.48001,401.47,394.84,397.48001,2176200
2024-04-12,392.84,394.089996,387.12,389.48999,2814900
2024-04-15,407.0,412.87,398.69,400.88,6177000
2024-04-16,404.45001,404.97,395.17999,396.85999,3459700
2024-04-17,402.39999,407.12,401.17999,403.91,4373800
2024-04-18,405.48999,407.85999,402.41,403.10999,2776300
2024-04-19,404.059998,408.0,403.01001,404.0,2805100
2024-04-22,406.94,417.98001,404.57001,417.35001,4165600
2024-04-23,417.70999,425.35001,416.20001,424.0,2662300
2024-04-24,421.5,424.57999,419.60999,423.040009,1575900
2024-04-25,420.98999,423.60999,414.85001,420.049988,1970100
2024-04-26,420.23001,428.53,419.64001,427.57001,2322700
2024-04-29,427.57001,433.32999,427.20001,430.81,2453000
2024-04-30,428.5,431.39001,426.0,426.70999,1829900
2024-05-01,426.69,433.42999,425.19,426.95001,2310100
2024-05-02,431.20001,433.64999,428.17001,432.57001,2087500
2024-05-03,435.0,442.29999,434.92001,438.17999,2406300
2024-05-06,441.75,444.38,439.67999,443.67001,1914300
2024-05-07,445.17001,447.42001,442.87,443.79999,2058200
2024-05-08,442.79999,448.019989,442.049988,446.95001,2006700
2024-05-09,446.34,456.42999,446.34,455.56,2710200
2024-05-10,456.51999,458.75,454.32001,454.73001,1823900
2024-05-13,456.26999,457.20001,453.32001,453.56,1579600
2024-05-14,454.84,461.76999,454.01001,458.47,2412900
2024-05-15,461.59,466.19,460.95001,466.089996,2217700
2024-05-16,464.37,468.25,462.28,464.51999,2070300
2024-05-17,466.38,468.66,464.25,467.72,1655900
2024-05-20,468.20001,471.48001,462.60001,462.94,2591500
2024-05-21,462.23001,471.31,462.20001,470.41,2762600
2024-05-22,467.35999,470.32999,459.75,462.38,2729500
2024-05-23,464.23001,464.31,457.41,458.14999,2254500
2024-05-24,459.84,465.25,459.10001,461.17999,1932200
2024-05-28,459.94,463.69,458.91,459.81,1930800
2024-05-29,454.84,458.73999,451.64999,457.17001,2315700
2024-05-30,453.0,455.85999,447.60001,450.23001,2135000
2024-05-31,449.76001,456.76999,448.12,456.51999,2638300
2024-06-03,458.87,458.87,450.20001,454.98001,1930700
2024-06-04,450.5,457.70999,449.20999,455.29999,1835000
2024-06-05,457.54999,463.019989,457.5,461.67999,1678900
2024-06-06,461.82001,464.51999,457.01001,458.10001,1598000
2024-06-07,455.44,461.16,454.5,454.91,1736100
2024-06-10,452.32999,455.35999,450.29999,453.54999,1698600
2024-06-11,451.040009,451.85999,443.38,444.26999,1938200
2024-06-12,455.60001,457.64001,446.19,448.70001,1733000
2024-06-13,446.73001,448.32001,442.14999,446.35001,1849100
2024-06-14,441.98999,448.23001,439.14999,446.45999,1559100
2024-06-17,445.10001,450.78,443.39001,450.17999,1531600
2024-06-18,449.57001,457.69,448.51001,457.42999,1798400
2024-06-20,458.0,460.41,455.23999,458.049988,2080600
2024-06-21,458.67999,458.79999,449.89999,450.17999,3919200
2024-06-24,451.25,463.51999,450.0,462.089996,1882200
2024-06-25,459.45999,464.079987,456.75,457.38,1633400
2024-06-26,455.41,457.92999,452.45001,455.85999,2131700
2024-06-27,449.78,449.78,442.79999,445.95999,2835200
2024-06-28,450.10001,457.34,449.53,452.32001,3839700
2024-07-01,454.51001,464.019989,454.01001,463.66,1850500
2024-07-02,461.51001,466.26999,459.60001,465.60999,1491800
2024-07-03,469.040009,469.89001,465.82001,467.92001,993900
2024-07-05,467.47,467.57999,460.13,464.75,1593800
2024-07-08,467.64999,474.85999,464.040009,464.82001,2214300
2024-07-09,465.60001,479.29999,461.57999,472.82999,4525100
2024-07-10,472.51001,479.85999,469.85001,478.89001,1946000
2024-07-11,480.0,483.16,476.26999,479.23001,2251400
2024-07-12,480.92999,483.44,478.10001,479.88,2727800
2024-07-15,480.25,493.0,476.31,492.23001,3568200
2024-07-16,494.0,506.59,491.98999,503.019989,3981700
2024-07-17,503.0,509.48001,499.42999,502.17999,3908900
2024-07-18,499.51999,503.69,484.22,486.20999,3320200
2024-07-19,489.12,492.60001,483.19,484.92999,2032700
2024-07-22,484.56,489.47,482.38,487.040009,1792500
2024-07-23,487.079987,495.81,486.28,492.14999,2020500
2024-07-24,489.26001,495.98999,485.82001,486.70001,1598600
2024-07-25,486.049988,496.10999,483.23001,491.70999,1489700
2024-07-26,495.72,504.0,495.64999,499.029999,2249700
2024-07-29,500.42001,502.0,491.059998,492.72,1599500
2024-07-30,498.31,509.47,498.29999,505.67001,2642500
2024-07-31,504.85999,517.26001,504.85999,509.029999,2658900
2024-08-01,510.0,514.02002,494.67999,500.12,4006800
2024-08-02,491.10001,494.45999,467.20999,470.64001,6115500
2024-08-05,447.59,463.17999,437.37,459.019989,4177200
2024-08-06,461.01001,475.25,457.42999,470.22,2209300
2024-08-07,479.39001,488.54999,472.57001,473.01001,2587600
2024-08-08,477.87,487.73001,477.16,485.76999,1936400
2024-08-09,485.019989,492.0,482.20001,490.26001,1622700
2024-08-12,490.26001,492.87,483.75,485.5,1839300
2024-08-13,490.29001,493.26999,486.47,491.94,1243700
2024-08-14,492.89999,499.35001,488.39999,498.70001,1545600
2024-08-15,505.0,506.91,498.26001,499.019989,1732300
2024-08-16,497.049988,504.91,497.0,504.26001,1587000
2024-08-19,505.0,507.78,501.85999,504.67999,1027900
2024-08-20,503.87,504.16,496.5,497.34,2122700
2024-08-21,499.5,500.78,494.029999,496.45999,917100
2024-08-22,497.0,499.70001,494.79001,497.75,943800
2024-08-23,502.75,512.44,499.85001,509.42001,1751800
2024-08-26,512.34003,513.5,505.32001,507.87,1084200
2024-08-27,507.84,511.48001,506.59,507.26001,977900
2024-08-28,506.60001,508.37,498.47,503.32999,1568100
2024-08-29,506.0,513.23999,501.14001,510.10001,1566300
2024-08-30,507.82999,511.19,505.17001,510.25,1838900
2024-09-03,507.47,509.70001,485.39999,487.45999,2373600
2024-09-04,486.70001,496.20001,486.70001,490.64001,1509400
2024-09-05,493.57999,495.76999,483.070007,487.88,1828300
2024-09-06,486.60001,495.41,477.059998,479.60999,1995600
2024-09-09,485.53,494.28,483.39001,488.57001,1714200
2024-09-10,489.13,489.20001,461.57001,467.13,3583100
2024-09-11,463.98001,471.89001,457.48001,471.17001,2426500
2024-09-12,471.29999,474.34,465.39999,474.059998,1482200
2024-09-13,475.98999,482.10001,475.5,478.98999,1794500
2024-09-16,481.42999,487.38,479.48999,485.16,1500300
2024-09-17,488.0,489.73001,481.79999,485.39001,1444900
2024-09-18,485.39999,492.98999,481.76999,484.57999,1699500
2024-09-19,494.73999,506.41,493.45999,503.82999,3060700
2024-09-20,500.19,502.049988,495.48001,498.42999,4452600
2024-09-23,498.20999,501.39999,495.22,497.41,953200
2024-09-24,497.59,499.56,494.10001,498.019989,1035400
2024-09-25,498.5,502.0,490.39999,491.14001,1763900
2024-09-26,494.0,498.39999,492.48001,496.92001,1378100
2024-09-27,498.97,505.39999,495.85999,498.51001,1420100
2024-09-30,494.89001,496.51999,488.89999,495.10999,1602500
2024-10-01,494.57999,494.57999,484.60999,490.17001,1528600
2024-10-02,491.17001,494.85999,487.95001,491.98999,1445100
2024-10-03,489.92999,490.51001,484.20001,486.10001,1290600
2024-10-04,495.64001,496.31,486.0,495.16,1721600
2024-10-07,494.63,499.01001,490.79001,494.62,1173300
2024-10-08,497.0,498.34,492.78,496.57001,1296700
2024-10-09,498.20001,506.26999,495.25,505.17999,1695900
2024-10-10,506.31,506.79999,499.59,503.72,1309000
2024-10-11,508.0,517.96997,507.79999,516.29999,2409700
2024-10-14,517.65002,523.070007,515.51001,522.75,2174900
2024-10-15,538.79999,540.51001,515.51001,522.38,4525400
2024-10-16,530.0,536.21997,525.97998,529.85999,2649000
2024-10-17,531.23999,535.28998,528.22998,529.0,2123500
2024-10-18,529.39001,530.77002,526.87,528.5,1779200
2024-10-21,528.0,529.84998,517.0,517.79999,1752100
2024-10-22,515.60999,519.63,512.94,518.29999,1588000
2024-10-23,515.79999,520.0,513.40002,517.20001,1263200
2024-10-24,519.0,525.0,518.20001,524.5,2058200
2024-10-25,528.049988,528.79999,510.73999,512.59998,1633200
2024-10-28,515.40002,524.59003,514.97998,523.58002,1687100
2024-10-29,521.17999,527.23999,521.0,524.28003,1281600
2024-10-30,523.40002,530.78998,523.070007,524.40002,1441600
2024-10-31,522.44,525.0,514.53003,517.78998,2061700
2024-11-01,520.0,526.64001,517.039978,519.34998,1625000
2024-11-04,518.0,518.049988,510.51001,511.47,1797800
2024-11-05,513.0,527.46002,512.59998,526.96002,2169900
2024-11-06,567.29999,598.60999,566.099976,595.97998,8042800
2024-11-07,590.0,595.0,581.52002,582.16998,4475600
2024-11-08,586.41998,595.15002,581.29999,589.26001,2714000
2024-11-11,598.90002,607.15002,596.16998,602.34003,2510800
2024-11-12,598.049988,602.090027,591.46997,592.59003,2392900
2024-11-13,594.63,603.54999,592.65002,594.21997,1763100
2024-11-14,600.0,601.53003,586.23999,588.60999,1670500
2024-11-15,593.35999,595.14001,587.090027,593.53998,2007700
2024-11-18,594.71002,595.070007,584.71997,587.98999,1857600
2024-11-19,579.65997,584.76001,575.51001,581.38,2217400
2024-11-20,583.83002,587.79999,576.62,581.92999,1528600
2024-11-21,586.51001,600.70001,584.51001,596.10999,2281900
2024-11-22,596.21997,603.94,594.44,602.78003,1733700
2024-11-25,608.78998,611.29999,598.83002,603.030029,2940800
2024-11-26,600.13,607.19,593.0,605.5,2846500
2024-11-27,607.67999,612.25,603.28003,605.42999,1424500
2024-11-29,609.31,612.72998,607.059998,608.57001,1170200
2024-12-02,608.0,611.90997,601.29999,601.71002,1804100
2024-12-03,608.96002,611.41998,600.79999,602.080017,1718100
2024-12-04,603.0,604.28003,596.76001,598.71002,1617300
2024-12-05,600.53003,606.56,596.34998,596.79999,1672800
2024-12-06,597.15997,600.0,594.37,599.67999,1405700
2024-12-09,598.98999,603.0,593.71997,594.12,1633200
2024-12-10,590.0,596.27002,583.76001,585.030029,2600800
2024-12-11,590.12,593.71002,586.90002,592.56,2195300
2024-12-12,592.59003,596.32001,588.60999,591.60999,1218400
2024-12-13,594.0,595.0,585.080017,585.47998,1215000
2024-12-16,588.0,588.27002,578.70001,586.33002,1713300
2024-12-17,580.84003,581.60999,572.28998,574.67999,2314100
2024-12-18,577.48999,579.46997,544.48999,550.25,3271600
2024-12-19,561.44,567.0,553.59998,553.98999,2753300
2024-12-20,554.94,572.90002,553.38,566.099976,4515900
2024-12-23,565.0,571.64001,561.79999,570.78003,1519500
2024-12-24,574.20001,582.78998,571.35999,582.78998,913400
2024-12-26,578.15002,582.59003,577.5,581.22998,1092000
2024-12-27,577.0,581.96002,571.34998,576.17999,1486000
2024-12-30,567.27002,576.02002,565.099976,573.54999,1265900
2024-12-31,575.070007,576.91998,570.40002,572.62,1055800
2025-01-02,579.31,584.31,569.73999,574.96997,2219000
2025-01-03,581.0,582.14001,571.72998,580.13,1422600
2025-01-06,584.97998,593.65002,579.82001,583.39001,2257000
2025-01-07,587.10999,588.28003,568.40002,580.12,2021900
2025-01-08,581.039978,581.20001,572.66998,580.02002,1513400
2025-01-10,576.25,576.25,558.01001,560.0,2817900
2025-01-13,557.88,566.19,556.76001,562.95001,1871200
2025-01-14,569.65997,573.59003,565.20001,571.53003,2221900
2025-01-15,598.0,609.40997,593.0,605.91998,5119800
2025-01-16,609.98999,616.84003,606.0,612.98999,3224500
2025-01-17,617.79999,627.0,613.0,625.94,3425200
2025-01-21,616.81,635.42999,609.0,634.73999,5076700
2025-01-22,633.44,635.59998,629.71002,632.72998,2835700
2025-01-23,634.91998,645.53998,634.48999,639.5,2582700
2025-01-24,630.0,640.59998,628.96002,636.90002,3183500
2025-01-27,625.0,635.71002,624.46002,633.28003,3351700
2025-01-28,632.20001,639.080017,631.81,637.79999,2338000
2025-01-29,637.0,649.0,636.40997,637.38,1918900
2025-01-30,644.48999,649.52002,641.0,645.70001,1812800
2025-01-31,650.0,650.0,637.44,640.40002,1996200
2025-02-03,626.0,638.47998,622.47998,632.37,2102600
2025-02-04,632.0,637.66998,629.090027,634.17999,1743400
2025-02-05,638.0,646.40997,635.53003,645.45001,1908200
2025-02-06,650.0,658.84998,648.94,658.21997,2439200
2025-02-07,659.40002,663.87,653.15997,655.90002,2616700
2025-02-10,659.02002,662.48999,644.25,650.53003,2351600
2025-02-11,646.78003,649.039978,643.59998,647.23999,2711400
2025-02-12,643.76001,650.46997,639.10999,649.0,2295800
2025-02-13,651.83002,652.0,640.51001,648.95001,2031800
2025-02-14,650.32001,663.26001,650.32001,660.54999,2246000
2025-02-18,662.59003,672.19,661.02002,672.19,2350100
2025-02-19,669.080017,671.039978,663.28003,668.15002,1953600
2025-02-20,668.030029,670.28003,631.65997,642.26001,3929000
2025-02-21,644.75,647.5,623.42999,625.59998,3000800
2025-02-24,633.51001,637.29999,614.79999,626.14001,3274100
2025-02-25,628.53003,631.32001,606.0,614.90997,2885900
2025-02-26,616.66998,623.13,615.20001,617.77002,2001200
2025-02-27,617.53998,625.22998,607.31,608.0,2396300
2025-02-28,607.78998,623.65002,604.01001,622.28998,3337200
2025-03-03,622.40002,628.78003,598.32001,605.26001,3152300
2025-03-04,595.97998,600.0,567.57001,581.14001,4061000
2025-03-05,582.090027,597.12,576.78003,593.070007,2600600
2025-03-06,580.59003,586.71002,564.62,567.66998,4332300
2025-03-07,568.16998,568.16998,544.90997,559.66998,4069600
2025-03-10,542.29999,546.46997,523.13,531.65997,5272100
2025-03-11,532.46997,539.98999,524.20001,531.42999,4190500
2025-03-12,544.0,545.0,528.59003,535.71002,3078100
2025-03-13,535.66998,538.14001,520.059998,524.81,2529100
2025-03-14,533.98999,543.57001,526.70001,541.40997,2808100
2025-03-17,541.22998,557.15997,540.0,551.34003,2695600
2025-03-18,550.28998,553.75,546.65002,551.78003,2641000
2025-03-19,549.0,563.0,544.59998,557.34003,2769800
2025-03-20,553.099976,568.44,552.0,562.67999,2531300
2025-03-21,555.33002,567.0,551.21002,565.14001,3565600
2025-03-24,575.0,582.71997,573.049988,580.099976,1877700
2025-03-25,584.69,586.89001,578.21002,585.94,1875500
2025-03-26,588.39001,592.64001,571.0,573.91998,1944200
2025-03-27,565.0,566.0,552.54999,558.91998,2100900
2025-03-28,555.95001,560.5,537.71002,543.12,2773100
2025-03-31,533.82001,547.39001,528.59003,546.28998,2455100
2025-04-01,543.25,551.96002,533.23999,548.45001,1869600
2025-04-02,539.79999,567.32001,539.080017,563.099976,2560700
2025-04-03,525.42999,529.98999,509.56,511.23001,5193900
2025-04-04,487.0,492.0,460.0,470.81,8105200
2025-04-07,446.89999,489.98001,439.38,465.51001,6353800
2025-04-08,488.25,491.92001,452.82999,462.22,4240900
2025-04-09,451.35999,522.0,447.10999,516.87,7024100
2025-04-10,503.10001,503.10001,474.0,489.79999,5374500
2025-04-11,487.0,498.51999,478.57999,494.44,3770200
2025-04-14,510.0,512.0,497.14999,503.98001,4392600
2025-04-15,507.41,518.65002,507.0,507.89001,2501200
2025-04-16,501.72,509.45001,492.69,499.049988,2765600
2025-04-17,503.23999,514.83002,499.12,509.48999,2588000
2025-04-21,505.39999,509.26999,494.67999,501.35999,2859300
2025-04-22,510.23001,521.0,508.92999,519.98999,2514600
2025-04-23,533.63,551.78998,528.26001,529.31,3048100
2025-04-24,527.099976,546.84003,523.41998,545.37,2223600
2025-04-25,544.59998,549.090027,541.21997,544.85999,1612700
2025-04-28,544.85999,554.5,542.46997,546.40002,1459700
2025-04-29,543.78998,550.88,541.29999,548.91998,1695600
2025-04-30,535.76001,549.52002,531.45001,547.54999,2438300
2025-05-01,548.099976,558.34998,545.5,553.83002,2583000
2025-05-02,561.58002,569.78003,559.70001,566.099976,2883000
2025-05-05,558.35999,566.56,557.5,559.56,2197200
2025-05-06,549.59998,557.44,547.059998,549.35999,2902500
2025-05-07,550.21002,555.38,547.73999,551.91998,1954900
2025-05-08,558.82001,572.15997,558.21002,565.70001,1994600
2025-05-09,570.25,572.099976,565.78003,567.099976,1522500
2025-05-12,596.26001,603.37,588.080017,591.34003,3527700
2025-05-13,593.29999,607.71002,593.059998,603.81,2765800
2025-05-14,603.79999,615.0,602.5,611.59998,2874400
2025-05-15,609.72998,619.21002,609.72998,615.90002,2428100
2025-05-16,616.95001,620.78998,613.56,619.030029,2021800
2025-05-19,609.19,619.38,598.34003,612.29999,2842100
2025-05-20,607.75,611.54999,603.01001,606.52002,1601600
2025-05-21,601.79999,609.87,592.0,593.46002,2635900
2025-05-22,592.54999,602.20001,592.51001,598.22998,1939600
2025-05-23,585.0,601.96002,582.5,598.53998,1530600
2025-05-27,605.90002,617.66998,604.95001,615.72998,2364700
2025-05-28,617.28003,618.63,607.31,608.44,2001900
2025-05-29,608.52002,610.0,598.29999,604.85999,1736100
2025-05-30,600.0,603.59998,593.83002,600.45001,2129500
2025-06-02,598.59998,599.16998,592.16998,598.71997,1221200
2025-06-03,600.0,606.32001,593.72998,603.83002,1730300
2025-06-04,605.47998,606.33002,598.71997,599.21002,1294900
2025-06-05,600.0,609.71997,592.90002,605.88,2086700
2025-06-06,613.0,621.38,610.0,614.0,1675900
2025-06-09,614.75,619.099976,611.01001,613.52002,1610700
2025-06-10,613.0,616.54999,609.31,614.87,1376400
2025-06-11,617.17999,629.84003,614.59003,624.16998,2063600
2025-06-12,621.0,626.01001,615.79999,625.10999,1634700
2025-06-13,616.049988,620.12,609.59003,613.53998,1674800
2025-06-16,619.0,632.27002,618.0,627.84998,1870400
2025-06-17,624.70001,631.66998,623.0,624.64001,1479300
2025-06-18,624.51001,639.88,623.65002,635.23999,2423100
2025-06-20,638.83002,642.64001,636.69,640.79999,4115400
2025-06-23,639.26001,647.41998,630.01001,646.88,2020800
2025-06-24,654.45001,663.77002,653.23999,662.10999,2307800
2025-06-25,664.59998,670.12,660.78998,669.87,1566400
2025-06-26,670.62,689.33002,670.51001,687.15997,2849500
2025-06-27,691.0,694.20001,685.39001,690.81,3650500
2025-06-30,714.27002,714.29999,702.95001,707.75,3976400
2025-07-01,708.0,713.01001,700.60999,706.46002,3301000
2025-07-02,708.79999,718.72998,705.080017,715.89001,2906500
2025-07-03,715.90997,726.0,713.40002,723.67999,1502000
2025-07-07,721.70001,723.96997,706.34003,710.92999,2863700
2025-07-08,710.71997,711.19,693.77002,697.28003,3100700
2025-07-09,704.34003,704.34003,694.71002,696.56,1763400
2025-07-10,696.73999,710.38,696.45001,709.12,1733500
2025-07-11,703.59003,706.0,700.22998,704.95001,1681800
2025-07-14,704.73999,713.42999,702.13,713.29999,1909300
2025-07-15,713.29999,714.69,700.039978,702.51001,1981200
2025-07-16,708.5,709.78003,691.29999,708.82001,3323200
2025-07-17,706.28003,717.45001,704.28003,705.84003,2046100
2025-07-18,707.059998,710.28998,698.39001,708.26001,1925200
2025-07-21,709.14001,712.76001,704.34998,706.0,2006500
2025-07-22,703.65997,706.48999,691.88,700.40997,1978900
2025-07-23,702.0,719.01001,701.5,717.52002,2395700
2025-07-24,718.92999,725.77002,714.72998,719.17999,1974700
2025-07-25,720.76001,729.89001,718.34998,728.97998,1851400
2025-07-28,728.0,732.52002,722.16998,723.65002,1464800
2025-07-29,726.84998,734.13,722.41998,731.97998,2136000
2025-07-30,731.14001,737.88,723.17999,730.75,1816200
2025-07-31,726.59003,734.039978,720.44,723.59003,2358100
2025-08-01,710.51001,714.52002,694.049988,709.57001,2999100
2025-08-04,715.20001,726.78998,715.20001,726.030029,1753700
2025-08-05,728.0,729.40002,714.54999,720.90997,1977300
2025-08-06,724.5,728.29999,722.0,724.73999,1477100
2025-08-07,730.62,732.94,717.60999,719.73999,1400400
2025-08-08,725.85999,728.0,718.65002,721.27002,1275400
2025-08-11,722.20001,723.84003,715.73999,719.23999,1273500
2025-08-12,725.28003,748.14001,724.34998,743.38,2418100
2025-08-13,745.78003,748.90997,732.62,744.69,1862600
2025-08-14,742.71997,748.15997,737.0,747.20001,1371200
2025-08-15,749.0,749.049988,729.17999,730.71997,1645900
2025-08-18,729.5,731.60999,723.87,730.96002,1157800
2025-08-19,729.15997,730.0,717.72998,721.38,1856400
2025-08-20,721.20001,722.25,705.54999,720.67999,1872700
2025-08-21,716.53998,719.21997,712.96997,715.95001,1162000
2025-08-22,720.14001,744.84003,718.58002,741.89001,1948600
2025-08-25,741.89001,746.5,738.33002,738.78998,1381200
2025-08-26,737.71002,749.15997,733.85999,748.95001,1511600
2025-08-27,745.96997,753.0,745.02002,749.66998,1534800
2025-08-28,750.98999,753.33002,746.98999,751.21997,1411200
2025-08-29,746.71002,748.91998,738.90002,745.25,1467000
2025-09-02,736.39001,736.39001,721.15997,730.84998,2296400
2025-09-03,728.56,732.02002,722.29999,730.56,1485600
2025-09-04,733.75,748.90997,731.16998,748.90002,1778200
2025-09-05,752.19,757.34998,727.15002,738.21002,1822800
2025-09-08,739.41998,743.53998,733.57001,741.84998,1400100
2025-09-09,740.13,765.62,738.53998,763.91998,2611300
2025-09-10,761.85999,774.46997,761.63,769.58002,1996200
2025-09-11,772.0,793.16998,771.34998,784.72998,2075700
2025-09-12,783.5,787.030029,776.26001,780.059998,1099400
2025-09-15,782.95001,792.38,781.44,786.76001,1292000
2025-09-16,789.53003,790.01001,779.69,785.53003,1529500
2025-09-17,788.85999,798.57001,785.22998,794.21997,1945300
2025-09-18,795.57001,807.28003,792.40002,804.31,1501600
2025-09-19,804.090027,809.65997,797.37,805.0,3789800
2025-09-22,801.14001,806.030029,797.53998,805.56,1151000
2025-09-23,807.099976,825.25,802.0,806.32001,1758800
2025-09-24,809.54999,812.84003,792.34003,792.42999,1402500
2025-09-25,786.0,798.17999,782.01001,794.76001,1413100
2025-09-26,797.15997,809.5,795.13,802.51001,1376200
2025-09-29,807.79999,808.84003,797.98999,804.12,1059000
2025-09-30,805.5,809.62,786.45001,796.34998,2463900
2025-10-01,793.62,796.28003,783.22998,785.51001,1788900
2025-10-02,788.88,791.0,772.44,779.38,1553700
2025-10-03,783.0,794.91998,777.85999,789.97998,1470500
2025-10-06,795.0,802.5,780.049988,796.78003,1632600
2025-10-07,798.0,805.32001,781.39001,789.65002,1547200
2025-10-08,791.75,795.0,774.34003,776.51001,1939300
2025-10-09,778.84998,782.90997,771.34998,779.96002,1575000
2025-10-10,783.12,791.65997,764.0,764.35999,2457900
2025-10-13,777.88,791.049988,777.88,786.78003,2766000
2025-10-14,764.45001,786.57001,742.46002,770.76001,4710800
2025-10-15,778.62,782.48999,762.65997,767.92999,3217400
2025-10-16,770.65997,781.44,752.40997,758.090027,3160900
2025-10-17,758.15002,758.94,740.01001,750.77002,2884700
2025-10-20,757.0,766.41998,752.88,763.32001,1925400
2025-10-21,759.0,765.29999,758.27002,758.97998,1782200
2025-10-22,760.60999,760.60999,743.10999,744.59998,2141400
2025-10-23,749.34003,755.0,744.65997,750.78003,1615400
2025-10-24,759.84998,784.60999,756.0,783.88,2505600
2025-10-27,789.0,796.71002,787.01001,789.98999,1645300
2025-10-28,792.049988,798.35999,787.34998,792.090027,1242000
2025-10-29,788.0,800.48999,778.82001,783.059998,2251500
2025-10-30,783.56,807.14001,780.59998,790.15997,1829500
2025-10-31,784.97998,791.71997,783.0,789.37,1328100
2025-11-03,789.57001,796.0,781.44,785.52002,1569100
2025-11-04,777.0,806.0,773.0,790.83002,2046000
2025-11-05,790.44,797.35999,775.58002,793.090027,1832700
2025-11-06,794.0,798.20001,777.0,787.58002,1572500
2025-11-07,783.0,787.059998,762.79999,786.34003,2098400
2025-11-10,796.080017,806.35999,788.79999,797.20001,1698200
2025-11-11,798.47998,812.0,795.60999,810.31,1521500
2025-11-12,814.13,840.0,814.13,838.96997,2954100
2025-11-13,833.059998,841.28003,805.02002,805.5,2557400
2025-11-14,795.54999,800.60999,778.0,790.90997,2552000
2025-11-17,790.0,796.72998,770.5,775.56,1850600
2025-11-18,772.059998,787.70001,766.53998,776.29999,1673500
2025-11-19,776.29999,787.87,775.0,785.98999,1521100
2025-11-20,795.25,816.0,772.19,773.70001,2599000
2025-11-21,776.83002,780.37,754.0,774.030029,2284700
2025-11-24,778.64001,793.98999,775.35999,790.71002,2319500
2025-11-25,797.0,805.26001,777.98999,802.32001,2252900
2025-11-26,805.84003,819.58002,805.0,816.01001,1862500
2025-11-28,820.0,830.57001,818.95001,826.039978,868300
2025-12-01,818.59003,824.72998,809.60999,810.85999,2133200
2025-12-02,811.12,819.70001,808.29999,815.21002,2254200
2025-12-03,812.95001,837.90997,812.95001,836.57001,2347900
2025-12-04,835.53998,843.98999,834.5,837.83002,1670800
2025-12-05,837.26001,856.20001,836.52002,854.56,2277500
2025-12-08,861.099976,870.56,856.29999,866.69,2238100
2025-12-09,866.0,883.71997,864.31,876.58002,2274800
2025-12-10,871.34998,897.20001,869.27002,889.23999,2394300
2025-12-11,889.97998,919.099976,888.0,911.030029,2683000
2025-12-12,913.75,914.98999,886.98999,887.96002,2715200
2025-12-15,892.0,904.46997,889.59003,889.59003,1976600
2025-12-16,890.22998,896.23999,874.32001,879.15002,2161600
2025-12-17,886.33002,895.96997,868.44,872.33002,2213300
2025-12-18,880.5,892.78998,874.70001,876.29999,2066300
2025-12-19,883.16998,899.75,881.95001,893.47998,4808300
2025-12-22,896.52002,905.47998,894.84003,899.0,1442300
2025-12-23,900.34998,905.91998,893.70001,901.71002,1210200
2025-12-24,901.15997,911.88,898.70001,910.78003,771800
2025-12-26,911.0,913.32001,905.31,907.039978,995300
2025-12-29,906.45001,906.47998,891.56,892.17999,1578000
2025-12-30,894.73999,895.02002,881.17999,884.41998,1833300
