DateTime,Open,High,Low,Close,Volume
2015-01-02,154.21606,156.12811,153.91969,154.93307,5779673
2015-01-05,154.17783,154.17783,152.1893,152.49522,5104898
2015-01-06,152.64818,152.92543,148.34608,149.2065,6429448
2015-01-07,150.2868,150.2868,147.25621,148.23135,4918083
2015-01-08,149.36902,152.045883,148.70937,151.45316,4431693
2015-01-09,151.45316,153.28871,150.33461,152.11281,4694762
2015-01-12,152.0076447,152.24666,148.91014,149.56023,4380230
2015-01-13,150.34416,152.935,148.83365,149.91396,4578865
2015-01-14,148.049713,149.60803,146.97897,148.94838,4906054
2015-01-15,149.79924,150.066925,147.38049,147.77246,4443826
2015-01-16,147.05545,150.69789,147.05545,150.22945,6020776
2015-01-20,149.80879,150.41109,147.25621,150.047806,8778869
2015-01-21,146.30019,147.70555,144.42639,145.40154,12444367
2015-01-22,145.25813,148.87189,145.086044,148.55641,6401625
2015-01-23,148.21223,150.66922,148.0784,149.015289,5057201
2015-01-26,151.30019,152.44742,148.91969,149.48375,8250953
2015-01-27,148.12619,148.26959,145.87955,146.91205,5919942
2015-01-28,147.22754,147.73422,144.88528,144.88528,4702711
2015-01-29,144.72275,148.73805,142.94455,148.64244,8703557
2015-01-30,147.14149,148.41299,146.30975,146.56787,6865526
2015-02-02,147.22754,147.85851,144.84703,147.85851,4928961
2015-02-03,147.94455,151.62524,147.94455,151.50096,5794212
2015-02-04,150.29637,151.73041,149.80879,150.057358,3847711
2015-02-05,150.37285,151.61568,150.239,150.96558,5495266
2015-02-06,150.42065,151.12811,149.35947,149.82791,3406299
2015-02-09,149.13957,150.57361,148.56596,148.90057,3198354
2015-02-10,149.84703,151.58701,148.26004,151.58701,4644868
2015-02-11,150.82217,152.093689,150.25813,151.24283,3793528
2015-02-12,151.73996,152.48566,151.13766,151.54875,3486423
2015-02-13,151.79732,153.72849,151.66348,153.34608,3877417
2015-02-17,152.72467,154.31166,152.70555,153.88145,3027647
2015-02-18,154.74187,155.32504,153.57553,155.057358,4558886
2015-02-19,154.92352,157.25621,154.34035,156.6826,3665602
2015-02-20,156.44359,157.11281,154.96176,156.45316,3507238
2015-02-23,157.0076447,157.17017,155.35373,155.7457,2839262
2015-02-24,155.34416,157.73422,154.40727,157.58127,4917874
2015-02-25,157.68642,157.70555,155.43021,155.6501,4188812
2015-02-26,156.5392,156.9216,152.74379,153.79541,7437897
2015-02-27,153.79541,155.15297,153.11664,154.81836,4612860
2015-03-02,154.81836,154.81836,152.78203,153.42256,6190123
2015-03-03,153.2218,154.6367,152.96367,153.94838,3383182
2015-03-04,153.47992,153.49904,151.73996,152.40918,3800746
2015-03-05,152.82983,154.39771,152.67686,154.091782,3966118
2015-03-06,153.14531,154.34035,151.10899,151.52963,4749049
2015-03-09,151.24283,154.063095,151.24283,153.69981,5432819
2015-03-10,152.58127,153.18356,150.86998,150.86998,4812646
2015-03-11,151.59656,152.14149,149.082214,149.9044,5972555
2015-03-12,149.39771,151.73996,149.39771,151.032501,4777396
2015-03-13,150.53537,150.59273,146.65392,147.49522,6343049
2015-03-16,148.23135,150.18164,147.99236,150.17209,3922082
2015-03-17,149.33078,150.37285,148.53729,150.057358,3464038
2015-03-18,149.95219,153.63289,148.94838,152.78203,6002785
2015-03-19,152.67686,153.84322,151.826,152.78203,4057016
2015-03-20,153.87189,155.83174,153.29828,155.71701,9420694
2015-03-23,155.61186,158.0784,155.57361,157.39006,6202885
2015-03-24,157.54301,157.63863,155.73615,155.83174,4546021
2015-03-25,155.90822,155.90822,152.19885,152.19885,5678629
2015-03-26,152.26578,154.15871,151.9216,153.52773,4598216
2015-03-27,153.71893,153.8241,152.22754,153.34608,3637883
2015-03-30,154.21606,156.40535,154.15871,155.51625,4328348
2015-03-31,153.99617,155.19121,153.34608,153.44168,4451148
2015-04-01,153.18356,153.55641,151.42447,152.17973,3871037
2015-04-02,152.50478,155.39197,151.90248,153.39388,4886494
2015-04-06,152.6673,155.64053,151.72084,154.91396,3625122
2015-04-07,154.56023,156.6348,154.51242,154.94264,3292808
2015-04-08,154.60803,156.35756,153.92926,154.73232,2640418
2015-04-09,154.58891,155.32504,153.65201,155.20076,2367621
2015-04-10,155.20076,156.14723,154.15871,155.69789,2631422
2015-04-13,155.22945,156.78777,155.21988,155.239,4046869
2015-04-14,155.27725,155.58318,153.71893,155.16252,2844388
2015-04-15,155.47801,157.70555,155.35373,156.91205,3659745
2015-04-16,156.12811,156.76865,155.39197,155.95602,3281197
2015-04-17,154.6367,154.74187,152.99236,153.6042,4512862
2015-04-20,154.97131,159.31166,154.78012,158.85277,10051223
2015-04-21,158.76672,160.019119,156.83557,157.036331,10129046
2015-04-22,157.16061,158.69981,155.72658,158.087952,4209941
2015-04-23,157.96367,164.3499,157.87762,162.75334,8614438
2015-04-24,162.74379,163.33652,161.31931,162.31358,4067266
2015-04-27,163.37476,163.94838,162.8107,163.2218,3314356
2015-04-28,163.3174,167.0076447,162.54301,166.27151,6084268
2015-04-29,165.77438,167.4283,165.20076,166.73041,4726246
2015-04-30,166.12811,166.61568,162.8107,163.75717,5295793
2015-05-01,165.58318,166.34799,164.83748,166.032501,3464457
2015-05-04,166.79732,168.54684,166.061188,166.31931,4213288
2015-05-05,165.87955,166.56787,164.39771,165.46844,3758906
2015-05-06,165.29637,166.3958,161.43404,162.5717,3778780
2015-05-07,162.17017,164.41682,161.60612,163.47037,2585712
2015-05-08,165.33461,165.70746,164.66539,165.086044,3234860
2015-05-11,165.057358,165.38242,163.34608,163.59465,2783406
2015-05-12,163.049713,163.94838,161.41492,163.049713,3098670
2015-05-13,163.70937,165.1434,163.24092,164.70363,2570545
2015-05-14,165.86998,166.73041,165.60229,166.3958,2551299
2015-05-15,166.26195,166.73996,165.0095673,165.64053,3050764
2015-05-18,165.81262,165.86043,164.72275,165.44933,2061248
2015-05-19,165.3633,166.10899,164.36902,165.85086,2639058
2015-05-20,165.70746,166.76865,164.87572,166.11855,2406114
2015-05-21,165.69789,166.48184,165.43021,165.71701,2401198
2015-05-22,165.43021,165.76482,164.61758,164.64627,2980786
2015-05-26,164.54111,164.55067,161.69215,162.64818,4031493
2015-05-27,163.63289,164.89484,162.99236,164.43594,2891562
2015-05-28,163.91014,164.28299,163.15488,164.15871,1811044
2015-05-29,163.81453,163.81453,162.1893,162.1893,4280232
2015-06-01,162.72467,163.51816,161.59656,162.69598,3122833
2015-06-02,162.19885,162.95412,161.022949,162.1893,2689684
2015-06-03,163.0019073,164.015289,162.17017,162.44742,2229026
2015-06-04,162.07457,163.097519,160.54494,160.97514,3220948
2015-06-05,160.85086,161.48184,159.84703,160.038239,3243123
2015-06-08,159.81836,159.92352,157.76291,158.068832,3931600
2015-06-09,158.068832,158.71893,156.18547,158.39388,3552111
2015-06-10,159.16826,161.94072,158.75717,161.49139,4895803
2015-06-11,161.81644,162.94455,161.12811,161.35756,3623344
2015-06-12,160.83174,160.89867,159.35947,159.64627,3206095
2015-06-15,159.64627,159.64627,157.026764,158.94838,4441002
2015-06-16,159.015289,160.038239,158.61377,159.50287,3399291
2015-06-17,159.65584,160.46844,158.79541,159.81836,2994698
2015-06-18,159.70363,161.30019,159.70363,160.85086,3484121
2015-06-19,160.24857,161.013382,159.43594,159.64627,7399404
2015-06-22,160.27725,160.9369,159.84703,160.35373,2443247
2015-06-23,160.97514,162.49522,160.20076,161.20459,3871874
2015-06-24,161.29063,161.41492,159.4933,159.62715,3711313
2015-06-25,160.42065,160.73615,158.77629,158.77629,2519709
2015-06-26,158.91969,159.47418,157.96367,158.18356,9357516
2015-06-29,156.71129,158.0784,155.72658,155.80305,3467176
2015-06-30,156.7782,156.78777,154.99043,155.5067,3762776
2015-07-01,156.75908,158.32697,156.40535,157.25621,3362367
2015-07-02,157.79158,158.049713,157.1893,157.82983,2983924
2015-07-06,156.62524,157.96367,156.32887,157.48566,3221471
2015-07-07,157.68642,158.0784,155.095596,157.74379,3713195
2015-07-08,156.78777,157.68642,155.52582,155.98471,2904010
2015-07-09,158.068832,158.23135,156.50096,156.64436,4392886
2015-07-10,158.37476,160.038239,158.24092,159.60803,4747062
2015-07-13,160.54494,162.41873,160.15297,161.93117,4423534
2015-07-14,161.97897,162.084137,160.84129,161.19502,3164464
2015-07-15,161.07074,161.826,160.61186,161.11855,2089908
2015-07-16,162.017212,163.56596,161.72084,163.47992,3692275
2015-07-17,162.83939,164.93307,162.61951,164.92352,4556794
2015-07-20,165.19121,166.13766,164.56979,165.60229,7717179
2015-07-21,157.11281,159.034424,154.89484,155.89867,14384906
2015-07-22,155.57361,155.89867,152.67686,153.29828,7512163
2015-07-23,153.2218,155.59273,152.80115,154.61758,5265773
2015-07-24,154.19695,154.80879,152.39961,152.72467,3951997
2015-07-27,152.0076447,153.13576,151.62524,152.07457,3876685
2015-07-28,152.87762,153.14531,151.52963,153.011475,2846166
2015-07-29,152.96367,154.39771,152.38049,154.0057373,3533806
2015-07-30,153.44168,154.30211,152.72467,153.88145,2086456
2015-07-31,154.30211,154.93307,153.56596,154.86615,3744889
2015-08-03,154.58891,154.73232,150.95602,151.73041,4828022
2015-08-04,151.43404,151.83557,149.97131,150.66922,5502588
2015-08-05,152.10326,152.5239,150.55449,150.95602,3632549
2015-08-06,150.21988,150.61186,149.31166,149.44551,3143021
2015-08-07,149.034424,149.37859,147.55258,148.29828,3969465
2015-08-10,149.87572,150.54494,149.2543,149.8566,4825616
2015-08-11,149.10133,149.13002,148.049713,148.67113,3312787
2015-08-12,147.4761,149.6367,147.17973,149.29254,3724074
2015-08-13,149.19695,149.22562,147.53346,148.25047,2649936
2015-08-14,148.18356,149.34035,147.78203,148.90057,3374814
2015-08-17,148.37476,149.79924,147.89674,149.43594,2353082
2015-08-18,148.67113,149.6367,148.42256,149.14914,2111142
2015-08-19,148.32697,148.8241,146.66348,147.17017,4399894
2015-08-20,146.022949,147.14149,145.7935,145.94646,4196029
2015-08-21,144.83748,146.45316,142.16061,142.30402,7700757
2015-08-24,137.16061,141.26195,136.71129,137.16061,10658426
2015-08-25,140.47801,140.64053,134.43594,134.761,7398567
2015-08-26,137.75334,140.51625,135.8891,140.24857,6508003
2015-08-27,141.96941,142.41873,139.2543,142.0076447,5205524
2015-08-28,141.2524,141.6826,140.70746,141.47227,4263810
2015-08-31,140.89867,141.87381,139.82791,141.38623,4281383
2015-09-01,138.53729,138.6042,135.61186,136.40535,5514512
2015-09-02,138.37476,138.69981,136.88336,138.67113,4447592
2015-09-03,139.62715,141.52008,139.35947,140.32504,3769261
2015-09-04,138.21223,139.0057373,137.017212,137.38049,4394351
2015-09-08,139.44551,140.86043,139.2543,140.75526,4114232
2015-09-09,142.19885,142.48566,138.47992,138.67113,3564559
2015-09-10,139.43594,140.68834,138.15488,139.77055,3620938
2015-09-11,139.4933,141.013382,139.26385,140.8891,3258395
2015-09-14,140.8891,140.8891,139.015289,139.24474,3375128
2015-09-15,140.15297,141.42447,139.3499,141.042068,2842087
2015-09-16,141.33842,142.34225,141.05162,141.88336,2927963
2015-09-17,141.58701,143.097519,140.82217,141.62524,4187138
2015-09-18,139.62715,139.95219,137.64818,138.15488,8342687
2015-09-21,138.99617,140.51625,138.54684,140.038239,4000950
2015-09-22,138.26004,138.68069,137.44742,138.0784,3728049
2015-09-23,137.86807,138.21223,136.47227,137.34225,2797213
2015-09-24,136.32887,138.69025,135.70746,138.05928,3431194
2015-09-25,139.14914,139.83748,138.174,139.024857,3634222
2015-09-28,138.068832,138.98662,136.20459,136.2524,4515896
2015-09-29,135.7457,136.38623,134.94264,136.20459,4982621
2015-09-30,137.37094,139.30211,137.34225,138.59465,4127725
2015-10-01,138.91969,139.26385,135.3633,137.27533,4059421
2015-10-02,134.84703,138.23135,134.37859,138.2218,3194902
2015-10-05,139.40727,143.29828,139.40727,142.48566,5367863
2015-10-06,142.50478,143.54684,141.95985,142.23709,3156933
2015-10-07,143.44168,144.10133,142.31358,143.48949,3117917
2015-10-08,143.10707,146.29063,142.72467,145.58318,5014942
2015-10-09,145.75526,146.41492,144.61758,145.68834,3693531
2015-10-12,145.69789,145.86998,144.21606,144.4933,3376070
2015-10-13,144.14914,144.14914,142.61951,143.040146,4095822
2015-10-14,143.021027,144.024857,142.46654,143.41299,3507238
2015-10-15,144.27342,144.58891,142.045883,143.48949,3636105
2015-10-16,143.83365,144.55067,142.69598,143.77629,3643950
2015-10-19,143.26004,143.37476,141.85469,142.65775,8320616
2015-10-20,136.22371,136.59656,134.10133,134.45506,16762778
2015-10-21,134.082214,136.38623,133.174,134.72275,7312168
2015-10-22,135.5067,138.69025,135.39197,137.75334,5840027
2015-10-23,138.25047,139.091782,137.38049,138.3174,5617438
2015-10-26,138.38432,138.62332,136.91205,137.34225,3649912
2015-10-27,137.19885,137.50478,131.29063,131.79732,15698891
2015-10-28,131.85469,135.019119,131.45316,134.6367,8902924
2015-10-29,134.18738,134.62715,132.90631,134.36902,3881078
2015-10-30,134.26385,135.11472,133.7476,133.91969,4167264
2015-11-02,134.32123,134.34035,133.43213,134.19695,3998021
2015-11-03,133.86234,136.52008,133.7476,135.64053,4549472
2015-11-04,136.28107,136.37668,135.086044,135.40154,3678677
2015-11-05,135.38242,136.11855,133.48949,133.73805,5331357
2015-11-06,132.50478,133.41299,131.80688,132.17017,4963165
2015-11-09,131.85469,132.0076447,128.94838,129.35947,8447078
2015-11-10,129.40727,129.77055,128.2218,129.51242,4728757
2015-11-11,130.10516,130.21033,128.58508,129.082214,3310381
2015-11-12,128.77629,128.77629,127.16061,127.18929,4917664
2015-11-13,127.10325,127.15105,125.86042,125.95602,4826035
2015-11-16,125.99426,128.19312,125.99426,127.82983,4383577
2015-11-17,128.3174,128.89101,127.44742,127.93499,2944595
2015-11-18,128.86234,129.93307,128.35564,129.84703,4340063
2015-11-19,130.21988,131.6826,130.028687,130.72658,4972266
2015-11-20,131.32887,132.8107,131.21414,132.40918,5414514
2015-11-23,132.43787,132.76291,131.089859,132.37094,5374243
2015-11-24,131.59656,133.21223,131.27151,132.50478,3564454
2015-11-25,132.2849,132.34225,131.33842,131.93117,3387157
2015-11-27,131.93117,132.70555,131.1759,132.37094,1480927
2015-11-30,132.51434,133.7476,132.4283,133.28871,4754698
2015-12-01,133.44168,135.18164,133.44168,135.066925,4388075
2015-12-02,134.73232,135.0,133.3652,133.55641,3896768
2015-12-03,133.93881,134.54111,132.11281,132.8107,6181442
2015-12-04,132.017212,134.81836,131.9216,134.2543,4781894
2015-12-07,133.99617,134.23518,132.70555,133.41299,3430252
2015-12-08,132.19885,132.94455,131.48184,131.97897,4084839
2015-12-09,131.33842,133.69025,130.239,130.60229,4827290
2015-12-10,131.00383,131.78777,129.75143,130.76482,4416526
2015-12-11,129.28299,129.48375,128.021027,128.65201,5579155
2015-12-14,129.35947,130.15297,128.12619,129.95219,5380415
2015-12-15,131.35756,132.85851,131.24283,131.73041,4433471
2015-12-16,133.0019073,133.50861,131.73041,133.16443,4545393
2015-12-17,133.2218,133.3652,130.31549,130.73615,4277617
2015-12-18,130.41109,130.9369,128.3652,128.9675,10487301
2015-12-21,129.8566,129.8566,128.12619,129.54111,5875905
2015-12-22,129.9044,132.11281,129.68451,131.86424,4459935
2015-12-23,132.21797,133.18356,132.036331,132.44742,5402485
2015-12-24,132.34225,132.77246,132.036331,132.17017,1563979
2015-12-28,131.6826,131.96941,130.53537,131.55832,3287996
2015-12-29,132.17017,133.90057,132.12238,133.63289,4125110
2015-12-30,133.44168,134.26385,133.097519,133.21223,3126912
2015-12-31,132.95412,132.98279,131.52008,131.56787,3621357
2016-01-04,129.6367,129.99043,128.33652,129.97131,5469952
2016-01-05,130.7457,130.86998,128.91969,129.87572,4105341
2016-01-06,128.47037,129.61758,127.74379,129.22562,4509201
2016-01-07,127.82027,129.082214,126.60612,127.017204,7348987
2016-01-08,127.32314,127.93499,125.54493,125.8413,4981784
2016-01-11,126.013382,127.93499,125.96558,127.37093,5203222
2016-01-12,127.77247,127.89675,125.36329,127.05545,5312320
2016-01-13,127.62907,128.37476,125.33461,125.40153,4916305
2016-01-14,126.12811,127.90631,125.44933,127.06501,5972242
2016-01-15,124.29254,125.12428,123.20267,124.31166,9422891
2016-01-19,124.38815,126.29063,122.4283,122.4761,10438662
2016-01-20,113.25048,118.53728,112.81071,116.50095,16901059
2016-01-21,115.96558,119.59847,115.27724,117.50478,9258774
2016-01-22,119.18738,119.2543,116.41492,117.11281,9663366
2016-01-25,116.7304,118.76673,116.29063,116.71128,5696516
2016-01-26,116.8738,118.174,116.86424,117.19885,4830219
2016-01-27,117.3327,117.94455,115.34417,115.64053,5257614
2016-01-28,115.92735,117.4283,115.68834,116.84512,4123855
2016-01-29,117.85851,119.3021,117.55258,119.3021,8627513
2016-02-01,118.92925,119.78011,118.2696,119.34035,3739345
2016-02-02,118.23136,118.68069,117.24665,117.53346,3438516
2016-02-03,118.53728,119.93307,116.91205,119.23518,6509781
2016-02-04,119.57935,122.84895,119.50287,122.036331,5508759
2016-02-05,121.62524,122.9828,120.31549,122.91587,7507874
2016-02-08,120.45889,121.90249,118.67113,121.39579,7702744
2016-02-09,120.57362,121.34799,118.32696,118.61377,6231231
2016-02-10,119.50287,119.78011,114.56979,114.9044,6766679
2016-02-11,113.5564,114.39771,111.75908,112.6673,7643750
2016-02-12,114.015297,115.72658,113.14532,115.71702,5163579
2016-02-16,116.47227,117.67686,116.0038223,117.34225,4248224
2016-02-17,118.2696,121.0038223,117.82983,120.5545,5042766
2016-02-18,124.28298,128.10707,124.043976,126.62524,10409374
2016-02-19,126.5392,127.77247,125.086044,127.22753,5361064
2016-02-22,127.22753,128.40344,126.587,127.88719,4662440
2016-02-23,127.2849,127.54302,126.20459,126.57744,3597926
2016-02-24,125.76482,127.6195,123.97706,126.95985,4312240
2016-02-25,127.4283,128.59465,125.12428,128.58508,4558782
2016-02-26,128.59465,128.98662,126.14722,126.22371,4587965
2016-02-29,126.19503,127.49522,125.1434,125.26768,4631688
2016-03-01,126.42448,128.71893,126.22371,128.4608,3962771
2016-03-02,127.82027,131.3958,127.36137,130.30592,5457191
2016-03-03,131.18547,131.89293,130.086044,131.73996,5393594
2016-03-04,131.49139,133.28871,130.99426,131.73996,4150946
2016-03-07,131.24283,134.33078,130.85086,133.98662,5408866
2016-03-08,133.56596,134.17783,131.37668,132.95412,5835739
2016-03-09,133.18356,135.91779,133.10707,134.23518,4609199
2016-03-10,135.028687,135.24857,132.017212,134.024857,4205548
2016-03-11,135.49713,136.6348,134.33078,136.099426,4625307
2016-03-14,135.76482,136.89293,134.83748,136.50096,4235045
2016-03-15,135.5067,137.026764,135.31549,136.67303,3878045
2016-03-16,136.34799,138.50861,135.86043,138.42256,4416107
2016-03-17,138.41299,140.84129,138.097519,140.57361,6089394
2016-03-18,140.91779,141.022949,139.1109,140.62141,12645826
2016-03-21,140.82217,142.17017,140.26768,142.093689,3892794
2016-03-22,141.54875,142.7151,141.33842,141.58701,4269667
2016-03-23,141.49139,141.52008,138.7476,139.0057373,4983353
2016-03-24,138.6042,141.70172,138.13576,141.44359,5276547
2016-03-28,141.2524,142.11281,140.75526,141.87381,3415295
2016-03-29,141.099426,143.174,141.013382,142.76291,3282871
2016-03-30,143.35564,143.79541,141.79732,141.88336,3484435
2016-03-31,143.20268,146.36711,142.79158,144.78967,7092508
2016-04-01,143.89101,146.23328,143.64244,145.81262,4106073
2016-04-04,145.64053,146.76865,145.22945,145.38242,4112035
2016-04-05,144.77055,144.93307,143.068832,143.40344,3490502
2016-04-06,143.30785,143.54684,141.30975,143.42256,4387552
2016-04-07,142.51434,143.021027,141.49139,141.73041,3831498
2016-04-08,142.50478,143.39388,141.60612,142.78203,3445315
2016-04-11,143.65201,145.26768,142.65775,142.68642,4023021
2016-04-12,143.030594,143.50861,142.045883,143.049713,3761207
2016-04-13,144.12045,144.57935,143.049713,144.57935,3314146
2016-04-14,144.83748,146.042068,143.76672,144.51242,3322619
2016-04-15,144.39771,145.41109,144.32123,145.047806,3825850
2016-04-18,145.047806,146.40535,144.82791,145.82217,6884458
2016-04-19,140.028687,140.48758,136.33842,137.6673,13796949
2016-04-20,137.89674,140.72658,137.6673,139.68451,7064998
2016-04-21,140.13385,143.51816,140.019119,142.73422,6294514
2016-04-22,142.86807,144.35947,141.013382,141.96941,5430727
2016-04-25,141.64436,142.35182,140.64053,142.26578,2979949
2016-04-26,142.11281,143.20268,141.3958,142.5239,3116871
2016-04-27,142.78203,144.14914,142.41873,143.85277,3254315
2016-04-28,143.16443,143.57553,140.27725,140.60229,3965909
2016-04-29,140.047806,140.86043,137.84895,139.52199,4420187
2016-05-02,140.11472,140.53537,138.0784,138.88145,3663510
2016-05-03,138.28871,138.52773,136.61568,137.79158,3749178
2016-05-04,137.05545,138.62332,137.0076447,137.90631,2695647
2016-05-05,139.53156,140.82217,139.053543,140.028687,6800255
2016-05-06,138.48949,141.46271,138.11664,140.81262,5121007
2016-05-09,141.20459,141.6826,140.54494,140.86043,4500310
2016-05-10,141.72084,143.44168,141.24283,143.37476,4176364
2016-05-11,143.12619,144.44551,142.19885,142.39961,3235278
2016-05-12,142.64818,142.82027,140.64053,142.29445,3398663
2016-05-13,142.24666,143.26959,140.9369,141.22371,2508308
2016-05-16,141.15678,143.39388,140.95602,142.88719,3210279
2016-05-17,142.64818,142.92543,140.81262,141.49139,3651168
2016-05-18,141.48184,141.98853,139.92352,140.86043,2605691
2016-05-19,140.038239,140.46844,137.62906,138.55641,3855138
2016-05-20,139.30211,141.022949,139.14914,140.77438,3840389
2016-05-23,141.11855,141.44359,140.21033,140.31549,2200575
2016-05-24,140.42065,142.20842,140.42065,141.78777,3064048
2016-05-25,142.38049,145.40154,141.96941,145.019119,4555644
2016-05-26,144.88528,145.80305,144.40727,145.73615,3203793
2016-05-27,145.6501,146.20459,145.45889,146.11855,2570127
2016-05-31,145.85086,147.045883,145.57361,146.97897,6105084
2016-06-01,146.27151,146.52963,144.87572,145.80305,2785916
2016-06-02,145.87955,146.74953,145.43021,146.74953,2764160
2016-06-03,145.69789,146.30975,145.028687,146.16635,2435402
2016-06-06,146.35756,147.17973,145.64053,146.013382,2488120
2016-06-07,146.56787,147.16061,145.94646,146.58701,4670390
2016-06-08,146.7782,147.31358,146.30975,147.22754,3070010
2016-06-09,146.19502,146.99809,146.013382,146.67303,2114803
2016-06-10,146.07074,146.58701,145.18164,145.66922,3264148
2016-06-13,144.96176,145.7935,143.67113,144.62715,3776478
2016-06-14,144.62715,145.11472,143.78586,144.41682,2997627
2016-06-15,144.79924,145.11472,143.97705,144.053543,2364378
2016-06-16,143.58508,144.6367,142.44742,144.41682,2561759
2016-06-17,144.32123,146.00383,143.97705,145.30592,4878439
2016-06-20,145.8891,147.86807,145.81262,146.85469,3736417
2016-06-21,147.38049,147.77246,146.93117,147.27533,2887274
2016-06-22,146.98853,147.90631,145.57361,146.19502,2964050
2016-06-23,146.70172,148.64244,145.8891,148.51816,4151992
2016-06-24,143.37476,143.98662,139.75143,140.1434,9500609
2016-06-27,139.75143,140.15297,136.23328,137.1893,5248723
2016-06-28,138.41299,139.32123,137.87762,139.29254,4181594
2016-06-29,140.057358,141.95029,140.0095673,141.93117,3522614
2016-06-30,142.31358,145.22945,142.13193,145.10516,4149587
2016-07-01,145.10516,146.24283,144.74187,145.6501,2780582
2016-07-05,144.54111,145.31549,144.13002,145.0095673,2578599
2016-07-06,145.17209,145.70746,143.32697,145.66922,2687592
2016-07-07,146.032501,146.93117,145.21033,145.8891,2236766
2016-07-08,147.22754,147.80115,146.34799,147.6673,3180468
2016-07-11,147.80115,149.17783,147.70555,148.49904,2964050
2016-07-12,149.13957,150.21033,148.68069,150.13385,4020615
2016-07-13,150.81262,151.37668,150.15297,151.07074,2872734
2016-07-14,151.826,154.30211,151.60612,153.23135,4850930
2016-07-15,152.86807,152.94455,151.52963,152.75334,4682733
2016-07-18,152.29445,153.68069,151.74953,152.82983,7039266
2016-07-19,154.66539,155.0095673,150.94646,152.56213,7447520
2016-07-20,152.935,154.59846,152.58127,154.26385,4577610
2016-07-21,153.68069,154.73232,152.85851,153.39388,3680769
2016-07-22,153.70937,155.038239,153.42256,154.94264,2636025
2016-07-25,154.87572,155.71701,154.6367,155.49713,2933612
2016-07-26,155.49713,156.40535,154.27342,154.99043,3027752
2016-07-27,154.99043,155.42065,154.091782,154.7132,2262184
2016-07-28,154.28299,154.69408,153.64244,154.27342,2448058
2016-07-29,154.26385,154.56023,152.99236,153.55641,3710685
2016-08-01,153.58508,154.54111,152.8107,154.3499,2953486
2016-08-02,154.17783,154.3499,153.30785,153.51816,3222621
2016-08-03,153.087952,153.78586,152.77246,153.6042,2993338
2016-08-04,153.78586,154.58891,153.0784,154.44551,2603599
2016-08-05,154.87572,156.31931,154.46463,156.30975,3987770
2016-08-08,155.57361,156.089859,154.47418,154.91396,3179108
2016-08-09,155.086044,155.61186,154.54111,154.65584,2863425
2016-08-10,155.057358,155.5067,154.83748,154.95219,2580168
2016-08-11,155.11472,157.69598,155.047806,156.33842,9171956
2016-08-12,156.013382,156.27151,154.41682,154.82791,2660083
2016-08-15,155.25813,155.80305,154.66539,154.761,3107038
2016-08-16,154.024857,154.80879,153.62332,153.63289,2311869
2016-08-17,153.89101,154.072662,152.8107,153.38432,3374291
2016-08-18,153.81453,154.87572,153.38432,154.26385,3819992
2016-08-19,153.76672,153.83365,152.50478,153.0019073,2944699
2016-08-22,152.96367,153.50861,152.13193,152.96367,2133108
2016-08-23,153.27916,154.24474,153.18356,153.21223,2968653
2016-08-24,152.85851,153.13576,151.35756,152.05545,3813507
2016-08-25,152.0076447,152.5239,151.45316,151.65392,2693450
2016-08-26,151.89293,153.38432,150.90822,151.35756,2613849
2016-08-29,151.84512,153.16443,151.52963,152.69598,2589791
2016-08-30,152.73422,153.10707,151.826,152.39006,1896712
2016-08-31,152.63863,152.63863,151.30019,151.89293,2430486
2016-09-01,151.35756,152.60039,151.14723,152.5239,2466886
2016-09-02,152.84895,153.50861,152.15105,152.53346,2421908
2016-09-06,152.84895,153.78586,152.11281,153.29828,3131829
2016-09-07,153.14531,154.64627,152.96367,154.53156,2999196
2016-09-08,153.48949,154.12045,151.7782,152.0076447,4145507
2016-09-09,151.080307,151.43404,148.80498,148.84322,5424556
2016-09-12,148.43213,151.55832,148.030594,151.32887,4568405
2016-09-13,150.69789,150.98471,148.66158,148.95793,3803988
2016-09-14,148.85277,149.015289,146.64436,147.27533,4038188
2016-09-15,147.51434,149.45506,146.47227,148.81453,3813298
2016-09-16,148.2218,148.56596,146.72084,147.07457,6760926
2016-09-19,148.05928,149.32123,147.75334,148.05928,2562805
2016-09-20,149.015289,149.68451,147.65775,147.65775,2258419
2016-09-21,148.097519,148.83365,147.10326,148.69025,2587699
2016-09-22,149.28299,150.30592,148.84322,149.24474,2814891
2016-09-23,148.77629,149.17783,147.90631,148.16443,2826501
2016-09-26,147.6673,147.6673,146.71129,147.20842,2649832
2016-09-27,147.53346,149.87572,147.045883,149.87572,3124611
2016-09-28,150.086044,151.65392,149.35947,151.32887,3462260
2016-09-29,151.65392,157.74379,150.53537,151.15678,3530041
2016-09-30,151.91205,152.8107,151.10899,151.86424,3762357
2016-10-03,151.10899,151.40535,150.11472,150.67877,2330279
2016-10-04,150.73615,151.55832,148.9675,149.57935,3016769
2016-10-05,150.16252,150.8891,149.82791,150.17209,1761987
2016-10-06,149.94264,150.5067,149.034424,149.98088,2039805
2016-10-07,150.22945,150.76482,148.049713,148.8241,2794807
2016-10-10,149.81836,151.52008,149.77055,150.11472,2595440
2016-10-11,149.83748,150.047806,147.12238,147.98279,3034760
2016-10-12,148.15488,148.15488,146.34799,147.50478,3100344
2016-10-13,146.94072,147.43787,145.57361,146.95985,3043755
2016-10-14,147.67686,148.69025,147.31358,147.65775,4558677
2016-10-17,147.65775,149.034424,147.55258,147.96367,6161358
2016-10-18,143.42256,144.35947,141.29063,144.091782,13358048
2016-10-19,144.61758,145.7457,144.19695,144.60803,4846013
2016-10-20,144.62715,146.1759,144.37859,144.8566,4208163
2016-10-21,143.95793,144.50287,142.98279,143.049713,4617253
2016-10-24,143.78586,144.8566,143.78586,143.94838,2789368
2016-10-25,143.94838,144.51242,143.24092,144.24474,2769285
2016-10-26,144.082214,146.21414,143.65201,145.13385,2941038
2016-10-27,146.099426,147.2849,145.33461,146.60612,4423848
2016-10-28,147.27533,147.64818,145.48758,145.89867,3822607
2016-10-31,146.042068,147.54301,146.042068,146.93117,3716647
2016-11-01,146.74953,147.14149,145.066925,146.07074,3338727
2016-11-02,145.77438,146.60612,145.0,145.26768,3215822
2016-11-03,145.80305,146.97897,145.12428,145.66922,3011225
2016-11-04,145.69789,146.88336,145.19121,145.72658,2584038
2016-11-07,147.21797,149.24474,147.07457,148.87189,3979925
2016-11-08,147.76291,149.072662,146.32887,148.34608,4102307
2016-11-09,146.23328,148.71893,144.35947,148.0019073,5652270
2016-11-10,150.72658,154.072662,150.65965,153.174,8070727
2016-11-11,152.935,154.24474,152.32314,154.17783,4651144
2016-11-14,154.15871,154.74187,150.6501,151.2524,5435539
2016-11-15,151.45316,152.15105,150.62141,151.69215,3636942
2016-11-16,151.49139,152.53346,151.080307,152.2849,2356429
2016-11-17,152.21797,152.89674,151.86424,152.77246,2365215
2016-11-18,152.77246,153.65201,152.20842,153.33652,3118754
2016-11-21,153.62332,155.83174,153.3174,155.61186,4850407
2016-11-22,155.83174,155.83174,154.82791,155.51625,2898257
2016-11-23,154.81836,155.239,154.26385,154.8566,2356324
2016-11-25,154.7132,156.013382,154.7132,155.96558,1679144
2016-11-28,156.022949,157.41873,155.54494,157.2849,4654072
2016-11-29,156.78777,157.17973,155.86043,156.33842,3293017
2016-11-30,156.16635,156.59656,155.076477,155.086044,4600099
2016-12-01,154.82791,155.066925,151.33842,152.79158,4848942
2016-12-02,152.0076447,153.24092,151.44359,152.98279,2866981
2016-12-05,153.77629,154.063095,152.5717,152.8107,3605667
2016-12-06,153.087952,153.71893,151.94072,153.29828,2990514
2016-12-07,153.53729,157.91586,153.33652,157.54301,4639115
2016-12-08,157.61951,158.69981,156.99809,158.087952,3416654
2016-12-09,157.91586,159.38814,157.36137,159.19695,3291657
2016-12-12,159.38814,159.45506,157.8107,158.2218,3548346
2016-12-13,158.39388,162.4761,158.39388,160.8891,6205186
2016-12-14,160.96558,162.41873,160.086044,161.099426,4313913
2016-12-15,160.62141,162.38049,160.40154,160.63098,3544476
2016-12-16,161.5392,161.67303,158.75717,159.39771,7448148
2016-12-19,159.4933,159.9044,158.69981,159.3499,3091871
2016-12-20,160.12428,160.85086,159.13002,160.22945,2274632
2016-12-21,158.93881,160.55449,157.98279,159.97131,3740182
2016-12-22,160.0,160.83174,159.2543,159.7132,2931520
2016-12-23,159.65584,160.12428,159.13002,159.37859,1779455
2016-12-27,159.6367,160.59273,159.51242,159.78967,1461785
2016-12-28,159.93307,160.3633,158.69981,158.88145,1838345
2016-12-29,158.71893,159.64627,158.69981,159.27342,1740021
2016-12-30,159.12045,159.36902,158.2218,158.69025,3088629
2017-01-03,159.65584,160.48758,158.70937,159.83748,3069278
2017-01-04,160.39197,162.39961,160.0,161.81644,3536944
2017-01-05,161.80688,161.94072,159.9044,161.28107,2805686
2017-01-06,161.27151,162.44742,160.15297,162.07457,3080993
2017-01-09,162.017212,162.3327,160.24857,160.27725,3336635
2017-01-10,160.59273,160.69789,158.068832,158.24092,4308160
2017-01-11,158.7476,160.38242,158.3174,160.37285,3765077
2017-01-12,160.39197,160.62141,158.27916,160.56406,3062165
2017-01-13,160.58318,161.07074,159.54111,159.98088,3007668
2017-01-17,159.35947,160.78394,158.81453,160.5067,3468222
2017-01-18,160.086044,161.1759,159.35947,159.46463,4192159
2017-01-19,159.61758,160.086044,158.50861,159.47418,7283716
2017-01-20,160.43021,163.13576,158.69981,163.049713,13273740
2017-01-23,162.60039,163.71893,162.53346,163.50861,5730197
2017-01-24,163.8241,168.26004,163.63289,168.16443,7272210
2017-01-25,168.50861,171.36711,168.38432,170.44933,6194935
2017-01-26,170.22945,171.013382,169.70363,170.80305,3204839
2017-01-27,170.62141,171.31931,169.50287,169.50287,3642486
2017-01-30,169.19695,169.28299,166.90248,168.068832,4283161
2017-01-31,167.35182,167.85851,165.97514,166.84512,4329394
2017-02-01,167.30402,167.97324,165.2868,166.62524,2924302
2017-02-02,166.56787,167.27533,165.91779,166.90248,2741043
2017-02-03,167.30402,168.58508,167.19885,168.087952,3461528
2017-02-06,167.60039,168.24092,166.71129,168.12619,2772737
2017-02-07,168.26004,170.76482,168.16443,170.61186,4051681
2017-02-08,169.69408,169.69408,168.14531,168.42256,3047103
2017-02-09,168.42256,169.98088,168.174,169.41682,3232872
2017-02-10,169.56979,171.00383,168.98662,170.82217,3065512
2017-02-13,171.35756,171.98853,170.97514,171.47227,3235696
2017-02-14,170.71701,172.20842,170.5067,172.20842,2904219
2017-02-15,172.27533,173.91969,171.90248,173.69025,3048358
2017-02-16,173.47037,174.75143,172.91586,173.45125,3401069
2017-02-17,173.27916,173.58508,172.084137,172.72467,3715915
2017-02-21,172.65775,172.83939,171.24283,172.3327,4686394
2017-02-22,172.17017,173.3652,172.17017,173.18356,3159443
2017-02-23,173.99617,174.47418,172.96367,173.66158,2387495
2017-02-24,172.2849,173.50861,171.97897,173.37476,3451905
2017-02-27,173.2218,173.27916,171.3958,171.51051,3861100
2017-02-28,171.49139,172.68642,171.46271,171.91205,3423976
2017-03-01,172.54301,174.52199,172.11281,173.94838,3143858
2017-03-02,173.88145,173.88145,172.49522,172.59082,3052437
2017-03-03,172.59082,173.34608,171.85469,172.13193,1905812
2017-03-06,171.81644,173.030594,171.67303,172.53346,3351802
2017-03-07,172.76291,173.3174,172.27533,172.44742,3117603
2017-03-08,172.80115,172.99236,171.41492,171.55832,3721040
2017-03-09,171.27151,171.36711,168.14531,169.38814,5694529
2017-03-10,170.37285,171.59656,169.61758,170.0095673,3242914
2017-03-13,170.028687,170.22945,168.66158,168.69981,3642381
2017-03-14,168.43213,169.043976,167.50478,167.99236,3292285
2017-03-15,167.98279,168.52773,167.065002,168.0784,3991013
2017-03-16,170.61186,171.12811,169.043976,169.44551,4510143
2017-03-17,168.53729,169.015289,167.92543,167.92543,6193366
2017-03-20,167.92543,168.43213,167.43787,167.97324,2590001
2017-03-21,168.26959,168.47992,166.19502,166.23328,4108374
2017-03-22,166.38623,167.36137,165.20076,167.093689,3609223
2017-03-23,166.75908,167.94455,165.92734,167.13193,3912040
2017-03-24,167.41873,167.78203,165.76482,166.18547,3369898
2017-03-27,165.095596,166.50096,164.52199,166.12811,3408914
2017-03-28,166.29063,167.30402,165.39197,166.83557,3685999
2017-03-29,166.6348,166.81644,165.83174,166.29063,3227538
2017-03-30,166.21414,166.91205,166.05162,166.21414,3314042
2017-03-31,166.32887,167.25621,166.05162,166.48184,3047730
2017-04-03,166.1759,167.17973,165.75526,166.826,4483679
2017-04-04,165.8891,167.26578,165.64053,166.84512,3251909
2017-04-05,167.017212,168.57553,165.21033,165.27725,6525889
2017-04-06,165.84129,165.84129,164.67496,164.86615,3593428
2017-04-07,164.51242,165.32504,163.7476,164.56979,3753362
2017-04-10,164.94264,164.97131,163.47992,163.67113,3964235
2017-04-11,163.14531,163.69981,161.54875,163.0784,5116927
2017-04-12,163.51816,163.67113,162.54301,163.15488,3427637
2017-04-13,162.44742,163.8241,162.07457,162.07457,3352953
2017-04-17,162.2849,163.76672,162.16061,163.57553,3891329
2017-04-18,163.27916,164.13957,162.36137,162.5717,6637393
2017-04-19,154.64627,155.48758,152.58127,154.57935,20171378
2017-04-20,154.22562,155.25813,153.44168,155.16252,6785193
2017-04-21,154.92352,154.98088,153.32697,153.32697,5865759
2017-04-24,154.19695,154.46463,153.3652,153.68069,5565348
2017-04-25,154.66539,154.91396,153.32697,153.33652,5083978
2017-04-26,153.47037,154.015289,152.85851,153.021027,4526879
2017-04-27,153.24092,153.42256,152.60994,153.26959,4312240
2017-04-28,153.44168,153.52773,152.67686,153.24092,4345189
2017-05-01,153.011475,153.3652,151.72084,151.85469,5162324
2017-05-02,152.4283,152.4761,151.66348,152.10326,3355777
2017-05-03,151.75908,152.43787,151.54875,151.65392,4176992
2017-05-04,151.90248,152.14149,151.3958,152.05545,4477508
2017-05-05,146.76865,148.92926,146.27151,148.23135,13097280
2017-05-08,146.080307,146.72084,145.5067,146.30019,7836632
2017-05-09,145.8891,146.36711,144.89484,145.42065,7168238
2017-05-10,144.98088,145.66922,144.48375,144.59846,5229895
2017-05-11,144.40727,144.50287,143.20268,144.024857,5886783
2017-05-12,143.69025,144.60803,143.40344,143.75717,3886204
2017-05-15,143.99617,145.15297,143.83365,144.84703,4440793
2017-05-16,144.99043,147.21797,144.99043,146.9216,5767330
2017-05-17,146.55832,147.36137,144.2543,144.29254,5430309
2017-05-18,144.22562,144.67496,143.50861,144.14914,3424813
2017-05-19,144.36902,145.75526,144.2543,145.29637,5902578
2017-05-22,145.41109,146.11855,144.93307,145.92734,3453997
2017-05-23,145.86043,146.9216,145.239,145.34416,2682467
2017-05-24,145.51625,146.042068,144.57935,145.80305,3904090
2017-05-25,146.51051,146.96941,146.22371,146.46271,2701504
2017-05-26,146.12811,146.27151,145.37285,145.78394,2555692
2017-05-30,145.26768,145.95602,144.92352,145.057358,3834636
2017-05-31,145.34416,146.080307,144.98088,145.91779,3706396
2017-06-01,146.080307,146.14723,144.96176,145.95602,3052333
2017-06-02,146.33842,146.46271,145.12428,145.3633,3750642
2017-06-05,145.1434,146.20459,145.0095673,145.70746,4157955
2017-06-06,145.31549,146.16635,145.31549,145.66922,3971871
2017-06-07,146.31931,147.41873,144.16826,144.34035,5089522
2017-06-08,144.35947,146.099426,144.28299,145.41109,3879614
2017-06-09,145.31549,147.4761,145.20076,147.32314,4562129
2017-06-12,147.40918,150.2868,147.24666,148.35564,6769189
2017-06-13,148.6042,148.64244,147.37094,147.46654,3685581
2017-06-14,147.19885,148.12619,146.21414,147.045883,3189359
2017-06-15,146.54875,147.88719,146.54875,147.43787,4868398
2017-06-16,147.44742,148.58508,146.24283,148.54684,7052132
2017-06-19,148.67113,149.0057373,147.74379,148.030594,4842457
2017-06-20,147.68642,148.55641,147.46654,148.13576,4687858
2017-06-21,148.93881,148.93881,146.64436,147.026764,4141846
2017-06-22,147.75334,148.174,146.93117,147.60994,2485819
2017-06-23,147.55258,147.87762,147.036331,147.3327,3433181
2017-06-26,147.90631,148.90057,147.82983,148.40344,2252561
2017-06-27,148.18356,148.50861,147.70555,147.94455,2496279
2017-06-28,148.32697,148.70937,147.97324,148.48949,2323166
2017-06-29,148.51816,148.89101,146.86424,147.35182,3412261
2017-06-30,147.49522,147.70555,146.40535,147.065002,3735789
2017-07-03,146.826,149.16826,146.76865,148.73805,2952335
2017-07-05,148.91969,149.034424,146.87381,146.91205,3728362
2017-07-06,146.61568,147.065002,145.53537,145.65965,2884345
2017-07-07,145.90822,146.73996,145.44933,146.21414,2573265
2017-07-10,146.18547,147.12238,145.91779,146.67303,3353685
2017-07-11,146.52008,146.89293,145.3633,146.45316,3606085
2017-07-12,146.73041,147.45699,146.31931,146.94072,3240403
2017-07-13,146.94072,147.40918,146.45316,146.87381,2590001
2017-07-14,147.23709,147.82027,146.65392,147.45699,3406194
2017-07-17,146.83557,147.11281,145.54494,146.28107,4981680
2017-07-18,145.65965,147.50478,145.31549,147.22754,7914873
2017-07-19,143.42256,143.64244,140.25813,141.042068,14951106
2017-07-20,141.042068,142.2849,140.56406,141.16635,7543961
2017-07-21,141.099426,141.36711,140.066925,140.61186,6808937
2017-07-24,140.53537,140.57361,139.38814,139.56979,4055970
2017-07-25,140.12428,141.00383,139.60803,139.761,4402509
2017-07-26,139.83748,140.019119,138.11664,138.9675,4113290
2017-07-27,138.62332,139.0057373,137.32314,138.69025,6726617
2017-07-28,138.44168,138.66158,137.51434,137.94455,3195321
2017-07-31,138.030594,138.55641,137.82983,138.30785,4556062
2017-08-01,138.62332,139.26385,138.35564,138.91014,3367597
2017-08-02,138.73805,138.90057,137.87762,138.097519,3703781
2017-08-03,138.0784,138.94838,138.0784,138.56596,3175028
2017-08-04,138.62332,138.99617,138.049713,138.77629,2666672
2017-08-07,138.62332,138.70937,136.47227,137.16061,4830742
2017-08-08,135.75526,136.48184,135.75526,135.86043,3450440
2017-08-09,135.51625,135.78394,134.98088,135.53537,3060387
2017-08-10,135.41109,136.15678,135.019119,135.60229,4733568
2017-08-11,136.18547,136.31931,135.29637,135.60229,3142184
2017-08-14,135.75526,136.48184,135.69789,136.061188,2352036
2017-08-15,136.28107,137.036331,134.39771,135.82217,4896849
2017-08-16,135.55449,136.62524,135.38242,136.23328,3439039
2017-08-17,136.2524,136.60612,134.51242,134.51242,4625517
2017-08-18,134.67496,134.94264,133.44168,133.55641,4343724
2017-08-21,133.45125,134.24474,133.011475,134.15871,3337472
2017-08-22,134.45506,134.94264,134.2065,134.80879,2661442
2017-08-23,134.51242,136.75908,134.4933,135.8891,4234522
2017-08-24,136.23328,137.36137,135.99426,136.65392,3757441
2017-08-25,136.99809,137.84895,136.95029,137.41873,3005053
2017-08-28,137.77246,138.20268,136.12811,136.24283,5319956
2017-08-29,135.85086,137.12238,135.65965,136.84512,3147937
2017-08-30,136.95985,136.97897,136.14723,136.29063,2861856
2017-08-31,136.73041,137.34225,136.35756,136.73996,3824594
2017-09-01,136.69215,138.14531,136.69215,137.74379,3505878
2017-09-05,137.1893,138.011475,136.42447,136.74953,3239985
2017-09-06,137.55258,138.11664,137.1893,137.49522,3423872
2017-09-07,137.76291,138.27916,136.14723,136.61568,4380857
2017-09-08,136.85469,136.85469,135.41109,136.18547,3521045
2017-09-11,137.22754,138.7476,136.72084,138.48949,4825616
2017-09-12,138.72849,139.93307,138.15488,139.3499,5479053
2017-09-13,138.95793,139.8566,138.94838,139.56979,4289646
2017-09-14,139.44551,139.94264,139.1109,139.13957,3929717
2017-09-15,138.45125,138.78586,137.74379,138.45125,7737471
2017-09-18,138.44168,139.082214,137.92543,138.19312,3158397
2017-09-19,138.42256,138.6042,137.87762,138.040146,3623762
2017-09-20,138.55641,139.46463,138.068832,139.46463,5698085
2017-09-21,139.24474,139.47418,138.71893,138.87189,2673158
2017-09-22,139.18738,139.18738,138.23135,138.7476,2920746
2017-09-25,138.73805,139.60803,138.53729,139.45506,5452903
2017-09-26,139.92352,140.9369,139.52199,140.11472,4695076
2017-09-27,140.22945,140.43977,138.65201,139.2543,3663824
2017-09-28,139.2543,139.44551,137.86807,139.2543,2902441
2017-09-29,139.053543,139.28299,138.54684,138.69981,2776816
2017-10-02,138.95793,140.41109,138.8241,140.21033,3109967
2017-10-03,140.239,140.72658,139.9044,140.32504,2408624
2017-10-04,140.53537,140.55449,139.68451,140.038239,2347642
2017-10-05,140.22945,141.05162,140.038239,140.26768,2810079
2017-10-06,140.19121,140.39197,139.88528,140.038239,2743867
2017-10-09,140.057358,141.29063,139.91396,140.90822,2806000
2017-10-10,141.21414,142.39961,141.15678,141.96941,4218100
2017-10-11,141.87381,141.94072,140.80305,141.12811,3872501
2017-10-12,141.07074,141.38623,140.31549,140.56406,3414458
2017-10-13,140.99426,141.34799,140.47801,140.63098,2621904
2017-10-16,140.7457,141.1759,140.066925,140.37285,3192497
2017-10-17,140.18164,140.6501,139.75143,140.095596,6665530
2017-10-18,150.21033,154.13957,150.047806,152.51434,31892749
2017-10-19,152.77246,153.88145,152.093689,153.8241,10370253
2017-10-20,153.98662,155.33461,152.74379,154.94264,8230765
2017-10-23,154.92352,155.3633,152.5239,152.53346,6045252
2017-10-24,152.62906,152.67686,148.34608,149.024857,8571656
2017-10-25,149.14914,149.4933,146.32887,146.74953,7239471
2017-10-26,147.5239,148.29828,146.78777,146.84512,4498323
2017-10-27,147.74379,147.82983,146.18547,146.9216,5120379
2017-10-30,146.99809,147.79158,145.99426,147.5717,4404078
2017-10-31,147.54301,148.11664,146.20459,147.2849,4527402
2017-11-01,147.32314,148.087952,147.065002,147.25621,3389249
2017-11-02,147.39961,147.69598,146.18547,146.60612,3553890
2017-11-03,146.67303,146.72084,144.82791,144.91396,4635663
2017-11-06,145.095596,145.1434,143.67113,144.2065,4705326
2017-11-07,144.7132,144.84703,143.88145,144.69408,3871351
2017-11-08,144.93307,145.11472,143.67113,144.9044,4847582
2017-11-09,143.33652,145.12428,143.26959,143.69025,4996219
2017-11-10,144.024857,144.2543,142.58127,142.60039,4505436
2017-11-13,142.3327,142.44742,141.41492,141.87381,5342445
2017-11-14,141.44359,142.41873,141.00383,142.34225,3930868
2017-11-15,141.49139,142.17017,139.78012,140.63098,4992872
2017-11-16,141.23328,143.068832,141.013382,142.56213,5697039
2017-11-17,142.77246,143.54684,142.2849,142.41873,5142659
2017-11-20,144.015289,145.26768,143.30785,143.89101,5937619
2017-11-21,144.64627,145.7457,144.55067,145.26768,3928985
2017-11-22,145.31549,145.68834,144.67496,145.095596,3361426
2017-11-24,145.26768,145.5067,144.67496,145.16252,1247878
2017-11-27,145.37285,145.78394,144.95219,145.29637,3529204
2017-11-28,145.6501,146.20459,145.028687,145.76482,4156490
2017-11-29,146.089859,146.85469,145.47801,146.79732,5333240
2017-11-30,146.89293,147.61951,146.34799,147.19885,6799837
2017-12-01,147.60994,148.20268,146.18547,147.95412,5824023
2017-12-04,149.10133,149.9044,148.25047,149.57935,4878858
2017-12-05,149.56979,149.84703,147.87762,148.51816,5301128
2017-12-06,147.32314,149.3499,147.31358,147.32314,3567592
2017-12-07,146.83557,147.65775,146.52008,146.81644,3944571
2017-12-08,148.16443,148.21223,146.79732,148.0019073,3682234
2017-12-11,148.62332,149.034424,147.77246,148.57553,4291424
2017-12-12,150.38242,150.90822,148.33652,149.84703,6612603
2017-12-13,149.7132,149.83748,147.12238,147.14149,5922034
2017-12-14,147.80115,148.28871,146.94072,147.22754,4850720
2017-12-15,146.85469,147.036331,145.34416,145.7935,11798775
2017-12-18,146.83557,147.39961,146.47227,146.58701,5327069
2017-12-19,147.27533,147.39006,146.35756,146.49139,4305754
2017-12-20,146.89293,147.12238,146.061188,146.22371,3959842
2017-12-21,146.43404,146.71129,144.82791,144.83748,4344979
2017-12-22,145.1434,146.27151,144.83748,145.7935,3128168
2017-12-26,145.80305,147.093689,145.7935,146.10899,2593034
2017-12-27,146.22371,146.44359,145.89867,146.3958,2248168
2017-12-28,146.46271,147.34225,146.46271,147.26578,2811230
2017-12-29,147.39006,147.91586,146.67303,146.67303,3480147
2018-01-02,147.70555,148.0019073,146.78777,147.46654,4395815
2018-01-03,150.42065,152.78203,149.45506,151.52008,9875914
2018-01-04,152.62906,155.18164,152.36137,154.58891,7903785
2018-01-05,155.29637,155.73615,154.015289,155.34416,5434807
2018-01-08,155.5067,156.70172,154.58891,156.28107,5478425
2018-01-09,156.69215,157.29445,155.8891,156.62524,4541523
2018-01-10,155.7457,157.10326,155.35373,156.95985,4366109
2018-01-11,157.55258,157.68642,156.11855,156.97897,3969047
2018-01-12,156.80688,157.49522,155.86043,155.96558,5263367
2018-01-16,157.83939,158.021027,156.16635,156.64436,8152733
2018-01-17,160.62141,161.69215,159.9044,161.23328,12248660
2018-01-18,162.5239,163.6042,160.75526,161.6826,14915228
2018-01-19,157.22754,158.12619,154.2065,155.22945,22146435
2018-01-22,154.40727,156.76865,154.024857,155.44933,8870917
2018-01-23,155.65965,158.94838,155.3633,158.93881,7809645
2018-01-24,159.41682,161.30019,157.5717,158.097519,5904670
2018-01-25,158.61377,159.44551,157.92543,158.19312,3454415
2018-01-26,158.81453,160.047806,158.49904,159.98088,3962143
2018-01-29,160.086044,160.98471,158.70937,159.46463,3678782
2018-01-30,158.90057,159.43594,155.98471,156.42447,5127806
2018-01-31,156.54875,157.73422,155.60229,156.50096,4260149
2018-02-01,156.013382,156.91205,154.78012,155.25813,4638173
2018-02-02,154.58891,154.87572,151.88336,152.036331,5493487
2018-02-05,150.94646,151.52963,143.40344,145.82217,9148944
2018-02-06,143.68069,148.65201,142.55258,148.50861,10321614
2018-02-07,147.39006,148.50861,146.5392,147.084137,6432063
2018-02-08,145.77438,146.42447,141.013382,141.099426,7090939
2018-02-09,142.065002,143.91969,138.049713,142.935,8188402
2018-02-12,144.26385,145.69789,143.69025,144.74187,6151944
2018-02-13,144.26385,144.53156,143.05928,144.12045,5115986
2018-02-14,143.58508,148.18356,143.40344,147.95412,5731034
2018-02-15,148.66158,149.96176,146.94072,149.14914,5882286
2018-02-16,148.86234,150.85086,148.84322,149.31166,4479913
2018-02-20,148.93881,149.10133,147.10326,148.33652,4696122
2018-02-21,148.59465,149.89484,147.13193,147.1893,3900116
2018-02-22,147.70555,148.2218,146.07074,146.44359,4209732
2018-02-23,147.51434,148.99617,147.29445,148.68069,3405881
2018-02-26,148.95793,151.89293,148.67113,151.60612,3776374
2018-02-27,151.49139,152.75334,149.64627,149.66539,4432216
2018-02-28,150.57361,151.18547,148.94838,148.97705,3978461
2018-03-01,148.69025,150.066925,146.07074,147.045883,4225108
2018-03-02,146.07074,147.95412,145.20076,147.69598,3411111
2018-03-05,147.34225,150.56406,146.98853,150.047806,3839448
2018-03-06,150.3633,150.94646,148.33652,148.87189,3855242
2018-03-07,148.18356,151.84512,147.92543,151.35756,4819654
2018-03-08,152.0076447,152.55258,148.25047,149.34035,6752558
2018-03-09,150.54494,152.56213,150.38242,152.30402,5253221
2018-03-12,152.61951,153.93881,151.88336,153.21223,5296421
2018-03-13,153.049713,154.98088,151.826,152.31358,4378138
2018-03-14,153.12619,153.61377,150.80305,151.16635,3798863
2018-03-15,151.73041,154.15871,151.54875,152.59082,4048648
2018-03-16,153.021027,154.8566,152.61951,153.21223,9688784
2018-03-19,152.68642,152.85851,149.56979,150.43021,5734172
2018-03-20,150.59273,150.98471,148.4608,149.33078,4536188
2018-03-21,149.68451,151.24283,149.063095,149.79924,3642381
2018-03-22,148.18356,148.42256,145.31549,145.40154,4964630
2018-03-23,145.55449,145.86998,142.0076447,142.34225,4645181
2018-03-26,144.56023,146.90248,143.67113,146.62524,4292679
2018-03-27,147.17973,148.05928,144.51242,145.22945,4062350
2018-03-28,145.38242,147.093689,145.21033,145.81262,3833381
2018-03-29,146.33842,147.12238,144.43594,146.6826,3577320
2018-04-02,146.59656,146.6348,141.90248,143.47037,5387318
2018-04-03,144.16826,144.35947,141.7782,143.26004,4325942
2018-04-04,141.38623,147.67686,140.96558,147.34225,5026344
2018-04-05,147.64818,148.10707,146.59656,147.25621,3331928
2018-04-06,146.71129,147.17973,142.96367,143.94838,3841853
2018-04-09,145.12428,147.85851,145.066925,145.97514,4616207
2018-04-10,148.21223,149.7132,147.94455,148.55641,3981494
2018-04-11,147.58127,148.92926,147.11281,148.52773,3458599
2018-04-12,149.8566,151.98853,149.78012,151.11855,5898812
2018-04-13,151.69215,152.21797,149.053543,149.81836,4243727
2018-04-16,151.042068,152.14149,150.73615,150.94646,4379393
2018-04-17,151.83557,154.87572,151.5392,153.83365,10677045
2018-04-18,145.44933,145.91779,141.73996,142.24666,21319258
2018-04-19,142.62906,142.64818,140.17209,141.20459,8458061
2018-04-20,141.3958,141.46271,138.15488,138.52773,8645818
2018-04-23,138.65201,139.54111,137.98279,139.44551,5560118
2018-04-24,140.066925,140.82217,138.174,139.15871,5142659
2018-04-25,139.37859,139.96176,137.77246,139.52199,7663414
2018-04-26,140.15297,140.87955,139.77055,140.26768,4462027
2018-04-27,140.38242,140.77438,139.2543,140.038239,3352953
2018-04-30,140.40154,140.89867,138.58508,138.58508,4618613
2018-05-01,138.28871,138.64244,137.16061,138.62332,4637336
2018-05-02,138.10707,138.45125,135.82217,136.18547,5433865
2018-05-03,135.87955,135.97514,133.7476,135.7457,5249456
2018-05-04,134.89484,138.0019073,134.1109,137.58127,4604701
2018-05-07,137.6673,137.97324,136.36711,136.9216,3825222
2018-05-08,136.71129,137.19885,135.81262,136.71129,5616079
2018-05-09,135.65965,136.73041,135.066925,136.33842,4389016
2018-05-10,136.85469,137.98279,136.72084,137.89674,3898024
2018-05-11,137.77246,138.47992,137.26578,137.80115,3214567
2018-05-14,138.11664,138.73805,137.80115,137.95412,3364041
2018-05-15,137.1893,137.65775,136.6348,137.41873,4277512
2018-05-16,137.38049,138.65201,136.96941,138.26959,3314460
2018-05-17,138.14531,138.80498,137.44742,138.14531,3292494
2018-05-18,138.11664,138.56596,137.65775,137.74379,2805581
2018-05-21,138.57553,139.61758,138.3174,139.091782,3027856
2018-05-22,139.12045,139.77055,138.62332,138.70937,2389064
2018-05-23,138.0019073,138.33652,137.17017,138.30785,3618846
2018-05-24,138.040146,138.12619,136.66348,137.73422,3555040
2018-05-25,137.5717,138.21223,137.15105,137.32314,5140358
2018-05-29,136.26195,136.60612,134.043976,135.0095673,4746330
2018-05-30,135.65965,136.80688,135.58318,136.34799,5353951
2018-05-31,136.52963,136.52963,134.84703,135.095596,7144494
2018-06-01,136.16635,136.55832,135.39197,135.70746,4034945
2018-06-04,136.042068,136.87381,135.92734,136.74953,3174924
2018-06-05,136.75908,137.74379,136.74953,137.38049,2966456
2018-06-06,137.99236,138.35564,137.22754,138.34608,3368225
2018-06-07,138.62332,140.24857,138.55641,138.9675,4515059
2018-06-08,138.62332,139.99043,138.021027,139.7132,5450183
2018-06-11,140.17209,140.92734,139.7132,140.13385,3409960
2018-06-12,140.63098,141.032501,140.17209,140.41109,2761963
2018-06-13,140.33461,140.98471,139.77055,139.91396,3104737
2018-06-14,140.20076,140.51625,138.70937,138.81453,3479310
2018-06-15,138.52773,139.072662,137.38049,138.99617,9535336
2018-06-18,137.83939,138.16443,136.84512,138.12619,4483574
2018-06-19,136.826,137.87762,136.66348,137.5717,3647402
2018-06-20,137.87762,138.16443,136.14723,136.35756,3483075
2018-06-21,136.31931,136.84512,134.6367,135.038239,4066534
2018-06-22,135.41109,135.57361,134.58891,135.066925,5869420
2018-06-25,134.22562,134.22562,132.19885,132.68642,9348207
2018-06-26,133.23135,133.69981,132.24666,132.96367,4329917
2018-06-27,132.99236,133.63289,131.40535,131.43404,4290483
2018-06-28,132.026764,134.35947,131.88336,133.88145,4731790
2018-06-29,134.14914,135.1434,133.47037,133.55641,3880765
2018-07-02,132.19885,134.053543,132.12238,133.70937,3562048
2018-07-03,134.46463,134.74187,133.24092,133.43213,2053507
2018-07-05,134.30211,135.21033,133.77629,135.21033,3916956
2018-07-06,135.30592,136.65392,134.96176,136.21414,2980054
2018-07-09,136.31931,138.35564,136.20459,138.040146,4084316
2018-07-10,138.15488,139.18738,137.91586,138.34608,3950742
2018-07-11,137.6673,139.761,137.6673,138.56596,3688824
2018-07-12,139.43594,140.37285,139.33078,140.0095673,3262997
2018-07-13,140.0095673,140.51625,139.38814,139.48375,3203480
2018-07-16,139.26385,139.37859,137.86807,139.063095,3628365
2018-07-17,138.38432,138.62332,137.036331,137.17973,5331148
2018-07-18,137.19885,138.43213,136.46271,138.16443,7254324
2018-07-19,141.34799,143.91969,140.77438,142.67686,15329967
2018-07-20,142.045883,142.31358,139.82791,139.91396,6709672
2018-07-23,139.91396,140.24857,138.63289,139.29254,4077203
2018-07-24,140.24857,140.57361,139.50287,139.94264,4070614
2018-07-25,139.58891,140.20076,139.10133,140.17209,3797921
2018-07-26,140.94646,142.70555,140.18164,140.25813,4997788
2018-07-27,140.43021,140.66922,138.29828,138.76672,3921768
2018-07-30,138.43213,139.80879,138.32697,139.091782,3774177
2018-07-31,139.33078,139.38814,137.82027,138.55641,5726013
2018-08-01,138.39388,138.80498,137.036331,137.1893,3544266
2018-08-02,136.57744,137.05545,136.07074,136.67303,4018104
2018-08-03,136.94072,141.41492,136.71129,141.20459,8424066
2018-08-06,140.48758,140.72658,139.16826,139.60803,4093730
2018-08-07,140.20076,141.14723,139.91396,140.54494,3670205
2018-08-08,140.85086,140.94646,139.80879,140.43021,3745831
2018-08-09,139.13002,139.52199,138.3652,138.40344,3235801
2018-08-10,138.14531,138.69025,137.55258,138.12619,3141243
2018-08-13,137.8107,137.95412,136.26195,136.43404,2989991
2018-08-14,136.71129,137.49522,136.64436,137.05545,2991560
2018-08-15,136.28107,137.6673,135.75526,137.58127,4436609
2018-08-16,138.021027,139.27342,138.021027,138.94838,5492232
2018-08-17,138.42256,139.95219,138.32697,139.6367,2801816
2018-08-20,139.93307,140.68834,139.72275,140.066925,2614686
2018-08-21,140.53537,140.6501,139.47418,139.55067,3249817
2018-08-22,139.58891,139.73232,138.80498,138.85277,2498894
2018-08-23,138.66158,139.12045,138.38432,138.97705,2322538
2018-08-24,139.063095,139.66539,138.49904,139.61758,2904324
2018-08-27,140.47801,141.12811,140.076477,140.239,3652214
2018-08-28,140.48758,140.52582,139.761,140.1434,2568244
2018-08-29,140.41109,141.42447,140.15297,141.05162,3298875
2018-08-30,140.56406,140.82217,138.86234,139.51242,3494058
2018-08-31,139.31166,140.32504,139.13957,140.038239,3648971
2018-09-04,139.56023,139.761,138.44168,139.27342,3479205
2018-09-05,138.80498,140.29637,138.67113,140.21033,3270319
2018-09-06,140.42065,141.16635,139.13957,139.95219,4444245
2018-09-07,139.52199,140.057358,138.73805,139.053543,4908983
2018-09-10,140.15297,140.82217,139.15871,139.24474,3784742
2018-09-11,139.57935,140.52582,138.86234,140.047806,3529936
2018-09-12,139.93307,141.47227,139.60803,140.12428,4714008
2018-09-13,140.86998,142.44742,140.6501,142.39961,5592439
2018-09-14,142.30402,142.73422,141.28107,141.80688,3610897
2018-09-17,141.91205,142.51434,141.27151,141.43404,3715287
2018-09-18,141.26195,142.43787,140.98471,142.026764,3796352
2018-09-19,142.093689,143.3652,141.71129,142.50478,4441525
2018-09-20,143.0019073,144.72275,142.86807,144.50287,6226001
2018-09-21,144.81836,145.8891,144.1109,144.69408,20865085
2018-09-24,144.45506,144.55067,142.88719,143.43213,4461190
2018-09-25,143.3174,143.79541,141.83557,142.36137,4599785
2018-09-26,145.69789,146.60612,144.68451,144.94264,7742387
2018-09-27,145.32504,145.68834,144.51242,144.83748,3637570
2018-09-28,144.51242,144.96176,144.15871,144.56023,3457867
2018-10-01,145.038239,146.67303,145.038239,146.27151,3930240
2018-10-02,146.26195,147.07457,145.7935,146.98853,3169275
2018-10-03,147.22754,147.5717,146.080307,146.48184,3467804
2018-10-04,145.019119,146.080307,143.7476,144.65584,4432843
2018-10-05,144.26385,145.11472,141.36711,142.4761,4813901
2018-10-08,141.96941,142.51434,140.70746,141.86424,3388308
2018-10-09,141.56787,141.83557,140.46844,140.76482,3809950
2018-10-10,141.013382,141.19502,136.23328,136.41492,5802894
2018-10-11,136.34799,137.84895,132.67686,132.90631,9111183
2018-10-12,134.91396,135.31549,132.96367,134.65584,6865316
2018-10-15,134.2065,136.00383,133.97705,134.92352,5193913
2018-10-16,136.64436,139.053543,135.35373,138.73805,9095493
2018-10-17,129.91396,131.11855,127.55258,128.15488,20359344
2018-10-18,126.89292,127.53346,124.32122,124.80879,10472238
2018-10-19,124.9044,126.089867,122.3327,123.42256,8150014
2018-10-22,123.88145,124.70364,122.75335,124.3021,5982597
2018-10-23,123.34608,126.099426,122.76291,125.43977,6760926
2018-10-24,125.40153,125.89866,121.41492,121.61568,5972974
2018-10-25,121.65392,122.17017,119.63671,120.8891,10778298
2018-10-26,119.70364,120.24857,118.2696,119.3021,9170282
2018-10-29,114.091782,118.49905,113.097511,114.37859,21391118
2018-10-30,115.18164,116.15679,110.086044,110.32505,22445696
2018-10-31,111.36711,111.37667,109.072655,110.35373,22640670
2018-11-01,110.42065,111.85468,110.047798,111.69216,14253528
2018-11-02,112.34225,112.5717,109.50287,110.58318,11079964
2018-11-05,110.99426,115.45889,110.89866,114.78011,9565252
2018-11-06,115.39197,118.3652,115.019119,117.70554,10038880
2018-11-07,118.34608,119.56023,116.95029,119.34991,12952304
2018-11-08,117.26578,118.92925,117.23709,117.95411,10874634
2018-11-09,118.174,119.091782,116.59656,118.10708,7282043
2018-11-12,118.068832,118.13576,115.34417,115.58318,5626539
2018-11-13,115.86042,116.8738,114.62715,115.52581,4272282
2018-11-14,115.78394,116.56788,114.50287,114.91396,4981366
2018-11-15,114.39771,116.099426,114.2543,116.099426,5447463
2018-11-16,115.57362,116.49139,115.23901,116.22371,4263810
2018-11-19,116.28107,116.80688,114.50287,115.019119,4321235
2018-11-20,113.27916,114.23518,111.56788,112.045891,6520555
2018-11-21,112.43786,114.2543,112.22753,113.35564,5581247
2018-11-23,112.89675,113.13576,111.76864,112.036331,2442096
2018-11-26,113.16444,114.96176,112.86807,114.3021,5241611
2018-11-27,113.174,114.76099,113.16444,114.75143,5129375
2018-11-28,115.68834,117.67686,114.93307,117.59082,5339307
2018-11-29,117.05545,117.70554,116.061188,116.13766,5439305
2018-11-30,116.30975,119.2065,116.13766,118.80497,7585174
2018-12-03,120.1434,121.022942,118.89101,119.79923,6115334
2018-12-04,119.015297,119.42638,115.99426,116.25239,6276732
2018-12-06,114.45507,118.4608,114.053535,118.4608,7257148
2018-12-07,118.45124,118.59464,113.64245,114.091782,7342502
2018-12-10,114.47419,116.32887,113.30784,115.80306,6850777
2018-12-11,117.82983,118.3652,114.72276,115.57362,5275083
2018-12-12,117.12237,117.4761,115.67878,115.83174,3724283
2018-12-13,115.92735,116.43404,114.88528,115.42065,4177306
2018-12-14,114.24474,115.78394,114.18738,114.62715,4763693
2018-12-17,113.83365,114.51243,110.0095596,110.99426,7713727
2018-12-18,111.75908,113.030594,110.91779,111.52007,6579549
2018-12-19,111.99809,114.98088,110.86998,111.30975,7300871
2018-12-20,110.61185,111.32887,106.78777,108.049713,8843302
2018-12-21,107.55258,110.21033,105.58318,106.061188,10864279
2018-12-24,105.066925,106.11855,102.77247,102.83939,3997184
2018-12-26,103.25048,106.49139,101.28107,106.49139,6951507
2018-12-27,105.15296,108.77629,104.65583,108.77629,6323698
2018-12-28,109.19694,109.75143,107.55258,108.059273,5352905
2018-12-31,108.34608,109.32122,107.4761,108.67113,5212009
2019-01-02,107.084129,110.87954,106.77821,110.1434,4434935
2019-01-03,109.49331,109.82792,107.73422,107.94455,4546648
2019-01-04,109.8566,112.32314,109.40726,112.16061,4683779
2019-01-07,112.3327,113.60421,111.5392,112.95411,3923755
2019-01-08,114.39771,115.26768,113.74761,114.56023,4982726
2019-01-09,115.59274,116.061188,114.59847,115.38241,3800850
2019-01-10,114.79923,116.50095,114.67495,116.43404,4089860
2019-01-11,116.23327,116.27151,114.91396,116.11855,3893630
2019-01-14,115.21033,115.34417,114.49331,115.095604,5469220
2019-01-15,115.64053,116.56788,115.50669,116.37667,3668845
2019-01-16,116.23327,116.6348,115.51625,116.27151,4017791
2019-01-17,115.25813,117.026772,115.24857,116.81644,5261275
2019-01-18,117.84895,119.23518,117.31358,118.37476,6284891
2019-01-22,117.87763,118.35564,116.19503,117.13193,10514810
2019-01-23,125.59274,129.063095,124.57935,127.045891,23078630
2019-01-24,126.79733,127.35181,125.65009,126.70172,6613753
2019-01-25,127.026772,128.52773,126.60612,128.0784,5969940
2019-01-28,127.24665,128.88145,126.74952,128.3652,5604154
2019-01-29,128.38432,129.45506,127.72466,128.42256,5268807
2019-01-30,128.10707,129.091782,127.39006,128.47037,4707941
2019-01-31,128.53729,128.79541,127.85851,128.50861,5108664
2019-02-01,129.034424,129.2543,127.48566,128.20268,3981076
2019-02-04,128.12619,129.2543,127.14149,129.24474,4149064
2019-02-05,129.33078,129.84703,128.98662,129.58891,5647249
2019-02-06,129.27342,130.64053,129.22562,130.32504,5104166
2019-02-07,127.67686,128.55641,126.30975,127.3327,4580852
2019-02-08,126.52007,127.82983,126.37667,127.82983,3399291
2019-02-11,128.38432,129.2065,128.021027,128.097519,3237475
2019-02-12,129.2065,130.21033,128.92926,130.066925,3469791
2019-02-13,130.89867,131.85469,130.41109,131.47227,4448638
2019-02-14,131.13766,131.54875,130.21988,130.47801,2917712
2019-02-15,131.52963,132.11281,131.34799,131.95985,4020929
2019-02-19,131.74953,132.60039,131.31931,132.60039,3541442
2019-02-20,132.65775,133.11664,131.18547,131.93117,3976892
2019-02-21,131.75908,132.26578,131.30975,131.7782,3072416
2019-02-22,132.62906,133.25047,132.34225,133.12619,3256930
2019-02-25,133.84322,134.29254,133.19312,133.32697,3341133
2019-02-26,133.52773,134.31166,133.33652,133.57553,3201178
2019-02-27,133.12619,133.43213,132.31358,133.049713,2647321
2019-02-28,132.6673,132.94455,131.66348,132.05545,3616859
2019-03-01,133.18356,133.88145,132.54301,133.0784,3169380
2019-03-04,133.83365,133.91969,131.13766,132.34225,3563617
2019-03-05,132.2849,132.63863,131.51051,131.81644,4445814
2019-03-06,132.045883,132.30402,130.70746,130.95602,2895642
2019-03-07,130.60229,130.86998,128.70937,129.40727,4559305
2019-03-08,128.30785,129.29254,127.70554,129.14914,3947186
2019-03-11,130.047806,131.67303,129.86615,131.65392,4120508
2019-03-12,132.4283,133.55641,131.79732,132.19885,4136616
2019-03-13,131.97897,133.19312,131.78777,132.46654,3319167
2019-03-14,132.41873,132.82983,131.98853,132.68642,2864576
2019-03-15,133.24092,134.15871,133.10707,133.29828,7482770
2019-03-18,133.68069,134.19695,132.61951,134.043976,3418851
2019-03-19,134.761,135.46844,133.84322,134.31166,3642486
2019-03-20,134.3499,134.51242,132.86807,133.4608,3817377
2019-03-21,132.98279,135.86998,132.77246,135.21988,3771248
2019-03-22,134.77055,135.21988,132.79158,133.3174,4055551
2019-03-25,132.94455,133.75717,132.26578,133.05928,2970431
2019-03-26,133.77629,134.81836,133.28871,134.053543,2671170
2019-03-27,134.23518,134.31166,132.31358,133.11664,3240717
2019-03-28,133.75717,134.26385,132.98279,133.76672,2786439
2019-03-29,134.32123,135.0095673,133.98662,134.89484,3244064
2019-04-01,135.2868,137.10326,135.2868,136.99809,4167578
2019-04-02,137.045883,137.61951,136.32887,136.71129,2515421
2019-04-03,137.3327,137.87762,136.72084,137.31358,2804535
2019-04-04,137.30402,137.80115,136.27151,136.50096,2898571
2019-04-05,136.98853,137.1893,136.19502,136.97897,2857463
2019-04-08,136.73041,137.11281,136.58701,137.084137,2215637
2019-04-09,136.38623,136.66348,135.60229,135.86043,3178271
2019-04-10,135.94646,137.1893,135.73615,136.73041,2801188
2019-04-11,137.4761,137.77246,136.73996,137.45699,3077332
2019-04-12,137.91586,138.087952,137.38049,138.0019073,3032249
2019-04-15,138.049713,138.10707,136.96941,137.5717,3768947
2019-04-16,138.049713,138.99617,137.68642,138.75717,6591578
2019-04-17,131.32887,135.73615,130.26768,132.99236,13101882
2019-04-18,132.88719,134.31166,132.60039,134.15871,5188160
2019-04-22,133.28871,134.37859,132.39006,132.78203,4700724
2019-04-23,133.030594,134.72275,132.82983,134.26385,4667461
2019-04-24,134.41682,135.095596,133.63289,133.79541,2902545
2019-04-25,133.55641,133.6042,131.65392,132.53346,3043965
2019-04-26,133.21223,133.73805,132.70555,133.30785,2426511
2019-04-29,133.030594,133.48949,132.70555,132.935,3094382
2019-04-30,132.99236,134.26385,132.58127,134.10133,4852185
2019-05-01,134.36902,135.57361,134.0057373,134.37859,3194170
2019-05-02,134.32123,135.066925,133.27916,133.45125,3704304
2019-05-03,133.55641,134.79924,133.48949,134.082214,2698575
2019-05-06,132.21797,134.50287,131.83557,134.2065,2921792
2019-05-07,133.030594,133.37476,130.20076,131.58701,4944233
2019-05-08,131.71129,132.60039,131.099426,131.93117,3994569
2019-05-09,128.95793,129.61758,127.17973,129.38814,4385564
2019-05-10,128.94838,129.78012,126.59656,129.36902,4160570
2019-05-13,127.41874,127.69598,125.20077,125.64053,5186068
2019-05-14,126.022942,128.41299,125.8891,127.44742,3431298
2019-05-15,126.75908,128.67113,126.54876,128.48949,2668346
2019-05-16,128.81453,130.12428,128.71893,129.9044,3156096
2019-05-17,128.75717,129.45506,128.049713,128.41299,2739579
2019-05-20,127.65775,129.47418,127.084129,129.17783,3414667
2019-05-21,130.13385,131.032501,129.81836,130.44933,2618661
2019-05-22,130.019119,130.73615,129.74187,130.35373,1934891
2019-05-23,129.18738,129.18738,124.70364,126.56788,5589196
2019-05-24,127.65775,128.34608,125.80306,126.46272,2715521
2019-05-28,126.31931,126.80688,124.54111,124.72276,5134605
2019-05-29,124.28298,124.55067,122.67686,123.98662,3848234
2019-05-30,124.034416,124.2543,123.26004,123.87189,2868027
2019-05-31,122.79159,122.79159,121.27151,121.40536,3702108
2019-06-03,121.51051,122.90631,121.47227,122.62907,4463177
2019-06-04,123.86234,126.90249,123.413,126.85468,4093521
2019-06-05,127.51434,127.73422,124.73232,125.70746,3306720
2019-06-06,126.37667,126.81644,125.1434,126.40536,2403917
2019-06-07,126.64436,128.79541,126.39579,127.44742,2670856
2019-06-10,128.47037,129.39771,128.021027,128.81453,3045220
2019-06-11,129.36902,130.45889,129.1109,129.97131,3564036
2019-06-12,129.59846,129.96176,128.49904,128.93881,2358416
2019-06-13,129.18738,130.27725,129.14914,129.78967,3091244
2019-06-14,129.48375,129.9044,128.51816,129.2065,2294192
2019-06-17,129.43594,130.047806,128.77629,129.015289,2295029
2019-06-18,129.2543,131.15678,129.2543,130.38242,3048776
2019-06-19,130.43021,132.27533,130.24857,131.05162,2491990
2019-06-20,132.82027,133.40344,132.12238,132.74379,3212266
2019-06-21,132.35182,133.40344,132.30402,133.0784,5531980
2019-06-24,133.0784,133.98662,132.935,133.2218,2286556
2019-06-25,133.32697,133.41299,132.05545,132.27533,2930055
2019-06-26,132.76291,133.53729,132.32314,132.4283,2389692
2019-06-27,132.61951,133.174,131.88336,132.4283,2248691
2019-06-28,132.4761,133.021027,131.7782,131.83557,6436979
2019-07-01,133.4608,135.26768,133.15488,133.72849,3533074
2019-07-02,133.6042,134.2543,133.33652,134.053543,2520546
2019-07-03,134.53156,135.58318,134.2543,135.31549,2019198
2019-07-05,134.67496,135.26768,133.75717,135.16252,2232896
2019-07-08,134.84703,135.076477,134.10133,134.38814,2505484
2019-07-09,134.42639,134.78967,133.011475,133.20268,3519999
2019-07-10,133.84322,135.66922,133.64244,134.29254,2629539
2019-07-11,134.59846,135.35373,134.13002,135.028687,2231013
2019-07-12,135.67877,136.6348,135.43021,136.46271,2914365
2019-07-15,136.60612,137.19885,135.86998,137.017212,2477242
2019-07-16,136.87381,137.70555,136.73041,137.21797,3634536
2019-07-17,137.29445,137.4761,135.70746,136.7782,6343258
2019-07-18,136.23328,143.69981,135.94646,143.049713,13276460
2019-07-19,143.3652,144.91396,142.97324,143.097519,7626072
2019-07-22,143.55641,145.25813,143.11664,143.15488,4280860
2019-07-23,143.94838,144.091782,141.85469,143.76672,3914341
2019-07-24,143.51816,144.78967,142.63863,143.43213,3088210
2019-07-25,143.23135,143.99617,142.07457,143.77629,3244797
2019-07-26,144.35947,144.75143,143.49904,144.70363,3037898
2019-07-29,144.46463,144.81836,143.70937,144.24474,2170973
2019-07-30,143.40344,143.78586,142.65775,143.18356,2753804
2019-07-31,143.11664,143.57553,139.95219,141.72084,3894153
2019-08-01,142.35182,146.099426,141.96941,143.70937,6635824
2019-08-02,142.4761,146.22371,139.18738,140.77438,8474378
2019-08-05,138.6042,138.71893,133.030594,134.56979,7442185
2019-08-06,135.78394,136.20459,133.18356,134.54111,5303952
2019-08-07,132.63863,133.44168,130.41109,132.99236,6204767
2019-08-08,132.36137,134.24474,131.70172,133.93881,5503111
2019-08-09,133.14531,133.18356,129.39771,130.1434,5485852
2019-08-12,129.69408,129.89484,127.32314,127.79159,4271759
2019-08-13,127.91587,130.56406,126.96941,129.81836,4730117
2019-08-14,128.021027,128.26004,125.21989,125.47801,5349453
2019-08-15,125.44933,126.54876,124.52199,126.11855,3910889
2019-08-16,127.18929,128.67113,127.10325,127.87763,3150552
2019-08-19,128.94838,130.33461,128.94838,129.10133,3310695
2019-08-20,129.29254,129.33078,126.96941,127.15105,3157456
2019-08-21,129.024857,129.96176,127.91587,128.34608,2934762
2019-08-22,128.76672,129.7132,127.92543,128.41299,2818865
2019-08-23,127.75335,128.35564,123.16444,123.87189,5040046
2019-08-26,125.2868,125.52581,123.47993,124.27342,2964259
2019-08-27,125.43021,125.90822,124.57935,125.40153,4945488
2019-08-28,124.70364,127.045891,124.32122,126.92161,2838426
2019-08-29,128.27916,129.72275,128.14531,128.94838,3108503
2019-08-30,129.61758,130.086044,128.45125,129.56979,3096788
2019-09-03,128.91969,128.9675,127.46654,128.20268,2957983
2019-09-04,129.74187,130.43021,129.2065,130.32504,2351303
2019-09-05,132.21797,135.46844,131.97897,134.77055,5242134
2019-09-06,135.29637,135.30592,134.28299,134.38814,2695333
2019-09-09,134.40727,136.73041,134.28299,136.32887,4421024
2019-09-10,136.71129,139.063095,136.67303,138.67113,5208766
2019-09-11,138.47992,138.73805,136.43404,137.2849,4047706
2019-09-12,137.69598,137.70555,135.64053,137.30402,2620648
2019-09-13,137.97324,138.28871,136.95985,137.35182,2308104
2019-09-16,136.29063,137.32314,136.013382,136.21414,2017211
2019-09-17,136.21414,136.21414,134.47418,135.94646,3068127
2019-09-18,135.80305,136.042068,134.33078,135.96558,2074846
2019-09-19,136.19502,138.65201,136.18547,136.6826,3232035
2019-09-20,136.95029,137.50478,135.58318,135.64053,5432296
2019-09-23,134.98088,135.96558,134.37859,135.82217,1901523
2019-09-24,136.23328,136.60612,134.86615,135.44933,3380254
2019-09-25,135.5067,137.31358,134.66539,136.86424,2642928
2019-09-26,136.87381,137.55258,135.19121,137.23709,2416051
2019-09-27,138.05928,138.70937,136.11855,136.94072,2465213
2019-09-30,137.40918,140.12428,137.40918,139.024857,4171866
2019-10-01,139.18738,140.86998,137.22754,137.34225,3096997
2019-10-02,135.9369,136.013382,134.38814,135.45889,3494477
2019-10-03,135.39197,135.82217,133.05928,135.77438,3063525
2019-10-04,135.81262,136.76865,134.82791,136.70172,2524626
2019-10-07,136.00383,136.42447,135.0095673,135.066925,2538119
2019-10-08,134.072662,134.29254,132.17017,132.29445,3373768
2019-10-09,133.62332,134.15871,132.68642,133.52773,2741357
2019-10-10,133.62332,135.54494,133.42256,134.92352,2713010
2019-10-11,136.49139,138.14531,136.33842,136.48184,3134653
2019-10-14,136.05162,136.16635,135.10516,135.7935,2415737
2019-10-15,136.27151,137.39961,135.57361,136.71129,3164673
2019-10-16,136.22371,136.66348,135.17209,135.86043,5577900
2019-10-17,129.063095,130.019119,127.06501,128.35564,16484751
2019-10-18,128.3174,128.57553,126.43404,128.19312,7507665
2019-10-21,126.77821,127.24665,125.1434,126.74952,6596181
2019-10-22,126.72084,128.15488,125.82218,128.068832,4353034
2019-10-23,127.64819,128.65201,126.86424,128.47037,3777001
2019-10-24,128.90057,129.13002,127.43786,128.174,2718031
2019-10-25,128.2218,129.95219,128.20268,129.48375,2697739
2019-10-28,130.019119,130.62141,129.4933,129.99043,3374501
2019-10-29,129.46463,129.60803,127.5717,127.93499,4352092
2019-10-30,127.94455,129.33078,127.34225,129.30211,2356638
2019-10-31,129.16826,129.30211,127.37093,127.84895,3569057
2019-11-01,128.58508,129.59846,128.19312,129.56979,3231931
2019-11-04,130.24857,131.6826,130.239,131.61568,3488828
2019-11-05,131.73996,132.65775,131.57744,131.826,3153690
2019-11-06,131.93117,132.67686,131.50096,132.67686,4683256
2019-11-07,131.80688,133.021027,131.52963,131.6348,4261195
2019-11-08,131.52963,131.55832,130.17209,131.55832,2383206
2019-11-11,131.16635,131.16635,129.063095,129.51242,2686128
2019-11-12,129.89484,130.6501,129.082214,129.62715,3186639
2019-11-13,129.43594,129.61758,127.96367,128.56596,3052646
2019-11-14,128.23135,128.42256,127.46654,128.10707,4425940
2019-11-15,128.47992,129.17783,128.13576,128.48949,3412575
2019-11-18,128.39388,128.56596,127.37093,128.40344,3358078
2019-11-19,128.94838,129.42639,128.54684,128.6042,3132770
2019-11-20,128.16443,128.54684,126.91205,127.34225,4328557
2019-11-21,127.53346,128.26959,127.13193,127.95411,3499184
2019-11-22,128.28871,128.72849,127.7151,128.43213,3449185
2019-11-25,128.55641,130.019119,128.44168,129.99043,2709245
2019-11-26,130.16252,130.16252,128.84322,129.14914,3967687
2019-11-27,129.39771,129.74187,127.74379,127.88719,3431821
2019-11-29,127.72466,128.6042,127.17973,128.53729,1909264
2019-12-02,128.53729,128.58508,126.65392,127.06501,3208187
2019-12-03,126.19503,126.61568,124.94264,126.30975,3810055
2019-12-04,127.017204,127.80115,126.15679,126.18547,3692380
2019-12-05,127.14149,127.3805,125.8413,126.10899,3760788
2019-12-06,126.91205,128.0019073,126.86424,127.36137,3595625
2019-12-09,127.48566,128.67113,127.39962,128.030594,3105051
2019-12-10,128.030594,128.91014,127.68642,128.021027,3640498
2019-12-11,128.21223,128.59465,127.79159,127.87763,4135152
2019-12-12,127.82027,129.69408,127.78203,129.36902,5046009
2019-12-13,128.8241,129.54111,128.11664,128.30785,2651610
2019-12-16,129.0057373,129.4933,127.96367,128.23135,3189463
2019-12-17,128.37476,128.76672,127.59082,128.3174,3040931
2019-12-18,128.63289,129.063095,128.25047,128.49904,3244483
2019-12-19,128.54684,128.80498,128.28871,128.64244,4044359
2019-12-20,129.77055,130.42065,129.015289,129.62715,7438943
2019-12-23,129.80879,130.16252,129.063095,129.58891,2932147
2019-12-24,129.64627,129.65584,128.69025,129.043976,1257397
2019-12-26,129.043976,129.35947,128.72849,128.97705,2227666
2019-12-27,129.063095,129.78012,128.93881,129.32123,2878801
2019-12-30,129.2543,129.3499,126.67304,126.96941,4308369
2019-12-31,126.70172,128.2218,126.57744,128.14531,3951265
2020-01-02,129.063095,129.94264,128.84322,129.46463,3293436
2020-01-03,127.69598,128.92926,127.68642,128.43213,2482890
2020-01-06,127.55258,128.33652,127.34225,128.20268,2537073
2020-01-07,127.81071,129.024857,127.53346,128.28871,3232977
2020-01-08,128.59465,129.88528,128.030594,129.35947,4545916
2020-01-09,129.77055,130.77438,129.35947,130.72658,3902208
2020-01-10,130.97514,131.80688,130.31549,130.67877,3405148
2020-01-13,129.52199,130.63098,129.13002,130.59273,3693426
2020-01-14,130.2868,131.10899,129.58891,129.84703,3850326
2020-01-15,130.019119,131.98853,129.74187,130.61186,4232011
2020-01-16,131.28107,132.11281,130.98471,131.91205,4519661
2020-01-17,130.53537,132.24666,130.17209,132.22754,5881972
2020-01-21,131.74953,133.2218,131.54875,133.049713,7577329
2020-01-22,137.017212,139.37859,136.28107,137.56213,17228038
2020-01-23,137.85851,138.05928,135.89867,136.58701,5918059
2020-01-24,137.084137,137.59082,134.28299,134.37859,5836889
2020-01-27,132.40918,133.91014,132.026764,132.5239,4358264
2020-01-28,133.3652,134.29254,132.64818,133.41299,3610374
2020-01-29,133.049713,133.44168,131.54875,131.6348,3194275
2020-01-30,130.7457,130.94646,129.034424,130.75526,5290563
2020-01-31,136.61568,137.7151,134.59846,137.40918,19868352
2020-02-03,137.90631,140.80305,137.5717,139.83748,9295488
2020-02-04,141.28107,142.8107,140.42065,142.55258,5879566
2020-02-05,143.6042,150.51625,143.54684,149.45506,15048593
2020-02-06,149.92352,151.76865,148.58508,149.86615,8786923
2020-02-07,147.75334,148.69981,146.19502,146.66348,6718876
2020-02-10,146.24283,147.64818,144.91396,147.63863,5480831
2020-02-11,148.29828,148.39388,146.013382,146.73041,4011515
2020-02-12,146.98853,148.75717,146.76865,148.47992,4641939
2020-02-13,147.58127,148.021027,146.66348,147.5239,3996452
2020-02-14,147.62906,147.76291,143.18356,144.072662,6379763
2020-02-18,143.20268,144.72275,143.05928,144.45506,3496778
2020-02-19,144.87572,145.21033,143.69981,144.22562,2858613
2020-02-20,144.17783,144.95219,142.935,144.56979,3013003
2020-02-21,144.39771,144.39771,142.29445,143.25047,3699597
2020-02-24,139.1109,141.5392,138.98662,139.99043,5703210
2020-02-25,140.066925,140.60229,135.047806,135.47801,6497229
2020-02-26,136.61568,137.72467,133.4608,133.6042,5656663
2020-02-27,131.20459,132.59082,127.16061,127.25621,8808471
2020-02-28,124.26386,125.32505,120.80306,124.42638,13607832
2020-03-02,125.0,128.52773,122.32314,128.39388,8923844
2020-03-03,128.56596,130.11472,122.17973,123.23136,8259321
2020-03-04,125.7935,128.37476,123.32696,128.3174,5226234
2020-03-05,124.76099,126.47227,122.80115,123.85278,5696725
2020-03-06,121.12811,122.68642,119.043976,122.11281,8570192
2020-03-09,114.87572,117.026772,112.12237,112.62907,11252345
2020-03-10,117.3805,119.38815,110.66921,119.28298,11935592
2020-03-11,115.68834,117.18929,111.26195,112.78203,8835039
2020-03-12,104.82792,104.97132,97.78203,98.28872,13088284
2020-03-13,103.90057,104.35947,96.37667,103.20267,13077197
2020-03-16,93.69025,102.68642,90.82218,94.72276,11054128
2020-03-17,96.18547,102.67686,92.82983,101.95985,9684182
2020-03-18,95.038239,102.22753,95.028679,98.99618,9176035
2020-03-19,97.82983,99.13002,93.91969,95.92735,8782739
2020-03-20,96.48183,96.54876,90.54493,91.19503,11031639
2020-03-23,90.43977,93.44168,86.57744,90.60229,10176952
2020-03-24,95.59274,101.37667,94.89484,100.8413,8340699
2020-03-25,100.8413,107.53346,98.30784,101.19503,9052084
2020-03-26,102.20841,108.174,100.92735,107.92543,7482561
2020-03-27,103.80497,106.59656,102.91587,103.27916,6718458
2020-03-30,103.33652,108.47036,103.068832,107.96367,5820467
2020-03-31,107.07457,108.80497,105.32505,106.051628,6635092
2020-04-01,101.6826,105.086044,99.92352,100.51625,6394093
2020-04-02,100.73614,105.46845,100.51625,105.16252,6619820
2020-04-03,104.13002,105.22945,100.30592,101.66348,4747585
2020-04-06,105.49713,110.54493,105.2868,109.77055,7357773
2020-04-07,113.57552,114.31166,109.81836,109.88528,5852684
2020-04-08,111.19503,114.68451,110.0095596,114.043976,5395896
2020-04-09,115.18164,117.51434,114.88528,116.15679,5832705
2020-04-13,116.28107,116.4436,112.84895,115.82218,5355206
2020-04-14,118.030594,119.67495,117.22753,118.4608,5322780
2020-04-15,113.88145,114.9044,111.62524,113.47036,5896616
2020-04-16,113.77629,114.48375,109.38815,110.64053,6754650
2020-04-17,114.053535,115.095604,112.73422,114.83748,5194436
2020-04-20,113.91013,117.45698,112.94455,115.11472,8558058
2020-04-21,108.98662,111.99809,107.13193,111.62524,15009054
2020-04-22,114.59847,115.038239,112.3805,114.063095,7412479
2020-04-23,114.31166,117.6195,113.88145,116.013382,7198154
2020-04-24,117.026772,119.50287,115.44933,119.23518,5215251
2020-04-27,120.038239,121.40536,119.9522,120.38241,5150295
2020-04-28,122.39962,122.56214,119.86616,120.71702,4997893
2020-04-29,123.21223,123.62333,121.92161,123.030594,5499450
2020-04-30,120.95602,121.67304,119.7132,120.038239,6941047
2020-05-01,117.77247,118.040154,116.051628,116.51051,5152073
2020-05-04,115.50669,116.60612,114.13958,116.32887,4202723
2020-05-05,117.96367,118.85278,117.084129,117.18929,4078772
2020-05-06,117.82027,118.59464,117.026772,117.75335,4042372
2020-05-07,117.5717,117.83939,115.53537,115.89866,4615580
2020-05-08,117.27534,117.81071,115.73614,117.58126,5232615
2020-05-11,116.45316,118.021034,115.36329,117.19885,3697924
2020-05-12,117.60038,118.85278,114.97132,114.97132,5004587
2020-05-13,114.67495,114.7132,109.79923,110.64053,6153409
2020-05-14,109.53155,111.94073,106.89292,111.80688,5501332
2020-05-15,110.83174,112.22753,110.18164,111.83556,5006470
2020-05-18,114.60803,116.97897,114.48375,116.21415,4399162
2020-05-19,115.86042,116.79733,114.8566,115.0,3390191
2020-05-20,115.61185,117.084129,115.29636,116.042068,4017372
2020-05-21,115.66921,116.36711,113.73805,113.88145,4184941
2020-05-22,114.12046,114.21606,112.41874,113.18356,4373117
2020-05-26,115.96558,117.22753,115.68834,116.40536,5720888
2020-05-27,118.48949,120.29636,118.040154,120.019119,5990965
2020-05-28,121.29063,121.38623,118.75717,119.053535,4095404
2020-05-29,118.23136,119.62715,116.86424,119.40726,8294675
2020-06-01,119.1587,120.21989,118.57552,119.39771,3003798
2020-06-02,120.1434,120.45889,119.17782,120.45889,3115093
2020-06-03,121.55832,123.90057,121.41492,123.37476,4097914
2020-06-04,122.16061,123.27916,121.43404,123.22179,4042581
2020-06-05,128.0019073,128.32697,125.95602,126.25239,6163764
2020-06-08,126.45316,129.9044,126.45316,129.78012,5617543
2020-06-09,127.64819,127.72466,125.25813,126.070747,5641706
2020-06-10,126.33843,126.41492,124.091782,124.1587,4952601
2020-06-11,120.48757,120.5545,112.65775,112.82027,12304726
2020-06-12,115.91779,117.70554,114.034416,116.54876,6506434
2020-06-15,113.94837,116.98853,113.087952,116.30019,5385959
2020-06-16,119.50287,121.89292,117.74379,119.64627,5864608
2020-06-17,120.29636,120.6979,117.97323,118.69025,3302013
2020-06-18,117.59082,118.92925,116.95029,118.69981,2997208
2020-06-19,120.62141,121.24283,116.8738,117.084129,8471554
2020-06-22,116.74952,117.11281,115.22945,115.7457,4993081
2020-06-23,116.64436,117.49522,113.98662,114.1587,6937700
2020-06-24,113.11664,113.11664,110.78394,111.30019,7061546
2020-06-25,111.62524,113.9675,110.99426,113.79541,6412608
2020-06-26,113.059273,113.75717,111.14722,112.036331,11244605
2020-06-29,112.79159,114.51243,112.20841,114.48375,4350837
2020-06-30,113.94837,115.86998,113.76673,115.45889,4099797
2020-07-01,114.98088,115.89866,113.16444,113.32696,4869967
2020-07-02,114.42638,116.080307,114.015297,114.43594,3919362
2020-07-06,115.91779,116.49139,114.2065,114.9044,4231488
2020-07-07,113.76673,114.2543,112.17017,112.40918,4474893
2020-07-08,112.86807,113.42256,111.35755,112.53346,5431669
2020-07-09,112.81071,112.81071,110.13384,110.62141,4982098
2020-07-10,110.42065,113.35564,110.21989,113.14532,4482842
2020-07-13,114.51243,115.66921,113.44168,113.95793,4864632
2020-07-14,113.40344,115.57362,112.73422,115.29636,4742982
2020-07-15,117.017204,118.50861,116.77821,117.59082,4679176
2020-07-16,117.2849,119.0057373,116.78777,118.5564,4530121
2020-07-17,118.91969,120.10516,117.78203,119.60803,4167892
2020-07-20,120.52581,121.48183,119.63671,120.81262,10384374
2020-07-21,125.39197,126.35755,120.26768,120.51625,16063004
2020-07-22,120.36329,123.77629,120.26768,123.011475,8572388
2020-07-23,123.42256,123.68069,121.55832,121.7304,4414225
2020-07-24,120.91779,122.036331,119.98088,120.25813,3693531
2020-07-27,119.36903,120.76482,119.22562,120.65965,3905136
2020-07-28,120.2868,120.78394,118.69025,118.99618,4370397
2020-07-29,119.082214,120.44933,118.61377,119.80879,2963109
2020-07-30,118.2696,118.45124,116.29063,117.49522,4171553
2020-07-31,117.31358,117.58126,115.76482,117.53346,5519847
2020-08-03,118.068832,118.93881,116.77821,118.84321,3688301
2020-08-04,118.37476,120.32505,118.37476,120.30592,3625541
2020-08-05,121.15679,121.17591,119.13002,119.93307,3786102
2020-08-06,119.50287,120.70746,119.50287,120.57362,3574287
2020-08-07,118.068832,119.56979,117.79159,119.46463,3818946
2020-08-10,119.9044,121.64436,119.67495,121.52007,4150842
2020-08-11,123.097511,124.73232,121.042068,121.17591,5231255
2020-08-12,121.99809,122.17017,120.34417,121.12811,3692066
2020-08-13,120.42065,120.83174,119.28298,119.53155,3317180
2020-08-14,118.73805,120.038239,118.4608,119.76099,3099716
2020-08-17,119.74187,120.066925,118.93881,118.9675,3514665
2020-08-18,119.50287,119.98088,118.77629,119.42638,3014990
2020-08-19,119.34035,119.98088,118.068832,118.39388,3916119
2020-08-20,117.78203,118.58508,117.40918,117.73422,2679015
2020-08-21,117.60038,118.049713,116.93117,117.74379,3540815
2020-08-24,118.34608,120.51625,117.93499,120.15296,4258057
2020-08-25,120.45889,121.24283,119.015297,119.1587,3114674
2020-08-26,119.45507,119.61759,118.49905,118.70937,3544162
2020-08-27,119.12046,119.59847,118.52773,119.16826,3580144
2020-08-28,119.46463,119.78967,118.75717,119.56979,3242182
2020-08-31,119.74187,119.74187,117.6195,117.88719,5049983
2020-09-01,117.44742,118.49905,116.77821,117.97323,3300444
2020-09-02,118.27916,123.040154,118.14532,122.54302,6895650
2020-09-03,122.55258,124.23518,118.21223,118.97706,5979773
2020-09-04,118.88145,119.83748,115.90822,116.92161,6295037
2020-09-08,116.78777,117.46654,115.40153,115.87954,5449974
2020-09-09,116.75908,118.26004,115.95602,116.88336,3944152
2020-09-10,117.14149,118.14532,114.9522,115.25813,4161406
2020-09-11,116.051628,117.30402,115.42065,116.11855,3711313
2020-09-14,116.97897,117.95411,116.40536,116.72084,3809009
2020-09-15,117.41874,117.97323,116.86424,117.05545,3049299
2020-09-16,117.31358,120.2868,117.31358,118.75717,3962666
2020-09-17,117.22753,120.028679,116.60612,119.42638,3317180
2020-09-18,118.79541,119.42638,117.25621,117.36137,5639614
2020-09-21,115.18164,115.39197,113.3652,114.96176,5555724
2020-09-22,115.038239,116.10899,114.27342,115.21033,3093859
2020-09-23,115.48757,116.24283,113.22179,113.60421,4120612
2020-09-24,112.90631,114.26386,111.35755,112.89675,3709325
2020-09-25,112.4283,114.1587,111.79733,113.71893,3089570
2020-09-28,115.26768,116.95029,115.11472,116.37667,3670623
2020-09-29,116.070747,116.81644,114.92352,115.62141,2203504
2020-09-30,116.042068,117.50478,115.48757,116.31931,3411111
2020-10-01,116.97897,117.87763,115.066925,115.76482,3359438
2020-10-02,113.80497,116.39579,113.59464,115.26768,3059759
2020-10-05,116.48183,117.35181,115.72658,116.64436,3190823
2020-10-06,117.18929,119.34035,116.24283,116.60612,4050426
2020-10-07,117.27534,118.91969,116.94073,118.61377,2944908
2020-10-08,125.10516,129.54111,124.063095,125.70746,26452189
2020-10-09,126.19503,126.19503,121.98853,122.17017,8737970
2020-10-12,122.43786,122.60994,120.87954,121.61568,4848315
2020-10-13,121.0038223,121.55832,118.98662,119.59847,5654781
2020-10-14,119.62715,121.35755,119.62715,120.40153,3899593
2020-10-15,118.62333,119.7132,118.40344,119.39771,3541024
2020-10-16,119.66539,120.86998,119.17782,120.39197,4927078
2020-10-19,121.22371,121.74952,119.57935,120.0,7822720
2020-10-20,114.53155,114.86616,111.70172,112.20841,22490151
2020-10-21,111.52964,112.51434,109.74187,110.0,10204044
2020-10-22,109.94264,110.95602,108.011475,110.66921,8217167
2020-10-23,111.37667,111.49139,110.44933,110.89866,4072496
2020-10-26,109.41682,109.84704,106.92161,107.2849,7534756
2020-10-27,107.21797,107.2849,105.19121,105.6979,6209161
2020-10-28,103.88145,104.9044,101.26195,101.95985,9860956
2020-10-29,102.53346,104.81836,101.86424,104.12046,7071169
2020-10-30,103.15488,106.88336,103.011475,106.74952,8285889
2020-11-02,107.69598,108.82409,107.31358,107.94455,5555829
2020-11-03,108.98662,110.56406,108.63289,109.13958,4397698
2020-11-04,107.39006,108.90057,106.27151,106.97897,6066905
2020-11-05,108.3174,110.21989,108.040154,109.72276,5127701
2020-11-06,110.019119,110.038239,108.40344,109.024857,5490663
2020-11-09,112.69598,114.47419,110.20077,110.44933,9405841
2020-11-10,111.55832,112.97323,111.13766,112.72466,5881449
2020-11-11,112.92543,113.14532,111.10899,112.045891,4486922
2020-11-12,110.54493,111.25239,108.48949,109.46463,6797117
2020-11-13,110.12428,112.20841,109.9522,111.71128,4898000
2020-11-16,113.097511,113.33652,111.96941,113.15488,5536896
2020-11-17,112.4283,113.32696,111.92161,112.5239,4324687
2020-11-18,112.54302,113.65201,111.61568,111.6348,4818713
2020-11-19,111.41492,112.2849,110.7935,112.026772,3597822
2020-11-20,112.4283,112.84895,111.55832,111.79733,5255418
2020-11-23,112.26578,115.21989,112.11281,114.80879,5910318
2020-11-24,115.54493,119.24474,115.49713,118.94837,8109115
2020-11-25,117.5239,118.86234,116.73996,118.73805,4326151
2020-11-27,118.73805,119.79923,118.4608,118.88145,2187395
2020-11-30,118.64245,119.50287,117.67686,118.087952,6263448
2020-12-01,118.45124,120.29636,117.6673,117.74379,5553319
2020-12-02,117.44742,119.1587,117.026772,119.13958,3860472
2020-12-03,118.69981,119.36903,117.86807,118.174,4757417
2020-12-04,118.51817,121.77821,118.20267,121.60612,5776849
2020-12-07,120.92735,121.38623,119.091782,119.21606,8701151
2020-12-08,119.80879,120.77438,119.1587,120.18164,5643170
2020-12-09,120.26768,122.07457,120.17208,121.21415,6813121
2020-12-10,120.7935,121.34799,119.4455,119.46463,5024147
2020-12-11,118.62333,119.99044,118.174,118.80497,4687544
2020-12-14,119.80879,120.68834,118.040154,118.097511,5282300
2020-12-15,118.91969,120.39197,118.011475,120.39197,4556585
2020-12-16,120.39197,121.0038223,119.78011,120.028679,4738485
2020-12-17,120.53537,120.54493,119.41682,120.028679,3962248
2020-12-18,120.066925,120.8413,119.47419,120.31549,7900229
2020-12-21,118.51817,118.71893,116.36711,117.96367,6397022
2020-12-22,117.88719,118.75717,117.026772,118.174,4535561
2020-12-23,118.43212,119.70364,118.29828,118.45124,2817819
2020-12-24,119.50287,119.59847,118.74761,119.2065,1842111
2020-12-28,119.59847,121.032501,118.98662,119.33079,3781499
2020-12-29,119.83748,119.96176,117.82027,118.35564,3647402
2020-12-30,118.35564,119.35947,118.19312,118.87189,3535794
2020-12-31,118.75717,120.48757,118.53728,120.34417,3738822
2021-01-04,120.31549,120.38241,117.62907,118.48949,5417443
2021-01-05,119.51243,121.10899,119.13002,120.59274,6395872
2021-01-06,121.31931,126.080307,121.14722,123.60421,8322708
2021-01-07,124.32122,124.72276,122.6195,123.3174,4714740
2021-01-08,122.91587,123.63289,121.39579,122.87763,4891305
2021-01-11,122.32314,123.97706,122.045891,122.92543,5859587
2021-01-12,123.413,124.13958,122.31358,123.52773,3921663
2021-01-13,123.47036,124.043976,120.89866,121.33843,8030874
2021-01-14,122.39006,124.43594,121.94073,123.29828,7848347
2021-01-15,122.63863,123.5564,122.05545,122.74379,5131153
2021-01-19,123.59464,123.89101,122.45698,123.34608,5646308
2021-01-20,123.99618,125.29636,122.90631,124.35947,5856240
2021-01-21,124.39771,126.42448,124.33079,125.86042,13116003
2021-01-22,115.39197,115.39197,112.19885,113.39388,39814421
2021-01-25,113.53728,114.28298,112.2849,113.3652,14315974
2021-01-26,113.93881,117.19885,113.21223,117.10325,11186656
2021-01-27,116.71128,119.3021,116.27151,117.084129,12705239
2021-01-28,117.39962,117.78203,114.78967,114.79923,8455969
2021-01-29,114.93307,115.96558,113.67113,113.87189,12369473
2021-02-01,114.62715,115.63097,113.50861,115.23901,6538023
2021-02-02,114.1109,115.67878,114.034416,114.18738,6633627
2021-02-03,113.80497,114.53155,112.92543,113.88145,7024308
2021-02-04,114.63671,115.77438,113.64245,115.6979,4771957
2021-02-05,115.67878,116.45316,115.21989,116.43404,4775722
2021-02-08,117.22753,118.52773,117.017204,118.174,6158848
2021-02-09,116.5392,117.20841,115.72658,116.7304,4933982
2021-02-10,117.6195,117.9828,115.87954,116.86424,5090673
2021-02-11,116.6348,116.83556,115.32505,115.59274,5629154
2021-02-12,115.67878,116.022942,114.80879,115.48757,4049275
2021-02-16,114.86616,115.29636,114.1109,114.78967,6945231
2021-02-17,114.024857,115.25813,113.78585,114.69408,4141219
2021-02-18,115.20077,115.62141,114.43594,115.42065,5646413
2021-02-19,115.43977,115.44933,113.174,113.75717,6881320
2021-02-22,113.28872,115.80306,113.23136,115.54493,6149643
2021-02-23,115.60229,116.013382,114.53155,115.40153,4739740
2021-02-24,115.48757,118.059273,115.21989,117.79159,6087720
2021-02-25,117.94455,118.88145,116.95985,117.084129,5953623
2021-02-26,116.8738,116.8738,113.65201,113.69981,9467346
2021-03-01,115.057358,116.94073,114.58891,115.43021,5977367
2021-03-02,115.43021,116.5392,114.97132,115.038239,4732418
2021-03-03,115.20077,117.23709,114.70364,116.97897,7744898
2021-03-04,116.6348,117.80115,113.53728,114.82792,8439651
2021-03-05,115.33461,118.30784,114.96176,117.4283,7268968
2021-03-08,117.58126,121.27151,117.4761,119.32122,7572203
2021-03-09,119.88528,120.86998,118.69981,118.71893,5867014
2021-03-10,119.55067,122.60038,119.13002,122.24665,7581199
2021-03-11,122.45698,122.9828,121.20459,121.54876,5383657
2021-03-12,121.59656,122.06501,121.042068,121.99809,4194565
2021-03-15,122.15105,123.087952,121.93117,122.92543,3577948
2021-03-16,122.63863,122.86807,121.73996,122.60038,4867247
2021-03-17,122.81071,123.79541,121.88336,123.35564,4488804
2021-03-18,123.2696,125.23901,122.17017,124.34035,6104142
2021-03-19,124.3021,124.70364,122.87763,123.23136,10297870
2021-03-22,122.84895,124.97132,122.26578,124.80879,4356485
2021-03-23,124.70364,125.77438,124.091782,124.72276,4556794
2021-03-24,125.19121,126.30019,124.82792,124.87572,4189230
2021-03-25,124.59847,127.3805,124.063095,127.21797,5809484
2021-03-26,127.4283,130.47801,127.26578,130.38242,5823710
2021-03-29,130.0,131.042068,129.55067,129.88528,4835344
2021-03-30,129.88528,130.27725,128.12619,128.79541,5010758
2021-03-31,128.62332,128.78586,126.8738,127.39962,5172575
2021-04-01,127.87763,128.040146,126.45316,127.37093,4261404
2021-04-05,127.76291,130.67877,127.53346,129.95219,5722980
2021-04-06,129.61758,129.67496,128.19312,128.3174,3787566
2021-04-07,127.95411,129.0057373,127.89675,128.99617,3112896
2021-04-08,128.65201,129.66539,128.26004,129.17783,4275211
2021-04-09,128.93881,129.77055,128.78586,129.761,3162999
2021-04-12,129.082214,129.41682,127.96367,128.67113,3926684
2021-04-13,127.15105,127.74379,124.64627,125.41109,8403041
2021-04-14,125.53537,126.94073,124.78011,126.79733,6137928
2021-04-15,127.41874,127.9828,126.40536,126.74952,4062664
2021-04-16,127.15105,128.20268,127.10325,127.7151,5535223
2021-04-19,127.72466,127.93499,126.74952,127.26578,8575736
2021-04-20,131.042068,133.62332,130.68834,132.084137,16192708
2021-04-21,131.98853,137.40918,131.65392,137.23709,12456814
2021-04-22,137.38049,138.37476,134.79924,135.066925,7428064
2021-04-23,135.095596,137.29445,134.75143,136.16635,4765576
2021-04-26,136.15678,137.31358,135.25813,135.34416,4927497
2021-04-27,135.45889,136.29063,134.56023,135.76482,4062664
2021-04-28,136.6348,137.093689,135.85086,136.71129,3941433
2021-04-29,137.79158,142.19885,136.69215,137.89674,4554179
2021-04-30,137.38049,137.50478,134.36902,135.64053,9280321
2021-05-03,137.48566,139.34035,137.23709,138.38432,5997241
2021-05-04,138.05928,140.1434,137.98279,139.34035,6642623
2021-05-05,139.52199,139.52199,138.59465,138.83365,5229895
2021-05-06,138.87189,141.97897,138.79541,141.89293,7848661
2021-05-07,139.50287,139.7132,138.21223,139.063095,7325661
2021-05-10,139.38814,141.85469,139.38814,139.74187,7304636
2021-05-11,138.61377,138.80498,136.61568,137.87762,7454214
2021-05-12,137.51434,137.8107,134.93307,135.086044,6233742
2021-05-13,135.22945,138.52773,135.066925,137.82983,4807207
2021-05-14,138.72849,139.28299,137.62906,138.3174,2873780
2021-05-17,138.087952,139.38814,137.98279,138.72849,4471755
2021-05-18,138.41299,138.91014,136.93117,137.58127,4000009
2021-05-19,136.061188,136.90248,134.72275,136.89293,4498532
2021-05-20,136.826,138.53729,135.90822,137.55258,4301675
2021-05-21,137.935,139.29254,137.935,138.37476,4219041
2021-05-24,138.68069,138.99617,137.83939,138.35564,3449290
2021-05-25,138.54684,138.62332,136.90248,137.46654,4118311
2021-05-26,137.1893,137.65775,136.74953,137.07457,3225655
2021-05-27,137.49522,138.40344,137.31358,137.49522,5889294
2021-05-28,137.86807,137.98279,137.17973,137.41873,2651192
2021-06-01,138.62332,139.41682,137.4283,137.84895,2528705
2021-06-02,138.26004,139.34035,137.77246,139.31166,2915097
2021-06-03,138.53729,139.46463,137.70555,139.14914,4320608
2021-06-04,139.57935,141.061188,139.3499,140.9369,3261323
2021-06-07,141.061188,142.19885,140.69789,141.51051,3621984
2021-06-08,141.60612,143.59465,141.60612,142.51434,5313785
2021-06-09,142.4761,144.42639,142.27533,144.043976,5547252
2021-06-10,144.80879,146.11855,143.174,143.91969,4977391
2021-06-11,143.81453,145.17209,143.75717,144.62715,3596462
2021-06-14,144.082214,144.38814,142.12238,143.43213,3498661
2021-06-15,143.26004,143.3174,142.065002,142.79158,2628912
2021-06-16,143.174,143.174,140.7457,141.32887,4057329
2021-06-17,141.061188,141.54875,138.89101,139.19695,4568300
2021-06-18,138.12619,138.3174,136.74953,136.826,9577699
2021-06-21,137.77246,140.60229,137.72467,140.20076,4482633
2021-06-22,140.076477,140.35373,138.95793,139.92352,2549102
2021-06-23,139.99043,140.057358,138.21223,138.25047,3349920
2021-06-24,139.38814,139.761,138.32697,139.043976,3775746
2021-06-25,138.98662,140.46844,138.57553,140.38242,3759533
2021-06-28,140.54494,140.82217,138.53729,138.90057,4067789
2021-06-29,138.87189,140.2868,138.71893,139.14914,2540211
2021-06-30,138.7476,140.46844,138.34608,140.1434,3394375
2021-07-01,140.49713,141.013382,140.12428,140.38242,2809661
2021-07-02,140.44933,140.48758,133.32697,133.86234,17584515
2021-07-06,133.83365,134.24474,131.07074,132.67686,8466010
2021-07-07,132.65775,134.15871,132.65775,133.67113,4246446
2021-07-08,131.72084,135.095596,131.60612,134.55067,5739820
2021-07-09,135.22945,135.73615,134.64627,135.29637,4083689
2021-07-12,135.21033,135.71701,133.95793,134.72275,3496360
2021-07-13,134.72275,134.72275,133.48949,134.1109,3309858
2021-07-14,134.53156,134.56023,132.82027,133.67113,4606061
2021-07-15,133.19312,134.28299,132.69598,134.27342,3807126
2021-07-16,134.79924,134.79924,132.49522,132.79158,4298328
2021-07-19,130.44933,132.39961,130.21988,131.85469,8977086
2021-07-20,136.71129,138.54684,132.60039,133.81453,14237838
2021-07-21,133.81453,135.17209,133.50861,135.086044,5024984
2021-07-22,135.43021,135.57361,134.23518,134.52199,3466653
2021-07-23,134.761,135.46844,134.15871,135.12428,4680013
2021-07-26,135.17209,136.71129,134.92352,136.49139,4441630
2021-07-27,136.26195,137.32314,135.37285,136.47227,3281302
2021-07-28,136.72084,136.80688,135.41109,135.53537,2660815
2021-07-29,136.07074,136.67303,135.37285,135.68834,2793761
2021-07-30,135.29637,135.61186,134.59846,134.761,3698238
2021-08-02,135.22945,136.76865,134.82791,135.20076,3064257
2021-08-03,135.65965,138.33652,135.42065,137.73422,4272596
2021-08-04,137.4761,137.83939,136.20459,136.48184,2960285
2021-08-05,136.73996,137.10326,135.96558,136.49139,2884240
2021-08-06,136.71129,138.040146,136.60612,137.75334,4002833
2021-08-09,135.94646,136.23328,134.77055,135.038239,5129689
2021-08-10,135.0,135.57361,134.16826,135.16252,5543695
2021-08-11,135.54494,136.49139,135.27725,135.87955,4455960
2021-08-12,136.00383,136.85469,135.83174,136.7782,2184780
2021-08-13,136.36711,137.26578,136.1759,136.88336,1997965
2021-08-16,136.93117,137.41873,135.97514,137.27533,2913319
2021-08-17,136.71129,136.86424,134.88528,136.15678,3215195
2021-08-18,135.43977,135.67877,133.26004,133.33652,3672192
2021-08-19,132.59082,133.3174,131.1759,131.95029,4351465
2021-08-20,131.6826,133.25047,131.23328,132.99236,2780059
2021-08-23,133.47992,133.98662,132.69598,133.47992,3179422
2021-08-24,133.63289,134.063095,133.19312,133.69025,2474418
2021-08-25,133.76672,134.60803,133.32697,133.70937,2105389
2021-08-26,133.81453,134.60803,132.60994,132.67686,2613640
2021-08-27,132.60994,133.45125,132.31358,133.27916,2572637
2021-08-30,133.3652,133.72849,132.7151,132.85851,2087293
2021-08-31,133.40344,134.74187,132.83939,134.16826,4429915
2021-09-01,133.8241,133.91014,133.068832,133.174,2588327
2021-09-02,133.57553,133.89101,132.91586,133.85277,2840413
2021-09-03,133.53729,134.29254,133.174,133.44168,2009575
2021-09-07,133.50861,133.64244,131.70172,131.98853,3436110
2021-09-08,132.065002,132.97324,131.54875,132.5717,3122728
2021-09-09,131.78777,132.84895,131.51051,131.6826,3669682
2021-09-10,132.7151,133.24092,130.97514,130.99426,4157955
2021-09-13,132.31358,132.87762,131.46271,132.07457,4334729
2021-09-14,132.31358,132.4761,129.38814,130.22945,4659198
2021-09-15,130.22945,131.73996,129.70363,131.16635,3403579
2021-09-16,131.24283,131.88336,129.74187,130.43021,2765624
2021-09-17,129.78012,129.94264,129.1109,129.28299,5890340
2021-09-20,128.011475,129.23518,126.94073,128.40344,4990152
2021-09-21,129.16826,129.68451,127.093689,127.12237,4261927
2021-09-22,127.83939,129.41682,127.60038,128.70937,3767901
2021-09-23,129.30211,131.37668,129.091782,130.71701,3151807
2021-09-24,131.00383,132.39006,130.73615,131.44359,3100762
2021-09-27,131.89293,132.95412,131.43404,132.46654,3459017
2021-09-28,133.049713,133.54684,131.1759,131.42447,4513072
2021-09-29,131.67303,133.77629,130.43977,133.05928,3947499
2021-09-30,133.84322,134.38814,132.40918,132.82027,6090230
2021-10-01,134.79924,137.63863,134.19695,137.017212,6907889
2021-10-04,136.46271,139.57935,136.089859,137.77246,7689251
2021-10-05,138.38432,138.62332,136.36711,136.85469,7297524
2021-10-06,136.21414,137.065002,134.69408,136.099426,5573506
2021-10-07,136.45316,137.093689,135.30592,135.57361,3999695
2021-10-08,135.57361,137.3327,134.84703,136.9216,3902940
2021-10-11,137.1893,137.74379,136.13766,136.16635,2921792
2021-10-12,135.95602,136.042068,134.13002,134.29254,3293436
2021-10-13,134.34035,135.19121,133.51816,134.56979,3013003
2021-10-14,134.83748,137.59082,134.80879,137.084137,4410668
2021-10-15,137.084137,138.47992,136.51051,138.25047,3371049
2021-10-18,137.6673,138.56596,135.52582,136.061188,6437189
2021-10-19,134.87572,136.65392,134.34035,135.73615,4539117
2021-10-20,135.44933,135.94646,134.51242,135.65965,6474008
2021-10-21,127.63863,127.83939,122.46654,122.68642,32913959
2021-10-22,122.41874,124.52199,121.042068,122.25621,12114981
2021-10-25,121.92161,122.99236,121.35755,122.026772,6667204
2021-10-26,121.91205,122.65775,121.18547,121.5392,8912861
2021-10-27,121.83556,122.25621,119.51243,119.66539,7294176
2021-10-28,119.66539,120.75526,119.13958,120.30592,6802138
2021-10-29,119.91396,120.76482,119.41682,119.59847,6188973
2021-11-01,119.55067,120.75526,118.39388,120.72658,6177153
2021-11-02,120.7457,121.57744,119.41682,120.63097,4722062
2021-11-03,120.67878,121.69216,120.15296,121.5392,5670784
2021-11-04,123.050003,123.34,119.9,120.85,7208700
2021-11-05,121.43,123.77,121.43,123.61,6790500
2021-11-08,123.99,124.78,123.53,124.54,5625300
2021-11-09,122.56,122.9,120.26,120.85,7236600
2021-11-10,121.0,122.43,119.93,120.22,6270300
2021-11-11,120.9,121.79,120.080002,120.27,4643300
2021-11-12,120.0,120.64,118.78,118.96,5418300
2021-11-15,119.54,120.16,118.31,118.87,5046300
2021-11-16,118.92,119.9,118.42,118.46,4750800
2021-11-17,118.38,119.33,117.78,118.059998,4043300
2021-11-18,118.36,118.36,116.31,116.66,5046900
2021-11-19,116.49,116.56,115.27,116.050003,5380200
2021-11-22,116.0,118.81,115.19,116.47,6416200
2021-11-23,116.79,117.94,116.040001,116.79,4912800
2021-11-24,116.16,117.27,116.080002,116.73,3220800
2021-11-26,115.0,116.34,114.56,115.81,3322000
2021-11-29,118.62,119.61,117.53,118.5,8949800
2021-11-30,117.5,119.24,116.45,117.099998,9252700
2021-12-01,118.25,118.93,116.85,116.92,5958300
2021-12-02,117.37,117.98,116.56,116.9,5267100
2021-12-03,117.36,119.36,117.36,118.84,6630100
2021-12-06,119.4,121.15,119.4,119.91,4785600
2021-12-07,120.48,122.080002,120.07,121.58,5194000
2021-12-08,122.0,123.38,121.52,123.019997,5483900
2021-12-09,122.15,123.95,121.79,123.57,4601100
2021-12-10,124.3,125.33,123.36,124.089996,4966900
2021-12-13,123.76,124.36,120.79,122.58,6847500
2021-12-14,122.35,125.029999,122.3,123.76,5716100
2021-12-15,123.8,124.82,122.18,123.11,4990000
2021-12-16,123.51,126.64,123.48,125.93,7280500
2021-12-17,125.87,128.64,125.21,127.4,10379000
2021-12-20,125.72,127.2,124.7,127.059998,4941400
2021-12-21,127.66,129.34,127.66,128.97,4856000
2021-12-22,129.059998,129.78999,127.6,129.75,3923200
2021-12-23,130.0,130.96001,129.52,130.63,3649000
2021-12-27,130.63,131.64999,129.95,131.62,4293900
2021-12-28,131.60001,133.22,131.59,132.63,3445200
2021-12-29,132.39999,134.21001,132.3,133.35001,4239900
2021-12-30,133.75,134.37,133.33,133.91,3158100
2021-12-31,134.0,134.99001,133.61,133.66,3362100
2022-01-03,134.070007,136.28999,133.63,136.039993,4605900
2022-01-04,136.10001,139.95,135.89999,138.020004,7300000
2022-01-05,138.31,142.2,137.88,138.22,8956900
2022-01-06,138.2,138.41,132.50999,135.34,9908100
2022-01-07,134.89999,135.66,133.50999,134.83,5238100
2022-01-10,134.47,136.2,133.38,135.029999,5432800
2022-01-11,130.52,133.25,127.97,132.87,11105300
2022-01-12,133.25,134.47,131.37,133.59,5352000
2022-01-13,133.89999,136.050003,133.56,134.75999,4868300
2022-01-14,134.55,135.14,133.3,134.21001,5310300
2022-01-18,132.95,133.89,131.78,132.94,5246700
2022-01-19,132.89999,133.89999,131.5,131.58,4103700
2022-01-20,131.25999,132.88,130.57001,130.82001,5278200
2022-01-21,131.64999,131.87,129.27,129.35001,5907000
2022-01-24,127.99,129.14999,124.19,128.82001,13484000
2022-01-25,129.14,137.34,128.3,136.10001,19715700
2022-01-26,136.47,137.070007,133.13,134.25999,8336000
2022-01-27,133.66,134.75,132.080002,132.52,5497300
2022-01-28,133.19,134.53,131.78999,134.5,5471500
2022-01-31,134.089996,134.089996,132.3,133.57001,5859000
2022-02-01,133.75999,135.96001,132.5,135.53,6206400
2022-02-02,135.7,137.56,135.25999,137.25,5357200
2022-02-03,137.0,138.75999,135.83,137.78,6100800
2022-02-04,137.86,138.82001,136.22,137.14999,4142000
2022-02-07,137.45,137.82001,136.27,137.24001,3759000
2022-02-08,137.23,137.52,135.78,137.020004,4181800
2022-02-09,137.84,138.35001,136.83,137.78999,5393500
2022-02-10,135.47,136.56,133.17,133.52,5978600
2022-02-11,133.89999,134.71001,132.38,132.69,4176200
2022-02-14,132.59,132.64999,129.070007,130.14999,5345300
2022-02-15,130.64,131.67999,129.61,129.94,4394000
2022-02-16,129.45,130.44,128.25999,129.17999,4875600
2022-02-17,128.050003,128.5,124.85,124.97,6797000
2022-02-18,124.94,125.44,123.61,124.35,4609200
2022-02-22,124.2,125.0,122.68,123.92,5349700
2022-02-23,124.38,124.7,121.87,122.07,4086400
2022-02-24,120.0,122.099998,118.81,121.97,6563200
2022-02-25,122.050003,124.26,121.45,124.18,4460900
2022-02-28,122.21,123.39,121.040001,122.51,6757300
2022-03-01,122.67,123.39,120.7,121.35,4873300
2022-03-02,122.59,124.64,121.8,123.86,4891400
2022-03-03,124.96,126.67,124.24,125.93,5206600
2022-03-04,124.4,127.35,124.21,126.62,4402400
2022-03-07,126.47,127.91,125.62,126.07,5047400
2022-03-08,126.62,128.35001,124.82,125.68,4887600
2022-03-09,127.41,128.10001,125.91,126.22,4403500
2022-03-10,125.75,126.029999,123.13,124.35,5326800
2022-03-11,125.0,126.77,123.91,123.96,4119600
2022-03-14,124.45,125.16,122.69,123.94,3289200
2022-03-15,124.0,125.94,123.22,125.64,4021200
2022-03-16,126.5,127.28,124.71,127.040001,4292800
2022-03-17,127.099998,128.28999,126.53,127.96,3671900
2022-03-18,127.38,128.92999,126.37,128.75999,7466000
2022-03-21,129.0,129.74001,127.4,128.10001,3384600
2022-03-22,128.5,129.3,127.85,129.059998,2690200
2022-03-23,129.080002,129.32001,128.25,128.3,2924500
2022-03-24,128.33,129.37,127.8,129.25,2971100
2022-03-25,129.5,131.39999,129.31,131.35001,3530200
2022-03-28,130.82001,131.5,129.60001,131.47,2483500
2022-03-29,132.039993,132.84,130.42999,131.94,5791000
2022-03-30,132.0099945,133.080002,131.39,132.13,2622900
2022-03-31,130.72,131.88,130.0,130.020004,4274000
2022-04-01,129.66,130.27,128.059998,130.14999,4012400
2022-04-04,130.25999,130.45,128.92999,130.27,2809800
2022-04-05,129.85001,131.23,128.66,128.89,3107200
2022-04-06,127.78,129.50999,127.25,129.39,3958100
2022-04-07,128.87,129.25,126.73,128.55,3538300
2022-04-08,128.0099945,128.78,127.27,127.73,3143300
2022-04-11,127.95,128.17999,126.18,126.37,3202500
2022-04-12,126.42,127.34,125.58,125.98,2691000
2022-04-13,125.64,126.67,124.91,126.14,3064900
2022-04-14,128.92999,130.58,126.38,126.56,6384200
2022-04-18,126.6,127.39,125.53,126.17,4884200
2022-04-19,126.080002,129.39999,126.0,129.14999,7971400
2022-04-20,135.0,139.56,133.38,138.32001,17859200
2022-04-21,138.23,141.88,137.35001,139.85001,9922300
2022-04-22,139.7,140.44,137.35001,138.25,6508600
2022-04-25,137.59,139.64999,135.19,139.10001,5748300
2022-04-26,139.0,139.87,136.17,136.19,4956200
2022-04-27,135.78,137.12,134.63,135.059998,4369100
2022-04-28,136.85001,136.99001,134.81,135.74001,4474300
2022-04-29,135.13,135.55,132.0,132.21001,5078700
2022-05-02,133.0,133.77,130.89,133.039993,4213500
2022-05-03,133.0,133.60001,131.99001,132.52,3688600
2022-05-04,132.87,137.87,132.14,137.39999,5932600
2022-05-05,136.46001,137.25999,134.75999,135.92,5957400
2022-05-06,135.47,137.99001,135.47,137.67,7306400
2022-05-09,134.41,136.35001,133.32001,134.44,7647900
2022-05-10,135.0,135.41,128.42999,129.13,8642400
2022-05-11,129.86,132.96001,129.86,130.75,5301100
2022-05-12,131.27,133.62,130.41,132.89999,5384800
2022-05-13,133.0,133.8,131.050003,133.60001,4195100
2022-05-16,133.10001,136.50999,132.41,135.029999,4250400
2022-05-17,137.19,138.37,135.64,138.37,4372900
2022-05-18,137.10001,137.62,132.17,132.94,6003000
2022-05-19,132.0,132.32001,128.71001,129.66,5819700
2022-05-20,130.17999,130.37,125.8,128.48,6914500
2022-05-23,129.5,131.95,129.42,131.17,3591500
2022-05-24,130.57001,134.37,130.42,133.8,4189700
2022-05-25,132.86,134.82001,132.86,134.39,3299300
2022-05-26,135.0,137.55,134.52,136.89,3929300
2022-05-27,137.39,139.74001,137.24001,139.27,4608000
2022-05-31,138.2,139.83,136.81,138.84,7978100
2022-06-01,139.67,140.47,138.52,139.42999,3796500
2022-06-02,139.45,140.28999,136.85001,140.14999,3734800
2022-06-03,140.25999,142.58,139.74001,141.17999,4352200
2022-06-06,142.98,144.73,142.0,142.88,4766900
2022-06-07,142.60001,142.98,140.96001,142.78,2887100
2022-06-08,142.070007,142.8,140.14999,140.83,3005700
2022-06-09,140.14999,141.039993,137.92999,137.96001,3591000
2022-06-10,137.8,137.8,135.25,136.19,4659500
2022-06-13,133.97,137.57001,133.75999,135.11,6486000
2022-06-14,135.0,136.95,134.86,135.72,4607800
2022-06-15,136.0099945,138.45,135.58,137.059998,4606900
2022-06-16,135.3,136.24001,134.39,135.67,5386400
2022-06-17,135.99001,136.98,132.85001,135.020004,12968500
2022-06-21,135.89999,138.5,135.89999,137.85001,4089300
2022-06-22,136.10001,138.17999,136.029999,137.080002,3791500
2022-06-23,137.14,138.62,136.5,138.44,4547900
2022-06-24,139.2,142.37,139.13,142.059998,11493000
2022-06-27,142.25999,143.83,141.95,142.8,3936000
2022-06-28,142.92,144.16,141.32001,141.86,4064800
2022-06-29,142.74001,143.52,139.5,140.71001,4161500
2022-06-30,139.58,142.46001,139.28,141.19,4878000
2022-07-01,141.0,141.67,139.25999,141.12,4011900
2022-07-05,139.97,139.97,135.27,137.62,6273400
2022-07-06,138.0,139.14,137.13,138.080002,3237000
2022-07-07,138.91,141.32001,138.83,140.83,3897100
2022-07-08,140.75999,141.32001,139.82001,140.47,2820800
2022-07-11,140.62,141.87,140.13,141.0,3904700
2022-07-12,140.84,141.55,138.57001,139.17999,3235400
2022-07-13,137.17999,138.89999,136.8,137.17999,4123200
2022-07-14,135.60001,139.42999,135.020004,139.059998,5298400
2022-07-15,140.67999,140.67999,138.61,139.92,4519300
2022-07-18,140.14999,140.31,137.78,138.13,8231700
2022-07-19,131.58,132.56,127.72,130.88,29690500
2022-07-20,130.7,130.72,128.059998,129.17999,9882000
2022-07-21,128.75,128.81,125.13,127.15,11975400
2022-07-22,127.029999,128.32001,125.71,128.25,6467200
2022-07-25,128.44,129.13,127.9,128.53999,4702400
2022-07-26,128.25999,129.3,127.63,128.080002,3645300
2022-07-27,127.97,129.42999,127.58,129.12,4175600
2022-07-28,128.75,129.81,128.61,129.22,3913700
2022-07-29,129.52,131.0,129.31,130.78999,5786800
2022-08-01,130.75,132.7,130.7,132.039993,4142100
2022-08-02,132.2,132.78,130.50999,131.81,4403600
2022-08-03,131.82001,132.86,131.32001,132.34,3088500
2022-08-04,132.14999,132.28999,131.020004,131.64,3179800
2022-08-05,131.25,132.67,131.070007,132.48,2586500
2022-08-08,133.10001,133.35001,132.020004,132.61,3821200
2022-08-09,129.92,130.78999,129.12,129.47,3496000
2022-08-10,130.75,131.78,130.34,131.5,3664000
2022-08-11,132.36,133.23,132.0,132.53999,3501900
2022-08-12,132.62,134.089996,131.98,134.0099945,2766900
2022-08-15,132.96001,135.19,132.24001,134.92999,2791200
2022-08-16,134.60001,137.37,134.45,136.56,4313600
2022-08-17,136.46001,138.42,136.3,137.78999,3667600
2022-08-18,137.78999,139.12,137.75,139.070007,3177700
2022-08-19,138.75,139.34,137.66,138.37,3155800
2022-08-22,137.64999,137.85001,135.47,135.55,3093600
2022-08-23,135.37,136.10001,134.72,134.74001,4141800
2022-08-24,134.89,135.11,133.11,133.23,2855400
2022-08-25,133.64999,134.42999,133.070007,133.98,2706000
2022-08-26,134.10001,134.17999,130.34,130.38,4185300
2022-08-29,129.99001,131.42,129.57001,130.31,2783000
2022-08-30,130.56,130.77,129.28999,129.58,2407900
2022-08-31,129.92,130.0,128.39999,128.45,3490400
2022-09-01,128.39999,129.82001,127.74,129.66,3396200
2022-09-02,130.3,130.56,127.24,127.79,3040600
2022-09-06,127.8,128.059998,126.3,126.72,3347100
2022-09-07,126.69,127.87,126.28,127.71,2401500
2022-09-08,127.2,128.53999,126.59,128.47,2964600
2022-09-09,128.89999,129.49001,128.059998,129.19,3291900
2022-09-12,130.33,130.99001,129.89,130.66,3741100
2022-09-13,129.14,129.91,126.77,127.25,4565600
2022-09-14,127.5,129.0,126.85,127.69,3819100
2022-09-15,127.39,127.47,124.9,125.49,5141700
2022-09-16,124.36,127.53,123.83,127.27,9839700
2022-09-19,126.49,128.059998,126.28,127.73,3981600
2022-09-20,126.9,126.99,125.52,126.3,2837500
2022-09-21,126.89,127.84,124.92,124.93,3389500
2022-09-22,124.76,126.51,124.41,125.31,4046600
2022-09-23,124.53,125.0,121.74,122.71,5195600
2022-09-26,122.3,124.26,121.75,122.010002,3987800
2022-09-27,122.6,123.95,121.080002,121.74,4117200
2022-09-28,121.65,123.23,119.81,122.76,4996400
2022-09-29,121.85,122.62,120.57,121.63,3817700
2022-09-30,121.66,122.43,118.61,118.81,5346100
2022-10-03,120.16,122.21,119.6,121.51,4261700
2022-10-04,122.8,125.65,122.52,125.5,4566100
2022-10-05,124.71,126.46,124.23,125.74,3212900
2022-10-06,124.88,125.3,121.77,122.23,5074600
2022-10-07,121.5,121.8,118.07,118.82,4499700
2022-10-10,119.79,119.96,117.040001,117.75,5990000
2022-10-11,117.46,119.23,116.94,117.8,4043100
2022-10-12,118.0,118.81,117.2,117.57,3338800
2022-10-13,116.099998,122.15,115.55,121.79,5837500
2022-10-14,121.8,122.54,119.84,120.040001,3762400
2022-10-17,121.8,122.88,121.43,121.52,5458600
2022-10-18,123.0,123.94,121.82,122.94,5120300
2022-10-19,122.36,123.94,121.99,122.51,5906600
2022-10-20,126.25,128.96001,125.15,128.3,13623100
2022-10-21,128.39,130.85001,127.59,129.89999,7201300
2022-10-24,130.89999,133.11,129.85001,132.69,5610900
2022-10-25,132.0,133.3,131.3,132.92999,5957600
2022-10-26,133.72,135.86,132.81,135.0099945,5139000
2022-10-27,135.55,136.39999,134.45,134.77,3993200
2022-10-28,135.56,138.86,135.22,138.50999,5965500
2022-10-31,138.059998,138.77,136.60001,138.28999,4915300
2022-11-01,138.25,138.64999,136.7,138.2,3590600
2022-11-02,137.75,140.17,136.8,136.83,5360500
2022-11-03,136.42,136.48,133.97,134.47,4442400
2022-11-04,135.64999,137.73,134.94,136.96001,4178000
2022-11-07,136.64,138.7,136.50999,138.34,4043100
2022-11-08,139.0,140.92999,138.72,140.039993,5042800
2022-11-09,137.95,138.89999,136.94,137.39,4720000
2022-11-10,140.25999,141.37,138.28999,141.23,5389000
2022-11-11,141.5,144.13,140.96001,143.17,5871300
2022-11-14,142.63,146.080002,142.17999,144.2,5293500
2022-11-15,144.080002,146.16,142.0,144.34,4727100
2022-11-16,144.13,144.95,144.0099945,144.52,3445200
2022-11-17,143.41,146.17999,143.25,146.089996,3954000
2022-11-18,146.56,148.31,145.94,147.64,4661700
2022-11-21,147.55,147.92999,146.45,146.67999,3476200
2022-11-22,147.60001,149.35001,147.020004,149.10001,7062100
2022-11-23,149.10001,150.46001,148.3,148.75,3658200
2022-11-25,148.27,149.49001,148.10001,148.37,2075200
2022-11-28,147.98,148.24001,145.94,146.17999,3538100
2022-11-29,145.91,147.17,145.7,146.49001,2754700
2022-11-30,146.19,149.64,145.67,148.89999,6377600
2022-12-01,149.98,150.0099945,147.34,149.16,4495900
2022-12-02,148.13,149.16,147.73,148.67,2900000
2022-12-05,147.94,148.92999,146.8,147.41,2784600
2022-12-06,147.3,147.8,146.7,147.5,2847600
2022-12-07,147.33,148.10001,146.28999,147.27,3971300
2022-12-08,147.89999,149.14999,147.37,147.78,2665700
2022-12-09,147.39999,148.34,146.97,147.050003,3047600
2022-12-12,147.82001,149.21001,146.94,149.21001,4032800
2022-12-13,150.37,153.21001,149.95,150.57001,8811500
2022-12-14,150.47,151.91,148.45,149.86,4205900
2022-12-15,148.52,148.98,141.58,142.36,6687000
2022-12-16,141.25,141.92,138.97,140.16,9834400
2022-12-19,140.16,140.44,137.2,138.87,5282900
2022-12-20,138.84,141.42999,138.34,141.28,5156500
2022-12-21,141.84,143.089996,140.98,142.14,3793700
2022-12-22,140.95,141.44,138.62,140.88,3337100
2022-12-23,140.59,141.86,139.60001,141.64999,2092500
2022-12-27,141.73,142.72,141.23,142.42,2742400
2022-12-28,142.39999,142.81,139.95,140.020004,2539500
2022-12-29,140.58,142.25999,140.45,141.059998,2337200
2022-12-30,140.53999,140.89999,139.45,140.89,2858000
2023-01-03,141.10001,141.89999,140.48,141.55,3338600
2023-01-04,142.070007,143.62,141.37,142.60001,3869200
2023-01-05,142.44,142.5,140.0099945,141.11,2866600
2023-01-06,142.38,144.25,141.58,143.7,3574000
2023-01-09,144.080002,145.47,143.39999,143.55,3987700
2023-01-10,143.61,144.85001,142.89999,144.8,2152100
2023-01-11,145.0,145.53,143.45,145.25999,3268700
2023-01-12,144.88,146.66,144.52,145.55,2715900
2023-01-13,144.059998,146.10001,144.0099945,145.89,2455700
2023-01-17,146.42,147.17999,145.0099945,145.19,2986500
2023-01-18,144.39999,144.67999,140.23,140.41,6445600
2023-01-19,140.0,142.23,139.75,140.62,4833900
2023-01-20,141.67,141.86,140.50999,141.2,7153300
2023-01-23,141.39999,142.99001,141.059998,141.86,5898400
2023-01-24,141.25,142.75,140.0,141.49001,4407600
2023-01-25,140.47,141.029999,139.36,140.75999,7347500
2023-01-26,137.53,138.27,132.98,134.45,17548500
2023-01-27,134.44,135.49001,133.77,134.39,8143100
2023-01-30,134.32001,136.11,133.98,135.3,5375700
2023-01-31,135.5,135.64999,133.75999,134.73,7206400
2023-02-01,134.49001,135.78999,132.8,135.089996,5428900
2023-02-02,135.96001,136.72,134.85001,136.39,6107800
2023-02-03,136.35001,136.95,135.53,136.94,3755700
2023-02-06,135.83,136.32001,134.95,136.17999,4841300
2023-02-07,135.67,136.39999,134.45,135.84,3737600
2023-02-08,135.71001,136.74001,135.16,135.98,4593700
2023-02-09,134.99001,135.73,133.34,133.75,3918800
2023-02-10,133.78,135.77,133.5,135.60001,5049600
2023-02-13,136.0,137.39,135.85001,137.35001,4403000
2023-02-14,137.050003,137.24001,135.050003,136.0099945,3202200
2023-02-15,135.2,136.45,135.070007,136.39999,2506700
2023-02-16,135.57001,135.97,134.59,135.0,2965500
2023-02-17,134.5,135.58,133.89,135.020004,3466200
2023-02-21,134.0,134.39,131.66,131.71001,4257200
2023-02-22,131.89999,131.99001,130.28999,130.97,3200200
2023-02-23,131.5,131.7,128.86,130.78999,3725600
2023-02-24,129.62,130.67,129.22,130.57001,3015800
2023-02-27,131.42,131.87,130.13,130.49001,2761300
2023-02-28,130.55,130.61,129.14,129.3,5143100
2023-03-01,128.89999,129.47,127.74,128.19,3760700
2023-03-02,128.39,129.22,127.71,128.92999,3340100
2023-03-03,129.35001,129.91,128.77,129.64,2860300
2023-03-06,129.64,130.86,129.59,130.19,3131200
2023-03-07,130.28,130.42,128.19,128.25,3530400
2023-03-08,128.48,128.74001,127.55,128.050003,2778800
2023-03-09,128.3,128.53,125.98,126.16,5478300
2023-03-10,126.12,127.29,125.13,125.45,5990900
2023-03-13,125.15,128.19,124.85,125.58,8188400
2023-03-14,126.49,126.64,123.2,124.65,8114800
2023-03-15,122.99,123.35,121.71,123.28,5989300
2023-03-16,122.96,124.82,121.92,124.7,6438700
2023-03-17,124.080002,124.52,122.93,123.69,37400200
2023-03-20,124.31,126.16,124.19,125.94,4588300
2023-03-21,126.9,127.15,125.66,126.57,3856300
2023-03-22,127.0,127.22,124.010002,124.050003,3549000
2023-03-23,123.81,124.93,122.6,123.37,4651900
2023-03-24,123.36,125.4,122.88,125.29,3812300
2023-03-27,126.47,130.25999,126.47,129.31,6524100
2023-03-28,129.17999,129.66,128.8,129.34,2888900
2023-03-29,130.12,130.35001,129.17999,129.71001,3279600
2023-03-30,130.16,131.48,129.10001,129.22,3561800
2023-03-31,129.47,131.23,129.42,131.089996,4524700
2023-04-03,130.97,132.61,130.77,132.059998,3840100
2023-04-04,131.99001,132.14999,130.89,131.60001,3382800
2023-04-05,131.37,132.61,131.37,132.14,2898700
2023-04-06,132.16,132.60001,130.32001,130.5,3050600
2023-04-10,129.83,131.080002,129.24001,131.029999,2614400
2023-04-11,130.58,131.10001,130.17999,130.42,3132400
2023-04-12,130.39999,130.89,128.17,128.53999,3957500
2023-04-13,128.0099945,128.39,126.0,127.9,5621500
2023-04-14,128.46001,129.84,127.31,128.14,4180600
2023-04-17,128.3,128.72,126.8,127.82,3662700
2023-04-18,128.14,128.67999,127.35,127.78,3193800
2023-04-19,126.5,126.98,125.3,126.32,7014400
2023-04-20,130.14999,130.98,125.84,126.36,9749600
2023-04-21,126.0,126.7,125.27,125.73,6725400
2023-04-24,125.55,126.050003,124.56,125.4,4043900
2023-04-25,124.9,126.19,124.76,125.89,4275400
2023-04-26,125.81,126.55,125.12,125.85,4070200
2023-04-27,126.37,127.019997,125.46,126.97,3204900
2023-04-28,126.58,127.25,125.64,126.41,5060500
2023-05-01,126.35,126.75,126.059998,126.089996,2725000
2023-05-02,126.3,126.45,123.27,125.16,4445300
2023-05-03,125.46,125.57,123.26,123.45,4554200
2023-05-04,123.029999,123.52,121.76,122.57,4468200
2023-05-05,123.11,124.099998,122.81,123.65,4970800
2023-05-08,123.76,123.92,122.55,123.4,3663800
2023-05-09,121.9,121.97,120.66,121.17,4540000
2023-05-10,121.99,122.49,121.099998,122.019997,4189200
2023-05-11,122.019997,122.24,120.55,120.9,3446500
2023-05-12,121.41,122.86,121.11,122.84,4560500
2023-05-15,123.0,123.69,122.34,123.36,2915700
2023-05-16,123.35,123.86,122.45,123.46,2748400
2023-05-17,123.94,125.85,123.47,125.71,4515100
2023-05-18,125.3,126.51,125.19,126.15,3797900
2023-05-19,126.79,128.28999,126.55,127.26,4305800
2023-05-22,127.5,128.19,127.15,127.5,2806800
2023-05-23,127.24,129.089996,127.13,128.17999,4592300
2023-05-24,127.82,127.9,125.47,125.68,3915500
2023-05-25,125.61,127.23,125.010002,126.76,4102900
2023-05-26,127.059998,129.66,126.81,128.89,5612600
2023-05-30,129.56,130.070007,128.25999,129.48,3741100
2023-05-31,128.50999,129.44,127.46,128.59,11590200
2023-06-01,128.44,130.14999,127.78,129.82001,4136100
2023-06-02,130.38,133.12,130.14999,132.42,5373900
2023-06-05,133.12,133.58,132.27,132.64,3993500
2023-06-06,132.42999,132.94,131.88,132.69,3298000
2023-06-07,132.5,134.44,132.19,134.38,5772000
2023-06-08,134.69,135.98,134.0099945,134.41,4128500
2023-06-09,134.36,136.10001,134.17,135.3,3981500
2023-06-12,136.0,136.62,135.82001,136.42,4494500
2023-06-13,136.50999,138.17,136.0,137.60001,3927300
2023-06-14,137.8,138.92999,136.94,137.2,4514900
2023-06-15,137.27,138.8,137.17999,138.39999,3812600
2023-06-16,139.23,139.47,137.47,137.48,7473100
2023-06-20,136.36,137.23,135.89,135.96001,4271300
2023-06-21,135.11,135.39,133.28999,133.69,5501300
2023-06-22,131.67999,132.96001,130.67999,131.17,6012800
2023-06-23,130.39999,130.62,129.17999,129.42999,11324700
2023-06-26,129.39,131.41,129.31,131.34,4845600
2023-06-27,131.3,132.95,130.83,132.34,3219900
2023-06-28,132.059998,132.17,130.91,131.75999,2753800
2023-06-29,131.75,134.35001,131.69,134.059998,3639800
2023-06-30,134.69,135.029999,133.42999,133.81,4236400
2023-07-03,133.42,134.35001,132.87,133.67,1477100
2023-07-05,133.32001,134.31,132.59,134.24001,2955100
2023-07-06,133.24001,133.89999,131.55,132.16,3507700
2023-07-07,131.78,133.85001,131.75,132.080002,2982400
2023-07-10,131.75999,133.050003,131.7,132.89999,2369200
2023-07-11,133.66,134.56,133.23,134.44,2925200
2023-07-12,135.070007,135.33,132.57001,132.84,3732200
2023-07-13,133.50999,135.070007,133.36,133.92,3221400
2023-07-14,133.91,133.92,132.94,133.39999,2860700
2023-07-17,133.25999,134.61,133.10001,134.24001,3167400
2023-07-18,134.71001,135.95,134.28999,135.36,3852100
2023-07-19,135.53,136.45,135.19,135.48,5520000
2023-07-20,137.19,140.32001,136.56,138.38,10896300
2023-07-21,138.21001,139.78,137.75999,138.94,5858600
2023-07-24,139.35001,140.12,138.78,139.53999,3475200
2023-07-25,139.42,140.42999,139.039993,140.33,3770800
2023-07-26,140.44,141.25,139.88,141.070007,4046400
2023-07-27,142.3,143.38,141.89999,142.97,6331600
2023-07-28,143.44,143.95,142.85001,143.45,6686400
2023-07-31,143.81,144.60001,143.53,144.17999,6138100
2023-08-01,144.25,144.48,142.17,143.33,4797700
2023-08-02,142.78,144.3,142.31,144.17,4957400
2023-08-03,143.78,145.22,143.31,144.45,3951900
2023-08-04,145.089996,146.089996,143.99001,144.24001,4223100
2023-08-07,145.0,146.5,144.92999,146.17999,3438700
2023-08-08,145.7,146.14999,144.11,145.91,4654600
2023-08-09,144.94,144.94,142.3,142.49001,4072900
2023-08-10,143.039993,144.58,142.69,143.25,4735800
2023-08-11,143.12,143.45,142.21001,143.12,2526000
2023-08-14,143.050003,143.37,141.8,141.91,4226400
2023-08-15,141.5,142.31,141.2,141.87,3656600
2023-08-16,141.7,142.089996,140.56,140.64,3285300
2023-08-17,141.0099945,142.66,140.60001,140.66,3742100
2023-08-18,140.0,141.83,139.75999,141.41,3914700
2023-08-21,141.42,142.39,141.11,142.28,2937800
2023-08-22,142.66,143.23,141.3,141.49001,3557500
2023-08-23,141.72,143.48,141.58,143.41,2559100
2023-08-24,143.50999,144.47,143.22,143.55,2900200
2023-08-25,144.17999,145.47,143.5,145.35001,3660100
2023-08-28,145.41,146.74001,145.21001,146.020004,3561100
2023-08-29,146.3,146.73,145.62,146.45,2778100
2023-08-30,146.42,146.92,145.75,146.86,2245400
2023-08-31,146.94,147.73,146.53999,146.83,3885900
2023-09-01,147.25999,148.10001,146.92,147.94,2727500
2023-09-05,147.91,149.0,147.57001,148.13,3731300
2023-09-06,147.66,148.33,147.12,148.059998,2932200
2023-09-07,148.13,148.78,147.39999,147.52,3332900
2023-09-08,147.35001,148.59,147.25999,147.67999,3722800
2023-09-11,148.57001,148.78,147.58,148.38,3273600
2023-09-12,147.92,148.0,145.8,146.3,4457700
2023-09-13,145.95,146.98,145.92,146.55,2627800
2023-09-14,147.38,147.73,146.48,147.35001,2723100
2023-09-15,147.11,147.85001,145.53,145.99001,6231400
2023-09-18,145.77,146.48,145.059998,145.089996,2508100
2023-09-19,145.0,146.72,144.66,146.52,3945400
2023-09-20,148.36,151.92999,148.13,149.83,9632400
2023-09-21,149.0,149.25,147.31,147.38,4944600
2023-09-22,147.41,148.10001,146.82001,146.91,2562000
2023-09-25,146.57001,147.42999,146.25,146.48,2694200
2023-09-26,145.50999,146.17,143.020004,143.24001,4824700
2023-09-27,143.67,143.82001,141.75999,143.17,4439800
2023-09-28,142.14,142.28,140.21001,141.58,5783200
2023-09-29,142.0,142.13,139.61,140.3,5703600
2023-10-02,140.039993,141.45,139.86,140.8,3275300
2023-10-03,140.87,141.64,140.0,140.39,3284400
2023-10-04,140.37,141.2,139.99001,141.070007,2637600
2023-10-05,140.89999,141.7,140.19,141.52,3223900
2023-10-06,141.39999,142.94,140.11,142.029999,3511100
2023-10-09,142.3,142.39999,140.67999,142.2,2354400
2023-10-10,142.60001,143.42,141.72,142.11,3015800
2023-10-11,142.50999,143.34,142.14,143.23,2511500
2023-10-12,142.50999,142.92999,140.95,141.24001,3921100
2023-10-13,139.77,140.12,138.27,138.46001,4582800
2023-10-16,139.28,139.78,138.52,139.21001,3361500
2023-10-17,137.12,140.62,136.31,140.32001,4172800
2023-10-18,140.0,140.42999,139.58,139.97,3330000
2023-10-19,138.64,139.41,137.92999,138.0099945,5314200
2023-10-20,138.14999,139.27,137.12,137.16,4865300
2023-10-23,136.63,137.67999,135.87,136.38,3457500
2023-10-24,136.74001,137.98,136.050003,137.78999,3698000
2023-10-25,137.5,138.49001,136.33,137.080002,6472500
2023-10-26,142.2,144.41,141.58,143.75999,11130200
2023-10-27,143.62,144.7,141.71001,142.52,5469200
2023-10-30,143.19,144.5,142.58,142.63,4204100
2023-10-31,143.0,144.75999,142.59,144.64,6591800
2023-11-01,145.0,146.50999,144.45,145.39999,4750100
2023-11-02,145.77,147.10001,144.84,147.0099945,3902700
2023-11-03,147.45,148.45,147.28,147.89999,3510100
2023-11-06,147.89,149.23,147.85001,148.97,4597200
2023-11-07,149.029999,149.28,148.029999,148.83,3549900
2023-11-08,149.25,149.67999,147.59,148.029999,3618600
2023-11-09,146.55,146.99001,145.28,146.62,3412700
2023-11-10,147.44,149.17,146.85001,149.020004,3179000
2023-11-13,148.46001,148.49001,147.35001,148.10001,2647200
2023-11-14,149.45,150.81,149.050003,150.41,4321900
2023-11-15,150.39999,153.22,150.39999,152.58,4632500
2023-11-16,153.0,153.35001,152.13,153.059998,3519200
2023-11-17,153.28999,153.5,152.46001,152.89,4426500
2023-11-20,152.50999,154.67999,152.35001,154.35001,3658500
2023-11-21,154.60001,154.66,153.50999,153.91,2859500
2023-11-22,154.5,155.71001,154.16,155.13,3044700
2023-11-24,155.13,155.39999,153.92,155.17999,1799200
2023-11-27,154.99001,156.14,154.75,155.57001,4053100
2023-11-28,155.44,155.75,154.86,155.64999,2666200
2023-11-29,156.14999,157.50999,156.020004,156.41,3568900
2023-11-30,156.95,158.60001,156.89,158.56,6740600
2023-12-01,158.41,160.59,158.0,160.55,4871000
2023-12-04,160.28999,162.78999,160.28999,161.10001,5779000
2023-12-05,160.75999,162.47,160.72,161.39,4556700
2023-12-06,161.59,162.35001,160.0099945,160.28,3555900
2023-12-07,161.0,161.47,159.97,160.22,3665500
2023-12-08,160.0,162.039993,160.0,161.96001,4560400
2023-12-11,162.67999,163.64999,161.95,163.50999,6077200
2023-12-12,163.27,166.34,162.92,164.71001,5292300
2023-12-13,164.37,164.97,162.74001,163.62,4989100
2023-12-14,162.92999,163.5,160.14999,162.91,6129800
2023-12-15,162.3,164.089996,162.039993,162.23,11015600
2023-12-18,162.23,163.33,161.58,162.74001,3677300
2023-12-19,161.8,162.28,161.32001,161.56,3766600
2023-12-20,161.28999,161.8,160.0099945,160.050003,4865800
2023-12-21,160.59,161.080002,159.53,160.78,2982900
2023-12-22,161.10001,162.41,161.0,162.14,2439800
2023-12-26,162.23,163.31,162.050003,163.21001,1772400
2023-12-27,163.14,163.64,162.67999,163.46001,3234600
2023-12-28,163.96001,163.96001,163.39999,163.75,2071300
2023-12-29,163.75,164.17999,162.83,163.55,2525600
2024-01-02,162.83,163.28999,160.46001,161.5,3825000
2024-01-03,161.0,161.73,160.080002,160.10001,4086100
2024-01-04,160.22,161.81,160.17,160.86,3212000
2024-01-05,159.91,160.55,158.67,159.16,4199400
2024-01-08,158.69,161.22,157.89,161.14,3321700
2024-01-09,160.0,160.48,159.50999,160.080002,2617200
2024-01-10,160.28,161.34,159.74001,161.23,2967800
2024-01-11,161.020004,162.23,160.28999,162.16,3778200
2024-01-12,162.97,165.98,162.35001,165.8,4956400
2024-01-16,165.8,167.25,165.34,166.96001,4869600
2024-01-17,166.78999,167.82001,165.5,166.080002,4288600
2024-01-18,166.49001,166.99001,165.039993,166.84,3776900
2024-01-19,170.59,171.58,169.17999,171.48,6925800
2024-01-22,172.82001,174.45,172.39999,172.83,4926000
2024-01-23,172.89999,174.020004,172.48,173.94,3983500
2024-01-24,174.75999,174.86,172.89999,173.92999,9097800
2024-01-25,184.96001,196.89999,184.83,190.42999,29596200
2024-01-26,191.31,192.39,186.16,187.42,9895900
2024-01-29,187.46001,189.46001,186.050003,187.14,6107900
2024-01-30,187.71001,188.64999,186.77,187.87,4575100
2024-01-31,187.050003,187.64999,183.14,183.66,8876100
2024-02-01,183.63,187.50999,182.71001,186.89999,4669400
2024-02-02,187.10001,187.39,185.62,185.78999,4054200
2024-02-05,185.50999,185.78,183.25999,183.42,4379600
2024-02-06,183.55,184.67999,183.039993,183.41,3337600
2024-02-07,183.34,184.020004,182.63,183.74001,4841200
2024-02-08,182.63,184.55,181.49001,184.36,5161200
2024-02-09,184.44,187.17999,183.85001,186.34,5064600
2024-02-12,185.89999,186.48,184.029999,186.16,4724000
2024-02-13,184.28,184.77,182.36,183.7,4290500
2024-02-14,185.0,185.0,182.25999,183.57001,3173400
2024-02-15,183.62,186.98,183.62,186.87,4714300
2024-02-16,186.63,188.95,185.95,187.64,4841900
2024-02-20,187.64,188.77,183.059998,183.44,4247200
2024-02-21,182.56,183.029999,178.75,179.7,4728500
2024-02-22,182.45,184.55,181.92999,184.21001,5078400
2024-02-23,184.89999,186.46001,184.57001,185.72,3433800
2024-02-26,185.60001,186.13,184.059998,184.13,4620800
2024-02-27,184.16,185.13,182.62,184.87,3641400
2024-02-28,184.63,185.37,183.55,185.3,3216300
2024-02-29,186.14999,186.85001,184.69,185.029999,6458500
2024-03-01,185.49001,188.38,185.17999,188.2,4017300
2024-03-04,187.75999,193.89999,187.60001,193.059998,7938300
2024-03-05,192.0,193.94,190.57001,191.95,5653600
2024-03-06,193.5,198.13,192.96001,196.16,6945800
2024-03-07,197.58,198.73,196.14,196.53999,4604500
2024-03-08,196.059998,197.77,194.38,195.95,3942500
2024-03-11,195.089996,195.38,190.88,191.73,4725100
2024-03-12,192.46001,199.17999,192.14999,197.78,5880100
2024-03-13,197.55,198.10001,195.32001,196.7,3993300
2024-03-14,196.95,197.75,192.12,193.42999,4109600
2024-03-15,191.99001,193.059998,190.7,191.070007,8827900
2024-03-18,191.7,193.23,190.32001,191.69,5410600
2024-03-19,191.49001,193.58,190.28,193.34,5317300
2024-03-20,192.87,193.98,191.31,193.96001,3238600
2024-03-21,193.0,193.37,190.0099945,191.89999,6013600
2024-03-22,192.0,192.99001,190.50999,190.84,3987700
2024-03-25,190.25999,190.82001,188.75,188.78999,3718300
2024-03-26,189.020004,190.0,188.5,188.5,4229500
2024-03-27,189.60001,190.96001,188.60001,190.8,3693300
2024-03-28,190.94,191.92999,190.34,190.96001,3742200
2024-04-01,190.0,190.46001,188.52,189.83,2364300
2024-04-02,189.14,189.8,187.60001,188.88,2693500
2024-04-03,188.60001,191.35001,188.49001,190.89999,2826200
2024-04-04,192.0,193.28,187.34,187.94,2983900
2024-04-05,188.59,190.32001,188.020004,189.14,2013600
2024-04-08,189.24001,190.24001,188.91,189.82001,2678300
2024-04-09,190.53999,191.25,186.66,189.31,2794200
2024-04-10,187.42,187.92,185.52,186.039993,3081700
2024-04-11,186.039993,186.8,184.58,185.89999,2861700
2024-04-12,184.0,185.17,181.69,182.27,3545100
2024-04-15,185.57001,187.48,180.88,181.25,3528100
2024-04-16,185.59,185.71001,182.86,183.75,4473700
2024-04-17,184.16,184.67,181.78,183.10001,3003000
2024-04-18,182.35001,183.46001,180.17,181.47,2886700
2024-04-19,182.42999,182.8,180.57001,181.58,3037600
2024-04-22,182.45,183.32001,180.45,181.89999,3076500
2024-04-23,182.73,184.67999,179.0,182.19,5950200
2024-04-24,183.17,184.28999,181.39999,184.10001,7616600
2024-04-25,168.2,172.45,165.66,168.91,16702200
2024-04-26,167.5,167.87,165.73,167.13,8983800
2024-04-29,167.39999,168.22,166.23,167.42999,5242200
2024-04-30,166.49001,166.75999,165.25999,166.2,6011600
2024-05-01,165.69,166.27,164.3,164.42999,4029900
2024-05-02,164.35001,164.88,162.62,164.69,3829900
2024-05-03,165.0,166.61,164.92,165.71001,3400400
2024-05-06,166.5,168.67,166.38,168.61,4222300
2024-05-07,169.0,169.28999,167.94,168.38,3155300
2024-05-08,168.0099945,170.25999,167.89999,169.89999,3522000
2024-05-09,167.5,167.55,165.88,166.27,4266600
2024-05-10,167.13,168.070007,166.32001,167.14999,2255400
2024-05-13,167.5,168.059998,166.75999,167.56,2414900
2024-05-14,167.86,168.13,166.48,167.36,2601000
2024-05-15,167.94,168.35001,167.34,168.25999,4468800
2024-05-16,168.25999,169.63,167.78999,168.97,3492300
2024-05-17,168.97,169.11,167.33,169.029999,2956400
2024-05-20,169.0,170.16,168.38,169.92,2726300
2024-05-21,169.94,174.97,169.94,173.47,6459800
2024-05-22,173.39,174.99001,172.75999,173.69,3294900
2024-05-23,175.39,175.46001,170.44,170.67,3341300
2024-05-24,171.48,172.0099945,170.21001,170.89,2587400
2024-05-28,170.44,171.089996,168.64999,169.66,2629500
2024-05-29,168.0,168.63,166.21001,167.050003,4206600
2024-05-30,165.56,166.73,164.23,165.63,3853000
2024-05-31,165.7,166.97,163.84,166.85001,4905000
2024-06-03,166.53999,166.78,163.53,165.28,2776100
2024-06-04,164.60001,166.39999,163.88,165.81,2594200
2024-06-05,166.41,167.78999,165.78,167.38,3049400
2024-06-06,167.38,168.44,166.8,168.2,2207100
2024-06-07,168.17999,171.31,168.059998,170.0099945,3475500
2024-06-10,169.55,170.75999,168.88,170.38,3444700
2024-06-11,169.98,170.0,166.81,169.32001,2951300
2024-06-12,171.35001,172.47,168.10001,169.0,3522700
2024-06-13,169.0099945,169.59,168.34,169.12,3525700
2024-06-14,168.28999,169.47,167.23,169.21001,2777700
2024-06-17,168.75999,169.72,167.5,169.5,3239800
2024-06-18,170.0,170.75,168.38,170.55,3386400
2024-06-20,174.080002,174.28,171.22,173.92,4723100
2024-06-21,173.97,174.96001,171.39999,172.46001,10182000
2024-06-24,175.0,178.46001,174.14999,175.0099945,4864700
2024-06-25,175.14,175.75,171.42,172.60001,4119300
2024-06-26,171.28,172.67999,170.41,171.87,2779000
2024-06-27,171.12,172.5,170.48,170.85001,2894000
2024-06-28,170.85001,173.46001,170.53,172.95,4193300
2024-07-01,173.45,176.46001,173.38,175.10001,3321000
2024-07-02,174.84,177.49001,174.32001,177.3,2883300
2024-07-03,177.88,177.98,175.17,175.73,1649000
2024-07-05,175.74001,176.089996,173.95,176.020004,2086000
2024-07-08,176.41,178.59,176.0099945,177.64,2503000
2024-07-09,177.60001,177.7,175.58,176.48,2512700
2024-07-10,176.60001,178.22,174.45,177.84,3462200
2024-07-11,177.64999,179.44,176.62,178.31,2806800
2024-07-12,178.56,184.16,178.5,182.83,4785600
2024-07-15,183.38,184.89999,182.60001,182.88,2925700
2024-07-16,184.67,186.60001,184.52,185.81,3374500
2024-07-17,185.44,187.94,185.070007,187.45,4225300
2024-07-18,186.64,189.47,185.10001,185.22,3487800
2024-07-19,186.33,187.0,181.95,183.25,3816000
2024-07-22,183.39999,184.97,182.86,184.14999,2488500
2024-07-23,184.36,185.38,183.0099945,184.10001,2180200
2024-07-24,184.14,185.070007,183.14999,184.020004,6962100
2024-07-25,186.8,196.25999,185.3,191.98,9532800
2024-07-26,190.50999,193.57001,189.62,191.75,4294900
2024-07-29,193.17999,193.28999,189.17999,191.5,3336800
2024-07-30,191.48,192.77,189.089996,191.039993,3065000
2024-07-31,191.0,194.55,189.99001,192.14,5558400
2024-08-01,192.81,193.64,188.28999,189.66,4085400
2024-08-02,188.78,189.25999,185.7,189.12,4548800
2024-08-05,184.55,185.25999,181.81,183.31,4975000
2024-08-06,184.7,188.89999,183.64,186.8,3632500
2024-08-07,188.080002,189.87,186.7,186.8,3801900
2024-08-08,187.5,192.88,187.0,192.61,3712700
2024-08-09,191.17999,192.63,189.039993,191.45,2773700
2024-08-12,191.25,191.58,189.0,189.48,2290300
2024-08-13,190.28999,191.31,189.21001,190.99001,2178900
2024-08-14,191.14999,193.089996,190.73,192.32001,1895100
2024-08-15,193.50999,194.25,193.28,193.95,2472000
2024-08-16,193.58,194.35001,192.86,193.78,2494400
2024-08-19,193.84,195.53,193.72,194.73,2361400
2024-08-20,194.59,196.21001,193.75,196.029999,1790400
2024-08-21,195.97,197.33,194.12,197.21001,2579300
2024-08-22,197.25,197.92,195.57001,195.96001,1969500
2024-08-23,196.78999,197.38,194.39,196.10001,2322000
2024-08-26,196.0,198.35001,195.89999,197.98,2567200
2024-08-27,197.44,199.39999,196.97,198.73,2617100
2024-08-28,199.0,200.0,197.49001,198.46001,2645200
2024-08-29,199.3,201.12,198.27,198.89999,2989600
2024-08-30,199.11,202.17,198.73,202.13,4751000
2024-09-03,201.91,204.72,200.21001,201.28,3874700
2024-09-04,200.75999,204.36,200.5,204.11,3142500
2024-09-05,204.080002,205.95,200.96001,202.59,3229200
2024-09-06,202.38,204.10001,199.34,200.74001,3304500
2024-09-09,201.94,205.050003,201.42999,203.53,3705000
2024-09-10,204.2,205.83,202.87,205.32001,3070600
2024-09-11,207.75999,210.12,203.039993,209.89,5554300
2024-09-12,210.0,212.64999,208.27,211.61,4616400
2024-09-13,212.48,216.089996,212.13,214.78999,4572300
2024-09-16,215.88,217.89999,215.52,217.16,4176100
2024-09-17,217.25,218.84,213.0,214.13,5635200
2024-09-18,214.13,216.86,213.59,214.94,3482800
2024-09-19,218.0099945,218.48,210.37,213.89,5279600
2024-09-20,214.33,217.85001,213.74001,217.7,9958800
2024-09-23,218.0,220.62,217.27,220.5,4074800
2024-09-24,219.78,221.19,218.16,220.97,3183900
2024-09-25,221.17,221.85001,220.16,221.23,2537800
2024-09-26,222.11,224.0,221.36,223.42999,2673200
2024-09-27,223.0,224.14999,220.77,220.84,3830300
2024-09-30,220.64999,221.32001,219.020004,221.080002,3543400
2024-10-01,220.63,221.10001,215.89999,219.35001,3548400
2024-10-02,218.31,220.2,215.8,219.73,3343400
2024-10-03,219.5,222.83,219.27,222.72,3788300
2024-10-04,223.75,226.080002,223.27,226.0,3553800
2024-10-07,225.38,227.67,225.020004,227.12,3458000
2024-10-08,228.11,229.35001,227.039993,228.62,3245100
2024-10-09,229.2,234.95,228.5,234.3,5083600
2024-10-10,235.10001,235.83,231.81,233.020004,3142000
2024-10-11,233.25,233.44,230.46001,233.25999,3469200
2024-10-14,233.57001,236.12,233.17,235.25999,2524400
2024-10-15,236.39999,237.37,232.71001,232.96001,3350600
2024-10-16,232.11,233.88,231.12,233.67,2846700
2024-10-17,232.0,233.14999,230.66,232.88,5040100
2024-10-18,231.92,232.64999,230.17,232.2,4715700
2024-10-21,231.21001,232.42,230.25999,231.75,2733300
2024-10-22,231.99001,232.97,230.67,232.25,3180800
2024-10-23,230.41,233.34,230.25999,232.75,5791000
2024-10-24,220.8,221.32001,216.16,218.39,11193400
2024-10-25,216.8,218.64999,214.39,214.67,8482200
2024-10-28,215.5,216.25,212.7,212.91,4993300
2024-10-29,211.99001,213.34,209.85001,210.42999,5258400
2024-10-30,209.48,211.12,204.25999,204.89999,6956600
2024-10-31,204.13,208.13,203.50999,206.72,5925300
2024-11-01,207.77,209.84,207.41,208.25,3334100
2024-11-04,207.64999,207.7,205.8,206.32001,2593900
2024-11-05,206.17,208.12,205.57001,207.57001,2441500
2024-11-06,213.48,214.33,210.37,213.60001,3934400
2024-11-07,213.64,214.52,211.92999,213.69,3675800
2024-11-08,214.16,216.7,212.78,213.72,3201000
2024-11-11,214.39999,215.41,213.48,213.57001,3013000
2024-11-12,211.89999,213.029999,209.059998,210.86,2817800
2024-11-13,209.5,211.41,209.070007,210.92,3247800
2024-11-14,210.0,210.5,206.35001,208.99001,6372900
2024-11-15,207.46001,208.49001,204.070007,204.99001,3986500
2024-11-18,207.0,208.42,205.37,208.089996,3405900
2024-11-19,206.5,210.33,206.19,210.25,2860700
2024-11-20,211.0,214.96001,209.77,214.60001,4562900
2024-11-21,215.81,222.63,215.27,222.39999,5236400
2024-11-22,223.35001,227.2,220.89,222.97,5320700
2024-11-25,223.35001,226.42,222.64999,226.13,7189300
2024-11-26,226.73,228.98,225.50999,228.83,4449500
2024-11-27,228.83,229.19,224.27,226.92,2995100
2024-11-29,227.75,230.36,227.19,227.41,2640300
2024-12-02,227.5,228.38,225.50999,227.39,2655900
2024-12-03,227.24001,229.11,226.67,229.0,3163800
2024-12-04,230.0,233.74001,229.35001,233.49001,4104200
2024-12-05,233.55,236.52,233.46001,234.75,4791100
2024-12-06,234.42999,238.38,234.22,238.039993,4028400
2024-12-09,238.0,239.35001,228.91,230.0,4970400
2024-12-10,228.39999,234.39,227.8,231.72,4769500
2024-12-11,232.69,233.0,229.13,230.12,3872700
2024-12-12,230.66,233.89,230.38,232.25999,4515700
2024-12-13,232.25,233.78,230.25999,230.82001,2757400
2024-12-16,230.73,231.029999,226.88,229.33,3610300
2024-12-17,229.23,230.2,227.62,228.97,3651300
2024-12-18,229.039993,229.039993,220.029999,220.17,4152500
2024-12-19,224.42,226.2,222.98,223.92,4427200
2024-12-20,222.73,227.67999,221.67999,223.36,12423200
2024-12-23,222.81,223.74001,221.080002,221.92999,2988100
2024-12-24,222.27,224.44,221.53999,224.41,1186200
2024-12-26,223.31,225.39999,222.55,224.89,3286500
2024-12-27,223.14,224.42,221.41,222.78,1810800
2024-12-30,220.53999,221.59,217.64999,220.25,2095600
2024-12-31,220.72,221.050003,218.44,219.83,2270200
2025-01-02,221.82001,222.49001,217.60001,219.94,2579500
2025-01-03,220.55,223.66,220.55,222.64999,3872100
2025-01-06,223.0,224.35001,220.75,222.67,2846700
2025-01-07,223.35001,226.71001,222.83,223.96001,3299300
2025-01-08,223.91,224.89999,220.83,223.17999,2619800
2025-01-10,222.0,222.42999,216.8,219.75,3570300
2025-01-13,217.89,219.59,214.75,217.39999,3716800
2025-01-14,218.0,218.13,214.61,217.75,3485500
2025-01-15,220.87,221.67999,218.0099945,220.029999,2951600
2025-01-16,219.69,222.67999,217.38,222.66,3329100
2025-01-17,225.96001,225.96001,223.64,224.78999,5506800
2025-01-21,224.99001,227.45,222.83,224.25999,3982200
2025-01-22,221.98,224.39999,220.35001,223.25999,4759500
2025-01-23,223.94,226.039993,223.14999,226.039993,3619700
2025-01-24,225.27,226.81,223.8,224.8,3232900
2025-01-27,222.19,224.3,219.84,224.13,4898400
2025-01-28,224.32001,225.77,221.77,225.66,4485400
2025-01-29,225.62,229.47,223.73,228.63,7079800
2025-01-30,250.0,261.79999,247.0099945,258.26999,15381900
2025-01-31,256.049988,257.23999,251.89,255.7,7203500
2025-02-03,252.39999,262.059998,251.84,260.73001,8408500
2025-02-04,260.0,265.25,258.12,264.45999,6077700
2025-02-05,265.70999,265.72,261.17999,263.29999,6165100
2025-02-06,262.98001,263.38,252.73,253.44,6128300
2025-02-07,255.28,256.92999,252.020004,252.34,3370300
2025-02-10,250.86,251.95,246.87,249.27,3564400
2025-02-11,251.10001,256.75,250.58,254.7,4801600
2025-02-12,252.72,256.39999,252.020004,255.81,3075300
2025-02-13,255.66,259.28,254.41,259.19,4531500
2025-02-14,259.0,261.94,257.91,261.28,3925300
2025-02-18,261.92999,263.95999,259.82999,263.070007,4262800
2025-02-19,262.0,264.35999,260.089996,264.32001,3718700
2025-02-20,263.64999,265.089996,262.14999,264.73999,4884800
2025-02-21,263.85001,264.82999,261.10001,261.48001,5667900
2025-02-24,261.5,263.85001,259.57999,261.87,4398100
2025-02-25,261.079987,263.48001,256.76999,257.75,6292200
2025-02-26,258.10001,258.32999,254.41,255.84,3460100
2025-02-27,255.22,257.63,253.050003,253.23,3402200
2025-02-28,250.86,252.81,246.53999,252.44,7988800
2025-03-03,254.74001,255.99001,248.25,250.19,2977700
2025-03-04,248.75,255.48,248.10001,253.21001,5342100
2025-03-05,251.58,252.74001,247.0099945,251.35001,4009800
2025-03-06,249.75,252.10001,246.8,248.69,3254400
2025-03-07,245.95,261.95999,245.17999,261.54001,6700200
2025-03-10,261.56,266.45001,254.75,256.89999,8165500
2025-03-11,255.99001,256.70001,245.86,248.95,5630600
2025-03-12,250.35001,253.13,245.53,249.63,3848800
2025-03-13,248.8,249.27,243.039993,245.8,3862400
2025-03-14,242.75,248.95,241.67999,248.35001,4045200
2025-03-17,249.25,254.63,249.0,252.97,3233900
2025-03-18,252.50999,252.57001,245.12,246.95,4171900
2025-03-19,248.33,253.66,246.64,252.28999,3853600
2025-03-20,244.24001,246.8,237.22,243.32001,7026800
2025-03-21,241.69,245.21001,238.5,243.87,9580100
2025-03-24,247.31,248.82001,245.97,248.45,4753300
2025-03-25,248.36,250.89999,248.2,249.89999,3133800
2025-03-26,251.25,254.32001,249.53,250.34,4450100
2025-03-27,249.71001,250.3,245.73,246.21001,2889300
2025-03-28,246.27,247.57001,242.070007,244.0,3125300
2025-03-31,242.74001,250.89,242.49001,248.66,6795000
2025-04-01,248.029999,250.62,243.49001,250.34,4412900
2025-04-02,248.22,252.78999,247.23,249.98,4080800
2025-04-03,242.71001,250.61,242.53,243.49001,5309600
2025-04-04,238.0,240.16,226.88,227.48,7407100
2025-04-07,219.24001,232.28999,214.5,225.78,7797900
2025-04-08,232.56,233.050003,217.28,221.029999,6850000
2025-04-09,217.12,236.3,215.16,235.31,7302800
2025-04-10,231.0,232.57001,222.020004,229.55,5656100
2025-04-11,229.72,237.58,227.50999,235.48,4325900
2025-04-14,239.77,241.77,236.73,239.059998,3321500
2025-04-15,239.55,241.53,238.27,240.7,3363700
2025-04-16,240.28,243.3,235.89,238.57001,4869900
2025-04-17,239.67999,241.78,237.39999,238.81,4626900
2025-04-21,238.070007,240.81,232.92999,236.22,4908900
2025-04-22,238.5,242.64,238.020004,240.89999,4232700
2025-04-23,246.0,249.34,243.66,245.48,7948300
2025-04-24,231.17999,232.78,224.44,229.33,15428100
2025-04-25,228.95,233.36,226.32001,232.41,6700100
2025-04-28,232.86,236.63,232.070007,236.16,3653500
2025-04-29,237.0,239.98,236.14,239.39,3426500
2025-04-30,236.73,242.47,234.34,241.82001,5143000
2025-05-01,241.44,242.37,237.95,239.66,4243300
2025-05-02,243.13,245.69,241.33,245.55,3731900
2025-05-05,243.74001,249.8,243.64,249.17999,4137800
2025-05-06,247.75999,250.19,246.11,249.12,2900600
2025-05-07,249.45,254.47,248.83,253.37,3399700
2025-05-08,255.0,256.51999,253.25,254.14,3637000
2025-05-09,252.50999,253.0,247.64,249.2,2901300
2025-05-12,252.5,253.81,244.64999,253.69,4609500
2025-05-13,254.42999,259.57999,252.88,258.59,3521400
2025-05-14,257.60001,260.54999,256.22,257.82001,3634700
2025-05-15,259.01001,267.42999,258.60999,266.67999,4856300
2025-05-16,266.35001,267.98001,264.59,266.76001,3817900
2025-05-19,265.45001,269.14001,265.079987,268.41,3198600
2025-05-20,267.39999,269.28,265.62,266.95001,2437900
2025-05-21,264.97,265.64999,260.41,260.87,3753900
2025-05-22,260.76999,261.26999,257.91,258.37,3091300
2025-05-23,258.57999,259.87,255.78999,258.63,2722600
2025-05-27,261.0,263.79001,259.63,263.23001,3284200
2025-05-28,263.16,265.0,259.94,260.23999,2318400
2025-05-29,260.75,261.13,256.76999,258.69,2295000
2025-05-30,258.75,260.12,257.10001,259.059998,9668900
2025-06-02,257.85001,263.98001,257.22,263.89999,2831900
2025-06-03,263.35001,265.56,262.57999,265.20001,2494700
2025-06-04,264.89999,267.0,264.79001,265.51999,2588600
2025-06-05,265.20001,267.51001,265.10001,266.85999,2658400
2025-06-06,267.98999,270.17001,267.53,268.87,2495200
2025-06-09,268.10001,273.47,266.70999,272.079987,4331500
2025-06-10,273.19,277.47,272.56,276.23999,5163500
2025-06-11,276.70001,281.75,275.10999,281.51999,4656000
2025-06-12,281.53,283.059998,279.82999,281.029999,3418000
2025-06-13,278.20999,279.84,275.82999,277.22,3243800
2025-06-16,279.31,284.5,278.67001,281.82999,3685300
2025-06-17,281.14999,284.79001,281.0,283.049988,3069600
2025-06-18,285.0,286.91,282.94,283.20999,3534100
2025-06-20,279.28,284.12,277.20001,280.97,7677000
2025-06-23,281.64999,289.57999,280.20999,289.17999,3786200
2025-06-24,290.45999,294.34,288.41,293.79001,4219100
2025-06-25,294.48999,296.16,289.5,291.059998,3862300
2025-06-26,291.79999,292.91,290.17001,291.92999,3621100
2025-06-27,292.97,293.12,288.51999,289.70001,3562500
2025-06-30,290.92999,294.81,290.0,294.78,3495400
2025-07-01,294.54999,295.10999,290.079987,291.20001,3272800
2025-07-02,290.0,290.19,286.89999,287.64999,3257500
2025-07-03,287.94,292.32001,287.89999,291.97,1853300
2025-07-07,292.5,295.22,290.35999,292.47,4488100
2025-07-08,293.10001,295.60999,289.48999,290.42001,2925300
2025-07-09,291.39001,291.60001,288.63,290.14001,2971300
2025-07-10,288.89999,288.89999,282.20999,287.42999,3487800
2025-07-11,285.01001,287.42999,282.92001,283.59,3790700
2025-07-14,282.82999,284.92999,281.70999,283.79001,2857100
2025-07-15,283.76999,284.14999,280.73001,282.70001,2864100
2025-07-16,282.75,283.87,279.87,281.92001,2804800
2025-07-17,281.5,283.45999,280.89999,282.0,3337200
2025-07-18,283.38,287.16,282.22,285.87,4478200
2025-07-21,286.29001,287.73001,284.38,284.70999,3051800
2025-07-22,284.73999,284.88,281.25,281.95999,4824200
2025-07-23,284.29999,288.079987,281.44,282.01001,8105900
2025-07-24,261.25,262.049988,252.75,260.51001,22647700
2025-07-25,260.019989,260.79999,256.35001,259.72,7758700
2025-07-28,260.29999,264.0,259.60999,263.20999,5192500
2025-07-29,264.29999,265.79999,261.019989,262.41,4627300
2025-07-30,261.60001,262.0,258.89999,260.26001,3718300
2025-07-31,259.57001,259.98999,252.22,253.14999,6739100
2025-08-01,251.41,251.48,245.61,250.050003,9683400
2025-08-04,251.050003,252.080002,248.11,251.98,5280600
2025-08-05,252.0,252.8,249.0,250.67,5823000
2025-08-06,251.53,254.32001,249.28,252.28,3692100
2025-08-07,252.81,255.0,248.88,250.16,6251300
2025-08-08,248.88,249.48,241.64999,242.27,6828400
2025-08-11,242.24001,243.14999,234.7,236.3,9382000
2025-08-12,236.53,237.96001,233.36,234.77,8792800
2025-08-13,236.2,240.84,236.2,240.070007,5663600
2025-08-14,238.25,239.0,235.62,237.11,4556700
2025-08-15,237.61,240.62,236.77,239.72,4344300
2025-08-18,239.57001,241.42,239.12,239.45,3569600
2025-08-19,240.0,242.83,239.49001,241.28,3328300
2025-08-20,242.11,242.88,240.34,242.55,3240100
2025-08-21,242.21001,242.5,238.64999,239.39999,2991900
2025-08-22,240.74001,243.67999,240.22,242.089996,3134900
2025-08-25,242.57001,242.57001,239.42999,239.42999,3513300
2025-08-26,241.020004,244.98,240.38,242.63,5386600
2025-08-27,242.87,245.96001,242.0,244.84,3698400
2025-08-28,245.42999,245.88,243.36,245.73,2820800
2025-08-29,245.23,245.46001,241.72,243.49001,2967600
2025-09-02,240.89999,241.55,238.25,241.5,3469500
2025-09-03,240.020004,244.25,239.41,244.10001,3163200
2025-09-04,245.42,249.28,242.85001,247.17999,4765100
2025-09-05,248.23,249.029999,245.45,248.53,3147500
2025-09-08,248.63,257.14999,247.020004,256.089996,6940300
2025-09-09,256.12,260.66,254.88,259.10999,4931100
2025-09-10,259.64999,260.079987,254.56,256.88,5185400
2025-09-11,257.56,258.54999,255.66,257.01001,3576000
2025-09-12,256.95001,257.25,252.42999,253.44,3433300
2025-09-15,254.020004,259.049988,254.0,256.23999,4028400
2025-09-16,256.26001,258.0,254.41,257.51999,2719900
2025-09-17,257.5,260.95999,257.01001,259.079987,3974800
2025-09-18,258.85999,265.23001,256.79999,265.0,4988400
2025-09-19,266.049988,267.87,263.64001,266.39999,9858100
2025-09-22,266.62,272.31,266.0,271.37,5030500
2025-09-23,272.70001,273.29999,269.26999,272.23999,5394100
2025-09-24,272.62,273.64999,267.29999,267.53,3159900
2025-09-25,272.94,284.23001,271.14999,281.44,11506200
2025-09-26,280.51001,288.85001,280.10999,284.31,9063900
2025-09-29,286.0,286.0,279.66,279.79999,6022100
2025-09-30,280.88,286.019989,280.51999,282.16,5926900
2025-10-01,280.20001,286.59,280.14999,286.48999,4381300
2025-10-02,285.79001,288.54001,282.79001,286.72,3814200
2025-10-03,287.5,293.32001,287.29999,288.37,4375100
2025-10-06,288.60999,291.45001,287.79999,289.42001,2881900
2025-10-07,295.54999,301.040009,293.29001,293.87,7190100
2025-10-08,294.16,294.20001,286.47,289.45999,5297000
2025-10-09,289.82001,290.13,283.32001,288.23001,4912400
2025-10-10,288.97,290.39001,277.5,277.82001,4508500
2025-10-13,279.79001,282.44,274.64001,277.22,4333800
2025-10-14,275.51999,277.53,272.54999,276.14999,3058100
2025-10-15,278.38,285.45001,277.0,280.75,3346800
2025-10-16,281.10999,282.56,275.60001,275.97,2956900
2025-10-17,276.14999,283.39999,275.35001,281.28,5309600
2025-10-20,281.25,285.5,280.95999,283.64999,3494300
2025-10-21,283.31,285.31,281.60001,282.049988,4081000
2025-10-22,281.98999,289.17001,281.35001,287.51001,10538500
2025-10-23,264.95001,285.57999,263.56,285.0,16676400
2025-10-24,283.76999,310.75,282.20999,307.45999,16914200
2025-10-27,307.79999,313.5,302.88,313.089996,9868200
2025-10-28,312.60001,319.35001,311.41,312.57001,6044800
2025-10-29,312.79001,314.32999,307.51999,308.20999,4135900
2025-10-30,306.64999,313.75,305.019989,310.059998,4694300
2025-10-31,312.0,313.5,301.63,307.41,7697500
2025-11-03,308.0,312.14001,304.23001,304.73001,4958000
2025-11-04,300.0,303.17001,296.0,300.85001,5677300
2025-11-05,301.38,307.20001,299.70999,306.76999,4650400
2025-11-06,306.75,315.44,301.089996,312.42001,6818500
2025-11-07,309.67999,310.0,302.63,306.38,5070800
2025-11-10,306.82001,309.94,304.23001,309.13,2975200
2025-11-11,309.0,317.91,308.42999,313.72,4381900
2025-11-12,319.89001,324.89999,314.53,314.98001,6042700
2025-11-13,312.29001,314.60001,303.67999,304.85999,5310200
2025-11-14,300.0,307.72,297.59,305.69,3592500
2025-11-17,305.59,306.0,296.51001,297.17001,3909700
2025-11-18,297.0,297.0,289.92001,289.95001,4861900
2025-11-19,290.5,291.10999,288.070007,288.53,3595900
2025-11-20,294.64001,300.70999,290.16,290.39999,5597000
2025-11-21,293.48001,300.48001,291.89001,297.44,5710900
2025-11-24,299.17999,307.17999,297.51001,304.12,6050600
2025-11-25,304.13,306.0,297.059998,304.48001,2825300
2025-11-26,305.17999,306.60001,301.64001,303.20999,2196400
2025-11-28,304.059998,309.17999,303.60001,308.57999,1689000
2025-12-01,306.51001,307.12,302.79999,305.67001,3166600
2025-12-02,307.0,310.47,301.57001,301.78,4261100
2025-12-03,302.88,303.97,298.91,302.62,3953400
2025-12-04,302.88,309.60999,302.54001,307.98999,2962500
2025-12-05,308.59,311.82999,307.17999,307.94,2344700
2025-12-08,309.62,315.35001,307.95001,309.17999,3630200
2025-12-09,309.63,313.97,308.75,310.48001,2935300
2025-12-10,310.23001,314.69,306.64999,312.67001,3411500
2025-12-11,312.0,313.44,308.39999,310.73999,2755700
2025-12-12,310.57001,311.049988,303.32999,309.23999,2953400
2025-12-15,308.98999,311.35999,306.35001,308.66,3566700
2025-12-16,307.32001,307.38,300.42001,303.17999,3366900
2025-12-17,303.79001,306.25,303.079987,303.32001,3131000
2025-12-18,303.14999,304.45001,295.70001,300.45001,5411700
2025-12-19,300.35001,306.85999,299.10001,300.98001,11031000
2025-12-22,301.029999,303.17999,298.32001,302.79001,2612100
2025-12-23,301.34,305.13,300.64999,303.78,2923000
2025-12-24,303.76001,305.14999,302.29999,304.56,1210600
2025-12-26,304.69,305.75,303.67001,305.089996,2814700
2025-12-29,304.64999,310.0,303.75,305.73999,4664500
2025-12-30,306.14999,306.23999,302.0,302.049988,1883700
