DateTime,Open,High,Low,Close,Volume
2015-01-02,92.21,93.16,90.37,91.21,1880300
2015-01-05,90.3,91.34,89.74,90.85,2493300
2015-01-06,90.81,91.2,87.61,88.059998,2283800
2015-01-07,87.97,89.040001,87.87,88.67,1657600
2015-01-08,89.18,90.63,89.12,89.86,1947100
2015-01-09,90.33,90.5,87.86,87.97,2217700
2015-01-12,87.9,88.27,86.48,86.72,1834600
2015-01-13,87.59,88.92,85.63,86.31,1553600
2015-01-14,85.2,86.26,85.080002,86.23,1618100
2015-01-15,86.15,86.64,84.89,85.080002,910500
2015-01-16,84.95,86.44,84.75,86.42,1393700
2015-01-20,87.050003,87.97,86.17,87.42,1843200
2015-01-21,85.92,87.93,85.92,86.4,1770600
2015-01-22,86.93,89.26,86.27,88.79,2997400
2015-01-23,89.39,90.11,88.9,89.42,2138600
2015-01-26,89.46,89.62,88.65,89.36,2058600
2015-01-27,88.19,89.5,87.5,88.45,1520500
2015-01-28,89.31,89.53,87.49,87.5,1541900
2015-01-29,87.32,88.79,87.040001,88.45,1617400
2015-01-30,87.96,88.5,86.73,86.82,1900300
2015-02-02,87.51,88.86,85.77,88.28,1772300
2015-02-03,88.54,90.52,88.54,90.5,1998100
2015-02-04,89.97,91.14,89.8,90.54,1483500
2015-02-05,90.47,91.8,90.2,91.71,1084500
2015-02-06,90.66,91.15,87.33,87.83,3880400
2015-02-09,87.67,88.91,86.97,87.84,2200600
2015-02-10,88.5,89.27,88.11,89.14,1817500
2015-02-11,89.37,89.78,88.55,88.79,1863100
2015-02-12,89.18,89.69,88.68,89.39,1969300
2015-02-13,89.63,90.28,89.45,90.25,2357900
2015-02-17,90.059998,90.3,89.51,90.089996,2884800
2015-02-18,90.0,90.29,89.059998,89.76,2404400
2015-02-19,89.72,91.25,89.27,91.11,2810100
2015-02-20,94.91,96.89,94.099998,96.72,4828500
2015-02-23,96.53,96.72,95.93,96.34,1831200
2015-02-24,96.21,97.44,95.93,97.38,1400500
2015-02-25,97.17,98.089996,97.019997,97.64,1380700
2015-02-26,97.53,98.07,97.28,97.68,1061000
2015-02-27,97.31,97.91,97.12,97.63,1298100
2015-03-02,97.56,98.69,97.24,98.68,997300
2015-03-03,98.33,98.55,97.6,98.0,1310800
2015-03-04,97.41,98.080002,96.88,97.45,1142900
2015-03-05,97.58,98.18,96.83,98.12,1121600
2015-03-06,97.64,98.26,97.13,97.41,1641700
2015-03-09,97.66,97.9,96.91,97.65,1215800
2015-03-10,96.66,96.95,95.38,95.39,1348100
2015-03-11,95.44,96.12,95.010002,95.18,1059000
2015-03-12,95.4,96.74,95.24,96.68,794000
2015-03-13,96.34,97.99,96.32,97.77,1736700
2015-03-16,98.099998,99.75,97.8,99.38,1451700
2015-03-17,98.75,99.38,98.41,98.98,1453400
2015-03-18,98.65,100.66,98.44,99.93,1437700
2015-03-19,99.81,100.38,99.78,99.78,1195000
2015-03-20,100.42,100.88,100.15,100.43,3435400
2015-03-23,100.86,100.86,100.059998,100.13,1166500
2015-03-24,100.019997,100.72,99.69,99.7,1476200
2015-03-25,99.65,99.7,97.3,97.32,1437300
2015-03-26,96.74,97.6,96.32,96.95,788300
2015-03-27,96.65,97.29,96.040001,97.059998,1023100
2015-03-30,97.8,98.75,97.8,98.23,876100
2015-03-31,97.34,98.63,96.96,96.96,1871600
2015-04-01,96.82,97.7,96.25,97.68,1304100
2015-04-02,97.69,98.71,97.35,98.5,1080600
2015-04-06,97.45,98.78,96.92,97.85,1332300
2015-04-07,98.22,98.62,97.32,97.35,1231700
2015-04-08,97.019997,98.33,97.019997,97.92,1305800
2015-04-09,97.88,98.4,97.29,97.93,806300
2015-04-10,97.84,99.11,97.57,98.89,1666400
2015-04-13,98.0,99.18,97.89,97.89,1223000
2015-04-14,97.83,98.12,97.099998,97.88,1823400
2015-04-15,98.4,98.66,97.82,97.96,955500
2015-04-16,97.29,97.49,96.91,97.39,1465000
2015-04-17,96.51,96.71,95.33,95.58,1550800
2015-04-20,96.4,97.16,96.050003,96.65,1182600
2015-04-21,97.31,98.029999,96.7,97.24,1061700
2015-04-22,98.55,100.25,98.5,100.16,2701100
2015-04-23,99.78,101.95,99.56,101.45,1526900
2015-04-24,101.91,101.91,100.48,101.23,949300
2015-04-27,101.46,101.94,101.0,101.6,958900
2015-04-28,101.12,102.17,100.83,101.65,885800
2015-04-29,100.92,102.089996,100.8,101.18,1076800
2015-04-30,100.7,101.72,99.81,100.33,1267800
2015-05-01,100.33,100.86,100.050003,100.59,1003600
2015-05-04,100.58,101.68,100.35,101.29,868000
2015-05-05,100.8,101.44,99.87,100.010002,944400
2015-05-06,100.38,100.43,99.019997,99.54,903000
2015-05-07,99.72,100.42,99.4,100.07,820800
2015-05-08,101.29,103.099998,100.79,102.75,1440600
2015-05-11,102.4,102.94,102.18,102.33,647400
2015-05-12,101.85,102.74,101.010002,102.26,732100
2015-05-13,101.88,102.76,101.34,102.24,581800
2015-05-14,102.9,103.85,102.49,103.82,1134700
2015-05-15,104.17,104.24,102.17,102.33,1322500
2015-05-18,102.059998,102.55,101.55,102.34,1098800
2015-05-19,102.93,103.81,102.6,103.27,1393500
2015-05-20,103.64,103.88,102.77,103.38,1158000
2015-05-21,103.62,104.74,103.22,104.16,2266500
2015-05-22,105.49,109.21,105.35,106.76,3721900
2015-05-26,105.55,106.26,103.98,104.67,2369000
2015-05-27,104.79,105.47,104.33,105.19,1183000
2015-05-28,104.75,105.22,104.49,105.089996,1051200
2015-05-29,104.95,105.0,103.53,104.15,2310700
2015-06-01,104.77,106.97,104.089996,106.42,1805300
2015-06-02,105.75,106.86,105.26,106.22,1147600
2015-06-03,106.24,106.84,105.74,106.84,960500
2015-06-04,106.63,106.88,105.050003,105.46,1063600
2015-06-05,104.67,106.17,104.67,105.6,1173600
2015-06-08,105.35,105.8,104.46,104.5,885300
2015-06-09,104.45,104.92,103.9,104.64,1304100
2015-06-10,105.26,107.88,105.0,107.48,1736700
2015-06-11,107.93,107.95,105.77,105.83,2473200
2015-06-12,105.16,105.55,104.47,104.73,1338600
2015-06-15,104.07,104.07,102.62,103.050003,1771000
2015-06-16,103.15,104.0,102.77,103.73,1324500
2015-06-17,103.88,104.33,103.2,103.84,884900
2015-06-18,103.75,104.53,103.62,104.39,1533800
2015-06-19,104.080002,104.76,103.7,104.32,1427600
2015-06-22,105.029999,105.58,103.54,105.5,1262800
2015-06-23,105.65,105.67,104.24,104.76,1211100
2015-06-24,104.34,104.77,102.98,103.050003,1460800
2015-06-25,103.36,104.18,102.92,103.6,1406500
2015-06-26,103.6,103.98,102.34,103.24,2310800
2015-06-29,102.2,102.65,100.83,101.019997,1491000
2015-06-30,101.52,101.87,100.76,100.77,1722500
2015-07-01,101.64,102.38,100.78,101.62,1340500
2015-07-02,102.029999,102.029999,100.62,101.41,778200
2015-07-06,100.29,101.96,100.12,101.92,1908500
2015-07-07,101.080002,103.71,101.080002,103.58,2670200
2015-07-08,101.9,104.14,101.9,103.43,3095300
2015-07-09,104.47,105.099998,103.53,103.58,1346800
2015-07-10,104.94,104.94,103.6,104.36,862600
2015-07-13,105.37,106.07,105.010002,105.43,1334700
2015-07-14,105.52,106.11,105.21,105.83,676700
2015-07-15,106.050003,106.64,105.67,106.33,870700
2015-07-16,107.23,108.11,106.88,108.099998,1003700
2015-07-17,107.75,108.2,106.56,106.77,1475100
2015-07-20,106.82,107.17,106.48,106.63,994900
2015-07-21,106.29,107.15,106.059998,106.15,996400
2015-07-22,106.16,107.12,106.16,106.72,812200
2015-07-23,106.87,107.89,106.52,107.25,792900
2015-07-24,107.55,107.81,106.48,106.69,834200
2015-07-27,106.12,106.49,104.77,105.0,1166400
2015-07-28,105.040001,105.71,103.66,105.64,1288100
2015-07-29,105.36,105.74,104.42,105.52,991100
2015-07-30,104.94,106.059998,103.98,105.74,593800
2015-07-31,106.29,106.48,105.4,105.77,904100
2015-08-03,104.67,105.78,104.3,105.050003,987900
2015-08-04,105.24,105.83,104.96,105.59,777400
2015-08-05,106.040001,107.75,106.040001,106.78,700800
2015-08-06,106.99,107.45,104.050003,104.17,1176100
2015-08-07,104.050003,105.44,103.45,105.44,1604400
2015-08-10,103.089996,104.99,102.010002,104.99,1400200
2015-08-11,103.7,104.66,103.080002,104.62,1327900
2015-08-12,104.010002,105.080002,103.11,104.72,963800
2015-08-13,105.019997,105.34,103.76,104.9,767000
2015-08-14,104.55,106.2,104.44,105.62,768300
2015-08-17,105.2,105.77,104.5,105.56,871200
2015-08-18,106.040001,106.76,105.51,105.72,832500
2015-08-19,106.49,107.07,104.78,106.27,1864300
2015-08-20,105.27,105.62,102.72,102.93,1510600
2015-08-21,91.059998,93.0,85.11,89.28,8703000
2015-08-24,82.31,85.0,80.89,84.25,6761400
2015-08-25,86.72,86.85,79.63,79.87,4786900
2015-08-26,82.71,84.080002,80.8,83.29,5663800
2015-08-27,84.39,86.63,83.63,86.6,4322200
2015-08-28,85.040001,87.61,85.029999,86.21,3537000
2015-08-31,85.46,85.96,84.45,85.75,3343900
2015-09-01,83.35,85.19,83.099998,84.099998,3803500
2015-09-02,85.69,85.96,84.059998,85.83,2687700
2015-09-03,85.88,86.97,85.49,86.040001,3230200
2015-09-04,84.62,85.82,84.11,85.13,3192000
2015-09-08,86.64,87.79,85.51,87.74,2377000
2015-09-09,87.78,88.33,86.31,86.64,3002900
2015-09-10,87.0,88.87,86.48,88.3,4118100
2015-09-11,87.46,89.41,87.15,89.31,2615900
2015-09-14,89.050003,89.53,88.27,88.82,1517900
2015-09-15,89.13,89.77,88.36,88.99,1791200
2015-09-16,89.15,89.61,88.0,89.47,1609200
2015-09-17,86.9,87.37,85.28,85.77,6863300
2015-09-18,84.69,86.2,84.36,85.49,5609300
2015-09-21,85.55,87.3,85.17,86.81,3351900
2015-09-22,85.41,87.24,85.4,86.85,3121500
2015-09-23,86.46,88.37,86.31,87.59,2251100
2015-09-24,86.83,88.43,86.65,87.86,2898400
2015-09-25,88.68,89.59,87.44,87.88,2328200
2015-09-28,87.19,87.93,86.2,86.22,2301400
2015-09-29,86.18,87.18,85.87,86.83,1724800
2015-09-30,87.76,88.83,87.11,88.75,2469800
2015-10-01,88.66,89.72,87.83,88.86,2583900
2015-10-02,87.23,89.55,85.61,89.5,1778400
2015-10-05,90.0,91.5,89.46,91.31,1525800
2015-10-06,91.21,92.19,90.56,90.81,1714300
2015-10-07,90.9,91.49,89.28,90.96,1647000
2015-10-08,90.71,92.42,90.0,92.29,1373500
2015-10-09,92.33,93.26,92.29,92.7,1334200
2015-10-12,92.71,93.47,91.65,93.21,1553800
2015-10-13,92.51,93.2,91.26,91.36,1770600
2015-10-14,91.3,92.14,90.41,90.41,1926300
2015-10-15,91.050003,92.48,90.82,92.43,2137300
2015-10-16,92.57,93.79,91.17,93.62,1919900
2015-10-19,93.53,94.39,92.49,94.080002,1079900
2015-10-20,93.89,94.74,93.89,94.3,1014000
2015-10-21,94.9,94.98,93.36,93.87,1489300
2015-10-22,94.43,97.3,94.36,96.86,1500100
2015-10-23,97.56,98.0,96.12,97.94,1240700
2015-10-26,98.13,99.0,97.64,97.71,1440800
2015-10-27,97.65,98.23,97.15,98.029999,1093400
2015-10-28,98.31,98.4,97.29,97.99,1846300
2015-10-29,97.9,98.27,97.58,97.75,1431000
2015-10-30,97.95,98.12,97.35,97.43,1233500
2015-11-02,98.050003,98.2,97.37,97.51,1512300
2015-11-03,97.16,97.97,97.050003,97.71,1455100
2015-11-04,97.72,99.15,97.0,98.85,1347200
2015-11-05,99.21,99.5,97.41,97.78,1348900
2015-11-06,97.79,98.54,97.13,98.28,960900
2015-11-09,98.18,98.21,96.75,97.51,1119400
2015-11-10,97.44,98.97,97.029999,98.88,944100
2015-11-11,99.42,100.63,98.78,99.39,1314200
2015-11-12,99.17,99.79,98.0,98.050003,849800
2015-11-13,98.029999,98.69,96.26,96.53,1540100
2015-11-16,96.89,97.57,95.98,96.9,1599200
2015-11-17,96.6,97.46,96.050003,96.43,1848500
2015-11-18,96.53,96.89,95.62,96.62,3705300
2015-11-19,96.93,97.68,95.79,97.42,3985900
2015-11-20,106.28,108.0,101.17,103.2,6622300
2015-11-23,102.52,103.83,100.91,101.029999,2915900
2015-11-24,100.040001,100.75,97.72,99.76,3368000
2015-11-25,99.98,100.87,99.43,99.85,1928500
2015-11-27,100.089996,100.76,99.65,100.18,1109400
2015-11-30,100.38,100.76,99.010002,100.2,4655000
2015-12-01,100.94,102.58,100.61,101.79,2322400
2015-12-02,101.33,101.8,99.26,99.5,1721800
2015-12-03,99.46,99.91,95.94,96.38,2878800
2015-12-04,97.94,98.86,96.73,98.63,2232400
2015-12-07,98.72,99.019997,98.24,98.83,1721700
2015-12-08,97.82,99.0,97.5,98.32,1453200
2015-12-09,98.11,99.69,97.34,97.72,1571200
2015-12-10,98.019997,98.55,96.96,96.99,1760300
2015-12-11,95.86,96.91,95.85,96.12,2269800
2015-12-14,96.36,96.93,94.93,96.3,2340300
2015-12-15,97.47,99.36,96.89,97.98,1747100
2015-12-16,98.46,99.14,97.0,99.050003,1326300
2015-12-17,99.31,99.99,97.87,97.87,1596600
2015-12-18,97.2,97.64,94.86,95.57,4537700
2015-12-21,96.019997,96.69,94.68,95.68,1322400
2015-12-22,96.47,97.27,95.55,97.21,1060200
2015-12-23,97.76,98.21,97.26,98.0,761800
2015-12-24,97.9,98.059998,97.3,97.59,327200
2015-12-28,97.099998,98.25,96.92,98.22,693000
2015-12-29,98.63,99.99,98.63,99.34,864000
2015-12-30,99.11,99.41,98.22,98.28,660900
2015-12-31,97.83,98.33,96.48,96.5,1189500
2016-01-04,94.19,94.89,93.14,94.38,2809000
2016-01-05,95.34,96.12,94.58,95.95,1859400
2016-01-06,94.43,96.48,94.16,96.29,2433200
2016-01-07,94.5,96.43,93.24,94.44,2477700
2016-01-08,94.94,96.0,93.019997,93.14,2004700
2016-01-11,93.82,94.26,93.14,94.0,1889900
2016-01-12,94.69,95.16,93.56,94.85,1300800
2016-01-13,95.11,95.6,91.57,91.7,1907700
2016-01-14,92.31,95.47,91.14,94.32,2545900
2016-01-15,91.43,92.93,90.58,91.49,2774800
2016-01-19,92.84,93.14,90.040001,90.88,2468100
2016-01-20,89.53,92.88,88.66,91.99,2904400
2016-01-21,92.8,93.67,91.21,91.95,1461700
2016-01-22,93.07,94.0,92.2,93.61,1076500
2016-01-25,93.47,93.66,91.59,91.73,1310200
2016-01-26,91.94,92.71,91.029999,92.64,1139700
2016-01-27,92.41,93.26,90.45,90.77,944100
2016-01-28,91.73,92.22,90.7,92.029999,1141600
2016-01-29,92.72,95.63,92.089996,95.51,2120500
2016-02-01,95.28,96.97,94.36,96.37,1325700
2016-02-02,95.31,95.66,93.97,94.15,2436000
2016-02-03,95.0,96.41,94.0,95.89,1864200
2016-02-04,95.78,96.93,94.85,96.75,1653000
2016-02-05,96.089996,96.25,91.24,91.79,2911100
2016-02-08,90.91,91.23,88.88,90.92,2744500
2016-02-09,90.080002,92.14,89.49,90.13,1922800
2016-02-10,91.28,92.41,89.95,90.26,1897700
2016-02-11,88.17,92.07,88.17,91.41,1991700
2016-02-12,92.97,94.7,91.5,94.56,2177700
2016-02-16,93.7,95.81,93.68,95.36,2240200
2016-02-17,95.82,98.68,95.41,98.36,1726100
2016-02-18,97.79,98.66,96.099998,96.47,1768500
2016-02-19,96.52,97.61,95.31,97.19,1901300
2016-02-22,98.18,98.71,97.0,98.25,1620700
2016-02-23,97.54,98.12,96.24,97.36,1859300
2016-02-24,96.35,98.98,95.41,98.83,2177200
2016-02-25,99.099998,100.16,97.94,100.07,2335500
2016-02-26,100.91,101.0,94.099998,95.75,3809500
2016-02-29,95.37,97.32,94.96,96.64,2671300
2016-03-01,97.67,98.86,96.58,98.86,2194700
2016-03-02,98.53,99.64,98.059998,98.63,1607900
2016-03-03,98.059998,98.48,96.39,97.71,1851500
2016-03-04,98.11,99.26,97.050003,99.18,1904500
2016-03-07,98.15,99.75,97.59,99.38,1996800
2016-03-08,98.64,100.25,98.4,99.27,2051400
2016-03-09,99.39,100.010002,98.91,99.47,1548800
2016-03-10,99.55,100.27,96.85,98.019997,1677900
2016-03-11,98.78,100.28,98.050003,99.96,1544200
2016-03-14,99.61,100.17,99.21,99.43,1181400
2016-03-15,99.14,99.69,98.71,99.33,1012300
2016-03-16,99.4,100.54,98.74,100.29,1221900
2016-03-17,100.11,101.22,99.6,100.83,1384700
2016-03-18,101.34,102.29,100.029999,102.010002,3012400
2016-03-21,101.46,102.010002,100.93,102.010002,968800
2016-03-22,101.67,102.52,101.29,102.15,1165400
2016-03-23,101.67,102.050003,101.059998,101.7,1630600
2016-03-24,101.38,102.12,100.69,101.89,1331800
2016-03-28,101.87,102.31,101.54,102.050003,997800
2016-03-29,101.59,102.93,101.19,102.57,938000
2016-03-30,103.0,103.4,102.51,103.18,969700
2016-03-31,102.75,104.51,102.47,104.010002,2232400
2016-04-01,103.77,104.78,103.52,104.69,844900
2016-04-04,104.91,105.28,104.63,104.96,894100
2016-04-05,104.43,104.86,103.78,103.9,956600
2016-04-06,103.92,105.32,103.6,105.13,807800
2016-04-07,104.33,104.44,102.64,103.17,1278200
2016-04-08,103.86,104.11,102.92,103.38,654100
2016-04-11,104.059998,104.059998,102.3,102.62,999700
2016-04-12,102.64,103.099998,101.84,102.71,1451300
2016-04-13,102.97,103.55,102.71,103.31,1358600
2016-04-14,103.96,104.050003,102.82,102.93,1270600
2016-04-15,103.17,103.65,102.089996,102.83,1628000
2016-04-18,102.56,104.0,102.35,103.79,1158400
2016-04-19,104.089996,104.34,103.099998,103.92,767200
2016-04-20,104.25,104.51,103.55,103.74,880900
2016-04-21,103.74,103.93,102.28,102.3,1218900
2016-04-22,102.040001,102.44,100.76,102.33,1614200
2016-04-25,102.15,102.59,101.89,102.36,888900
2016-04-26,104.59,105.0,103.12,103.92,1234700
2016-04-27,103.96,104.47,102.58,103.51,1026700
2016-04-28,102.66,102.81,101.07,101.37,1329300
2016-04-29,100.48,101.089996,99.2,100.89,1613600
2016-05-02,101.4,102.33,100.62,102.21,1806200
2016-05-03,101.43,101.9,100.7,101.4,891700
2016-05-04,101.029999,101.25,99.6,99.89,1189700
2016-05-05,100.15,101.34,100.0,100.4,1063300
2016-05-06,99.57,101.23,99.25,101.040001,883200
2016-05-09,101.36,102.42,101.18,101.67,714800
2016-05-10,102.2,102.85,101.44,102.8,731900
2016-05-11,102.79,103.52,102.23,102.32,617300
2016-05-12,102.41,103.059998,101.21,102.21,713300
2016-05-13,102.12,103.17,102.0,102.029999,781900
2016-05-16,102.25,104.54,102.089996,103.73,1046700
2016-05-17,103.52,103.62,101.88,102.15,912300
2016-05-18,102.22,103.11,101.81,102.7,1043100
2016-05-19,101.77,102.47,100.72,101.42,834400
2016-05-20,101.89,103.58,101.59,103.029999,1169900
2016-05-23,103.64,105.040001,103.55,104.62,2066300
2016-05-24,105.14,107.46,105.089996,107.31,2834900
2016-05-25,103.029999,105.95,101.81,105.019997,4732600
2016-05-26,105.0,107.74,104.88,106.83,2659000
2016-05-27,107.29,107.93,106.84,107.89,1386300
2016-05-31,108.0,108.68,105.91,106.66,2598600
2016-06-01,105.85,107.46,105.63,107.2,1304200
2016-06-02,106.93,108.25,106.5,108.12,1137600
2016-06-03,107.61,107.77,106.72,107.45,1732600
2016-06-06,107.36,108.39,107.080002,108.13,1548900
2016-06-07,108.3,108.95,108.24,108.45,1282500
2016-06-08,108.69,108.85,107.32,107.43,1436700
2016-06-09,107.080002,107.58,106.7,107.52,1490600
2016-06-10,105.85,107.16,105.77,106.44,1397800
2016-06-13,105.59,106.97,105.59,105.66,1342800
2016-06-14,105.3,106.46,104.79,106.22,874300
2016-06-15,106.79,106.89,106.13,106.28,1197900
2016-06-16,105.84,106.71,105.24,106.49,863200
2016-06-17,106.28,106.44,104.72,105.36,1689300
2016-06-20,106.33,107.74,106.050003,107.35,1397100
2016-06-21,107.63,108.24,107.11,107.9,1817600
2016-06-22,107.76,107.89,106.38,106.45,1453600
2016-06-23,108.029999,108.95,107.12,108.95,1418500
2016-06-24,103.86,106.48,103.6,105.33,5050300
2016-06-27,104.24,104.82,103.029999,104.18,1769400
2016-06-28,105.2,106.059998,104.73,105.99,1643600
2016-06-29,106.61,109.37,106.61,109.29,1645800
2016-06-30,109.37,111.79,109.099998,111.61,2191500
2016-07-01,111.73,112.48,111.35,111.91,1017500
2016-07-05,111.51,113.019997,111.24,112.74,1578200
2016-07-06,112.040001,113.33,111.87,113.28,1328500
2016-07-07,113.19,114.26,112.87,114.25,1074400
2016-07-08,115.0,116.029999,113.98,115.48,1507500
2016-07-11,116.050003,116.4,115.35,115.63,1535900
2016-07-12,116.45,116.72,115.5,116.34,1199200
2016-07-13,116.96,116.97,115.91,115.92,967100
2016-07-14,116.52,116.87,115.64,116.39,881500
2016-07-15,116.58,116.58,114.46,114.98,2158400
2016-07-18,114.89,115.75,114.55,115.25,737400
2016-07-19,115.07,115.49,114.56,114.78,865600
2016-07-20,112.78,115.29,112.72,114.79,1555100
2016-07-21,114.48,114.49,112.71,113.19,961400
2016-07-22,113.59,114.34,112.99,114.059998,717600
2016-07-25,113.97,114.040001,113.46,113.95,566500
2016-07-26,114.13,114.62,113.2,113.62,782200
2016-07-27,113.59,113.59,112.010002,112.54,1731100
2016-07-28,112.65,113.0,111.42,112.040001,2383700
2016-07-29,112.22,112.22,110.39,110.99,3062500
2016-08-01,111.42,111.77,110.0,110.76,3405600
2016-08-02,110.52,110.62,108.7,109.22,1816800
2016-08-03,108.89,109.86,108.85,109.83,1279800
2016-08-04,110.17,110.62,109.71,109.9,756400
2016-08-05,110.050003,111.91,110.050003,111.49,900600
2016-08-08,111.82,112.44,111.49,112.019997,1426200
2016-08-09,112.040001,112.76,111.82,112.13,1081600
2016-08-10,112.13,113.019997,112.089996,112.86,1284000
2016-08-11,112.91,113.57,112.49,113.15,843000
2016-08-12,112.57,112.92,111.85,112.089996,854900
2016-08-15,112.53,114.059998,111.89,113.32,1206000
2016-08-16,113.029999,113.029999,112.41,112.47,1040300
2016-08-17,112.79,113.0,112.010002,112.74,1148400
2016-08-18,112.52,113.16,111.99,112.54,934300
2016-08-19,112.59,113.19,112.16,112.8,924500
2016-08-22,112.74,113.4,112.32,112.54,785200
2016-08-23,113.25,114.0,112.5,113.84,1546300
2016-08-24,108.38,110.33,108.0,109.85,4420600
2016-08-25,109.95,110.86,109.57,110.0,1553900
2016-08-26,109.78,111.040001,109.67,110.32,1056500
2016-08-29,110.41,111.14,110.41,110.76,1301900
2016-08-30,110.71,111.16,110.11,111.15,1503400
2016-08-31,111.11,111.56,110.64,111.45,1413600
2016-09-01,111.28,112.35,110.85,112.34,1339900
2016-09-02,112.91,113.11,111.44,112.07,987600
2016-09-06,111.89,112.059998,110.4,111.37,2091000
2016-09-07,111.44,111.97,110.92,111.97,1525900
2016-09-08,111.44,111.98,110.83,110.96,1204200
2016-09-09,109.92,110.46,109.24,109.25,1705800
2016-09-12,108.92,109.92,108.33,109.54,1462100
2016-09-13,107.080002,108.22,106.34,106.7,2110300
2016-09-14,106.97,108.19,106.72,108.11,1960700
2016-09-15,108.14,109.97,107.64,109.76,1535100
2016-09-16,109.42,109.48,108.16,109.0,3314100
2016-09-19,109.42,109.97,108.95,108.98,1245000
2016-09-20,109.75,109.85,108.68,108.97,1087800
2016-09-21,109.52,111.0,108.9,110.78,1352900
2016-09-22,111.14,111.49,110.59,110.76,1255100
2016-09-23,110.17,110.53,109.26,109.9,1263400
2016-09-26,109.19,109.49,108.58,108.98,1238400
2016-09-27,108.9,110.43,108.58,110.11,1024600
2016-09-28,110.029999,110.31,109.39,110.18,1128900
2016-09-29,109.78,110.44,108.93,109.31,892700
2016-09-30,109.53,110.33,109.21,110.010002,1681400
2016-10-03,109.83,110.12,108.9,109.16,818200
2016-10-04,109.45,109.92,108.88,109.37,519700
2016-10-05,109.74,109.77,108.52,108.61,1025900
2016-10-06,108.39,108.95,107.95,108.84,1251300
2016-10-07,109.0,109.0,106.93,107.45,1524200
2016-10-10,108.48,108.84,108.12,108.15,860500
2016-10-11,108.080002,108.22,106.54,106.99,1831600
2016-10-12,106.96,108.019997,106.41,107.53,1628700
2016-10-13,106.8,107.3,106.51,106.8,1376100
2016-10-14,107.56,108.17,106.94,106.99,1100200
2016-10-17,106.95,107.55,106.63,106.88,740900
2016-10-18,107.97,108.8,107.080002,107.15,897300
2016-10-19,107.82,108.57,107.15,108.19,1234600
2016-10-20,108.0,108.32,107.31,107.9,856400
2016-10-21,107.71,108.89,107.080002,108.45,3144100
2016-10-24,109.22,109.99,108.8,109.63,974500
2016-10-25,109.64,109.81,108.089996,108.32,1202900
2016-10-26,108.2,108.52,107.67,107.82,980800
2016-10-27,108.37,108.5,107.22,107.31,1244900
2016-10-28,107.5,108.66,107.35,108.17,1157800
2016-10-31,108.72,109.15,108.28,108.74,1348400
2016-11-01,109.029999,109.19,106.63,107.39,1048100
2016-11-02,107.41,107.64,106.029999,106.2,1204400
2016-11-03,108.4,108.4,105.48,105.6,1110300
2016-11-04,104.61,106.35,104.56,105.28,1035000
2016-11-07,106.6,107.99,106.37,107.9,1169800
2016-11-08,107.95,108.93,107.36,108.35,882400
2016-11-09,104.27,109.57,103.22,109.36,2198500
2016-11-10,109.6,110.58,107.19,109.23,1515600
2016-11-11,109.0,111.52,108.7,111.38,2334500
2016-11-14,111.5,112.059998,109.92,110.010002,1822200
2016-11-15,110.46,111.82,110.23,110.9,1405600
2016-11-16,110.83,111.019997,109.96,110.86,2330000
2016-11-17,110.81,113.84,110.22,113.8,1912600
2016-11-18,113.74,116.62,113.63,115.98,4870500
2016-11-21,115.25,115.98,114.69,115.67,1939800
2016-11-22,116.24,116.66,115.62,116.43,1382800
2016-11-23,116.32,116.38,115.55,115.82,1497600
2016-11-25,115.9,116.17,115.32,116.07,516800
2016-11-28,115.9,116.5,115.28,115.71,1166200
2016-11-29,115.54,116.63,115.33,116.16,1480100
2016-11-30,116.16,116.25,113.67,113.68,1696100
2016-12-01,113.79,114.2,112.4,113.37,2088700
2016-12-02,113.25,113.83,112.23,113.26,840200
2016-12-05,113.92,115.58,111.48,114.89,1041800
2016-12-06,114.79,114.89,113.7,114.53,852400
2016-12-07,114.32,116.64,114.22,116.61,942500
2016-12-08,116.43,117.74,116.13,117.67,999500
2016-12-09,117.58,117.64,116.67,116.98,1175000
2016-12-12,116.63,116.96,115.53,116.029999,973300
2016-12-13,116.18,118.56,116.050003,117.79,978600
2016-12-14,118.040001,118.66,117.55,117.67,996100
2016-12-15,117.71,118.19,117.14,117.78,853000
2016-12-16,118.28,118.28,116.75,117.31,1496000
2016-12-19,117.16,118.61,117.050003,118.15,651400
2016-12-20,118.63,118.63,117.67,118.39,638400
2016-12-21,118.28,118.37,117.4,117.69,567000
2016-12-22,117.28,117.45,116.26,116.91,696600
2016-12-23,116.99,117.45,116.6,116.92,417100
2016-12-27,117.36,117.94,116.62,116.9,819600
2016-12-28,116.88,116.89,115.18,115.46,801500
2016-12-29,115.41,115.85,114.81,114.92,636700
2016-12-30,115.33,115.76,113.54,114.61,1442800
2017-01-03,114.34,115.3,114.099998,114.75,1433800
2017-01-04,114.71,115.63,114.3,114.98,871700
2017-01-05,114.78,115.74,114.5,115.69,1051400
2017-01-06,115.6,117.029999,115.2,116.86,997200
2017-01-09,116.89,116.98,115.79,116.51,706400
2017-01-10,116.44,116.63,115.26,116.11,925500
2017-01-11,116.099998,116.69,115.48,116.38,837900
2017-01-12,116.24,117.15,115.37,117.040001,708000
2017-01-13,117.029999,117.27,116.51,117.099998,616000
2017-01-17,116.96,117.31,115.59,116.089996,753700
2017-01-18,116.6,116.86,115.63,115.79,843100
2017-01-19,116.07,116.4,115.07,115.95,961800
2017-01-20,116.48,117.21,115.78,117.099998,1376800
2017-01-23,117.050003,117.45,116.23,117.099998,1053100
2017-01-24,117.72,118.85,117.27,118.75,964400
2017-01-25,119.64,120.55,119.080002,120.010002,1442600
2017-01-26,120.0,120.11,118.38,118.46,1041600
2017-01-27,119.12,119.26,118.21,118.59,703000
2017-01-30,118.49,118.55,117.31,118.53,807800
2017-01-31,118.42,118.58,117.62,118.58,1207200
2017-02-01,118.49,118.99,117.39,117.71,922600
2017-02-02,117.21,118.19,116.43,117.83,743800
2017-02-03,118.54,119.25,118.32,118.37,828100
2017-02-06,118.089996,118.17,117.28,117.89,757200
2017-02-07,118.24,118.59,117.2,117.48,790900
2017-02-08,111.9,117.66,111.9,116.55,2963600
2017-02-09,116.64,117.27,115.8,116.089996,1718300
2017-02-10,116.56,117.55,115.89,117.53,1428100
2017-02-13,118.19,118.68,117.21,118.4,1357800
2017-02-14,118.16,118.87,117.54,118.84,1475000
2017-02-15,118.54,118.96,117.93,118.95,1031100
2017-02-16,119.0,119.33,118.37,119.24,874800
2017-02-17,119.24,119.87,118.2,119.86,2113400
2017-02-21,119.42,120.54,118.81,119.87,1505700
2017-02-22,119.77,120.16,119.11,119.43,1254800
2017-02-23,119.49,120.98,119.059998,120.7,1635100
2017-02-24,126.5,128.45,123.87,128.0099945,3478500
2017-02-27,126.95,127.58,125.37,125.85,2245800
2017-02-28,125.72,125.86,124.39,125.44,1932300
2017-03-01,125.89,125.89,124.18,124.53,2503400
2017-03-02,123.94,125.42,123.86,125.17,1543100
2017-03-03,125.38,126.67,124.71,126.45,1500600
2017-03-06,125.74,126.55,125.43,126.099998,1045500
2017-03-07,126.44,126.49,125.29,125.4,1121900
2017-03-08,125.050003,125.65,124.85,125.6,1469700
2017-03-09,125.93,126.0,124.27,124.76,1294700
2017-03-10,125.69,125.69,124.66,124.94,1282100
2017-03-13,124.77,125.080002,124.45,124.95,2094600
2017-03-14,124.88,125.029999,123.85,124.31,2018500
2017-03-15,124.93,125.36,124.18,124.67,1358300
2017-03-16,124.64,124.94,123.9,124.35,1259900
2017-03-17,124.5,124.63,123.69,123.92,1668000
2017-03-20,123.57,124.19,122.77,123.4,1380500
2017-03-21,123.53,123.8,120.95,121.050003,1754200
2017-03-22,121.26,121.49,120.82,121.12,1571100
2017-03-23,121.3,122.07,119.9,119.99,1485300
2017-03-24,120.43,120.64,119.099998,119.72,1890100
2017-03-27,118.85,119.059998,117.79,118.45,2110600
2017-03-28,118.75,118.9,117.64,118.0,2695300
2017-03-29,117.83,118.14,116.77,117.88,4294300
2017-03-30,117.55,117.79,115.43,115.62,2093200
2017-03-31,115.5,116.39,115.3,115.99,4699700
2017-04-03,116.050003,116.52,114.8,116.17,4074500
2017-04-04,115.69,116.78,115.69,116.029999,1718300
2017-04-05,116.57,117.28,116.050003,116.55,1881700
2017-04-06,116.040001,117.86,115.56,117.81,3653600
2017-04-07,117.99,118.96,117.81,118.46,2561800
2017-04-10,118.55,119.3,118.040001,118.62,2147200
2017-04-11,118.36,118.75,117.38,118.68,1673300
2017-04-12,118.23,118.38,117.51,117.83,1668000
2017-04-13,118.050003,118.89,117.72,117.89,1115900
2017-04-17,118.29,118.67,117.93,118.64,940200
2017-04-18,118.43,119.48,118.27,119.35,1719200
2017-04-19,119.66,119.73,118.7,118.97,1434400
2017-04-20,119.11,119.13,117.84,118.27,2790600
2017-04-21,118.48,118.73,117.93,118.36,2409500
2017-04-24,119.42,119.42,118.25,118.76,1748100
2017-04-25,118.92,119.38,118.61,119.080002,2072300
2017-04-26,118.9,119.019997,115.62,115.81,3963400
2017-04-27,123.34,125.74,123.15,125.61,4945700
2017-04-28,126.080002,126.080002,124.82,125.21,1943300
2017-05-01,125.55,125.67,124.72,125.52,1381300
2017-05-02,125.75,126.19,125.019997,125.91,1427900
2017-05-03,126.0,126.0,125.089996,125.6,936600
2017-05-04,125.93,126.12,125.47,125.95,971300
2017-05-05,126.48,126.48,125.7,126.14,755300
2017-05-08,126.15,126.35,125.55,126.17,974700
2017-05-09,126.22,127.080002,125.91,126.73,1097000
2017-05-10,126.45,127.46,126.45,127.089996,1378300
2017-05-11,126.84,127.19,126.080002,126.88,978600
2017-05-12,126.87,126.87,126.14,126.51,793600
2017-05-15,126.33,127.64,126.010002,127.63,1346000
2017-05-16,127.58,127.61,127.11,127.5,930700
2017-05-17,126.76,127.42,125.29,125.35,1471600
2017-05-18,125.2,125.83,124.22,125.15,1697300
2017-05-19,125.28,126.67,124.7,125.38,2704500
2017-05-22,125.5,127.28,125.16,127.16,1719800
2017-05-23,127.8,130.10001,127.39,129.14999,2670800
2017-05-24,139.71001,140.25,136.41,137.83,5279500
2017-05-25,137.53,138.81,135.42999,138.36,3528800
2017-05-26,138.029999,139.86,136.83,138.56,2318100
2017-05-30,138.48,140.2,138.0,140.050003,2606300
2017-05-31,140.2,141.080002,139.52,140.64,2388000
2017-06-01,140.55,141.67999,140.27,141.33,1903100
2017-06-02,141.22,142.89,141.13,142.81,1521900
2017-06-05,142.62,143.46001,142.19,142.64999,1472500
2017-06-06,142.17999,142.94,141.60001,141.63,1987100
2017-06-07,142.12,142.81,141.42999,141.97,1447000
2017-06-08,142.23,142.99001,141.61,142.71001,1416800
2017-06-09,143.0,143.81,139.10001,140.21001,1890700
2017-06-12,138.96001,140.14,138.0099945,139.74001,1776500
2017-06-13,139.8,140.71001,139.41,139.88,1492500
2017-06-14,140.5,141.029999,138.86,140.19,906900
2017-06-15,138.96001,140.48,138.13,140.0,1347000
2017-06-16,138.64999,140.46001,138.64999,139.49001,1920800
2017-06-19,140.2,141.28,139.75,140.75,1690200
2017-06-20,140.56,140.89999,140.029999,140.17,1042200
2017-06-21,140.78,141.52,139.98,140.25,1265100
2017-06-22,139.89999,140.64,139.60001,139.99001,1112900
2017-06-23,140.24001,140.78,139.56,140.39999,1543600
2017-06-26,138.41,139.85001,137.67999,138.39999,1363800
2017-06-27,137.78,138.41,135.25999,135.28999,1540500
2017-06-28,135.45,137.62,134.49001,135.37,1533100
2017-06-29,134.98,135.13,132.35001,133.10001,1784900
2017-06-30,133.75,134.78,132.78,132.81,2294800
2017-07-03,133.82001,133.83,131.64,131.67999,759200
2017-07-05,131.91,132.89,131.25999,131.98,1275600
2017-07-06,130.89,131.81,130.25999,131.10001,1411600
2017-07-07,132.0,133.0,131.71001,131.89999,1226200
2017-07-10,131.53999,132.42999,131.0,131.87,1182600
2017-07-11,132.17999,132.98,131.69,132.36,990200
2017-07-12,133.49001,133.78999,133.029999,133.48,1328400
2017-07-13,133.45,134.0,131.78999,132.39999,1596900
2017-07-14,132.89,133.39,132.67999,132.88,1572000
2017-07-17,132.96001,133.75999,132.62,133.070007,1011300
2017-07-18,132.69,133.82001,132.64999,133.64999,808800
2017-07-19,133.42999,135.25999,133.28999,135.19,1082700
2017-07-20,135.17,135.91,134.2,135.35001,1172300
2017-07-21,134.69,135.78999,134.19,134.84,849500
2017-07-24,134.98,136.25999,134.72,136.25,910600
2017-07-25,136.83,137.66,135.94,136.84,941100
2017-07-26,137.0,137.39999,136.37,137.14,980700
2017-07-27,136.89999,137.71001,135.14,136.87,1257800
2017-07-28,136.48,137.0099945,135.39999,135.64,979600
2017-07-31,135.56,137.41,135.50999,137.21001,1130200
2017-08-01,137.64,138.71001,135.71001,137.42999,1010000
2017-08-02,137.49001,137.59,135.83,136.53,1238200
2017-08-03,136.95,137.64999,136.25,137.14,879600
2017-08-04,137.55,137.78999,136.69,136.89999,675700
2017-08-07,136.27,137.050003,135.94,136.64999,866300
2017-08-08,136.029999,137.21001,135.81,136.17999,746700
2017-08-09,136.0,136.97,135.25999,136.82001,761700
2017-08-10,135.99001,136.48,134.8,135.16,928300
2017-08-11,136.73,137.039993,135.089996,136.60001,747200
2017-08-14,137.39999,139.58,137.39999,138.89,1148900
2017-08-15,138.39999,139.089996,135.81,137.47,1548000
2017-08-16,137.34,138.21001,137.070007,137.92,1075500
2017-08-17,137.7,137.88,134.42999,134.46001,1272800
2017-08-18,133.95,135.089996,133.77,134.11,1305900
2017-08-21,134.48,136.080002,133.98,135.91,1778900
2017-08-22,136.14,138.35001,135.58,138.14999,2260900
2017-08-23,138.25,139.39999,133.60001,135.52,2557000
2017-08-24,135.27,135.8,133.71001,135.33,1944200
2017-08-25,135.66,137.78999,135.66,137.35001,1530000
2017-08-28,137.28999,138.17999,136.48,137.89999,1471300
2017-08-29,136.75999,138.60001,136.75,138.0099945,1019100
2017-08-30,137.78999,140.14,137.75999,139.97,1859200
2017-08-31,140.070007,141.69,139.75999,141.45,2337200
2017-09-01,141.83,142.25999,141.059998,141.89999,1074900
2017-09-05,141.070007,142.45,140.85001,141.53999,1370200
2017-09-06,142.14999,142.49001,140.74001,141.14,1185600
2017-09-07,140.99001,141.75999,140.070007,141.0,1525700
2017-09-08,141.17,141.7,140.94,141.56,953200
2017-09-11,142.42999,143.080002,141.87,142.64,1096400
2017-09-12,142.92999,143.0,140.53,142.38,1787900
2017-09-13,141.7,142.25999,140.75,142.059998,1231600
2017-09-14,141.34,142.089996,140.58,142.080002,1264800
2017-09-15,141.85001,142.35001,141.11,142.13,1423500
2017-09-18,142.070007,144.059998,141.61,143.8,1408400
2017-09-19,144.3,146.039993,143.59,145.34,1740600
2017-09-20,145.33,145.91,144.0,144.97,1249700
2017-09-21,145.82001,145.89999,144.059998,144.49001,1162900
2017-09-22,144.070007,146.72,144.070007,146.32001,1311000
2017-09-25,145.53,145.99001,143.75999,144.74001,1324800
2017-09-26,145.23,145.61,144.10001,144.77,1166300
2017-09-27,144.2,145.67999,143.67999,144.36,1567300
2017-09-28,143.46001,144.020004,141.60001,142.31,1935400
2017-09-29,142.17999,142.92,140.37,142.14,2566400
2017-10-02,142.25999,143.28999,141.17999,141.74001,1583900
2017-10-03,141.77,142.3,141.31,141.85001,1244900
2017-10-04,141.75,142.89,140.21001,142.67,1612200
2017-10-05,142.99001,143.13,142.020004,142.86,1068900
2017-10-06,142.35001,144.24001,142.039993,144.17999,992700
2017-10-09,144.34,144.34,143.41,143.96001,786900
2017-10-10,143.95,144.72,143.46001,144.17999,778200
2017-10-11,144.17,144.67999,143.17999,143.66,1217000
2017-10-12,143.64999,145.92999,143.46001,145.86,1094500
2017-10-13,146.81,146.99001,145.25,145.64999,1029700
2017-10-16,146.0,146.0,144.64,144.74001,743100
2017-10-17,144.78,145.64,144.53,145.5,1143900
2017-10-18,145.61,146.46001,145.14,145.77,888100
2017-10-19,145.39999,146.64999,145.38,146.62,873600
2017-10-20,146.46001,148.42,146.46001,147.97,1175300
2017-10-23,148.53,148.89,146.96001,147.32001,810300
2017-10-24,147.089996,148.62,145.83,148.62,1144700
2017-10-25,148.35001,149.74001,147.97,149.46001,1460600
2017-10-26,150.050003,151.95,149.42999,151.33,1124800
2017-10-27,151.39999,153.86,150.82001,153.46001,1173100
2017-10-30,153.22,153.25999,150.39,151.45,953900
2017-10-31,151.78,151.99001,150.50999,151.020004,858900
2017-11-01,151.85001,152.22,150.55,151.36,892400
2017-11-02,151.34,152.32001,150.60001,152.14999,925500
2017-11-03,151.89,154.039993,151.039993,153.64,962400
2017-11-06,153.86,154.19,152.039993,152.67999,671100
2017-11-07,153.25,153.33,151.58,152.50999,662900
2017-11-08,152.61,153.19,151.67,152.96001,734300
2017-11-09,152.0099945,152.59,150.58,152.41,954700
2017-11-10,151.66,153.45,151.56,153.3,712000
2017-11-13,153.0099945,155.37,153.0099945,154.89,1091400
2017-11-14,154.050003,155.78,153.52,155.21001,946500
2017-11-15,155.22,156.46001,153.36,153.86,1659000
2017-11-16,154.089996,156.039993,153.59,155.64999,1143700
2017-11-17,155.99001,156.71001,155.27,156.55,1247700
2017-11-20,157.22,158.89999,156.53,157.78,1871100
2017-11-21,152.5,156.39,151.17999,151.78999,2533400
2017-11-22,151.94,152.38,150.72,151.63,1821500
2017-11-24,151.10001,153.98,151.020004,153.91,1055000
2017-11-27,153.81,155.12,153.35001,154.77,1609600
2017-11-28,154.92,155.89,154.33,155.78999,1359000
2017-11-29,155.87,155.96001,153.17999,154.22,2266600
2017-11-30,154.75999,157.8,153.91,157.22,3417500
2017-12-01,156.14,158.0,152.58,156.44,1645600
2017-12-04,156.7,156.88,154.21001,154.53999,1691400
2017-12-05,154.7,156.32001,154.19,154.47,961200
2017-12-06,154.46001,156.25,153.56,156.19,946600
2017-12-07,155.71001,155.99001,154.28999,155.56,1606900
2017-12-08,156.050003,156.39,154.14999,155.23,1637900
2017-12-11,155.089996,155.83,153.94,155.67999,1378800
2017-12-12,155.33,156.41,154.53,155.85001,1021100
2017-12-13,156.35001,157.75999,156.0099945,156.48,1426000
2017-12-14,156.83,157.48,155.61,156.19,1044400
2017-12-15,156.99001,159.77,156.039993,159.64999,2382900
2017-12-18,160.0,161.44,159.8,161.13,1382700
2017-12-19,160.86,161.3,158.7,159.88,1740200
2017-12-20,160.3,160.46001,158.11,159.35001,1393800
2017-12-21,159.39,159.85001,158.020004,158.62,1511900
2017-12-22,158.24001,158.67999,157.67,158.5,679100
2017-12-26,157.41,159.22,157.41,158.92999,618100
2017-12-27,158.97,159.42999,158.45,158.73,547900
2017-12-28,159.49001,159.49001,158.050003,158.58,636300
2017-12-29,158.42999,159.42,157.74001,157.78,690200
2018-01-02,158.22,158.85001,157.0099945,158.72,1436100
2018-01-03,158.23,159.33,157.74001,159.16,1410900
2018-01-04,159.46001,163.82001,159.46001,162.0099945,1695000
2018-01-05,162.8,164.55,162.5,164.11,1071900
2018-01-08,164.029999,164.53,163.34,164.21001,1185800
2018-01-09,164.14,165.13,162.77,164.85001,1098300
2018-01-10,164.38,164.58,162.55,163.50999,1095400
2018-01-11,163.52,164.28,162.25,163.0,813700
2018-01-12,163.080002,164.94,162.92999,164.50999,651800
2018-01-16,165.0,166.49001,161.83,162.28999,1385000
2018-01-17,163.88,164.67999,162.92999,164.28999,903200
2018-01-18,163.89,164.96001,163.61,164.39999,980800
2018-01-19,164.94,167.82001,164.62,167.74001,1555400
2018-01-22,167.75,168.8,167.14,168.67,1042600
2018-01-23,169.0,169.78999,167.75,168.46001,1058800
2018-01-24,168.64,169.58,166.89,167.55,860600
2018-01-25,168.029999,168.78,166.28,167.82001,740000
2018-01-26,168.53999,170.59,168.19,170.44,751700
2018-01-29,169.96001,170.42999,168.27,169.21001,939800
2018-01-30,169.71001,170.0,167.33,168.5,1189200
2018-01-31,168.60001,168.98,166.97,167.89999,1314500
2018-02-01,167.56,168.45,164.92,165.64999,1499900
2018-02-02,164.49001,166.41,163.41,163.42,1412900
2018-02-05,162.66,163.99001,157.64,157.64999,1678300
2018-02-06,155.21001,160.91,152.61,160.87,2205500
2018-02-07,159.75,165.31,159.14,161.28999,1673500
2018-02-08,161.28,161.28,152.66,152.75,1615100
2018-02-09,152.72,158.38,150.42999,157.059998,2175700
2018-02-12,159.21001,160.78,157.5,159.38,1484900
2018-02-13,156.92999,160.2,155.020004,159.36,1264500
2018-02-14,158.85001,164.059998,158.13,163.89999,1235400
2018-02-15,164.73,169.32001,163.38,169.31,1237600
2018-02-16,169.020004,173.0,168.81,171.69,1700500
2018-02-20,171.0,174.55,170.55,173.57001,1819800
2018-02-21,174.5,176.25999,173.21001,173.32001,1460400
2018-02-22,173.89,177.50999,171.58,172.10001,2068800
2018-02-23,167.89999,172.3,164.85001,171.78,3189900
2018-02-26,171.75,172.86,169.92999,172.67,2290700
2018-02-27,172.36,173.16,170.25999,170.35001,1740400
2018-02-28,171.38,172.11,166.8,166.86,1672300
2018-03-01,167.39999,168.14,163.24001,164.34,1794300
2018-03-02,162.84,169.21001,162.59,168.84,1896100
2018-03-05,167.59,171.41,167.0,170.17999,1301800
2018-03-06,170.89999,171.089996,168.78999,169.46001,1262600
2018-03-07,168.58,171.16,168.25999,170.66,1352300
2018-03-08,171.039993,171.62,169.82001,171.47,817700
2018-03-09,172.38,177.25999,172.020004,177.17,1761600
2018-03-12,177.42999,178.61,176.53999,177.33,1990600
2018-03-13,177.67,179.17,176.57001,177.67999,1679200
2018-03-14,178.8,178.99001,176.25999,177.28999,1021600
2018-03-15,177.27,178.42,176.72,177.92999,1230900
2018-03-16,178.16,179.3,177.50999,178.59,1654800
2018-03-19,177.34,177.57001,173.48,175.74001,1292900
2018-03-20,176.14,178.99001,175.24001,178.14999,1451000
2018-03-21,177.60001,178.88,175.81,176.66,1256500
2018-03-22,174.78,177.089996,174.0,174.83,1531700
2018-03-23,174.8,176.67,169.84,169.87,1751500
2018-03-26,173.0099945,174.66,171.64,174.53,2560700
2018-03-27,176.12,177.089996,172.16,173.25,1746500
2018-03-28,173.44,174.059998,170.38,170.92999,1592700
2018-03-29,172.31,175.14999,169.88,173.35001,1244000
2018-04-02,173.0099945,173.87,167.71001,169.88,1797200
2018-04-03,170.77,170.77,167.67,170.47,1400100
2018-04-04,168.39,173.78999,167.42999,173.050003,2024000
2018-04-05,174.19,174.61,171.059998,171.83,2026800
2018-04-06,169.92,171.23,166.52,167.67999,1995800
2018-04-09,168.77,172.16,168.0,169.39,1684200
2018-04-10,172.14,172.14,169.82001,171.31,1663100
2018-04-11,169.7,172.89,169.11,171.59,812300
2018-04-12,172.17999,174.17,171.059998,173.63,708200
2018-04-13,174.66,174.66,171.11,171.99001,678300
2018-04-16,173.35001,175.74001,172.74001,175.3,852300
2018-04-17,176.61,181.5,175.57001,181.0,1909100
2018-04-18,181.13,181.97,177.64999,181.19,1775000
2018-04-19,180.75999,181.97,178.94,179.41,1150500
2018-04-20,178.33,179.95,177.070007,178.13,1264700
2018-04-23,179.10001,181.85001,178.64999,180.3,943700
2018-04-24,181.19,182.92999,176.77,178.57001,1220300
2018-04-25,178.17,179.78,174.36,176.37,1505000
2018-04-26,180.78,186.39,180.75,185.17999,2036400
2018-04-27,185.45,186.84,184.17999,186.59,1110300
2018-04-30,187.2,188.56,184.72,184.78999,1444300
2018-05-01,184.82001,187.50999,184.37,187.24001,1001200
2018-05-02,187.17999,188.050003,185.25,185.92999,1190400
2018-05-03,184.89999,187.61,183.020004,186.38,1245200
2018-05-04,185.98,190.49001,185.34,189.45,1191100
2018-05-07,190.53,191.3,188.7,189.56,1103000
2018-05-08,188.28,190.39999,188.14999,190.17,1108700
2018-05-09,190.64999,193.67999,189.85001,192.67,932800
2018-05-10,194.53999,194.74001,192.75,194.3,924400
2018-05-11,194.19,196.28,193.46001,194.2,1208100
2018-05-14,194.63,195.99001,191.96001,192.59,1090000
2018-05-15,190.47,190.88,188.61,189.77,2066200
2018-05-16,190.38,191.42999,188.8,190.41,1572700
2018-05-17,189.81,191.2,188.47,189.78,991100
2018-05-18,189.28,191.039993,188.25,190.53999,1305400
2018-05-21,192.21001,192.75,190.89,191.69,1297200
2018-05-22,192.58,192.66,189.73,190.53999,1934100
2018-05-23,187.25999,196.97,187.21001,196.23,2200300
2018-05-24,195.5,198.2,194.66,197.78999,2051000
2018-05-25,197.17999,199.48,196.53,197.089996,1399600
2018-05-29,195.67,198.35001,194.82001,196.7,1850500
2018-05-30,198.050003,201.59,197.83,201.10001,1532200
2018-05-31,200.89999,203.44,200.16,201.60001,2822900
2018-06-01,202.28,204.25,201.0,204.080002,1296400
2018-06-04,204.23,207.14,203.95,207.0,1548300
2018-06-05,207.25,208.5,206.22,208.23,1344700
2018-06-06,208.28999,209.53999,206.91,209.5,1722200
2018-06-07,209.37,209.37,203.35001,206.25999,1231000
2018-06-08,206.10001,207.19,204.5,206.25999,1108100
2018-06-11,206.73,206.98,205.83,206.36,766000
2018-06-12,206.78999,207.74001,205.98,207.49001,1093300
2018-06-13,207.27,209.42999,207.050003,207.78999,1090800
2018-06-14,208.83,210.13,207.75,209.080002,797600
2018-06-15,208.64,210.19,206.71001,208.96001,2175400
2018-06-18,207.67999,209.83,205.8,209.16,1205400
2018-06-19,209.82001,210.85001,207.12,210.61,1824100
2018-06-20,210.85001,213.75999,210.16,213.52,1235800
2018-06-21,214.25,216.63,209.42999,209.8,1693500
2018-06-22,209.77,210.47,205.83,205.98,2316100
2018-06-25,204.87,205.0,200.0099945,201.74001,2058200
2018-06-26,201.94,203.41,201.5,202.11,1638000
2018-06-27,202.42999,203.97,198.029999,198.22,1276400
2018-06-28,198.45,204.75,198.45,204.020004,1467800
2018-06-29,204.36,206.52,203.31,204.31,1268100
2018-07-02,203.0099945,206.19,201.71001,205.44,1974400
2018-07-03,206.95,206.95,204.36,204.75999,776700
2018-07-05,206.55,207.94,203.8,205.059998,1341800
2018-07-06,205.67999,208.39,204.47,208.14999,1384200
2018-07-09,209.22,209.78999,206.50999,207.73,1109400
2018-07-10,208.13,209.3,207.56,208.46001,998300
2018-07-11,207.60001,209.53,207.55,209.19,966800
2018-07-12,210.7,213.86,209.95,213.72,1656900
2018-07-13,213.92,214.36,212.24001,213.71001,870300
2018-07-16,213.55,214.92,213.42999,214.46001,623300
2018-07-17,213.53999,216.99001,210.92999,216.48,725800
2018-07-18,216.0,218.61,215.080002,218.31,878500
2018-07-19,217.50999,218.17,215.14,215.99001,1136000
2018-07-20,216.039993,216.59,215.11,215.28,776100
2018-07-23,215.28999,217.75,215.020004,217.39,770200
2018-07-24,218.14999,219.46001,215.34,215.8,966500
2018-07-25,216.0,217.5,215.42999,217.25,1338700
2018-07-26,217.61,219.34,216.25,216.64,1062900
2018-07-27,217.5,218.19,209.32001,212.31,1284100
2018-07-30,208.059998,212.16,202.39999,202.67999,1780000
2018-07-31,204.2,206.42,201.85001,204.24001,2225500
2018-08-01,203.91,205.62,203.31,204.25999,1264700
2018-08-02,202.7,205.81,202.39,205.73,1427900
2018-08-03,206.78999,206.99001,203.92,205.14999,936100
2018-08-06,204.53999,207.99001,204.35001,207.48,936000
2018-08-07,207.74001,210.16,207.71001,209.48,1221400
2018-08-08,209.7,210.58,208.11,210.039993,808900
2018-08-09,212.61,212.84,210.62,211.19,812900
2018-08-10,209.59,212.71001,209.11,211.0099945,918100
2018-08-13,211.39,212.74001,209.3,209.57001,995500
2018-08-14,210.0,211.5,208.61,210.69,1065400
2018-08-15,209.50999,211.59,207.10001,209.47,952100
2018-08-16,210.69,211.17,208.87,209.69,958300
2018-08-17,209.050003,210.5,206.21001,207.89,2001200
2018-08-20,208.82001,208.82001,207.070007,207.39999,2210600
2018-08-21,208.41,210.39,208.020004,209.0099945,2091500
2018-08-22,209.0099945,210.39,208.59,209.69,1797400
2018-08-23,210.31,213.46001,210.0099945,212.45,2073500
2018-08-24,212.85001,217.36,211.46001,216.63,2736600
2018-08-27,216.64,217.46001,210.22,211.97,2418600
2018-08-28,212.32001,216.029999,212.21001,215.92999,1618900
2018-08-29,215.60001,218.75,215.44,217.89999,1517100
2018-08-30,217.17,219.21001,216.35001,218.63,1246800
2018-08-31,217.97,219.78,217.60001,219.47,1341100
2018-09-04,219.94,221.12,218.059998,220.74001,1200600
2018-09-05,220.60001,221.089996,214.71001,218.69,1837100
2018-09-06,218.41,220.8,216.61,219.86,1456700
2018-09-07,218.28,221.58,217.17999,220.32001,1604600
2018-09-10,220.62,225.12,220.070007,224.72,1567400
2018-09-11,224.11,226.78999,223.71001,226.020004,1595300
2018-09-12,226.21001,226.92999,223.089996,225.67999,1001000
2018-09-13,226.34,228.38,225.92999,227.78,1543200
2018-09-14,228.73,229.86,226.83,227.53999,1434400
2018-09-17,227.50999,228.22,225.21001,225.47,1515300
2018-09-18,225.78999,229.62,225.21001,228.17999,1331100
2018-09-19,227.75999,228.41,219.059998,220.88,2072200
2018-09-20,222.020004,222.42999,220.47,221.45,1366000
2018-09-21,222.50999,223.52,219.75999,220.44,5539700
2018-09-24,219.48,221.97,217.69,218.89999,1505500
2018-09-25,219.0,221.98,219.0,221.96001,2041500
2018-09-26,222.64999,224.60001,221.059998,222.17999,1452500
2018-09-27,222.67999,224.31,222.49001,222.82001,890700
2018-09-28,223.89,227.92999,223.5,227.39999,1593400
2018-10-01,228.85001,229.8,226.62,227.72,1110400
2018-10-02,227.87,228.57001,224.57001,227.62,1276100
2018-10-03,230.0,231.84,228.53,231.32001,1646400
2018-10-04,230.27,230.77,223.39999,224.67,1533700
2018-10-05,225.039993,226.75999,220.34,222.31,1343000
2018-10-08,222.42,222.69,213.98,217.34,1842100
2018-10-09,218.8,221.48,217.34,220.66,1721900
2018-10-10,219.5,220.0099945,204.21001,204.44,2826000
2018-10-11,204.64,208.56,199.0,200.69,2918800
2018-10-12,208.19,212.39999,205.58,211.82001,2602200
2018-10-15,211.69,211.69,207.57001,208.78,1220200
2018-10-16,211.63,215.86,209.69,214.92,1591000
2018-10-17,215.44,218.95,213.25,218.83,2167000
2018-10-18,217.44,218.12,212.39999,212.67999,1727400
2018-10-19,214.97,215.95,210.14,211.10001,1725900
2018-10-22,212.020004,214.64,209.17,213.27,1334800
2018-10-23,209.53,210.34,204.32001,208.87,1591300
2018-10-24,208.23,211.16,201.27,201.42999,1533000
2018-10-25,204.32001,208.19,202.78999,207.66,1367400
2018-10-26,200.97,205.31,199.55,202.020004,1399400
2018-10-29,206.35001,208.2,196.39999,200.67,1534300
2018-10-30,200.88,204.21001,199.46001,202.8,1486900
2018-10-31,205.39,212.77,205.089996,211.0,1589600
2018-11-01,210.81,212.59,207.81,212.36,1411600
2018-11-02,212.95,215.73,211.67999,212.98,2165800
2018-11-05,213.94,214.87,211.32001,214.44,1361300
2018-11-06,213.82001,216.14999,211.37,213.7,1228300
2018-11-07,215.69,221.89,215.020004,221.88,1146400
2018-11-08,220.71001,223.31,220.070007,223.24001,920600
2018-11-09,222.89,223.41,219.050003,222.17,1588100
2018-11-12,221.48,221.48,212.62,212.87,1651800
2018-11-13,213.92999,216.38,212.050003,212.84,1569800
2018-11-14,214.87,216.31,208.17,209.38,1189400
2018-11-15,208.78999,215.19,207.67,214.53999,1342800
2018-11-16,213.0099945,214.35001,210.42999,211.44,1606200
2018-11-19,210.050003,211.14999,196.27,199.24001,3277600
2018-11-20,197.61,198.98,190.71001,195.17999,4439900
2018-11-21,198.35001,200.57001,194.33,198.39999,2578600
2018-11-23,195.62,197.92999,195.0,197.050003,1622700
2018-11-26,202.070007,202.080002,199.61,201.42,2151400
2018-11-27,199.7,199.71001,195.53,198.75,1781400
2018-11-28,199.32001,209.020004,199.32001,208.92,2284600
2018-11-29,206.96001,209.95,205.14,209.19,1899500
2018-11-30,210.41,214.88,209.0099945,214.53,2692500
2018-12-03,217.72,219.85001,211.50999,213.52,2120200
2018-12-04,212.66,214.11,205.39999,207.64999,1726000
2018-12-06,203.2,211.57001,199.39999,211.55,2659600
2018-12-07,210.21001,212.25,202.2,202.46001,1767600
2018-12-10,202.96001,207.0099945,201.28,206.78999,1584400
2018-12-11,210.0,210.42999,204.059998,206.11,1594600
2018-12-12,210.11,212.96001,208.67,209.17999,1480100
2018-12-13,206.86,211.17,204.71001,208.44,2405900
2018-12-14,205.48,206.58,200.35001,200.92999,2277800
2018-12-17,200.28999,201.52,195.78999,197.49001,2636300
2018-12-18,199.029999,200.75,196.0,198.13,1984500
2018-12-19,198.57001,202.88,193.32001,195.57001,1889400
2018-12-20,194.49001,196.21001,188.070007,192.059998,2181200
2018-12-21,192.78,194.99001,184.99001,185.81,3323100
2018-12-24,185.0,188.38,182.61,182.75,1007900
2018-12-26,184.13,192.86,183.070007,192.8,1987700
2018-12-27,189.56,197.39,187.84,197.24001,2730900
2018-12-28,197.74001,199.49001,194.45,195.85001,1340200
2018-12-31,197.37,198.75999,195.42999,196.85001,1074200
2019-01-02,191.5,195.81,191.11,194.47,1485600
2019-01-03,191.25,193.24001,188.21001,188.52,2015900
2019-01-04,191.81,198.28,189.75999,196.0,1736400
2019-01-07,195.33,200.41,195.33,198.99001,1175400
2019-01-08,200.83,203.86,198.080002,203.75999,1654000
2019-01-09,204.059998,205.0,200.34,202.66,1643200
2019-01-10,201.75,207.28999,201.11,206.059998,1507300
2019-01-11,205.44,207.0,204.059998,206.14999,1479600
2019-01-14,203.75,206.34,202.91,205.14999,1058000
2019-01-15,205.38,210.25,205.38,209.81,1559900
2019-01-16,210.99001,214.38,209.25,209.99001,1340700
2019-01-17,208.50999,212.11,208.50999,211.73,1106400
2019-01-18,214.17999,215.32001,210.89,213.87,1623000
2019-01-22,212.84,215.82001,210.87,212.34,1656500
2019-01-23,213.0,216.49001,209.89999,212.24001,1454700
2019-01-24,212.34,213.57001,210.27,212.16,966200
2019-01-25,214.60001,215.50999,212.75999,214.3,1127500
2019-01-28,212.83,212.89999,209.75,211.050003,972500
2019-01-29,211.21001,211.87,207.69,208.33,995700
2019-01-30,209.72,214.64999,209.60001,214.10001,1251400
2019-01-31,213.60001,217.39999,213.3,215.82001,2792300
2019-02-01,215.74001,216.86,212.67,214.45,1935000
2019-02-04,216.88,222.36,215.56,220.91,2256000
2019-02-05,221.42999,225.47,221.19,224.49001,1818200
2019-02-06,224.14999,224.85001,221.080002,224.58,915900
2019-02-07,222.16,223.44,220.5,220.97,1166400
2019-02-08,219.31,224.91,218.83,224.83,1400600
2019-02-11,226.83,227.32001,224.66,225.47,1472900
2019-02-12,227.58,229.25999,225.81,228.96001,1394900
2019-02-13,230.0,230.5,228.14,228.59,1133100
2019-02-14,227.64999,231.39999,226.50999,230.78,1356200
2019-02-15,233.34,233.73,231.31,233.32001,1142500
2019-02-19,233.36,234.77,232.61,234.63,1398700
2019-02-20,235.74001,236.47,233.72,235.97,1904400
2019-02-21,235.029999,236.75999,232.97,235.029999,2289200
2019-02-22,236.72,251.57001,236.72,250.94,3333700
2019-02-25,247.10001,249.66,245.12,247.72,2876900
2019-02-26,246.3,249.32001,245.41,248.91,1306900
2019-02-27,247.55,249.87,246.48,249.85001,1524800
2019-02-28,249.35001,250.41,246.88,247.13,1677800
2019-03-01,250.0,252.020004,248.63,250.41,1943100
2019-03-04,250.67999,252.2,245.029999,249.0,1447400
2019-03-05,248.19,248.84,245.89,247.089996,1357500
2019-03-06,247.34,249.039993,244.72,246.91,800400
2019-03-07,246.17,247.47,244.25999,245.42999,960700
2019-03-08,242.82001,246.080002,240.0099945,245.88,1080600
2019-03-11,247.46001,250.74001,246.53,250.53999,1467700
2019-03-12,249.75999,251.88,248.39999,250.3,1326200
2019-03-13,251.089996,255.75999,251.089996,253.64999,1374100
2019-03-14,252.96001,256.91,252.89,256.76999,1497500
2019-03-15,256.5,259.85999,256.26001,258.13,3496100
2019-03-18,258.25,259.75,256.42001,257.72,1427000
2019-03-19,258.62,259.25,254.58,256.059998,1477200
2019-03-20,256.17999,257.67001,253.92999,255.99001,1129000
2019-03-21,254.63,260.70999,254.63,260.62,1177000
2019-03-22,258.35999,259.64001,252.47,252.67999,1544900
2019-03-25,252.36,254.11,250.72,253.83,1525900
2019-03-26,255.66,257.51001,254.28,255.99001,916900
2019-03-27,257.72,258.26001,253.13,255.38,966800
2019-03-28,256.54999,259.73999,255.17999,259.22,1285900
2019-03-29,260.23999,261.63,258.98001,261.41,1418300
2019-04-01,264.51999,266.32001,261.32001,265.75,1245700
2019-04-02,269.13,269.17999,264.82001,268.26001,1255800
2019-04-03,270.23001,272.14001,268.42001,269.079987,1957100
2019-04-04,269.35001,269.92999,258.60999,262.63,1945600
2019-04-05,263.42001,264.66,260.98999,261.70001,1119800
2019-04-08,261.79999,262.26999,257.62,260.76001,1630400
2019-04-09,258.42001,261.20999,258.42001,258.89999,1019900
2019-04-10,259.92001,261.0,257.73001,259.089996,2061500
2019-04-11,260.73999,260.73999,258.70999,259.59,1329700
2019-04-12,260.92999,261.84,258.29001,260.059998,2117700
2019-04-15,260.48999,261.54999,259.69,260.88,1595600
2019-04-16,261.79999,262.10999,256.14001,257.98999,1043400
2019-04-17,259.72,260.049988,255.14999,256.26999,1803700
2019-04-18,258.22,258.22,254.60001,257.76999,1370900
2019-04-22,256.10999,261.76001,255.83,261.59,1068900
2019-04-23,262.019989,266.42001,262.019989,265.67999,1520400
2019-04-24,266.41,267.34,263.85999,264.040009,1025900
2019-04-25,264.01001,264.39001,260.44,263.84,987200
2019-04-26,246.42,253.86,238.3,253.58,5424300
2019-04-29,252.77,255.2,246.089996,247.73,2419500
2019-04-30,248.38,251.71001,247.67999,251.059998,1480900
2019-05-01,252.49001,252.67,243.57001,243.85001,1372100
2019-05-02,243.60001,247.89999,243.11,245.95,1463400
2019-05-03,246.11,250.17999,246.039993,248.86,1202900
2019-05-06,244.0099945,248.94,243.53,248.48,854900
2019-05-07,245.0,247.029999,241.61,244.41,1439500
2019-05-08,243.42,245.95,241.92,244.12,2088900
2019-05-09,241.78999,243.12,237.72,241.3,1646300
2019-05-10,240.56,245.60001,237.66,244.63,1407800
2019-05-13,237.94,241.11,236.029999,236.92999,1256400
2019-05-14,238.41,243.35001,238.10001,240.99001,1704800
2019-05-15,239.56,244.39,239.039993,243.14,985600
2019-05-16,244.0,249.41,244.0,247.55,1044500
2019-05-17,245.60001,249.75999,245.13,245.45,1294000
2019-05-20,242.67,245.32001,240.63,243.69,957400
2019-05-21,245.75999,247.14,244.050003,246.080002,979300
2019-05-22,244.82001,248.10001,244.82001,247.53,865500
2019-05-23,245.080002,246.64,240.14,241.31,1552100
2019-05-24,251.24001,258.39999,248.64999,257.48001,2702600
2019-05-28,256.39999,259.26001,254.17,255.7,3059700
2019-05-29,253.96001,255.57001,248.58,249.62,1674900
2019-05-30,250.0,251.49001,245.86,248.080002,1154700
2019-05-31,245.2,246.66,243.59,244.85001,1362000
2019-06-03,245.2,248.56,236.75,238.070007,1638600
2019-06-04,241.050003,247.31,237.78,247.10001,1664300
2019-06-05,249.41,252.48,248.31,252.12,1130100
2019-06-06,252.84,254.38,250.11,253.2,1055600
2019-06-07,254.029999,260.60001,253.81,257.47,1222000
2019-06-10,259.85999,263.97,259.23001,260.51999,1157400
2019-06-11,262.79999,264.0,254.95,256.73001,1209400
2019-06-12,256.72,258.79999,255.64,257.39001,825900
2019-06-13,258.81,259.39999,255.98,257.19,1756100
2019-06-14,256.37,257.34,253.95,254.13,1234200
2019-06-17,254.029999,256.23999,253.35001,254.74001,1282100
2019-06-18,257.31,259.35001,256.14999,258.22,1216300
2019-06-19,259.29001,263.39001,258.049988,262.64999,1032800
2019-06-20,265.79999,268.42999,263.98999,266.66,1750600
2019-06-21,267.84,268.070007,261.47,261.51001,1856900
2019-06-24,263.070007,264.12,261.37,262.34,1188500
2019-06-25,262.70001,262.70001,256.64999,257.48999,1015400
2019-06-26,259.29001,260.48999,256.38,256.5,1293500
2019-06-27,257.66,259.20001,256.10999,257.98999,1459600
2019-06-28,258.10001,262.01001,257.75,261.32999,1478900
2019-07-01,266.029999,266.98001,263.37,264.20001,973100
2019-07-02,265.16,266.35999,262.70001,266.32999,720200
2019-07-03,267.89999,270.76999,265.76999,270.17001,774700
2019-07-05,269.0,270.82999,265.20001,270.54001,894800
2019-07-08,269.45999,271.31,267.79001,271.13,863800
2019-07-09,269.92001,270.87,268.85999,270.67999,1135500
2019-07-10,273.059998,275.92001,272.70001,274.81,1132200
2019-07-11,275.95001,278.79999,274.17001,278.22,1867300
2019-07-12,278.41,281.84,278.23001,281.64999,1199700
2019-07-15,282.0,282.76001,280.0,282.54999,990800
2019-07-16,281.5,282.95001,280.64999,280.88,1156000
2019-07-17,280.89999,282.37,280.10999,280.63,797100
2019-07-18,279.98001,283.029999,279.029999,282.88,1224000
2019-07-19,284.54999,284.54999,278.64001,279.32001,1599100
2019-07-22,280.41,282.48999,279.17001,281.14999,723400
2019-07-23,282.29999,283.079987,278.28,281.89999,1245800
2019-07-24,281.17001,282.64001,279.70999,281.35999,1413900
2019-07-25,279.98001,282.42999,279.16,281.60001,868200
2019-07-26,282.16,284.97,281.45001,283.76999,788700
2019-07-29,284.29001,284.88,279.51999,281.35001,1267400
2019-07-30,279.48001,281.84,278.37,279.62,767100
2019-07-31,278.76999,281.34,275.14999,277.31,1147600
2019-08-01,278.60999,283.51001,277.070007,277.95999,1272600
2019-08-02,278.049988,278.64999,273.17999,274.64001,1494500
2019-08-05,268.98001,269.73999,261.94,263.53,1774500
2019-08-06,266.73999,270.64001,264.87,270.089996,1201900
2019-08-07,265.87,269.48999,263.79999,268.57001,1221800
2019-08-08,270.85999,276.82999,270.63,276.70001,1107000
2019-08-09,276.079987,278.82001,274.51001,276.57001,1279200
2019-08-12,274.73001,276.22,271.48999,272.64999,968200
2019-08-13,272.38,279.54001,271.87,279.14999,1241700
2019-08-14,274.91,276.32999,267.32001,267.89001,1239300
2019-08-15,269.60001,270.69,265.88,268.44,1244600
2019-08-16,271.26999,274.44,269.16,270.95999,1044200
2019-08-19,274.98001,275.95999,271.64999,274.23001,1222000
2019-08-20,273.22,274.60999,271.22,272.84,1062200
2019-08-21,275.37,277.82999,274.54001,276.23999,925400
2019-08-22,277.0,278.0,271.60001,275.70999,1558800
2019-08-23,290.37,295.76999,277.98999,278.73999,3381800
2019-08-26,280.0,282.89999,275.60999,282.76999,2004400
2019-08-27,283.10001,284.98999,281.35999,283.20999,1778000
2019-08-28,281.079987,282.98001,273.79999,281.94,1482100
2019-08-29,284.76999,288.60001,283.35001,286.94,1209600
2019-08-30,287.25,288.98999,283.97,288.35999,1080100
2019-09-03,285.31,289.0,282.14001,284.20001,1399400
2019-09-04,285.62,286.39999,281.62,286.31,945600
2019-09-05,289.35001,292.92999,287.16,292.31,1092400
2019-09-06,293.39001,293.45999,287.23001,287.79999,1298900
2019-09-09,288.78,288.78,273.57999,275.89999,2141500
2019-09-10,273.79999,274.51001,263.88,267.56,2095300
2019-09-11,267.70001,269.82001,265.019989,266.13,1306700
2019-09-12,268.5,271.20001,267.32999,268.25,1329500
2019-09-13,267.31,270.01001,264.70001,265.22,1031000
2019-09-16,262.81,267.23001,261.69,265.82001,803000
2019-09-17,265.82999,268.70001,265.51999,268.54001,935900
2019-09-18,269.39001,269.39001,263.82001,268.26999,846800
2019-09-19,268.76001,272.42001,268.60999,270.019989,903700
2019-09-20,269.98001,272.91,267.45999,269.17999,1584200
2019-09-23,268.39001,270.98999,268.20999,269.0,803500
2019-09-24,270.76001,271.67001,264.01001,264.85001,1169500
2019-09-25,264.32999,267.10001,260.35001,266.42999,983000
2019-09-26,267.079987,270.63,266.42001,269.72,1182300
2019-09-27,271.32001,271.32001,259.26001,263.19,1020100
2019-09-30,263.5,267.26999,262.41,265.94,1135600
2019-10-01,267.69,268.26999,263.38,264.29999,1007300
2019-10-02,263.20999,263.20999,255.47,260.45001,1375000
2019-10-03,259.42999,263.54001,255.41,263.0,1270300
2019-10-04,264.049988,267.82999,262.01001,267.089996,1312900
2019-10-07,264.89999,268.10001,264.85999,266.76001,1551300
2019-10-08,265.32999,266.20001,260.98999,260.98999,1340000
2019-10-09,262.87,265.12,262.37,264.0,864200
2019-10-10,262.35999,268.94,262.35999,267.53,1177400
2019-10-11,270.39999,273.81,269.42001,270.070007,1068600
2019-10-14,269.98999,271.66,268.89999,269.059998,1024300
2019-10-15,270.059998,274.10999,269.10001,273.5,1042100
2019-10-16,271.51999,271.69,265.81,269.14999,1065500
2019-10-17,269.85001,270.79001,263.73001,266.53,879800
2019-10-18,267.67001,267.67001,260.54001,262.47,1551800
2019-10-21,264.48001,264.5,258.57999,262.20001,1040400
2019-10-22,260.73999,263.54999,253.17999,253.33,1482400
2019-10-23,253.33,258.97,252.53999,255.97,1227800
2019-10-24,257.13,260.84,255.84,258.89999,1071500
2019-10-25,259.13,260.28,256.70001,257.67001,1185800
2019-10-28,259.20999,259.56,256.26999,258.60999,1027100
2019-10-29,258.48999,261.089996,257.95001,258.48999,953200
2019-10-30,259.76001,261.67001,258.23999,260.29001,1665800
2019-10-31,260.14001,261.57001,257.14001,257.5,890100
2019-11-01,259.91,260.88,256.23999,256.48001,1108700
2019-11-04,258.17001,258.60999,253.78,254.059998,1410900
2019-11-05,254.39999,255.63,250.41,253.16,1918900
2019-11-06,253.25,255.33,251.99001,253.42,1430600
2019-11-07,253.0,260.97,252.78999,259.35001,1401400
2019-11-08,258.51999,259.51001,255.44,256.85001,1357200
2019-11-11,255.64999,259.39999,255.47,258.029999,963900
2019-11-12,258.64999,262.37,258.0,259.98001,1227800
2019-11-13,259.78,262.92999,259.0,261.75,1242800
2019-11-14,261.44,264.97,260.54999,264.78,974300
2019-11-15,266.35001,266.89999,263.85999,266.049988,1484300
2019-11-18,266.95999,268.73001,264.040009,268.39999,1945000
2019-11-19,269.85001,272.51999,267.95999,272.26001,1334100
2019-11-20,271.41,274.59,270.54001,273.48001,1448800
2019-11-21,275.10999,275.70001,269.54999,271.14999,1308100
2019-11-22,267.92001,270.0,255.25,259.81,4071600
2019-11-25,260.85999,261.01001,256.34,257.070007,2428600
2019-11-26,257.41,266.5,257.0,265.88,2081500
2019-11-27,267.28,267.59,260.69,262.14999,1164200
2019-11-29,261.34,262.42001,258.34,258.89001,721500
2019-12-02,259.10999,259.92999,252.64999,256.54999,1486200
2019-12-03,253.19,256.37,252.36,253.67999,1302400
2019-12-04,255.37,255.58,252.94,254.25,1526100
2019-12-05,254.78,255.67999,252.16,253.78,1248700
2019-12-06,254.77,256.29001,253.73,256.17999,1029400
2019-12-09,256.0,256.88,255.41,255.77,1086900
2019-12-10,256.070007,256.87,252.14,252.32001,975400
2019-12-11,254.14,255.61,247.8,251.89999,1588900
2019-12-12,251.37,255.69,250.020004,252.75,1102300
2019-12-13,252.56,260.66,250.029999,259.64001,1965200
2019-12-16,260.78,264.12,260.75,263.5,1948500
2019-12-17,265.0,265.0,259.14001,260.39999,1778700
2019-12-18,261.26999,264.26001,260.0,263.20001,1453400
2019-12-19,263.040009,264.56,262.37,264.049988,1352900
2019-12-20,265.84,267.47,264.42999,267.10001,2361500
2019-12-23,268.029999,268.95001,266.22,266.28,1411500
2019-12-24,266.60001,267.20999,264.29001,264.32999,417100
2019-12-26,264.44,267.89999,264.38,266.87,691600
2019-12-27,267.45999,267.45999,264.48999,267.059998,637900
2019-12-30,267.16,267.88,262.42001,262.84,995500
2019-12-31,262.70001,264.049988,260.35999,261.92999,1007900
2020-01-02,261.079987,266.60001,261.079987,266.16,1124500
2020-01-03,261.60999,265.37,261.44,264.38,798500
2020-01-06,261.89001,266.63,261.76999,266.41,1026100
2020-01-07,266.81,267.51999,265.35001,266.47,915100
2020-01-08,268.0,274.76999,266.79999,272.88,1373900
2020-01-09,274.0,277.26999,273.57001,274.89999,1076300
2020-01-10,276.48999,276.5,273.82999,275.25,1127400
2020-01-13,276.32999,277.85001,274.82999,276.040009,1697600
2020-01-14,275.63,276.31,272.089996,272.67999,1216400
2020-01-15,273.82001,276.079987,272.60999,273.0,1147300
2020-01-16,274.64001,276.89001,273.31,276.87,834700
2020-01-17,278.48999,283.0,276.35001,282.85001,2172700
2020-01-21,281.81,285.26001,281.54001,285.01001,1636000
2020-01-22,286.13,291.48999,285.88,290.28,2611200
2020-01-23,289.73001,292.67999,288.35999,288.57999,1659500
2020-01-24,290.0,293.0,287.26001,288.079987,1089900
2020-01-27,281.48001,285.98001,281.01001,283.76001,881200
2020-01-28,284.41,288.53,282.94,288.16,840900
2020-01-29,289.34,289.73999,283.89001,285.92001,858100
2020-01-30,284.19,286.84,282.45001,286.63,785000
2020-01-31,285.79999,286.48001,279.75,280.38,1268800
2020-02-03,283.57001,285.76999,281.47,282.79999,1042000
2020-02-04,287.16,292.79999,284.45001,290.92001,1345700
2020-02-05,298.82001,298.82001,286.62,289.81,1060700
2020-02-06,291.85001,294.32999,289.81,294.20999,1000700
2020-02-07,293.17001,295.76999,291.10001,294.70999,921600
2020-02-10,295.049988,298.019989,294.089996,297.73999,1139800
2020-02-11,299.89999,299.95999,296.5,296.92001,903500
2020-02-12,297.0,298.87,294.63,298.64999,792300
2020-02-13,297.29001,300.54999,296.85001,297.84,721200
2020-02-14,298.56,304.44,297.45999,304.29001,855300
2020-02-18,303.95001,304.82999,302.019989,303.57001,888200
2020-02-19,305.5,306.89001,304.39999,305.60999,791600
2020-02-20,304.39001,306.19,297.48999,301.23999,900900
2020-02-21,300.60001,303.98999,295.37,297.57001,1173200
2020-02-24,288.44,292.70001,278.01001,286.42999,1996800
2020-02-25,297.54999,301.64001,283.57001,284.79999,3430400
2020-02-26,286.28,290.92999,278.67001,280.089996,2449200
2020-02-27,274.26001,278.59,268.39999,268.76999,2246700
2020-02-28,259.62,266.12,255.59,265.85001,2899400
2020-03-02,266.72,281.32999,263.73001,281.17999,2520500
2020-03-03,280.95999,284.66,264.17999,268.23999,2015100
2020-03-04,274.22,286.51999,270.51999,285.54999,2551100
2020-03-05,276.14001,290.22,275.14001,287.17999,2418800
2020-03-06,276.45001,281.81,268.14001,276.17999,1913900
2020-03-09,258.26001,269.23001,250.0,260.040009,2138600
2020-03-10,270.10999,270.10999,257.97,269.66,2541500
2020-03-11,263.92001,266.29001,256.079987,261.12,1848500
2020-03-12,245.089996,257.98001,235.96001,237.94,3430300
2020-03-13,250.0,261.39999,235.0,261.25,2399200
2020-03-16,232.0,244.99001,222.38,223.42999,2642500
2020-03-17,228.50999,240.78,216.17999,239.17,2901100
2020-03-18,226.039993,232.27,215.070007,225.070007,2103300
2020-03-19,224.36,224.99001,210.52,215.89,2340900
2020-03-20,217.73,219.23,199.39,201.84,3858400
2020-03-23,202.34,202.34,187.67999,194.72,3415600
2020-03-24,206.16,235.56,204.34,233.82001,3329600
2020-03-25,229.78,240.74001,223.53999,232.58,2505000
2020-03-26,234.55,249.67,228.50999,248.39,2245400
2020-03-27,240.0,247.53999,226.67999,229.69,2143700
2020-03-30,236.99001,240.44,233.23,238.050003,1321100
2020-03-31,236.28999,238.42,229.62,230.0,1698100
2020-04-01,224.050003,228.85001,216.070007,218.12,1646700
2020-04-02,216.10001,228.34,215.55,225.22,1584400
2020-04-03,223.85001,225.22,216.8,218.39,1553400
2020-04-06,231.73,241.69,227.17,240.12,2535600
2020-04-07,247.62,248.98,239.020004,239.75999,1466200
2020-04-08,241.46001,247.86,240.38,245.92999,1223200
2020-04-09,246.81,254.94,245.87,252.10001,1646900
2020-04-13,250.71001,252.77,244.56,250.089996,1298900
2020-04-14,257.17999,262.35001,252.66,261.32001,1817900
2020-04-15,256.95001,257.47,250.73,251.96001,1198400
2020-04-16,256.14999,259.47,251.84,257.44,1087700
2020-04-17,264.73001,267.32999,259.01001,265.35999,1423600
2020-04-20,260.48999,267.92001,260.32999,264.0,1297300
2020-04-21,259.48001,260.88,246.42,249.14999,1525800
2020-04-22,254.91,265.91,252.0099945,263.85001,1258600
2020-04-23,263.029999,267.79999,256.98001,258.059998,1309200
2020-04-24,260.17999,264.84,256.57999,263.66,1069900
2020-04-27,267.42999,273.079987,265.22,271.82999,941200
2020-04-28,273.34,276.98001,265.78,266.31,1000000
2020-04-29,269.91,274.94,267.69,273.42999,1132400
2020-04-30,272.76001,275.10001,268.22,269.81,1410900
2020-05-01,265.32999,267.53,259.75,261.13,1193600
2020-05-04,259.0,268.01001,258.29999,267.78,1366500
2020-05-05,270.079987,277.84,269.54001,274.48001,1052700
2020-05-06,276.01001,278.23999,273.89001,275.87,754500
2020-05-07,278.98999,284.040009,278.25,280.79999,954200
2020-05-08,282.0,282.95999,277.16,280.35999,1209500
2020-05-11,280.47,289.28,279.64001,287.84,882200
2020-05-12,288.98999,289.76999,280.73001,281.67999,933500
2020-05-13,281.57999,286.17001,273.54999,277.16,957100
2020-05-14,274.94,280.56,270.91,280.26999,912900
2020-05-15,277.23999,285.079987,276.59,284.39001,850000
2020-05-18,290.87,295.37,286.41,290.37,1187500
2020-05-19,290.89001,292.98001,286.54001,286.75,1318200
2020-05-20,288.63,293.63,288.63,290.48999,1418100
2020-05-21,291.14999,293.47,286.39999,290.0,1358300
2020-05-22,286.17999,289.64001,280.59,287.60999,1770100
2020-05-26,291.45999,291.94,280.97,282.20001,1775700
2020-05-27,283.14001,283.14001,271.54001,281.20999,1479400
2020-05-28,282.0,290.23999,281.38,283.87,1717800
2020-05-29,285.85999,290.87,281.95001,290.32001,1689000
2020-06-01,289.10999,291.72,288.079987,289.95001,1283800
2020-06-02,289.95001,290.0,283.70999,287.17999,1132900
2020-06-03,288.56,290.72,285.64999,290.10001,1309700
2020-06-04,286.92999,288.45999,280.95999,282.92001,1316500
2020-06-05,280.76999,289.0,275.63,288.10999,1874000
2020-06-08,285.35999,293.29001,284.10999,293.049988,1067200
2020-06-09,292.63,295.25,290.60001,291.25,1283000
2020-06-10,293.95001,298.0,291.10001,295.87,1072000
2020-06-11,293.89999,294.98001,277.72,277.87,1392600
2020-06-12,283.91,287.040009,275.95001,280.67999,1173500
2020-06-15,275.0,285.14001,274.19,283.14001,943100
2020-06-16,289.98001,293.39999,285.42001,288.57999,1225500
2020-06-17,291.31,291.95001,285.97,286.48999,855500
2020-06-18,285.01001,287.91,282.37,287.23001,1127000
2020-06-19,289.53,291.98999,285.26999,286.32001,2482200
2020-06-22,285.79999,294.20001,285.29001,294.12,1179100
2020-06-23,294.98001,296.48999,292.44,293.82999,1291400
2020-06-24,291.44,296.0,284.20001,286.13,951000
2020-06-25,286.25,289.34,281.98001,288.75,966600
2020-06-26,286.5,290.0,283.92001,286.51999,1376800
2020-06-29,285.81,289.78,281.75,287.92001,965700
2020-06-30,289.14999,297.92001,288.0,296.19,1621800
2020-07-01,297.41,304.92001,297.019989,302.57999,1653400
2020-07-02,304.85001,307.78,303.10999,305.29999,1228500
2020-07-06,308.0,314.14001,308.0,309.64999,1161800
2020-07-07,309.17999,314.73001,307.19,307.92999,1133100
2020-07-08,310.54001,312.070007,307.76999,310.38,774500
2020-07-09,309.72,311.0,303.95001,307.91,1027500
2020-07-10,307.78,308.64001,303.0,307.54999,762400
2020-07-13,309.0,311.23001,296.98001,297.64001,1383100
2020-07-14,294.57001,294.70999,280.98999,285.37,3106100
2020-07-15,288.029999,290.88,284.76999,289.97,1526100
2020-07-16,287.92999,288.41,281.19,285.70001,1128500
2020-07-17,287.92999,290.42001,284.59,289.26999,896300
2020-07-20,289.5,300.41,289.01001,298.72,1019900
2020-07-21,299.42001,300.70999,296.85001,297.88,1042300
2020-07-22,300.16,300.16,294.22,296.44,1145100
2020-07-23,295.94,298.88,290.20001,291.54999,1266100
2020-07-24,290.45001,291.10999,286.35001,288.67999,1193300
2020-07-27,290.47,297.42999,290.45999,296.14999,1227800
2020-07-28,292.28,300.67001,292.20999,296.79999,1050300
2020-07-29,298.87,305.22,298.019989,302.17999,1115500
2020-07-30,297.10001,305.049988,295.049988,303.94,867300
2020-07-31,304.76999,306.48999,298.87,306.37,1015500
2020-08-03,309.84,313.45001,308.97,311.70001,1248300
2020-08-04,310.81,312.38,307.23999,310.64001,1200900
2020-08-05,311.26001,312.72,308.64001,310.95001,863000
2020-08-06,310.35999,312.42001,307.87,312.23001,716700
2020-08-07,311.39001,312.42999,306.22,309.42999,752000
2020-08-10,308.10001,308.75,301.01001,304.17999,569000
2020-08-11,303.63,305.14999,298.47,299.20001,828300
2020-08-12,299.92999,305.60001,299.88,304.75,813900
2020-08-13,305.25,310.70999,305.25,306.70999,760800
2020-08-14,307.54999,308.73999,304.82001,305.54001,596000
2020-08-17,307.84,310.019989,306.82999,308.01001,714900
2020-08-18,310.0,311.0,306.57999,308.89999,755800
2020-08-19,308.67001,313.95001,305.85999,310.54999,990900
2020-08-20,310.0,320.64999,309.94,320.059998,1083500
2020-08-21,319.85999,322.60001,318.39999,322.23001,1174500
2020-08-24,325.26999,334.14999,324.63,333.12,2088000
2020-08-25,332.5,337.37,329.95001,336.42001,1718400
2020-08-26,356.85999,360.0,338.070007,342.34,3108600
2020-08-27,341.84,349.51001,339.059998,345.0,1880500
2020-08-28,346.73001,347.38,343.84,346.10999,1189400
2020-08-31,345.89001,346.23999,342.10001,345.39001,1070800
2020-09-01,344.92001,349.32999,343.56,347.17999,1074500
2020-09-02,348.67001,355.67001,347.47,354.17999,1438000
2020-09-03,353.10999,353.10999,336.66,339.63,1570100
2020-09-04,337.76001,340.53,324.60999,333.10999,1219500
2020-09-08,320.79001,329.35999,319.64999,320.82001,1578500
2020-09-09,324.39999,331.31,319.73999,328.20999,1303200
2020-09-10,329.57999,332.66,317.070007,320.39001,1254100
2020-09-11,323.82001,325.35001,311.41,315.0,955200
2020-09-14,320.17001,321.25,315.76999,318.31,888800
2020-09-15,321.38,324.14999,319.38,322.47,1111600
2020-09-16,324.85999,326.23001,312.60999,313.38,1668800
2020-09-17,304.91,308.39999,301.34,307.23001,1818200
2020-09-18,307.70001,312.95001,296.76999,300.13,2284400
2020-09-21,296.29001,308.019989,295.37,307.70001,1594200
2020-09-22,309.81,318.12,306.70001,317.28,2099900
2020-09-23,315.39999,315.98001,303.059998,304.92999,1412100
2020-09-24,304.67001,312.63,301.94,308.59,1216900
2020-09-25,309.89999,318.79001,307.76999,318.5,1239800
2020-09-28,325.42999,326.13,322.26001,325.54999,1134300
2020-09-29,325.54001,329.22,323.049988,323.64001,1115500
2020-09-30,323.019989,329.14001,319.67001,326.20999,1804900
2020-10-01,330.73999,333.98001,329.85001,332.34,1091400
2020-10-02,326.16,329.48001,319.91,321.89001,902700
2020-10-05,330.32999,332.0,327.12,331.35999,1296500
2020-10-06,331.31,333.87,323.91,325.38,1042400
2020-10-07,327.73999,336.91,327.079987,334.91,1235700
2020-10-08,336.35999,337.76001,333.26001,334.98999,788200
2020-10-09,336.62,342.20001,335.76999,341.81,846800
2020-10-12,345.17999,353.98001,342.20999,350.92999,1571000
2020-10-13,352.67001,353.73999,347.51001,349.59,1118700
2020-10-14,351.48999,351.48999,341.23001,345.29999,896400
2020-10-15,341.29001,343.17999,338.0,341.97,790000
2020-10-16,343.78,346.82001,340.95001,341.14999,790000
2020-10-19,343.32001,344.23001,334.049988,335.26999,822700
2020-10-20,338.35001,338.97,333.45001,334.51001,1131200
2020-10-21,335.69,336.67999,331.31,332.79001,816800
2020-10-22,332.94,333.91,325.31,331.82001,803400
2020-10-23,333.32001,334.59,330.0,334.42001,721900
2020-10-26,330.91,332.10001,323.44,328.089996,927800
2020-10-27,330.59,333.39999,329.31,330.26999,838700
2020-10-28,323.47,325.10001,317.95999,318.51001,948400
2020-10-29,319.42999,329.39001,319.32999,325.60999,896800
2020-10-30,321.91,325.17001,312.049988,314.67999,1682700
2020-11-02,317.76001,321.87,312.17001,316.42001,1109900
2020-11-03,319.91,326.94,317.82999,324.73001,1114900
2020-11-04,339.72,347.91,334.10999,343.0,1344400
2020-11-05,350.92001,352.01001,346.20999,350.95999,1074200
2020-11-06,351.48001,353.85001,344.79999,352.26001,623100
2020-11-09,365.95001,377.14999,359.31,360.14001,1820100
2020-11-10,358.14999,358.14999,339.35001,342.26001,1544100
2020-11-11,345.64999,356.54999,342.92999,352.39999,1127000
2020-11-12,352.97,356.64001,347.64999,349.51001,947700
2020-11-13,351.84,358.32999,350.42999,356.95001,1179400
2020-11-16,356.54001,361.22,353.32999,357.059998,1158800
2020-11-17,354.98001,360.0,353.42999,358.75,953900
2020-11-18,356.23999,360.26001,353.76001,354.73999,912000
2020-11-19,353.20001,363.39001,349.049988,361.44,1533600
2020-11-20,358.85001,359.98999,347.51001,347.69,2369800
2020-11-23,348.070007,350.32001,337.72,343.32999,1529400
2020-11-24,345.0,347.73001,342.51999,345.20001,1045500
2020-11-25,345.72,352.47,345.01001,350.47,1199300
2020-11-27,353.92999,358.040009,351.82999,354.23999,528300
2020-11-30,353.45001,356.44,348.13,352.019989,1875700
2020-12-01,356.01001,359.29001,352.29001,356.82001,1088900
2020-12-02,355.66,356.14999,350.059998,355.48999,760700
2020-12-03,355.19,366.67999,353.47,363.70001,1841100
2020-12-04,365.14999,371.94,364.070007,368.60001,1404400
2020-12-07,367.82001,373.98001,367.28,372.19,1909800
2020-12-08,372.39999,380.5,370.53,372.59,1705200
2020-12-09,368.91,370.14001,361.10999,364.17999,2477800
2020-12-10,361.23001,364.39999,357.45001,362.5,1499200
2020-12-11,362.12,364.64999,358.0,364.32001,1194000
2020-12-14,364.44,369.31,363.60999,365.51001,1366000
2020-12-15,365.82001,367.76001,360.14999,360.42999,1654200
2020-12-16,361.31,370.35999,360.029999,369.26001,1577800
2020-12-17,371.92999,380.98999,370.34,380.32001,1965900
2020-12-18,377.16,380.79999,375.53,380.10999,2569600
2020-12-21,374.72,377.82001,368.42001,375.92999,997600
2020-12-22,376.0,380.14001,373.57999,379.97,1003500
2020-12-23,379.01001,383.94,376.70999,376.92001,900900
2020-12-24,377.51001,381.79001,377.42999,381.16,441900
2020-12-28,387.57001,387.94,378.040009,381.12,871900
2020-12-29,383.20001,384.82001,377.32001,378.32999,640500
2020-12-30,380.82001,381.98001,375.34,375.54999,703200
2020-12-31,375.019989,380.48001,374.95001,379.85001,982500
2021-01-04,379.73999,384.62,366.17001,371.70001,1839800
2021-01-05,370.44,374.0,367.31,368.87,1117700
2021-01-06,359.17001,364.01001,357.69,361.0,1537600
2021-01-07,363.23999,370.23001,360.32999,368.63,1109000
2021-01-08,369.79001,375.029999,368.60001,374.45999,1259100
2021-01-11,376.13,376.76001,366.38,372.34,1514900
2021-01-12,371.82999,372.63,362.35001,365.67001,1242200
2021-01-13,364.97,367.32999,360.5,364.95999,1019500
2021-01-14,365.29001,369.63,364.97,365.51001,1146200
2021-01-15,364.88,373.84,363.029999,371.01001,1597800
2021-01-19,374.87,386.38,374.35999,384.95001,1578400
2021-01-20,391.67001,398.12,388.98001,389.45999,2051800
2021-01-21,386.20999,388.42001,377.81,381.75,1736700
2021-01-22,384.39999,384.39999,374.64001,374.85001,1150600
2021-01-25,378.040009,378.84,364.31,374.42999,1588200
2021-01-26,374.029999,376.14001,370.28,374.79999,663500
2021-01-27,368.01001,375.0,359.32999,363.10999,1928100
2021-01-28,366.35001,376.67001,365.70999,369.95001,1395100
2021-01-29,366.35999,369.89001,359.69,361.23001,1523500
2021-02-01,365.48999,378.45001,364.59,373.57999,1260100
2021-02-02,376.32999,385.47,375.53,384.10999,1123400
2021-02-03,382.67999,383.67999,377.0,380.14999,807300
2021-02-04,381.94,392.95001,380.0,392.73001,1522100
2021-02-05,392.54001,396.47,387.72,389.38,867300
2021-02-08,393.48001,395.14999,386.88,389.73999,898600
2021-02-09,385.85001,392.85999,384.64001,391.54999,817700
2021-02-10,395.84,399.040009,390.59,397.29001,1150300
2021-02-11,400.0,409.29999,396.59,408.82001,1226900
2021-02-12,410.0,414.47,407.12,413.98999,1066800
2021-02-16,417.54001,423.73999,417.26999,422.26001,1378600
2021-02-17,419.92999,420.41,412.049988,415.81,1164700
2021-02-18,414.38,420.0,408.42999,415.39001,1038700
2021-02-19,413.35001,417.81,409.16,411.35001,1287900
2021-02-22,408.16,408.84,401.23999,401.54999,1179200
2021-02-23,398.12,402.79999,390.23999,399.089996,2483100
2021-02-24,388.29001,415.42999,382.79999,413.17999,3307900
2021-02-25,407.59,408.95001,386.64999,387.98001,2148100
2021-02-26,390.45999,396.60999,385.0,390.14001,1765300
2021-03-01,396.32999,407.85999,394.22,406.41,1545000
2021-03-02,406.48999,406.51999,398.67001,401.75,1198400
2021-03-03,399.079987,401.01001,388.45999,388.70999,1369900
2021-03-04,388.42001,392.079987,373.57001,376.32999,1930000
2021-03-05,381.92999,384.0,367.78,382.20999,1588200
2021-03-08,381.54001,388.10999,369.79999,370.42001,1652900
2021-03-09,380.88,388.69,379.78,384.57999,1770700
2021-03-10,394.57001,394.57001,382.25,382.82001,1388800
2021-03-11,390.48001,401.029999,390.32001,399.17001,1445300
2021-03-12,394.20999,396.63,387.38,395.95001,1305100
2021-03-15,393.37,398.0,390.38,396.84,1407900
2021-03-16,400.51001,401.89001,392.48999,395.42001,1077300
2021-03-17,392.85001,395.82999,385.75,391.72,1765800
2021-03-18,384.070007,385.63,373.45999,373.97,1868400
2021-03-19,374.25,385.31,373.29001,381.28,4423200
2021-03-22,381.81,386.059998,380.070007,383.019989,1468800
2021-03-23,386.029999,387.79999,381.53,383.20001,1154500
2021-03-24,384.32001,386.19,376.73001,377.29001,1138300
2021-03-25,374.54999,375.87,365.14999,372.39001,1510700
2021-03-26,369.16,377.049988,367.94,376.57999,2107200
2021-03-29,377.64001,379.69,369.35001,374.62,1631200
2021-03-30,371.079987,376.12,368.73999,373.66,998000
2021-03-31,378.070007,386.0,376.45999,383.059998,1512700
2021-04-01,388.92001,397.41,388.48999,395.23001,1445100
2021-04-05,397.57001,402.89001,396.38,402.14001,1473600
2021-04-06,399.59,405.0,396.85001,401.20001,813300
2021-04-07,400.16,403.12,399.019989,401.049988,713700
2021-04-08,403.54001,412.48001,402.89999,411.32001,1397000
2021-04-09,412.41,418.37,409.29001,417.60999,1003500
2021-04-12,415.53,417.13,412.48999,415.92999,1251600
2021-04-13,416.44,419.53,414.31,418.94,1550200
2021-04-14,422.76999,422.76999,410.44,411.29001,1016600
2021-04-15,414.66,418.35001,413.17001,417.56,914800
2021-04-16,419.17999,420.17999,414.26999,415.82001,973100
2021-04-19,415.82001,417.0,400.97,402.29001,1130900
2021-04-20,401.059998,406.92999,399.23999,405.37,1095800
2021-04-21,405.89999,409.78,401.98999,408.95001,857400
2021-04-22,407.42001,411.51001,404.23001,406.78,761700
2021-04-23,409.19,416.20001,408.42999,414.92001,981500
2021-04-26,414.44,418.67999,410.89999,418.29001,716400
2021-04-27,420.0,420.89001,414.0,416.12,619400
2021-04-28,415.26999,417.45999,411.39999,415.79999,541700
2021-04-29,417.20001,418.10001,411.56,416.14999,636700
2021-04-30,413.35001,418.079987,411.62,412.16,1409200
2021-05-03,414.79001,415.67001,409.0,411.34,771800
2021-05-04,409.14999,409.14999,395.88,397.62,1214200
2021-05-05,401.079987,403.079987,390.81,392.040009,989800
2021-05-06,390.81,394.51001,386.14999,394.070007,975400
2021-05-07,399.82999,406.070007,396.42999,401.040009,965500
2021-05-10,400.23001,401.51001,392.29001,392.54001,1005400
2021-05-11,390.37,400.20999,385.66,394.98999,932600
2021-05-12,393.67999,402.23999,391.089996,399.89001,2256300
2021-05-13,401.67001,405.98999,397.0,403.51999,1402100
2021-05-14,406.85999,418.54999,403.54001,417.26001,1191200
2021-05-17,415.079987,419.5,409.45999,419.42001,1286200
2021-05-18,421.0,424.64001,417.070007,417.42999,1153700
2021-05-19,409.51999,421.75,408.72,421.20001,1321200
2021-05-20,423.37,436.98999,423.37,435.26999,1242200
2021-05-21,438.45001,441.35999,431.76001,433.42999,1172800
2021-05-24,439.20001,442.70999,438.070007,440.41,1127300
2021-05-25,440.01001,442.040009,436.88,438.98999,1469700
2021-05-26,440.92001,445.66,437.59,442.81,2008700
2021-05-27,436.20999,437.76999,427.42001,432.10999,2974200
2021-05-28,435.5,442.0,433.82001,439.089996,1451300
2021-06-01,441.70001,441.95001,434.64999,438.66,948000
2021-06-02,438.059998,447.079987,436.01001,445.44,1321000
2021-06-03,439.5,451.92999,438.0,450.56,1490100
2021-06-04,454.98001,463.62,454.01001,461.92999,1400700
2021-06-07,459.56,461.82999,454.79999,457.20999,868100
2021-06-08,461.16,466.0,458.82001,465.26001,1516200
2021-06-09,466.12,470.60999,465.42001,468.32999,919500
2021-06-10,467.32001,473.70999,466.23999,471.32999,1149800
2021-06-11,470.29999,474.62,468.69,472.16,1471000
2021-06-14,472.32999,476.98999,469.87,476.97,961500
2021-06-15,478.19,478.19,468.85001,470.70999,1359600
2021-06-16,469.20001,473.72,464.72,469.34,1230300
2021-06-17,468.88,476.48999,467.31,474.73001,1442700
2021-06-18,477.079987,478.48999,472.34,473.39999,1571100
2021-06-21,477.17999,481.12,472.0,477.89999,1073600
2021-06-22,477.31,479.73999,475.12,477.56,1480600
2021-06-23,477.56,482.20001,477.56,478.59,1218800
2021-06-24,482.0,486.25,480.29999,482.62,1088500
2021-06-25,480.98999,490.19,477.0,486.089996,1494500
2021-06-28,486.85999,491.39001,485.64001,486.98999,934500
2021-06-29,485.62,491.66,484.45999,491.39999,718400
2021-06-30,490.63,492.60001,487.47,490.17001,955100
2021-07-01,493.67999,493.67999,487.23001,491.049988,905600
2021-07-02,494.85999,500.82999,494.59,497.64001,1072500
2021-07-06,501.85999,502.69,498.23001,500.97,1181000
2021-07-07,505.53,508.63,503.12,506.089996,929000
2021-07-08,501.25,506.89001,497.079987,506.089996,989500
2021-07-09,502.94,505.59,495.73999,503.92999,1269400
2021-07-12,506.75,507.70001,503.0,505.10001,922300
2021-07-13,504.89999,509.97,503.63,506.69,1002900
2021-07-14,509.45999,511.69,504.59,505.56,1453600
2021-07-15,505.97,506.38,500.38,503.17001,1101400
2021-07-16,504.64001,505.0,500.85001,501.51001,727800
2021-07-19,498.84,502.48001,496.0,498.78,1320300
2021-07-20,500.059998,512.66998,499.01001,508.56,1273300
2021-07-21,506.70999,514.59003,503.079987,514.45001,1118900
2021-07-22,516.10999,522.090027,514.099976,521.31,917700
2021-07-23,524.91998,532.33002,522.02002,528.42999,974500
2021-07-26,528.15002,530.22998,523.13,529.31,720500
2021-07-27,528.02002,530.52002,516.44,522.90997,983100
2021-07-28,524.59003,527.22998,520.92999,523.099976,694700
2021-07-29,521.21002,529.44,521.21002,525.51001,627400
2021-07-30,525.20001,530.85999,525.02002,529.96997,905300
2021-08-02,532.10999,534.77002,525.37,527.51001,857400
2021-08-03,528.89001,532.10999,524.26001,530.17999,870800
2021-08-04,530.83002,537.16998,528.44,536.059998,709100
2021-08-05,536.73999,540.63,534.53998,538.01001,897000
2021-08-06,534.81,537.88,530.01001,534.28998,1040200
2021-08-09,534.16998,537.23999,531.87,535.22998,733100
2021-08-10,538.22998,539.98999,528.71002,530.13,855800
2021-08-11,529.39001,533.039978,526.62,532.22998,765000
2021-08-12,532.28998,538.14001,530.22998,536.91998,521200
2021-08-13,536.35999,541.21002,534.51001,540.73999,541200
2021-08-16,540.45001,542.96002,535.87,542.94,785300
2021-08-17,542.10999,542.10999,534.14001,535.85999,1079200
2021-08-18,535.080017,539.59003,532.10999,532.97998,723900
2021-08-19,528.59003,547.90002,527.83002,543.44,1495300
2021-08-20,547.58002,549.67999,542.96997,545.29999,1243200
2021-08-23,548.84998,553.79999,548.20001,552.48999,1368500
2021-08-24,554.0,555.030029,548.83002,554.02002,1661300
2021-08-25,577.31,582.96002,551.01001,555.60999,2237800
2021-08-26,547.67999,556.60999,546.16998,552.64001,1557000
2021-08-27,554.63,566.25,553.66998,565.94,1414200
2021-08-30,567.14001,568.31,563.53998,565.57001,893900
2021-08-31,567.10999,567.10999,563.25,566.10999,1231100
2021-09-01,567.29999,567.78003,562.66998,563.13,1259400
2021-09-02,563.70001,565.28998,555.64001,559.78998,1086000
2021-09-03,559.5,566.73999,558.039978,563.25,762600
2021-09-07,563.75,563.75,555.51001,560.46997,881900
2021-09-08,559.5,568.47998,558.16998,567.59003,918200
2021-09-09,568.53003,572.85999,566.59003,567.75,775300
2021-09-10,571.40997,573.0,567.039978,567.38,1088400
2021-09-13,570.19,571.46997,551.26001,557.41998,1192700
2021-09-14,565.95001,571.20001,563.02002,568.27002,1182800
2021-09-15,570.0,572.37,564.59998,572.10999,1025700
2021-09-16,570.90997,574.71997,567.94,572.88,999900
2021-09-17,572.84003,572.84003,560.66998,561.84998,1860900
2021-09-20,553.01001,560.21002,547.51001,554.40002,1300000
2021-09-21,559.73999,559.87,553.51001,555.25,758100
2021-09-22,560.59998,565.0,553.64001,562.79999,911100
2021-09-23,566.17999,578.31,565.080017,577.37,1235100
2021-09-24,573.39001,579.16998,570.34003,577.91998,1168700
2021-09-27,572.84998,573.83002,561.29999,567.01001,1279100
2021-09-28,560.44,562.78003,544.47998,545.01001,1647600
2021-09-29,548.88,553.15002,545.039978,546.92999,994800
2021-09-30,549.39001,554.48999,539.21002,539.51001,1540800
2021-10-01,541.23999,546.049988,533.28003,543.96997,1439900
2021-10-04,539.69,541.53003,519.0,525.34998,1456000
2021-10-05,529.059998,536.92999,526.40002,533.34998,958300
2021-10-06,526.41998,537.92999,526.01001,534.60999,977600
2021-10-07,538.16998,544.75,537.080017,537.72998,955600
2021-10-08,539.059998,541.39001,529.44,531.12,937000
2021-10-11,528.75,533.46002,525.039978,525.40997,1025300
2021-10-12,527.02002,533.40002,524.14001,527.049988,873000
2021-10-13,534.25,539.64001,532.25,534.94,866500
2021-10-14,543.34998,549.91998,542.0,543.78003,1068300
2021-10-15,545.0,553.28003,543.27002,552.15997,1602700
2021-10-18,552.76001,564.81,548.27002,564.56,1321800
2021-10-19,568.15002,573.13,563.96002,572.79999,978000
2021-10-20,574.34003,575.67999,568.90997,570.53003,836200
2021-10-21,570.0,578.92999,565.29999,578.34998,729600
2021-10-22,580.90002,591.63,580.0,590.79999,991800
2021-10-25,590.79999,604.22998,589.75,602.56,1104600
2021-10-26,605.58002,613.35999,602.46002,608.60999,1418600
2021-10-27,609.21997,617.32001,606.90002,613.13,1457700
2021-10-28,613.15002,620.40997,605.82001,615.40997,1066600
2021-10-29,613.35999,626.59998,610.88,625.98999,1038200
2021-11-01,628.53003,629.97998,607.31,608.81,1246300
2021-11-02,612.090027,625.65997,610.5,618.39001,1024500
2021-11-03,619.90997,625.65997,609.26001,622.87,1093900
2021-11-04,621.28003,631.56,620.31,625.67999,1267100
2021-11-05,628.19,629.31,612.78998,614.98999,1428200
2021-11-08,619.01001,619.48999,608.21002,615.25,1222800
2021-11-09,615.95001,618.13,611.21997,612.78003,1205100
2021-11-10,611.39001,617.98999,603.56,603.97998,1197300
2021-11-11,607.25,610.59998,605.90997,606.87,684300
2021-11-12,610.92999,628.38,610.92999,626.98999,1182600
2021-11-15,628.19,632.95001,622.54999,626.14001,1402500
2021-11-16,626.15997,646.47998,625.95001,645.76001,1331700
2021-11-17,643.58002,644.54999,629.84003,635.059998,1321900
2021-11-18,636.52002,636.71997,626.42999,628.94,1319900
2021-11-19,715.87,716.85999,681.46002,692.34003,3615700
2021-11-22,691.96002,693.51001,660.81,661.63,2177000
2021-11-23,652.75,672.14001,648.79999,670.63,2112500
2021-11-24,661.5,684.65002,659.67999,684.0,1715100
2021-11-26,684.0,691.049988,663.71002,666.90997,1279300
2021-11-29,674.33002,697.27002,674.33002,694.65997,2009300
2021-11-30,668.95001,681.57001,652.0,652.29999,4186000
2021-12-01,667.90002,674.95001,657.59998,663.89001,5184800
2021-12-02,660.20001,677.81,660.20001,672.12,1961900
2021-12-03,671.42999,673.45001,634.97998,647.96002,2277100
2021-12-06,649.98999,652.059998,639.53003,645.34003,1687000
2021-12-07,654.21997,674.45001,653.96002,673.29999,1615300
2021-12-08,673.16998,676.20001,666.78003,673.059998,1332800
2021-12-09,674.030029,680.25,662.71002,665.51001,1180200
2021-12-10,670.31,678.22998,666.89001,677.95001,1276500
2021-12-13,678.0,684.070007,668.40002,668.73999,1430800
2021-12-14,655.64001,657.039978,626.84998,639.47998,1865900
2021-12-15,645.21002,648.73999,625.25,647.48999,2555000
2021-12-16,649.0,649.98999,624.81,633.96002,1954700
2021-12-17,621.40002,631.73999,612.19,620.27002,4330300
2021-12-20,609.099976,614.33002,599.27002,604.63,2236700
2021-12-21,610.53998,623.099976,601.049988,621.070007,1875800
2021-12-22,620.96002,632.41998,616.71997,631.65997,1014600
2021-12-23,631.65997,638.81,630.75,635.71002,759800
2021-12-27,639.090027,653.65002,638.0,652.77002,1068700
2021-12-28,657.85999,658.84003,647.40002,649.78003,955700
2021-12-29,649.090027,650.77002,642.080017,648.030029,651300
2021-12-30,648.039978,650.70001,642.45001,643.35999,776400
2021-12-31,644.33002,647.34998,638.71997,643.21997,821500
2022-01-03,640.030029,645.60999,621.28003,631.46997,1360600
2022-01-04,631.46997,631.46997,606.13,618.32001,1998900
2022-01-05,609.42999,614.69,593.16998,593.70001,2295800
2022-01-06,586.79999,595.84998,580.21002,586.39001,1789000
2022-01-07,586.44,588.98999,563.77002,567.56,2275200
2022-01-10,553.52002,570.89001,543.85999,570.19,2956700
2022-01-11,566.20001,579.60999,558.52002,578.71997,1696500
2022-01-12,584.81,589.57001,575.79999,577.26001,1433700
2022-01-13,580.89001,582.53003,551.70001,552.91998,1633400
2022-01-14,551.33002,557.34003,543.40002,550.78998,1722600
2022-01-18,539.32001,548.90002,536.10999,537.82001,1888100
2022-01-19,542.10999,558.57001,540.81,545.34998,1904500
2022-01-20,552.099976,566.47998,543.77002,544.62,1924000
2022-01-21,546.98999,552.76001,527.82001,528.54999,2574900
2022-01-24,526.0,535.72998,500.35999,534.67999,2850100
2022-01-25,516.90997,528.84998,509.019989,515.98999,2418200
2022-01-26,532.039978,536.84998,499.75,507.48001,2503100
2022-01-27,516.40997,526.0,513.28998,517.21997,2485400
2022-01-28,520.15997,536.22998,506.17001,534.82001,1760600
2022-01-31,535.84998,556.64001,532.039978,555.22998,2209400
2022-02-01,556.40002,561.84998,548.19,560.83002,1706300
2022-02-02,562.76001,564.87,554.40002,562.29999,1245500
2022-02-03,543.87,552.77002,533.58002,535.59003,1372400
2022-02-04,531.030029,550.28003,531.030029,544.02002,1504500
2022-02-07,544.40002,555.90002,542.5,545.28003,1411600
2022-02-08,539.28003,556.40002,538.40997,554.22998,915500
2022-02-09,566.099976,579.96002,565.0,579.40002,1670700
2022-02-10,562.62,575.90997,552.33002,557.58002,1594200
2022-02-11,559.79999,561.70001,532.66998,535.81,1250400
2022-02-14,536.14001,538.32001,524.15002,529.049988,1165400
2022-02-15,537.73999,539.33002,515.77002,527.78003,2170300
2022-02-16,525.96997,530.41998,511.70999,528.15002,1318400
2022-02-17,523.28003,525.90002,494.72,496.17999,2145400
2022-02-18,497.70001,498.67001,478.75,481.20001,2323300
2022-02-22,479.92999,494.37,476.87,483.25,2282900
2022-02-23,491.91,491.91,465.54999,467.0,1799500
2022-02-24,458.0,498.29999,450.26001,497.13,2683700
2022-02-25,489.029999,492.13,474.60999,487.17999,2846500
2022-02-28,478.84,484.45999,463.39001,474.37,2525400
2022-03-01,476.13,484.56,465.85001,468.57999,2176700
2022-03-02,472.10999,489.34,468.0,486.0,2083000
2022-03-03,490.14999,492.87,468.98999,472.70001,1640400
2022-03-04,470.81,474.63,460.95999,464.95001,1611900
2022-03-07,464.22,466.73999,436.51001,437.39001,2312700
2022-03-08,438.42999,455.25,432.14999,442.20999,2669000
2022-03-09,456.48001,469.95999,452.0,464.73999,1950400
2022-03-10,460.14999,460.14999,443.34,452.37,1756200
2022-03-11,457.57001,461.89999,438.51001,439.32001,2303200
2022-03-14,439.92001,445.28,423.029999,424.63,2353900
2022-03-15,427.79999,441.48999,425.54001,439.67999,1953400
2022-03-16,445.0,457.89999,437.98999,457.89999,2487400
2022-03-17,454.82999,475.0,453.23001,473.75,2680700
2022-03-18,475.69,483.32001,467.85999,479.87,3112900
2022-03-21,473.070007,476.5,463.56,466.5,2044600
2022-03-22,466.45999,478.70999,465.98001,475.98999,1979900
2022-03-23,471.17001,471.98001,459.75,461.44,1718700
2022-03-24,464.16,467.22,453.040009,465.63,1567200
2022-03-25,467.51999,469.040009,452.82001,459.35001,1312200
2022-03-28,460.54001,481.70999,458.20001,480.5,2085000
2022-03-29,488.13,490.089996,475.79999,485.35999,1918000
2022-03-30,480.95999,481.51999,468.22,471.95001,1747800
2022-03-31,477.67001,488.85999,473.57001,480.84,2647900
2022-04-01,480.64001,487.48999,477.070007,483.92999,1316200
2022-04-04,485.38,507.70999,485.0,505.64999,2326700
2022-04-05,501.91,506.35999,491.0,496.049988,1632600
2022-04-06,485.26999,493.59,482.079987,490.20999,2041300
2022-04-07,484.62,498.45001,484.23001,495.01001,1568200
2022-04-08,493.32001,493.32001,481.51001,482.84,1717500
2022-04-11,478.37,478.63,464.73999,473.34,1595600
2022-04-12,479.89001,484.48999,461.17001,461.62,1509700
2022-04-13,464.35001,473.23999,460.0,470.42001,1477800
2022-04-14,467.70001,469.28,459.88,465.10999,1646100
2022-04-18,461.67999,474.17001,460.60001,469.040009,989300
2022-04-19,466.29999,485.66,464.91,485.070007,1184300
2022-04-20,487.57999,492.37,481.23999,481.95001,1184600
2022-04-21,484.82999,491.63,463.56,465.64999,1426600
2022-04-22,466.26001,468.019989,442.78,443.29001,1699300
2022-04-25,441.59,447.42999,433.60001,446.92999,2094000
2022-04-26,444.54999,445.26999,421.10999,421.35001,2218200
2022-04-27,421.17001,428.82001,416.16,418.25,1927900
2022-04-28,423.98999,448.01001,421.79001,444.57999,1791000
2022-04-29,441.57001,442.5,417.63,418.75,1898500
2022-05-02,420.079987,427.89999,413.23001,427.01001,1778700
2022-05-03,429.62,433.54001,425.66,430.84,1324300
2022-05-04,432.0,448.35001,418.16,447.92001,1599300
2022-05-05,437.87,439.75,404.76999,409.85999,2110600
2022-05-06,406.17999,406.54001,390.81,395.70999,1989700
2022-05-09,386.82999,390.92999,363.76999,367.01001,3485200
2022-05-10,381.67001,383.47,364.51001,371.19,2271000
2022-05-11,366.85001,376.42999,354.51999,356.17001,2563400
2022-05-12,342.57001,355.47,339.35999,353.89001,3268000
2022-05-13,362.10001,376.95001,360.60999,371.76001,1894200
2022-05-16,370.10001,370.32999,356.39001,359.59,1554800
2022-05-17,369.10001,373.73001,359.22,371.87,1643100
2022-05-18,364.14999,368.84,351.89999,353.31,1721100
2022-05-19,355.56,369.12,354.66,362.32999,2102900
2022-05-20,367.82001,371.79001,356.26999,367.78,1921600
2022-05-23,371.14999,372.0,363.0,371.37,1799400
2022-05-24,363.10999,365.70999,355.73999,358.97,2877700
2022-05-25,372.79001,395.57999,363.5,388.45001,5277100
2022-05-26,386.29001,414.0,385.85001,406.42001,3508100
2022-05-27,411.0,422.82999,410.69,422.48001,2932400
2022-05-31,419.82001,425.0,412.57001,414.45999,4297700
2022-06-01,420.20999,424.59,406.35999,408.37,1598400
2022-06-02,409.35999,427.25,408.48001,426.85999,1453400
2022-06-03,416.70001,420.67999,405.38,408.95001,1519000
2022-06-06,416.57999,419.85999,406.75,408.97,859900
2022-06-07,404.10999,418.75,403.14999,416.64999,1218100
2022-06-08,415.34,420.17999,412.35999,414.45999,1335100
2022-06-09,409.54999,414.42001,400.10999,400.54999,1186300
2022-06-10,390.39999,393.39999,378.84,381.22,2197200
2022-06-13,368.29001,372.98999,361.76001,363.98999,2191200
2022-06-14,366.81,371.10999,359.84,364.78,1401500
2022-06-15,370.39001,386.79001,368.47,378.54001,1830300
2022-06-16,365.45999,370.39999,355.22,359.63,2106100
2022-06-17,363.049988,375.16,362.54001,369.70999,2776200
2022-06-21,377.040009,383.029999,374.39999,377.42999,2019000
2022-06-22,371.76999,391.14999,371.56,380.84,1773500
2022-06-23,387.31,401.48001,380.79999,400.75,2111700
2022-06-24,407.76999,419.67999,407.32999,417.62,2632900
2022-06-27,415.35999,420.0,402.82001,404.72,1783800
2022-06-28,405.75,409.76999,384.48999,386.29001,1631100
2022-06-29,389.38,392.54999,382.73999,389.66,1066300
2022-06-30,387.70001,389.57999,376.17999,385.44,1670400
2022-07-01,382.5,391.13,378.079987,388.31,1133800
2022-07-05,384.76999,400.34,380.32999,400.22,1590500
2022-07-06,403.34,408.57999,396.73001,404.91,1356400
2022-07-07,399.37,411.62,397.87,410.84,1585100
2022-07-08,402.41,409.79999,398.22,406.81,1173100
2022-07-11,404.64999,406.94,395.37,402.56,1019400
2022-07-12,405.12,406.0,381.13,385.87,1611300
2022-07-13,376.98999,387.16,373.95001,383.31,1255400
2022-07-14,380.57999,383.35999,370.76999,379.87,1312400
2022-07-15,388.040009,394.44,382.67001,392.95999,1520700
2022-07-18,396.049988,400.0,386.72,388.25,1085600
2022-07-19,397.62,404.59,391.14999,403.85999,1358900
2022-07-20,408.35001,422.44,405.89001,420.45001,1663600
2022-07-21,420.57999,436.87,420.57999,434.70001,2076400
2022-07-22,436.69,446.0,429.17001,434.73999,1590300
2022-07-25,431.60999,432.72,422.070007,426.20001,1026500
2022-07-26,423.85999,424.48999,409.41,414.22,1540000
2022-07-27,418.10999,437.12,416.70999,433.16,1758500
2022-07-28,434.91,450.14999,431.029999,448.59,1754000
2022-07-29,445.23999,459.57999,445.23999,456.17001,2178600
2022-08-01,448.79001,456.53,444.45001,448.45999,1696800
2022-08-02,442.98999,451.29001,441.019989,446.97,1064700
2022-08-03,451.47,466.88,450.20999,465.75,1565400
2022-08-04,465.75,467.85999,458.20001,466.29999,1421400
2022-08-05,456.48001,470.64999,455.22,468.98999,933800
2022-08-08,471.32001,476.35001,463.82999,466.76001,1218800
2022-08-09,460.76999,466.079987,458.60999,462.070007,1067900
2022-08-10,477.79001,479.59,474.39999,478.089996,1408700
2022-08-11,486.35999,489.26999,475.51999,478.76999,1259600
2022-08-12,480.64001,487.60001,475.45999,486.66,1178700
2022-08-15,485.20001,490.23001,483.70001,489.23001,830800
2022-08-16,482.89001,490.82999,481.059998,488.17999,1031500
2022-08-17,478.31,483.84,474.88,478.29999,1422600
2022-08-18,477.29999,480.70999,472.079987,477.76001,1162100
2022-08-19,469.42999,470.76001,459.76999,463.95001,1509600
2022-08-22,456.73001,457.45001,445.01001,446.12,1692800
2022-08-23,451.97,453.040009,444.38,449.56,2339700
2022-08-24,479.64999,487.79999,465.32999,465.76999,3587400
2022-08-25,464.79999,466.69,457.69,465.85001,1701800
2022-08-26,466.95001,467.85001,447.84,448.45999,1777600
2022-08-29,438.25,446.39001,436.17001,436.79999,1796600
2022-08-30,440.0,443.82001,428.16,433.20001,1251000
2022-08-31,439.089996,441.28,429.85999,431.78,1294300
2022-09-01,427.39001,428.20001,415.66,425.5,1994300
2022-09-02,432.73999,433.98001,418.0,420.059998,1299800
2022-09-06,420.5,422.63,413.73001,418.76001,1391000
2022-09-07,421.29001,438.72,419.01001,435.29001,1421900
2022-09-08,429.51999,440.87,427.63,439.040009,1131100
2022-09-09,441.37,452.60001,441.32001,450.029999,1292200
2022-09-12,457.32999,459.98999,449.88,455.37,1250300
2022-09-13,434.26001,439.69,428.019989,429.31,1697600
2022-09-14,430.73999,437.26001,425.73001,436.84,1475100
2022-09-15,433.23999,436.92999,419.66,422.12,1468000
2022-09-16,418.70001,424.39001,414.019989,423.0,2095700
2022-09-19,415.28,424.22,415.049988,423.69,1270000
2022-09-20,420.059998,421.19,414.079987,417.82001,1271400
2022-09-21,422.14001,427.92001,408.5,408.67999,1485800
2022-09-22,404.82001,406.64999,395.45001,396.70999,2261300
2022-09-23,394.89999,395.45999,386.37,393.97,1680700
2022-09-26,394.35999,404.82999,393.10001,395.79999,1819200
2022-09-27,399.70001,407.29001,395.23001,400.76999,1624300
2022-09-28,404.059998,412.0,398.81,409.29001,1710600
2022-09-29,401.14001,404.79001,394.12,396.81,1999000
2022-09-30,395.26999,403.0,387.01001,387.32001,2001500
2022-10-03,389.32001,399.53,388.0,396.79999,1819000
2022-10-04,406.44,414.72,405.17999,412.01001,1788900
2022-10-05,405.29999,417.44,400.79001,413.57999,1200800
2022-10-06,412.37,417.29999,407.22,411.32001,1282700
2022-10-07,402.16,403.72,391.39001,392.95999,1414300
2022-10-10,393.0,394.91,379.70999,387.64001,1305300
2022-10-11,384.32001,389.45001,374.53,383.48001,1786800
2022-10-12,386.48001,399.79001,383.10001,388.059998,2210700
2022-10-13,373.12,398.98999,371.01001,395.78,1731500
2022-10-14,402.35999,403.079987,379.57001,380.10999,1804400
2022-10-17,393.23001,405.14001,391.79001,403.73999,2311500
2022-10-18,415.85001,420.0,401.51001,408.64999,1704500
2022-10-19,408.82001,412.20999,399.78,402.070007,1291800
2022-10-20,403.22,408.60999,397.97,401.14999,1399100
2022-10-21,404.019989,418.60999,395.82001,417.17999,1488900
2022-10-24,420.0,421.070007,405.14999,417.76001,1411900
2022-10-25,420.82999,433.79001,420.34,432.079987,1292000
2022-10-26,425.60999,437.13,420.089996,424.39001,1355200
2022-10-27,430.23001,431.67001,420.13,422.0,998300
2022-10-28,422.0,432.81,416.62,431.79001,1169600
2022-10-31,427.56,430.79999,423.81,427.5,1038500
2022-11-01,433.48001,434.14001,387.059998,394.76999,4241900
2022-11-02,402.51999,408.98999,384.82001,385.029999,2702400
2022-11-03,375.84,382.62,364.32999,364.98999,3252100
2022-11-04,371.66,371.66,352.63,361.19,3187600
2022-11-07,363.56,370.5,357.48001,370.10999,1650000
2022-11-08,372.45001,391.10001,370.13,382.57001,2668500
2022-11-09,376.97,379.64999,368.13,368.54999,1446900
2022-11-10,397.35001,403.75,388.0,403.23999,3088200
2022-11-11,402.26001,411.94,398.64001,408.040009,1720200
2022-11-14,400.049988,403.57001,391.040009,397.66,1801700
2022-11-15,414.5,416.48001,401.78,407.019989,2076400
2022-11-16,407.019989,407.10001,390.82999,393.66,1260100
2022-11-17,384.60001,388.48999,378.019989,381.88,2049800
2022-11-18,388.47,389.42999,369.94,380.070007,2046100
2022-11-21,376.57001,380.39999,372.16,375.0,1429400
2022-11-22,379.98999,394.0,375.0,392.23001,2298700
2022-11-23,390.42001,400.10001,390.059998,395.85001,1488700
2022-11-25,394.85001,395.82999,391.48001,392.47,861800
2022-11-28,394.38,398.70001,383.48001,385.64001,1690700
2022-11-29,381.63,385.34,377.42999,379.70999,1716300
2022-11-30,375.48999,411.48999,374.0,407.59,4902300
2022-12-01,407.89001,418.22,405.0,416.070007,1943100
2022-12-02,401.87,409.17001,400.16,407.92001,1876000
2022-12-05,401.16,404.20001,393.17999,395.14001,1499000
2022-12-06,395.45001,395.48999,385.16,389.78,1209800
2022-12-07,388.059998,394.19,385.39001,388.64999,968600
2022-12-08,391.60001,406.72,389.45999,405.35999,1525700
2022-12-09,404.19,405.82999,399.28,399.82999,1061300
2022-12-12,400.73001,410.98001,398.32999,410.78,1810500
2022-12-13,432.10999,441.98001,422.20999,428.39001,3247700
2022-12-14,426.53,434.23999,416.14999,418.92001,1631400
2022-12-15,410.94,415.16,394.23999,396.53,1741300
2022-12-16,392.73001,393.98999,380.54999,384.98001,3565600
2022-12-19,388.73999,388.73999,377.5,383.51999,1535400
2022-12-20,381.87,390.059998,380.82001,387.079987,1320100
2022-12-21,389.42999,396.39001,384.26001,393.32999,1330100
2022-12-22,385.35001,387.75,376.76001,383.95001,1312600
2022-12-23,383.32001,385.42999,378.5,384.48999,705200
2022-12-27,383.44,385.34,377.45999,383.10999,823300
2022-12-28,385.35999,388.5,374.82001,376.5,843600
2022-12-29,380.38,391.98001,377.56,390.87,1004600
2022-12-30,386.01001,389.44,382.67999,389.22,948900
2023-01-03,396.70001,404.45001,385.22,391.17999,1874000
2023-01-04,397.57999,399.72,387.60001,391.57001,1209700
2023-01-05,386.35001,387.47,375.0,375.62,1263800
2023-01-06,380.23999,389.34,370.62,386.51999,1312700
2023-01-09,391.10001,402.64001,388.16,395.34,1331600
2023-01-10,387.57999,394.95999,385.53,388.67999,1069900
2023-01-11,388.28,395.82999,384.29001,395.31,1587300
2023-01-12,398.26999,398.26999,386.029999,396.70001,1099000
2023-01-13,390.0,394.63,386.45999,393.20999,1311100
2023-01-17,392.0,395.29001,386.75,390.20001,1658700
2023-01-18,392.10001,401.32001,385.64001,386.070007,1603200
2023-01-19,383.14001,388.97,378.22,378.60001,1082000
2023-01-20,383.26999,400.31,382.54999,398.070007,1702000
2023-01-23,400.73001,410.51001,399.12,410.0,2211800
2023-01-24,410.0,410.0,398.73999,401.54999,1189600
2023-01-25,394.29999,403.95001,385.48999,401.89999,1131900
2023-01-26,409.95001,413.22,402.079987,412.54999,1282600
2023-01-27,408.32001,428.70001,407.26999,422.62,1724800
2023-01-30,416.14001,420.53,412.23999,416.45001,1543400
2023-01-31,416.45001,422.92001,415.10001,422.67001,1174600
2023-02-01,420.35001,437.95999,416.01001,435.54999,1521700
2023-02-02,443.95999,457.94,442.089996,452.16,1917600
2023-02-03,440.76001,440.91,421.69,423.76001,1843200
2023-02-06,417.64999,418.26001,412.70001,414.98999,1337900
2023-02-07,412.73999,429.88,409.019989,427.67001,1400700
2023-02-08,426.64999,430.64999,417.70001,421.73999,1055000
2023-02-09,430.64001,431.98999,418.29001,419.73999,1098500
2023-02-10,415.0,416.10999,408.89999,413.51999,998400
2023-02-13,415.98001,419.22,413.91,418.089996,1028900
2023-02-14,416.42999,426.22,412.26999,421.97,878500
2023-02-15,418.29001,423.19,414.44,421.23999,865200
2023-02-16,409.17001,416.57999,406.54999,408.35999,1281600
2023-02-17,406.41,406.51001,396.87,404.38,1626100
2023-02-21,396.35001,400.16,393.69,396.26001,1331700
2023-02-22,400.53,408.089996,397.79001,406.38,1688000
2023-02-23,410.82999,416.23999,404.040009,411.88,2476100
2023-02-24,404.98999,429.98999,404.10999,419.81,4044700
2023-02-27,421.38,422.54999,412.040009,412.62,2166400
2023-02-28,410.0,413.079987,405.37,407.17999,2218800
2023-03-01,405.0,406.38,396.42001,401.26999,1651100
2023-03-02,398.85999,402.89001,393.87,400.37,1516400
2023-03-03,401.59,410.72,400.089996,408.51999,1550900
2023-03-06,408.57999,419.70999,406.72,412.70999,1459200
2023-03-07,413.079987,418.20001,408.44,409.29001,1261400
2023-03-08,408.16,418.17999,408.0,416.67001,1448800
2023-03-09,418.79999,424.67999,403.73999,404.57999,1723800
2023-03-10,403.42999,404.63,388.82001,392.60999,2855200
2023-03-13,392.41,397.82001,384.049988,391.56,2394700
2023-03-14,400.63,409.14001,398.95001,408.29999,2236600
2023-03-15,404.28,408.28,401.63,406.32001,1852700
2023-03-16,405.39001,420.28,401.20999,418.14999,1965700
2023-03-17,416.82999,418.14999,408.51999,413.69,3124300
2023-03-20,412.16,413.78,405.76001,411.84,1520000
2023-03-21,414.34,422.69,411.19,422.029999,1439600
2023-03-22,420.73001,428.23999,414.01001,414.20999,1558500
2023-03-23,419.17999,434.97,415.57999,432.48999,2737900
2023-03-24,428.72,432.0,422.42001,429.57001,1659700
2023-03-27,429.64999,431.53,423.23999,426.94,1677000
2023-03-28,426.94,427.73001,416.95001,419.32999,1322300
2023-03-29,427.070007,434.23001,424.01001,433.29001,1320100
2023-03-30,439.72,442.41,437.42001,440.089996,1515700
2023-03-31,442.63,448.040009,441.5,445.82999,1700900
2023-04-03,443.01001,443.01001,436.16,440.67001,1234100
2023-04-04,440.14999,446.73001,437.10999,439.81,1120000
2023-04-05,439.63,440.049988,431.87,439.14999,1494700
2023-04-06,433.82999,447.94,432.35999,446.76001,1673600
2023-04-10,441.29001,445.95999,435.94,444.72,1165900
2023-04-11,441.85001,443.60999,434.39001,437.5,1267300
2023-04-12,443.47,444.54001,434.44,435.089996,981600
2023-04-13,439.47,443.53,438.19,441.81,970600
2023-04-14,439.01001,443.69,436.23999,441.62,1328700
2023-04-17,443.91,443.91,435.95999,440.089996,993100
2023-04-18,445.0,445.64999,439.59,442.59,878400
2023-04-19,437.48999,445.62,437.0,445.48999,802700
2023-04-20,439.88,451.12,439.88,447.39999,1103700
2023-04-21,448.64001,452.70999,443.26999,446.39999,1280600
2023-04-24,450.070007,450.23001,439.60001,442.32001,1177100
2023-04-25,436.95001,438.57999,418.85001,419.82999,2269100
2023-04-26,418.32001,422.51001,412.94,413.70001,1947900
2023-04-27,416.85999,430.39001,414.34,429.16,1479300
2023-04-28,428.73001,462.5,424.79001,443.95001,2538000
2023-05-01,441.79001,446.73999,439.97,442.51001,1419200
2023-05-02,445.079987,445.37,430.81,436.45999,1213500
2023-05-03,440.20001,440.95999,428.20001,429.64999,1274800
2023-05-04,432.64001,432.75,421.31,422.45001,1283800
2023-05-05,427.88,439.25,425.17999,425.95001,1800100
2023-05-08,422.42999,427.76999,416.57001,426.89001,1359600
2023-05-09,424.44,430.51999,422.81,427.67999,783700
2023-05-10,432.98001,436.31,426.92999,431.51999,1425100
2023-05-11,432.32999,432.95999,423.64999,424.89001,1573300
2023-05-12,426.39001,430.01001,424.39001,427.62,1224200
2023-05-15,413.0,427.26999,410.47,426.20999,2088000
2023-05-16,422.14999,430.079987,419.079987,421.41,1574100
2023-05-17,423.32001,432.85001,420.14999,431.85999,1280900
2023-05-18,433.56,448.70999,432.32001,447.66,1770900
2023-05-19,449.51999,450.26999,444.82001,446.029999,1234400
2023-05-22,449.60999,455.39999,445.48001,454.10999,1948500
2023-05-23,455.57999,460.75,449.79999,449.79999,2658600
2023-05-24,421.0,425.73001,413.35999,415.92001,6664400
2023-05-25,418.5,421.0,407.54001,413.10001,4119800
2023-05-26,413.76001,428.0,413.10999,418.42999,3287100
2023-05-30,424.37,427.37,405.60999,406.089996,3400700
2023-05-31,400.79001,420.25,400.22,419.12,6180600
2023-06-01,417.59,426.0,416.26001,422.12,1910500
2023-06-02,423.25,432.60999,423.25,430.48999,1702000
2023-06-05,430.45001,444.78,429.97,442.84,2201400
2023-06-06,446.62,458.12,446.070007,448.48999,1839600
2023-06-07,448.12,452.92999,421.44,422.35999,2429900
2023-06-08,421.38,427.5,419.29999,423.35999,1612300
2023-06-09,422.81,432.049988,420.25,431.54999,1696600
2023-06-12,435.29999,446.94,434.57999,446.12,1937200
2023-06-13,451.64999,451.98999,442.0,447.54999,1324400
2023-06-14,447.97,453.37,440.45999,446.22,1709100
2023-06-15,442.19,459.16,441.040009,456.31,1658300
2023-06-16,461.26999,461.69,450.19,455.029999,2619600
2023-06-20,454.31,461.0,451.12,455.13,1395000
2023-06-21,454.70001,455.51999,449.29001,450.53,1106500
2023-06-22,448.75,451.76001,445.64999,450.84,1034800
2023-06-23,443.85999,457.089996,442.73999,452.69,1489900
2023-06-26,451.66,462.42001,451.66,453.29999,1418200
2023-06-27,455.89001,460.81,453.29999,459.029999,1253800
2023-06-28,459.16,459.91,452.51001,459.63,1495400
2023-06-29,460.73999,460.95001,453.38,455.82001,1133100
2023-06-30,456.78,461.98001,454.16,458.19,1967100
2023-07-03,452.73999,454.98001,449.0,451.57001,1454500
2023-07-05,448.0,458.26999,447.01001,457.84,1360700
2023-07-06,450.39999,453.85999,444.19,451.5,1156700
2023-07-07,450.73001,457.42001,447.82999,448.19,847200
2023-07-10,447.48999,466.59,447.01001,464.32999,2217700
2023-07-11,465.64999,466.88,455.56,463.70001,1176500
2023-07-12,472.26001,478.42999,469.23001,476.84,1681500
2023-07-13,480.14999,483.60999,478.64999,481.35001,1477600
2023-07-14,479.0,486.48001,478.42999,483.98999,1158100
2023-07-17,481.95001,492.73999,480.48001,490.82001,1330500
2023-07-18,490.79999,497.69,488.5,495.42999,1242700
2023-07-19,503.87,508.089996,498.25,500.56,2003800
2023-07-20,498.13,503.39001,490.92999,491.78,1277000
2023-07-21,496.85999,501.94,491.92999,492.51999,4574000
2023-07-24,496.59,498.57001,485.92001,488.5,1251600
2023-07-25,488.79001,499.84,488.79001,496.47,1122700
2023-07-26,492.70001,498.76999,491.89999,496.85999,1760900
2023-07-27,504.13,505.79999,494.79001,496.53,1620300
2023-07-28,501.48999,513.21997,501.48999,511.84,1867100
2023-07-31,511.54999,514.14001,508.56,511.70001,1531100
2023-08-01,510.56,510.56,502.82999,508.5,1495700
2023-08-02,501.76999,503.32999,492.82001,498.049988,1170300
2023-08-03,495.34,500.32001,490.95999,496.98001,911200
2023-08-04,503.23001,508.87,496.26999,496.98001,1179000
2023-08-07,500.35001,505.92999,499.82999,505.26001,784200
2023-08-08,499.79001,501.45001,491.13,500.81,987100
2023-08-09,501.28,503.14999,494.089996,496.70001,1081600
2023-08-10,504.0,510.75,498.34,501.47,1012700
2023-08-11,497.81,503.79999,496.23999,497.76999,1005500
2023-08-14,497.54999,506.70001,495.25,505.79999,1453200
2023-08-15,502.35001,506.16,495.79001,497.17999,1136700
2023-08-16,497.10999,504.089996,495.48999,495.64999,1056300
2023-08-17,495.85001,496.81,485.14999,486.45001,1098600
2023-08-18,479.91,488.76999,477.76001,485.95999,954400
2023-08-21,487.76999,490.0,481.88,488.26001,1206100
2023-08-22,490.17999,494.42999,485.95999,487.89999,898700
2023-08-23,489.26999,503.12,489.26999,500.85999,1458600
2023-08-24,504.42001,508.54999,496.45001,498.5,2217600
2023-08-25,494.23999,521.82001,494.23999,519.049988,2457300
2023-08-28,519.049988,522.66998,513.83002,518.87,1307800
2023-08-29,517.84998,537.46997,516.63,536.48999,1570200
2023-08-30,537.70001,543.0,536.28003,540.58002,1688000
2023-08-31,540.58002,545.0,534.59003,541.81,1776200
2023-09-01,545.33002,549.84998,540.46002,549.59998,1336500
2023-09-05,548.64001,555.0,545.53998,550.58002,1372200
2023-09-06,549.41998,553.62,545.60999,550.95001,1237000
2023-09-07,549.82001,557.46002,547.91998,553.60999,1209700
2023-09-08,552.31,558.64001,549.77002,550.56,1245000
2023-09-11,551.21002,553.69,547.97998,549.29999,1242500
2023-09-12,543.0,547.71997,540.01001,546.0,1312600
2023-09-13,544.23999,545.65002,538.85999,541.95001,1136200
2023-09-14,545.12,549.52002,537.96002,547.59998,973400
2023-09-15,548.14001,548.15002,537.01001,538.080017,2445500
2023-09-18,536.32001,538.42999,533.75,535.01001,886900
2023-09-19,530.13,530.84003,526.13,529.19,1026400
2023-09-20,531.099976,531.41998,523.40997,523.59003,945300
2023-09-21,519.58002,521.37,503.35999,504.37,1729200
2023-09-22,504.0,512.14001,500.66,508.57001,1233800
2023-09-25,506.20999,511.20001,504.35001,508.31,1279200
2023-09-26,507.54001,508.87,500.19,503.19,1233600
2023-09-27,507.57999,511.42999,502.97,508.23999,1260200
2023-09-28,504.45999,517.66998,501.17999,512.23999,1262700
2023-09-29,522.030029,524.12,507.98999,510.94,1499600
2023-10-02,510.82999,518.27002,508.92001,517.79999,1621600
2023-10-03,511.29001,518.46997,504.38,507.48001,1741600
2023-10-04,513.34003,519.90002,508.67001,517.46002,1561000
2023-10-05,516.0,520.080017,510.56,516.29999,1118700
2023-10-06,512.0,534.65997,511.28,533.29999,1766700
2023-10-09,527.76001,535.54999,526.25,534.90997,1047700
2023-10-10,532.15002,545.26001,530.65997,540.10999,1369300
2023-10-11,541.65002,544.60999,536.76001,541.58002,884200
2023-10-12,545.090027,550.12,540.62,543.40997,1520700
2023-10-13,543.40997,545.63,530.29999,533.049988,1627000
2023-10-16,539.84003,543.5,534.46997,540.90002,1063900
2023-10-17,535.96997,546.070007,533.059998,538.78003,1396100
2023-10-18,535.29999,537.15002,525.57001,527.41998,1143100
2023-10-19,530.5,534.090027,519.90002,521.52002,1328300
2023-10-20,520.28998,521.53998,504.76999,506.81,1873300
2023-10-23,505.0,513.10999,498.48001,504.029999,1523300
2023-10-24,506.48999,513.14001,499.45001,505.82001,958900
2023-10-25,500.39999,500.60001,482.28,483.029999,2459400
2023-10-26,483.0,486.92001,473.56,479.45001,1584400
2023-10-27,479.64001,482.51001,473.89001,479.51999,1563800
2023-10-30,483.69,489.69,481.79001,487.5,1410200
2023-10-31,489.019989,496.60001,485.45001,494.95001,1071900
2023-11-01,492.69,493.51001,481.94,489.17001,2041200
2023-11-02,498.91,504.0,490.35001,500.35001,1509200
2023-11-03,492.88,502.95999,489.54999,498.51001,2419600
2023-11-06,499.079987,500.62,494.35001,500.5,1475500
2023-11-07,508.17999,517.33002,506.97,513.90997,1409200
2023-11-08,521.21002,524.23999,515.33002,522.38,1428400
2023-11-09,518.64001,527.27002,513.96997,514.53998,1384000
2023-11-10,519.53003,530.080017,516.25,528.89001,1147800
2023-11-13,525.63,534.42999,523.32001,532.17999,1177100
2023-11-14,541.40002,557.98999,541.40002,555.52002,2005700
2023-11-15,558.98999,567.030029,554.67999,555.53998,1711300
2023-11-16,557.21002,560.47998,552.67999,556.95001,1198400
2023-11-17,556.64001,561.19,554.02002,560.15997,1127100
2023-11-20,564.0,565.59003,558.84003,564.5,1008800
2023-11-21,560.090027,564.90002,560.0,562.17999,1001000
2023-11-22,567.98999,571.82001,563.48999,564.22998,899300
2023-11-24,562.48999,564.91998,560.049988,564.070007,607300
2023-11-27,561.90997,566.28003,559.0,561.22998,1633600
2023-11-28,559.59998,567.15002,557.95001,565.070007,1745500
2023-11-29,582.98999,599.0,575.90002,577.22998,2489600
2023-11-30,577.39001,582.15997,565.69,571.46002,1941100
2023-12-01,571.40002,576.67999,564.45001,574.32001,1334000
2023-12-04,568.62,571.17999,560.67999,570.46997,1335800
2023-12-05,565.34003,572.27002,563.39001,571.78003,988900
2023-12-06,575.40002,576.21997,565.70001,566.22998,1109500
2023-12-07,570.22998,573.0,564.87,571.48999,898900
2023-12-08,566.15997,574.63,564.39001,573.90002,1195200
2023-12-11,577.32001,589.059998,577.0,586.65997,1617300
2023-12-12,588.27002,594.87,583.53998,594.17999,1252000
2023-12-13,598.049988,610.42999,593.71002,610.21997,1606600
2023-12-14,614.69,617.60999,595.96002,601.17999,2546800
2023-12-15,602.099976,611.87,602.099976,608.51001,3455500
2023-12-18,610.38,620.28998,609.73999,618.42999,1538700
2023-12-19,615.47998,622.21002,614.71002,621.46002,1252100
2023-12-20,619.02002,627.83002,615.5,615.71002,1536500
2023-12-21,620.0,623.62,618.17999,620.98999,1000900
2023-12-22,622.83002,625.15002,617.67999,624.070007,820800
2023-12-26,625.16998,628.33002,622.72998,624.84998,638300
2023-12-27,623.98999,629.79999,622.26001,629.12,734400
2023-12-28,630.73999,631.070007,627.17999,628.02002,680700
2023-12-29,628.02002,630.83002,622.46002,625.030029,724300
2024-01-02,622.25,623.059998,599.63,603.76001,1666700
2024-01-03,597.56,598.38,589.40997,591.14001,1439400
2024-01-04,590.60999,594.51001,585.81,586.82001,956700
2024-01-05,586.82001,592.16998,586.15002,589.02002,838900
2024-01-08,593.099976,600.54999,591.91998,598.38,1689700
2024-01-09,591.15002,606.73999,590.14001,605.17999,1271100
2024-01-10,603.12,613.35999,603.02002,608.70001,1292400
2024-01-11,611.16998,615.66998,600.51001,608.71002,1315200
2024-01-12,612.0,613.98999,606.080017,611.79999,802400
2024-01-16,607.75,612.96002,601.21997,603.83002,1433100
2024-01-17,600.56,601.84003,593.28998,599.84003,1540000
2024-01-18,603.40002,612.12,601.79999,611.35999,1147700
2024-01-19,614.88,624.15002,610.96997,622.17999,1332100
2024-01-22,626.54999,632.44,626.0,630.60999,954400
2024-01-23,630.59003,636.69,624.14001,635.82001,853500
2024-01-24,641.75,644.72998,634.79999,636.17999,1017300
2024-01-25,649.46997,649.46997,637.070007,641.48999,1043400
2024-01-26,642.79999,646.20001,639.71002,641.35999,770900
2024-01-29,643.0,654.02002,642.090027,652.88,869200
2024-01-30,647.89001,652.14001,646.13,647.71997,1114600
2024-01-31,641.83002,642.53003,626.21002,631.33002,1208500
2024-02-01,631.52002,634.88,623.20001,632.85999,1034100
2024-02-02,628.21997,642.53003,628.21997,639.58002,1287300
2024-02-05,638.67999,641.85999,629.28003,640.59998,1007900
2024-02-06,644.59003,645.84998,630.95001,635.29999,908600
2024-02-07,640.53998,649.31,636.97998,643.16998,970400
2024-02-08,646.42999,654.23999,643.16998,653.070007,1005700
2024-02-09,657.53003,662.83002,654.69,658.15997,1005100
2024-02-12,655.71997,659.71997,651.89001,656.98999,1279100
2024-02-13,634.53003,646.40002,628.70001,638.28998,1785100
2024-02-14,642.98999,657.65002,642.98999,657.13,1285400
2024-02-15,662.65997,664.83002,657.0,664.28003,1438000
2024-02-16,662.96002,663.0,651.12,655.73999,1336800
2024-02-20,650.71002,655.44,641.049988,645.90997,1470600
2024-02-21,640.5,643.84003,630.52002,638.27002,1146200
2024-02-22,650.080017,659.38,649.52002,657.91998,1975600
2024-02-23,652.76001,668.23999,646.15002,659.81,1740400
2024-02-26,659.039978,668.28998,651.46002,663.84003,1579400
2024-02-27,665.0,670.72998,661.33002,669.35999,1059200
2024-02-28,661.90002,665.72998,656.26001,659.15997,1059700
2024-02-29,661.52002,667.57001,660.0,662.89001,1934100
2024-03-01,659.049988,667.10999,656.21997,666.52002,1002800
2024-03-04,664.34003,671.01001,660.59998,668.40997,896700
2024-03-05,664.65997,665.52002,631.59998,639.72998,1382000
2024-03-06,645.77002,650.97998,640.29999,650.28003,1070900
2024-03-07,656.0,657.0,646.56,649.34003,903200
2024-03-08,644.15002,657.20001,641.88,651.72998,1054100
2024-03-11,649.15002,653.15997,638.60999,650.87,1045700
2024-03-12,655.72998,666.46002,647.63,662.64001,1097300
2024-03-13,660.0,661.54999,653.67999,655.070007,954900
2024-03-14,660.0,660.0,645.56,650.039978,1129100
2024-03-15,645.48999,649.0,621.039978,625.52002,3145400
2024-03-18,630.19,636.75,628.96002,630.39001,1811000
2024-03-19,631.5,635.34003,625.59003,634.54999,1675700
2024-03-20,635.19,642.17999,633.31,639.65002,1335500
2024-03-21,643.51001,659.12,640.5,651.28998,1347500
2024-03-22,649.47998,650.59003,639.41998,643.73999,838000
2024-03-25,637.58002,641.96997,631.91998,639.090027,1020900
2024-03-26,642.15997,644.10999,638.96002,640.049988,1002100
2024-03-27,645.82001,649.96997,640.48999,648.73999,1119700
2024-03-28,650.90997,655.0,647.72998,650.0,1163200
2024-04-01,653.13,654.40002,635.88,639.84003,697000
2024-04-02,630.44,630.44,622.28998,626.59003,2119200
2024-04-03,626.59003,632.85999,621.45001,623.0,1566500
2024-04-04,633.78003,637.059998,620.33002,621.28003,1293300
2024-04-05,623.5,637.25,621.54999,635.73999,1619800
2024-04-08,639.16998,647.39001,637.080017,645.28003,1016600
2024-04-09,650.0,650.41998,636.32001,644.090027,847900
2024-04-10,630.73999,635.28003,626.54999,628.35999,962100
2024-04-11,630.92999,633.71002,623.83002,627.71002,1612700
2024-04-12,618.48999,626.22998,616.090027,621.10999,1454600
2024-04-15,629.28003,630.0,610.48999,612.12,1065800
2024-04-16,613.65002,618.56,610.91998,611.48999,1264800
2024-04-17,615.39001,617.79999,611.84003,613.21002,1117400
2024-04-18,616.89001,616.89001,606.28003,608.38,790900
2024-04-19,609.13,611.19,598.01001,605.16998,1608900
2024-04-22,608.46002,614.070007,600.90002,609.77002,1056800
2024-04-23,615.12,632.83002,612.070007,630.88,1461900
2024-04-24,623.5,642.10999,622.56,635.48999,1378200
2024-04-25,630.65997,632.82001,619.78998,626.39001,1243000
2024-04-26,627.070007,640.13,626.59003,636.54999,1192500
2024-04-29,637.33002,644.98999,634.38,638.39001,886500
2024-04-30,637.01001,637.91998,625.22998,625.62,1309700
2024-05-01,625.13,629.65997,610.039978,615.20001,1199100
2024-05-02,617.059998,620.85999,607.28998,614.039978,1103500
2024-05-03,623.78003,631.39001,622.15002,629.27002,1109500
2024-05-06,632.27002,635.0,627.58002,634.64001,802900
2024-05-07,635.090027,641.60999,631.31,641.15002,757700
2024-05-08,641.15002,641.42999,629.53003,632.42999,889800
2024-05-09,632.42999,633.88,624.21002,626.85999,1292700
2024-05-10,628.59998,637.88,628.01001,632.31,917400
2024-05-13,638.16998,638.16998,625.87,627.19,916200
2024-05-14,624.71002,637.46002,623.15997,635.41998,879700
2024-05-15,643.90002,656.90002,642.0,655.13,1082800
2024-05-16,654.69,658.28998,651.83002,653.37,957200
2024-05-17,655.25,661.75,654.71997,661.17999,774700
2024-05-20,659.88,671.48999,659.46997,670.15002,931500
2024-05-21,670.59998,670.59998,665.13,667.82001,1092000
2024-05-22,670.38,673.63,666.20001,670.27002,987000
2024-05-23,675.0,676.62,659.5,662.26001,1886200
2024-05-24,621.0,624.0,600.48999,606.98999,4251700
2024-05-28,604.58002,605.099976,592.14001,600.02002,2640000
2024-05-29,593.20001,611.29999,593.20001,598.28003,1892800
2024-05-30,588.46002,588.46002,560.90997,562.96997,3409600
2024-05-31,561.75,577.40997,557.28998,576.44,3136200
2024-06-03,575.60999,576.52002,562.60999,567.21997,1566900
2024-06-04,568.38,574.34998,563.70001,572.059998,1171900
2024-06-05,571.88,574.84003,560.53003,574.27002,1595800
2024-06-06,573.73999,575.59998,570.01001,572.65002,1448700
2024-06-07,572.66998,576.28998,566.46002,573.90002,1048600
2024-06-10,569.42999,572.71997,565.77002,567.23999,1567700
2024-06-11,565.0,569.41998,562.57001,566.70001,1571000
2024-06-12,580.0,602.66998,578.65002,592.21997,2591800
2024-06-13,594.53003,600.40997,586.030029,594.62,2132100
2024-06-14,598.40002,599.97998,594.59003,595.70001,1070500
2024-06-17,589.84003,604.63,586.25,602.52002,1248700
2024-06-18,603.72998,610.45001,601.90002,609.67999,1375900
2024-06-20,610.48999,617.65997,608.29999,616.080017,1840000
2024-06-21,625.84003,634.15002,618.54999,632.15002,3682500
2024-06-24,630.71997,633.71997,622.46002,623.88,1606000
2024-06-25,629.16998,630.54999,624.39001,630.46997,1271900
2024-06-26,628.0,638.65002,624.48999,637.47998,1169600
2024-06-27,639.080017,657.15997,635.51001,651.44,1478000
2024-06-28,652.0,662.51001,647.97998,657.21002,1754000
2024-07-01,652.51001,653.13,642.47998,650.77002,1195000
2024-07-02,651.0,657.0,649.69,656.21997,951100
2024-07-03,651.27002,662.44,650.54999,659.90002,931900
2024-07-05,655.0,674.34003,653.35999,668.75,1517100
2024-07-08,660.58002,663.090027,655.94,659.58002,1022500
2024-07-09,659.58002,660.0,649.090027,650.41998,861300
2024-07-10,636.69,636.69,622.65002,632.84003,1962600
2024-07-11,638.59003,643.16998,627.21997,629.40997,1234600
2024-07-12,631.64001,646.099976,629.59998,641.95001,1044900
2024-07-15,641.039978,658.53998,640.17999,658.17999,1043700
2024-07-16,660.0,668.64001,655.53003,666.15002,988700
2024-07-17,663.070007,666.32001,658.059998,658.90997,1156300
2024-07-18,661.65997,661.65997,632.70001,637.46997,1383900
2024-07-19,638.78003,640.45001,632.40002,636.56,1056400
2024-07-22,643.60999,645.97998,635.90997,644.52002,1473500
2024-07-23,643.67999,648.26001,636.60999,637.099976,1193600
2024-07-24,629.82001,637.059998,619.099976,620.23999,1590200
2024-07-25,629.87,641.12,620.27002,626.32001,1241000
2024-07-26,632.59998,643.5,628.40002,633.35999,987100
2024-07-29,637.45001,642.64001,629.59003,636.35999,1242200
2024-07-30,640.0,645.47998,629.53003,635.79999,1064200
2024-07-31,652.0,662.66998,641.90997,647.34998,1423900
2024-08-01,647.0,660.21002,630.090027,637.82001,1301200
2024-08-02,626.94,626.94,611.090027,623.91998,1788700
2024-08-05,608.26001,614.77002,597.21997,602.96997,1786900
2024-08-06,610.13,622.059998,607.02002,612.28998,1339500
2024-08-07,622.96002,630.12,608.030029,609.45001,1123400
2024-08-08,615.52002,628.53998,613.73999,626.12,1042400
2024-08-09,625.0,634.78998,622.20001,630.20001,802800
2024-08-12,629.21997,635.28998,624.83002,627.40997,647000
2024-08-13,634.69,648.56,630.01001,645.83002,1040100
2024-08-14,627.27002,640.22998,625.0,636.73999,1501200
2024-08-15,645.39001,652.96002,644.20001,652.14001,937100
2024-08-16,652.65002,657.20001,650.94,653.53003,765800
2024-08-19,654.5,664.71002,653.02002,663.29999,1217300
2024-08-20,663.29999,669.70001,661.88,667.28003,1110800
2024-08-21,669.69,672.53998,664.96997,670.48999,1256100
2024-08-22,673.01001,674.78003,663.13,665.28998,1467700
2024-08-23,660.0,660.0,610.40002,619.84998,4113400
2024-08-26,623.0,633.95001,615.72998,617.12,1968100
2024-08-27,615.47998,628.38,611.69,626.32001,1477700
2024-08-28,624.32001,627.87,614.40997,617.039978,1035000
2024-08-29,622.64001,631.53998,621.21997,622.79999,986600
2024-08-30,625.02002,631.16998,617.40002,630.26001,2069500
2024-09-03,632.64001,638.88,621.0,624.81,1324700
2024-09-04,621.030029,626.38,617.51001,623.099976,866900
2024-09-05,621.35999,622.92999,611.91998,621.47998,773500
2024-09-06,625.0,626.10999,611.81,615.12,999700
2024-09-09,621.48999,628.73999,617.0,626.98999,1005800
2024-09-10,630.60999,633.75,620.85999,633.62,1022200
2024-09-11,631.69,645.75,613.95001,643.91998,1327000
2024-09-12,643.72998,646.89001,638.34003,646.37,1178900
2024-09-13,642.90002,660.90002,641.37,655.31,1226500
2024-09-16,655.23999,656.01001,643.42999,646.25,939700
2024-09-17,650.0,650.0,644.21002,644.82001,934600
2024-09-18,642.92999,646.13,632.099976,633.070007,1000200
2024-09-19,651.059998,660.60999,646.059998,654.23999,1567400
2024-09-20,644.35999,651.22998,638.78003,644.98999,2961000
2024-09-23,649.5,649.5,639.51001,641.96997,1069400
2024-09-24,640.96002,643.96997,635.52002,638.20001,1454600
2024-09-25,634.89001,643.19,632.34003,634.73999,1414600
2024-09-26,645.0,645.91998,633.87,636.83002,1084500
2024-09-27,636.83002,638.48999,618.33002,619.030029,1425200
2024-09-30,618.20001,623.70001,616.20001,621.0,1361500
2024-10-01,618.02002,618.59998,603.84998,606.28003,1869100
2024-10-02,607.40002,612.63,604.26001,607.28003,1164600
2024-10-03,601.31,607.0,599.89001,603.81,1289800
2024-10-04,608.20001,614.34003,605.12,610.66998,1220200
2024-10-07,607.030029,610.53998,600.71002,602.42999,1711200
2024-10-08,608.01001,614.54999,603.82001,613.37,1201900
2024-10-09,615.0,621.96997,611.60999,621.60999,1183600
2024-10-10,618.0,621.48999,616.0,619.29999,1127800
2024-10-11,619.17999,622.34998,613.72998,616.67999,1275700
2024-10-14,620.31,620.31,612.79999,617.15997,990100
2024-10-15,619.82001,623.039978,615.76001,617.89001,1259300
2024-10-16,616.58002,618.070007,607.46002,609.39001,1132400
2024-10-17,619.080017,619.14001,607.84998,609.22998,1135300
2024-10-18,601.34003,615.44,600.10999,613.28998,1299500
2024-10-21,608.22998,615.62,607.10999,613.92999,1057900
2024-10-22,608.91998,613.28998,605.28003,609.59003,1088400
2024-10-23,608.02002,609.98999,599.65002,602.01001,1119200
2024-10-24,602.90997,608.78998,602.0,603.97998,883200
2024-10-25,610.0,617.21997,607.83002,609.27002,1000700
2024-10-28,612.84003,613.77002,607.89001,612.090027,1292000
2024-10-29,612.98999,625.59998,609.38,623.70001,1134700
2024-10-30,623.78998,629.46997,619.90997,621.10999,1082400
2024-10-31,620.16998,621.73999,608.54999,610.29999,1478600
2024-11-01,605.0,626.38,603.0,621.73999,1437000
2024-11-04,623.0,624.52002,615.83002,619.01001,1152500
2024-11-05,619.85999,622.28998,610.71002,618.83002,1564100
2024-11-06,643.12,668.0,642.75,648.39001,2963700
2024-11-07,651.73999,675.099976,651.73999,674.15002,1927600
2024-11-08,678.0,688.88,672.22998,684.21997,1705800
2024-11-11,683.78998,698.96002,682.29999,697.34998,1514400
2024-11-12,695.0,703.88,694.29999,699.46997,1409500
2024-11-13,697.25,714.78003,695.02002,706.25,1472300
2024-11-14,701.58002,706.0,693.40002,700.76001,1769600
2024-11-15,691.15997,692.84998,680.21002,687.87,1798900
2024-11-18,685.65002,688.12,675.79999,678.81,1580300
2024-11-19,636.099976,646.87,632.40002,644.16998,2536000
2024-11-20,642.090027,652.28003,637.59998,650.59998,1880700
2024-11-21,659.78003,681.59003,656.75,678.70001,2318300
2024-11-22,668.17999,675.0,639.15002,640.12,3294200
2024-11-25,641.60999,651.10999,632.88,634.62,2951500
2024-11-26,633.0,641.5,630.33002,638.83002,1784200
2024-11-27,633.91998,641.090027,631.20001,636.16998,1376100
2024-11-29,640.88,645.35999,636.33002,641.72998,828900
2024-12-02,637.049988,640.39001,631.66998,634.070007,1502100
2024-12-03,629.59998,636.67999,626.40002,636.02002,1104800
2024-12-04,639.0,660.39001,636.95001,654.64001,1619700
2024-12-05,651.96002,653.049988,641.45001,648.70001,1219700
2024-12-06,649.16998,654.10999,645.82001,646.46997,1125100
2024-12-09,643.60999,650.78003,640.16998,646.58002,1379800
2024-12-10,649.28998,659.23999,644.70001,647.070007,1485600
2024-12-11,647.070007,670.73999,646.26001,670.56,1868800
2024-12-12,674.030029,676.15002,662.95001,672.25,1629700
2024-12-13,668.98999,672.70001,653.97998,656.45001,1634800
2024-12-16,656.78003,672.91998,656.78003,671.5,1684200
2024-12-17,670.0,679.84998,664.049988,677.77002,1814900
2024-12-18,677.01001,677.01001,647.31,649.81,2408200
2024-12-19,653.76001,661.95001,636.71002,636.95001,2313300
2024-12-20,629.20001,648.98999,624.030029,643.39001,3451000
2024-12-23,640.65002,642.25,633.75,638.29999,1614300
2024-12-24,639.0,645.53998,636.080017,645.28998,668700
2024-12-26,641.34998,648.98999,640.79999,646.19,639300
2024-12-27,643.23999,643.23999,631.17999,638.57001,966400
2024-12-30,632.84998,634.13,623.40997,630.29999,1102800
2024-12-31,630.90002,633.65997,626.39001,628.5,988500
2025-01-02,637.0,637.72998,619.42999,622.78998,1179400
2025-01-03,628.5,631.0,624.52002,630.22998,993400
2025-01-06,626.96997,633.40002,623.0,625.15997,1260700
2025-01-07,623.35999,626.65002,611.91998,615.42999,1030200
2025-01-08,616.42999,627.60999,613.71002,626.049988,1226000
2025-01-10,618.84003,633.62,617.28998,623.42999,2390000
2025-01-13,620.38,622.0,612.29999,613.21997,1684400
2025-01-14,615.0,623.98999,614.26001,623.79999,1697300
2025-01-15,623.79999,627.5,610.60999,621.45001,1938100
2025-01-16,623.32001,623.75,606.75,607.27002,2834100
2025-01-17,615.87,615.87,596.20001,604.13,2836700
2025-01-21,605.98999,611.059998,602.67999,609.40997,1665900
2025-01-22,609.67999,617.53998,609.67999,611.67999,1213700
2025-01-23,608.79999,608.79999,597.48999,598.29999,2241400
2025-01-24,601.98999,602.53003,595.44,597.95001,1901200
2025-01-27,586.96002,614.39001,586.0,606.62,1985500
2025-01-28,608.62,613.71002,600.19,600.65997,1675000
2025-01-29,599.65002,603.53998,590.19,592.98999,1457500
2025-01-30,595.34003,605.65997,593.70001,604.59998,1219700
2025-01-31,604.88,610.90002,599.85999,601.51001,1640100
2025-02-03,600.40002,601.83002,585.01001,600.76001,2244500
2025-02-04,596.34003,608.47998,590.12,591.71997,1737500
2025-02-05,593.41998,593.59003,580.099976,588.26001,2134400
2025-02-06,588.26001,595.15997,585.79999,590.20001,1533900
2025-02-07,590.59003,596.17999,577.21997,578.84998,1430900
2025-02-10,575.0,588.79999,575.0,586.84003,1571300
2025-02-11,581.090027,591.97998,581.090027,585.88,1856700
2025-02-12,578.070007,580.96997,568.71002,576.53998,1737800
2025-02-13,580.56,592.0,579.0,583.90002,1609900
2025-02-14,584.69,591.39001,580.090027,587.38,1348800
2025-02-18,589.85999,590.039978,576.059998,579.94,2053900
2025-02-19,578.73999,582.88,575.59003,582.19,2063000
2025-02-20,583.02002,586.099976,573.39001,579.080017,2703900
2025-02-21,580.54999,582.15002,561.25,565.46997,2006400
2025-02-24,565.96002,572.75,563.29999,567.23999,2040900
2025-02-25,567.31,571.41998,553.23999,555.63,3014500
2025-02-26,635.5,638.98999,615.44,625.51001,4674200
2025-02-27,625.0,627.98999,599.63,600.41998,2451700
2025-02-28,600.91998,614.84998,598.37,613.84003,2444400
2025-03-03,617.85999,620.81,599.40002,601.090027,1597400
2025-03-04,604.28003,608.90002,587.28003,598.070007,2308200
2025-03-05,608.91998,618.40002,601.21002,617.51001,1615200
2025-03-06,613.02002,619.84998,602.12,606.37,1671000
2025-03-07,605.85999,614.63,594.53003,609.60999,1689700
2025-03-10,603.89001,606.34998,575.44,579.78003,2375900
2025-03-11,579.78003,595.10999,577.38,586.71002,1909300
2025-03-12,589.01001,597.27002,585.59003,591.14001,1874700
2025-03-13,586.080017,586.17999,563.71997,581.32001,2269800
2025-03-14,589.21997,601.53998,586.83002,598.79999,2063100
2025-03-17,595.41998,605.33002,591.91998,602.10999,1558800
2025-03-18,598.90002,601.56,591.79999,599.030029,1230400
2025-03-19,605.78003,609.039978,597.51001,603.10999,1247700
2025-03-20,599.10999,605.58002,596.090027,600.41998,1088200
2025-03-21,592.98999,605.25,590.02002,604.039978,2391400
2025-03-24,610.0,614.28998,605.28998,613.090027,1703000
2025-03-25,611.52002,620.92999,605.21997,618.71997,1126500
2025-03-26,618.78003,620.27002,613.070007,614.85999,1715500
2025-03-27,615.48999,620.60999,612.31,615.29999,1206200
2025-03-28,611.57001,613.78998,595.54999,598.91998,1574600
2025-03-31,600.34003,618.0,593.72998,613.98999,3071400
2025-04-01,610.87,617.12,606.15002,613.78003,1826500
2025-04-02,605.059998,625.0,604.96002,620.90997,1604500
2025-04-03,604.0,616.41998,598.20001,598.53003,2833900
2025-04-04,588.099976,594.21002,560.94,561.53003,3335200
2025-04-07,548.01001,575.89001,532.65002,556.23999,2834700
2025-04-08,564.63,568.60999,537.54999,544.070007,2764000
2025-04-09,541.53998,598.54999,539.12,596.47998,2883800
2025-04-10,583.080017,585.96997,558.65997,577.46997,2289100
2025-04-11,573.28998,588.46002,569.46997,587.039978,1479900
2025-04-14,600.0,600.0,585.82001,593.54999,1227400
2025-04-15,598.96997,600.56,591.34998,594.080017,1177800
2025-04-16,587.65002,598.070007,581.080017,588.080017,1985500
2025-04-17,592.0,593.90997,584.83002,585.38,1639800
2025-04-21,578.42999,581.37,559.099976,568.84003,1502600
2025-04-22,574.17999,584.84003,571.46997,583.56,1467500
2025-04-23,597.0,608.72998,593.81,596.049988,1744800
2025-04-24,598.83002,617.099976,596.66998,614.83002,1601000
2025-04-25,616.059998,625.21002,612.97998,624.12,1540600
2025-04-28,623.32001,628.59998,614.57001,618.22998,1357300
2025-04-29,618.67999,624.19,616.080017,623.15002,843300
2025-04-30,614.090027,629.29999,610.21997,627.46997,1315400
2025-05-01,624.5,635.17999,622.41998,623.19,1449900
2025-05-02,633.46002,636.81,627.54999,631.67999,1367300
2025-05-05,630.66998,641.51001,629.39001,632.17999,1434100
2025-05-06,625.5,633.90997,622.94,626.54999,905800
2025-05-07,626.59998,642.46997,626.59998,641.14001,1650500
2025-05-08,643.53003,662.48999,641.31,656.080017,2059800
2025-05-09,655.26001,658.19,650.070007,653.88,1158800
2025-05-12,665.0,670.59998,654.91998,662.29999,1842000
2025-05-13,660.44,661.39001,651.72998,656.79999,1560500
2025-05-14,656.0,660.46997,652.10999,652.83002,1947900
2025-05-15,654.32001,665.37,652.15997,661.31,1548500
2025-05-16,672.81,672.81,662.19,670.28003,1555200
2025-05-19,666.46002,675.0,663.20001,670.85999,1327800
2025-05-20,665.38,671.5,663.22998,671.15997,1047500
2025-05-21,668.73999,671.070007,659.60999,659.97998,1478800
2025-05-22,662.51001,670.56,659.0,666.070007,2301200
2025-05-23,720.0,734.17999,714.0,720.13,5327700
2025-05-27,724.51001,751.96002,722.45001,751.96002,4079800
2025-05-28,752.0,758.77002,751.0,754.45001,2504600
2025-05-29,759.5,759.5,746.81,757.21997,1589700
2025-05-30,760.0,761.02002,747.27002,753.46997,2887100
2025-06-02,750.54999,765.080017,748.34003,764.98999,1870000
2025-06-03,762.83002,768.090027,758.15997,764.65997,1526800
2025-06-04,762.33002,768.059998,762.0,766.81,1280800
2025-06-05,766.070007,773.45001,763.81,766.64001,1242200
2025-06-06,770.14001,771.85999,764.27002,771.58002,1475300
2025-06-09,770.21997,772.0,762.64001,764.38,1342400
2025-06-10,762.35999,766.19,754.10999,762.099976,1422900
2025-06-11,758.81,765.46002,754.53003,764.75,1276500
2025-06-12,763.34998,770.77002,763.34998,766.21002,1300200
2025-06-13,758.72998,763.01001,752.34003,753.97998,1148000
2025-06-16,761.82001,769.91998,757.57001,768.080017,1428900
2025-06-17,768.46002,769.64001,761.65002,764.90002,1344500
2025-06-18,762.37,765.59003,750.38,754.83002,2223400
2025-06-20,760.65997,762.39001,755.049988,761.14001,2709400
2025-06-23,759.66998,765.0,754.40002,762.54999,1223300
2025-06-24,769.14001,771.14001,758.14001,759.030029,1900400
2025-06-25,758.059998,759.62,751.059998,757.85999,1531100
2025-06-26,759.38,773.38,758.53003,772.85999,1420100
2025-06-27,771.15997,787.21997,771.15997,776.57001,2051800
2025-06-30,782.52002,790.5,779.13,787.63,1946900
2025-07-01,788.70001,790.59998,765.81,779.60999,1923800
2025-07-02,773.90002,775.33002,765.90997,773.70001,1493000
2025-07-03,777.57001,784.53998,776.69,780.64001,823000
2025-07-07,780.27002,788.13,778.76001,783.60999,1296000
2025-07-08,784.57001,784.62,775.84003,781.47998,1437600
2025-07-09,782.66998,783.0,766.049988,769.59003,1486200
2025-07-10,768.42999,769.97998,745.13,747.90002,1783700
2025-07-11,745.54999,751.85999,743.5,747.90002,1047800
2025-07-14,749.59003,758.85999,747.5,752.75,1114900
2025-07-15,750.90997,754.5,742.89001,745.95001,1452400
2025-07-16,751.79999,751.79999,742.39001,750.71997,1263100
2025-07-17,749.21002,756.45001,748.90997,755.37,1071300
2025-07-18,763.22998,763.22998,750.84003,752.63,1509400
2025-07-21,753.98999,767.92999,751.51001,763.69,1411800
2025-07-22,767.45001,771.12,760.29999,766.78003,1027400
2025-07-23,765.78998,778.059998,759.53003,776.0,1939600
2025-07-24,778.0,784.16998,775.28003,781.21002,1379900
2025-07-25,782.90997,790.5,780.5,785.95001,1406400
2025-07-28,785.030029,800.5,783.0,798.72998,1933200
2025-07-29,804.47998,807.92999,794.83002,806.34003,1693800
2025-07-30,804.87,813.70001,800.96002,807.39001,1606400
2025-07-31,807.15002,807.15002,783.94,785.13,1779100
2025-08-01,786.14001,787.37,772.34998,776.15002,1490100
2025-08-04,784.17999,790.53998,781.31,784.87,1484400
2025-08-05,785.41998,794.090027,767.91998,769.27002,1257800
2025-08-06,773.87,779.66998,765.67999,779.46997,1154700
2025-08-07,783.47998,786.28003,752.039978,761.60999,1435900
2025-08-08,760.5,762.47998,747.25,749.0,1670200
2025-08-11,747.62,750.54999,702.67999,706.090027,3195300
2025-08-12,707.14001,714.46997,699.059998,713.47998,2146000
2025-08-13,713.47998,717.54999,703.96002,711.71002,1602400
2025-08-14,711.98999,715.97998,706.12,710.64001,1241000
2025-08-15,712.34003,720.090027,707.5,716.73999,1751700
2025-08-18,717.099976,721.53998,714.84998,717.21002,1628800
2025-08-19,715.080017,719.099976,698.77002,701.030029,2582100
2025-08-20,703.97998,705.099976,695.69,699.15002,2096200
2025-08-21,697.01001,701.0,692.83002,697.76001,2511500
2025-08-22,655.0,670.39001,642.52002,662.65997,6368800
2025-08-25,664.98999,670.42999,655.75,656.96002,2201500
2025-08-26,658.0,666.41998,656.44,659.53998,3762900
2025-08-27,661.79999,664.33002,654.35999,663.16998,1690200
2025-08-28,663.65997,674.62,661.97998,668.20001,2071100
2025-08-29,668.20001,673.73999,664.34998,667.0,1594100
2025-09-02,655.26001,664.66998,655.080017,661.98999,1679900
2025-09-03,665.28998,669.91998,658.31,668.67999,1986900
2025-09-04,665.0,671.81,659.22998,668.28998,1719100
2025-09-05,672.21997,677.0,667.25,672.82001,1614100
2025-09-08,676.58002,679.40002,667.96002,671.67999,1558700
2025-09-09,669.31,673.70001,664.76001,670.89001,1254900
2025-09-10,669.39001,670.0,653.34998,656.26001,2789400
2025-09-11,660.28998,666.39001,656.90997,660.52002,2201300
2025-09-12,658.46002,660.40002,645.31,646.030029,2202100
2025-09-15,647.35999,652.64001,640.26001,651.33002,2186900
2025-09-16,651.84003,655.10999,644.46002,651.29999,1578400
2025-09-17,653.67999,666.030029,652.5,662.67999,1861000
2025-09-18,667.080017,693.38,665.53998,674.96002,3006800
2025-09-19,692.85999,700.0,682.96002,687.91998,4226700
2025-09-22,686.53003,705.080017,685.54999,702.090027,2403400
2025-09-23,699.79999,702.53998,694.21997,699.17999,2400000
2025-09-24,703.71002,703.71002,688.96002,694.78998,1727800
2025-09-25,691.59003,695.78998,683.53003,692.67999,1548000
2025-09-26,692.69,700.0,690.21997,698.26001,1480500
2025-09-29,700.049988,703.96002,691.46997,694.69,1816500
2025-09-30,697.02002,702.12,680.12,682.90997,2378600
2025-10-01,679.84003,686.19,674.080017,679.5,2151600
2025-10-02,676.77002,682.95001,668.35999,681.85999,2289100
2025-10-03,677.059998,688.37,677.059998,679.94,1293900
2025-10-06,667.02002,676.16998,658.33002,670.090027,2538400
2025-10-07,670.91998,671.72998,654.34003,657.98999,1597800
2025-10-08,659.57001,664.0,655.22998,657.79999,1699800
2025-10-09,655.0,658.0,643.15997,644.91998,1698300
2025-10-10,645.40002,653.17999,641.22998,641.78998,3059300
2025-10-13,643.20001,656.46997,642.64001,655.67999,1344900
2025-10-14,645.82001,660.71002,644.45001,657.15997,1243700
2025-10-15,657.099976,657.41998,647.76001,652.69,1693000
2025-10-16,659.21002,659.40002,642.73999,646.98999,1248000
2025-10-17,647.57001,662.27002,646.84003,661.39001,1812900
2025-10-20,663.28003,668.85999,658.48999,664.77002,1205800
2025-10-21,665.66998,676.88,661.0,675.039978,1201600
2025-10-22,674.20001,682.46997,670.42999,670.77002,1272000
2025-10-23,671.46002,680.97998,669.56,677.71997,1474300
2025-10-24,684.26001,688.0,680.21997,683.090027,1027700
2025-10-27,686.96997,689.16998,677.28998,683.39001,1318200
2025-10-28,684.72998,688.90002,678.25,678.92999,1103300
2025-10-29,667.58002,669.62,649.099976,656.039978,1990900
2025-10-30,653.080017,665.92999,652.5,656.17999,1435200
2025-10-31,656.0,671.89001,653.78998,667.54999,1585500
2025-11-03,669.27002,677.12,660.57001,676.19,1270500
2025-11-04,676.19,676.19,653.53998,660.41998,1542700
2025-11-05,656.84998,662.59003,653.71997,655.33002,1467100
2025-11-06,649.0,659.35999,640.57001,653.64001,1866300
2025-11-07,653.75,654.60999,633.46997,648.84998,1697700
2025-11-10,649.53998,654.28998,645.41998,653.27002,1530500
2025-11-11,653.02002,657.47998,648.79999,654.32001,1150100
2025-11-12,655.48999,661.51001,651.71997,659.29999,1575200
2025-11-13,655.51001,662.58002,649.0,650.10999,1779300
2025-11-14,650.57001,666.82001,644.35999,662.40997,1438300
2025-11-17,662.51001,664.0,643.5,645.97998,1441500
2025-11-18,655.79999,662.0,644.15002,649.72998,2437200
2025-11-19,648.58002,656.81,645.87,650.62,1288100
2025-11-20,653.62,664.53998,637.44,637.44,2516600
2025-11-21,669.59998,682.27002,659.51001,663.15002,3802200
2025-11-24,665.38,671.01001,647.15002,653.22998,3184200
2025-11-25,651.95001,658.46997,640.34003,648.070007,1921900
2025-11-26,647.42999,651.88,619.82001,629.13,2283300
2025-11-28,629.13,634.91998,626.5,634.080017,872900
2025-12-01,629.10999,635.90002,627.14001,631.62,1864900
2025-12-02,632.39001,635.73999,623.98999,635.63,1537300
2025-12-03,630.85999,648.099976,629.90002,647.67999,1778900
2025-12-04,648.59003,665.32001,647.51001,663.080017,2174200
2025-12-05,664.47998,676.59998,663.53998,673.63,2356400
2025-12-08,671.039978,671.78003,653.73999,656.23999,1878900
2025-12-09,653.41998,660.77002,650.46997,655.75,1386700
2025-12-10,653.95001,669.42999,652.75,662.42999,1596400
2025-12-11,659.42999,678.33002,657.91998,676.01001,2815300
2025-12-12,679.40002,681.20001,666.87,670.92999,1940900
2025-12-15,670.039978,671.37,653.02002,654.59998,1707100
2025-12-16,654.39001,671.51001,648.21002,669.34998,1775000
2025-12-17,671.02002,676.21002,660.15997,660.78003,2237300
2025-12-18,663.75,676.53998,661.5,668.88,2040200
2025-12-19,667.79999,675.59998,665.44,671.29999,4555500
2025-12-22,675.21997,679.26001,671.0,675.21002,1184300
2025-12-23,671.64001,676.0,666.40002,674.14001,954300
2025-12-24,672.66998,676.5,672.030029,674.83002,334100
2025-12-26,674.34003,678.13,673.22998,676.54999,555000
2025-12-29,672.79999,678.57001,670.98999,674.15002,885900
2025-12-30,671.56,674.27002,668.59998,669.88,1192200
