DateTime,Open,High,Low,Close,Volume
2017-02-06,113.64,114.49,112.28,113.4,109600
2017-02-07,113.62,115.32,113.0,114.37,177100
2017-02-08,114.47,114.5,112.32,113.26,265200
2017-02-09,113.74,116.48,113.74,116.059998,306000
2017-02-10,116.69,117.31,115.019997,116.38,324400
2017-02-13,116.58,117.43,115.73,116.080002,208500
2017-02-14,116.080002,120.11,111.51,117.019997,634000
2017-02-15,119.16,124.27,118.78,121.75,547100
2017-02-16,121.63,121.98,117.79,118.47,293000
2017-02-17,118.059998,119.71,117.93,119.5,363900
2017-02-21,120.0,122.0,119.99,121.81,266900
2017-02-22,121.33,121.7,120.080002,120.82,224400
2017-02-23,121.58,121.59,119.019997,119.88,203500
2017-02-24,118.88,121.080002,117.65,120.39,186300
2017-02-27,120.26,121.010002,119.029999,120.88,382000
2017-02-28,120.46,120.85,118.019997,118.3,364800
2017-03-01,118.88,121.11,118.5,120.75,201000
2017-03-02,120.32,121.13,118.58,118.71,224100
2017-03-03,118.96,119.48,117.83,118.82,309600
2017-03-06,118.029999,118.7,116.019997,117.92,232100
2017-03-07,117.21,119.26,117.21,118.11,268200
2017-03-08,119.099998,121.51,118.5,118.98,366900
2017-03-09,118.07,119.46,118.059998,118.57,120100
2017-03-10,119.41,120.87,118.73,119.55,148500
2017-03-13,119.32,119.76,118.24,118.66,161100
2017-03-14,117.72,119.27,117.16,118.29,116100
2017-03-15,118.97,119.71,118.45,119.44,246600
2017-03-16,119.69,120.41,118.96,120.16,153900
2017-03-17,121.029999,122.019997,120.010002,121.46,430000
2017-03-20,121.4,121.97,120.95,121.089996,159400
2017-03-21,121.8,121.82,116.8,116.94,403400
2017-03-22,117.12,118.8,117.0,118.45,255400
2017-03-23,118.099998,119.3,117.68,118.55,197200
2017-03-24,119.28,120.93,118.12,119.029999,184600
2017-03-27,118.0,119.13,117.13,118.63,308300
2017-03-28,118.97,120.93,118.87,120.010002,320900
2017-03-29,120.050003,120.6,119.37,119.9,136200
2017-03-30,119.61,121.67,119.61,119.92,132000
2017-03-31,120.12,121.39,119.5,120.7,211300
2017-04-03,120.63,120.63,117.94,119.44,276000
2017-04-04,119.35,121.44,118.43,119.24,231000
2017-04-05,119.63,120.72,117.89,118.35,258200
2017-04-06,118.76,120.5,117.72,120.15,227300
2017-04-07,119.93,121.91,119.93,120.98,187500
2017-04-10,121.19,122.97,120.58,120.82,155400
2017-04-11,120.75,120.98,118.43,119.96,330900
2017-04-12,120.099998,120.23,117.14,117.51,179200
2017-04-13,117.54,119.32,116.82,117.17,186300
2017-04-17,117.51,118.79,116.87,117.86,86000
2017-04-18,117.76,118.81,117.5,118.61,94900
2017-04-19,119.33,120.36,118.49,119.46,139600
2017-04-20,120.0,121.62,119.15,121.099998,151700
2017-04-21,121.23,121.38,119.89,120.55,105500
2017-04-24,121.99,125.010002,121.23,124.46,273700
2017-04-25,125.0,126.72,124.8,125.75,292000
2017-04-26,125.64,126.54,124.3,125.11,247200
2017-04-27,125.66,127.94,125.66,127.040001,174800
2017-04-28,126.55,127.2,125.82,126.32,324000
2017-05-01,126.82,127.84,125.089996,126.62,317700
2017-05-02,140.0,140.089996,134.73,136.2,843000
2017-05-03,136.0,136.67999,132.62,135.36,477800
2017-05-04,136.59,136.63,132.91,133.50999,298200
2017-05-05,133.67,134.62,132.8,133.74001,316300
2017-05-08,133.45,134.5,132.41,134.41,368000
2017-05-09,134.25,135.7,133.89,134.31,247100
2017-05-10,133.96001,136.089996,133.59,135.60001,229800
2017-05-11,135.17999,138.39,134.36,138.17999,360500
2017-05-12,137.56,138.88,136.23,138.64999,240900
2017-05-15,139.21001,142.77,138.72,142.64999,341200
2017-05-16,142.10001,143.81,141.039993,141.59,523800
2017-05-17,139.72,140.78999,135.53999,135.64,399400
2017-05-18,135.96001,136.87,133.86,134.96001,303000
2017-05-19,136.42,136.96001,135.52,135.97,299600
2017-05-22,136.5,137.39,135.72,136.89,222500
2017-05-23,138.12,143.49001,136.029999,138.44,266900
2017-05-24,138.57001,139.86,138.14999,139.56,152600
2017-05-25,140.0,140.0,137.64999,137.99001,192900
2017-05-26,137.64999,140.12,137.13,139.28,184800
2017-05-30,139.28999,140.53,139.25999,139.78,146800
2017-05-31,140.050003,140.059998,136.60001,139.039993,169600
2017-06-01,139.84,140.91,138.67999,140.64,255900
2017-06-02,140.74001,142.64,140.17999,142.0,280600
2017-06-05,142.45,142.67999,140.59,141.059998,195800
2017-06-06,142.96001,145.98,141.34,143.97,430900
2017-06-07,144.23,145.67,143.24001,144.89,344300
2017-06-08,145.84,146.0,142.39,145.66,220400
2017-06-09,146.0,146.49001,139.33,142.57001,430100
2017-06-12,141.57001,142.039993,137.0,138.75999,423600
2017-06-13,140.2,142.37,139.5,141.45,250200
2017-06-14,141.89999,142.53,138.71001,140.37,202100
2017-06-15,138.25,139.63,136.62,138.45,238400
2017-06-16,139.0,141.75,138.94,140.27,581800
2017-06-19,141.61,144.86,141.029999,144.38,330800
2017-06-20,144.83,144.95,141.64999,142.059998,292200
2017-06-21,142.75,144.059998,142.020004,143.089996,274300
2017-06-22,143.85001,144.99001,142.39999,143.57001,337900
2017-06-23,143.089996,148.75999,143.089996,146.83,568100
2017-06-26,148.25,149.28999,147.22,148.029999,463500
2017-06-27,147.34,147.99001,145.33,145.57001,377700
2017-06-28,146.25999,147.55,144.58,146.49001,397000
2017-06-29,145.87,147.50999,142.58,144.2,359000
2017-06-30,144.85001,146.5,143.44,145.10001,319500
2017-07-03,145.89,147.67999,144.71001,145.080002,166100
2017-07-05,146.82001,149.0,145.81,148.37,235700
2017-07-06,147.53999,149.10001,146.7,147.50999,367600
2017-07-07,147.99001,151.14,147.44,150.63,259300
2017-07-10,150.42,151.85001,150.23,151.28,254600
2017-07-11,150.33,151.27,149.50999,150.67,337600
2017-07-12,152.48,153.42999,151.050003,151.74001,408200
2017-07-13,152.020004,153.95,151.47,152.020004,317300
2017-07-14,152.28,156.10001,152.28,155.5,206000
2017-07-17,156.0,157.83,153.21001,153.81,387900
2017-07-18,148.8,151.5,147.020004,149.78999,625300
2017-07-19,150.0,151.95,149.31,151.080002,270100
2017-07-20,151.82001,152.24001,149.97,151.44,197000
2017-07-21,150.62,152.75,150.31,152.44,284000
2017-07-24,157.029999,158.39,155.33,155.63,726600
2017-07-25,157.35001,157.94,155.71001,157.050003,361400
2017-07-26,157.55,158.61,156.52,157.3,194900
2017-07-27,157.95,158.49001,153.31,153.92,350000
2017-07-28,153.17,154.83,153.059998,154.050003,280500
2017-07-31,155.0,155.64,152.28,152.64,518300
2017-08-01,163.0,167.0,162.050003,166.39,1255500
2017-08-02,166.89999,168.92999,161.42,162.17,591200
2017-08-03,162.84,164.0,158.64999,159.62,736600
2017-08-04,160.070007,161.72,159.69,160.74001,313400
2017-08-07,161.37,163.75,161.059998,162.60001,502400
2017-08-08,162.39,164.22,161.59,163.63,741600
2017-08-09,162.85001,165.44,162.23,165.33,388600
2017-08-10,164.2,166.33,164.2,164.67,722000
2017-08-11,164.56,165.44,163.58,163.92999,291200
2017-08-14,165.050003,168.11,164.64999,167.81,406000
2017-08-15,168.0,169.45,167.66,168.57001,378400
2017-08-16,169.28999,170.39,168.14999,169.12,352200
2017-08-17,168.53,169.46001,164.84,165.050003,254500
2017-08-18,165.45,166.7,165.039993,165.89999,226700
2017-08-21,165.8,166.5,163.5,165.21001,282600
2017-08-22,165.92,166.82001,165.66,165.98,276700
2017-08-23,165.25999,166.22,164.81,165.64999,259600
2017-08-24,164.59,166.080002,164.55,165.49001,202700
2017-08-25,165.81,167.78,165.75999,167.39999,188100
2017-08-28,168.55,170.21001,167.53999,169.77,294600
2017-08-29,168.28999,170.17,167.50999,169.81,190000
2017-08-30,169.98,172.16,169.39,172.089996,224800
2017-08-31,172.55,175.95,171.77,175.78999,340100
2017-09-01,176.63,177.32001,174.5,175.029999,265400
2017-09-05,174.69,175.7,170.34,171.92,285200
2017-09-06,172.35001,173.64999,171.12,172.83,157600
2017-09-07,173.45,174.37,172.39999,173.41,281500
2017-09-08,173.11,174.95,172.48,173.78,237600
2017-09-11,175.19,177.50999,175.19,177.10001,265000
2017-09-12,178.13,179.91,176.82001,177.99001,278800
2017-09-13,178.0,180.5,177.39999,179.2,381200
2017-09-14,178.5,180.55,177.81,179.92,271900
2017-09-15,180.029999,180.5,178.61,180.23,460000
2017-09-18,181.0099945,183.77,180.89999,183.17,378500
2017-09-19,183.34,185.45,182.57001,184.22,314400
2017-09-20,184.32001,184.39999,182.44,184.2,239900
2017-09-21,183.53,183.59,181.83,183.2,302700
2017-09-22,183.42,187.73,183.42,187.36,344900
2017-09-25,187.81,187.98,180.88,181.020004,477400
2017-09-26,182.12,183.21001,181.17,182.080002,278300
2017-09-27,183.78999,185.62,182.74001,184.23,385500
2017-09-28,184.10001,184.46001,182.12,183.67999,348300
2017-09-29,183.37,185.21001,181.53,185.059998,317100
2017-10-02,185.11,186.89999,185.0,186.75999,231200
2017-10-03,187.0,187.77,186.2,187.49001,206500
2017-10-04,187.16,189.99001,186.35001,189.92,206600
2017-10-05,189.97,191.23,189.020004,191.13,251500
2017-10-06,190.8,192.97,190.059998,192.83,161800
2017-10-09,192.60001,196.089996,192.60001,193.98,246600
2017-10-10,195.64999,195.8,191.96001,192.86,347700
2017-10-11,192.5,194.67999,192.5,194.63,589200
2017-10-12,194.91,198.41,194.75,196.64,341200
2017-10-13,196.96001,199.020004,196.53,198.10001,437600
2017-10-16,199.64999,199.73,197.78999,198.69,450000
2017-10-17,198.87,201.22,197.89999,200.98,430100
2017-10-18,201.56,204.28999,200.070007,203.0,450600
2017-10-19,201.78999,201.78999,196.17999,200.84,438100
2017-10-20,202.58,203.92,201.73,202.55,329000
2017-10-23,203.89,205.97,202.5,205.71001,378100
2017-10-24,206.14999,210.25999,206.050003,209.46001,423800
2017-10-25,208.25,211.73,204.67,206.96001,466200
2017-10-26,206.88,209.69,205.059998,208.75,241800
2017-10-27,210.53999,210.53999,206.57001,208.3,400600
2017-10-30,209.53999,209.53999,206.020004,207.62,561900
2017-10-31,214.53999,219.64,203.5,212.91,1135700
2017-11-01,214.71001,215.52,204.14,206.44,591000
2017-11-02,207.63,209.089996,205.92,207.34,490800
2017-11-03,207.62,213.86,207.25999,213.86,330300
2017-11-06,213.91,219.38,213.91,219.25,513400
2017-11-07,222.19,223.63,217.67,221.42999,589800
2017-11-08,221.0,224.47,220.60001,221.78999,393700
2017-11-09,220.0,221.85001,214.42,218.72,435000
2017-11-10,219.82001,224.34,219.22,223.53,501100
2017-11-13,223.0,225.55,220.94,224.69,406700
2017-11-14,224.69,229.64999,224.070007,226.27,488600
2017-11-15,227.13,228.72,224.38,227.11,398900
2017-11-16,228.73,234.99001,228.73,233.27,490500
2017-11-17,234.85001,238.89,233.63,237.23,616400
2017-11-20,239.92,242.64999,239.0,240.5,533600
2017-11-21,241.81,247.49001,241.75,246.28,467800
2017-11-22,246.61,248.23,236.21001,239.48,651700
2017-11-24,240.88,242.84,240.0,242.050003,403500
2017-11-27,242.24001,242.83,238.53,240.64999,425800
2017-11-28,241.75999,242.19,238.0,241.42999,485200
2017-11-29,240.50999,241.95,220.47,228.13,1161800
2017-11-30,229.72,233.48,226.12,228.98,2872200
2017-12-01,228.48,230.47,220.52,224.13,668300
2017-12-04,225.85001,226.99001,200.0099945,200.8,1592200
2017-12-05,201.21001,207.89999,200.21001,202.98,753100
2017-12-06,201.69,204.059998,198.41,202.64999,590200
2017-12-07,203.52,208.24001,203.36,207.33,838600
2017-12-08,209.50999,211.070007,204.0,205.25999,490700
2017-12-11,205.39999,207.28,204.2,206.64999,521800
2017-12-12,206.55,207.81,204.0099945,204.98,411200
2017-12-13,205.089996,206.66,204.25999,205.059998,571300
2017-12-14,205.66,207.56,203.50999,205.53999,607300
2017-12-15,205.39,210.46001,204.82001,208.059998,781900
2017-12-18,209.14999,212.78999,208.75999,212.64999,459100
2017-12-19,212.81,215.63,210.42999,213.14,520800
2017-12-20,213.67,215.34,210.11,211.8,316800
2017-12-21,211.44,212.77,210.58,211.92999,311500
2017-12-22,212.52,213.28,210.24001,213.12,310300
2017-12-26,212.0,214.75,211.5,213.17999,425600
2017-12-27,212.8,215.60001,212.089996,214.61,349600
2017-12-28,215.089996,215.97,214.64,215.25,355800
2017-12-29,215.61,216.2,212.42999,214.13,459600
2018-01-02,214.14,222.58,213.58,222.34,545700
2018-01-03,224.17999,234.37,223.98,233.24001,829100
2018-01-04,235.95,237.0099945,232.13,236.81,744200
2018-01-05,238.72,242.50999,236.32001,242.34,539300
2018-01-08,241.25999,259.88,241.25999,258.84,1300500
2018-01-09,259.85001,260.32999,254.55,256.20001,884800
2018-01-10,254.41,255.58,251.55,254.53,494500
2018-01-11,255.089996,260.32999,255.020004,258.32999,446900
2018-01-12,258.5,259.64001,256.20999,258.26999,535500
2018-01-16,260.72,264.10999,258.31,260.29001,346000
2018-01-17,260.14999,263.26001,258.53,260.95001,617000
2018-01-18,260.95001,262.070007,257.20001,260.75,317000
2018-01-19,262.57001,263.28,260.32999,263.049988,411300
2018-01-22,262.5,262.78,257.57001,260.75,377100
2018-01-23,260.95001,263.70999,259.23001,263.34,515600
2018-01-24,264.079987,264.079987,252.53999,255.73,509000
2018-01-25,258.019989,259.94,255.0099945,257.64001,308600
2018-01-26,258.59,259.84,254.75999,259.73999,229100
2018-01-29,258.029999,259.51001,253.75,255.95,287100
2018-01-30,251.24001,253.59,240.0,252.77,408900
2018-01-31,253.97,255.36,250.020004,251.95,359500
2018-02-01,251.39,254.23,249.35001,252.080002,355900
2018-02-02,250.74001,251.53999,243.52,246.75,326300
2018-02-05,241.13,246.75,231.49001,234.24001,564800
2018-02-06,227.71001,242.63,223.0,242.53999,505400
2018-02-07,241.99001,244.64,235.59,237.64999,370800
2018-02-08,239.050003,241.49001,226.78999,226.98,714700
2018-02-09,229.86,236.14999,221.5,232.44,552100
2018-02-12,233.92999,241.22,233.92999,239.39999,323600
2018-02-13,238.050003,243.87,236.47,243.7,255300
2018-02-14,242.78,252.67,242.78,252.46001,301300
2018-02-15,254.49001,259.45999,251.21001,259.070007,509100
2018-02-16,247.19,250.67,226.53,239.36,1508000
2018-02-20,240.0099945,246.050003,236.84,239.089996,645100
2018-02-21,239.69,250.89999,239.69,247.95,711400
2018-02-22,248.25999,250.53999,237.74001,239.72,323700
2018-02-23,241.25,243.71001,239.7,242.17,267200
2018-02-26,242.88,248.46001,242.55,248.11,348900
2018-02-27,248.53,250.0,244.31,245.64999,340800
2018-02-28,246.94,250.72,244.74001,245.64,364800
2018-03-01,245.0099945,246.62,239.48,243.96001,409200
2018-03-02,241.029999,245.28,235.0099945,244.8,328000
2018-03-05,242.0,242.0,233.73,235.98,990200
2018-03-06,236.31,241.64,234.0099945,241.44,9167500
2018-03-07,240.17999,244.11,237.8,242.75999,813200
2018-03-08,245.53,245.53,241.48,243.8,430900
2018-03-09,244.83,253.55,243.97,249.28,637600
2018-03-12,250.17,255.32001,249.64999,254.72,570300
2018-03-13,255.74001,260.62,252.36,255.55,715100
2018-03-14,256.01001,257.37,251.92,253.28,599200
2018-03-15,253.25,256.67999,249.0,249.19,516700
2018-03-16,250.62,252.11,243.83,246.89999,949400
2018-03-19,245.089996,248.47,241.72,247.42,569000
2018-03-20,248.56,252.64,247.5,252.63,440700
2018-03-21,252.14999,255.84,250.91,251.080002,276800
2018-03-22,247.3,248.91,239.64999,239.73,376400
2018-03-23,240.029999,240.56,231.28999,231.41,391600
2018-03-26,236.19,241.32001,234.64999,240.5,400300
2018-03-27,241.3,244.99001,228.17999,229.75999,524500
2018-03-28,229.61,232.24001,223.45,225.78,389000
2018-03-29,227.57001,238.42999,227.57001,233.38,464200
2018-04-02,232.64,234.19,222.23,224.92,492900
2018-04-03,227.039993,232.78999,226.0099945,231.75,416500
2018-04-04,225.34,226.59,219.28999,224.2,783800
2018-04-05,226.57001,230.57001,226.49001,228.99001,539800
2018-04-06,226.48,229.48,220.57001,222.47,345100
2018-04-09,224.69,228.39,222.61,222.89999,318500
2018-04-10,228.029999,231.25999,225.12,229.34,226500
2018-04-11,227.27,231.98,227.25,229.77,278900
2018-04-12,231.089996,233.87,227.13,227.58,304000
2018-04-13,229.67,231.59,227.46001,230.36,265700
2018-04-16,231.56,233.49001,229.0,232.47,245500
2018-04-17,234.31,236.83,232.25999,235.64,332700
2018-04-18,237.24001,237.88,231.029999,236.37,402400
2018-04-19,235.050003,236.23,229.88,231.089996,319800
2018-04-20,231.71001,234.53999,230.39999,232.13,239200
2018-04-23,231.94,232.66,224.33,225.63,233200
2018-04-24,226.92,227.36,216.44,217.94,334500
2018-04-25,218.17,219.44,213.14,214.089996,446500
2018-04-26,215.33,218.50999,214.78,215.66,388100
2018-04-27,215.7,216.050003,210.45,212.0,629500
2018-04-30,211.92,215.52,210.8,213.029999,720900
2018-05-01,213.0099945,233.85001,213.0099945,233.28999,1285100
2018-05-02,233.13,235.11,223.50999,226.42999,596800
2018-05-03,227.070007,231.2,225.67999,229.86,514100
2018-05-04,229.0,235.23,226.24001,233.36,382800
2018-05-07,234.73,235.56,231.75999,233.98,379600
2018-05-08,232.82001,234.78999,231.31,233.97,227400
2018-05-09,235.31,244.58,234.75999,244.5,429500
2018-05-10,245.53999,251.23,244.22,251.10001,486300
2018-05-11,251.58,253.0,248.39,251.47,253300
2018-05-14,252.64,256.72,251.25999,252.98,273100
2018-05-15,250.58,252.35001,248.31,251.77,308600
2018-05-16,255.64999,255.64999,249.89999,252.47,241100
2018-05-17,252.2,253.0,246.24001,246.74001,360000
2018-05-18,246.5,246.5,241.81,242.46001,342900
2018-05-21,245.080002,248.3,243.81,245.66,219200
2018-05-22,247.55,248.42,244.73,245.020004,211100
2018-05-23,243.58,246.32001,241.94,246.16,286800
2018-05-24,245.25,248.86,243.45,248.17,268000
2018-05-25,247.53999,251.87,247.27,249.94,241400
2018-05-29,248.38,251.50999,247.25999,248.62,227500
2018-05-30,250.059998,251.94,245.87,245.97,269400
2018-05-31,245.97,247.38,241.080002,241.27,404800
2018-06-01,243.67,248.38,241.78999,246.98,374100
2018-06-04,248.83,253.57001,248.14,252.8,290700
2018-06-05,252.8,256.70001,252.0,256.25,318100
2018-06-06,256.42001,261.32999,254.97,260.85999,355100
2018-06-07,261.13,261.76999,246.52,248.48,342500
2018-06-08,247.5,249.57001,245.56,248.95,238000
2018-06-11,249.39,249.39,243.89999,245.34,246000
2018-06-12,244.49001,246.37,243.0,244.28,181900
2018-06-13,246.24001,246.24001,240.45,241.34,240700
2018-06-14,243.33,243.50999,239.66,241.16,275700
2018-06-15,239.99001,241.27,237.11,240.98,505900
2018-06-18,238.57001,245.0,234.66,243.84,447200
2018-06-19,240.7,242.0099945,231.50999,239.38,448500
2018-06-20,239.7,241.37,237.77,239.089996,235900
2018-06-21,239.25999,241.49001,233.77,234.64999,308500
2018-06-22,236.14,236.32001,230.99001,234.25,472100
2018-06-25,231.0,231.24001,217.85001,219.91,581500
2018-06-26,220.45,225.31,217.0099945,222.33,296700
2018-06-27,223.53,224.28999,213.39,215.19,390500
2018-06-28,213.91,215.38,208.72,213.8,819100
2018-06-29,216.17,222.89999,214.31,220.63,656900
2018-07-02,217.87,222.69,215.50999,222.56,329000
2018-07-03,222.78999,222.89999,217.96001,218.5,227500
2018-07-05,219.75999,224.19,217.16,222.78999,675200
2018-07-06,222.64999,225.53999,219.0,225.27,325000
2018-07-09,226.52,229.61,224.020004,229.53999,223800
2018-07-10,229.92,234.98,229.92,233.75999,281800
2018-07-11,231.24001,232.0099945,222.059998,222.28,399800
2018-07-12,223.45,231.47,223.45,231.2,306800
2018-07-13,230.28999,233.52,229.71001,232.88,239100
2018-07-16,233.60001,234.73,230.3,234.080002,240200
2018-07-17,233.37,240.64999,230.5,239.48,344400
2018-07-18,240.0,243.42999,238.49001,242.53,282200
2018-07-19,241.48,241.52,237.039993,239.86,244000
2018-07-20,240.17,240.67999,237.72,238.070007,217500
2018-07-23,237.21001,238.28999,232.56,238.0099945,232000
2018-07-24,239.71001,241.42999,233.089996,233.89,206400
2018-07-25,234.61,240.2,232.72,239.89,225800
2018-07-26,237.96001,241.39999,236.0,240.16,236000
2018-07-27,239.7,240.75999,232.14,235.62,215800
2018-07-30,236.28,236.28,223.0,224.3,526400
2018-07-31,172.45,178.089996,161.50999,164.039993,4269200
2018-08-01,162.69,179.78999,162.69,165.56,2161100
2018-08-02,165.34,174.14999,164.0099945,170.28,975300
2018-08-03,170.19,174.25999,167.81,170.46001,702900
2018-08-06,170.46001,174.72,170.17999,172.78999,654300
2018-08-07,173.19,175.24001,172.11,172.3,781900
2018-08-08,171.36,173.32001,165.029999,165.34,1041900
2018-08-09,166.17,168.94,163.99001,164.64,610400
2018-08-10,163.089996,164.58,161.77,162.47,480800
2018-08-13,162.17999,164.21001,161.25,162.58,912100
2018-08-14,162.58,165.42,162.13,164.53,591800
2018-08-15,163.0,164.5,158.75,161.71001,691900
2018-08-16,163.99001,165.21001,163.37,163.81,707300
2018-08-17,162.64999,163.5,160.17,162.059998,447600
2018-08-20,162.17,163.66,160.25999,162.27,788100
2018-08-21,163.32001,165.89999,162.91,164.21001,685600
2018-08-22,164.21001,167.82001,162.14,166.77,839900
2018-08-23,167.0,169.61,165.58,165.91,574900
2018-08-24,166.91,168.36,165.23,166.91,361600
2018-08-27,167.52,171.0099945,167.52,168.0099945,348800
2018-08-28,168.3,171.11,167.98,170.66,548200
2018-08-29,170.32001,171.5,169.10001,171.2,879600
2018-08-30,171.17,174.63,170.77,172.73,888900
2018-08-31,172.92999,176.94,172.92999,175.48,837200
2018-09-04,175.71001,176.080002,168.050003,168.8,974900
2018-09-05,168.8,169.44,160.32001,161.080002,906800
2018-09-06,161.99001,162.25999,154.67999,157.0,1123800
2018-09-07,156.55,159.92999,155.31,157.47,707800
2018-09-10,157.91,159.14999,156.56,157.72,501400
2018-09-11,157.039993,157.72,154.029999,155.73,499200
2018-09-12,154.85001,157.96001,153.37,157.44,493600
2018-09-13,158.88,160.77,157.55,158.23,457100
2018-09-14,159.17,160.55,158.39999,159.41,290200
2018-09-17,159.64,159.64,155.77,157.56,586200
2018-09-18,157.0099945,160.72,156.91,159.69,503200
2018-09-19,159.82001,161.86,159.0099945,160.56,360700
2018-09-20,161.60001,164.35001,160.58,162.56,544500
2018-09-21,167.50999,172.49001,167.070007,169.34,1388000
2018-09-24,167.77,167.77,161.74001,164.41,725900
2018-09-25,164.42,164.50999,161.28999,161.46001,423700
2018-09-26,160.75999,160.75999,154.99001,155.46001,732400
2018-09-27,155.50999,160.52,154.82001,158.81,788300
2018-09-28,155.070007,157.5,154.3,156.070007,824000
2018-10-01,157.020004,157.28999,155.059998,155.62,965900
2018-10-02,155.78,156.81,155.11,155.5,647800
2018-10-03,155.97,158.19,154.8,157.42,601900
2018-10-04,156.86,156.86,152.92999,154.020004,1098900
2018-10-05,140.070007,142.49001,132.28,132.75999,4046500
2018-10-08,131.66,138.53,130.32001,135.42999,1505100
2018-10-09,135.7,136.45,133.64,134.77,911600
2018-10-10,134.0,134.49001,130.22,131.75,1080200
2018-10-11,129.87,134.46001,129.81,131.86,1112100
2018-10-12,135.88,138.0,135.14,137.58,899400
2018-10-15,137.13,137.53,135.12,135.69,525800
2018-10-16,137.31,141.12,135.8,140.38,580200
2018-10-17,140.95,141.85001,138.17,139.94,524900
2018-10-18,139.33,139.33,136.58,138.57001,666800
2018-10-19,137.38,138.36,130.8,132.25999,843700
2018-10-22,132.27,133.55,129.46001,130.8,1196600
2018-10-23,127.61,133.33,126.57,132.28999,809600
2018-10-24,132.24001,133.10001,129.55,129.63,691900
2018-10-25,132.49001,134.94,131.0099945,133.31,653400
2018-10-26,130.67999,137.56,129.22,134.75999,865800
2018-10-29,137.63,140.50999,129.5,131.33,1233800
2018-10-30,108.51,142.22,107.59,141.8,2199800
2018-10-31,143.25999,144.27,130.78999,133.55,1540600
2018-11-01,134.17999,142.8,134.17999,141.69,1019100
2018-11-02,143.39,146.72,139.080002,145.83,849600
2018-11-05,145.88,145.88,138.16,141.17999,629600
2018-11-06,140.77,144.61,140.34,141.39,585700
2018-11-07,143.0,143.42,139.45,143.14999,513700
2018-11-08,142.39999,144.63,140.029999,140.99001,525900
2018-11-09,140.029999,140.029999,135.84,137.78999,506300
2018-11-12,135.49001,136.69,126.82,129.11,753300
2018-11-13,130.080002,137.039993,130.020004,132.85001,636200
2018-11-14,132.45,136.83,131.39999,134.95,1068900
2018-11-15,133.69,140.39,133.69,138.75,601700
2018-11-16,136.75,140.5,135.45,138.48,494000
2018-11-19,138.42,138.48,135.44,136.13,636500
2018-11-20,132.45,136.72,132.050003,132.95,676500
2018-11-21,135.24001,136.67999,132.57001,134.039993,341400
2018-11-23,133.39999,139.17,131.89999,137.74001,246000
2018-11-26,138.78999,141.60001,136.73,141.13,547700
2018-11-27,140.75999,142.17,138.60001,140.85001,531900
2018-11-28,141.71001,143.98,136.60001,143.64,366600
2018-11-29,143.27,144.87,138.50999,141.28999,436800
2018-11-30,141.3,142.75,139.71001,142.14999,565600
2018-12-03,146.42,150.86,145.52,148.17,631900
2018-12-04,146.94,148.44,136.64999,137.22,438000
2018-12-06,133.78,134.75,128.89,131.38,996700
2018-12-07,131.53,132.0099945,123.55,124.35,562800
2018-12-10,123.26,124.79,119.84,123.099998,538200
2018-12-11,125.53,127.8,119.94,121.71,484500
2018-12-12,123.72,125.3,122.080002,122.3,419800
2018-12-13,123.019997,124.39,119.42,120.2,546400
2018-12-14,118.75,120.95,117.9,117.99,605800
2018-12-17,117.21,119.12,113.059998,117.2,685800
2018-12-18,118.33,120.78,115.35,115.53,841400
2018-12-19,115.080002,118.010002,111.48,112.79,647700
2018-12-20,112.38,115.46,111.34,114.38,782400
2018-12-21,115.24,116.32,106.76,107.71,994700
2018-12-24,107.0,110.78,104.64,105.65,349200
2018-12-26,106.29,114.4,106.25,114.23,525000
2018-12-27,111.82,115.15,109.58,115.13,577700
2018-12-28,115.9,117.7,113.74,115.0,489000
2018-12-31,115.75,117.050003,111.43,113.29,300900
2019-01-02,110.61,117.67,110.55,114.76,569200
2019-01-03,112.27,112.27,107.52,108.6,594000
2019-01-04,111.050003,114.85,108.94,114.72,285800
2019-01-07,115.050003,118.27,114.14,116.81,425600
2019-01-08,118.67,123.8,117.94,120.8,567500
2019-01-09,121.5,128.98,121.5,126.27,822900
2019-01-10,125.6,128.75,125.24,128.52,453800
2019-01-11,127.98,129.35001,125.93,127.88,414500
2019-01-14,126.9,128.23,124.49,127.11,324300
2019-01-15,127.54,128.13,125.6,125.9,347100
2019-01-16,126.27,129.22,126.27,128.34,263300
2019-01-17,127.92,130.35001,126.25,129.21001,310900
2019-01-18,130.41,133.67999,129.50999,132.50999,413700
2019-01-22,131.87,132.039993,126.7,128.050003,448000
2019-01-23,128.72,129.3,124.84,126.17,429900
2019-01-24,126.67,132.75999,126.0,130.57001,623200
2019-01-25,132.16,136.53999,131.81,135.3,365100
2019-01-28,132.7,136.16,132.039993,132.67999,348200
2019-01-29,133.75,134.95,131.36,131.47,281000
2019-01-30,132.36,133.8,127.96,133.25,462800
2019-01-31,133.46001,134.17999,130.67999,133.0,506000
2019-02-01,133.42,137.039993,133.10001,136.92999,602400
2019-02-04,136.66,137.25999,134.53,136.62,227300
2019-02-05,136.88,138.14,135.85001,137.64,236700
2019-02-06,137.64999,141.89,137.64999,141.39,421500
2019-02-07,140.17,140.45,136.089996,136.77,332500
2019-02-08,135.61,138.8,134.75999,138.8,441200
2019-02-11,139.0,139.32001,136.58,137.25,610900
2019-02-12,137.48,150.37,134.0,147.14999,1325100
2019-02-13,147.45,149.99001,144.8,149.39,864200
2019-02-14,149.41,152.38,147.53999,149.56,904100
2019-02-15,150.83,155.45,150.10001,154.88,770700
2019-02-19,153.92,154.73,151.16,153.0,642800
2019-02-20,153.64,154.69,152.059998,153.22,214600
2019-02-21,153.059998,155.0099945,152.89999,154.050003,413000
2019-02-22,154.99001,156.55,153.98,156.42999,267400
2019-02-25,158.22,162.23,158.19,161.17999,691600
2019-02-26,160.50999,161.98,158.95,159.58,321100
2019-02-27,159.050003,160.14,156.27,157.83,372700
2019-02-28,156.92999,156.92999,154.2,155.029999,387800
2019-03-01,155.96001,158.24001,155.11,156.67999,238600
2019-03-04,157.8,159.77,154.78999,156.36,322400
2019-03-05,156.17999,157.8,154.19,156.080002,231800
2019-03-06,155.74001,155.74001,152.17999,152.35001,269200
2019-03-07,152.039993,152.039993,147.53999,147.99001,390600
2019-03-08,145.34,148.42,144.48,148.089996,232600
2019-03-11,148.25,151.7,148.0,151.32001,429400
2019-03-12,152.2,153.39,150.53,152.16,306000
2019-03-13,152.99001,155.49001,152.35001,153.89999,242600
2019-03-14,153.49001,154.14,149.11,149.50999,460700
2019-03-15,150.2,155.99001,150.19,153.61,702800
2019-03-18,153.67,154.039993,149.32001,149.5,312400
2019-03-19,150.74001,154.64,149.60001,151.72,350900
2019-03-20,151.52,152.85001,147.55,147.64999,297900
2019-03-21,148.17,153.89999,147.82001,153.089996,420500
2019-03-22,151.85001,152.2,144.47,144.77,404300
2019-03-25,144.080002,145.28,142.0,144.74001,377900
2019-03-26,146.85001,150.92,146.81,148.28,419200
2019-03-27,148.74001,150.89,145.47,147.86,601900
2019-03-28,148.21001,151.14999,147.28999,148.17,402500
2019-03-29,149.69,152.2,148.53999,151.78,509200
2019-04-01,153.44,162.42,153.41,162.089996,688200
2019-04-02,161.61,163.5,159.59,162.27,465800
2019-04-03,164.089996,170.32001,164.089996,166.56,569700
2019-04-04,166.14999,169.71001,166.14999,167.60001,523100
2019-04-05,168.86,170.0,165.89,167.029999,328500
2019-04-08,167.28,169.60001,165.42,168.96001,477900
2019-04-09,167.60001,168.46001,164.050003,164.66,361300
2019-04-10,165.029999,166.92999,164.13,166.57001,320900
2019-04-11,164.86,167.5,164.7,166.32001,334800
2019-04-12,168.0,169.12,166.67999,168.92,444800
2019-04-15,168.64,170.32001,167.31,169.23,355700
2019-04-16,170.37,172.13,169.5,172.029999,339000
2019-04-17,173.56,174.61,170.47,173.75999,453500
2019-04-18,173.25999,175.81,172.11,175.48,281000
2019-04-22,179.50999,182.17,174.0,176.55,491900
2019-04-23,177.17,179.86,176.46001,178.69,436800
2019-04-24,178.66,181.86,177.74001,181.63,545800
2019-04-25,180.7,180.7,173.36,173.69,707900
2019-04-26,173.080002,174.13,169.59,173.8,711200
2019-04-29,173.28999,175.029999,171.96001,173.0099945,464000
2019-04-30,167.55,177.92,162.78999,174.73,1022300
2019-05-01,172.10001,176.080002,170.089996,170.84,550300
2019-05-02,170.31,173.77,168.16,169.78999,632600
2019-05-03,170.91,172.0,168.92,171.49001,579300
2019-05-06,165.0,166.66,161.10001,161.50999,871300
2019-05-07,160.029999,161.21001,154.69,158.56,647700
2019-05-08,157.45,161.22,155.67,158.63,483800
2019-05-09,155.27,155.64,149.61,153.62,802200
2019-05-10,152.62,154.52,149.16,153.69,379000
2019-05-13,142.86,148.039993,142.27,142.41,667700
2019-05-14,144.11,147.89,143.5,145.86,474900
2019-05-15,143.74001,147.72,143.74001,145.58,472900
2019-05-16,145.52,145.52,137.95,138.0099945,833700
2019-05-17,135.88,139.72,133.78999,134.050003,900200
2019-05-20,131.67999,131.71001,128.48,130.080002,814400
2019-05-21,131.92,135.37,131.92,134.080002,573000
2019-05-22,133.050003,135.34,133.0,133.81,414000
2019-05-23,130.8,132.73,129.0099945,130.49001,566600
2019-05-24,131.89999,132.48,130.95,131.0099945,322400
2019-05-28,131.33,131.71001,129.3,129.64999,561500
2019-05-29,128.87,130.21001,125.96,129.50999,606800
2019-05-30,129.52,131.46001,127.48,128.46001,245300
2019-05-31,126.42,126.99,124.85,125.17,388600
2019-06-03,125.53,127.76,124.91,126.6,544700
2019-06-04,129.039993,131.67,127.36,131.53999,291600
2019-06-05,132.89999,133.67,127.99,130.41,358200
2019-06-06,130.77,131.33,128.59,130.64999,300900
2019-06-07,131.49001,132.56,129.85001,131.8,478100
2019-06-10,133.37,135.61,132.080002,132.92,358000
2019-06-11,135.56,136.96001,135.10001,136.089996,481700
2019-06-12,135.67999,136.14,131.28999,133.17,480600
2019-06-13,134.13,138.31,134.039993,137.31,449400
2019-06-14,135.92999,135.92999,130.31,131.94,439500
2019-06-17,131.92999,133.94,130.86,132.39,247400
2019-06-18,134.71001,139.23,134.0099945,138.39999,566600
2019-06-19,139.42,141.24001,138.52,140.69,449600
2019-06-20,144.81,146.64999,142.60001,144.61,419600
2019-06-21,143.61,146.89,143.33,146.48,578700
2019-06-24,146.48,148.42999,145.99001,146.16,312800
2019-06-25,146.66,146.66,143.88,143.89,465300
2019-06-26,145.53999,148.75,143.92,148.17999,263500
2019-06-27,149.25999,151.28,148.25999,150.52,329100
2019-06-28,151.74001,155.11,151.74001,154.25,983500
2019-07-01,162.5,166.49001,155.35001,156.66,590900
2019-07-02,155.85001,156.58,153.60001,154.59,364900
2019-07-03,155.0,157.91,153.57001,155.72,737400
2019-07-05,154.020004,154.47,148.36,149.0,473900
2019-07-08,147.41,147.98,140.61,141.23,694800
2019-07-09,140.27,142.039993,139.91,140.92999,559700
2019-07-10,142.14,143.3,140.48,141.92,801800
2019-07-11,142.73,142.73,138.059998,138.17,610100
2019-07-12,139.25,141.78,138.94,140.67,344900
2019-07-15,140.89999,141.24001,134.17999,135.10001,637700
2019-07-16,135.32001,135.82001,130.55,132.86,608300
2019-07-17,132.45,133.32001,130.89999,130.97,528300
2019-07-18,130.83,130.92999,128.34,130.69,591700
2019-07-19,131.059998,133.14999,130.52,131.60001,444500
2019-07-22,132.49001,135.7,132.22,134.98,694300
2019-07-23,136.14,140.66,136.0,140.49001,524200
2019-07-24,139.47,143.83,139.45,143.67999,427000
2019-07-25,143.42999,143.42999,140.36,141.13,492200
2019-07-26,142.25999,143.72,140.5,141.19,330300
2019-07-29,140.56,141.020004,137.27,139.42,696500
2019-07-30,132.48,143.61,129.50999,137.22,881600
2019-07-31,136.88,137.25999,130.39,131.0099945,627000
2019-08-01,130.0099945,130.96001,123.21,125.97,959800
2019-08-02,123.47,125.029999,118.0,118.5,951800
2019-08-05,115.35,118.65,113.67,118.059998,929600
2019-08-06,120.18,123.0,118.29,120.059998,468500
2019-08-07,117.25,119.48,116.22,118.97,593900
2019-08-08,120.44,124.83,120.010002,124.74,541600
2019-08-09,123.88,124.56,120.24,121.71,329300
2019-08-12,120.12,120.63,117.75,118.62,350000
2019-08-13,118.59,123.71,117.43,121.98,368500
2019-08-14,118.76,119.41,115.7,116.45,471000
2019-08-15,116.8,117.7,115.34,116.62,383300
2019-08-16,117.22,119.9,117.22,119.42,439900
2019-08-19,122.88,125.44,121.57,124.16,492000
2019-08-20,123.54,125.29,122.56,123.18,388500
2019-08-21,124.53,126.099998,123.15,124.24,298100
2019-08-22,125.17,125.74,123.099998,124.67,262400
2019-08-23,123.25,123.58,116.17,118.26,518500
2019-08-26,120.7,121.16,117.22,117.92,522700
2019-08-27,119.12,119.8,115.9,116.52,336600
2019-08-28,115.98,118.38,115.21,117.9,277500
2019-08-29,120.39,123.15,120.040001,122.62,318600
2019-08-30,123.24,124.019997,121.89,123.73,378200
2019-09-03,122.080002,122.080002,117.19,117.26,502300
2019-09-04,119.87,125.14,119.6,124.69,509000
2019-09-05,127.91,135.89999,127.12,134.37,675600
2019-09-06,134.95,135.50999,132.41,133.50999,487500
2019-09-09,135.2,138.58,134.0099945,138.42999,414100
2019-09-10,137.39,142.82001,136.3,142.77,474600
2019-09-11,144.089996,148.98,141.60001,148.87,664600
2019-09-12,149.17,150.0,146.039993,146.82001,396100
2019-09-13,147.44,148.41,145.8,146.34,318600
2019-09-16,145.33,146.39,143.44,145.46001,234500
2019-09-17,144.85001,144.85001,141.64999,141.87,236800
2019-09-18,141.53,141.53,136.95,139.19,401300
2019-09-19,138.75,139.45,136.28,137.050003,289800
2019-09-20,137.27,138.28999,132.75999,133.080002,454300
2019-09-23,131.99001,135.14,131.33,133.83,352600
2019-09-24,135.35001,135.35001,129.3,129.91,337000
2019-09-25,130.39999,134.50999,128.64,134.22,385900
2019-09-26,134.39,134.53,132.27,134.080002,227100
2019-09-27,134.67999,135.77,132.27,132.83,201800
2019-09-30,134.2,136.0,133.0,135.60001,272700
2019-10-01,137.17999,138.78,131.44,132.36,313000
2019-10-02,130.12,130.58,126.77,128.92,461200
2019-10-03,128.89999,129.74001,126.69,128.78,345300
2019-10-04,129.27,132.27,125.019997,131.82001,340500
2019-10-07,130.86,132.82001,130.27,131.67999,296800
2019-10-08,129.25999,129.87,124.55,124.72,401000
2019-10-09,126.27,128.22,125.44,127.080002,273000
2019-10-10,127.0,131.42,127.0,129.96001,418500
2019-10-11,133.86,137.42999,133.16,136.0099945,414800
2019-10-14,130.73,130.73,125.16,125.4,614200
2019-10-15,125.87,132.99001,125.53,131.84,476700
2019-10-16,131.77,132.57001,128.59,130.089996,319000
2019-10-17,130.98,135.86,130.92999,134.95,272600
2019-10-18,134.35001,135.17999,132.96001,134.75999,239300
2019-10-21,136.39,138.19,135.19,136.74001,385800
2019-10-22,137.13,139.85001,135.87,139.64999,288600
2019-10-23,138.75999,139.22,135.75,136.92999,346900
2019-10-24,138.45,139.69,137.56,139.10001,192600
2019-10-25,139.35001,143.46001,139.27,143.070007,276300
2019-10-28,144.7,146.46001,143.72,143.83,445400
2019-10-29,130.0,134.14999,122.74,124.45,1633800
2019-10-30,125.010002,133.96001,122.97,133.56,1002900
2019-10-31,133.71001,134.71001,130.25999,134.28,577800
2019-11-01,134.64999,139.78999,134.64999,139.69,549300
2019-11-04,142.36,145.98,141.080002,145.50999,592400
2019-11-05,145.73,153.50999,145.73,153.10001,821300
2019-11-06,152.41,152.41,147.35001,148.53999,623900
2019-11-07,150.61,152.47,147.78,148.0099945,421200
2019-11-08,147.75999,148.58,145.78,147.25,384900
2019-11-11,146.0099945,146.66,142.71001,142.78999,389700
2019-11-12,142.72,143.73,139.96001,140.89999,415500
2019-11-13,140.17,141.31,138.84,139.82001,343300
2019-11-14,139.089996,140.42999,138.7,139.16,257800
2019-11-15,140.7,142.49001,139.55,140.85001,362900
2019-11-18,140.070007,140.98,136.0,136.52,357700
2019-11-19,137.89,138.13,136.19,137.55,328000
2019-11-20,136.10001,138.50999,135.64,137.14,345700
2019-11-21,137.17,138.89,136.31,138.53,274700
2019-11-22,138.50999,139.74001,137.059998,139.42,244700
2019-11-25,140.64999,142.87,139.74001,142.78,392700
2019-11-26,142.089996,143.64,140.39,140.85001,243500
2019-11-27,141.029999,144.97,141.029999,144.82001,302800
2019-11-29,144.27,144.82001,141.98,142.089996,206500
2019-12-02,142.95,144.5,138.95,139.25999,396600
2019-12-03,136.31,139.78999,134.42999,139.57001,340200
2019-12-04,141.60001,144.22,141.60001,143.25,334800
2019-12-05,142.25,142.60001,138.42999,140.17,366000
2019-12-06,142.19,143.55,141.62,141.98,302400
2019-12-09,141.94,141.99001,137.32001,137.38,296700
2019-12-10,137.50999,139.39999,136.42999,136.81,391700
2019-12-11,137.38,141.64999,137.38,138.64,254100
2019-12-12,138.85001,143.98,137.55,143.2,918500
2019-12-13,143.14,146.95,141.53,144.62,488000
2019-12-16,146.0,148.78999,145.089996,145.78,348400
2019-12-17,146.5,148.89,145.39,148.72,313700
2019-12-18,148.82001,149.91,146.83,147.39,471500
2019-12-19,148.0099945,148.25999,145.86,146.28999,335900
2019-12-20,147.77,148.0,142.34,142.97,654300
2019-12-23,143.64999,144.96001,142.86,144.64,261900
2019-12-24,144.94,144.94,143.75999,144.64999,125200
2019-12-26,145.0,146.52,144.45,146.14999,185700
2019-12-27,146.56,146.87,143.64,143.92,223000
2019-12-30,143.85001,144.13,141.33,143.42,232400
2019-12-31,142.63,145.32001,142.63,144.92,231400
2020-01-02,146.99001,147.60001,144.78999,146.48,487500
2020-01-03,143.48,144.96001,140.39999,141.82001,311300
2020-01-06,140.39999,143.62,138.48,143.27,468600
2020-01-07,144.22,145.37,143.0,144.10001,292000
2020-01-08,143.23,144.85001,140.039993,144.050003,520700
2020-01-09,145.46001,145.5,139.53,139.64,461500
2020-01-10,140.34,140.58,135.12,135.27,580100
2020-01-13,135.61,137.75999,133.029999,137.080002,550100
2020-01-14,137.47,140.32001,137.47,139.21001,424700
2020-01-15,138.72,141.88,138.38,139.75,429700
2020-01-16,141.19,146.21001,141.039993,145.020004,434300
2020-01-17,145.71001,147.53999,145.24001,145.95,390300
2020-01-21,144.46001,145.59,143.71001,144.85001,282800
2020-01-22,145.49001,147.85001,145.49001,146.21001,307200
2020-01-23,145.67,147.13,143.97,146.84,251200
2020-01-24,147.89,148.63,143.44,144.33,331900
2020-01-27,139.53,139.53,134.0099945,134.67,428500
2020-01-28,136.31,137.98,134.71001,136.69,419800
2020-01-29,135.61,136.96001,129.97,130.070007,456300
2020-01-30,129.21001,131.46001,126.76,131.13,561500
2020-01-31,130.050003,130.92999,127.41,127.67,609300
2020-02-03,129.28999,132.92,127.93,132.81,386900
2020-02-04,135.72,140.52,135.72,140.28999,350100
2020-02-05,143.2,143.2,139.0,140.41,299800
2020-02-06,141.75999,143.64,138.5,141.45,311200
2020-02-07,139.7,139.7,133.36,133.55,436300
2020-02-10,132.78,138.17,132.10001,138.17,372300
2020-02-11,139.86,145.0,139.86,140.75,378700
2020-02-12,142.42999,148.32001,142.39,147.070007,720300
2020-02-13,144.0,150.0,132.33,149.97,1301100
2020-02-14,150.0,150.0,139.0,139.49001,868300
2020-02-18,138.63,140.35001,135.50999,135.81,577500
2020-02-19,137.25,144.2,137.070007,143.94,483900
2020-02-20,142.63,144.23,140.59,140.87,478800
2020-02-21,139.47,139.47,134.62,135.0099945,522000
2020-02-24,129.059998,133.73,122.7,132.17,633600
2020-02-25,134.67,135.39,124.76,127.050003,629500
2020-02-26,128.13,131.17,126.65,126.73,561700
2020-02-27,122.42,128.92999,120.080002,122.81,600900
2020-02-28,118.5,130.039993,118.0,127.64,732600
2020-03-02,129.21001,130.84,123.85,130.35001,628900
2020-03-03,130.0,133.96001,126.059998,127.75,507500
2020-03-04,127.81,131.74001,126.36,131.59,358900
2020-03-05,125.66,132.31,124.55,127.61,358200
2020-03-06,123.3,126.52,119.44,121.47,627000
2020-03-09,112.52,120.32,110.0,116.93,654600
2020-03-10,121.19,123.81,115.92,123.35,587600
2020-03-11,118.96,119.59,109.74,110.85,464100
2020-03-12,103.07,113.99,98.47,105.88,854300
2020-03-13,110.25,112.75,104.050003,112.15,675800
2020-03-16,101.099998,108.07,98.040001,105.36,720000
2020-03-17,107.85,127.21,105.36,124.25,993700
2020-03-18,114.46,122.85,110.19,118.66,933900
2020-03-19,116.83,120.59,107.27,109.94,773000
2020-03-20,111.78,114.97,105.0,109.080002,875600
2020-03-23,109.56,115.72,107.059998,110.019997,650000
2020-03-24,115.26,123.38,113.93,121.2,616300
2020-03-25,115.7,123.37,111.75,116.75,642500
2020-03-26,117.76,118.98,113.75,116.98,472400
2020-03-27,113.39,114.37,106.45,109.029999,467000
2020-03-30,109.25,111.81,104.65,109.2,435500
2020-03-31,108.71,114.52,108.71,110.28,344300
2020-04-01,106.27,109.89,103.65,105.8,546000
2020-04-02,104.28,108.46,100.92,102.92,458000
2020-04-03,102.089996,105.57,101.85,102.74,516200
2020-04-06,106.49,114.62,106.45,113.95,354400
2020-04-07,117.43,119.59,113.6,114.35,384600
2020-04-08,116.36,117.35,112.38,117.31,368800
2020-04-09,117.25,121.12,115.51,119.050003,479900
2020-04-13,118.29,119.16,115.010002,116.99,252200
2020-04-14,119.92,122.15,117.79,120.75,304700
2020-04-15,117.9,118.58,113.010002,114.44,295400
2020-04-16,116.28,117.36,112.51,115.48,489100
2020-04-17,117.74,121.13,117.010002,119.050003,281400
2020-04-20,118.39,120.44,116.050003,117.94,305600
2020-04-21,113.99,115.29,111.41,111.65,348400
2020-04-22,114.44,117.12,113.7,116.51,223300
2020-04-23,114.98,119.2,114.98,116.34,366200
2020-04-24,115.88,121.51,115.88,120.9,315300
2020-04-27,122.44,127.62,122.31,126.080002,233700
2020-04-28,128.33,132.77,127.84,131.089996,384100
2020-04-29,131.42,134.37,129.53,133.0,368600
2020-04-30,131.34,132.27,129.14,129.33,416600
2020-05-01,127.41,127.41,118.55,119.37,531000
2020-05-04,117.75,120.86,116.46,119.07,518100
2020-05-05,140.0,146.50999,136.2,144.10001,1219700
2020-05-06,145.85001,146.96001,140.74001,144.2,700900
2020-05-07,144.12,149.83,143.13,147.39,726100
2020-05-08,149.85001,153.22,149.56,152.059998,613600
2020-05-11,147.86,155.059998,146.47,153.77,571500
2020-05-12,154.99001,156.0,151.33,151.52,419300
2020-05-13,150.53999,152.0099945,143.28999,145.21001,590400
2020-05-14,143.21001,146.19,139.7,146.020004,438400
2020-05-15,142.50999,146.63,141.020004,146.17999,356100
2020-05-18,150.0,153.12,149.81,150.22,292800
2020-05-19,149.080002,156.75,149.080002,154.16,365000
2020-05-20,156.71001,161.17999,156.37,158.28,398200
2020-05-21,160.0,160.48,154.91,155.86,328800
2020-05-22,154.12,157.46001,153.87,157.39,244900
2020-05-26,156.029999,157.99001,152.64999,152.99001,587300
2020-05-27,155.25,155.25,149.35001,154.41,399000
2020-05-28,152.52,155.58,151.69,152.17,234600
2020-05-29,153.039993,155.83,150.45,155.39999,510900
2020-06-01,155.22,160.039993,154.0,159.81,468200
2020-06-02,159.74001,163.17,157.23,159.89,417300
2020-06-03,161.53,163.53,161.14,162.94,229800
2020-06-04,160.69,162.57001,160.0099945,161.28999,343700
2020-06-05,165.0,170.029999,164.27,169.47,619900
2020-06-08,168.42,169.46001,165.020004,167.029999,563200
2020-06-09,162.39,168.7,160.5,165.59,528600
2020-06-10,168.3,168.46001,165.070007,165.39,197300
2020-06-11,164.0,164.0,155.49001,155.73,303100
2020-06-12,158.96001,160.64,153.45,156.14,272200
2020-06-15,153.020004,160.45,151.42999,160.42999,270900
2020-06-16,162.5,166.75,160.61,161.97,399600
2020-06-17,164.34,165.17999,160.7,163.64,250200
2020-06-18,162.12,164.73,161.17,162.52,263200
2020-06-19,166.69,168.41,161.99001,162.24001,553900
2020-06-22,161.39,164.24001,157.85001,163.3,220300
2020-06-23,165.19,165.19,160.88,161.11,263100
2020-06-24,158.23,160.28999,156.89,157.21001,238900
2020-06-25,156.0,157.99001,153.42,157.58,185900
2020-06-26,157.49001,159.91,154.69,155.22,313900
2020-06-29,156.78999,158.28999,154.25999,157.16,135100
2020-06-30,157.53,162.55,157.53,160.39,272700
2020-07-01,161.75,161.75,155.42,155.78,200500
2020-07-02,156.53999,162.39999,156.53999,159.080002,291200
2020-07-06,162.71001,165.82001,161.39,164.84,325700
2020-07-07,163.92999,165.64,161.71001,162.0099945,169500
2020-07-08,163.42,163.95,160.050003,161.7,125200
2020-07-09,162.059998,165.64,160.74001,164.080002,238700
2020-07-10,165.21001,165.28,160.99001,161.62,183600
2020-07-13,162.85001,166.48,159.070007,159.24001,294600
2020-07-14,159.14999,164.92,156.53999,164.74001,309500
2020-07-15,166.94,171.33,165.46001,171.10001,496600
2020-07-16,168.7,171.31,167.49001,171.0,417800
2020-07-17,171.0,176.73,170.98,175.92,394300
2020-07-20,175.28999,180.050003,175.050003,179.89,366400
2020-07-21,183.33,184.020004,179.64,179.99001,336600
2020-07-22,179.029999,181.67,176.32001,177.94,254400
2020-07-23,177.69,182.35001,177.41,178.74001,245600
2020-07-24,174.84,179.2,173.059998,175.28999,383700
2020-07-27,176.92999,183.74001,175.0099945,183.070007,280700
2020-07-28,181.72,183.35001,180.12,180.53,279800
2020-07-29,181.87,183.83,180.69,181.5,411000
2020-07-30,178.25,182.48,176.86,180.97,385000
2020-07-31,181.78,182.050003,177.059998,179.0099945,529800
2020-08-03,180.61,183.44,178.96001,180.0099945,497900
2020-08-04,177.88,177.88,161.050003,167.66,879200
2020-08-05,171.10001,173.25,165.12,166.67,366400
2020-08-06,166.92,166.94,163.57001,165.020004,474900
2020-08-07,164.53999,164.53999,161.22,163.25999,392900
2020-08-10,162.63,164.53,157.39,158.2,474700
2020-08-11,157.53999,162.28,156.47,158.94,558700
2020-08-12,160.38,162.050003,159.020004,160.75,364600
2020-08-13,160.45,162.059998,158.60001,160.0099945,263300
2020-08-14,159.89999,161.12,157.5,158.25,214300
2020-08-17,159.28999,162.77,159.28999,161.7,178000
2020-08-18,160.28,160.28,154.45,154.89,362100
2020-08-19,155.94,156.99001,153.45,154.24001,245900
2020-08-20,153.69,153.98,149.81,150.44,377400
2020-08-21,150.64999,152.28999,149.50999,150.58,209700
2020-08-24,150.92999,154.28999,150.56,151.74001,232500
2020-08-25,151.53,153.49001,151.070007,152.58,237500
2020-08-26,153.25999,157.14,152.11,156.66,271200
2020-08-27,156.070007,157.070007,154.080002,155.31,312500
2020-08-28,156.14999,160.46001,154.19,159.64999,247100
2020-08-31,160.69,162.24001,159.69,161.73,304200
2020-09-01,161.37,162.44,158.58,160.82001,245000
2020-09-02,161.84,168.67,160.8,168.45,331600
2020-09-03,166.32001,166.47,160.46001,163.2,497300
2020-09-04,162.36,164.82001,159.0,162.64999,309000
2020-09-08,159.21001,163.28,156.49001,161.0,324000
2020-09-09,163.75,166.42999,161.0,164.89,334900
2020-09-10,166.85001,168.080002,158.92999,159.3,241600
2020-09-11,159.11,162.58,157.49001,158.53,234800
2020-09-14,161.28999,163.62,160.28999,162.88,205000
2020-09-15,165.10001,166.99001,164.71001,166.21001,166800
2020-09-16,167.44,170.42999,167.44,168.37,270800
2020-09-17,164.86,169.0099945,164.86,168.8,162000
2020-09-18,168.45,170.2,166.17,167.22,356300
2020-09-21,163.46001,164.0,156.63,157.78999,294400
2020-09-22,158.97,162.47,157.95,162.28,146400
2020-09-23,161.28999,165.72,158.98,160.10001,220900
2020-09-24,159.64,164.61,159.22,163.46001,203500
2020-09-25,163.24001,165.2,160.88,164.98,169100
2020-09-28,167.92999,167.92999,165.56,167.22,123900
2020-09-29,167.81,169.34,166.35001,168.25999,103800
2020-09-30,168.61,171.85001,166.59,169.97,166600
2020-10-01,171.64,176.97,171.39,173.0,204700
2020-10-02,168.83,170.73,167.88,168.83,147300
2020-10-05,170.77,174.52,170.77,173.88,145400
2020-10-06,173.22,177.41,172.0099945,173.97,122900
2020-10-07,176.23,177.82001,175.27,176.45,175200
2020-10-08,176.82001,179.92,175.88,179.83,116000
2020-10-09,180.88,182.67,180.059998,181.029999,130700
2020-10-12,183.0099945,184.56,181.33,181.91,225400
2020-10-13,182.3,185.81,181.45,183.85001,221000
2020-10-14,183.85001,185.78,180.25,181.89999,132200
2020-10-15,180.58,187.60001,178.99001,185.97,312600
2020-10-16,186.31,187.0,181.0099945,183.31,173500
2020-10-19,184.0,187.44,182.039993,186.5,416400
2020-10-20,188.59,193.5,186.0,192.52,415000
2020-10-21,192.39,195.39999,190.52,191.7,272300
2020-10-22,192.19,200.42999,192.19,198.080002,298000
2020-10-23,197.53999,202.3,195.69,200.17999,335400
2020-10-26,197.57001,198.070007,192.8,195.33,191600
2020-10-27,196.039993,202.58,196.039993,201.78999,222700
2020-10-28,197.42,199.73,185.089996,185.39,384000
2020-10-29,186.53999,188.41,183.44,187.050003,479600
2020-10-30,180.0,188.75999,173.47,185.96001,472400
2020-11-02,189.44,191.82001,187.070007,190.64999,231100
2020-11-03,193.5,200.95,193.49001,194.97,302900
2020-11-04,198.33,198.42999,192.38,193.87,307800
2020-11-05,197.39,200.92999,195.36,197.55,469500
2020-11-06,198.0,200.2,196.37,198.89,379400
2020-11-09,203.53999,213.35001,202.66,204.34,393800
2020-11-10,203.71001,209.78,203.5,206.52,306000
2020-11-11,208.2,214.61,207.89999,209.74001,446200
2020-11-12,210.22,212.75,202.21001,203.52,263100
2020-11-13,205.050003,206.77,199.53999,201.0,391200
2020-11-16,204.029999,204.28999,199.49001,201.0,350000
2020-11-17,200.25,202.080002,198.52,199.32001,315200
2020-11-18,200.42,201.24001,197.45,198.27,219700
2020-11-19,198.45,201.11,197.78,201.0,158400
2020-11-20,200.53999,204.37,198.98,200.73,148700
2020-11-23,201.89,204.10001,200.10001,203.0,150300
2020-11-24,203.55,208.080002,201.28,204.8,166400
2020-11-25,204.69,205.34,201.27,202.25,156400
2020-11-27,203.0,204.96001,201.35001,203.52,88100
2020-11-30,202.67,207.020004,200.53,207.0099945,571900
2020-12-01,208.52,209.82001,205.73,207.88,278700
2020-12-02,205.92999,207.87,204.45,207.69,168900
2020-12-03,206.98,210.0,206.78,206.97,108900
2020-12-04,207.10001,212.42999,207.10001,212.070007,136500
2020-12-07,210.63,213.99001,210.080002,213.99001,174800
2020-12-08,213.96001,217.0,213.42999,215.66,161600
2020-12-09,216.24001,217.64999,205.94,207.87,315800
2020-12-10,206.81,209.42,206.039993,206.92,193400
2020-12-11,205.21001,209.10001,204.72,209.029999,158400
2020-12-14,210.39999,212.42999,208.49001,209.11,163400
2020-12-15,210.25999,214.61,208.32001,213.91,246300
2020-12-16,214.36,214.46001,211.35001,213.78,282800
2020-12-17,214.0,217.45,211.7,217.020004,299000
2020-12-18,217.020004,219.37,214.83,216.82001,457100
2020-12-21,214.46001,218.17,212.8,216.33,175000
2020-12-22,217.029999,220.22,212.38,218.75999,332400
2020-12-23,217.39999,222.23,217.34,220.16,182900
2020-12-24,221.42,222.44,219.19,220.97,40100
2020-12-28,220.97,225.94,220.0,225.050003,163500
2020-12-29,227.0,227.0,220.52,221.53999,142100
2020-12-30,223.42,227.089996,222.96001,224.28999,120200
2020-12-31,223.2,223.92999,220.55,223.78999,197500
2021-01-04,223.91,227.39999,216.99001,218.21001,277900
2021-01-05,218.64999,221.84,217.17999,220.45,166500
2021-01-06,219.8,227.56,218.32001,224.39,338100
2021-01-07,226.64999,235.42,225.73,235.19,238100
2021-01-08,235.0,246.55,234.99001,241.52,270700
2021-01-11,238.53999,246.37,238.41,245.50999,258300
2021-01-12,246.59,252.0,245.25999,247.61,254500
2021-01-13,248.41,249.67,239.82001,240.5,283900
2021-01-14,242.24001,249.33,241.050003,246.14,181100
2021-01-15,244.64,245.73,240.24001,243.92,199000
2021-01-19,250.67,262.54999,250.63,258.57999,381700
2021-01-20,258.17999,258.89999,249.17999,251.12,292800
2021-01-21,256.41,258.87,250.42,251.84,279100
2021-01-22,251.33,253.19,249.58,251.0,358100
2021-01-25,251.5,252.62,237.10001,239.88,386900
2021-01-26,239.82001,239.82001,231.23,232.50999,303300
2021-01-27,227.84,232.48,220.32001,230.080002,424000
2021-01-28,231.28999,231.28999,224.28,227.67999,307300
2021-01-29,228.42,228.42,220.25999,223.42999,400900
2021-02-01,224.3,231.25,223.5,230.61,220700
2021-02-02,233.67999,234.92,227.59,233.61,230400
2021-02-03,234.92999,235.86,228.020004,228.24001,202200
2021-02-04,229.38,234.72,228.25,234.71001,130100
2021-02-05,234.49001,239.94,234.10001,238.42999,172800
2021-02-08,240.82001,245.87,240.14999,243.12,158300
2021-02-09,241.059998,244.8,238.69,242.92,111200
2021-02-10,245.17999,248.24001,242.60001,244.31,124300
2021-02-11,245.75999,250.62,244.69,249.73,168000
2021-02-12,248.37,256.76999,248.37,252.89,279800
2021-02-16,253.58,257.89999,246.0099945,256.48999,409500
2021-02-17,255.67,255.67,235.56,237.59,423000
2021-02-18,236.24001,238.020004,226.69,232.12,437500
2021-02-19,234.97,238.75999,233.52,234.56,279200
2021-02-22,232.37,232.37,225.95,229.36,328200
2021-02-23,226.49001,230.39,216.27,228.78,302100
2021-02-24,225.97,231.83,222.92999,231.080002,247500
2021-02-25,228.53999,230.16,218.48,219.97,282300
2021-02-26,222.33,228.8,220.64,227.35001,310100
2021-03-01,230.2,231.23,225.83,228.77,279900
2021-03-02,230.84,230.84,220.13,220.59,300500
2021-03-03,219.75999,224.089996,213.53,213.92999,311000
2021-03-04,212.2,212.95,204.029999,206.67999,387700
2021-03-05,209.39999,209.39999,197.46001,206.5,328100
2021-03-08,206.5,208.78999,197.089996,197.50999,237100
2021-03-09,202.029999,209.55,200.69,209.53999,404800
2021-03-10,208.029999,211.71001,206.039993,206.16,297600
2021-03-11,210.5,215.52,210.5,214.39,202500
2021-03-12,211.47,213.059998,208.0,210.81,113700
2021-03-15,210.38,217.67,208.52,217.64999,190700
2021-03-16,219.39999,219.77,214.25999,216.69,142900
2021-03-17,215.0,218.12,213.10001,216.78,110600
2021-03-18,214.75,215.59,210.53,210.78,149000
2021-03-19,211.19,213.46001,208.24001,211.63,329700
2021-03-22,212.85001,214.25999,209.7,211.89999,183700
2021-03-23,212.62,213.35001,202.64,204.53999,246000
2021-03-24,205.14999,208.53,202.37,202.83,190000
2021-03-25,200.92999,204.62,197.52,203.41,262300
2021-03-26,204.38,208.39,202.42999,206.87,214500
2021-03-29,204.69,207.0,199.53,201.99001,208800
2021-03-30,201.64999,205.25999,198.81,204.60001,142700
2021-03-31,206.64,212.46001,206.38,210.94,197700
2021-04-01,213.039993,218.91,211.77,217.8,271400
2021-04-05,219.83,225.48,219.83,222.94,251100
2021-04-06,220.53999,227.91,220.53999,225.34,375500
2021-04-07,223.22,225.78,219.37,219.94,338800
2021-04-08,222.25,231.94,220.77,231.17,408300
2021-04-09,229.66,241.42999,228.82001,238.71001,1565000
2021-04-12,236.63,238.69,220.36,225.49001,440500
2021-04-13,225.14999,226.17,221.56,224.44,318400
2021-04-14,222.82001,226.75,221.58,222.23,255800
2021-04-15,224.84,229.53,222.25999,229.50999,244300
2021-04-16,229.7,229.7,223.16,223.89999,178100
2021-04-19,222.17,224.5,218.48,222.12,270200
2021-04-20,221.97,222.42999,218.44,219.28,274200
2021-04-21,217.67,223.67999,215.0099945,223.67,464700
2021-04-22,224.53999,225.46001,220.0,221.78999,305500
2021-04-23,223.3,229.58,223.3,227.99001,223400
2021-04-26,228.58,233.71001,227.059998,233.50999,239800
2021-04-27,234.059998,234.059998,228.0,229.95,263000
2021-04-28,229.91,232.55,227.34,229.87,214200
2021-04-29,231.31,232.14999,227.2,231.67,226600
2021-04-30,228.46001,229.2,216.55,217.11,517100
2021-05-03,218.10001,218.92999,210.95,211.57001,491500
2021-05-04,208.27,209.25999,188.11,189.49001,880300
2021-05-05,189.75,194.11,186.42999,189.64999,687200
2021-05-06,189.83,197.61,187.39999,197.33,637100
2021-05-07,197.77,200.67,194.89999,197.3,334700
2021-05-10,194.73,196.19,185.75999,187.5,531900
2021-05-11,183.0099945,192.16,182.14999,190.75,414400
2021-05-12,186.77,189.8,185.28,187.5,442000
2021-05-13,190.71001,194.25999,187.60001,190.19,317900
2021-05-14,191.87,198.21001,189.67,195.81,344000
2021-05-17,193.78,197.11,191.48,196.39,243500
2021-05-18,197.89999,197.95,194.55,194.77,266500
2021-05-19,191.14,199.85001,189.36,199.13,285800
2021-05-20,200.0,205.0,198.75,202.75999,325500
2021-05-21,203.21001,207.35001,201.14999,203.89,267400
2021-05-24,206.25,209.74001,204.55,207.53999,206500
2021-05-25,207.77,210.73,206.75,208.11,194800
2021-05-26,207.98,208.48,204.25999,207.13,175500
2021-05-27,205.78,209.33,204.72,206.36,340000
2021-05-28,207.0,210.97,205.38,209.25999,266100
2021-06-01,210.0,210.5,203.82001,206.27,311000
2021-06-02,205.25999,207.52,204.029999,207.24001,243600
2021-06-03,205.47,205.47,200.37,200.98,562900
2021-06-04,202.62,209.78,202.62,209.070007,245000
2021-06-07,208.72,209.34,205.31,205.78,217000
2021-06-08,208.0099945,208.0099945,204.83,205.57001,208800
2021-06-09,206.13,206.22,202.029999,203.2,187000
2021-06-10,203.070007,206.0,200.57001,205.21001,259000
2021-06-11,205.0,206.55,202.94,203.60001,205000
2021-06-14,204.31,208.2,203.23,206.85001,213100
2021-06-15,206.61,207.92,203.61,207.070007,198900
2021-06-16,208.28,212.39,202.83,205.72,356300
2021-06-17,205.020004,210.58,203.67,209.089996,303500
2021-06-18,207.32001,209.49001,200.21001,203.44,969000
2021-06-21,204.48,207.17999,202.17,204.41,268900
2021-06-22,203.53,204.60001,201.39999,203.41,247300
2021-06-23,204.60001,208.16,204.5,206.46001,322500
2021-06-24,207.81,211.42999,207.81,210.75,319100
2021-06-25,211.92,214.83,210.039993,210.98,401100
2021-06-28,212.96001,214.75999,211.0099945,212.72,221400
2021-06-29,213.28,214.52,211.99001,213.77,156000
2021-06-30,214.089996,214.089996,209.19,210.77,388200
2021-07-01,211.61,211.88,207.41,210.0,283700
2021-07-02,211.50999,212.0,207.73,211.19,254200
2021-07-06,211.99001,211.99001,207.49001,210.14999,340700
2021-07-07,211.94,212.10001,203.50999,207.71001,244400
2021-07-08,203.61,207.32001,199.62,201.3,327500
2021-07-09,201.78999,208.42999,200.73,207.41,290400
2021-07-12,207.86,210.50999,206.0,210.31,202900
2021-07-13,209.95,210.029999,207.2,207.96001,182400
2021-07-14,209.62,211.97,207.92,208.89,183200
2021-07-15,208.45,210.42,206.36,207.64999,255000
2021-07-16,208.42999,210.96001,205.14,205.88,260900
2021-07-19,203.080002,205.37,200.17,201.86,334600
2021-07-20,203.0099945,209.38,202.41,208.14,153100
2021-07-21,208.86,214.28,207.99001,214.21001,219900
2021-07-22,214.39999,215.0,211.28,212.089996,176700
2021-07-23,213.5,215.47,211.42999,215.46001,116300
2021-07-26,214.89999,214.97,212.0,212.83,234900
2021-07-27,212.38,213.94,196.28999,201.32001,364300
2021-07-28,201.41,210.96001,201.41,209.69,189600
2021-07-29,210.27,214.8,210.020004,214.32001,246100
2021-07-30,213.17,218.5,212.5,218.16,217200
2021-08-02,219.64999,220.50999,217.020004,217.5,296500
2021-08-03,180.10001,188.71001,176.67,177.69,1522900
2021-08-04,177.91,180.99001,175.070007,179.87,761300
2021-08-05,180.60001,187.22,179.91,183.62,700900
2021-08-06,181.0099945,183.46001,180.37,181.55,318700
2021-08-09,182.19,182.34,177.19,177.78,286200
2021-08-10,178.059998,179.34,173.57001,176.87,485300
2021-08-11,177.39999,177.87,172.27,173.10001,257600
2021-08-12,172.64,173.21001,169.25,169.78,279500
2021-08-13,169.73,171.78999,167.89,169.12,262900
2021-08-16,168.98,170.78,167.52,168.60001,331400
2021-08-17,166.89,170.0,165.64999,166.89,895800
2021-08-18,167.2,168.48,165.34,165.35001,379200
2021-08-19,164.60001,171.17999,163.86,168.17,719500
2021-08-20,168.14,168.95,164.83,167.37,548500
2021-08-23,169.029999,169.77,167.56,168.59,436400
2021-08-24,169.38,171.0099945,168.44,170.38,462700
2021-08-25,170.92,173.11,169.97,172.14999,208300
2021-08-26,171.86,172.48,169.12,169.45,181000
2021-08-27,170.0,173.67,169.31,172.42999,261900
2021-08-30,173.57001,174.050003,171.63,172.0,168400
2021-08-31,172.14999,172.33,169.12,170.67999,279400
2021-09-01,171.36,171.78,168.47,169.84,193900
2021-09-02,170.77,173.75,169.34,173.36,232100
2021-09-03,173.32001,175.45,172.21001,174.22,483600
2021-09-07,174.25,177.60001,174.25,175.59,375200
2021-09-08,174.37,175.16,171.059998,174.24001,257900
2021-09-09,174.34,176.56,173.82001,174.24001,370000
2021-09-10,175.42999,176.16,172.3,172.49001,146000
2021-09-13,174.39999,175.44,172.5,173.56,207600
2021-09-14,174.27,174.82001,172.82001,173.17999,147700
2021-09-15,173.2,174.60001,171.33,172.28999,221200
2021-09-16,171.60001,172.53999,169.64,171.72,199800
2021-09-17,170.97,171.72,165.33,166.57001,763200
2021-09-20,163.69,164.99001,158.62,161.27,493900
2021-09-21,163.24001,163.39999,160.53,160.66,219800
2021-09-22,162.21001,162.74001,159.0099945,159.59,222300
2021-09-23,160.5,163.74001,160.39,162.63,205700
2021-09-24,161.67,165.14,161.28999,164.27,199700
2021-09-27,162.97,166.5,160.59,164.2,245000
2021-09-28,162.12,163.14999,159.50999,160.99001,198400
2021-09-29,161.2,162.67999,158.62,159.10001,425900
2021-09-30,160.0,162.14,158.39,158.39999,246800
2021-10-01,159.27,164.99001,157.64999,161.12,216900
2021-10-04,159.36,159.72,152.070007,153.19,325500
2021-10-05,153.31,156.21001,152.75999,153.89999,350700
2021-10-06,152.0,154.58,151.27,154.45,207900
2021-10-07,156.64,159.84,156.49001,158.24001,218000
2021-10-08,158.72,159.87,158.37,159.53,155100
2021-10-11,155.42999,159.35001,155.42999,158.0,203000
2021-10-12,159.16,159.63,156.83,157.25,420100
2021-10-13,158.35001,158.71001,156.13,157.28,351500
2021-10-14,159.72,163.92,158.070007,162.64999,299700
2021-10-15,163.97,167.0099945,163.039993,165.080002,143300
2021-10-18,163.42999,164.28,162.21001,163.22,254100
2021-10-19,164.82001,165.0099945,162.080002,164.14,215100
2021-10-20,164.48,165.25999,163.39,163.97,208200
2021-10-21,163.53,164.28999,162.059998,164.10001,157100
2021-10-22,164.080002,166.14,161.62,162.020004,188900
2021-10-25,162.36,162.42999,159.21001,159.64,333400
2021-10-26,160.64999,160.64999,157.83,158.5,387300
2021-10-27,158.78999,160.42999,156.41,157.0099945,487100
2021-10-28,157.7,160.49001,157.64999,159.0,235800
2021-10-29,157.75,159.56,157.2,159.0099945,312700
2021-11-01,159.2,163.94,159.039993,163.25999,319400
2021-11-02,163.8,180.53999,161.25,177.34,790100
2021-11-03,176.42999,177.25999,173.080002,175.66,620400
2021-11-04,172.66,172.82001,168.0,168.97,563400
2021-11-05,171.28999,173.17999,169.59,171.36,294500
2021-11-08,172.61,173.25,170.2,170.42,167700
2021-11-09,170.67,171.94,167.64999,168.52,196100
2021-11-10,167.25999,169.67999,165.42,166.69,270800
2021-11-11,165.22,168.53,165.22,167.75999,177900
2021-11-12,169.080002,170.60001,167.35001,170.080002,151700
2021-11-15,171.070007,172.27,168.71001,170.23,152600
2021-11-16,170.62,172.96001,169.98,172.82001,197500
2021-11-17,172.95,173.5,170.12,170.89999,285900
2021-11-18,171.32001,172.059998,164.52,164.81,314100
2021-11-19,164.42,165.92999,163.46001,163.89999,222900
2021-11-22,164.25999,168.0,163.17999,164.2,309800
2021-11-23,163.92999,165.21001,162.020004,164.41,352800
2021-11-24,161.53,164.55,158.87,164.35001,205000
2021-11-26,158.11,162.25999,156.67,157.77,154000
2021-11-29,160.37,163.42,156.69,163.17999,267200
2021-11-30,162.48,165.63,159.63,164.19,548800
2021-12-01,166.94,169.41,162.31,162.39999,375000
2021-12-02,162.91,166.62,161.2,162.47,272100
2021-12-03,164.59,165.98,160.78,164.53999,310400
2021-12-06,165.12,170.059998,162.020004,169.86,317100
2021-12-07,172.0,173.27,168.029999,169.12,295900
2021-12-08,169.73,171.77,167.47,170.92,161900
2021-12-09,170.64,172.85001,169.81,170.62,182400
2021-12-10,172.55,173.14,166.47,166.92999,208800
2021-12-13,166.92999,169.8,165.95,166.7,296000
2021-12-14,166.55,168.92999,165.61,168.52,310700
2021-12-15,169.19,170.71001,167.12,170.57001,339500
2021-12-16,172.17,173.75999,165.14,165.17999,293800
2021-12-17,165.17999,167.78,162.42,165.77,603900
2021-12-20,163.83,164.67,161.17,162.64999,237600
2021-12-21,164.16,168.58,164.039993,167.39,168400
2021-12-22,166.95,168.7,166.25,167.41,120200
2021-12-23,167.99001,170.21001,167.72,168.89999,111100
2021-12-27,170.13,172.53999,168.92999,171.91,99700
2021-12-28,172.0,172.31,170.39999,170.87,114500
2021-12-29,171.35001,173.020004,171.24001,172.52,121800
2021-12-30,173.080002,176.089996,172.0099945,172.27,140500
2021-12-31,172.050003,173.28,171.89999,172.14,131400
2022-01-03,172.35001,174.61,172.17,173.81,157900
2022-01-04,174.28,176.11,171.44,174.56,186600
2022-01-05,174.070007,176.63,169.32001,169.48,146900
2022-01-06,169.19,170.75,167.11,167.24001,248800
2022-01-07,166.41,167.41,161.24001,162.61,251600
2022-01-10,161.42999,164.46001,157.12,164.34,273800
2022-01-11,164.57001,167.74001,162.71001,167.7,185600
2022-01-12,168.57001,170.60001,165.37,165.74001,190000
2022-01-13,166.83,167.74001,161.039993,161.25,197000
2022-01-14,159.83,162.33,157.88,161.25,232100
2022-01-18,158.95,162.14999,157.62,159.74001,248900
2022-01-19,159.77,161.45,153.27,153.58,216400
2022-01-20,154.47,156.14999,149.67,150.089996,227500
2022-01-21,149.25999,152.28999,147.020004,147.14999,388300
2022-01-24,145.070007,154.25999,142.12,153.78999,517700
2022-01-25,150.98,152.64,144.94,147.45,329500
2022-01-26,149.5,151.69,142.62,144.0099945,284100
2022-01-27,145.64,146.47,141.62,142.58,244900
2022-01-28,142.58,144.35001,138.85001,144.34,221900
2022-01-31,144.59,154.83,144.59,154.47,338400
2022-02-01,154.64,154.64,150.22,151.67,276900
2022-02-02,152.0,152.75999,148.080002,149.0,282400
2022-02-03,147.27,148.55,143.0099945,147.38,367600
2022-02-04,146.73,150.50999,145.12,149.95,274800
2022-02-07,150.23,153.52,148.66,148.75,261900
2022-02-08,148.039993,151.57001,148.039993,150.89,391400
2022-02-09,152.31,159.55,151.72,159.089996,332200
2022-02-10,155.72,161.97,154.78999,155.56,291900
2022-02-11,155.62,157.5,146.50999,147.89,460600
2022-02-14,147.25,150.25999,145.39999,146.67999,849200
2022-02-15,134.0,137.92,128.7,137.55,1083600
2022-02-16,138.42999,142.57001,136.82001,140.64999,642300
2022-02-17,138.60001,139.67,136.17,138.080002,417900
2022-02-18,138.0,139.82001,134.19,136.81,561600
2022-02-22,135.50999,139.11,134.8,135.78999,474100
2022-02-23,137.5,138.95,134.45,134.87,489500
2022-02-24,130.28999,133.92,129.25,133.62,1108500
2022-02-25,133.47,139.020004,132.86,138.059998,396800
2022-02-28,135.83,136.080002,128.10001,130.35001,1465000
2022-03-01,129.94,131.28,119.33,121.52,1656800
2022-03-02,122.56,127.19,120.32,125.38,759500
2022-03-03,119.39,120.57,112.97,114.0,1556700
2022-03-04,112.0,113.42,104.65,105.2,1592800
2022-03-07,105.88,109.28,103.050003,106.050003,1053300
2022-03-08,106.9,116.34,106.19,112.14,1103300
2022-03-09,115.58,119.040001,112.37,114.15,872700
2022-03-10,111.9,114.45,110.3,112.5,414800
2022-03-11,112.79,114.29,110.78,110.8,473200
2022-03-14,105.85,112.45,105.51,106.36,897100
2022-03-15,107.040001,112.51,106.98,112.49,648100
2022-03-16,114.36,117.45,112.86,116.6,779800
2022-03-17,115.97,117.46,115.16,116.63,693200
2022-03-18,115.43,119.74,114.7,119.0,1112400
2022-03-21,119.029999,119.39,115.96,116.73,477500
2022-03-22,117.4,120.33,116.39,118.42,447200
2022-03-23,117.34,118.33,112.18,112.99,574000
2022-03-24,114.11,116.82,112.55,115.37,537600
2022-03-25,115.61,115.61,111.92,112.9,369500
2022-03-28,112.35,114.22,110.9,114.12,506400
2022-03-29,117.32,122.040001,117.0,119.7,470000
2022-03-30,118.41,119.5,113.15,113.34,409600
2022-03-31,113.67,113.67,109.71,109.76,556100
2022-04-01,110.68,110.93,106.87,109.88,786700
2022-04-04,111.17,114.84,110.019997,111.51,761700
2022-04-05,110.53,111.050003,105.040001,105.17,843400
2022-04-06,103.72,104.25,100.71,102.17,483100
2022-04-07,102.18,103.050003,99.099998,101.040001,434200
2022-04-08,100.48,103.34,99.59,100.88,653300
2022-04-11,99.81,104.14,98.86,100.010002,500900
2022-04-12,101.29,102.68,99.099998,99.27,383700
2022-04-13,99.010002,101.48,98.61,100.37,377400
2022-04-14,100.79,100.99,97.25,97.29,490500
2022-04-18,96.69,98.48,95.5,97.67,530400
2022-04-19,97.9,101.17,97.9,100.24,575000
2022-04-20,101.2,103.26,99.8,100.18,511800
2022-04-21,101.84,102.96,97.26,98.82,743200
2022-04-22,98.59,100.68,95.39,95.57,790200
2022-04-25,95.39,96.92,94.11,96.85,810100
2022-04-26,95.44,96.5,92.6,92.61,668700
2022-04-27,92.91,95.19,90.51,91.4,502300
2022-04-28,93.41,95.98,91.64,95.14,628600
2022-04-29,95.080002,98.41,94.24,94.48,749400
2022-05-02,94.23,99.18,94.17,99.15,953700
2022-05-03,105.0,117.22,104.47,106.82,2083500
2022-05-04,108.2,110.21,104.75,109.77,936800
2022-05-05,107.68,109.41,102.93,104.24,595100
2022-05-06,102.91,103.37,100.07,101.0,659000
2022-05-09,99.41,101.75,98.37,100.78,703700
2022-05-10,102.46,102.77,96.050003,98.029999,609300
2022-05-11,97.97,100.029999,94.07,94.34,496600
2022-05-12,93.58,97.82,92.92,96.76,652100
2022-05-13,96.71,99.86,96.39,98.4,701100
2022-05-16,97.57,98.8,96.41,96.72,582800
2022-05-17,98.97,102.85,98.97,102.32,499600
2022-05-18,100.63,102.49,99.48,99.98,524100
2022-05-19,98.46,100.089996,97.76,98.35,710300
2022-05-20,100.44,100.46,97.2,100.089996,806500
2022-05-23,101.18,101.18,96.48,99.089996,591600
2022-05-24,98.89,98.99,93.66,95.019997,414200
2022-05-25,94.55,98.050003,94.39,97.22,427500
2022-05-26,97.3,100.76,97.3,100.010002,359600
2022-05-27,100.5,103.34,100.3,102.5,440300
2022-05-31,101.6,106.11,101.17,105.49,2540300
2022-06-01,105.51,106.48,100.68,102.27,528500
2022-06-02,102.27,105.76,101.39,105.0,447200
2022-06-03,103.23,103.63,101.2,101.7,301900
2022-06-06,102.79,106.63,102.6,103.79,557600
2022-06-07,101.85,104.41,101.85,104.029999,429400
2022-06-08,103.46,105.72,102.65,102.89,329000
2022-06-09,101.65,103.32,100.77,100.8,391100
2022-06-10,98.3,100.2,96.81,97.28,652600
2022-06-13,94.79,96.040001,91.59,92.55,643800
2022-06-14,93.059998,94.37,91.21,91.9,622200
2022-06-15,91.92,93.88,90.49,92.35,668700
2022-06-16,89.98,91.080002,82.68,83.99,939200
2022-06-17,84.8,88.88,84.8,88.56,6855500
2022-06-21,90.78,93.44,90.019997,93.21,1077800
2022-06-22,93.52,96.46,93.42,95.44,1057800
2022-06-23,95.53,96.81,94.7,96.22,689900
2022-06-24,97.47,99.16,95.9,98.98,703000
2022-06-27,99.3,99.4,97.010002,97.77,478500
2022-06-28,98.3,98.99,93.46,93.71,517000
2022-06-29,93.79,94.66,92.099998,94.47,379300
2022-06-30,93.27,96.29,92.96,94.13,574100
2022-07-01,93.35,95.3,89.92,90.94,313300
2022-07-05,88.78,91.92,87.5,91.89,272400
2022-07-06,91.47,92.48,90.21,90.99,333900
2022-07-07,92.32,94.82,92.28,94.029999,277000
2022-07-08,93.63,94.23,91.86,93.37,194100
2022-07-11,92.010002,93.41,90.77,92.12,312400
2022-07-12,92.24,94.73,92.24,93.13,243800
2022-07-13,90.8,93.010002,90.68,92.63,239100
2022-07-14,91.96,92.39,90.080002,92.16,217700
2022-07-15,93.21,94.34,91.69,94.29,198500
2022-07-18,96.25,96.72,94.66,95.25,297800
2022-07-19,96.65,98.86,96.65,98.65,259600
2022-07-20,99.13,101.69,98.019997,101.64,276500
2022-07-21,101.63,102.6,101.059998,102.47,248200
2022-07-22,102.43,102.43,99.52,100.26,383800
2022-07-25,99.88,100.53,98.78,100.059998,245100
2022-07-26,99.28,99.9,98.07,99.5,279800
2022-07-27,100.040001,103.059998,99.98,102.27,258800
2022-07-28,102.57,105.68,101.33,105.61,283000
2022-07-29,105.44,107.19,104.52,106.58,418300
2022-08-01,104.96,109.48,104.96,107.66,437300
2022-08-02,108.46,112.7,102.059998,102.64,503300
2022-08-03,102.24,104.47,101.54,103.42,302700
2022-08-04,103.5,103.89,101.83,103.51,229600
2022-08-05,101.69,102.74,99.95,101.84,222800
2022-08-08,101.74,103.46,101.31,102.16,257300
2022-08-09,101.2,101.2,97.81,98.91,358100
2022-08-10,101.99,102.85,101.07,102.8,262100
2022-08-11,103.92,104.83,101.53,103.040001,265600
2022-08-12,104.12,105.83,103.47,105.18,201300
2022-08-15,103.96,105.91,102.5,103.98,279100
2022-08-16,102.97,103.53,101.26,102.58,225100
2022-08-17,101.0,101.19,98.45,100.26,220100
2022-08-18,99.82,102.07,99.4,101.62,186900
2022-08-19,100.0,100.34,98.67,99.4,191000
2022-08-22,97.24,98.84,95.63,95.99,295800
2022-08-23,96.050003,97.12,95.64,95.82,226000
2022-08-24,95.95,97.32,95.2,96.15,171900
2022-08-25,96.74,98.28,96.42,98.029999,143200
2022-08-26,98.34,98.34,93.76,94.010002,244600
2022-08-29,93.64,94.17,91.97,91.97,175200
2022-08-30,92.78,93.25,90.52,91.33,191600
2022-08-31,91.36,92.13,89.39,90.59,341700
2022-09-01,89.14,91.32,89.07,90.47,415700
2022-09-02,91.52,91.84,88.35,89.45,322300
2022-09-06,90.2,90.33,88.050003,88.47,313900
2022-09-07,88.22,89.64,87.099998,89.37,188700
2022-09-08,88.31,89.8,87.34,89.78,202700
2022-09-09,90.69,92.7,90.69,92.18,240600
2022-09-12,92.5,94.059998,91.84,92.95,224400
2022-09-13,90.010002,90.07,88.46,88.8,307700
2022-09-14,88.84,88.95,85.93,87.59,450700
2022-09-15,87.21,89.45,86.98,87.26,360400
2022-09-16,86.7,88.56,86.0,88.050003,1105700
2022-09-19,87.76,89.81,87.72,89.080002,391400
2022-09-20,88.2,89.81,87.93,88.13,327600
2022-09-21,88.69,91.37,88.43,88.66,376400
2022-09-22,88.029999,88.14,87.0,87.099998,354700
2022-09-23,85.98,86.34,83.5,84.97,480900
2022-09-26,84.84,86.42,84.12,84.17,319800
2022-09-27,84.98,86.76,84.44,85.32,268900
2022-09-28,84.81,87.21,84.51,87.029999,275600
2022-09-29,85.74,86.099998,84.38,85.92,323500
2022-09-30,85.55,87.3,84.23,84.35,329000
2022-10-03,85.41,88.79,84.57,88.11,334300
2022-10-04,90.3,91.55,90.3,91.33,403900
2022-10-05,90.16,90.46,88.72,90.21,354300
2022-10-06,90.040001,90.87,89.69,90.21,225300
2022-10-07,88.86,88.86,86.15,86.62,219800
2022-10-10,87.059998,87.86,85.26,86.64,364400
2022-10-11,85.95,86.23,83.76,84.78,384200
2022-10-12,85.059998,85.059998,82.33,83.019997,332400
2022-10-13,80.84,87.059998,80.48,86.050003,330400
2022-10-14,86.84,86.84,83.69,84.31,302700
2022-10-17,86.089996,87.72,85.51,86.63,344500
2022-10-18,88.87,89.62,86.72,87.57,305400
2022-10-19,87.42,87.67,84.0,85.3,367500
2022-10-20,85.73,87.32,84.41,85.15,249000
2022-10-21,84.85,86.14,84.36,85.93,277000
2022-10-24,86.42,86.49,84.82,86.18,191900
2022-10-25,85.66,88.69,85.66,87.62,236300
2022-10-26,87.49,88.66,86.57,86.59,237400
2022-10-27,87.6,87.6,84.37,84.79,230000
2022-10-28,85.25,87.61,85.22,87.36,231500
2022-10-31,87.28,87.28,85.36,85.66,296500
2022-11-01,82.39,86.15,79.88,85.48,601700
2022-11-02,84.85,90.96,84.050003,87.9,408300
2022-11-03,86.12,87.68,85.21,86.83,321200
2022-11-04,88.57,89.35,86.010002,87.83,368000
2022-11-07,88.25,88.62,86.6,87.059998,188200
2022-11-08,87.45,87.72,83.46,84.69,265200
2022-11-09,83.93,85.29,83.82,84.059998,165800
2022-11-10,88.050003,89.9,88.050003,89.49,211400
2022-11-11,90.21,94.73,89.57,94.63,297000
2022-11-14,94.029999,96.15,93.35,93.82,419600
2022-11-15,95.99,97.84,95.39,95.79,295500
2022-11-16,94.17,94.81,90.95,91.52,154600
2022-11-17,89.75,91.56,89.17,91.48,123300
2022-11-18,93.029999,93.81,90.28,91.22,154100
2022-11-21,90.5,90.93,88.050003,89.089996,180400
2022-11-22,89.52,91.29,88.71,90.84,263400
2022-11-23,90.77,93.39,90.71,92.39,156600
2022-11-25,92.25,92.89,91.050003,91.19,65500
2022-11-28,90.35,90.35,88.61,89.16,146700
2022-11-29,89.15,90.66,88.07,88.36,111700
2022-11-30,88.36,91.07,86.46,91.029999,312700
2022-12-01,91.64,93.23,89.22,92.78,135400
2022-12-02,91.63,92.25,90.68,92.11,145900
2022-12-05,91.56,91.56,89.64,90.089996,151800
2022-12-06,90.28,90.33,88.19,89.36,336300
2022-12-07,88.63,89.66,88.51,89.23,199200
2022-12-08,89.98,92.55,89.69,92.54,200300
2022-12-09,92.46,95.2,92.019997,93.24,340400
2022-12-12,93.33,97.39,92.86,96.4,295600
2022-12-13,99.41,99.6,96.7,97.52,449500
2022-12-14,96.67,97.91,94.2,95.29,453300
2022-12-15,94.0,94.29,92.029999,92.16,370600
2022-12-16,91.36,92.4,89.76,91.47,583500
2022-12-19,91.94,93.66,89.059998,91.0,397600
2022-12-20,90.7,94.27,90.25,92.81,420800
2022-12-21,93.61,94.28,92.77,93.17,265900
2022-12-22,91.82,92.61,90.79,92.39,252400
2022-12-23,92.17,93.99,91.87,92.94,314300
2022-12-27,92.98,93.58,92.29,92.83,172500
2022-12-28,92.07,93.61,90.19,90.28,157300
2022-12-29,91.25,95.22,91.25,94.45,197200
2022-12-30,93.56,94.94,93.35,94.67,203600
2023-01-03,95.86,96.65,94.9,96.49,315900
2023-01-04,97.76,100.83,97.75,100.35,420500
2023-01-05,99.79,101.7,98.89,99.99,462200
2023-01-06,101.36,104.7,100.27,103.92,399900
2023-01-09,104.81,105.72,103.65,103.86,314600
2023-01-10,103.32,106.040001,103.32,105.53,333000
2023-01-11,106.07,107.019997,105.45,106.76,315300
2023-01-12,106.85,108.099998,106.49,107.94,208300
2023-01-13,107.0,108.24,105.97,106.41,237400
2023-01-17,105.94,109.080002,105.15,108.88,293400
2023-01-18,109.28,110.61,107.43,107.62,220300
2023-01-19,107.050003,107.13,104.91,106.22,232100
2023-01-20,106.89,107.92,106.43,107.6,192500
2023-01-23,107.47,111.14,107.47,111.059998,332700
2023-01-24,110.72,111.56,110.080002,110.98,269500
2023-01-25,109.22,110.53,108.33,110.34,157300
2023-01-26,110.96,111.69,110.14,110.87,110000
2023-01-27,110.48,111.65,110.12,111.45,139700
2023-01-30,110.67,111.54,109.62,109.87,168100
2023-01-31,110.0,112.28,110.0,112.099998,225100
2023-02-01,112.32,115.29,111.52,114.8,294800
2023-02-02,116.07,118.52,115.7,116.36,228900
2023-02-03,114.56,116.65,114.56,115.23,183400
2023-02-06,114.0,114.62,112.38,113.24,177700
2023-02-07,112.82,114.29,111.57,113.97,231500
2023-02-08,112.77,114.059998,111.85,112.39,138500
2023-02-09,113.44,113.75,110.93,111.52,173400
2023-02-10,110.67,112.18,110.13,111.56,203700
2023-02-13,111.07,114.089996,110.47,112.54,416100
2023-02-14,110.87,126.69,110.87,125.55,851300
2023-02-15,125.12,131.11,124.81,131.10001,646400
2023-02-16,131.21001,134.81,129.57001,133.50999,477700
2023-02-17,132.37,132.75999,129.070007,131.17,355000
2023-02-21,129.28999,131.75,126.059998,126.099998,310600
2023-02-22,126.21,127.53,124.99,125.7,226000
2023-02-23,127.21,127.52,124.15,125.86,202700
2023-02-24,123.43,124.69,122.36,124.0,181500
2023-02-27,124.96,125.57,123.28,123.46,150100
2023-02-28,122.8,125.32,122.34,123.24,205500
2023-03-01,123.24,126.43,123.11,124.64,260100
2023-03-02,123.33,127.18,122.8,127.0,206100
2023-03-03,127.19,128.0,125.52,127.12,268600
2023-03-06,127.12,127.12,121.79,122.38,256200
2023-03-07,122.7,123.38,120.2,121.11,242000
2023-03-08,121.79,123.39,121.28,122.56,174100
2023-03-09,122.63,123.79,120.57,120.79,252700
2023-03-10,121.13,121.33,116.95,118.13,236200
2023-03-13,116.59,118.37,115.72,116.76,325400
2023-03-14,119.26,120.22,116.47,117.96,218000
2023-03-15,116.0,116.97,113.2,116.22,253100
2023-03-16,114.86,120.15,114.86,119.88,234200
2023-03-17,119.12,119.12,115.52,116.33,530500
2023-03-20,117.19,118.36,116.17,116.91,212700
2023-03-21,118.040001,118.54,116.65,117.7,150500
2023-03-22,117.32,119.35,116.050003,116.059998,136200
2023-03-23,116.74,119.76,116.23,116.94,162300
2023-03-24,116.0,117.089996,114.74,116.82,215400
2023-03-27,117.76,118.52,114.36,115.029999,176100
2023-03-28,115.12,116.77,113.77,116.74,332000
2023-03-29,118.45,121.16,118.14,120.95,267500
2023-03-30,121.65,123.18,121.14,121.27,173700
2023-03-31,121.88,123.44,121.34,123.31,165500
2023-04-03,122.36,122.88,119.16,121.61,174400
2023-04-04,121.25,122.58,117.39,118.48,198600
2023-04-05,118.0,118.0,115.92,116.56,518700
2023-04-06,112.72,117.0,112.45,115.46,221800
2023-04-10,114.85,117.13,114.85,117.019997,150500
2023-04-11,117.019997,117.87,116.39,116.66,113800
2023-04-12,117.94,118.17,115.48,116.019997,115100
2023-04-13,116.61,116.86,115.27,115.93,164600
2023-04-14,115.62,116.96,115.059998,116.089996,137500
2023-04-17,116.029999,116.57,114.98,116.35,125500
2023-04-18,117.15,117.15,113.77,114.8,122300
2023-04-19,113.43,116.0,113.16,115.43,213600
2023-04-20,114.84,116.25,114.47,115.36,121000
2023-04-21,115.36,115.94,114.32,115.54,113600
2023-04-24,114.87,115.35,113.59,114.86,107000
2023-04-25,113.82,114.010002,110.75,110.77,135400
2023-04-26,110.98,111.080002,110.14,110.76,122900
2023-04-27,111.050003,111.14,108.51,110.8,149300
2023-04-28,110.89,115.21,110.89,114.98,276500
2023-05-01,114.98,119.21,114.18,117.93,549300
2023-05-02,122.41,122.5,116.029999,119.69,264300
2023-05-03,120.35,122.029999,117.22,118.71,351400
2023-05-04,118.31,118.31,115.8,116.59,249700
2023-05-05,117.75,118.87,116.58,118.17,147100
2023-05-08,117.8,117.8,115.33,116.4,161400
2023-05-09,115.12,115.87,112.4,112.72,187000
2023-05-10,113.6,113.66,110.71,112.69,140100
2023-05-11,112.27,112.27,109.99,110.68,129900
2023-05-12,110.87,111.7,109.53,110.53,133000
2023-05-15,110.98,113.39,110.92,112.3,411100
2023-05-16,111.85,113.48,111.07,111.2,117600
2023-05-17,112.010002,113.14,110.78,112.76,136000
2023-05-18,113.089996,114.2,112.12,113.35,189300
2023-05-19,114.010002,114.38,112.029999,112.31,207800
2023-05-22,112.37,113.92,112.37,113.75,215700
2023-05-23,113.5,114.7,111.84,114.24,233800
2023-05-24,112.87,112.87,108.72,109.81,179600
2023-05-25,110.94,112.29,108.54,111.56,162400
2023-05-26,111.8,115.040001,111.8,114.61,192300
2023-05-30,115.3,115.5,112.28,113.8,188900
2023-05-31,112.61,113.71,109.82,110.47,371100
2023-06-01,110.66,110.81,109.019997,110.42,133300
2023-06-02,111.49,112.77,110.21,112.61,132400
2023-06-05,111.15,111.15,108.050003,108.72,188200
2023-06-06,108.55,111.51,107.54,110.29,132300
2023-06-07,110.87,113.7,110.87,113.099998,158100
2023-06-08,112.6,113.44,111.41,112.63,156700
2023-06-09,112.59,112.96,110.85,111.29,101400
2023-06-12,111.35,114.49,111.2,114.29,134300
2023-06-13,115.55,118.099998,115.26,117.059998,225900
2023-06-14,121.89,136.72,121.37,132.83,863800
2023-06-15,132.3,137.33,132.19,134.34,684100
2023-06-16,135.47,135.69,132.92999,134.75,1035400
2023-06-20,134.73,136.91,131.92,133.029999,283000
2023-06-21,131.74001,132.47,129.42,130.080002,194500
2023-06-22,129.69,130.53999,127.81,130.35001,225700
2023-06-23,128.89,133.5,128.039993,133.39,888200
2023-06-26,133.27,133.39,129.25,129.53999,186300
2023-06-27,129.89,134.080002,129.28,133.83,194700
2023-06-28,132.57001,135.21001,132.57001,134.19,167600
2023-06-29,134.19,134.38,132.63,134.36,118400
2023-06-30,135.33,136.070007,134.33,135.82001,181400
2023-07-03,135.33,136.25999,134.42999,135.080002,123500
2023-07-05,133.059998,135.0,132.039993,134.36,188000
2023-07-06,132.25,133.87,131.050003,133.61,173900
2023-07-07,133.61,135.42,132.080002,132.32001,119900
2023-07-10,132.0099945,134.39,132.0099945,134.28,133600
2023-07-11,134.60001,136.89999,134.39,136.42,229300
2023-07-12,138.31,140.41,138.059998,139.71001,159700
2023-07-13,140.49001,141.85001,138.11,139.14,130400
2023-07-14,137.98,140.24001,135.55,136.0099945,507000
2023-07-17,135.78,136.95,134.41,136.42,139600
2023-07-18,135.69,137.070007,133.28999,134.070007,185300
2023-07-19,134.0,134.91,131.33,134.67999,242000
2023-07-20,134.10001,134.5,131.11,131.36,111600
2023-07-21,132.0,133.75,131.64,132.56,140900
2023-07-24,132.42,133.25,127.99,128.17999,280200
2023-07-25,128.17999,129.029999,126.15,128.0099945,301500
2023-07-26,127.69,130.21001,127.17,129.46001,165100
2023-07-27,131.11,132.72,129.53,130.089996,179400
2023-07-28,130.87,132.58,130.080002,130.62,145500
2023-07-31,131.0,132.99001,130.82001,131.45,325000
2023-08-01,112.16,119.47,107.32,108.36,1171100
2023-08-02,110.71,114.29,107.75,111.56,706100
2023-08-03,110.93,111.35,108.95,109.91,303100
2023-08-04,109.73,111.53,107.88,108.88,255200
2023-08-07,109.66,111.29,109.010002,111.26,199800
2023-08-08,110.34,110.34,108.77,110.13,209300
2023-08-09,109.88,109.88,107.27,107.4,191100
2023-08-10,107.84,108.54,105.099998,105.82,212700
2023-08-11,105.45,106.17,103.6,104.059998,241600
2023-08-14,103.35,104.28,101.82,102.61,272300
2023-08-15,101.71,104.040001,101.16,103.3,326500
2023-08-16,102.36,103.21,99.54,99.92,227000
2023-08-17,99.68,100.78,98.62,99.0,209100
2023-08-18,96.089996,99.93,96.089996,99.2,265400
2023-08-21,98.71,99.43,98.26,99.11,208200
2023-08-22,99.97,101.95,99.15,101.49,238600
2023-08-23,101.42,104.26,101.42,103.53,191500
2023-08-24,103.53,104.099998,101.72,101.78,200500
2023-08-25,101.68,102.72,101.51,102.080002,164600
2023-08-28,102.48,105.94,102.45,105.65,200400
2023-08-29,105.56,107.7,105.56,107.25,211700
2023-08-30,106.79,108.72,106.41,107.94,163000
2023-08-31,107.86,109.58,107.86,108.36,281200
2023-09-01,108.9,109.050003,107.6,108.11,184700
2023-09-05,108.26,108.54,106.029999,106.45,178000
2023-09-06,106.41,107.23,105.13,105.41,146900
2023-09-07,104.0,104.0,101.82,103.35,179400
2023-09-08,103.089996,103.94,101.22,101.55,140800
2023-09-11,101.86,101.89,99.25,100.72,219700
2023-09-12,100.080002,100.96,98.99,99.47,234900
2023-09-13,99.43,100.15,98.56,99.62,280000
2023-09-14,100.23,100.75,99.059998,99.86,344600
2023-09-15,99.58,101.31,99.47,100.059998,902600
2023-09-18,100.0,101.0,99.75,100.28,144300
2023-09-19,99.84,100.66,98.73,99.47,164500
2023-09-20,100.2,100.86,99.080002,99.21,129800
2023-09-21,98.13,98.77,97.97,98.18,151000
2023-09-22,98.47,100.72,97.88,100.15,239400
2023-09-25,99.57,100.73,99.57,99.94,161600
2023-09-26,99.51,100.17,97.37,97.37,198600
2023-09-27,97.71,99.12,97.71,99.07,144500
2023-09-28,98.68,102.48,98.68,101.83,175600
2023-09-29,102.86,103.99,101.42,101.54,119600
2023-10-02,101.43,101.91,99.87,100.75,185500
2023-10-03,100.5,101.39,99.91,100.32,136200
2023-10-04,100.23,101.35,98.21,99.32,200000
2023-10-05,99.29,99.5,94.88,95.37,286100
2023-10-06,95.25,96.91,95.2,96.23,159900
2023-10-09,95.15,96.45,94.66,95.53,148500
2023-10-10,96.61,97.46,95.82,96.2,198400
2023-10-11,95.99,96.91,95.21,95.61,196700
2023-10-12,95.76,95.78,92.54,93.41,186500
2023-10-13,93.41,93.65,92.14,92.26,204000
2023-10-16,92.58,95.0,92.56,94.89,241200
2023-10-17,93.93,96.99,93.93,96.14,287400
2023-10-18,94.97,95.28,93.15,93.68,193000
2023-10-19,93.62,94.97,91.4,91.86,191800
2023-10-20,91.95,93.51,91.43,92.65,318300
2023-10-23,92.42,95.0,90.97,91.029999,235000
2023-10-24,91.62,92.46,90.91,92.12,147300
2023-10-25,91.28,91.78,89.54,89.56,187100
2023-10-26,89.54,90.55,87.62,88.019997,304200
2023-10-27,88.68,89.44,87.64,88.15,191800
2023-10-30,88.95,89.24,83.2,83.71,691600
2023-10-31,83.0,87.21,83.0,85.9,734300
2023-11-01,86.050003,87.050003,84.48,87.019997,536000
2023-11-02,88.52,89.8,87.62,88.16,210900
2023-11-03,89.25,92.56,88.29,91.93,291300
2023-11-06,91.63,92.8,91.17,92.44,240500
2023-11-07,91.92,93.089996,91.52,91.81,351200
2023-11-08,92.24,93.019997,90.81,91.86,163000
2023-11-09,92.24,92.24,89.22,89.27,208200
2023-11-10,89.97,91.089996,88.92,90.79,169000
2023-11-13,90.089996,91.41,89.67,91.3,160400
2023-11-14,93.68,95.28,93.56,95.26,215200
2023-11-15,95.38,98.17,95.38,96.71,248200
2023-11-16,95.85,96.74,94.49,94.74,181600
2023-11-17,95.050003,95.32,93.93,95.13,199200
2023-11-20,95.36,96.39,95.16,96.0,144200
2023-11-21,95.71,95.71,94.59,94.97,102100
2023-11-22,95.98,96.92,95.55,95.62,121100
2023-11-24,95.65,95.91,95.010002,95.31,56900
2023-11-27,95.040001,96.19,94.089996,95.76,129700
2023-11-28,95.29,95.51,94.36,95.42,108700
2023-11-29,96.34,97.69,95.76,95.86,134600
2023-11-30,96.26,97.010002,94.83,95.76,136100
2023-12-01,95.080002,97.43,94.23,97.27,130100
2023-12-04,96.76,98.7,96.65,98.53,181000
2023-12-05,98.3,98.37,95.77,96.32,232600
2023-12-06,97.49,99.34,96.75,98.040001,136200
2023-12-07,98.22,100.8,97.67,100.0,102700
2023-12-08,99.4,100.71,98.96,99.42,146900
2023-12-11,99.44,100.64,98.97,100.39,115400
2023-12-12,100.64,100.86,99.52,100.61,225800
2023-12-13,101.029999,102.77,99.4,102.57,225500
2023-12-14,103.84,107.48,103.35,106.5,355400
2023-12-15,106.69,108.54,105.64,108.2,721100
2023-12-18,107.84,107.91,106.040001,106.96,229500
2023-12-19,108.010002,109.050003,107.77,109.0,177000
2023-12-20,108.86,110.58,107.010002,107.029999,212700
2023-12-21,108.57,109.029999,106.29,107.82,125000
2023-12-22,108.56,110.38,107.97,109.53,133100
2023-12-26,109.89,111.11,109.72,110.56,144800
2023-12-27,110.85,111.089996,110.080002,110.34,98300
2023-12-28,109.96,110.23,109.12,110.099998,100400
2023-12-29,109.7,110.3,108.34,108.54,144000
2024-01-02,108.089996,108.089996,106.15,106.58,192400
2024-01-03,104.78,105.0,102.52,103.35,163500
2024-01-04,102.32,102.68,100.75,101.31,325200
2024-01-05,101.28,102.96,101.28,101.82,317500
2024-01-08,102.0,103.97,102.0,102.96,207100
2024-01-09,101.74,103.39,101.74,102.089996,161300
2024-01-10,102.17,102.36,100.61,100.82,155000
2024-01-11,100.83,101.37,99.55,100.68,180300
2024-01-12,101.31,102.07,99.25,99.5,168200
2024-01-16,98.79,99.87,97.67,99.7,202800
2024-01-17,98.010002,98.5,96.4,97.18,155400
2024-01-18,98.39,99.37,97.6,99.31,217100
2024-01-19,99.92,99.96,96.050003,98.63,261800
2024-01-22,99.52,100.5,98.62,99.34,249100
2024-01-23,99.99,101.31,98.89,98.91,345100
2024-01-24,99.050003,100.69,97.44,98.2,394600
2024-01-25,99.97,102.84,97.56,100.7,1658300
2024-01-26,100.89,101.77,98.93,99.2,1349200
2024-01-29,99.080002,100.029999,97.44,99.92,317100
2024-01-30,99.52,100.59,99.029999,99.5,159500
2024-01-31,99.12,99.7,97.4,97.89,233500
2024-02-01,98.32,99.37,97.17,99.15,211900
2024-02-02,98.14,99.31,97.3,98.8,187000
2024-02-05,98.12,98.6,97.0,97.64,161300
2024-02-06,98.34,100.11,98.34,99.78,231300
2024-02-07,99.61,100.95,99.2,100.029999,156100
2024-02-08,99.81,101.73,99.63,101.010002,208300
2024-02-09,101.16,103.17,101.16,102.82,185300
2024-02-12,102.44,104.19,102.35,103.63,264600
2024-02-13,96.38,101.94,86.5,86.99,1008700
2024-02-14,88.0,89.12,86.38,87.86,876100
2024-02-15,87.19,90.050003,87.040001,88.99,459100
2024-02-16,88.64,89.19,86.24,86.48,357800
2024-02-20,85.68,86.49,85.44,86.28,281300
2024-02-21,85.31,86.55,84.9,86.45,264200
2024-02-22,87.010002,87.69,86.33,86.54,210000
2024-02-23,86.52,86.52,85.14,85.58,250100
2024-02-26,85.6,86.52,84.59,85.19,262900
2024-02-27,85.19,87.31,85.19,86.38,322600
2024-02-28,85.22,86.84,85.010002,85.66,269400
2024-02-29,87.099998,87.72,85.99,86.35,396200
2024-03-01,87.0,88.43,86.54,87.67,270600
2024-03-04,87.84,88.67,87.32,87.83,199900
2024-03-05,87.0,88.29,87.0,87.99,283100
2024-03-06,88.61,89.96,88.43,89.11,218000
2024-03-07,89.54,90.27,89.21,89.44,193900
2024-03-08,89.94,91.46,89.72,90.24,230300
2024-03-11,89.62,90.85,89.62,90.28,187500
2024-03-12,90.17,91.32,89.26,90.49,189700
2024-03-13,90.11,91.0,88.21,89.3,354000
2024-03-14,89.019997,89.67,86.26,87.040001,298900
2024-03-15,86.58,88.019997,86.26,87.24,1159900
2024-03-18,87.2,88.47,86.8,86.87,289400
2024-03-19,86.089996,87.92,86.089996,87.78,222600
2024-03-20,87.8,89.4,87.17,89.15,235000
2024-03-21,89.65,91.5,89.64,91.019997,184700
2024-03-22,90.78,90.78,89.46,90.0,177800
2024-03-25,89.79,90.47,88.88,89.96,175600
2024-03-26,90.63,90.87,89.080002,89.24,141000
2024-03-27,89.84,90.69,88.99,90.57,166900
2024-03-28,90.010002,91.67,90.0,90.69,191700
2024-04-01,90.62,91.76,89.76,90.16,167400
2024-04-02,89.82,89.82,87.68,88.23,260700
2024-04-03,87.43,88.72,87.37,87.96,583300
2024-04-04,89.26,89.37,87.11,87.25,157100
2024-04-05,87.0,87.37,86.14,86.27,218000
2024-04-08,86.6,87.8,86.35,87.39,142300
2024-04-09,87.98,91.65,87.63,90.63,237800
2024-04-10,88.37,90.77,86.65,87.67,177400
2024-04-11,88.21,89.87,87.58,89.86,153600
2024-04-12,89.0,89.0,85.73,85.75,242600
2024-04-15,86.28,86.83,84.11,84.4,159900
2024-04-16,84.0,85.77,83.53,84.84,194100
2024-04-17,85.47,86.059998,84.35,84.37,175300
2024-04-18,84.23,85.65,84.23,84.59,158600
2024-04-19,83.97,85.19,83.72,84.27,200800
2024-04-22,84.85,85.58,84.37,85.099998,157900
2024-04-23,85.0,86.49,85.0,85.37,169800
2024-04-24,85.59,88.19,85.59,88.050003,250400
2024-04-25,87.26,88.75,87.26,88.24,186200
2024-04-26,88.24,89.83,87.82,88.4,251300
2024-04-29,89.07,89.61,88.29,88.58,260600
2024-04-30,81.3,87.53,80.33,83.98,593900
2024-05-01,82.78,85.48,82.29,83.55,322900
2024-05-02,84.33,86.76,83.68,86.7,356800
2024-05-03,87.86,88.91,86.37,86.76,253600
2024-05-06,87.15,88.41,87.15,88.37,167700
2024-05-07,88.52,89.96,88.52,89.49,249900
2024-05-08,88.52,89.35,88.31,89.17,212900
2024-05-09,88.86,90.010002,88.72,89.86,163500
2024-05-10,90.19,90.56,87.040001,88.26,179600
2024-05-13,89.010002,90.95,88.63,89.29,201400
2024-05-14,90.26,90.96,89.55,89.76,172400
2024-05-15,90.6,90.6,89.49,90.17,164300
2024-05-16,90.0,90.080002,88.56,88.6,192800
2024-05-17,88.35,88.97,87.85,88.61,213400
2024-05-20,88.57,89.26,88.47,88.55,177400
2024-05-21,88.099998,88.56,87.13,87.47,155400
2024-05-22,87.55,88.79,87.36,87.82,184100
2024-05-23,87.73,88.029999,85.68,86.029999,149500
2024-05-24,86.46,86.6,85.17,85.63,175900
2024-05-28,85.73,85.81,83.6,83.74,366400
2024-05-29,82.55,84.019997,82.55,83.55,198000
2024-05-30,84.080002,85.73,83.51,85.099998,151100
2024-05-31,85.31,86.89,84.96,86.73,217500
2024-06-03,87.26,87.91,86.58,87.099998,168400
2024-06-04,85.92,87.040001,83.87,84.26,162500
2024-06-05,85.11,87.25,84.85,86.83,124600
2024-06-06,86.85,87.42,86.17,86.47,126400
2024-06-07,85.65,86.48,85.25,85.85,126400
2024-06-10,85.0,86.54,85.0,86.22,106500
2024-06-11,85.63,86.010002,84.71,85.24,150000
2024-06-12,87.14,88.010002,86.68,87.63,211900
2024-06-13,86.51,87.089996,85.27,86.84,268500
2024-06-14,85.71,86.24,84.0,84.86,208200
2024-06-17,84.7,86.31,84.34,86.25,250100
2024-06-18,86.17,86.21,82.67,82.71,307000
2024-06-20,82.28,82.4,80.27,81.58,301500
2024-06-21,81.92,83.6,81.92,83.35,1002100
2024-06-24,83.059998,83.75,81.61,81.61,241500
2024-06-25,81.74,81.86,80.54,81.68,241200
2024-06-26,81.48,83.040001,81.48,82.62,247900
2024-06-27,82.54,83.54,81.85,83.5,190500
2024-06-28,84.13,85.38,83.61,84.39,352300
2024-07-01,84.54,84.79,83.27,83.33,239100
2024-07-02,83.3,85.25,83.3,84.91,198300
2024-07-03,84.98,85.39,84.51,84.58,142200
2024-07-05,84.25,84.74,83.62,84.36,309400
2024-07-08,85.28,86.099998,85.18,85.46,163000
2024-07-09,85.42,85.44,84.25,84.45,167000
2024-07-10,84.71,86.17,82.11,86.07,124100
2024-07-11,87.61,88.87,86.41,88.050003,158100
2024-07-12,88.87,90.46,88.49,89.63,154900
2024-07-15,89.6,91.050003,89.059998,89.38,144000
2024-07-16,89.99,90.92,89.41,90.65,592200
2024-07-17,90.0,92.21,88.31,90.45,356200
2024-07-18,90.26,91.41,88.45,89.07,222500
2024-07-19,88.88,89.0,87.5,88.029999,213400
2024-07-22,88.55,90.099998,88.0,90.040001,215600
2024-07-23,89.96,90.53,88.93,89.059998,137000
2024-07-24,88.58,89.95,87.84,87.91,204200
2024-07-25,87.41,87.67,85.11,85.49,210200
2024-07-26,86.35,87.019997,84.95,86.59,227800
2024-07-29,87.11,88.78,86.46,87.61,204800
2024-07-30,80.0,88.47,79.8,81.2,444000
2024-07-31,81.0,82.65,80.26,80.4,310300
2024-08-01,79.92,80.07,75.85,77.080002,379100
2024-08-02,75.07,75.96,70.68,71.38,351800
2024-08-05,68.81,69.95,66.54,67.43,228300
2024-08-06,67.47,68.74,66.71,67.79,246700
2024-08-07,69.16,69.66,65.94,66.010002,211300
2024-08-08,66.88,67.38,66.3,67.32,210300
2024-08-09,67.47,67.47,66.25,66.67,172700
2024-08-12,66.67,66.88,65.029999,65.7,189600
2024-08-13,66.6,67.57,65.98,67.3,240200
2024-08-14,67.34,67.51,65.59,66.019997,144400
2024-08-15,67.72,68.83,67.34,67.98,218900
2024-08-16,68.050003,68.17,66.74,67.5,164800
2024-08-19,67.32,68.4,67.059998,68.19,220200
2024-08-20,68.15,70.33,67.96,69.89,326400
2024-08-21,70.3,71.41,70.040001,71.23,207700
2024-08-22,71.2,71.59,69.6,69.84,221200
2024-08-23,70.49,71.61,69.92,71.050003,156500
2024-08-26,71.66,71.66,69.75,69.8,150400
2024-08-27,69.55,69.99,68.9,69.11,210500
2024-08-28,68.73,69.43,67.8,69.34,254800
2024-08-29,70.050003,70.18,68.95,69.2,212600
2024-08-30,69.49,69.51,67.98,68.37,420800
2024-09-03,68.010002,68.23,64.91,65.43,258900
2024-09-04,65.2,66.29,65.12,65.77,320600
2024-09-05,65.77,66.11,64.93,65.54,170300
2024-09-06,65.55,65.83,62.77,62.84,162600
2024-09-09,62.75,63.43,62.029999,62.52,348600
2024-09-10,62.61,62.7,61.86,62.31,337200
2024-09-11,62.35,63.37,61.89,63.15,435500
2024-09-12,63.15,64.94,62.89,64.78,259400
2024-09-13,65.37,67.69,65.25,67.67,256500
2024-09-16,67.56,68.83,66.75,68.77,324400
2024-09-17,69.61,70.14,68.18,68.81,298200
2024-09-18,68.95,70.79,68.16,68.92,350800
2024-09-19,70.89,71.48,69.98,70.87,273700
2024-09-20,70.24,70.85,69.5,70.25,891600
2024-09-23,70.39,71.22,69.66,70.43,237700
2024-09-24,71.13,72.0,70.76,71.14,209500
2024-09-25,70.95,71.16,70.27,70.41,184000
2024-09-26,71.93,74.56,71.49,74.52,253100
2024-09-27,75.21,76.34,74.27,74.89,249600
2024-09-30,74.2,74.83,73.58,74.32,213000
2024-10-01,74.019997,74.25,71.46,71.85,204600
2024-10-02,71.95,74.029999,71.93,73.16,189600
2024-10-03,72.37,73.07,71.69,72.38,312000
2024-10-04,74.040001,74.86,73.52,74.4,151100
2024-10-07,73.97,74.23,72.46,73.28,247400
2024-10-08,73.089996,74.52,72.73,74.45,220100
2024-10-09,74.27,75.050003,73.85,74.8,194200
2024-10-10,73.94,74.7,73.76,74.11,191000
2024-10-11,74.07,76.0,74.07,75.63,182900
2024-10-14,75.82,76.9,75.76,76.22,180400
2024-10-15,76.3,77.54,75.040001,75.14,201000
2024-10-16,75.71,76.0,74.37,74.62,439900
2024-10-17,75.24,75.58,74.29,75.35,214300
2024-10-18,75.59,76.19,75.099998,75.59,206600
2024-10-21,75.25,75.46,73.77,74.76,188000
2024-10-22,74.15,75.16,74.010002,74.63,172800
2024-10-23,74.55,75.3,73.68,74.76,294400
2024-10-24,75.19,76.27,74.94,75.92,280400
2024-10-25,76.33,77.65,76.19,76.82,299000
2024-10-28,77.059998,79.45,76.99,79.27,643500
2024-10-29,81.65,88.5,81.65,85.050003,466200
2024-10-30,83.7,85.52,82.94,83.31,336200
2024-10-31,83.099998,83.2,80.11,80.96,386300
2024-11-01,81.25,83.6,81.25,82.29,350600
2024-11-04,82.099998,82.88,80.51,80.57,222400
2024-11-05,80.080002,81.65,79.76,81.63,183900
2024-11-06,85.84,86.42,85.19,85.6,204000
2024-11-07,85.74,86.58,85.21,85.75,176000
2024-11-08,85.35,85.59,83.82,83.86,200800
2024-11-11,84.6,84.6,81.74,81.93,135000
2024-11-12,81.31,81.41,78.27,78.33,202000
2024-11-13,78.24,78.88,76.34,76.39,224100
2024-11-14,76.82,76.82,74.81,75.059998,504800
2024-11-15,75.089996,75.23,73.35,73.45,173600
2024-11-18,73.41,74.24,72.78,72.99,163900
2024-11-19,72.45,73.31,71.67,72.74,150100
2024-11-20,72.35,73.57,71.37,73.52,254100
2024-11-21,73.99,75.6,73.19,74.81,193000
2024-11-22,75.37,78.050003,75.15,77.79,218200
2024-11-25,78.82,81.47,78.39,78.92,405400
2024-11-26,78.27,78.28,76.84,77.12,410000
2024-11-27,77.3,78.53,75.39,77.3,180800
2024-11-29,77.63,78.68,77.040001,78.040001,118000
2024-12-02,77.98,80.33,77.32,79.71,219900
2024-12-03,79.26,79.68,77.4,77.81,219600
2024-12-04,77.13,77.92,75.24,75.36,179300
2024-12-05,75.65,76.19,73.75,75.19,242500
2024-12-06,75.74,77.31,75.74,76.67,176600
2024-12-09,77.12,82.19,75.07,81.31,306500
2024-12-10,81.050003,81.15,78.27,78.53,229900
2024-12-11,79.55,79.55,77.07,77.73,211900
2024-12-12,77.2,79.0,77.19,78.12,222200
2024-12-13,78.080002,78.080002,76.85,77.63,222900
2024-12-16,77.22,79.62,76.44,78.19,294500
2024-12-17,77.79,78.55,75.96,76.34,235200
2024-12-18,77.029999,78.49,73.32,74.010002,272200
2024-12-19,74.59,75.35,72.81,74.45,345600
2024-12-20,74.040001,76.0,73.42,73.84,1561500
2024-12-23,74.16,77.059998,74.059998,74.84,260300
2024-12-24,74.64,76.47,74.010002,76.33,124700
2024-12-26,75.62,76.91,74.91,76.41,399900
2024-12-27,76.22,76.35,73.059998,73.42,163400
2024-12-30,72.8,72.93,71.089996,72.25,213400
2024-12-31,72.67,73.22,71.56,72.72,162400
2025-01-02,73.15,74.14,72.15,72.67,151700
2025-01-03,72.7,73.089996,71.94,72.76,312500
2025-01-06,73.16,77.089996,72.96,76.010002,564600
2025-01-07,76.76,76.9,74.16,74.81,249600
2025-01-08,73.98,74.31,72.58,73.93,191300
2025-01-10,72.69,72.69,71.41,72.2,136200
2025-01-13,71.55,72.68,71.11,72.31,168600
2025-01-14,72.41,73.45,72.21,72.88,158400
2025-01-15,74.47,75.099998,72.63,73.47,178400
2025-01-16,73.54,74.11,72.73,72.8,205400
2025-01-17,74.19,74.78,73.21,74.4,172900
2025-01-21,74.92,77.16,74.45,76.9,156300
2025-01-22,77.050003,78.32,77.0,77.8,156100
2025-01-23,76.96,77.12,75.59,77.07,156600
2025-01-24,76.42,76.48,73.68,74.059998,164100
2025-01-27,72.89,73.27,69.83,70.62,232600
2025-01-28,70.54,71.2,68.73,71.18,142600
2025-01-29,71.55,72.21,71.0,72.040001,127500
2025-01-30,73.17,73.87,72.059998,73.53,171900
2025-01-31,73.88,75.0,72.97,73.33,168500
2025-02-03,71.32,71.84,69.22,70.17,164800
2025-02-04,69.89,71.13,69.71,70.93,134800
2025-02-05,71.15,71.85,70.77,71.72,125900
2025-02-06,72.11,72.23,69.97,70.82,184300
2025-02-07,71.089996,71.14,68.19,68.91,206800
2025-02-10,69.51,70.53,67.17,67.4,607200
2025-02-11,69.77,72.19,61.64,63.72,724100
2025-02-12,61.85,63.39,60.72,62.97,382500
2025-02-13,63.86,64.43,61.39,62.88,292200
2025-02-14,63.27,63.62,62.66,63.53,271300
2025-02-18,63.24,64.25,62.66,63.98,270000
2025-02-19,63.32,65.88,62.77,64.83,270500
2025-02-20,65.18,65.45,63.96,64.6,162300
2025-02-21,64.7,64.7,62.43,63.17,184600
2025-02-24,63.44,63.66,62.24,62.89,248000
2025-02-25,62.88,62.96,60.02,60.44,284700
2025-02-26,60.71,60.8,59.47,59.58,312300
2025-02-27,59.25,59.5,57.76,57.86,329500
2025-02-28,57.84,58.48,56.71,58.19,479300
2025-03-03,58.75,58.79,57.42,58.27,637700
2025-03-04,57.53,62.88,57.39,60.37,970600
2025-03-05,60.45,63.51,59.76,63.42,652400
2025-03-06,62.38,64.07,62.060001,62.58,1012100
2025-03-07,62.55,65.46,61.82,63.040001,1010800
2025-03-10,61.32,63.39,60.92,61.51,488400
2025-03-11,61.95,61.95,57.51,58.78,476800
2025-03-12,59.52,60.16,58.57,59.73,371400
2025-03-13,59.7,60.94,58.74,59.51,369500
2025-03-14,60.47,62.36,59.78,62.25,328300
2025-03-17,61.68,64.010002,61.58,63.32,282300
2025-03-18,63.37,66.35,62.69,66.099998,388400
2025-03-19,65.91,67.27,64.050003,66.26,327400
2025-03-20,65.49,66.86,65.0,65.35,294800
2025-03-21,63.98,65.49,63.63,64.059998,795700
2025-03-24,65.23,68.13,65.23,67.62,373500
2025-03-25,66.23,68.019997,66.059998,66.41,348900
2025-03-26,66.45,67.13,65.0,66.61,492500
2025-03-27,65.72,66.25,64.07,65.69,278300
2025-03-28,65.050003,65.75,64.040001,65.13,356200
2025-03-31,64.2,64.36,62.56,63.14,271600
2025-04-01,64.43,64.71,62.27,63.11,284800
2025-04-02,62.040001,63.77,61.66,63.48,178400
2025-04-03,60.0,60.44,54.95,55.09,274700
2025-04-04,52.15,53.049999,49.55,52.12,456900
2025-04-07,50.049999,55.18,48.88,52.040001,574100
2025-04-08,54.26,54.26,48.99,49.68,374900
2025-04-09,49.31,58.69,48.59,57.47,561200
2025-04-10,55.35,55.35,51.47,52.88,326000
2025-04-11,52.41,54.23,51.77,53.77,337300
2025-04-14,55.43,56.33,53.95,54.5,285900
2025-04-15,54.24,55.099998,52.85,53.4,302500
2025-04-16,52.34,52.95,50.12,51.83,336900
2025-04-17,52.19,53.33,51.94,53.3,392500
2025-04-21,52.35,53.35,51.060001,51.98,317900
2025-04-22,53.0,53.86,52.45,53.53,328300
2025-04-23,56.58,58.67,54.92,55.09,241400
2025-04-24,55.84,58.12,55.84,57.94,180100
2025-04-25,57.049999,58.42,56.73,58.15,215200
2025-04-28,58.07,60.39,57.89,58.85,321800
2025-04-29,58.21,59.44,57.8,59.19,250400
2025-04-30,57.77,60.15,57.25,59.89,331100
2025-05-01,60.6,62.27,60.53,61.8,286900
2025-05-02,62.74,64.58,62.47,63.8,197100
2025-05-05,62.88,64.21,62.33,63.13,413300
2025-05-06,56.65,56.68,51.77,54.91,890600
2025-05-07,54.74,58.23,53.98,57.88,832700
2025-05-08,59.19,60.18,58.09,58.73,403500
2025-05-09,59.040001,60.76,59.040001,60.15,323400
2025-05-12,64.099998,65.080002,63.35,64.81,264700
2025-05-13,65.050003,65.76,64.64,65.59,228600
2025-05-14,65.65,66.0,64.84,65.35,216600
2025-05-15,65.2,65.55,64.2,65.4,192900
2025-05-16,65.18,66.55,64.69,66.49,275800
2025-05-19,64.92,65.67,64.4,65.51,285700
2025-05-20,65.019997,66.65,65.019997,66.49,198500
2025-05-21,65.93,66.18,63.97,65.45,525700
2025-05-22,64.74,65.76,63.94,65.49,392300
2025-05-23,63.54,64.84,63.33,64.6,318500
2025-05-27,66.19,67.12,65.14,66.96,255800
2025-05-28,66.99,67.14,65.95,66.78,326700
2025-05-29,67.64,68.26,65.94,67.040001,351400
2025-05-30,66.21,66.55,64.93,66.26,556800
2025-06-02,66.12,66.78,65.91,66.46,321400
2025-06-03,66.51,69.19,65.44,68.97,203400
2025-06-04,69.63,69.72,68.099998,68.23,210500
2025-06-05,68.34,69.42,67.73,68.44,200600
2025-06-06,69.6,70.49,68.69,68.94,284000
2025-06-09,69.74,70.75,69.07,69.26,280600
2025-06-10,69.72,69.72,68.029999,68.11,192000
2025-06-11,68.77,68.77,67.22,67.97,190900
2025-06-12,67.18,68.67,67.18,68.19,152000
2025-06-13,66.85,67.31,65.57,65.91,161300
2025-06-16,66.99,68.35,66.6,68.099998,182300
2025-06-17,67.2,68.45,66.77,66.81,202000
2025-06-18,66.76,67.68,66.55,66.74,239900
2025-06-20,67.63,67.63,65.25,66.010002,673300
2025-06-23,65.74,67.6,65.64,67.43,200500
2025-06-24,68.2,69.080002,67.27,68.48,196700
2025-06-25,68.87,68.87,66.7,67.79,259600
2025-06-26,68.36,68.94,67.83,68.84,156600
2025-06-27,69.13,69.37,67.44,68.52,323600
2025-06-30,69.12,69.26,67.45,68.65,158800
2025-07-01,67.85,71.94,66.82,71.050003,387100
2025-07-02,70.96,73.42,69.029999,73.38,191400
2025-07-03,73.88,74.4,73.56,73.63,139300
2025-07-07,72.69,73.25,71.019997,71.35,172300
2025-07-08,71.7,74.010002,71.7,73.0,294600
2025-07-09,73.86,74.4,72.0,73.83,167100
2025-07-10,74.14,75.47,73.82,75.040001,183500
2025-07-11,74.27,74.66,73.46,74.15,168500
2025-07-14,73.66,74.4,72.96,74.21,180600
2025-07-15,75.0,75.040001,73.11,73.33,185300
2025-07-16,73.65,73.67,71.59,73.63,156600
2025-07-17,73.8,74.79,73.46,74.44,219600
2025-07-18,75.11,75.56,74.089996,74.63,183700
2025-07-21,75.099998,75.6,74.080002,74.43,157400
2025-07-22,74.28,75.63,72.8,75.46,203900
2025-07-23,76.21,77.46,76.029999,76.88,173500
2025-07-24,76.52,76.52,75.14,75.6,151500
2025-07-25,76.080002,78.33,75.52,78.029999,234400
2025-07-28,78.55,79.94,78.26,79.61,245300
2025-07-29,80.39,81.089996,78.37,78.64,257900
2025-07-30,78.71,79.080002,75.88,77.040001,197800
2025-07-31,76.82,77.74,74.59,74.89,253100
2025-08-01,73.019997,75.57,71.78,75.22,216700
2025-08-04,76.18,77.8,75.54,77.46,253000
2025-08-05,81.0,84.42,74.46,74.63,417500
2025-08-06,74.63,74.63,71.35,72.14,268200
2025-08-07,74.53,75.42,72.75,74.73,332400
2025-08-08,75.27,76.61,74.68,75.26,254600
2025-08-11,75.27,76.15,74.83,75.46,297000
2025-08-12,76.13,78.53,75.65,78.26,156400
2025-08-13,78.7,80.49,78.44,80.34,225100
2025-08-14,78.93,79.8,78.019997,79.46,187800
2025-08-15,79.34,79.87,78.41,78.67,167700
2025-08-18,78.68,79.18,78.010002,78.87,181100
2025-08-19,78.84,78.92,76.63,77.07,145500
2025-08-20,76.77,76.77,74.36,75.72,182800
2025-08-21,74.95,78.69,74.73,78.62,285300
2025-08-22,79.32,83.17,79.32,82.16,198900
2025-08-25,81.78,82.76,81.0,81.71,161500
2025-08-26,81.68,83.33,81.68,83.15,336500
2025-08-27,82.79,83.72,81.9,83.63,182000
2025-08-28,84.0,85.29,83.19,84.98,315400
2025-08-29,84.49,85.0,81.43,81.82,211300
2025-09-02,79.56,80.35,78.5,80.17,271300
2025-09-03,80.3,81.35,79.72,81.12,255300
2025-09-04,81.12,83.26,80.57,82.34,252000
2025-09-05,83.13,84.31,82.43,84.27,213000
2025-09-08,84.47,84.5,81.96,82.88,255100
2025-09-09,82.63,82.63,81.21,81.93,192400
2025-09-10,81.94,83.2,81.5,81.58,176500
2025-09-11,81.86,83.35,81.4,82.6,140300
2025-09-12,82.59,82.59,79.87,79.94,236100
2025-09-15,80.24,81.36,80.010002,80.34,344200
2025-09-16,80.34,82.11,79.69,81.72,259700
2025-09-17,81.57,82.84,80.36,81.019997,187700
2025-09-18,82.64,83.17,81.55,82.68,216700
2025-09-19,82.91,82.91,80.080002,81.4,800400
2025-09-22,80.95,82.52,80.12,81.36,271100
2025-09-23,81.76,83.2,81.26,81.81,233500
2025-09-24,81.81,82.040001,79.050003,79.24,175100
2025-09-25,78.26,79.6,76.49,79.28,279700
2025-09-26,79.57,80.63,78.24,80.45,172000
2025-09-29,81.59,81.59,78.75,78.87,161800
2025-09-30,78.87,79.45,77.96,79.19,126600
2025-10-01,79.13,80.080002,78.029999,79.52,174100
2025-10-02,80.099998,81.32,79.11,81.25,175600
2025-10-03,82.010002,84.72,81.099998,84.66,322000
2025-10-06,84.95,88.79,84.16,88.19,277800
2025-10-07,89.2,90.3,82.74,85.12,317400
2025-10-08,85.12,88.23,84.82,87.77,181300
2025-10-09,87.78,88.0,85.17,86.67,163900
2025-10-10,86.97,90.0,80.099998,80.68,299900
2025-10-13,83.019997,84.38,81.41,83.22,252300
2025-10-14,81.74,84.28,80.28,83.2,172000
2025-10-15,84.99,86.45,83.48,86.22,174200
2025-10-16,87.27,87.4,85.44,86.42,137500
2025-10-17,86.0,86.18,84.099998,84.81,156800
2025-10-20,85.7,88.89,85.67,87.2,243500
2025-10-21,87.2,88.36,86.63,88.059998,186600
2025-10-22,86.92,87.8,84.52,85.42,195200
2025-10-23,85.16,87.24,84.62,86.66,137900
2025-10-24,87.97,88.8,86.51,86.62,111800
2025-10-27,87.24,88.32,86.7,87.12,199200
2025-10-28,87.040001,87.85,85.43,87.010002,177400
2025-10-29,87.31,88.3,84.38,86.37,246500
2025-10-30,85.52,86.66,83.8,84.11,176200
2025-10-31,84.34,85.96,81.76,85.12,248700
2025-11-03,84.93,86.27,83.2,85.9,310900
2025-11-04,83.43,86.95,80.4,84.0,370100
2025-11-05,90.0,90.92,87.089996,88.95,472700
2025-11-06,89.94,92.21,88.65,89.75,362700
2025-11-07,88.81,89.080002,85.68,87.94,273800
2025-11-10,89.72,90.2,86.5,86.57,238300
2025-11-11,86.31,87.14,85.2,86.5,223400
2025-11-12,86.9,87.78,84.98,85.16,153500
2025-11-13,84.93,85.15,81.29,81.67,394600
2025-11-14,79.44,81.49,79.2,79.69,217500
2025-11-17,79.059998,79.65,76.15,76.5,257600
2025-11-18,75.64,77.050003,74.9,75.79,279400
2025-11-19,75.69,77.14,75.57,75.84,221300
2025-11-20,77.059998,78.19,71.97,72.46,283300
2025-11-21,72.65,75.69,72.050003,74.96,296300
2025-11-24,75.28,77.040001,74.84,76.59,324100
2025-11-25,76.6,78.089996,76.019997,77.61,366100
2025-11-26,77.5,79.57,76.58,78.51,205100
2025-11-28,78.93,79.88,78.38,79.64,95900
2025-12-01,78.56,80.0,78.56,79.38,227200
2025-12-02,79.78,81.91,79.46,81.36,208300
2025-12-03,81.47,82.62,80.84,82.6,172100
2025-12-04,82.6,84.0,81.0,82.86,164000
2025-12-05,82.86,83.65,81.91,81.92,220700
2025-12-08,82.52,84.78,81.0,81.45,229500
2025-12-09,81.080002,85.31,81.080002,84.4,382000
2025-12-10,84.58,85.8,83.95,85.49,231600
2025-12-11,84.9,85.089996,82.2,82.5,224200
2025-12-12,82.65,82.65,77.07,77.12,236100
2025-12-15,78.17,78.64,77.029999,77.78,374700
2025-12-16,77.78,78.9,75.93,77.019997,374200
2025-12-17,77.019997,78.18,74.42,74.77,268200
2025-12-18,76.36,76.78,74.69,75.17,370700
2025-12-19,75.27,76.72,75.23,75.86,783000
2025-12-22,76.43,76.7,74.68,75.2,322700
2025-12-23,75.15,75.88,73.89,74.51,227300
2025-12-24,74.55,75.3,74.0,74.69,116300
2025-12-26,74.92,75.75,74.25,75.18,253600
2025-12-29,74.59,75.57,72.39,72.92,293600
2025-12-30,72.91,73.5,72.050003,72.83,238500
2025-12-31,72.83,73.38,71.38,71.6,214200
2026-01-02,72.87,75.63,72.6,74.84,427700
2026-01-05,75.51,77.25,75.17,76.85,464900
2026-01-06,77.14,80.029999,77.14,79.47,437300
2026-01-07,79.51,79.99,76.32,76.67,215300
2026-01-08,76.010002,76.29,74.41,75.75,264500
2026-01-09,76.44,77.089996,74.11,76.14,366500
2026-01-12,76.089996,76.79,75.5,76.12,216700
2026-01-13,76.6,78.0,76.21,76.77,277900
2026-01-14,77.25,78.9,76.31,77.54,276800
2026-01-15,78.9,81.44,78.9,80.029999,306200
2026-01-16,80.089996,81.94,78.86,81.75,388900
2026-01-20,79.61,81.57,78.65,78.76,316100
2026-01-21,80.29,85.79,79.68,85.45,403000
2026-01-22,86.96,87.97,84.53,86.51,364300
2026-01-23,86.24,88.38,84.88,86.44,494100
2026-01-26,86.35,88.059998,85.82,87.97,420400
2026-01-27,88.56,90.97,87.97,90.63,325500
2026-01-28,90.66,93.18,89.93,92.44,435900
2026-01-29,92.83,94.47,89.5,92.77,525500
2026-01-30,92.25,94.92,91.55,92.41,644100
2026-02-02,91.11,95.76,90.99,94.55,1150500
2026-02-03,96.089996,102.059998,95.25,98.92,712900
2026-02-04,99.84,103.27,96.5,99.89,768200
2026-02-05,97.63,100.6,96.0,99.3,426200
2026-02-06,101.26,110.0,101.26,109.61,529100
2026-02-09,109.059998,112.23,108.75,111.34,476400
2026-02-10,111.52,114.65,109.58,110.68,575000
2026-02-11,113.080002,115.0,108.27,110.9,865100
2026-02-12,116.7,154.21001,115.87,150.25,2484400
2026-02-13,147.57001,155.82001,139.10001,153.91,1334600
2026-02-17,150.0099945,150.10001,124.44,134.86,1467500
2026-02-18,134.64999,140.25999,132.0,138.28,599000
2026-02-19,137.89999,138.0,128.37,130.029999,653100
2026-02-20,128.49001,133.77,126.86,133.62,417800
2026-02-23,132.50999,135.050003,130.61,134.58,456500
2026-02-24,135.41,142.020004,131.14,131.7,844600
2026-02-25,133.85001,141.42999,130.12,138.85001,420400
2026-02-26,138.16,138.83,124.71,129.47,743700
2026-02-27,128.24001,131.64,123.7,131.57001,555600
2026-03-02,130.47,135.35001,129.2,135.14,526500
2026-03-03,127.97,136.28999,123.9,131.67,745700
2026-03-04,131.96001,133.029999,126.67,129.27,439100
2026-03-05,126.8,132.49001,125.019997,126.77,470100
2026-03-06,122.019997,127.019997,120.33,120.7,362500
2026-03-09,119.39,122.35,116.73,121.89,277400
2026-03-10,121.37,123.15,114.95,116.47,1035900
2026-03-11,116.61,120.68,114.27,120.53,441700
2026-03-12,117.46,118.24,105.84,109.62,1040300
2026-03-13,110.76,115.61,109.88,110.95,316200
2026-03-16,112.86,117.79,112.86,114.68,373100
2026-03-17,115.099998,116.84,112.49,115.5,339800
2026-03-18,115.85,120.15,114.18,116.61,403500
2026-03-19,113.85,123.46,112.0,122.78,417800
2026-03-20,122.17,122.78,114.59,115.36,744200
2026-03-23,117.83,121.3,117.37,119.15,488200
2026-03-24,117.53,127.0,116.0,125.7,374700
2026-03-25,129.63,131.2,125.63,127.010002,405800
2026-03-26,122.76,124.39,118.32,118.7,339500
2026-03-27,117.63,120.3,114.29,115.7,307500
2026-03-30,117.58,118.65,106.26,107.69,258100
2026-03-31,109.32,114.74,109.32,114.59,274100
2026-04-01,116.66,118.87,115.050003,115.49,316100
2026-04-02,112.11,117.14,111.14,113.94,261200
2026-04-06,114.29,117.18,108.49,110.4,399100
2026-04-07,109.65,113.37,108.75,113.11,314200
2026-04-08,120.12,122.95,118.93,120.29,346100
2026-04-09,120.81,126.010002,120.58,124.38,461000
2026-04-10,125.81,128.14999,123.0,127.32,287600
2026-04-13,126.97,129.14999,125.75,127.32,299900
2026-04-14,129.14999,129.14999,122.31,124.65,374900
2026-04-15,123.82,125.8,120.43,121.32,352800
2026-04-16,121.019997,122.54,117.72,120.71,497200
2026-04-17,123.099998,128.63,122.39,125.019997,467200
2026-04-20,124.62,126.93,123.0,125.88,348700
2026-04-21,126.73,129.82001,123.49,123.86,309500
2026-04-22,126.54,130.0,120.18,124.51,446400
2026-04-23,124.77,127.5,121.63,123.56,388600
2026-04-24,125.78,130.0099945,122.010002,124.55,945000
2026-04-27,125.55,125.55,111.7,116.67,533300
2026-04-28,111.44,115.65,110.11,112.36,420700
2026-04-29,113.16,115.26,112.13,113.26,331100
2026-04-30,115.47,120.44,114.8,118.92,388600
2026-05-01,118.18,123.080002,116.48,122.87,473100
2026-05-04,124.22,126.95,120.74,122.33,778900
2026-05-05,92.7,97.17,86.0,90.84,3091300
2026-05-06,92.53,102.2,92.52,101.94,1123200
2026-05-07,102.25,104.23,98.0,101.53,896200
2026-05-08,105.0,106.27,102.92,104.49,441000
2026-05-11,104.49,106.44,102.0,103.48,464600
2026-05-12,101.84,103.089996,98.010002,102.61,398100
2026-05-13,104.76,109.0,102.9,106.6,382900
2026-05-14,106.7,107.81,104.27,105.099998,428500
2026-05-15,102.32,103.080002,99.52,102.76,390000
2026-05-18,104.019997,106.66,101.54,106.35,600000
2026-05-19,105.84,113.78,103.78,113.33,627900
2026-05-20,114.9,124.0,114.9,120.91,850900
2026-05-21,120.059998,122.86,119.0,120.52,585300
2026-05-22,121.75,122.56,117.79,119.0,498500
2026-05-26,121.5,121.6,117.15,119.82,577100
2026-05-27,120.71,121.56,115.059998,116.99,331500
2026-05-28,117.72,120.63,116.19,117.35,331200
2026-05-29,117.96,119.19,112.46,114.52,553500
2026-06-01,114.080002,117.39,111.99,115.16,597900
2026-06-02,117.2,123.3,115.77,121.96,1051200
2026-06-03,127.27,135.0,120.88,121.62,1409800
2026-06-04,117.56,126.43,115.41,122.51,736500
2026-06-05,118.17,118.17,106.26,107.37,430100
2026-06-08,110.82,112.8,108.29,111.27,316600
2026-06-09,114.52,115.57,100.57,106.37,476400
2026-06-10,104.74,109.0,101.45,104.07,391100
2026-06-11,107.39,111.67,106.45,111.19,329700
2026-06-12,111.23,115.97,109.29,114.65,236900
2026-06-15,118.48,120.68,117.43,120.010002,388800
2026-06-16,120.6,121.73,114.98,115.28,335700
2026-06-17,117.089996,118.68,112.74,113.64,274900
2026-06-18,118.47,119.19,114.17,118.010002,756800
2026-06-22,119.9,120.0,116.35,118.0,274500
2026-06-23,111.029999,112.84,107.27,107.65,304500
2026-06-24,108.11,109.99,105.49,107.72,306700
2026-06-25,111.54,112.25,107.07,110.23,362600
2026-06-26,106.71,108.54,104.75,107.19,719100
2026-06-29,107.07,111.16,99.55,110.89,784500
2026-06-30,111.14,119.85,111.14,117.32,417100
2026-07-01,113.27,116.42,111.029999,114.41,278700
2026-07-02,114.98,115.16,104.66,105.27,275900
2026-07-06,107.29,109.8,103.91,104.7,321300
2026-07-07,99.97,101.28,94.66,96.6,467900
2026-07-08,95.86,102.5,95.12,102.28,387900
2026-07-09,107.4,109.22,104.49,108.029999,462300
2026-07-10,106.88,109.3,106.51,107.73,303400
2026-07-13,105.45,106.88,104.26,104.73,256900
2026-07-14,107.97,109.33,104.72,106.48,269700
2026-07-15,109.15,109.15,103.64,107.91,303100
2026-07-16,104.25,105.48,102.63,103.36,334100
2026-07-17,101.32,105.75,97.15,104.33,431700
2026-07-20,105.0,105.87,97.32,97.9,338200
2026-07-21,102.33,103.68,99.47,102.79,334400
2026-07-22,100.21,103.39,97.8,97.84,279276
