DateTime,Open,High,Low,Close,Volume
2015-01-02,62.18,62.96,62.07,62.49,12600000
2015-01-05,62.060001,62.28,60.23,60.55,20100600
2015-01-06,60.64,60.75,58.35,58.98,29074100
2015-01-07,59.89,59.89,58.67,59.07,23843200
2015-01-08,59.97,60.9,59.97,60.39,16971100
2015-01-09,60.72,60.79,59.29,59.34,15396200
2015-01-12,59.28,59.4,58.27,58.83,15455200
2015-01-13,59.26,59.7,58.37,58.84,21644700
2015-01-14,58.84,58.84,55.27,56.81,49602300
2015-01-15,55.73,56.61,54.5,54.99,42458100
2015-01-16,54.66,56.0,54.64,55.93,29368900
2015-01-20,56.040001,56.39,55.42,55.71,23477700
2015-01-21,55.45,56.42,55.19,55.89,21842400
2015-01-22,56.38,57.73,55.96,57.59,31423500
2015-01-23,57.72,57.87,56.66,56.68,15458300
2015-01-26,56.41,56.99,56.2,56.77,12577700
2015-01-27,56.049999,56.61,55.76,56.2,15220500
2015-01-28,56.62,56.68,54.75,54.75,24354400
2015-01-29,55.27,55.89,54.68,55.67,20393300
2015-01-30,54.99,55.5,54.37,54.38,26943700
2015-02-02,54.53,55.65,54.27,55.47,20308900
2015-02-03,55.91,56.78,55.87,56.72,18812500
2015-02-04,56.32,57.07,56.28,56.38,14934100
2015-02-05,56.86,57.040001,56.46,56.77,11293900
2015-02-06,57.75,58.73,57.54,57.89,25214000
2015-02-09,57.42,58.099998,57.23,57.82,14372400
2015-02-10,58.42,58.71,58.049999,58.46,16367300
2015-02-11,58.060001,58.66,57.84,58.37,13061900
2015-02-12,58.93,59.71,58.55,59.57,23211300
2015-02-13,59.46,60.22,59.34,59.67,16479100
2015-02-17,59.36,60.14,59.32,60.099998,15308800
2015-02-18,60.099998,60.099998,59.12,59.37,14278100
2015-02-19,59.15,59.48,58.8,59.23,11256500
2015-02-20,58.96,59.89,58.35,59.8,15379000
2015-02-23,59.5,59.53,58.8,59.35,16814000
2015-02-24,60.25,61.25,60.080002,60.82,22937700
2015-02-25,60.76,61.27,60.75,61.14,18307900
2015-02-26,61.029999,61.7,60.91,61.58,15444800
2015-02-27,61.13,61.92,61.13,61.28,15225900
2015-03-02,61.28,61.83,61.029999,61.77,13047300
2015-03-03,61.65,61.99,61.5,61.97,13706900
2015-03-04,61.64,62.17,61.35,62.13,16625500
2015-03-05,62.2,62.23,61.6,62.0,10931300
2015-03-06,62.16,62.87,60.8,60.89,22719200
2015-03-09,60.84,61.63,60.8,61.5,13001500
2015-03-10,60.76,61.0099983,59.96,59.96,16357700
2015-03-11,60.13,60.65,59.96,60.24,13015600
2015-03-12,60.65,61.45,60.65,61.37,18159600
2015-03-13,61.4,61.86,60.43,61.0,16506200
2015-03-16,61.5,61.92,61.25,61.85,15182900
2015-03-17,61.34,61.66,60.92,61.61,11718300
2015-03-18,61.39,62.049999,61.09,61.75,15697900
2015-03-19,61.57,61.65,60.76,61.2,11523800
2015-03-20,61.32,62.099998,61.15,61.75,18368300
2015-03-23,61.75,62.080002,61.12,61.14,15112900
2015-03-24,60.97,61.24,60.45,60.46,12128700
2015-03-25,60.53,60.64,59.59,59.61,14950900
2015-03-26,59.46,59.79,58.87,59.54,14039600
2015-03-27,59.49,59.78,59.0,59.55,11755800
2015-03-30,60.88,61.46,60.61,60.96,20656500
2015-03-31,60.72,60.94,60.42,60.58,17346700
2015-04-01,60.41,60.57,59.73,59.95,18100600
2015-04-02,60.07,60.7,60.0,60.52,12697800
2015-04-06,59.92,60.75,59.65,60.47,12025200
2015-04-07,61.15,61.5,60.85,60.85,11505500
2015-04-08,61.060001,61.56,60.94,61.049999,11734000
2015-04-09,61.27,61.58,60.83,61.47,11728500
2015-04-10,61.35,61.78,61.2,61.7,9869700
2015-04-13,61.64,62.27,61.5,62.07,15468700
2015-04-14,62.96,63.61,62.74,63.040001,33775400
2015-04-15,63.080002,64.48,63.0099983,64.21,28732200
2015-04-16,64.080002,64.27,63.66,63.81,16640500
2015-04-17,63.25,63.4,62.49,62.84,20221200
2015-04-20,63.22,63.52,63.14,63.24,12755300
2015-04-21,63.33,63.6,62.13,62.31,14985100
2015-04-22,62.65,63.15,62.029999,62.94,14484700
2015-04-23,62.79,63.21,62.6,62.8,12851300
2015-04-24,62.63,62.84,62.34,62.6,9597500
2015-04-27,62.7,63.15,62.31,62.34,11146400
2015-04-28,62.49,62.78,61.77,62.76,12307800
2015-04-29,62.56,63.89,62.46,63.6,17601200
2015-04-30,63.58,63.88,62.92,63.26,16840900
2015-05-01,63.7,63.87,63.33,63.61,11640100
2015-05-04,63.68,64.87,63.64,64.72,14972500
2015-05-05,64.51,65.32,64.29,64.4,17692400
2015-05-06,64.53,65.07,63.42,63.92,18087900
2015-05-07,63.67,64.6,63.25,64.5,15039900
2015-05-08,64.97,65.65,64.6,65.49,16802600
2015-05-11,65.26,65.64,65.080002,65.45,13798800
2015-05-12,65.31,65.54,64.76,65.36,12762200
2015-05-13,65.42,65.63,65.059998,65.52,11874100
2015-05-14,65.83,66.18,65.71,66.050003,11855500
2015-05-15,66.13,66.16,65.44,65.88,11152100
2015-05-18,65.8,66.54,65.8,66.42,10510900
2015-05-19,66.77,67.19,66.57,67.010002,14282700
2015-05-20,66.95,67.029999,66.4,66.48,12446000
2015-05-21,66.14,66.68,66.010002,66.65,12934500
2015-05-22,66.63,66.83,66.32,66.47,9296900
2015-05-26,66.2,66.29,65.31,65.73,15571300
2015-05-27,65.95,66.65,65.82,66.47,10963700
2015-05-28,66.36,66.4,65.74,66.2,11797400
2015-05-29,66.18,66.22,65.36,65.78,14310700
2015-06-01,65.99,66.66,65.97,66.080002,11899300
2015-06-02,65.83,66.39,65.58,66.019997,12784200
2015-06-03,66.43,67.13,66.27,66.7,12927300
2015-06-04,66.31,67.050003,66.010002,66.33,13863300
2015-06-05,67.37,67.84,67.010002,67.42,20801100
2015-06-08,67.46,67.55,66.81,66.89,14558700
2015-06-09,66.95,67.27,66.47,67.18,13263500
2015-06-10,67.59,68.5,67.47,68.26,17478900
2015-06-11,68.36,68.68,68.15,68.52,13739900
2015-06-12,68.31,68.54,67.87,68.25,11804700
2015-06-15,67.58,68.21,67.3,67.99,14082300
2015-06-16,67.77,68.52,67.62,68.37,11692800
2015-06-17,68.41,68.68,68.040001,68.14,14521900
2015-06-18,68.35,68.82,67.9,68.78,16759600
2015-06-19,68.46,68.67,67.92,68.080002,21606400
2015-06-22,68.87,69.29,68.75,68.96,14306700
2015-06-23,69.35,69.82,69.19,69.75,15736900
2015-06-24,69.51,69.77,68.91,69.019997,16995000
2015-06-25,69.32,69.47,68.64,68.65,13314300
2015-06-26,68.94,69.29,68.77,68.95,14489200
2015-06-29,67.68,68.26,67.16,67.2,19934400
2015-06-30,67.89,68.11,67.16,67.76,20677400
2015-07-01,68.12,68.39,67.78,68.07,13964400
2015-07-02,67.95,68.13,67.19,67.52,12822900
2015-07-06,66.88,67.46,66.54,67.33,13527100
2015-07-07,67.089996,67.22,65.3,66.8,22421500
2015-07-08,66.0,66.16,65.21,65.43,17707200
2015-07-09,66.49,66.7,65.99,66.11,14984700
2015-07-10,67.22,67.4,66.83,67.050003,12356100
2015-07-13,67.89,68.14,67.68,68.089996,16175600
2015-07-14,67.98,69.099998,67.76,69.040001,20185100
2015-07-15,69.23,69.43,68.85,69.19,16891600
2015-07-16,69.63,69.95,69.41,69.56,18035700
2015-07-17,69.35,69.49,68.92,69.21,14040700
2015-07-20,69.5,69.77,69.18,69.26,11512900
2015-07-21,69.16,69.54,68.87,69.099998,11659900
2015-07-22,69.28,70.29,69.2,70.080002,15493000
2015-07-23,70.19,70.61,69.46,69.64,14331800
2015-07-24,69.44,69.56,68.68,68.91,12413900
2015-07-27,68.15,68.22,67.57,68.010002,16801600
2015-07-28,68.55,68.6,67.77,68.050003,14932400
2015-07-29,68.32,69.099998,68.16,68.94,13059200
2015-07-30,68.93,69.45,68.54,69.040001,10197200
2015-07-31,69.010002,69.040001,68.4,68.53,11911800
2015-08-03,68.59,68.84,68.0,68.53,9980600
2015-08-04,68.47,68.95,68.31,68.46,10964000
2015-08-05,69.050003,69.42,68.56,68.73,11302900
2015-08-06,68.75,68.94,68.0,68.25,10803400
2015-08-07,68.33,68.74,67.55,68.050003,11453300
2015-08-10,68.22,69.010002,68.22,68.89,12661400
2015-08-11,68.23,68.4,67.85,68.23,14800300
2015-08-12,67.41,67.55,66.07,67.24,21069000
2015-08-13,67.25,67.8,66.97,67.55,11930600
2015-08-14,67.42,67.91,67.4,67.89,11248800
2015-08-17,67.62,68.24,67.4,68.07,10326500
2015-08-18,67.98,68.36,67.84,68.21,10617500
2015-08-19,67.93,68.31,67.36,67.6,15198200
2015-08-20,66.81,67.040001,65.94,65.94,20972300
2015-08-21,65.089996,65.44,63.57,63.6,28235500
2015-08-24,59.29,62.92,50.07,60.25,36339100
2015-08-25,63.099998,63.32,59.73,59.91,31772500
2015-08-26,61.8,62.98,60.55,62.91,33576800
2015-08-27,63.98,64.73,63.14,64.48,29045700
2015-08-28,64.29,64.46,63.6,64.13,16687300
2015-08-31,63.61,64.35,63.47,64.099998,14223400
2015-09-01,62.85,62.85,60.99,61.45,23637300
2015-09-02,62.62,62.91,61.54,62.57,17757900
2015-09-03,62.88,63.66,62.45,62.68,17065400
2015-09-04,61.8,61.92,60.75,61.5,20189000
2015-09-08,62.77,63.2,62.33,63.16,13385100
2015-09-09,63.94,64.34,62.0,62.18,13889500
2015-09-10,61.86,63.0,61.45,62.66,15751100
2015-09-11,62.38,62.66,61.99,62.56,12766700
2015-09-14,62.64,62.69,62.12,62.38,10202800
2015-09-15,62.76,63.89,62.51,63.58,14023500
2015-09-16,63.89,64.29,63.21,64.14,12235900
2015-09-17,64.14,64.64,62.39,62.65,21249200
2015-09-18,61.83,61.83,60.78,60.94,31008000
2015-09-21,61.52,61.91,61.080002,61.45,13136400
2015-09-22,60.6,61.09,60.42,60.91,14811900
2015-09-23,60.8,61.15,60.32,60.64,11712200
2015-09-24,60.0099983,60.38,59.46,60.22,17293400
2015-09-25,61.27,61.86,60.87,61.47,18384300
2015-09-28,60.92,61.0099983,59.69,59.98,17452200
2015-09-29,59.98,60.13,58.73,59.84,19334900
2015-09-30,60.7,61.0,60.11,60.97,18743800
2015-10-01,61.12,61.87,60.54,61.42,16863200
2015-10-02,59.59,60.86,58.53,60.81,20435100
2015-10-05,61.24,62.24,61.22,62.02,13471100
2015-10-06,62.11,62.36,61.62,62.049999,12134800
2015-10-07,62.55,63.029999,61.76,62.13,12773100
2015-10-08,61.85,62.25,61.43,62.13,13964600
2015-10-09,62.39,62.55,61.58,61.93,12112000
2015-10-12,61.84,62.0099983,61.4,61.72,10857400
2015-10-13,61.39,62.16,61.31,61.55,15621900
2015-10-14,60.76,60.97,59.54,59.99,28989400
2015-10-15,60.47,61.96,60.099998,61.89,18147900
2015-10-16,62.43,62.65,62.09,62.43,17456600
2015-10-19,62.0,62.77,61.91,62.22,14510400
2015-10-20,62.36,62.82,62.080002,62.52,11545100
2015-10-21,62.88,62.96,62.049999,62.060001,12113400
2015-10-22,62.42,63.58,62.42,63.19,15295700
2015-10-23,63.63,64.19,63.5,63.87,16985200
2015-10-26,63.84,63.99,63.41,63.9,13880200
2015-10-27,63.53,63.86,63.31,63.64,8831900
2015-10-28,63.7,65.74,63.69,65.5,17962000
2015-10-29,65.26,65.83,64.88,65.21,12753700
2015-10-30,65.3,65.34,64.13,64.25,15731400
2015-11-02,64.45,65.75,64.39,65.54,15253300
2015-11-03,65.29,66.099998,65.17,65.78,11519500
2015-11-04,66.010002,66.15,65.63,65.85,11388400
2015-11-05,65.79,66.67,65.75,66.44,12715900
2015-11-06,68.37,69.029999,68.099998,68.46,23262700
2015-11-09,68.7,68.72,67.080002,67.39,17143800
2015-11-10,67.19,67.85,66.93,67.68,13239700
2015-11-11,68.099998,68.17,67.25,67.35,8513900
2015-11-12,66.86,66.9,65.95,66.0,13576900
2015-11-13,65.84,66.17,65.23,65.56,11837000
2015-11-16,65.46,66.58,65.17,66.51,11041100
2015-11-17,66.67,66.74,65.89,66.13,12354800
2015-11-18,66.48,67.55,66.37,67.45,12911400
2015-11-19,67.58,67.82,67.040001,67.66,12839500
2015-11-20,67.99,68.11,67.38,67.54,11209600
2015-11-23,67.31,67.58,66.78,66.88,11339000
2015-11-24,66.17,67.14,66.040001,66.78,10910000
2015-11-25,66.93,67.12,66.55,66.86,7772000
2015-11-27,67.0,67.33,66.64,67.17,4052500
2015-11-30,67.28,67.52,66.68,66.68,15147500
2015-12-01,67.34,67.83,66.99,67.61,12708800
2015-12-02,67.83,67.88,66.48,66.66,13440900
2015-12-03,66.83,67.029999,65.58,65.8,14626900
2015-12-04,66.099998,68.0,66.029999,67.89,17786000
2015-12-07,67.66,67.75,66.4,67.0,11686000
2015-12-08,66.25,66.96,65.7,65.96,13084500
2015-12-09,65.61,66.58,65.040001,65.46,16770200
2015-12-10,65.54,66.5,65.080002,65.61,12839000
2015-12-11,64.8,65.16,63.51,64.07,17889300
2015-12-14,64.23,64.76,63.6,64.27,17638200
2015-12-15,65.07,66.65,65.07,66.099998,18126600
2015-12-16,66.91,67.74,65.91,67.53,21720000
2015-12-17,67.9,68.0,66.080002,66.28,18122100
2015-12-18,65.97,65.97,64.4,64.4,23819600
2015-12-21,65.019997,65.56,64.83,65.54,18869300
2015-12-22,65.92,66.0,64.98,65.68,12149500
2015-12-23,66.12,66.85,66.050003,66.73,12524500
2015-12-24,66.62,66.89,66.32,66.6,4468200
2015-12-28,66.29,66.45,65.71,66.38,6610600
2015-12-29,66.84,67.3,66.74,67.07,9820800
2015-12-30,67.040001,67.050003,66.45,66.59,7190700
2015-12-31,66.19,66.78,66.0,66.029999,14654300
2016-01-04,63.95,64.059998,63.0099983,63.62,25393200
2016-01-05,63.7,64.13,63.040001,63.73,16566700
2016-01-06,62.72,63.13,62.34,62.81,22961500
2016-01-07,61.46,62.0,60.080002,60.27,27630900
2016-01-08,61.13,61.27,58.85,58.92,22373300
2016-01-11,58.83,59.22,58.040001,58.83,20925500
2016-01-12,59.45,59.56,58.099998,58.96,22971600
2016-01-13,59.46,59.68,56.91,57.34,28808100
2016-01-14,58.16,59.38,57.29,58.2,31296300
2016-01-15,56.45,57.57,56.22,57.040001,38131700
2016-01-19,57.73,57.97,56.51,57.0099983,22818900
2016-01-20,55.63,56.18,54.66,55.51,34646100
2016-01-21,55.74,56.52,55.060001,55.25,31301100
2016-01-22,56.44,57.16,56.3,56.95,22732200
2016-01-25,56.48,56.85,55.6,55.66,21114400
2016-01-26,55.85,57.15,55.81,57.080002,17535700
2016-01-27,57.080002,58.27,56.56,57.040001,20560000
2016-01-28,57.52,57.97,56.63,57.28,15497900
2016-01-29,57.83,59.54,57.51,59.5,26992200
2016-02-01,59.16,59.65,58.44,58.86,16807900
2016-02-02,57.88,57.98,56.75,57.029999,22448200
2016-02-03,57.37,57.8,55.02,57.41,31543200
2016-02-04,57.060001,58.52,57.060001,58.4,21651300
2016-02-05,58.58,59.14,57.42,57.75,22001300
2016-02-08,56.69,56.92,55.54,56.54,28267600
2016-02-09,55.29,56.69,55.13,56.2,26300000
2016-02-10,56.57,57.41,55.47,55.52,22389600
2016-02-11,53.9,53.91,52.5,53.07,44334700
2016-02-12,55.65,57.57,55.17,57.49,37011400
2016-02-16,58.23,58.6,57.64,58.35,23730700
2016-02-17,58.85,59.25,58.39,58.77,21580100
2016-02-18,58.84,58.86,57.25,57.81,17037800
2016-02-19,57.5,58.17,57.080002,57.82,15658200
2016-02-22,58.51,58.88,58.42,58.57,14882800
2016-02-23,57.9,58.09,55.96,56.12,31772500
2016-02-24,55.2,56.21,54.33,56.14,25560100
2016-02-25,56.13,57.029999,56.040001,57.0099983,14473300
2016-02-26,57.64,58.11,57.14,57.54,20947500
2016-02-29,57.41,57.61,56.29,56.3,19554100
2016-03-01,56.76,59.2,56.67,59.2,23958100
2016-03-02,59.2,59.9,58.96,59.76,20943100
2016-03-03,59.58,59.96,59.099998,59.96,15790600
2016-03-04,60.099998,60.55,59.53,60.049999,18459000
2016-03-07,59.54,60.049999,59.32,59.94,12832400
2016-03-08,59.21,59.5,58.68,58.78,14132900
2016-03-09,59.15,59.54,58.68,59.12,13238800
2016-03-10,59.59,59.67,57.81,58.61,21139200
2016-03-11,59.39,59.51,58.65,59.34,21055000
2016-03-14,59.15,59.31,58.6,59.12,13436100
2016-03-15,58.54,59.21,58.43,59.2,10910500
2016-03-16,58.98,59.75,58.47,58.92,17423900
2016-03-17,58.77,59.13,57.99,58.75,19405700
2016-03-18,60.049999,60.97,59.66,60.48,29570200
2016-03-21,60.22,60.82,59.96,60.46,12684400
2016-03-22,59.99,60.58,59.62,60.24,12042700
2016-03-23,60.34,60.51,59.86,59.94,11658700
2016-03-24,59.3,59.51,58.87,59.48,12921200
2016-03-28,59.53,59.75,59.18,59.4,11159700
2016-03-29,59.33,59.33,58.53,59.029999,15933400
2016-03-30,59.46,60.23,59.38,59.71,13307100
2016-03-31,59.45,59.93,59.11,59.22,14904700
2016-04-01,59.02,60.060001,58.56,59.87,15417500
2016-04-04,59.44,59.57,58.96,59.2,12305000
2016-04-05,58.59,58.83,58.21,58.36,12886600
2016-04-06,58.18,58.88,57.95,58.81,12167900
2016-04-07,58.26,58.43,57.07,57.32,19226800
2016-04-08,57.71,58.58,57.69,57.74,13547700
2016-04-11,57.91,58.88,57.91,58.2,17627800
2016-04-12,58.34,59.39,58.2,59.28,17779200
2016-04-13,60.48,62.16,60.38,61.79,37516800
2016-04-14,61.69,62.91,61.61,62.59,24249900
2016-04-15,62.88,62.9,61.45,61.87,19290700
2016-04-18,61.64,62.58,61.53,62.27,13813100
2016-04-19,62.55,63.48,62.55,63.32,19255600
2016-04-20,63.48,64.31,63.15,64.24,14594400
2016-04-21,64.26,64.66,63.34,63.6,15395800
2016-04-22,63.64,64.38,63.64,63.97,12444700
2016-04-25,63.6,63.95,63.15,63.6,10687200
2016-04-26,63.81,64.07,63.33,63.93,12048000
2016-04-27,63.86,64.64,63.6,64.11,15284100
2016-04-28,63.64,64.42,63.35,63.6,12852500
2016-04-29,63.09,63.61,62.7,63.2,16376400
2016-05-02,63.69,64.0,63.14,63.79,10247300
2016-05-03,62.9,62.91,61.8,62.56,19120300
2016-05-04,61.75,62.26,61.27,61.57,17030200
2016-05-05,61.6,62.0,61.060001,61.24,14033900
2016-05-06,60.7,61.68,60.59,61.6,11057900
2016-05-09,61.37,61.89,61.049999,61.21,11197100
2016-05-10,61.55,62.26,61.35,62.040001,11897200
2016-05-11,61.97,62.6,61.81,61.81,11254000
2016-05-12,62.27,62.56,61.37,61.77,11071700
2016-05-13,61.7,62.4,61.02,61.2,15122300
2016-05-16,61.21,61.99,61.0,61.66,10951300
2016-05-17,61.43,62.16,61.15,61.66,12180900
2016-05-18,61.7,64.17,61.69,64.040001,24007100
2016-05-19,63.53,64.22,62.9,63.39,16076200
2016-05-20,63.86,64.19,63.37,63.51,11862000
2016-05-23,63.45,63.87,63.16,63.46,9347500
2016-05-24,63.94,64.77,63.81,64.54,13839400
2016-05-25,64.94,66.2,64.92,65.52,18935200
2016-05-26,65.57,65.58,64.91,65.029999,9428400
2016-05-27,65.21,65.46,65.050003,65.43,10116000
2016-05-31,65.73,65.82,64.96,65.27,15139400
2016-06-01,64.76,65.92,64.26,65.69,14031000
2016-06-02,65.52,65.81,65.16,65.81,10637600
2016-06-03,64.25,64.86,63.55,64.64,20261700
2016-06-06,64.64,65.76,64.6,65.28,13193500
2016-06-07,65.45,65.74,65.040001,65.059998,9924100
2016-06-08,64.93,65.48,64.92,65.25,9428000
2016-06-09,64.79,64.9,64.27,64.75,10817800
2016-06-10,63.93,64.07,63.58,63.84,16678400
2016-06-13,63.48,64.34,63.26,63.27,14314900
2016-06-14,62.68,63.47,61.68,62.080002,19509300
2016-06-15,62.41,62.98,61.91,61.97,16982100
2016-06-16,61.45,62.3,60.9,62.22,16791200
2016-06-17,62.3,62.71,61.93,62.28,15751500
2016-06-20,63.45,63.85,62.34,62.37,12213200
2016-06-21,62.73,63.0,62.14,62.95,11611600
2016-06-22,62.95,63.71,62.68,62.71,12643500
2016-06-23,63.7,64.15,63.53,64.050003,16583600
2016-06-24,60.48,61.7,59.34,59.6,44108700
2016-06-27,58.71,58.75,57.049999,57.61,37300700
2016-06-28,59.19,59.55,58.26,59.52,29088700
2016-06-29,60.36,61.21,60.0,61.2,21483000
2016-06-30,61.63,62.19,61.02,62.14,21343600
2016-07-01,61.66,62.0099983,61.16,61.26,14217800
2016-07-05,60.45,60.6,59.099998,59.55,23357700
2016-07-06,59.0099983,60.29,58.76,60.19,20429800
2016-07-07,60.52,61.14,60.16,60.58,13771400
2016-07-08,61.33,62.17,61.33,61.83,16998800
2016-07-11,62.42,62.95,62.14,62.27,13151400
2016-07-12,63.029999,63.56,62.89,63.2,16588100
2016-07-13,63.080002,63.43,62.64,63.16,18526900
2016-07-14,64.74,64.98,64.050003,64.12,28985900
2016-07-15,64.75,64.8,63.61,64.18,17607100
2016-07-18,64.13,64.4,63.9,63.96,10824400
2016-07-19,63.61,64.099998,63.46,63.86,9737400
2016-07-20,64.11,64.23,63.71,63.93,10411100
2016-07-21,64.0,64.18,63.63,63.69,9808700
2016-07-22,63.9,64.089996,63.6,64.040001,8195700
2016-07-25,63.98,64.17,63.68,63.87,8168300
2016-07-26,63.98,64.26,63.71,64.13,8067800
2016-07-27,64.080002,64.69,64.059998,64.33,11806800
2016-07-28,64.0,64.19,63.72,64.099998,10013400
2016-07-29,63.8,64.29,63.75,63.97,13210400
2016-08-01,64.15,64.31,63.61,63.8,11422600
2016-08-02,63.59,64.010002,63.38,63.65,13550000
2016-08-03,63.69,64.67,63.65,64.66,13122300
2016-08-04,64.49,64.82,64.27,64.56,9873000
2016-08-05,65.14,66.37,65.07,66.3,20752700
2016-08-08,66.07,66.49,65.84,66.099998,11359200
2016-08-09,66.18,66.28,65.69,65.87,10097000
2016-08-10,65.92,66.07,65.16,65.28,11556100
2016-08-11,65.27,65.69,65.019997,65.46,9604500
2016-08-12,64.97,65.35,64.86,65.32,7685400
2016-08-15,65.56,65.83,65.46,65.72,8371600
2016-08-16,65.36,65.96,65.24,65.71,10128900
2016-08-17,65.8,65.98,65.54,65.89,11868100
2016-08-18,65.62,65.99,65.53,65.95,9313600
2016-08-19,65.72,65.91,65.22,65.86,9084900
2016-08-22,65.75,65.88,65.41,65.8,9055600
2016-08-23,66.07,66.34,65.76,65.77,8949600
2016-08-24,65.99,66.23,65.77,65.95,10167200
2016-08-25,65.91,66.14,65.79,66.07,9978700
2016-08-26,66.33,66.88,65.85,66.22,14038600
2016-08-29,66.49,67.099998,66.46,66.95,14583100
2016-08-30,66.95,67.6,66.95,67.5,13791200
2016-08-31,67.46,67.77,66.86,67.5,14952300
2016-09-01,67.64,67.72,66.65,67.21,12226500
2016-09-02,67.4,67.58,66.98,67.49,13720700
2016-09-06,67.5,67.55,66.71,67.44,16649400
2016-09-07,67.16,67.59,66.96,67.16,10070400
2016-09-08,67.22,67.68,67.0,67.25,12253000
2016-09-09,67.029999,67.43,66.64,66.65,19686900
2016-09-12,66.14,67.3,65.76,67.059998,16453000
2016-09-13,66.11,66.86,65.82,66.53,18876100
2016-09-14,66.27,67.25,66.21,66.4,12648600
2016-09-15,66.29,66.93,66.089996,66.64,12531300
2016-09-16,66.089996,66.26,65.44,65.82,25161500
2016-09-19,66.15,66.64,65.85,66.19,13466900
2016-09-20,66.75,66.85,66.24,66.46,10092200
2016-09-21,66.84,67.13,66.31,66.84,14116800
2016-09-22,66.99,67.42,66.84,67.39,12781700
2016-09-23,67.39,67.9,67.18,67.25,13967400
2016-09-26,66.6,66.8,65.54,65.78,16408100
2016-09-27,65.41,66.41,65.11,66.36,13711400
2016-09-28,66.58,66.77,65.99,66.71,11278000
2016-09-29,66.7,67.21,65.35,65.65,18727200
2016-09-30,66.080002,67.059998,66.080002,66.59,21680100
2016-10-03,66.35,66.92,66.26,66.51,14901700
2016-10-04,66.21,67.18,66.099998,66.6,17226900
2016-10-05,66.89,68.07,66.8,67.69,16280000
2016-10-06,67.73,67.97,67.050003,67.87,17485000
2016-10-07,67.79,68.18,67.4,68.11,18497000
2016-10-10,68.34,69.059998,68.23,68.64,13027500
2016-10-11,68.5,68.82,67.93,68.31,15657100
2016-10-12,68.26,68.59,68.050003,68.13,11899800
2016-10-13,67.46,67.87,66.82,67.74,17890000
2016-10-14,68.8,69.029999,67.3,67.52,24163800
2016-10-17,67.42,67.79,66.74,67.17,14963400
2016-10-18,67.85,68.21,67.54,67.7,11870300
2016-10-19,67.81,68.5,67.81,68.35,12705800
2016-10-20,68.080002,68.68,67.94,68.26,14122000
2016-10-21,67.81,68.53,67.7,68.49,12175700
2016-10-24,68.97,69.050003,68.5,68.87,10197100
2016-10-25,68.88,68.93,68.38,68.8,9945100
2016-10-26,68.37,69.25,68.37,69.13,9801300
2016-10-27,69.49,69.77,69.099998,69.23,14210700
2016-10-28,69.53,69.55,68.47,69.11,12766500
2016-10-31,69.43,69.58,69.23,69.26,14336300
2016-11-01,69.48,69.78,68.33,68.97,15564500
2016-11-02,68.65,68.85,68.010002,68.68,12449800
2016-11-03,68.86,69.19,68.22,68.38,10369700
2016-11-04,68.49,68.56,67.64,67.76,13571300
2016-11-07,69.080002,69.97,69.0,69.88,16515100
2016-11-08,69.7,70.55,69.24,70.029999,17531700
2016-11-09,71.46,74.15,71.32,73.25,50948400
2016-11-10,74.22,77.25,74.22,76.65,56192300
2016-11-11,76.3,76.72,75.77,76.69,27574300
2016-11-14,77.25,80.44,77.25,79.51,46130700
2016-11-15,78.37,79.41,77.78,79.36,28126300
2016-11-16,78.22,78.35,76.88,77.4,26054900
2016-11-17,77.93,78.46,77.6,78.019997,19306700
2016-11-18,77.96,78.42,77.55,77.71,19770000
2016-11-21,78.0,78.17,77.29,78.050003,11983500
2016-11-22,78.35,78.56,77.76,78.53,14410100
2016-11-23,78.87,79.24,77.89,78.86,13373700
2016-11-25,79.099998,79.45,78.47,78.83,6185700
2016-11-28,78.18,78.87,78.019997,78.32,13007200
2016-11-29,78.39,79.16,78.39,78.92,14144100
2016-11-30,79.92,80.53,79.7,80.17,25351900
2016-12-01,80.65,82.28,80.65,81.79,23823600
2016-12-02,81.8,81.83,80.9,81.6,16931500
2016-12-05,82.3,83.29,82.29,83.26,18529800
2016-12-06,83.6,83.81,82.43,83.69,16130000
2016-12-07,83.55,84.089996,82.85,84.07,18996900
2016-12-08,84.23,85.5,83.94,85.12,20844900
2016-12-09,85.019997,85.5,84.14,85.49,14567200
2016-12-12,85.36,85.79,84.29,84.73,14511300
2016-12-13,84.98,85.67,83.82,84.76,16669000
2016-12-14,83.88,86.12,83.76,84.73,22622600
2016-12-15,85.4,86.49,84.9,86.0,19438900
2016-12-16,86.29,86.29,84.89,84.94,23008500
2016-12-19,84.8,85.44,84.19,85.43,21685100
2016-12-20,85.79,86.54,85.55,86.53,14587300
2016-12-21,86.43,86.81,86.029999,86.75,11400500
2016-12-22,86.44,87.17,86.21,86.89,13924200
2016-12-23,87.0,87.15,86.4,87.050003,10759400
2016-12-27,87.050003,87.16,86.75,87.13,6946400
2016-12-28,87.16,87.39,86.35,86.5,9455600
2016-12-29,86.58,86.67,85.040001,85.89,14689000
2016-12-30,86.099998,86.42,85.66,86.29,13617800
2017-01-03,87.34,87.76,85.98,87.23,20550700
2017-01-04,86.96,87.18,86.4,86.91,15266600
2017-01-05,86.81,87.11,85.26,86.11,14300800
2017-01-06,86.39,86.62,85.94,86.12,12893300
2017-01-09,85.73,86.77,85.52,86.18,12806600
2017-01-10,86.07,86.9,85.72,86.43,13989000
2017-01-11,86.43,87.080002,85.91,87.080002,14713100
2017-01-12,86.76,87.27,86.019997,86.24,21337400
2017-01-13,87.11,88.17,86.099998,86.7,28296000
2017-01-17,84.93,85.22,83.28,83.55,30024600
2017-01-18,83.63,84.23,83.029999,83.94,21270100
2017-01-19,84.059998,84.67,83.12,83.3,16555600
2017-01-20,83.43,83.83,83.29,83.67,18436800
2017-01-23,83.3,84.0,83.21,83.71,12179200
2017-01-24,83.92,85.0,83.56,84.72,15175300
2017-01-25,85.84,86.17,85.17,86.029999,17551000
2017-01-26,85.95,86.95,85.95,86.75,15962800
2017-01-27,86.66,86.98,86.27,86.93,12535400
2017-01-30,86.19,86.5,85.32,86.029999,13661900
2017-01-31,85.6,86.15,84.089996,84.63,15655100
2017-02-01,85.54,86.099998,84.68,84.95,15430900
2017-02-02,84.34,84.91,84.16,84.59,11081400
2017-02-03,86.19,87.31,85.87,87.18,17885200
2017-02-06,86.79,87.45,86.61,86.77,11828400
2017-02-07,87.14,87.4,86.48,86.72,9392800
2017-02-08,86.18,86.31,85.37,85.96,13970900
2017-02-09,85.96,87.33,85.96,87.2,13749100
2017-02-10,87.48,87.48,86.89,87.0,10992500
2017-02-13,87.44,88.74,87.43,88.15,18739100
2017-02-14,88.3,89.7,88.11,89.56,17932100
2017-02-15,90.080002,90.87,89.35,90.59,17381800
2017-02-16,90.4,91.040001,89.77,90.53,17672700
2017-02-17,89.82,90.47,89.69,90.23,15776600
2017-02-21,90.51,91.15,90.46,91.010002,14068300
2017-02-22,90.52,91.3,90.42,91.059998,11839000
2017-02-23,91.18,91.34,90.52,91.13,11067000
2017-02-24,90.18,90.54,89.73,90.33,15062300
2017-02-27,90.32,90.73,90.019997,90.43,12361000
2017-02-28,89.85,90.82,89.59,90.62,15183500
2017-03-01,92.79,93.98,92.61,93.6,24451400
2017-03-02,93.87,93.92,92.029999,92.14,16862500
2017-03-03,92.14,93.11,92.14,92.8,12817500
2017-03-06,92.25,92.32,91.099998,91.92,15059200
2017-03-07,91.64,92.089996,91.21,91.41,11156800
2017-03-08,92.68,92.85,91.099998,91.21,17378400
2017-03-09,91.6,92.14,91.15,91.57,13726200
2017-03-10,91.95,92.0,90.53,91.28,13729900
2017-03-13,91.31,91.78,90.93,91.36,10004300
2017-03-14,91.019997,91.65,90.77,91.51,10237700
2017-03-15,91.8,92.55,91.13,91.73,16601400
2017-03-16,92.029999,92.81,91.57,91.64,14492000
2017-03-17,91.83,92.040001,90.65,90.68,21734700
2017-03-20,90.27,91.17,89.79,90.029999,14623600
2017-03-21,90.36,90.64,87.059998,87.39,33089200
2017-03-22,86.89,88.07,86.010002,87.53,21741000
2017-03-23,87.21,88.5,87.089996,87.39,16090100
2017-03-24,87.79,88.089996,86.77,87.29,16093200
2017-03-27,85.53,87.4,85.23,87.24,16689300
2017-03-28,87.019997,89.019997,86.98,88.6,16264400
2017-03-29,88.6,88.82,88.080002,88.27,10207600
2017-03-30,88.2,89.46,88.12,89.029999,11631000
2017-03-31,88.71,88.74,87.75,87.84,16987600
2017-04-03,87.99,88.17,86.6,87.52,19831800
2017-04-04,86.89,87.67,86.72,87.31,14280800
2017-04-05,88.42,88.54,86.13,86.19,17635500
2017-04-06,85.98,86.91,85.25,86.48,14379600
2017-04-07,85.93,86.81,85.71,86.18,13097100
2017-04-10,86.080002,86.69,85.4,85.88,15081600
2017-04-11,85.54,85.79,84.8,85.73,14690500
2017-04-12,85.93,85.95,85.029999,85.4,14730600
2017-04-13,85.5,86.99,84.4,84.4,30529800
2017-04-17,84.44,86.080002,84.37,85.86,19071700
2017-04-18,85.36,85.63,84.74,85.16,14127000
2017-04-19,85.5,85.92,84.36,84.46,17588500
2017-04-20,84.98,85.78,84.55,85.55,15635800
2017-04-21,85.5,85.68,84.51,84.52,19820600
2017-04-24,86.55,88.050003,86.42,87.5,25468300
2017-04-25,88.55,89.13,88.26,88.26,18253800
2017-04-26,88.35,89.050003,88.14,88.43,12832200
2017-04-27,88.37,88.37,87.010002,87.61,13329000
2017-04-28,87.6,87.85,86.95,87.0,10755600
2017-05-01,87.36,87.74,86.56,87.059998,15712300
2017-05-02,86.71,86.88,86.019997,86.5,14414200
2017-05-03,86.059998,87.099998,86.019997,87.0,11540500
2017-05-04,87.69,87.73,86.57,87.099998,11540100
2017-05-05,87.25,87.34,86.42,87.0,9436000
2017-05-08,87.040001,87.32,86.65,87.099998,8162200
2017-05-09,87.26,87.84,86.5,86.75,10273900
2017-05-10,86.53,87.48,86.47,87.43,8334900
2017-05-11,87.089996,87.48,86.35,87.16,10907400
2017-05-12,86.68,87.050003,86.34,86.92,8738800
2017-05-15,87.099998,87.49,86.86,87.34,8835600
2017-05-16,87.36,88.089996,87.34,87.61,9795000
2017-05-17,87.61,87.61,83.97,84.27,24679700
2017-05-18,84.07,84.8,83.36,83.96,23350100
2017-05-19,84.21,85.34,84.15,84.78,13412900
2017-05-22,85.18,85.29,84.21,84.7,11636000
2017-05-23,84.75,86.07,84.51,85.76,11753000
2017-05-24,85.88,85.97,85.24,85.71,9833800
2017-05-25,85.99,86.080002,85.080002,85.35,12238500
2017-05-26,85.11,85.56,85.019997,85.36,8113500
2017-05-30,85.13,85.15,83.78,83.9,12603200
2017-05-31,83.73,83.82,81.64,82.15,28327900
2017-06-01,82.46,83.080002,81.65,83.059998,17123500
2017-06-02,82.29,82.99,81.98,82.64,14998500
2017-06-05,82.64,83.51,82.58,82.79,9080200
2017-06-06,82.29,83.22,82.13,82.96,12196800
2017-06-07,83.31,84.11,83.099998,83.91,13711100
2017-06-08,83.91,85.73,83.89,84.95,17951000
2017-06-09,85.51,87.050003,85.39,86.96,19120200
2017-06-12,86.96,87.74,86.89,86.98,16053400
2017-06-13,87.55,87.85,86.98,87.27,12557200
2017-06-14,86.77,87.31,85.82,87.089996,16175700
2017-06-15,86.25,87.080002,86.24,86.57,12509700
2017-06-16,86.85,86.96,86.019997,86.18,16936600
2017-06-19,86.97,88.23,86.85,88.07,15972300
2017-06-20,87.75,87.92,87.37,87.52,11197800
2017-06-21,87.48,87.55,86.76,87.12,10005900
2017-06-22,86.93,87.36,86.65,87.019997,12180600
2017-06-23,87.66,88.0,86.61,86.86,18812000
2017-06-26,87.010002,87.67,86.62,87.24,10082400
2017-06-27,87.71,88.94,87.5,88.050003,15415200
2017-06-28,88.6,90.07,88.6,89.82,17466200
2017-06-29,92.34,92.65,90.31,91.15,27697800
2017-06-30,91.96,92.0,91.16,91.4,16892700
2017-07-03,91.56,93.48,91.41,92.75,13208100
2017-07-05,93.12,93.79,92.61,93.68,17535400
2017-07-06,93.54,94.51,92.88,93.38,16596100
2017-07-07,93.96,94.17,93.23,93.85,12817800
2017-07-10,93.5,93.68,93.089996,93.19,13987200
2017-07-11,93.33,93.33,92.28,92.83,13262300
2017-07-12,92.61,92.83,92.07,92.51,13540100
2017-07-13,92.69,93.38,92.34,93.099998,12820100
2017-07-14,90.81,92.61,90.58,92.25,22235200
2017-07-17,91.82,91.99,91.25,91.39,14374200
2017-07-18,90.45,91.58,90.32,91.07,14719400
2017-07-19,91.34,91.62,91.0,91.2,11651200
2017-07-20,91.15,91.72,90.9,91.2,11561700
2017-07-21,91.059998,91.36,90.52,90.89,10971300
2017-07-24,90.96,91.54,90.91,91.28,10725100
2017-07-25,92.37,93.52,92.27,92.8,16447700
2017-07-26,93.099998,93.19,91.68,91.93,11815500
2017-07-27,91.83,92.059998,91.16,91.55,12332400
2017-07-28,91.45,91.75,90.91,91.28,9351900
2017-07-31,91.51,92.36,91.5,91.8,11520300
2017-08-01,92.49,93.14,92.28,93.029999,12523700
2017-08-02,92.87,93.21,92.51,93.11,10165600
2017-08-03,92.7,93.13,92.24,92.5,11078800
2017-08-04,93.5,94.4,93.47,93.66,14324000
2017-08-07,93.89,94.19,93.71,94.019997,7978300
2017-08-08,93.95,95.22,93.6,93.68,13745400
2017-08-09,92.98,93.68,92.83,93.53,11214400
2017-08-10,92.9,93.07,92.07,92.19,13252300
2017-08-11,92.13,92.67,91.24,91.42,10679500
2017-08-14,92.37,92.9,92.33,92.49,10994800
2017-08-15,93.31,93.56,92.65,92.73,8812700
2017-08-16,93.040001,93.23,91.88,92.089996,11085400
2017-08-17,91.76,91.96,90.5,90.65,13837500
2017-08-18,90.31,91.54,90.19,90.74,13040700
2017-08-21,90.85,90.94,90.16,90.63,11502100
2017-08-22,91.07,91.71,91.0,91.56,9211800
2017-08-23,90.87,92.34,90.84,91.67,8811300
2017-08-24,91.93,92.12,91.41,91.52,8623200
2017-08-25,91.88,92.48,91.8,91.89,11794600
2017-08-28,92.16,92.19,91.13,91.6,7292900
2017-08-29,90.45,91.31,90.31,91.099998,10886100
2017-08-30,91.25,91.88,91.19,91.31,9165300
2017-08-31,91.81,91.85,90.8,90.89,13217400
2017-09-01,91.25,92.36,90.95,91.7,9815800
2017-09-05,91.019997,91.11,89.019997,89.51,16897300
2017-09-06,90.0,90.52,89.64,90.11,11845700
2017-09-07,90.11,90.13,88.080002,88.53,14592300
2017-09-08,88.31,89.42,88.24,88.42,14242200
2017-09-11,89.39,90.25,88.95,89.79,13219000
2017-09-12,90.17,91.25,90.099998,90.89,14003800
2017-09-13,90.61,91.5,90.32,91.15,12485400
2017-09-14,91.2,91.53,90.74,90.97,10562800
2017-09-15,91.080002,91.71,90.76,91.62,18171800
2017-09-18,91.93,93.14,91.85,92.92,11318700
2017-09-19,92.71,94.36,92.52,93.94,12626100
2017-09-20,94.099998,95.29,93.71,94.6,15311600
2017-09-21,94.46,95.37,94.19,95.029999,10851500
2017-09-22,94.7,94.98,94.43,94.83,8358300
2017-09-25,94.51,94.88,93.45,94.12,10463400
2017-09-26,93.78,94.029999,93.34,93.7,9358100
2017-09-27,94.97,95.72,94.58,95.18,15090200
2017-09-28,95.59,95.88,94.91,95.38,10270400
2017-09-29,95.3,95.52,95.019997,95.51,11438400
2017-10-02,95.77,96.88,95.46,96.84,13797200
2017-10-03,96.83,97.43,96.77,97.35,9633500
2017-10-04,97.3,97.44,96.28,96.36,12166600
2017-10-05,96.0,97.4,95.55,97.089996,14236200
2017-10-06,97.55,97.64,96.47,96.92,10231900
2017-10-09,96.96,97.07,96.14,96.41,7765100
2017-10-10,96.46,97.18,96.24,97.13,10631500
2017-10-11,96.83,97.010002,96.14,96.84,14283600
2017-10-12,97.3,97.5,95.62,95.99,18251600
2017-10-13,95.48,96.71,94.96,95.86,13190600
2017-10-16,96.34,97.95,96.34,97.84,12434000
2017-10-17,98.07,98.18,97.32,97.62,10335700
2017-10-18,98.15,98.55,97.63,97.99,10158600
2017-10-19,97.19,98.2,97.089996,98.11,9133900
2017-10-20,99.28,99.89,98.73,99.51,15326600
2017-10-23,99.51,99.99,99.24,99.34,9238600
2017-10-24,99.88,101.19,99.76,100.92,13000800
2017-10-25,101.25,101.45,100.19,101.019997,14632700
2017-10-26,101.35,102.42,101.32,101.74,13054400
2017-10-27,101.43,102.23,101.050003,101.77,10400400
2017-10-30,101.13,101.93,100.87,101.41,8839500
2017-10-31,101.37,101.7,100.57,100.61,8690200
2017-11-01,101.099998,101.7,100.73,100.92,8418200
2017-11-02,100.87,101.77,100.16,101.59,8731800
2017-11-03,101.099998,101.53,100.73,101.41,7103500
2017-11-06,101.34,101.69,100.66,100.78,8121500
2017-11-07,100.56,100.75,98.25,98.75,18822600
2017-11-08,98.27,98.37,97.15,97.64,18524700
2017-11-09,97.12,98.22,96.81,97.63,13697800
2017-11-10,97.81,98.34,97.5,97.51,9314000
2017-11-13,96.69,98.050003,96.62,97.86,9303100
2017-11-14,97.34,97.78,96.85,97.27,11043800
2017-11-15,96.39,98.74,95.95,98.19,15384100
2017-11-16,98.53,99.059998,98.31,98.47,9808000
2017-11-17,97.82,98.41,97.57,98.14,9017900
2017-11-20,98.45,99.15,97.76,99.010002,9483200
2017-11-21,99.5,99.55,98.91,98.93,13389400
2017-11-22,99.029999,99.52,98.59,98.64,7342200
2017-11-24,98.83,98.9,98.26,98.32,3680000
2017-11-27,98.31,99.13,97.93,97.93,13076200
2017-11-28,98.21,101.7,97.97,101.36,16773000
2017-11-29,102.41,104.22,101.96,103.73,21105500
2017-11-30,104.74,106.66,104.040001,104.52,23945900
2017-12-01,104.9,105.32,102.2,104.79,19683500
2017-12-04,107.73,108.4,106.77,106.95,23576600
2017-12-05,105.58,107.41,104.12,105.72,17193900
2017-12-06,105.55,105.76,104.53,104.93,15476200
2017-12-07,103.95,105.19,103.73,104.62,13371800
2017-12-08,104.75,105.94,104.34,105.93,13506900
2017-12-11,105.72,106.059998,105.31,105.62,10591200
2017-12-12,106.91,107.37,105.54,106.85,15508800
2017-12-13,106.7,107.11,105.48,105.51,15020300
2017-12-14,106.12,106.45,104.64,104.66,13034200
2017-12-15,105.79,106.52,105.2,106.14,29350600
2017-12-18,107.19,107.63,106.48,106.96,12713100
2017-12-19,107.35,107.49,106.44,106.51,12149900
2017-12-20,107.6,107.73,106.089996,106.14,13091500
2017-12-21,106.59,108.07,106.56,107.83,12323700
2017-12-22,108.2,108.46,106.81,107.45,14573400
2017-12-26,107.2,107.99,106.4,107.019997,7403700
2017-12-27,106.67,107.29,106.67,107.22,9496500
2017-12-28,107.4,107.84,107.16,107.79,7440600
2017-12-29,108.089996,108.28,106.94,106.94,8925700
2018-01-02,107.63,108.019997,106.81,107.95,13578800
2018-01-03,107.86,108.49,107.48,108.059998,11901000
2018-01-04,108.36,110.029999,108.2,109.040001,12953700
2018-01-05,109.26,109.55,107.78,108.34,14155000
2018-01-08,108.15,108.68,107.7,108.5,12466500
2018-01-09,108.72,109.63,108.49,109.050003,13292300
2018-01-10,109.47,110.7,109.39,110.25,15834500
2018-01-11,110.67,110.93,110.050003,110.84,13676800
2018-01-12,111.65,112.85,110.84,112.67,18884200
2018-01-16,111.51,113.43,111.07,112.27,22703300
2018-01-17,111.89,113.3,111.31,112.99,14940300
2018-01-18,112.76,113.72,112.27,113.26,14572900
2018-01-19,113.94,114.34,112.8,113.010002,18785500
2018-01-22,112.66,114.39,112.5,114.33,12475700
2018-01-23,113.67,114.64,113.35,114.21,12320800
2018-01-24,114.86,116.0,114.66,115.67,15904500
2018-01-25,116.040001,116.17,115.080002,115.7,13510000
2018-01-26,115.7,116.32,114.96,116.32,13883900
2018-01-29,116.019997,117.35,116.019997,116.2,11679900
2018-01-30,115.53,116.6,114.98,115.11,14279100
2018-01-31,115.65,116.66,115.16,115.67,13141400
2018-02-01,115.77,116.99,115.48,116.87,13800600
2018-02-02,116.49,116.92,114.089996,114.28,16477300
2018-02-05,113.0,114.59,103.98,108.8,30097600
2018-02-06,106.85,112.48,106.61,112.11,33114800
2018-02-07,111.55,114.45,111.15,112.87,21878300
2018-02-08,113.11,113.11,107.84,107.88,27425800
2018-02-09,109.099998,111.050003,106.23,110.040001,28188000
2018-02-12,111.17,112.73,110.07,111.74,18043300
2018-02-13,111.32,113.050003,110.8,112.43,16358200
2018-02-14,112.63,115.27,112.53,115.029999,15186900
2018-02-15,115.74,115.99,114.22,115.51,12130200
2018-02-16,114.55,116.07,114.5,114.68,13214300
2018-02-20,114.65,115.39,113.97,114.71,13461500
2018-02-21,115.0,117.45,114.67,115.19,14212500
2018-02-22,115.5,116.43,114.76,114.98,17070400
2018-02-23,115.31,117.39,115.31,117.31,12162500
2018-02-26,118.14,118.9,117.32,118.77,16511200
2018-02-27,118.91,119.33,117.35,117.36,17563300
2018-02-28,117.82,118.49,115.34,115.5,17735600
2018-03-01,115.48,116.64,112.65,113.43,18690000
2018-03-02,112.39,113.56,111.12,113.32,18353700
2018-03-05,112.050003,115.93,111.89,115.059998,13933000
2018-03-06,115.64,115.82,114.32,115.16,10674400
2018-03-07,113.75,115.099998,113.11,114.73,13006500
2018-03-08,115.11,115.23,113.21,114.74,11173700
2018-03-09,116.55,118.080002,115.67,118.040001,15366600
2018-03-12,118.0,118.75,117.25,117.66,12339300
2018-03-13,118.2,118.47,115.83,116.25,13312300
2018-03-14,116.56,116.59,114.6,114.95,12905100
2018-03-15,115.87,116.0,114.83,115.24,8748000
2018-03-16,115.34,116.6,115.34,115.44,19888900
2018-03-19,115.099998,115.45,113.3,114.53,13214900
2018-03-20,114.87,115.45,114.45,114.64,9921200
2018-03-21,114.81,116.63,114.21,114.74,13633000
2018-03-22,113.2,113.6,109.54,109.95,22550400
2018-03-23,110.27,110.92,106.76,107.010002,23081500
2018-03-26,109.19,111.16,108.65,110.31,20217500
2018-03-27,111.07,111.69,107.3,108.17,18039900
2018-03-28,108.28,109.17,106.65,108.0,19189300
2018-03-29,108.5,110.78,107.78,109.97,13274600
2018-04-02,109.96,110.73,106.080002,107.85,18822500
2018-04-03,108.36,109.5,107.26,109.33,14050700
2018-04-04,107.099998,111.21,107.019997,110.99,15302600
2018-04-05,111.63,112.83,111.39,111.88,16627000
2018-04-06,110.55,111.55,107.82,109.089996,18906000
2018-04-09,110.010002,112.98,109.89,110.4,15974300
2018-04-10,112.13,112.87,111.42,112.51,13951400
2018-04-11,111.66,111.81,110.52,110.62,14503300
2018-04-12,111.56,114.39,111.5,113.37,16435500
2018-04-13,115.019997,115.15,109.050003,110.3,39152800
2018-04-16,110.94,111.47,109.79,110.21,16580500
2018-04-17,111.37,111.92,109.99,110.21,15501400
2018-04-18,110.53,111.07,108.89,109.32,16081400
2018-04-19,109.53,111.87,109.5,111.72,17911000
2018-04-20,112.3,112.74,110.88,111.47,15584400
2018-04-23,111.57,111.95,110.63,110.93,11285800
2018-04-24,111.75,112.9,109.59,110.41,16453100
2018-04-25,110.27,110.53,108.6,109.99,13548200
2018-04-26,109.97,110.82,109.34,110.099998,10299500
2018-04-27,109.55,110.16,109.13,109.4,9384000
2018-04-30,109.75,110.3,108.75,108.78,13744900
2018-05-01,108.45,108.97,107.54,108.78,10503400
2018-05-02,108.11,109.49,107.73,107.92,12162100
2018-05-03,107.59,107.77,105.18,107.24,15379100
2018-05-04,106.43,108.74,105.98,108.43,11967900
2018-05-07,108.76,109.68,108.36,109.37,9356700
2018-05-08,109.53,111.34,109.28,110.99,12543200
2018-05-09,111.44,113.64,111.029999,113.41,11368100
2018-05-10,113.19,114.44,112.75,114.29,9159700
2018-05-11,114.49,114.73,113.67,113.86,10253000
2018-05-14,114.11,114.7,113.74,113.9,8710700
2018-05-15,113.91,113.91,112.57,113.029999,11536200
2018-05-16,112.89,113.69,112.63,113.34,7571100
2018-05-17,113.2,113.41,112.2,112.96,8617200
2018-05-18,112.75,112.8,110.84,111.13,11806300
2018-05-21,112.050003,112.54,111.92,112.15,9441900
2018-05-22,112.35,114.29,112.29,113.010002,11507600
2018-05-23,112.51,112.77,111.12,112.49,11453900
2018-05-24,112.14,112.15,110.12,111.23,14084800
2018-05-25,110.46,111.080002,110.2,110.66,8283500
2018-05-29,109.18,109.2,104.96,105.93,30643800
2018-05-30,107.64,108.6,106.65,108.35,17490800
2018-05-31,107.95,108.19,106.42,107.010002,19808200
2018-06-01,108.34,108.94,107.8,108.4,13594200
2018-06-04,108.99,109.26,108.27,108.45,9415400
2018-06-05,108.24,108.31,107.07,107.84,10415200
2018-06-06,108.66,110.74,108.48,110.36,15453600
2018-06-07,111.18,111.5,110.029999,110.8,13444400
2018-06-08,110.62,111.14,110.059998,111.11,10383200
2018-06-11,111.12,111.91,110.77,110.83,12642900
2018-06-12,111.14,111.53,109.52,110.19,15294100
2018-06-13,110.46,111.45,109.58,109.97,14979700
2018-06-14,110.28,110.36,107.78,108.029999,20487300
2018-06-15,107.8,108.38,106.27,107.9,26028600
2018-06-18,107.26,108.4,106.69,108.18,9786800
2018-06-19,106.9,107.88,106.6,107.55,12707200
2018-06-20,108.18,108.64,107.44,107.54,8876900
2018-06-21,107.099998,108.21,106.53,107.51,11048700
2018-06-22,108.16,108.37,105.51,105.75,19478900
2018-06-25,105.66,105.7,103.96,104.79,16907600
2018-06-26,104.71,105.21,103.11,104.86,17086800
2018-06-27,104.68,105.92,103.23,103.24,16276800
2018-06-28,103.68,105.46,103.51,104.93,14491300
2018-06-29,106.68,106.9,104.15,104.2,18972400
2018-07-02,103.72,105.089996,103.38,105.080002,11130000
2018-07-03,105.41,105.78,103.52,103.61,8311700
2018-07-05,104.13,104.38,103.53,103.72,10723400
2018-07-06,103.12,104.5,102.2,104.059998,12173700
2018-07-09,104.71,107.46,104.71,107.28,13900800
2018-07-10,108.019997,108.4,106.53,106.62,14575900
2018-07-11,106.31,107.059998,106.21,106.39,10186500
2018-07-12,107.42,107.56,105.97,106.85,12456800
2018-07-13,107.3,107.8,105.14,106.36,21289100
2018-07-16,107.050003,110.77,106.98,110.58,24662600
2018-07-17,110.69,110.93,109.75,110.5,14821900
2018-07-18,110.42,112.12,110.2,111.53,14244900
2018-07-19,111.059998,111.089996,109.73,109.89,16775300
2018-07-20,110.0,111.74,109.78,111.28,13578100
2018-07-23,111.059998,114.24,110.93,113.35,18140000
2018-07-24,113.55,114.78,113.42,114.15,14000400
2018-07-25,113.88,115.52,113.38,115.18,13329100
2018-07-26,115.42,115.59,114.58,114.85,11897800
2018-07-27,115.18,116.3,114.81,116.029999,12802700
2018-07-30,116.28,117.61,116.059998,116.73,13411600
2018-07-31,117.080002,117.080002,114.82,114.95,15843800
2018-08-01,115.75,116.69,115.28,115.66,13531600
2018-08-02,114.57,116.25,114.33,116.15,11058100
2018-08-03,116.0,117.13,115.94,117.089996,11016100
2018-08-06,116.79,117.53,116.18,117.12,9857400
2018-08-07,117.74,118.29,117.33,117.55,10562100
2018-08-08,117.33,118.27,117.28,117.79,8997100
2018-08-09,117.51,117.72,116.7,116.88,9694200
2018-08-10,115.5,115.95,114.68,115.73,12630600
2018-08-13,115.56,115.88,113.82,113.89,10336300
2018-08-14,114.27,115.040001,113.65,114.65,10597600
2018-08-15,113.82,114.33,112.97,113.7,10152100
2018-08-16,114.35,115.31,114.3,114.77,10118600
2018-08-17,114.64,115.07,114.3,114.77,8505100
2018-08-20,114.59,115.050003,114.11,114.62,8618700
2018-08-21,115.37,116.39,114.88,115.32,10976700
2018-08-22,115.31,115.41,114.78,114.97,8314700
2018-08-23,114.96,115.15,114.43,114.73,9265400
2018-08-24,114.98,115.22,114.45,114.68,8845700
2018-08-27,115.22,117.28,115.17,116.71,13768000
2018-08-28,117.0,117.029999,115.97,116.14,8302600
2018-08-29,116.35,116.37,115.36,115.76,7221700
2018-08-30,115.59,116.040001,114.98,115.19,8991800
2018-08-31,114.83,114.84,113.82,114.58,13065700
2018-09-04,114.34,115.24,113.63,115.15,10174200
2018-09-05,115.0,115.7,114.25,114.59,11462400
2018-09-06,114.5,114.7,113.5,114.099998,9877600
2018-09-07,114.5,114.77,113.63,114.32,10955600
2018-09-10,114.85,114.97,113.66,113.71,8276900
2018-09-11,113.54,114.58,113.18,114.43,9333800
2018-09-12,114.25,114.88,112.85,113.080002,10800800
2018-09-13,113.37,114.13,112.67,113.52,12470800
2018-09-14,113.81,114.49,113.23,113.5,10337900
2018-09-17,113.79,114.43,113.3,113.84,9561300
2018-09-18,114.33,114.66,113.56,114.3,7944200
2018-09-19,114.44,118.059998,114.44,117.62,16052800
2018-09-20,118.5,119.24,118.080002,118.63,15590000
2018-09-21,119.13,119.23,117.74,117.85,24788200
2018-09-24,117.76,118.46,116.43,116.72,12492500
2018-09-25,117.040001,117.97,116.32,116.39,9308300
2018-09-26,116.75,116.87,114.66,115.019997,14023600
2018-09-27,115.42,115.76,114.16,114.52,13283000
2018-09-28,113.65,114.24,112.52,112.84,15815100
2018-10-01,113.37,114.61,113.040001,113.5,10146300
2018-10-02,113.36,114.12,112.81,113.97,13753100
2018-10-03,114.94,115.66,114.48,115.040001,17142000
2018-10-04,114.55,116.81,114.21,115.27,16357400
2018-10-05,115.83,116.099998,114.019997,114.62,13777600
2018-10-08,114.25,115.78,113.35,115.32,14370900
2018-10-09,114.67,115.029999,113.67,114.52,14069500
2018-10-10,114.7,114.95,111.47,111.47,23086400
2018-10-11,110.97,111.47,107.38,108.13,33705600
2018-10-12,110.37,110.83,105.6,106.95,32075700
2018-10-15,107.2,108.85,106.32,106.34,18903200
2018-10-16,107.16,108.78,106.73,108.62,19302800
2018-10-17,108.38,110.8,108.23,109.83,18794500
2018-10-18,109.019997,109.84,107.81,108.089996,17582500
2018-10-19,107.65,109.22,107.27,107.91,15234500
2018-10-22,108.15,108.34,106.11,106.36,16199100
2018-10-23,104.2,106.16,103.7,105.25,21407500
2018-10-24,104.76,105.029999,102.91,103.29,23168900
2018-10-25,104.18,105.9,103.72,104.86,17464700
2018-10-26,104.0,104.56,102.73,103.42,19174900
2018-10-29,104.46,106.63,103.7,104.85,18445200
2018-10-30,105.71,106.98,104.86,106.7,18019700
2018-10-31,108.080002,110.48,107.79,109.019997,20860000
2018-11-01,109.62,110.22,108.32,108.98,13065000
2018-11-02,109.9,110.81,107.49,108.38,19009200
2018-11-05,108.61,109.29,108.42,109.089996,10276400
2018-11-06,108.67,109.67,107.76,109.6,10825000
2018-11-07,110.37,111.73,109.35,111.48,12679600
2018-11-08,111.010002,112.93,111.0,112.38,11662500
2018-11-09,112.23,112.36,110.83,111.29,10432200
2018-11-12,111.42,111.94,108.6,108.95,13279700
2018-11-13,109.099998,111.12,109.099998,109.59,13746100
2018-11-14,110.23,110.71,105.98,107.33,18361400
2018-11-15,108.24,110.080002,106.81,110.07,19100000
2018-11-16,109.45,110.76,108.55,109.99,13798600
2018-11-19,109.96,111.2,109.53,110.83,13987000
2018-11-20,109.78,110.49,107.98,108.45,18936200
2018-11-21,109.029999,109.61,107.64,107.64,10619600
2018-11-23,106.74,107.39,106.059998,106.65,6488400
2018-11-26,107.72,109.98,107.45,109.26,13948300
2018-11-27,108.76,110.029999,108.63,109.72,9238200
2018-11-28,109.8,111.4,108.87,110.94,13977300
2018-11-29,110.27,110.8,109.64,110.059998,11144300
2018-11-30,109.85,111.32,109.58,111.19,18652700
2018-12-03,112.38,112.89,111.74,112.24,16034500
2018-12-04,111.6,111.6,106.73,107.23,23555900
2018-12-06,105.010002,105.36,102.88,105.19,27213900
2018-12-07,105.16,106.98,102.91,103.29,19248600
2018-12-10,102.87,103.49,99.28,101.36,23636400
2018-12-11,103.13,103.66,100.21,100.37,16860700
2018-12-12,101.66,102.9,100.059998,101.019997,22621500
2018-12-13,101.55,101.97,100.67,101.12,17250900
2018-12-14,99.99,101.94,99.86,100.29,19879500
2018-12-17,99.77,100.56,98.44,99.010002,25113500
2018-12-18,99.42,100.89,98.12,98.54,20837200
2018-12-19,98.41,100.58,96.6,97.29,28767900
2018-12-20,96.61,98.28,95.69,96.45,31825200
2018-12-21,96.68,98.43,93.69,94.17,41313900
2018-12-24,92.89,94.22,92.14,92.14,17009300
2018-12-26,92.69,95.96,91.11,95.96,22542900
2018-12-27,94.82,97.15,93.55,97.040001,20304700
2018-12-28,97.95,98.32,96.44,96.83,17963300
2018-12-31,97.59,98.81,96.77,97.62,13237200
2019-01-02,95.95,99.78,95.94,99.31,15670900
2019-01-03,98.64,98.89,96.69,97.11,16286400
2019-01-04,99.11,100.93,98.28,100.69,16935200
2019-01-07,100.43,101.47,99.71,100.76,15430700
2019-01-08,101.63,101.82,99.55,100.57,13578800
2019-01-09,100.81,101.49,99.93,100.4,14230300
2019-01-10,100.019997,100.73,99.27,100.39,14376100
2019-01-11,99.89,100.17,98.95,99.91,15439900
2019-01-14,98.87,101.36,98.66,100.94,21258500
2019-01-15,98.89,102.47,98.6,101.68,26504900
2019-01-16,102.25,103.45,101.8,102.5,18533000
2019-01-17,102.11,103.5,101.92,102.92,14247600
2019-01-18,103.77,104.9,102.83,104.59,16428700
2019-01-22,103.080002,103.59,102.13,102.94,17083700
2019-01-23,103.44,103.7,101.97,102.68,12146700
2019-01-24,102.13,103.089996,101.94,102.74,11296800
2019-01-25,103.51,104.31,102.74,103.39,14369400
2019-01-28,102.89,104.24,102.59,103.88,12283100
2019-01-29,103.88,105.11,103.73,104.17,9743300
2019-01-30,104.14,105.24,103.78,104.41,12526300
2019-01-31,103.41,103.8,102.73,103.5,17520600
2019-02-01,104.0,104.85,103.52,103.88,13000800
2019-02-04,103.79,104.25,103.010002,104.25,9871500
2019-02-05,104.52,104.55,103.29,103.79,12763000
2019-02-06,103.71,104.62,103.47,103.74,8745000
2019-02-07,103.25,103.5,101.44,102.38,13177500
2019-02-08,102.080002,102.34,100.059998,101.36,12892600
2019-02-11,101.76,102.010002,100.77,100.88,10978500
2019-02-12,101.95,102.92,101.89,102.6,12852300
2019-02-13,102.9,103.85,102.9,103.089996,10754100
2019-02-14,102.47,103.099998,101.35,102.42,11518500
2019-02-15,103.9,105.7,103.66,105.55,14716900
2019-02-19,104.91,105.37,103.81,105.18,12764900
2019-02-20,105.21,105.8,104.88,105.69,10030300
2019-02-21,105.45,105.99,104.96,105.47,8400100
2019-02-22,105.7,106.089996,104.78,105.0,10647300
2019-02-25,105.75,107.27,105.69,106.099998,11230700
2019-02-26,104.5,105.47,103.94,105.29,15465400
2019-02-27,105.18,105.38,104.51,105.16,9968800
2019-02-28,105.010002,105.21,104.18,104.36,15156900
2019-03-01,105.099998,105.91,104.2,104.43,13813300
2019-03-04,104.92,105.92,103.27,104.19,12466300
2019-03-05,104.13,104.55,103.26,104.11,10856600
2019-03-06,103.86,104.57,103.55,103.72,9070800
2019-03-07,103.25,103.47,102.16,102.97,12705700
2019-03-08,101.99,103.23,101.99,103.010002,10582400
2019-03-11,103.98,104.55,103.66,104.35,9763200
2019-03-12,104.59,104.79,103.75,104.040001,10219100
2019-03-13,104.19,104.98,103.95,104.39,13022200
2019-03-14,104.5,105.87,104.46,105.34,10926500
2019-03-15,105.41,106.8,105.23,106.55,24811700
2019-03-18,106.55,107.79,106.5,107.19,12935500
2019-03-19,108.2,108.4,106.55,106.8,12889300
2019-03-20,106.43,106.65,104.41,104.52,14920700
2019-03-21,103.49,103.49,102.28,102.87,19751000
2019-03-22,101.82,102.32,99.52,99.76,31115200
2019-03-25,99.59,100.57,98.089996,98.93,21032300
2019-03-26,99.82,100.4,98.82,99.92,15987100
2019-03-27,99.88,100.45,99.080002,99.58,12753200
2019-03-28,100.0,100.8,99.74,100.71,12454100
2019-03-29,101.54,101.99,100.59,101.23,14523400
2019-04-01,102.15,104.68,102.12,104.64,17499300
2019-04-02,104.6,105.44,104.33,105.14,10295400
2019-04-03,105.81,106.36,104.79,105.35,11499200
2019-04-04,104.55,105.73,104.45,105.56,11952100
2019-04-05,105.8,106.11,104.99,105.31,9933700
2019-04-08,105.11,105.65,104.91,105.65,8056300
2019-04-09,105.080002,105.2,104.25,104.87,9092200
2019-04-10,105.13,105.72,104.47,105.34,10882300
2019-04-11,105.71,106.73,105.56,106.23,11183800
2019-04-12,109.44,111.85,108.88,111.21,25834100
2019-04-15,110.92,111.0,109.12,109.94,15163800
2019-04-16,109.9,111.39,109.86,111.099998,11583200
2019-04-17,111.7,114.66,111.010002,114.3,17791900
2019-04-18,114.53,114.95,113.33,113.46,12501900
2019-04-22,112.83,113.93,112.66,113.6,7975900
2019-04-23,113.0,114.37,112.85,113.74,9193100
2019-04-24,113.26,114.15,112.81,113.55,9245700
2019-04-25,113.010002,114.15,112.5,113.61,9311800
2019-04-26,113.95,114.58,113.6,114.47,7889300
2019-04-29,114.6,117.16,114.45,116.12,14242200
2019-04-30,116.43,116.72,115.26,116.050003,11389100
2019-05-01,115.72,117.0,115.11,115.16,10412900
2019-05-02,115.17,115.78,114.58,115.41,8613300
2019-05-03,116.0,116.68,115.67,116.12,8185400
2019-05-06,114.18,115.47,113.72,115.089996,9387000
2019-05-07,114.029999,114.029999,112.29,113.21,15017700
2019-05-08,112.66,113.67,112.46,112.61,9575800
2019-05-09,111.14,112.74,110.58,112.52,12205900
2019-05-10,111.75,112.84,110.54,112.51,13189000
2019-05-13,110.080002,110.45,108.98,109.45,13783700
2019-05-14,109.55,111.72,109.5,110.32,10503600
2019-05-15,109.21,110.9,108.61,109.9,10142000
2019-05-16,110.62,112.17,110.59,111.31,9672700
2019-05-17,110.0,111.75,109.83,110.77,9570100
2019-05-20,110.58,111.81,110.37,111.35,8518200
2019-05-21,111.44,111.92,111.22,111.73,7967900
2019-05-22,111.4,111.79,110.75,110.82,7918900
2019-05-23,109.64,109.79,107.5,108.64,14558000
2019-05-24,109.52,109.96,109.19,109.71,8537300
2019-05-28,109.2,109.83,108.44,108.52,11665500
2019-05-29,107.45,108.4,107.059998,108.22,9966400
2019-05-30,108.65,109.18,106.54,107.059998,10367800
2019-05-31,105.56,106.59,104.84,105.96,10952800
2019-06-03,105.8,106.86,105.3,106.46,11680700
2019-06-04,107.85,109.9,107.13,109.74,12858600
2019-06-05,109.86,110.38,108.64,110.13,8340500
2019-06-06,110.15,110.87,108.93,110.37,8726700
2019-06-07,109.7,110.019997,108.96,109.16,10618900
2019-06-10,110.75,111.21,110.22,110.34,11380600
2019-06-11,110.82,111.57,110.37,110.68,9847700
2019-06-12,110.7,110.9,108.89,109.27,9670500
2019-06-13,109.46,110.16,109.050003,109.54,8406900
2019-06-14,109.57,110.3,108.63,109.82,9077400
2019-06-17,109.7,110.37,109.059998,109.22,8128600
2019-06-18,109.010002,111.41,108.98,110.71,11057300
2019-06-19,110.82,111.59,109.7,109.91,13126500
2019-06-20,110.88,111.089996,109.029999,110.19,13638000
2019-06-21,110.19,111.67,109.089996,109.44,27089500
2019-06-24,109.28,109.77,108.54,108.66,13039600
2019-06-25,108.68,108.98,107.67,107.76,18660100
2019-06-26,108.3,109.31,108.16,108.48,10324600
2019-06-27,108.84,109.55,108.44,108.84,10906600
2019-06-28,111.040001,112.43,110.9,111.8,21634700
2019-07-01,113.23,114.52,113.080002,113.68,12724500
2019-07-02,113.51,114.2,113.22,113.8,10174900
2019-07-03,113.34,113.87,112.26,112.82,6849400
2019-07-05,113.51,114.27,112.92,113.49,7929400
2019-07-08,112.96,113.48,112.5,112.87,6917200
2019-07-09,112.28,113.49,112.15,113.35,8947300
2019-07-10,113.37,113.83,112.74,113.019997,9242300
2019-07-11,113.37,114.36,113.12,114.099998,11595200
2019-07-12,114.13,115.35,113.93,115.3,10783400
2019-07-15,115.54,115.57,113.53,113.9,12946600
2019-07-16,113.48,115.5,112.92,115.12,16945000
2019-07-17,114.43,114.94,113.73,113.99,13120900
2019-07-18,113.93,115.07,113.55,114.67,9397200
2019-07-19,114.89,115.12,113.4,113.54,10402800
2019-07-22,112.91,114.45,112.77,114.27,9061100
2019-07-23,114.88,116.45,114.82,116.36,12752200
2019-07-24,115.58,116.88,115.52,116.83,10011000
2019-07-25,116.89,117.24,115.32,115.71,10138400
2019-07-26,115.77,116.51,115.53,116.22,12800400
2019-07-29,116.46,117.18,115.79,115.85,8500400
2019-07-30,115.19,116.080002,114.76,115.59,7121100
2019-07-31,116.099998,116.18,114.86,116.0,13648000
2019-08-01,115.33,116.8,112.6,112.94,15664500
2019-08-02,112.4,113.43,111.4,112.93,11025500
2019-08-05,110.79,110.98,108.27,109.57,15855300
2019-08-06,110.050003,110.5,108.34,110.43,10203500
2019-08-07,108.0,108.28,105.94,108.029999,17320900
2019-08-08,109.050003,110.080002,108.72,109.86,10903300
2019-08-09,109.35,110.45,108.29,109.74,9980800
2019-08-12,108.44,108.51,107.21,107.68,9393700
2019-08-13,107.95,110.33,107.029999,109.34,12124700
2019-08-14,106.3,106.91,104.45,104.8,19491800
2019-08-15,104.82,106.38,104.34,105.2,13365600
2019-08-16,106.37,107.98,105.87,107.72,11830600
2019-08-19,109.63,109.75,108.42,108.69,8265400
2019-08-20,107.85,108.44,107.24,107.31,8374000
2019-08-21,108.21,108.43,107.45,107.61,8189300
2019-08-22,108.37,109.27,107.93,108.72,9343400
2019-08-23,108.0,108.78,105.11,106.019997,14762300
2019-08-26,106.62,106.99,106.010002,106.87,8209500
2019-08-27,107.35,107.56,104.84,105.74,14331800
2019-08-28,105.080002,107.21,105.040001,106.8,10585500
2019-08-29,108.14,109.89,108.019997,109.22,10002200
2019-08-30,109.84,110.56,109.47,109.86,10170300
2019-09-03,108.98,108.99,107.32,108.56,9868800
2019-09-04,109.45,110.22,108.56,109.87,6929200
2019-09-05,111.25,113.72,111.2,112.37,13224700
2019-09-06,112.66,112.98,111.96,112.61,7836600
2019-09-09,113.71,116.059998,113.6,115.4,13985100
2019-09-10,116.3,117.27,115.73,116.87,14333100
2019-09-11,116.89,117.2,115.38,117.19,9919200
2019-09-12,116.55,118.47,115.92,117.91,12283500
2019-09-13,119.0,120.4,118.75,120.23,16257200
2019-09-16,118.9,119.87,118.38,119.16,11993900
2019-09-17,118.42,118.61,117.24,118.57,10735400
2019-09-18,118.32,120.080002,117.75,119.76,10665600
2019-09-19,119.7,120.34,119.089996,119.38,9382600
2019-09-20,119.74,120.34,118.87,118.9,21862800
2019-09-23,117.78,119.12,117.68,118.88,9135100
2019-09-24,118.75,119.26,117.040001,117.33,11696500
2019-09-25,117.27,118.36,117.12,118.0,9389400
2019-09-26,117.88,118.050003,116.95,117.029999,9899200
2019-09-27,117.96,118.64,117.28,117.72,10207800
2019-09-30,118.36,118.77,117.22,117.69,9755000
2019-10-01,118.4,119.0,115.41,115.55,11250300
2019-10-02,114.81,114.9,112.93,113.25,12548700
2019-10-03,112.27,112.91,110.52,112.19,12735200
2019-10-04,112.34,114.94,112.27,114.62,9453100
2019-10-07,114.19,115.5,114.07,114.37,6771600
2019-10-08,113.059998,113.059998,111.66,111.82,10806300
2019-10-09,112.67,113.16,112.07,112.63,7273700
2019-10-10,113.14,115.4,113.0,114.21,10994100
2019-10-11,116.029999,117.99,115.87,116.14,15076500
2019-10-14,115.85,116.87,115.66,116.45,8779000
2019-10-15,118.85,121.59,117.87,119.96,23379000
2019-10-16,119.96,120.62,119.38,119.68,11087700
2019-10-17,120.75,121.57,119.88,120.35,10818500
2019-10-18,120.0,121.019997,119.86,120.56,10417400
2019-10-21,122.050003,123.77,121.99,123.55,12714600
2019-10-22,123.45,125.099998,123.12,124.79,12549100
2019-10-23,124.2,125.15,124.17,125.12,8828300
2019-10-24,125.29,125.66,124.07,125.029999,8020500
2019-10-25,125.0,126.65,124.75,126.029999,9055700
2019-10-28,126.57,127.21,126.4,126.51,9522200
2019-10-29,126.059998,127.42,125.94,126.43,9797300
2019-10-30,126.050003,126.26,124.92,125.73,8513700
2019-10-31,125.49,125.73,123.86,124.92,11589100
2019-11-01,126.2,127.99,126.019997,127.8,11682600
2019-11-04,129.080002,129.42,128.56,128.82001,9159900
2019-11-05,129.39,130.3,128.84,129.10001,13747600
2019-11-06,128.69,129.84,128.58,129.3,11231100
2019-11-07,130.42999,131.28999,129.92,130.0,13528900
2019-11-08,129.88,130.39999,129.25,130.38,9293400
2019-11-11,129.60001,130.10001,129.35001,129.92,8679000
2019-11-12,129.63,130.62,129.0099945,129.16,9099000
2019-11-13,128.13,128.82001,127.42,128.48,8023300
2019-11-14,127.72,128.84,127.59,128.60001,8483400
2019-11-15,129.23,129.53,128.39999,129.53,10163600
2019-11-18,129.56,130.64999,128.99001,130.62,8749300
2019-11-19,130.99001,131.25,130.17999,130.58,8824500
2019-11-20,130.3,130.62,128.94,129.63,11782800
2019-11-21,130.0,130.72,129.39,129.92999,7705500
2019-11-22,130.14999,131.22,130.10001,130.78999,8167900
2019-11-25,131.25,132.070007,130.87,131.49001,10068500
2019-11-26,131.82001,131.82001,130.36,131.67,10490700
2019-11-27,132.28999,132.42999,131.64999,132.059998,6607900
2019-11-29,131.87,132.41,131.45,131.75999,5712000
2019-12-02,132.31,132.74001,131.35001,131.47,8615600
2019-12-03,129.77,129.96001,128.59,129.78,10361300
2019-12-04,130.38,132.47,129.99001,132.34,10318200
2019-12-05,132.67999,133.31,132.17999,133.059998,9587400
2019-12-06,134.69,135.78,134.64999,135.039993,10170600
2019-12-09,134.63,135.46001,134.41,134.41,8498200
2019-12-10,133.25,134.77,132.88,134.5,7532900
2019-12-11,134.28999,135.020004,134.0099945,134.17999,9011900
2019-12-12,134.49001,138.47,134.21001,138.020004,13717400
2019-12-13,137.95,138.83,136.22,136.81,10592100
2019-12-16,138.38,138.84,137.32001,137.34,11372000
2019-12-17,137.73,138.67,137.23,138.17999,11546800
2019-12-18,138.14999,139.020004,137.72,138.039993,10381500
2019-12-19,137.75999,138.22,137.10001,137.35001,9350400
2019-12-20,138.020004,138.88,136.89999,137.24001,29992600
2019-12-23,137.60001,137.91,136.88,137.2,9738400
2019-12-24,137.33,137.63,137.059998,137.58,3324300
2019-12-26,137.89,139.10001,137.78,139.039993,6770900
2019-12-27,139.3,139.77,138.67,139.14,7868200
2019-12-30,139.89999,140.080002,138.47,138.63,6963000
2019-12-31,138.50999,139.48,138.28999,139.39999,7201600
2020-01-02,139.78999,141.10001,139.25999,141.089996,10803700
2020-01-03,137.5,139.23,137.080002,138.34,10386800
2020-01-06,136.56,138.27,136.5,138.23,10259000
2020-01-07,137.28,137.86,135.82001,135.88,10531300
2020-01-08,135.7,137.58,135.60001,136.94,9695300
2020-01-09,138.050003,138.23,137.039993,137.44,9469000
2020-01-10,137.21001,137.25,135.81,136.070007,10190900
2020-01-13,136.19,137.2,135.75999,137.2,12355200
2020-01-14,137.94,140.75999,137.69,138.8,24906000
2020-01-15,137.85001,138.60001,136.14999,136.72,16293400
2020-01-16,137.45,137.89999,136.84,137.25,10783800
2020-01-17,137.53999,138.28999,137.32001,138.2,14697700
2020-01-21,137.19,138.070007,136.69,136.84,8474200
2020-01-22,137.24001,137.39999,136.38,136.67999,7549100
2020-01-23,135.71001,136.74001,134.72,136.53999,9345700
2020-01-24,136.37,136.42999,132.32001,133.14999,15166400
2020-01-27,130.27,132.94,129.71001,132.029999,12860500
2020-01-28,132.84,134.97,132.48,134.42999,13062800
2020-01-29,134.81,135.53999,133.69,134.23,9326000
2020-01-30,132.69,136.13,132.69,135.89,9048900
2020-01-31,134.49001,134.83,131.47,132.36,12785200
2020-02-03,132.66,134.24001,132.66,133.37,10021100
2020-02-04,135.55,136.60001,135.080002,135.28999,9157100
2020-02-05,136.57001,137.73,136.0099945,137.59,10150700
2020-02-06,138.24001,138.28999,137.11,137.61,8992300
2020-02-07,136.73,137.67,136.3,137.17,6379800
2020-02-10,136.95,137.85001,136.75,137.74001,5960700
2020-02-11,138.25999,138.82001,137.78,138.0,6578600
2020-02-12,138.60001,139.28999,137.8,138.0,7958000
2020-02-13,137.75,138.34,136.39999,137.88,7447500
2020-02-14,137.84,138.19,136.94,137.46001,6627600
2020-02-18,137.34,137.71001,135.050003,135.64,8996400
2020-02-19,136.91,138.39,136.34,137.49001,7071200
2020-02-20,137.17,138.36,136.53,137.49001,7422800
2020-02-21,136.55,136.92,134.92,135.81,9772800
2020-02-24,131.44,133.2,130.8,132.16,13618400
2020-02-25,131.0,132.23,125.59,126.26,20797200
2020-02-26,126.93,128.95,126.34,126.64,24825600
2020-02-27,122.91,125.62,121.3,121.37,23005500
2020-02-28,117.52,118.49,112.66,116.11,45931400
2020-03-02,116.63,121.58,114.46,121.52,27355400
2020-03-03,120.97,122.95,116.24,116.96,32547700
2020-03-04,118.33,120.19,114.7,119.85,25795900
2020-03-05,115.67,116.43,112.58,113.97,25025600
2020-03-06,106.26,110.32,105.019997,108.080002,38159400
2020-03-09,96.57,99.23,93.0,93.44,40352000
2020-03-10,99.0,101.28,94.58,100.7,31102700
2020-03-11,97.7,100.050003,94.55,95.96,38127000
2020-03-12,89.59,96.96,86.32,88.050003,49725200
2020-03-13,95.99,103.99,92.0,103.91,38543300
2020-03-16,85.2,93.98,84.55,88.36,38589700
2020-03-17,90.89,97.44,87.5,93.76,35239800
2020-03-18,87.67,90.79,80.36,83.89,41525600
2020-03-19,81.56,88.11,76.91,85.3,32175100
2020-03-20,86.3,89.46,82.48,83.5,30150800
2020-03-23,82.68,83.75,78.089996,79.029999,32536600
2020-03-24,84.9,90.099998,82.9,88.43,34363200
2020-03-25,89.24,95.15,84.54,91.73,38111700
2020-03-26,94.080002,98.57,93.54,98.12,29826300
2020-03-27,93.19,94.84,90.55,91.13,30041500
2020-03-30,90.65,94.089996,89.3,93.5,21656900
2020-03-31,92.050003,94.17,89.34,90.029999,23379300
2020-04-01,85.099998,86.56,83.25,84.36,28029600
2020-04-02,83.51,87.91,82.96,87.51,24018000
2020-04-03,86.0,87.48,82.77,84.050003,21199400
2020-04-06,88.99,90.99,87.7,89.46,26820800
2020-04-07,94.45,94.5,90.38,90.64,22563800
2020-04-08,92.099998,94.86,90.55,94.3,22903300
2020-04-09,96.92,104.39,96.89,102.76,42055900
2020-04-13,103.11,103.11,97.3,98.19,26911900
2020-04-14,101.019997,102.0,93.64,95.5,46151300
2020-04-15,91.15,92.029999,90.13,90.79,30118600
2020-04-16,90.23,90.57,87.050003,87.33,32449600
2020-04-17,92.0,95.7,90.96,95.18,30191900
2020-04-20,92.47,94.71,90.46,91.71,23679400
2020-04-21,88.62,91.38,88.33,89.050003,23035000
2020-04-22,90.69,91.87,89.18,89.34,16662400
2020-04-23,89.74,91.28,89.26,89.39,16638800
2020-04-24,90.64,91.099998,88.49,90.71,15809200
2020-04-27,91.94,95.63,91.54,94.62,22870200
2020-04-28,97.81,98.36,95.029999,95.29,20238900
2020-04-29,99.080002,99.45,97.27,97.86,20462600
2020-04-30,95.6,96.84,94.55,95.76,19127600
2020-05-01,93.5,93.74,91.84,93.25,18547700
2020-05-04,92.019997,92.67,90.8,92.14,15725900
2020-05-05,93.65,94.21,91.9,92.0,18064100
2020-05-06,92.16,92.76,89.93,90.27,20978000
2020-05-07,91.34,92.91,90.58,91.21,16771900
2020-05-08,92.8,94.080002,92.11,92.7,20487800
2020-05-11,91.11,91.11,89.33,89.97,31907600
2020-05-12,90.15,90.79,86.9,87.029999,27962900
2020-05-13,86.38,86.86,83.4,84.029999,35451600
2020-05-14,82.72,88.11,82.4,87.52,35152500
2020-05-15,86.85,87.28,85.3,85.9,26099000
2020-05-18,88.69,91.15,87.88,90.45,30504400
2020-05-19,90.050003,91.2,88.59,88.67,19597300
2020-05-20,90.71,92.39,90.37,91.33,20552400
2020-05-21,90.27,91.76,89.67,90.17,14621400
2020-05-22,90.010002,90.36,88.72,89.47,13557900
2020-05-26,92.89,97.5,92.61,95.82,41233900
2020-05-27,102.07,102.58,98.8,101.37,39402000
2020-05-28,102.94,102.95,99.4,99.86,24713900
2020-05-29,98.66,99.18,96.78,97.31,26526400
2020-06-01,97.75,99.51,97.38,98.6,15176800
2020-06-02,100.28,100.42,97.93,98.93,21195000
2020-06-03,101.58,104.92,101.059998,104.27,25941100
2020-06-04,103.82,106.61,102.79,106.44,26784700
2020-06-05,114.93,115.77,109.53,111.23,42231000
2020-06-08,113.41,114.19,111.94,113.45,24881800
2020-06-09,110.65,111.63,109.010002,110.54,17031100
2020-06-10,110.46,110.51,105.85,106.059998,24913300
2020-06-11,100.029999,101.58,96.54,97.21,36259200
2020-06-12,100.71,101.13,97.33,99.87,24856800
2020-06-15,96.42,101.43,95.87,101.25,22153600
2020-06-16,105.37,105.68,99.31,102.059998,22193600
2020-06-17,102.53,102.54,99.21,99.48,15639800
2020-06-18,98.67,100.52,98.13,98.94,16591900
2020-06-19,100.53,100.6,96.73,97.81,40371200
2020-06-22,97.25,97.95,96.54,96.75,16216900
2020-06-23,98.97,99.97,97.85,97.93,15381400
2020-06-24,96.75,96.84,94.31,94.66,22919800
2020-06-25,94.35,98.21,94.26,97.96,25743600
2020-06-26,95.11,95.37,92.0,92.59,41896300
2020-06-29,93.4,94.49,92.18,93.0,18499700
2020-06-30,92.83,94.66,92.57,94.059998,19137000
2020-07-01,94.89,95.71,93.029999,93.26,18755700
2020-07-02,94.74,94.96,91.93,92.66,27845600
2020-07-06,94.43,95.2,93.48,95.0,18625300
2020-07-07,93.82,94.099998,92.0,92.32,25757200
2020-07-08,92.29,93.34,91.8,93.3,18762200
2020-07-09,93.52,94.12,90.78,91.28,25600800
2020-07-10,92.0,96.84,91.87,96.27,28954200
2020-07-13,98.73,99.27,96.23,97.65,32079200
2020-07-14,98.37,99.95,96.64,98.21,42731700
2020-07-15,100.89,101.29,98.65,99.73,22508400
2020-07-16,98.78,101.22,98.55,100.010002,16886900
2020-07-17,100.0,100.080002,98.14,98.16,16137700
2020-07-20,97.43,98.39,97.26,97.3,14458100
2020-07-21,97.71,100.050003,97.64,99.41,17798100
2020-07-22,99.65,100.13,97.53,98.69,14271200
2020-07-23,98.5,99.35,97.97,98.98,12870200
2020-07-24,99.6,99.8,97.94,98.28,12744200
2020-07-27,97.51,97.63,96.17,96.9,11959100
2020-07-28,96.5,97.89,96.5,97.32,11754300
2020-07-29,97.07,99.71,97.0,99.68,12743500
2020-07-30,97.54,97.74,96.050003,97.019997,14834800
2020-07-31,96.48,96.93,95.25,96.64,14535000
2020-08-03,97.019997,97.57,95.85,96.099998,12962800
2020-08-04,95.91,95.95,95.029999,95.55,13366200
2020-08-05,95.87,98.47,95.72,97.21,15260900
2020-08-06,97.58,98.099998,96.54,97.24,10482100
2020-08-07,96.93,99.49,96.56,99.38,14743700
2020-08-10,100.11,102.040001,100.029999,100.64,14989900
2020-08-11,103.86,106.16,103.51,103.82,31518600
2020-08-12,106.16,106.43,101.71,102.94,19240800
2020-08-13,102.0,103.36,101.64,102.37,13598600
2020-08-14,101.5,103.31,101.42,102.41,12134400
2020-08-17,101.5,102.0,99.53,99.71,14988000
2020-08-18,99.91,99.91,98.12,98.32,13246500
2020-08-19,98.92,100.59,98.34,98.55,13533000
2020-08-20,97.26,98.029999,96.8,97.37,13672600
2020-08-21,97.27,98.57,96.94,97.32,12228300
2020-08-24,98.45,100.21,97.42,100.059998,17898300
2020-08-25,101.27,101.98,99.8,100.5,13648900
2020-08-26,99.94,100.27,99.050003,99.089996,12052400
2020-08-27,99.0,102.65,99.0,102.35,22163900
2020-08-28,103.14,103.25,101.81,102.77,13756700
2020-08-31,102.12,102.18,100.019997,100.19,14219400
2020-09-01,99.55,100.87,99.040001,100.14,11595600
2020-09-02,99.95,101.94,99.56,101.65,14475700
2020-09-03,103.32,104.99,100.64,101.33,23281200
2020-09-04,104.050003,105.21,101.37,103.52,26325500
2020-09-08,102.98,103.57,99.48,99.92,22108600
2020-09-09,100.8,101.69,99.56,100.87,13434000
2020-09-10,101.4,102.42,99.64,99.83,15922800
2020-09-11,99.97,101.36,99.59,101.07,13784300
2020-09-14,101.51,103.46,101.37,102.47,19017400
2020-09-15,102.73,102.85,99.14,99.28,23683000
2020-09-16,99.43,101.13,98.76,99.7,19270600
2020-09-17,98.7,99.34,97.71,98.56,18290100
2020-09-18,97.89,99.49,97.44,98.35,20121600
2020-09-21,95.2,96.050003,93.82,95.31,28378800
2020-09-22,94.96,95.66,93.67,94.27,19257000
2020-09-23,94.78,95.35,92.66,92.74,19952700
2020-09-24,92.32,94.3,91.38,92.66,18366500
2020-09-25,92.050003,93.72,91.87,93.47,13293100
2020-09-28,95.059998,96.93,94.35,96.16,20894100
2020-09-29,96.029999,96.029999,94.33,95.35,12848200
2020-09-30,95.35,97.2,95.26,96.27,16400600
2020-10-01,97.12,97.77,96.029999,96.97,15778700
2020-10-02,95.25,98.59,95.089996,97.89,15149600
2020-10-05,98.32,99.25,97.53,99.040001,13871900
2020-10-06,100.07,100.86,97.51,98.019997,19220400
2020-10-07,98.96,100.35,98.67,99.73,16358500
2020-10-08,100.51,101.92,99.9,101.78,15659000
2020-10-09,102.0,102.11,100.11,101.2,13689100
2020-10-12,101.099998,103.0,100.85,102.44,16058000
2020-10-13,103.0,103.22,100.26,100.78,21697300
2020-10-14,101.029999,101.93,100.099998,100.22,15204100
2020-10-15,99.099998,101.78,99.040001,101.72,17171200
2020-10-16,101.41,102.33,100.72,101.51,13275000
2020-10-19,101.6,101.87,99.56,99.8,11725700
2020-10-20,100.31,101.77,100.12,100.37,11257100
2020-10-21,100.36,100.99,99.33,99.37,10730500
2020-10-22,99.32,103.24,99.31,102.88,14837200
2020-10-23,103.5,104.45,102.93,103.81,15087600
2020-10-26,102.65,102.7,100.25,101.24,12410700
2020-10-27,100.51,100.92,99.16,99.33,10391700
2020-10-28,97.5,98.3,96.07,96.54,16389500
2020-10-29,96.12,97.98,95.24,97.17,14208800
2020-10-30,97.91,98.42,96.23,98.040001,15194500
2020-11-02,99.39,100.88,97.86,100.25,15011600
2020-11-03,103.019997,104.74,102.69,103.41,17482600
2020-11-04,101.0,102.07,98.93,100.25,18886500
2020-11-05,101.059998,105.099998,101.0,104.35,17837400
2020-11-06,105.029999,105.099998,102.39,102.96,12552800
2020-11-09,113.16,118.9,110.35,116.9,47792400
2020-11-10,117.35,117.45,114.69,116.52,20539300
2020-11-11,116.89,116.96,113.96,114.78,14443400
2020-11-12,112.53,113.96,112.059998,113.37,22063000
2020-11-13,114.7,114.86,113.57,114.080002,11847900
2020-11-16,117.79,118.61,115.73,117.3,19858600
2020-11-17,115.39,116.44,114.58,116.11,14553200
2020-11-18,117.34,118.61,115.2,115.25,12571200
2020-11-19,114.18,115.82,113.56,115.56,10202500
2020-11-20,114.43,115.65,114.089996,114.57,12718900
2020-11-23,116.050003,118.17,115.57,117.87,13209200
2020-11-24,120.07,123.5,119.71,123.32,20121600
2020-11-25,121.37,122.38,120.47,122.029999,11715600
2020-11-27,122.0,122.35,121.080002,121.22,5983600
2020-11-30,120.0,120.72,117.77,117.88,14411800
2020-12-01,120.34,121.58,119.63,119.74,12668900
2020-12-02,119.7,122.31,119.27,122.040001,10811300
2020-12-03,121.85,121.89,120.36,121.24,12904400
2020-12-04,122.48,123.29,121.69,122.34,13583700
2020-12-07,121.15,122.17,120.21,121.88,9724300
2020-12-08,121.040001,122.33,120.76,122.0,9592100
2020-12-09,123.17,123.3,120.44,121.050003,13073900
2020-12-10,119.99,120.78,119.56,120.27,13668400
2020-12-11,118.94,120.019997,118.37,119.56,9981600
2020-12-14,121.34,121.42,118.11,118.3,12112400
2020-12-15,119.29,120.9,118.62,120.32,12590200
2020-12-16,120.3,121.080002,119.86,120.67,11169400
2020-12-17,121.26,121.45,119.58,119.67,11618000
2020-12-18,119.14,119.88,118.27,119.080002,28954800
2020-12-21,123.17,125.0,121.089996,123.55,28323600
2020-12-22,123.39,123.52,121.61,121.67,11788200
2020-12-23,122.78,126.52,122.35,125.07,14973200
2020-12-24,125.089996,125.55,123.57,124.52,4164900
2020-12-28,125.82,126.65,124.79,125.34,8072600
2020-12-29,126.2,126.28,124.89,125.010002,8389200
2020-12-30,125.49,125.85,124.9,125.36,7398000
2020-12-31,125.089996,127.33,124.82,127.07,8580200
2021-01-04,127.5,127.86,124.78,125.87,16819900
2021-01-05,124.99,126.3,123.77,125.65,13731200
2021-01-06,129.88,132.77,127.88,131.55,24909100
2021-01-07,135.69,138.19,134.92,135.87,21940400
2021-01-08,135.97,136.35001,134.12,136.020004,12035100
2021-01-11,134.58,138.2,134.11,138.050003,15937900
2021-01-12,139.44,141.66,138.83,140.22,18033500
2021-01-13,138.59,140.78999,138.10001,140.35001,14816800
2021-01-14,140.49001,142.75,140.0,141.17,18565600
2021-01-15,137.42999,141.64999,137.0099945,138.64,27881000
2021-01-19,139.86,140.7,137.82001,138.039993,19843800
2021-01-20,137.82001,138.17,135.44,135.97,16028800
2021-01-21,135.69,136.16,134.32001,134.83,13411700
2021-01-22,132.69,134.39999,132.2,133.78999,12933200
2021-01-25,132.14,133.17,130.059998,132.12,14212800
2021-01-26,132.75,133.17,131.34,131.58,11307800
2021-01-27,129.59,129.85001,127.35,127.86,17603900
2021-01-28,129.89999,132.17,128.99001,130.11,13761800
2021-01-29,131.19,131.72,128.19,128.67,14808100
2021-02-01,129.39999,130.070007,128.48,129.62,11080700
2021-02-02,131.94,134.39,131.22,133.61,12253600
2021-02-03,133.64999,135.75999,133.50999,135.14,10600800
2021-02-04,135.47,138.66,135.47,138.25,12419500
2021-02-05,139.39,139.49001,137.38,137.98,10051300
2021-02-08,138.2,140.3,138.17999,140.14,10136400
2021-02-09,139.42999,139.98,138.53999,139.58,8614800
2021-02-10,140.0,140.87,139.039993,139.66,10323200
2021-02-11,139.66,140.55,138.22,139.27,9201000
2021-02-12,139.050003,141.61,139.0,141.25,8324600
2021-02-16,143.55,145.32001,142.39999,144.64999,12130600
2021-02-17,143.95,145.38,143.12,145.10001,10810100
2021-02-18,144.0,145.78999,143.39999,145.59,10587800
2021-02-19,145.86,148.84,145.86,148.020004,11969800
2021-02-22,146.87,150.19,146.78999,149.41,11488400
2021-02-23,151.50999,152.31,149.59,150.61,16234400
2021-02-24,150.11,153.75999,150.11,153.25999,15061400
2021-02-25,154.27,154.89999,150.59,151.17999,18127700
2021-02-26,150.3,150.87,146.50999,147.17,19829200
2021-03-01,149.52,151.38,148.48,150.5,14845500
2021-03-02,150.080002,151.78,149.84,150.0099945,14221700
2021-03-03,151.23,154.98,150.82001,152.91,14324100
2021-03-04,152.61,154.38,148.62,150.56,20093900
2021-03-05,153.22,153.49001,147.97,150.91,18465100
2021-03-08,152.47,155.46001,150.75,152.91,17133300
2021-03-09,151.5,154.25,149.82001,151.83,16238800
2021-03-10,151.91,156.16,151.50999,155.13,14342200
2021-03-11,154.11,156.14999,153.36,154.32001,11771500
2021-03-12,156.86,157.63,155.070007,156.14999,12849500
2021-03-15,156.35001,156.92,153.96001,155.37,12101100
2021-03-16,154.089996,154.60001,152.19,153.50999,12805600
2021-03-17,155.34,156.88,153.050003,155.089996,13952400
2021-03-18,157.60001,161.69,157.11,157.64999,21898500
2021-03-19,155.50999,155.94,151.19,155.14,54418800
2021-03-22,152.8,153.97,150.61,150.97,19944800
2021-03-23,150.33,152.12,148.96001,149.46001,17076300
2021-03-24,150.0,153.17999,149.86,150.62,13079800
2021-03-25,150.0,152.97,149.33,152.55,15608300
2021-03-26,154.3,155.45,152.55,155.089996,16754400
2021-03-29,152.12,153.73,151.039993,152.67999,17570300
2021-03-30,154.46001,155.87,153.88,154.48,13184300
2021-03-31,153.28,154.49001,152.12,152.23,16736700
2021-04-01,151.89999,153.78999,151.55,153.71001,16561500
2021-04-05,154.39999,154.94,152.60001,153.62,13508000
2021-04-06,152.78999,154.28,151.86,152.53999,13071600
2021-04-07,153.10001,155.23,152.64999,154.92999,16903500
2021-04-08,154.0,155.50999,152.31,155.12,12335500
2021-04-09,155.81,157.039993,154.97,156.28,12122400
2021-04-12,155.58,157.25,155.57001,155.95,12273400
2021-04-13,154.75,155.2,152.42999,154.089996,16113600
2021-04-14,151.47,153.83,150.92999,151.21001,19939600
2021-04-15,151.25,152.2,149.32001,152.17,17694100
2021-04-16,153.87,154.50999,152.69,153.3,13773400
2021-04-19,153.42,153.88,152.22,152.64999,11900200
2021-04-20,151.74001,151.75,148.64999,149.27,13716700
2021-04-21,147.78999,150.61,146.78999,150.53999,12236700
2021-04-22,150.23,150.3,147.25999,147.37,15256100
2021-04-23,147.17999,151.13,146.69,150.19,14041900
2021-04-26,150.78,152.46001,150.38,150.56,10799100
2021-04-27,150.5,151.57001,150.11,151.25,12821200
2021-04-28,152.42999,152.89,151.39999,152.23,8943700
2021-04-29,153.53999,155.28,153.2,155.19,12976900
2021-04-30,154.10001,154.49001,153.0099945,153.81,11705100
2021-05-03,154.85001,155.48,153.13,153.36,11801100
2021-05-04,152.87,155.64,152.14,155.48,12977700
2021-05-05,156.0,158.28,154.63,157.52,10506700
2021-05-06,158.070007,160.82001,157.16,160.69,13542400
2021-05-07,157.22,161.5,157.020004,161.24001,14257800
2021-05-10,161.5,163.73,161.12,161.22,14014300
2021-05-11,161.080002,162.39,158.039993,158.53999,15451700
2021-05-12,159.61,160.78,157.029999,157.45,14381700
2021-05-13,158.17999,162.45,157.67999,161.5,15395000
2021-05-14,162.39,164.45,161.99001,164.0099945,10584000
2021-05-17,163.37,164.85001,163.029999,164.67,9886800
2021-05-18,164.67999,165.5,162.24001,162.35001,11098100
2021-05-19,161.0,161.17999,158.64,161.11,13278900
2021-05-20,160.83,161.86,159.52,160.83,10426000
2021-05-21,161.34,163.22,160.94,162.66,10249000
2021-05-24,163.36,164.23,162.12,163.53999,9440300
2021-05-25,163.85001,165.7,161.56,161.85001,12609100
2021-05-26,163.57001,163.74001,161.31,161.83,13058300
2021-05-27,163.95,164.75,162.57001,164.35001,15707500
2021-05-28,164.67999,164.94,163.25999,164.24001,10291300
2021-06-01,165.87,166.91,165.48,166.050003,9445400
2021-06-02,167.25999,167.44,165.53,166.059998,10498600
2021-06-03,165.41,167.25,164.66,166.17,13354400
2021-06-04,166.21001,166.67,165.029999,166.44,8510800
2021-06-07,167.0,167.10001,165.14,165.66,7267200
2021-06-08,164.49001,165.75999,163.16,165.0,10370700
2021-06-09,164.14,164.22,162.28,162.94,12377400
2021-06-10,164.36,165.24001,160.31,160.39999,12119400
2021-06-11,160.42999,161.2,159.059998,160.28999,13683800
2021-06-14,160.14999,160.33,156.66,157.57001,19917900
2021-06-15,156.7,156.92,154.13,155.17999,24485500
2021-06-16,154.73,157.62,153.11,156.27,25321200
2021-06-17,157.10001,157.46001,151.25,151.75999,29722400
2021-06-18,149.3,149.7,147.56,147.92,43595700
2021-06-21,149.080002,151.2,149.020004,150.42999,18664800
2021-06-22,150.60001,150.97,148.66,150.21001,14251200
2021-06-23,150.2,152.039993,150.089996,151.12,12733300
2021-06-24,151.92,153.12,151.22,152.50999,13733200
2021-06-25,152.59,154.5,151.67,154.050003,15484900
2021-06-28,153.7,154.48,152.12,154.33,14125800
2021-06-29,155.0,156.31,153.61,154.14,14528700
2021-06-30,153.75,156.080002,153.71001,155.53999,12531000
2021-07-01,156.25999,157.14,155.42,157.080002,10479400
2021-07-02,155.95,156.32001,155.12,156.029999,11424000
2021-07-06,155.78,155.78,152.35001,153.41,15083400
2021-07-07,152.0099945,154.28,151.55,153.59,12271800
2021-07-08,151.61,152.53,150.039993,150.94,17834600
2021-07-09,153.050003,156.14999,152.58,155.77,13694500
2021-07-12,154.35001,159.16,153.94,158.0,19940400
2021-07-13,156.050003,157.39,153.5,155.64999,22671700
2021-07-14,155.95,157.28,152.95,155.12,14622800
2021-07-15,153.89999,156.53,153.7,155.46001,11539300
2021-07-16,155.96001,156.28,151.020004,151.91,14002700
2021-07-19,148.55,149.82001,145.71001,146.97,22172900
2021-07-20,146.52,151.12,146.33,149.71001,15385200
2021-07-21,152.050003,153.64999,151.36,152.86,12356700
2021-07-22,152.88,153.44,149.97,150.92999,9913300
2021-07-23,151.48,152.84,150.25,150.64,9666100
2021-07-26,150.19,151.96001,150.17,151.64999,8208000
2021-07-27,150.39999,152.49001,149.8,151.45,11218700
2021-07-28,152.28999,152.77,150.88,151.7,9217300
2021-07-29,153.14,153.87,151.91,153.0,9063500
2021-07-30,152.58,153.67,151.2,151.78,9805200
2021-08-02,152.029999,154.45,151.070007,151.17,10203200
2021-08-03,151.95,153.32001,149.52,152.89,10394800
2021-08-04,151.25,153.37,150.91,151.24001,10155000
2021-08-05,152.28,153.69,152.0099945,153.14999,9151500
2021-08-06,155.19,157.82001,155.11,157.5,13328800
2021-08-09,157.52,158.55,155.89999,157.33,9516900
2021-08-10,156.74001,159.98,156.31,159.25999,8667000
2021-08-11,160.0,161.5,159.080002,161.16,9156500
2021-08-12,161.88,162.37,160.55,161.78999,8844200
2021-08-13,161.78999,162.16,159.57001,159.98,8980900
2021-08-16,158.94,159.029999,156.78,158.92999,8755800
2021-08-17,157.57001,158.86,155.27,157.0099945,9347200
2021-08-18,156.31,158.0099945,155.34,155.58,8065500
2021-08-19,153.16,155.56,153.0099945,154.28,9517700
2021-08-20,154.35001,154.89999,153.16,154.72,6974100
2021-08-23,155.33,157.089996,155.24001,156.7,7934600
2021-08-24,157.0,158.55,156.87,157.67,7670900
2021-08-25,158.50999,161.78,157.8,160.92,11335000
2021-08-26,162.25999,163.83,161.14999,161.75,11027500
2021-08-27,161.75,163.16,161.25999,163.050003,8780200
2021-08-30,163.21001,163.49001,159.88,160.44,7937600
2021-08-31,160.44,161.37,159.35001,159.95,12340800
2021-09-01,160.22,160.75999,158.97,159.72,8729900
2021-09-02,160.020004,161.61,159.42999,160.46001,8813300
2021-09-03,160.39,160.89,159.14999,159.49001,7959700
2021-09-07,159.99001,161.38,158.96001,159.21001,9285600
2021-09-08,158.89,159.58,158.039993,158.5,7852700
2021-09-09,158.27,160.83,158.080002,159.19,7904300
2021-09-10,160.56,160.72,157.22,157.36,8311600
2021-09-13,158.53,160.050003,158.070007,159.86,10052800
2021-09-14,160.45,161.34,156.25999,157.070007,11685600
2021-09-15,156.72,158.69,156.47,158.16,11691500
2021-09-16,159.41,160.85001,157.22,158.089996,10880900
2021-09-17,157.38,159.0099945,157.0,157.67999,25581600
2021-09-20,153.89,154.56,150.49001,152.96001,15819900
2021-09-21,153.53,154.55,152.58,152.98,8999900
2021-09-22,155.2,157.25,155.10001,155.91,11236200
2021-09-23,158.0,161.71001,157.67,161.17999,12336100
2021-09-24,161.44,163.59,160.82001,163.039993,10102400
2021-09-27,165.0,167.39999,164.61,166.98,13220900
2021-09-28,167.7,169.3,165.66,166.080002,13387900
2021-09-29,166.21001,166.89999,165.039993,165.95,7777100
2021-09-30,166.92,166.99001,162.78999,163.69,13161200
2021-10-01,164.0,168.3,163.60001,167.13,11285000
2021-10-04,166.97,170.44,165.73,166.95,14120000
2021-10-05,167.21001,170.14,166.67,168.66,12292900
2021-10-06,167.99001,169.10001,166.0,169.020004,8692600
2021-10-07,171.2,171.50999,169.53999,170.089996,10195400
2021-10-08,170.020004,171.34,169.3,170.22,8190100
2021-10-11,170.8,171.28999,166.46001,166.64,12154700
2021-10-12,165.75,166.69,164.77,165.36,13032600
2021-10-13,164.070007,165.41,160.60001,161.0,22753500
2021-10-14,161.75,164.0099945,160.059998,163.47,15176800
2021-10-15,165.35001,167.17,164.14,166.61,14267400
2021-10-18,166.48,168.61,165.91,166.55,12672900
2021-10-19,167.39999,168.64999,166.58,168.57001,8053900
2021-10-20,168.3,170.87,167.46001,170.84,8185600
2021-10-21,170.75999,171.33,168.67999,169.5,8415200
2021-10-22,170.029999,172.089996,169.7,171.78,8817900
2021-10-25,172.71001,172.96001,170.48,170.94,10159200
2021-10-26,171.0,172.49001,170.53999,171.39999,8015100
2021-10-27,170.32001,170.7,167.34,167.83,9847000
2021-10-28,168.3,170.50999,167.96001,170.36,7212900
2021-10-29,171.17999,172.24001,169.39,169.89,8140100
2021-11-01,172.039993,172.33,169.0099945,169.8,7435500
2021-11-02,169.8,171.69,168.92,170.47,7173800
2021-11-03,170.13,171.13,169.14999,170.53,8402700
2021-11-04,170.0,170.2,166.49001,168.28999,9574200
2021-11-05,168.89999,170.089996,167.41,168.050003,7975600
2021-11-08,169.050003,170.92,168.74001,169.059998,6413700
2021-11-09,167.35001,168.47,166.60001,167.78,7990300
2021-11-10,167.45,168.95,167.089996,167.62,6999200
2021-11-11,167.52,168.67999,166.89999,167.61,5815300
2021-11-12,167.64999,167.74001,165.72,166.86,8113400
2021-11-15,167.21001,167.78999,166.0,166.56,6492500
2021-11-16,167.059998,167.070007,165.12,165.36,9706100
2021-11-17,165.21001,165.56,163.39,164.47,9909600
2021-11-18,164.39,164.85001,162.56,163.050003,8122500
2021-11-19,161.3,162.11,159.45,160.92,12193600
2021-11-22,164.16,165.98,162.99001,164.35001,14549900
2021-11-23,165.5,168.56,165.37,168.28,12354400
2021-11-24,168.46001,169.44,166.44,166.96001,9629800
2021-11-26,162.14,162.64999,158.82001,161.92999,13619300
2021-11-29,163.31,164.78,159.82001,161.23,12104400
2021-11-30,159.16,160.63,158.28999,158.83,18922600
2021-12-01,161.0,163.27,157.8,157.89,12253400
2021-12-02,159.83,163.25,158.8,161.21001,12969900
2021-12-03,161.5,161.83,157.19,158.28999,12681800
2021-12-06,161.0099945,162.61,159.46001,160.16,11186500
2021-12-07,161.88,163.39,161.16,162.57001,9851600
2021-12-08,162.66,163.27,160.17,160.71001,11705700
2021-12-09,159.64999,160.92999,158.64999,160.46001,11189600
2021-12-10,161.32001,161.7,159.13,159.82001,10405400
2021-12-13,159.5,159.78999,157.28,157.92,12069000
2021-12-14,157.45,160.89,157.3,159.13,12563600
2021-12-15,159.85001,159.85001,157.35001,157.94,14014200
2021-12-16,160.39,161.82001,158.7,160.41,19542800
2021-12-17,159.32001,159.38,155.17999,156.75999,28082000
2021-12-20,154.50999,154.7,151.84,153.94,15148000
2021-12-21,155.41,157.17999,155.089996,156.089996,11291300
2021-12-22,155.75,157.059998,155.24001,156.7,7273000
2021-12-23,157.61,159.12,157.21001,157.25999,8055200
2021-12-27,157.60001,158.2,156.34,158.16,6188100
2021-12-28,158.2,160.14999,158.080002,158.64,6342300
2021-12-29,158.85001,159.63,158.14999,158.56,6398900
2021-12-30,159.11,160.24001,158.37,158.48,6948200
2021-12-31,158.45,159.28999,157.96001,158.35001,5805900
2022-01-03,159.86,162.64,159.50999,161.7,13120900
2022-01-04,164.31,168.58,164.23,167.83,20195800
2022-01-05,167.82001,168.36,163.73,163.78,17539400
2022-01-06,166.91,167.37,163.87,165.52,14047500
2022-01-07,165.67,167.53,165.059998,167.16,13913300
2022-01-10,169.070007,169.31,165.53,167.32001,12922500
2022-01-11,168.25999,168.52,166.31,167.49001,11854100
2022-01-12,168.46001,169.59,167.17999,168.44,12568000
2022-01-13,168.34,169.81,167.89,168.23,13623400
2022-01-14,160.75999,161.029999,156.89999,157.89,40158400
2022-01-18,155.78,155.78,150.53999,151.27,32324800
2022-01-19,151.57001,152.23,148.55,148.92999,22380000
2022-01-20,148.99001,150.61,147.36,147.66,14860800
2022-01-21,147.5,147.50999,144.27,145.080002,20705400
2022-01-24,142.28,145.48,139.57001,144.95,28471400
2022-01-25,143.64999,146.85001,140.78999,146.53,18915900
2022-01-26,148.72,150.57001,145.96001,147.92,20709100
2022-01-27,149.42,150.38,144.13,145.31,17536800
2022-01-28,144.19,146.75999,142.17,146.61,14117000
2022-01-31,145.64,148.78999,144.67,148.60001,13985700
2022-02-01,148.69,151.47,148.3,151.14999,14584900
2022-02-02,150.5,150.94,148.070007,149.94,12441100
2022-02-03,150.0,151.64999,148.28999,148.7,12474900
2022-02-04,149.10001,153.5,148.77,152.56,16654400
2022-02-07,153.27,153.62,150.85001,153.070007,12572300
2022-02-08,155.0,158.48,154.8,155.95,20411400
2022-02-09,156.59,157.42999,155.82001,156.60001,9131100
2022-02-10,156.66,159.029999,155.22,155.95,16455600
2022-02-11,155.61,158.19,152.97,153.92,16830000
2022-02-14,152.73,153.67999,150.32001,152.49001,17026500
2022-02-15,154.50999,155.94,153.85001,154.72,9500000
2022-02-16,153.74001,156.10001,153.74001,155.0,9076500
2022-02-17,153.0,153.73,150.67,151.42999,11367500
2022-02-18,152.13,154.14,151.13,152.14,11733300
2022-02-22,150.60001,153.24001,150.41,151.87,11333500
2022-02-23,153.12,153.3,147.97,148.69,11799000
2022-02-24,142.94,144.99001,139.78,144.55,25655100
2022-02-25,145.25,150.13,144.91,147.97,18367700
2022-02-28,143.55,145.059998,140.88,141.8,31315300
2022-03-01,140.039993,140.48,133.58,136.45,36840400
2022-03-02,137.28999,140.039993,136.61,139.28,19405600
2022-03-03,139.84,140.98,137.059998,138.28999,16640800
2022-03-04,134.94,135.42,132.39999,134.39999,21016000
2022-03-07,132.17,132.69,128.95,129.21001,27560100
2022-03-08,129.64,131.78999,127.27,128.3,19207800
2022-03-09,132.89999,135.24001,132.44,133.44,17536200
2022-03-10,131.86,133.45,130.32001,131.86,15604200
2022-03-11,132.49001,134.080002,128.42,128.89,20061800
2022-03-14,129.46001,132.92,129.23,130.17,15786900
2022-03-15,131.8,133.55,131.13,132.48,15096600
2022-03-16,134.87,138.49001,134.42999,138.39999,20354900
2022-03-17,136.86,140.19,135.92,140.14999,17050500
2022-03-18,140.19,140.85001,138.46001,140.10001,23656500
2022-03-21,140.35001,140.75999,138.73,139.64999,12676100
2022-03-22,142.27,143.92999,141.72,142.62,13548600
2022-03-23,140.98,141.59,139.2,139.78,12093200
2022-03-24,140.3,140.71001,139.11,140.69,10017600
2022-03-25,141.089996,143.17999,140.8,141.92,8383500
2022-03-28,140.0,140.97,137.89999,140.87,10818100
2022-03-29,143.35001,143.60001,140.24001,141.17999,11316500
2022-03-30,141.89999,142.12,139.91,140.53999,8771000
2022-03-31,139.83,140.35001,136.25999,136.32001,17353900
2022-04-01,137.39999,137.41,133.8,135.31,15721300
2022-04-04,134.12,136.94,132.89,135.91,17416400
2022-04-05,134.070007,135.39999,133.0099945,133.34,12110300
2022-04-06,131.58,132.56,130.96001,131.49001,12914700
2022-04-07,130.95,131.92,128.73,131.089996,12994200
2022-04-08,131.67,133.89999,131.49001,133.49001,13126900
2022-04-11,133.0,134.89999,132.57001,133.0,10466400
2022-04-12,132.14,134.58,130.7,131.53999,12989900
2022-04-13,126.94,129.25,126.010002,127.3,30838000
2022-04-14,126.5,128.3,125.019997,126.12,18835200
2022-04-18,125.67,129.24001,125.54,128.46001,11834400
2022-04-19,128.45,131.32001,128.23,131.12,15015400
2022-04-20,132.52,133.50999,131.34,131.58,13430200
2022-04-21,132.22,132.81,129.96001,130.56,12174200
2022-04-22,130.28,130.52,126.69,126.81,14318800
2022-04-25,126.010002,127.12,123.11,126.77,17149000
2022-04-26,124.64,126.41,122.87,123.019997,17209500
2022-04-27,122.33,123.56,121.22,121.42,17215200
2022-04-28,122.81,123.65,121.14,123.34,13015600
2022-04-29,123.050003,123.61,118.9,119.36,14874800
2022-05-02,119.88,120.71,118.22,120.45,18545000
2022-05-03,121.53,124.17,120.78,123.029999,15720900
2022-05-04,122.8,127.4,122.74,127.099998,17128500
2022-05-05,125.25,126.099998,122.16,123.92,15055400
2022-05-06,123.8,124.29,121.18,123.72,14417900
2022-05-09,122.11,123.33,120.5,121.86,14312300
2022-05-10,123.11,123.78,117.56,118.89,16382400
2022-05-11,119.3,122.89,117.94,118.14,14630300
2022-05-12,117.0,118.32,115.37,118.040001,16318800
2022-05-13,119.41,120.25,117.96,119.089996,10443200
2022-05-16,118.54,119.46,117.23,118.26,10269000
2022-05-17,121.040001,122.97,120.81,122.18,11160200
2022-05-18,121.3,121.97,119.53,120.089996,12664900
2022-05-19,118.19,119.65,117.63,118.31,12765800
2022-05-20,119.46,119.67,115.019997,117.34,13150100
2022-05-23,120.46,126.57,120.45,124.6,24376700
2022-05-24,124.36,127.49,123.11,126.36,19324900
2022-05-25,126.28,127.86,125.17,127.24,12780400
2022-05-26,128.37,130.19,128.21001,129.44,15990900
2022-05-27,130.16,131.27,129.14,131.27,11177800
2022-05-31,130.17999,133.14999,129.71001,132.23,17015000
2022-06-01,132.87,132.87,128.67,129.91,10768000
2022-06-02,129.89999,132.0099945,128.67,132.0,8374800
2022-06-03,131.21001,131.77,129.99001,130.16,8596000
2022-06-06,131.089996,132.39,129.46001,129.73,11323500
2022-06-07,128.83,130.32001,128.62,130.070007,6722200
2022-06-08,129.0,129.45,126.9,128.0,8422100
2022-06-09,127.37,128.10001,125.27,125.31,13560100
2022-06-10,122.59,123.4,119.32,119.55,12945200
2022-06-13,116.86,117.95,115.059998,115.99,16805600
2022-06-14,115.55,117.32,113.22,114.059998,13357900
2022-06-15,115.62,116.95,113.17,115.41,14083500
2022-06-16,113.86,114.26,111.87,113.43,16724900
2022-06-17,113.54,114.63,112.16,113.029999,30919900
2022-06-21,115.87,117.029999,115.040001,115.83,11680500
2022-06-22,114.88,116.2,114.39,115.18,9842700
2022-06-23,115.010002,115.18,111.48,113.92,11851500
2022-06-24,113.23,117.82,112.83,117.32,14841100
2022-06-27,118.059998,118.5,115.64,116.38,11280500
2022-06-28,117.67,119.29,115.6,115.82,11590900
2022-06-29,116.0,116.82,114.73,115.3,9338400
2022-06-30,113.17,114.080002,110.93,112.61,15172600
2022-07-01,112.65,114.42,111.16,114.050003,10573600
2022-07-05,110.77,112.71,109.3,112.62,12514200
2022-07-06,111.73,112.99,110.79,111.89,10656200
2022-07-07,113.5,114.9,113.4,114.72,10347400
2022-07-08,115.16,115.65,113.61,114.36,8807800
2022-07-11,113.55,114.23,112.22,112.86,7939500
2022-07-12,112.58,115.18,112.26,112.97,11250900
2022-07-13,111.75,112.48,110.38,111.91,12979900
2022-07-14,107.99,108.23,106.059998,108.0,26204800
2022-07-15,109.16,113.88,107.67,112.95,18863900
2022-07-18,114.77,115.84,111.29,111.79,13977900
2022-07-19,113.13,114.94,112.67,114.56,11862300
2022-07-20,114.099998,114.74,113.48,114.54,11667500
2022-07-21,114.44,115.53,113.37,115.32,11595900
2022-07-22,115.24,116.25,113.67,114.76,7645500
2022-07-25,115.84,116.46,114.77,115.22,9394000
2022-07-26,114.58,115.58,113.029999,113.42,10675100
2022-07-27,114.010002,115.74,113.3,115.24,9337400
2022-07-28,115.25,115.98,113.53,114.81,10384800
2022-07-29,115.59,116.5,114.79,115.36,12944500
2022-08-01,114.5,115.11,113.07,114.21,14740400
2022-08-02,113.92,114.4,112.27,112.43,14942900
2022-08-03,113.45,114.099998,111.71,113.61,14394500
2022-08-04,112.85,113.32,111.019997,112.36,18033900
2022-08-05,112.53,116.19,112.050003,115.76,14174600
2022-08-08,116.25,116.7,114.18,114.35,10332500
2022-08-09,114.75,115.99,114.37,115.38,10233800
2022-08-10,117.96,119.37,117.5,118.39,12847300
2022-08-11,119.9,121.2,119.31,120.14,11684900
2022-08-12,120.67,122.25,119.44,122.13,9906700
2022-08-15,121.14,122.72,120.6,122.46,8456200
2022-08-16,122.29,124.24,121.87,123.63,9555000
2022-08-17,122.3,123.16,121.69,122.59,8149300
2022-08-18,122.24,122.47,120.55,121.64,9531800
2022-08-19,120.62,120.99,118.11,118.63,13464500
2022-08-22,116.75,117.16,115.5,116.67,8967600
2022-08-23,116.69,117.29,115.38,115.52,7607000
2022-08-24,115.29,116.41,114.45,115.8,9771300
2022-08-25,116.16,118.74,115.68,118.55,10758900
2022-08-26,119.46,119.99,114.6,114.67,11276200
2022-08-29,114.0,114.86,113.46,114.39,8117300
2022-08-30,115.0,115.58,113.36,114.41,10745400
2022-08-31,114.48,115.029999,113.34,113.73,10738300
2022-09-01,113.29,114.63,111.91,114.51,9979800
2022-09-02,115.87,117.45,113.19,113.71,10666600
2022-09-06,114.33,114.75,112.07,113.74,9751900
2022-09-07,113.13,116.11,112.76,115.9,10647900
2022-09-08,115.28,118.79,114.63,118.6,11435000
2022-09-09,119.14,120.050003,118.67,119.17,9299700
2022-09-12,120.62,121.55,119.79,120.58,8614600
2022-09-13,118.07,118.92,115.78,116.39,12904600
2022-09-14,116.7,117.84,114.88,116.12,9345700
2022-09-15,116.12,119.38,115.76,117.87,10821400
2022-09-16,117.39,117.4,115.37,117.080002,14844100
2022-09-19,116.0,118.73,115.51,118.16,8201300
2022-09-20,117.41,117.69,114.64,115.83,9619000
2022-09-21,116.54,116.6,112.42,112.49,12606300
2022-09-22,113.38,113.6,111.07,111.21,11684500
2022-09-23,110.050003,110.34,107.16,109.14,18138600
2022-09-26,108.0,109.61,106.059998,106.79,15753600
2022-09-27,107.75,108.17,104.65,105.85,12793600
2022-09-28,105.95,108.73,105.64,107.99,12762600
2022-09-29,106.95,107.28,104.4,106.16,12713900
2022-09-30,106.059998,107.62,104.4,104.5,15973400
2022-10-03,105.62,108.36,104.46,107.73,12248100
2022-10-04,110.61,112.99,109.86,112.77,16013600
2022-10-05,109.75,110.95,108.83,110.39,10943500
2022-10-06,109.46,110.19,107.94,108.14,11521400
2022-10-07,107.52,107.71,105.27,105.98,11681100
2022-10-10,106.73,107.31,104.52,104.99,8931700
2022-10-11,104.37,104.54,101.85,101.96,12739700
2022-10-12,101.8,104.73,101.28,103.61,13181000
2022-10-13,101.98,109.9,101.76,109.37,22398700
2022-10-14,111.96,115.24,110.72,111.19,33387100
2022-10-17,115.41,117.010002,114.32,115.86,22276300
2022-10-18,119.66,120.14,116.96,118.84,21539700
2022-10-19,117.99,118.83,115.67,116.51,17072000
2022-10-20,117.16,118.71,115.65,116.13,12207400
2022-10-21,116.46,122.39,116.33,122.23,20593300
2022-10-24,122.07,123.099998,121.33,122.38,12624200
2022-10-25,121.85,123.27,120.89,122.7,11289100
2022-10-26,123.0,125.2,122.88,124.11,11667000
2022-10-27,125.2,126.2,124.21,124.6,10727600
2022-10-28,125.29,126.28,124.050003,126.080002,11859500
2022-10-31,125.7,127.43,125.59,125.88,13295200
2022-11-01,126.87,128.28,126.33,128.14999,13386900
2022-11-02,127.65,130.36,126.64,126.97,16546100
2022-11-03,126.31,128.17999,125.91,127.2,12474400
2022-11-04,129.49001,130.83,128.46001,130.67999,14953200
2022-11-07,131.0,132.28999,130.48,131.37,12011200
2022-11-08,131.24001,132.059998,130.14,131.45,9884100
2022-11-09,131.32001,131.42999,129.22,129.74001,9494000
2022-11-10,132.63,135.25,132.53,135.080002,16351600
2022-11-11,135.19,136.17,133.78,135.3,10704700
2022-11-14,134.8,135.73,133.91,133.91,11085600
2022-11-15,134.67999,135.71001,131.60001,132.94,14038300
2022-11-16,133.0,133.56,132.029999,133.12,7893400
2022-11-17,132.0,132.89,131.28,132.53999,8820200
2022-11-18,134.57001,134.67,132.28,133.84,9468500
2022-11-21,133.74001,134.56,132.75,133.050003,7800500
2022-11-22,134.0,135.27,133.69,135.039993,9185700
2022-11-23,134.94,136.5,134.86,136.48,7316200
2022-11-25,136.48,137.14,136.059998,136.74001,3220500
2022-11-28,136.070007,136.71001,134.19,134.35001,9906900
2022-11-29,134.66,136.64,134.41,136.56,7925300
2022-11-30,136.089996,138.17999,133.19,138.17999,14761200
2022-12-01,138.17999,138.66,135.42999,136.24001,8858500
2022-12-02,134.49001,135.35001,133.34,135.16,8931900
2022-12-05,134.24001,134.57001,130.60001,131.37,10154500
2022-12-06,133.39,135.11,129.87,131.59,13966700
2022-12-07,131.31,133.080002,130.33,131.5,11739400
2022-12-08,132.33,132.98,131.42999,132.88,8907300
2022-12-09,132.2,133.75999,132.0,132.16,7957800
2022-12-12,132.39999,134.64999,131.60001,134.21001,8841600
2022-12-13,136.89,137.089996,133.080002,134.080002,10025400
2022-12-14,133.78,135.71001,132.75999,133.41,9966100
2022-12-15,131.14999,132.080002,129.050003,130.10001,12087800
2022-12-16,129.14999,129.89999,128.42999,129.28999,21133700
2022-12-19,129.64999,131.33,129.089996,130.059998,9017200
2022-12-20,130.97,132.050003,130.2,130.69,8549900
2022-12-21,132.17999,132.98,131.77,132.16,8051700
2022-12-22,131.10001,131.3,128.41,130.66,8648200
2022-12-23,130.58,131.44,129.64,131.28,5091900
2022-12-27,131.57001,132.22,130.55,131.74001,5411000
2022-12-28,131.85001,133.41,131.0099945,132.46001,8827700
2022-12-29,132.92999,133.27,132.31,133.22,6585200
2022-12-30,132.81,134.33,132.44,134.10001,9292500
2023-01-03,135.24001,136.74001,133.89,135.12,11054800
2023-01-04,135.99001,137.67999,135.57001,136.38,11687600
2023-01-05,135.66,135.71001,133.7,135.35001,8381300
2023-01-06,136.13,138.38,134.49001,137.94,10029100
2023-01-09,138.60001,138.88,136.88,137.37,8482300
2023-01-10,137.78999,138.72,137.31,138.60001,9048700
2023-01-11,138.89999,139.75,138.10001,139.63,8703700
2023-01-12,140.0,140.86,139.22,139.49001,11001700
2023-01-13,135.60001,143.49001,134.8,143.0099945,20200000
2023-01-17,141.17,141.53999,139.23,140.8,14292900
2023-01-18,138.92,140.73,136.41,136.57001,13392600
2023-01-19,135.32001,135.89999,133.59,134.75,13303400
2023-01-20,135.16,135.49001,133.55,135.080002,13092500
2023-01-23,135.12,137.96001,134.82001,137.27,10487100
2023-01-24,136.42,140.28999,135.0,138.45,6945000
2023-01-25,138.050003,139.12,137.25,139.12,8967000
2023-01-26,139.42,140.059998,138.36,139.98,7487600
2023-01-27,140.61,141.25999,139.75,140.32001,7489900
2023-01-30,139.23,140.089996,138.91,139.13,6729300
2023-01-31,139.88,140.070007,138.25,139.96001,9188700
2023-02-01,138.21001,140.88,138.12,139.59,8841800
2023-02-02,140.0,140.46001,138.0,138.94,11822100
2023-02-03,138.17999,142.33,138.13,141.089996,11501200
2023-02-06,140.23,142.24001,140.029999,141.92,8406200
2023-02-07,141.38,144.34,141.17999,143.64999,10447900
2023-02-08,142.64999,144.039993,142.28,142.64,6958000
2023-02-09,143.12,143.34,139.87,140.42,6443100
2023-02-10,139.78,141.28,138.59,141.039993,6582900
2023-02-13,141.3,142.73,140.74001,142.57001,7134600
2023-02-14,142.5,143.81,141.60001,143.2,9249400
2023-02-15,141.61,143.89,141.3,143.8,6728300
2023-02-16,142.91,143.39,141.67999,141.82001,8165300
2023-02-17,140.98,142.83,140.070007,142.24001,7948800
2023-02-21,140.69,141.34,138.75,139.63,9996300
2023-02-22,138.92,139.42999,137.44,138.56,11107500
2023-02-23,138.73,140.17,137.94,139.67,8068000
2023-02-24,139.11,141.36,138.92999,140.92999,9126900
2023-02-27,142.11,143.31,141.72,142.16,10014700
2023-02-28,142.94,143.75999,141.89999,143.35001,11019800
2023-03-01,142.10001,143.46001,141.8,142.55,7139200
2023-03-02,142.24001,142.42999,139.53999,141.070007,11106800
2023-03-03,141.50999,143.74001,141.080002,143.66,9513100
2023-03-06,143.44,144.039993,142.66,142.82001,9261300
2023-03-07,142.0099945,142.31,137.81,138.62,11747600
2023-03-08,138.0,138.59,136.89,137.8,10002500
2023-03-09,136.75999,137.35001,129.22,130.34,25888100
2023-03-10,128.96001,135.25999,127.82,133.64999,37599700
2023-03-13,131.21001,133.88,129.41,131.25,42901100
2023-03-14,135.28,135.53,131.28999,134.62,29648100
2023-03-15,130.98,130.99001,126.73,128.25999,34280600
2023-03-16,128.0099945,131.95,126.019997,130.75,24558500
2023-03-17,128.38,128.48,125.45,125.81,38396000
2023-03-20,126.99,129.47,126.010002,127.14,22875500
2023-03-21,130.59,131.73,130.19,130.55,17807800
2023-03-22,130.56,130.66,127.080002,127.18,17250200
2023-03-23,127.9,129.53,126.019997,126.84,16677600
2023-03-24,125.63,125.68,123.11,124.91,22311100
2023-03-27,126.79,129.38,126.29,128.49001,18853900
2023-03-28,128.71001,129.34,127.74,128.88,10820500
2023-03-29,130.10001,130.22,127.77,129.14,14595300
2023-03-30,129.95,130.12,127.65,128.75,12134700
2023-03-31,129.66,130.34,128.85001,130.31,13105200
2023-04-03,129.91,131.44,129.41,130.16,11775400
2023-04-04,130.5,130.59,127.41,128.42,11579900
2023-04-05,126.8,128.14999,126.46,127.61,9614700
2023-04-06,127.0,128.080002,126.86,127.47,8760200
2023-04-10,126.54,128.23,126.22,127.89,9477300
2023-04-11,128.3,128.94,127.54,128.52,10516300
2023-04-12,129.17999,130.42999,128.059998,128.5,11821000
2023-04-13,128.46001,129.039993,126.83,128.99001,12450200
2023-04-14,135.14999,139.12,134.89999,138.73,43931300
2023-04-17,139.95,140.059998,137.66,139.83,16050500
2023-04-18,140.27,141.78,139.029999,141.39999,13760100
2023-04-19,141.23,141.5,140.39999,141.22,9158100
2023-04-20,139.91,141.42999,139.84,140.81,10586200
2023-04-21,139.74001,141.11,138.78,140.53999,11842500
2023-04-24,140.46001,141.10001,140.039993,140.73,7567500
2023-04-25,139.60001,139.96001,137.63,137.67,10629300
2023-04-26,137.62,137.81,134.0,135.23,14416100
2023-04-27,136.0,137.91,135.66,137.050003,9041100
2023-04-28,136.56,138.32001,135.67,138.24001,9881800
2023-05-01,142.25999,143.37,140.83,141.2,20415800
2023-05-02,141.39999,142.41,138.42999,138.92,14113400
2023-05-03,138.44,138.67,135.75999,135.98,12930900
2023-05-04,134.96001,135.72,131.81,134.12,17089200
2023-05-05,136.44,137.88,135.91,136.74001,11259100
2023-05-08,137.49001,137.97,136.48,137.070007,7484900
2023-05-09,135.92999,136.95,135.21001,136.41,7343600
2023-05-10,137.95,138.059998,134.87,136.48,8133400
2023-05-11,135.0,136.81,134.89999,136.050003,7057300
2023-05-12,136.82001,136.99001,133.13,134.10001,9986400
2023-05-15,134.27,135.67,133.96001,135.23,7639500
2023-05-16,135.46001,135.94,133.96001,134.32001,6477200
2023-05-17,135.89999,138.59,135.46001,138.45,12711500
2023-05-18,138.27,139.73,137.75999,139.5,10999600
2023-05-19,139.78999,140.49001,138.13,139.17999,13490700
2023-05-22,141.0,141.64,137.66,138.029999,11402500
2023-05-23,137.53999,139.029999,136.46001,136.59,9514900
2023-05-24,135.39999,136.35001,135.080002,135.34,8578000
2023-05-25,134.82001,136.27,134.58,135.67,8472500
2023-05-26,136.11,137.60001,135.63,136.94,8579900
2023-05-30,136.8,137.72,136.020004,137.46001,7399900
2023-05-31,136.73,136.84,134.39999,135.71001,14219900
2023-06-01,136.52,138.23,135.45,137.58,12248100
2023-06-02,139.56,141.48,139.34,140.47,12917200
2023-06-05,140.11,140.11,138.13,139.089996,8511900
2023-06-06,138.67999,140.10001,138.21001,139.34,9329500
2023-06-07,139.55,141.27,138.83,140.69,9281400
2023-06-08,140.67,140.89,139.48,140.73,7368100
2023-06-09,140.35001,141.8,140.21001,141.0099945,7249100
2023-06-12,141.070007,141.32001,139.75999,141.0,7596600
2023-06-13,140.48,142.87,140.14,142.020004,7701600
2023-06-14,143.0,143.61,140.7,141.49001,9068700
2023-06-15,140.59,143.39999,140.029999,143.089996,9343100
2023-06-16,143.050003,143.97,142.5,143.25999,13812100
2023-06-20,142.61,143.0,141.039993,142.53,8428600
2023-06-21,142.89999,144.020004,141.69,142.32001,9926500
2023-06-22,142.31,142.60001,138.95,139.58,10075200
2023-06-23,138.53999,139.17999,137.62,138.85001,9907500
2023-06-26,138.87,140.0099945,137.69,139.19,8429700
2023-06-27,139.0,139.84,138.53999,139.2,8154000
2023-06-28,139.16,139.21001,137.96001,138.59,7558600
2023-06-29,140.070007,143.56,139.85001,143.42999,15423200
2023-06-30,144.60001,146.0,143.66,145.44,14208500
2023-07-03,146.19,147.48,146.0,146.61,8021600
2023-07-05,144.94,145.42999,144.36,144.64,8934900
2023-07-06,143.020004,143.39,141.44,143.21001,9709500
2023-07-07,143.91,145.84,143.0,144.34,8977500
2023-07-10,144.5,145.99001,144.5,145.14999,9100100
2023-07-11,146.34,147.82001,145.71001,147.42,11265600
2023-07-12,147.45,149.87,147.0,148.14999,11323200
2023-07-13,148.7,149.37,147.75,148.87,11234900
2023-07-14,151.55,152.89,148.41,149.77,27011600
2023-07-17,150.35001,153.75,150.35001,153.38,17262400
2023-07-18,153.38,154.39999,152.82001,153.66,13491700
2023-07-19,152.75,155.21001,152.22,154.25,12510000
2023-07-20,154.53,156.59,154.41,156.14999,9935900
2023-07-21,155.8,156.14,154.69,154.95,10633100
2023-07-24,154.97,158.78999,154.73,158.0,14381400
2023-07-25,157.3,157.72,155.96001,156.82001,9944700
2023-07-26,156.71001,158.25,156.28,157.75999,8728600
2023-07-27,157.77,158.78,155.55,156.020004,10778400
2023-07-28,157.28,157.60001,156.44,156.91,9103800
2023-07-31,157.17999,159.38,157.14999,157.96001,8892700
2023-08-01,157.42999,158.0,156.14999,157.17999,6853900
2023-08-02,155.56,155.69,153.94,155.39999,8299400
2023-08-03,155.0,156.92,154.35001,156.35001,6084000
2023-08-04,156.39999,157.8,155.7,156.020004,6206600
2023-08-07,156.60001,157.7,156.60001,156.75999,7251800
2023-08-08,154.32001,155.98,152.59,155.88,8623400
2023-08-09,155.32001,155.52,153.47,153.78999,6277800
2023-08-10,154.38,155.44,153.089996,153.56,5995100
2023-08-11,153.029999,154.52,152.63,154.45,5178000
2023-08-14,153.61,154.92,152.92,154.77,5044300
2023-08-15,152.85001,153.27,150.23,150.83,10300300
2023-08-16,150.60001,150.96001,149.67999,150.19,6978200
2023-08-17,150.88,151.25999,148.39999,148.63,9953900
2023-08-18,147.64999,149.5,147.44,148.97,8516900
2023-08-21,149.64999,150.10001,148.020004,149.48,8327000
2023-08-22,149.25999,149.64,145.85001,146.38,9682000
2023-08-23,146.35001,147.59,145.46001,147.37,7858000
2023-08-24,147.5,149.41,146.99001,147.23,6534000
2023-08-25,147.28,148.62,145.85001,147.050003,6695500
2023-08-28,147.57001,148.61,147.13,147.56,5094100
2023-08-29,147.71001,148.85001,147.17999,148.75999,6337000
2023-08-30,148.62,149.14999,147.19,148.16,6277300
2023-08-31,148.25999,148.35001,145.96001,146.33,10933900
2023-09-01,146.089996,148.080002,145.7,146.82001,7902100
2023-09-05,147.16,148.21001,145.0099945,145.2,7854700
2023-09-06,144.7,145.53999,144.11,144.96001,8629200
2023-09-07,144.13,145.27,143.39,143.72,8373700
2023-09-08,143.37,144.12,142.64999,143.83,7107900
2023-09-11,144.75,145.050003,143.69,144.46001,6854200
2023-09-12,144.5,147.32001,144.050003,146.34,8363200
2023-09-13,147.34,147.7,145.82001,146.41,8325900
2023-09-14,147.84,149.89999,147.52,149.25,10034900
2023-09-15,148.92,149.73,148.31,148.81,19824100
2023-09-18,148.16,149.14,147.75,149.12,6512400
2023-09-19,149.5,149.72,147.21001,148.92999,7943400
2023-09-20,149.64999,150.25,148.14,148.3,7332000
2023-09-21,147.58,148.85001,146.63,147.14,8052400
2023-09-22,147.28999,147.50999,145.19,145.73,7071700
2023-09-25,145.35001,146.52,143.7,146.45,7044700
2023-09-26,144.60001,145.84,144.23,144.92999,7468400
2023-09-27,145.19,146.089996,144.50999,145.78,6717800
2023-09-28,146.28,148.87,146.0099945,147.59,8868100
2023-09-29,148.60001,148.75999,144.86,145.020004,11915700
2023-10-02,144.83,145.62,142.63,143.77,9170600
2023-10-03,143.2,143.59,142.35001,142.71001,9431100
2023-10-04,143.19,143.47,141.92999,143.35001,8128700
2023-10-05,142.039993,143.10001,140.83,142.89999,8576200
2023-10-06,142.91,145.88,142.14,145.10001,10269400
2023-10-09,143.66,145.39999,143.5,144.77,6964900
2023-10-10,145.42,146.77,145.28,145.64999,11288800
2023-10-11,146.50999,147.23,145.020004,146.14999,8698200
2023-10-12,146.3,146.96001,145.13,145.81,10484400
2023-10-13,148.5,153.11,147.84,148.0,29427000
2023-10-16,149.45,149.52,146.72,147.85001,12663500
2023-10-17,147.57001,149.31,146.78999,147.53,11482700
2023-10-18,146.59,147.48,145.37,145.91,9620300
2023-10-19,145.48,147.020004,144.88,145.28999,11143600
2023-10-20,144.57001,145.14,142.12,142.95,13332000
2023-10-23,142.94,143.67999,140.73,141.0,10133400
2023-10-24,141.19,141.73,140.36,141.17,8881400
2023-10-25,140.57001,141.17999,139.50999,140.39999,8242600
2023-10-26,139.75999,141.67,139.42999,140.75999,9109400
2023-10-27,138.95,139.10001,135.19,135.69,17434700
2023-10-30,136.44,138.039993,136.039993,137.42,9855500
2023-10-31,137.71001,139.24001,137.47,139.059998,9672500
2023-11-01,139.25,140.53,138.47,138.94,9432000
2023-11-02,140.089996,141.48,139.23,141.42,10186200
2023-11-03,142.19,143.77,141.85001,143.0,9533100
2023-11-06,143.17,144.19,142.78999,144.080002,7625100
2023-11-07,143.50999,144.25999,142.82001,144.0099945,6297900
2023-11-08,144.11,144.84,143.62,144.72,7618200
2023-11-09,145.44,145.64999,143.7,144.28999,7992500
2023-11-10,144.94,146.48,144.080002,146.42999,7983300
2023-11-13,145.7,146.25,145.16,145.78,6676300
2023-11-14,146.67999,149.25,146.52,148.44,9927700
2023-11-15,148.46001,150.16,148.46001,149.74001,8365300
2023-11-16,150.089996,151.53,150.089996,151.45,8126200
2023-11-17,152.2,152.86,151.53999,152.82001,7812400
2023-11-20,152.080002,153.75,151.92,153.28999,7019000
2023-11-21,153.2,153.63,152.57001,152.97,7083500
2023-11-22,153.41,153.88,152.89999,153.33,5174500
2023-11-24,153.59,154.44,153.28,153.53999,3496900
2023-11-27,153.42999,153.53,152.71001,153.19,6259100
2023-11-28,153.22,153.87,152.72,153.53999,6582700
2023-11-29,154.17,155.63,154.0,154.32001,9126100
2023-11-30,154.91,156.13,154.38,156.080002,9869800
2023-12-01,155.82001,157.86,155.82001,156.84,8913000
2023-12-04,156.020004,158.050003,155.88,157.99001,9607500
2023-12-05,157.25999,158.5,156.97,157.97,9135600
2023-12-06,158.84,159.22,156.0,156.31,9366000
2023-12-07,156.69,157.31,156.14999,156.78999,8130900
2023-12-08,157.25999,158.78,156.98,158.52,7366200
2023-12-11,158.52,159.3,158.14999,159.10001,8093900
2023-12-12,159.23,160.64999,158.88,160.52,10223000
2023-12-13,160.52,162.029999,159.77,161.059998,12379100
2023-12-14,161.83,164.84,161.71001,163.99001,13643000
2023-12-15,163.080002,165.28,162.39,165.23,20305900
2023-12-18,165.92,167.13,165.63,166.23,8469600
2023-12-19,166.0,168.47,165.55,168.45,10345700
2023-12-20,167.99001,169.41,166.45,166.55,10734700
2023-12-21,166.84,168.089996,165.67999,167.5,7601700
2023-12-22,167.5,168.23,167.23,167.39999,6574900
2023-12-26,167.46001,168.77,167.17999,168.39,4683600
2023-12-27,167.84,169.47,167.58,169.39999,6428600
2023-12-28,169.35001,170.66,169.0,170.3,6320100
2023-12-29,170.0,170.69,169.63,170.10001,6431800
2024-01-02,169.089996,172.17,168.91,172.080002,9977400
2024-01-03,171.86,172.039993,170.37,171.33,9852300
2024-01-04,170.64,173.35001,170.53999,171.41,11972500
2024-01-05,171.47,173.38,171.47,172.27,10064200
2024-01-08,172.020004,172.36,169.49001,172.020004,11229900
2024-01-09,171.62,171.78999,170.10001,170.66,9923600
2024-01-10,170.0,171.080002,168.95,171.020004,9670200
2024-01-11,170.33,170.36,168.64,170.3,11919500
2024-01-12,173.8,176.31,168.89999,169.050003,19429200
2024-01-16,164.87,168.089996,164.3,167.99001,17206400
2024-01-17,167.34,169.070007,166.49001,167.089996,11107500
2024-01-18,167.12,167.53,165.24001,167.42,9382300
2024-01-19,167.55,170.57001,167.080002,170.31,13114400
2024-01-22,170.46001,171.98,169.71001,170.11,12837500
2024-01-23,169.67,169.75,168.44,168.99001,8360800
2024-01-24,169.36,171.0099945,168.86,170.5,9967100
2024-01-25,172.31,172.99001,170.91,172.94,8873500
2024-01-26,172.61,173.059998,171.78,172.28,7443000
2024-01-29,172.24001,172.84,171.3,172.73,6971200
2024-01-30,172.83,176.75999,172.83,176.27,10822100
2024-01-31,176.2,178.3,174.34,174.36,11521800
2024-02-01,173.64,174.84,171.42999,173.73,9354800
2024-02-02,173.3,175.82001,173.25999,174.73,8607600
2024-02-05,173.86,175.089996,172.92,174.5,7820200
2024-02-06,174.61,175.87,173.75999,175.10001,6764800
2024-02-07,175.69,175.87,173.96001,175.42999,7225500
2024-02-08,175.0,175.31,173.57001,174.8,6060300
2024-02-09,175.0,175.10001,173.67,175.0099945,6296700
2024-02-12,174.78,176.81,173.7,175.78999,8539300
2024-02-13,175.32001,176.23,172.62,174.25999,8397600
2024-02-14,175.070007,176.10001,174.42,176.029999,7056700
2024-02-15,176.14999,180.21001,176.14999,179.87,8723400
2024-02-16,179.61,179.98,178.16,179.029999,8148100
2024-02-20,179.19,180.46001,178.41,179.73,9668000
2024-02-21,179.95,180.99001,178.52,180.89999,7027900
2024-02-22,181.82001,183.42,181.24001,183.070007,9296500
2024-02-23,183.81,185.2,183.19,183.99001,7105800
2024-02-26,183.75,184.46001,182.48,183.36,7145400
2024-02-27,183.31,183.53999,182.24001,183.45,5717100
2024-02-28,183.42999,185.2,182.96001,184.38,6131600
2024-02-29,185.66,186.42999,183.85001,186.059998,9643000
2024-03-01,185.7,186.44,185.10001,185.28999,6311800
2024-03-04,184.71001,187.59,184.27,186.67999,7063600
2024-03-05,186.36,189.3,186.36,188.55,6617800
2024-03-06,189.25,190.070007,187.63,189.53,7572900
2024-03-07,189.91,190.5,186.63,187.87,7618300
2024-03-08,188.44,190.46001,187.92,188.22,6166800
2024-03-11,187.28,188.44,186.22,188.28999,5762600
2024-03-12,188.95,190.16,187.91,189.84,5708400
2024-03-13,190.36,191.73,189.84,191.38,7795500
2024-03-14,191.029999,191.63,187.10001,187.97,10310900
2024-03-15,186.48,190.94,186.48,190.3,17208100
2024-03-18,190.63,192.7,189.89,192.66,9013800
2024-03-19,192.71001,193.92999,192.38,193.78999,8478700
2024-03-20,194.19,196.56,193.61,196.33,9367000
2024-03-21,196.52,199.42999,196.33,199.059998,11203800
2024-03-22,199.0099945,200.48,196.53999,196.62,8105800
2024-03-25,196.60001,196.94,194.36,194.82001,8620000
2024-03-26,194.59,196.66,194.059998,195.73,5961500
2024-03-27,196.5,199.60001,196.38,199.52,8725800
2024-03-28,199.49001,200.72,198.53999,200.3,8628300
2024-04-01,199.99001,200.94,198.57001,198.94,7309000
2024-04-02,198.39,199.78,198.080002,198.86,7014700
2024-04-03,199.039993,199.56,197.7,198.3,9353400
2024-04-04,199.14999,199.67999,195.55,195.64999,9243800
2024-04-05,196.16,198.12,195.11,197.45,6531000
2024-04-08,197.62,198.98,197.62,198.48,8001000
2024-04-09,198.070007,198.88,194.91,197.14999,7358600
2024-04-10,195.55,197.070007,194.17999,195.47,7681400
2024-04-11,196.0,196.57001,193.24001,195.42999,10137700
2024-04-12,188.32001,188.92999,182.53999,182.78999,31506200
2024-04-15,184.5,187.46001,182.2,182.89,14766600
2024-04-16,182.89999,183.16,179.64999,180.8,16451800
2024-04-17,181.37,182.42,179.2,180.080002,9017100
2024-04-18,181.10001,183.36,179.97,181.25,9557700
2024-04-19,182.39999,185.88,181.41,185.8,13380200
2024-04-22,185.99001,190.13,185.98,189.41,11529700
2024-04-23,191.13,192.23,190.52,192.14,9144400
2024-04-24,190.53,193.23,190.17,193.080002,6964900
2024-04-25,192.25,193.94,191.17999,193.37,9802300
2024-04-26,193.57001,194.87,193.059998,193.49001,6413700
2024-04-29,193.48,194.25999,192.42999,193.28,5387800
2024-04-30,192.81,194.99001,191.64,191.74001,8153700
2024-05-01,192.27,194.46001,190.78999,191.86,7445300
2024-05-02,193.070007,193.5,189.52,191.66,6501700
2024-05-03,192.0,192.53,188.46001,190.50999,8922800
2024-05-06,191.73,192.2,189.82001,192.0,7911100
2024-05-07,191.7,192.92999,191.64999,191.75,7688800
2024-05-08,191.0,196.64999,191.0,195.64999,9227600
2024-05-09,195.17,197.59,195.10001,197.5,7977300
2024-05-10,198.53999,199.34,198.27,198.77,7529800
2024-05-13,198.8,199.85001,198.039993,198.73,7049200
2024-05-14,199.0,201.58,198.16,201.50999,8596200
2024-05-15,202.0099945,202.69,199.77,202.11,8370000
2024-05-16,202.22,204.48,201.99001,202.47,8497900
2024-05-17,203.81,205.050003,202.81,204.78999,9260500
2024-05-20,204.39,205.88,195.39999,195.58,17373300
2024-05-21,197.0,199.89999,196.60001,199.52,14420800
2024-05-22,199.0,200.94,197.69,198.31,9425300
2024-05-23,197.81,198.3,196.070007,196.92,8069400
2024-05-24,197.75,200.75999,197.56,200.71001,7355400
2024-05-28,199.86,200.41,198.66,199.5,6910200
2024-05-29,198.0,198.99001,196.89,198.11,6120000
2024-05-30,198.56,199.85001,198.39999,199.33,6829700
2024-05-31,199.3,203.3,198.35001,202.63,14417900
2024-06-03,202.31,202.42,199.19,201.82001,6444300
2024-06-04,200.16,201.98,198.28,199.16,6848300
2024-06-05,199.75999,199.82001,196.92,197.25999,8351600
2024-06-06,197.25999,198.020004,195.33,196.91,7640300
2024-06-07,197.42999,200.92,197.0099945,199.95,6964500
2024-06-10,199.24001,200.84,198.44,199.61,6071200
2024-06-11,197.91,197.94,193.60001,194.36,9235300
2024-06-12,196.0,196.72,191.31,191.53,12751300
2024-06-13,192.32001,194.58,190.88,193.66,8587800
2024-06-14,191.45,194.86,191.42,193.78,6874000
2024-06-17,193.48,195.58,192.64,194.98,8725400
2024-06-18,194.60001,197.96001,194.13,197.0,9023000
2024-06-20,196.39,199.45,196.11,198.67,8731100
2024-06-21,196.71001,197.17,194.22,196.3,20972500
2024-06-24,197.81,199.23,197.10001,198.88,9785900
2024-06-25,198.089996,200.070007,197.74001,198.070007,6915900
2024-06-26,197.45,197.94,196.28,197.42999,7758600
2024-06-27,197.44,199.86,196.89999,199.17,7913500
2024-06-28,200.0099945,202.60001,199.3,202.25999,15307600
2024-07-01,202.84,207.089996,202.66,205.45,10205800
2024-07-02,205.28999,208.86,204.77,208.83,7802900
2024-07-03,209.55,210.38,207.64999,208.69,5560900
2024-07-05,206.99001,207.37,204.52,204.78999,8093100
2024-07-08,205.039993,206.89999,203.97,205.17,8707000
2024-07-09,205.63,209.75999,205.45,207.63,9058900
2024-07-10,206.14,207.97,205.58,207.8,8328500
2024-07-11,206.21001,208.10001,205.38,207.45,10658100
2024-07-12,204.0,207.45,202.10001,204.94,15443400
2024-07-15,207.19,211.61,206.72,210.050003,10719700
2024-07-16,210.0,213.74001,208.080002,213.62,11557000
2024-07-17,213.8,217.56,213.27,216.87,11572500
2024-07-18,215.63,216.64,209.24001,209.98,12415100
2024-07-19,211.2,212.35001,208.92,209.78,8095900
2024-07-22,210.46001,212.17,209.71001,210.28,7663200
2024-07-23,211.020004,211.48,209.35001,210.33,5557300
2024-07-24,209.55,212.029999,208.070007,208.59,7119000
2024-07-25,208.64999,210.19,208.050003,208.67,6403800
2024-07-26,209.24001,213.16,208.62,212.24001,8027800
2024-07-29,212.64999,213.61,210.55,210.85001,6533600
2024-07-30,213.23,215.78999,212.96001,215.19,8850700
2024-07-31,214.78,216.39,212.67,212.8,9071600
2024-08-01,213.2,213.83,206.38,207.96001,10918600
2024-08-02,203.88,204.67,196.89,199.14,18041700
2024-08-05,194.050003,196.17,190.89999,194.89999,13927000
2024-08-06,195.39999,202.60001,194.0,200.34,10605800
2024-08-07,203.50999,205.75,200.2,200.39999,9204400
2024-08-08,202.47,204.91,201.78999,204.059998,7761200
2024-08-09,203.47,206.47,202.89999,205.8,5540200
2024-08-12,206.41,207.14,203.66,206.19,6936000
2024-08-13,207.73,208.089996,205.39999,207.94,6387800
2024-08-14,207.74001,210.75999,207.12,210.24001,6999800
2024-08-15,213.0,213.89,211.10001,211.55,7001000
2024-08-16,211.69,214.089996,211.59,213.97,7931200
2024-08-19,214.0,215.53,213.82001,215.45,6090800
2024-08-20,215.0,216.0,213.67999,214.52,5640000
2024-08-21,214.42999,215.0,212.84,214.60001,5202300
2024-08-22,214.58,216.8,214.34,216.63,5247100
2024-08-23,217.60001,219.19,216.5,218.31,7214000
2024-08-26,219.0099945,219.67999,218.050003,219.17,5105200
2024-08-27,219.50999,220.42,219.19,220.17999,5185200
2024-08-28,219.25,222.21001,219.19,221.28999,6506400
2024-08-29,222.14999,222.98,218.94,222.21001,6416100
2024-08-30,222.5,225.48,221.92999,224.8,8574100
2024-09-03,222.3,224.10001,219.24001,220.3,8956100
2024-09-04,221.039993,222.070007,217.21001,219.33,7389500
2024-09-05,220.14999,220.8,216.029999,217.63,8067900
2024-09-06,217.60001,218.74001,211.089996,212.46001,7777000
2024-09-09,215.19,218.14999,214.17999,216.81,8935100
2024-09-10,218.60001,218.64,200.61,205.56,28406900
2024-09-11,205.25,207.7,201.83,207.23,13658700
2024-09-12,207.64999,208.78,204.89,206.60001,9055800
2024-09-13,206.86,207.85001,203.020004,204.32001,10226700
2024-09-16,205.83,208.21001,205.59,207.86,8634900
2024-09-17,207.73,209.92999,207.66,209.25,7573300
2024-09-18,209.0099945,211.34,206.7,207.53,8259900
2024-09-19,209.78,211.91,207.34,210.48,11635200
2024-09-20,209.92999,211.42,209.5,211.089996,20885000
2024-09-23,211.0,211.8,209.99001,211.44,7223500
2024-09-24,211.14999,212.95,210.37,211.59,7323200
2024-09-25,211.67999,212.24001,208.61,210.19,8976500
2024-09-26,211.13,211.7,209.0099945,209.78,7807500
2024-09-27,210.64999,212.44,209.33,210.5,7032500
2024-09-30,206.31,210.96001,205.25999,210.86,8663800
2024-10-01,208.89999,209.089996,206.19,207.039993,8540100
2024-10-02,207.080002,208.95,205.69,207.28999,5810900
2024-10-03,206.17,206.49001,204.34,205.23,7251300
2024-10-04,209.3,211.67,206.91,211.22,10211700
2024-10-07,211.029999,213.33,209.69,210.92999,6718900
2024-10-08,210.58,211.33,208.38,210.75,6021800
2024-10-09,209.7,214.24001,209.38,213.42,7024000
2024-10-10,214.81,214.81,211.47,212.84,7927100
2024-10-11,215.67,224.63,215.16,222.28999,18320700
2024-10-14,223.2,223.7,218.88,221.48,9048900
2024-10-15,223.66,225.45,221.82001,222.39,9235800
2024-10-16,222.33,223.67999,221.039993,223.64,6382500
2024-10-17,224.27,225.85001,223.31,224.42,6470200
2024-10-18,225.0,225.92,223.10001,225.37,7000500
2024-10-21,225.22,225.7,222.89999,223.0,5870000
2024-10-22,223.020004,225.28,221.10001,224.12,9586800
2024-10-23,223.66,224.8,222.53,223.41,6180500
2024-10-24,221.83,225.059998,221.66,224.98,6002200
2024-10-25,225.0,225.62,220.88,222.31,6369700
2024-10-28,223.35001,225.64,222.95,225.5,6843000
2024-10-29,225.21001,226.75,222.81,222.89999,6580000
2024-10-30,222.53999,226.31,221.58,224.41,7110900
2024-10-31,224.7,225.69,221.82001,221.92,7829900
2024-11-01,223.56,226.14999,222.7,222.94,6923500
2024-11-04,222.64999,223.75999,219.17,219.78,8229600
2024-11-05,220.029999,221.96001,220.0,221.49001,5600700
2024-11-06,235.0,248.0,234.77,247.059998,23987800
2024-11-07,244.5,244.57001,235.22,236.38,16451100
2024-11-08,239.34,239.34,235.78,236.98,9502100
2024-11-11,240.0,242.10001,239.0,239.28999,9017100
2024-11-12,240.55,241.46001,238.75999,239.56,6861000
2024-11-13,240.58,244.089996,240.31,241.16,11472600
2024-11-14,242.42,244.28999,241.050003,241.87,10172200
2024-11-15,241.46001,246.42,241.46001,245.31,11518800
2024-11-18,247.75999,247.92999,242.67999,245.029999,9052600
2024-11-19,242.25,245.14999,241.55,243.089996,6792700
2024-11-20,244.39999,244.61,238.64,240.78,9015300
2024-11-21,243.23,245.49001,242.11,244.75999,8783500
2024-11-22,243.61,249.14999,243.029999,248.55,7997300
2024-11-25,249.59,254.31,249.059998,250.28999,10295400
2024-11-26,250.49001,251.0,248.34,249.97,6212100
2024-11-27,249.35001,251.19,248.77,249.78999,5472300
2024-11-29,249.86,251.77,249.45,249.72,5494800
2024-12-02,249.55,250.25,245.029999,246.25,8899700
2024-12-03,248.23,249.039993,244.63,244.82001,6657700
2024-12-04,244.7,245.35001,242.23,243.39999,7346300
2024-12-05,245.39,247.17999,244.62,245.48,6572500
2024-12-06,245.7,247.74001,244.84,247.36,5519700
2024-12-09,247.13,247.87,243.75999,243.81,7076500
2024-12-10,243.89,247.96001,242.22,242.86,9108300
2024-12-11,244.0,244.27,242.17999,243.53,7884400
2024-12-12,243.0,244.10001,241.039993,241.53,6113800
2024-12-13,242.070007,242.72,239.14,239.94,10392700
2024-12-16,240.61,240.67,237.52,239.58,9032000
2024-12-17,238.64999,239.020004,236.63,238.36,8083600
2024-12-18,239.0,239.070007,229.53,230.37,11322400
2024-12-19,232.27,236.36,232.27,232.96001,11790800
2024-12-20,231.92,239.21001,231.59,237.60001,32348400
2024-12-23,236.070007,238.62,234.88,238.39,8611500
2024-12-24,239.42999,242.49001,239.070007,242.31,3729100
2024-12-26,241.42999,243.25999,240.78999,243.14,4451800
2024-12-27,242.72,243.39,240.039993,241.17,5730200
2024-12-30,238.77,240.84,237.11,239.32001,5723800
2024-12-31,240.050003,241.44,239.029999,239.71001,4871000
2025-01-02,240.92,243.28,239.45,240.0,9220900
2025-01-03,243.89,244.88,240.25999,243.28,9491100
2025-01-06,243.7,245.69,240.58,240.85001,9917800
2025-01-07,242.14,245.25999,240.89999,243.17,8753400
2025-01-08,242.75,244.25,240.5,243.13,8675300
2025-01-10,243.089996,243.81,238.74001,239.87,10256800
2025-01-13,239.67,244.53999,239.0,244.21001,10005300
2025-01-14,242.66,247.72,242.19,247.47,12407400
2025-01-15,250.39999,253.67,243.67999,252.35001,18448500
2025-01-16,254.0,257.040009,252.33,254.27,15292300
2025-01-17,254.14,260.62,252.14,259.16,17678100
2025-01-21,260.070007,264.25,259.5,263.029999,13712100
2025-01-22,262.89999,263.38,260.25,262.84,9021900
2025-01-23,264.69,266.85999,263.81,265.95001,10749700
2025-01-24,263.69,267.10001,263.01001,264.84,7666300
2025-01-27,264.17001,265.97,262.26001,265.85001,7522300
2025-01-28,265.85001,267.32999,264.82999,267.14001,7375400
2025-01-29,267.20999,270.67999,265.60999,266.57999,7684900
2025-01-30,268.63,269.70001,266.62,268.23001,8753500
2025-01-31,269.23001,270.82001,266.95999,267.29999,7196300
2025-02-03,261.82999,268.17001,261.70001,266.81,8381400
2025-02-04,269.84,269.84,266.82999,267.94,5626000
2025-02-05,268.91,270.64001,268.32999,270.42999,5704400
2025-02-06,272.45001,276.98001,271.19,276.89999,7264400
2025-02-07,277.26999,278.54999,274.70999,275.79999,6857900
2025-02-10,276.14999,276.17999,269.59,271.040009,8627400
2025-02-11,270.26001,276.22,269.66,274.98999,7196400
2025-02-12,274.079987,276.45001,273.25,275.45001,6683900
2025-02-13,275.5,276.97,273.81,276.32001,8398700
2025-02-14,277.37,279.23001,276.45001,276.59,5688600
2025-02-18,276.76001,279.97,276.019989,279.95001,7919800
2025-02-19,278.38,280.25,277.22,279.25,7007200
2025-02-20,278.67999,278.73999,265.73999,266.79999,13846700
2025-02-21,268.32001,269.20001,262.84,264.23999,12835600
2025-02-24,265.48999,267.0,258.60999,261.34,10372800
2025-02-25,262.23001,263.0,253.35001,257.39999,9608400
2025-02-26,257.16,260.91,256.92999,258.79001,5943600
2025-02-27,260.17999,263.64001,257.85999,259.049988,8204400
2025-02-28,260.73001,264.81,257.89001,264.64999,10467100
2025-03-03,264.0,266.32001,257.82001,260.62,9058300
2025-03-04,255.28,257.23001,245.95,250.25,13465600
2025-03-05,251.25,253.050003,247.83,251.53,7861400
2025-03-06,248.11,249.36,243.85001,246.53999,9983200
2025-03-07,245.23,246.72,239.42,242.28,20498700
2025-03-10,236.21001,237.50999,228.7,232.22,18887200
2025-03-11,231.75,233.32001,226.69,229.14,18143000
2025-03-12,234.0,234.32001,227.25999,227.89999,16054000
2025-03-13,229.3,229.5,224.23,225.19,16467900
2025-03-14,228.12,233.14,227.58,232.44,11962100
2025-03-17,231.17999,235.67,230.46001,233.92999,9586000
2025-03-18,234.32001,236.17,233.52,234.97,10344900
2025-03-19,235.74001,242.33,234.89,239.11,10120600
2025-03-20,236.56,241.75999,236.2,239.0099945,8328500
2025-03-21,237.81,242.3,236.5,241.63,19326900
2025-03-24,245.48,248.69,244.41,248.059998,9422700
2025-03-25,249.31,251.82001,247.62,251.13,9287700
2025-03-26,252.60001,254.67,249.78,251.029999,12779300
2025-03-27,249.53,250.64,247.17999,248.12,8022500
2025-03-28,246.94,249.50999,241.11,242.85001,11978400
2025-03-31,239.41,245.86,237.36,245.3,13603000
2025-04-01,242.62,245.69,240.88,243.66,8054700
2025-04-02,241.60001,247.25,241.46001,245.82001,7758800
2025-04-03,234.27,235.14,227.3,228.69,17188500
2025-04-04,215.31,217.7,208.92999,210.28,27170700
2025-04-07,205.77,222.050003,202.16,214.44,22914400
2025-04-08,223.52,227.84,213.25,216.87,19485700
2025-04-09,212.5,237.48,211.0,234.34,24022400
2025-04-10,230.0,230.35001,220.10001,227.11,18896400
2025-04-11,226.31,238.58,225.0,236.2,20284500
2025-04-14,237.10001,239.78,233.63,234.72,13017800
2025-04-15,236.10001,238.64999,232.82001,233.13,10912900
2025-04-16,232.0,233.58,227.92999,229.61,9322300
2025-04-17,230.8,234.34,230.55,231.96001,9553800
2025-04-21,230.63,231.81,226.34,228.99001,8716200
2025-04-22,231.98,235.99001,231.37,235.59,10701400
2025-04-23,240.22,246.78999,240.0,240.88,14126800
2025-04-24,239.74001,245.47,237.58,244.64,9055200
2025-04-25,244.64999,245.62,241.75,243.55,8588600
2025-04-28,244.56,246.84,240.84,243.22,7394300
2025-04-29,242.19,245.25,241.69,244.62,7216800
2025-04-30,241.21001,245.22,238.42999,244.62,12991700
2025-05-01,242.84,248.45,242.17,246.89,8689600
2025-05-02,251.25999,253.62,249.46001,252.50999,7165000
2025-05-05,251.17999,255.16,250.59,252.56,5450700
2025-05-06,250.0,252.64999,249.0,249.25,6369900
2025-05-07,249.85001,252.45,248.83,249.39,8724100
2025-05-08,251.57001,255.88,251.55,253.47,8320100
2025-05-09,254.5,255.50999,252.34,253.080002,5087600
2025-05-12,262.89999,263.60001,258.70001,260.049988,9603900
2025-05-13,261.029999,263.67001,260.39001,263.01001,8589000
2025-05-14,263.0,266.64001,262.29001,265.64001,8643100
2025-05-15,266.97,269.51999,264.76001,267.48999,9214600
2025-05-16,267.5,268.45999,264.70999,267.56,8932900
2025-05-19,265.54999,268.32001,261.92999,264.88,12145000
2025-05-20,262.51999,266.66,262.29999,265.67999,8436300
2025-05-21,264.35001,265.64999,260.73001,261.040009,7464000
2025-05-22,259.44,262.29999,258.87,260.67001,6514100
2025-05-23,256.81,261.98999,256.0,260.70999,6671800
2025-05-27,262.040009,265.29999,261.98999,265.29001,7506600
2025-05-28,266.23999,266.72,262.89999,263.48999,5535400
2025-05-29,264.79999,265.41,262.53,264.37,5081200
2025-05-30,263.45001,265.32999,262.73001,264.0,10977700
2025-06-02,263.019989,265.029999,261.89999,264.66,6011200
2025-06-03,263.73001,266.57999,262.88,266.26999,6998400
2025-06-04,265.92001,267.12,264.17999,264.22,5915700
2025-06-05,264.73999,264.73999,260.31,261.95001,8173800
2025-06-06,264.32999,266.64999,264.26001,265.73001,7738100
2025-06-09,266.0,267.89999,263.35001,266.73999,8285000
2025-06-10,265.88,268.89999,265.85001,268.60001,7538100
2025-06-11,268.67999,269.62,265.79001,268.14999,7434100
2025-06-12,266.85999,268.29001,265.14001,268.23999,6618000
2025-06-13,265.079987,267.019989,262.70999,264.95001,7098300
2025-06-16,267.0,271.73001,266.85001,270.35999,8566000
2025-06-17,268.17001,270.59,267.79999,269.51999,6739300
2025-06-18,270.0,277.72,269.72,273.95999,9586400
2025-06-20,275.57001,277.29999,273.81,275.0,13969700
2025-06-23,275.059998,278.54999,272.10999,278.26999,8094600
2025-06-24,280.20999,282.70999,279.51001,281.26001,9267900
2025-06-25,281.5,284.28,280.91,284.059998,6826900
2025-06-26,284.70001,289.41,284.47,288.75,8942100
2025-06-27,285.81,288.70001,285.040009,287.10999,17868600
2025-06-30,290.39999,292.64999,288.92001,289.91,12689200
2025-07-01,290.89001,291.13,286.59,290.41,9338300
2025-07-02,292.040009,292.82001,289.70001,292.0,8158700
2025-07-03,292.14999,296.39999,291.20999,296.0,6541600
2025-07-07,295.25,296.040009,290.079987,291.97,8825700
2025-07-08,289.26999,289.70001,280.31,282.78,15440900
2025-07-09,287.17999,287.20001,282.48001,283.16,11273800
2025-07-10,283.0,288.31,283.0,288.19,8410900
2025-07-11,285.51999,287.38,283.64999,286.85999,7384700
2025-07-14,287.070007,289.29999,285.26001,288.70001,9079900
2025-07-15,288.0,291.95001,285.48001,286.54999,12526100
2025-07-16,288.39999,290.73001,283.01001,285.82001,9979800
2025-07-17,283.44,290.29999,283.44,289.89999,8509500
2025-07-18,289.51999,292.5,288.23001,291.26999,12217000
2025-07-21,291.0,294.17999,290.57999,290.97,7898100
2025-07-22,291.5,293.63,289.17999,291.42999,6717500
2025-07-23,292.84,296.98999,292.54999,296.76001,7083500
2025-07-24,297.42001,299.59,296.20001,296.54999,7001200
2025-07-25,296.70001,298.89999,295.95999,298.62,5918500
2025-07-28,297.66,299.42999,296.82001,298.28,5840400
2025-07-29,300.0,301.29001,296.20001,297.040009,7635700
2025-07-30,297.42001,300.60999,297.38,299.63,8061700
2025-07-31,299.14001,300.98001,295.5,296.23999,14749700
2025-08-01,290.39999,291.79999,284.23999,289.37,12007100
2025-08-04,290.26001,294.32001,290.26001,294.26001,6649500
2025-08-05,294.69,295.79001,287.23999,291.37,7182300
2025-08-06,292.29999,293.29001,290.16,291.35001,6330200
2025-08-07,292.94,293.45999,286.41,286.94,8057100
2025-08-08,288.98001,291.23001,284.70999,288.76001,6634100
2025-08-11,289.39999,291.32001,288.78,289.56,5510100
2025-08-12,291.5,294.75,290.34,292.85001,8570900
2025-08-13,293.95001,294.54999,287.16,290.53,8420400
2025-08-14,290.57999,294.20001,289.64001,294.16,6322400
2025-08-15,294.84,295.5,289.82001,290.48999,7340500
2025-08-18,290.0,291.89999,288.41,291.53,5386900
2025-08-19,290.82999,292.48001,289.53,290.66,6031500
2025-08-20,290.81,293.32999,287.26999,292.23999,7374200
2025-08-21,291.94,292.76999,289.47,291.47,6624000
2025-08-22,293.20001,297.16,290.13,296.23999,8552800
2025-08-25,296.23999,297.35001,294.14001,294.89999,5856300
2025-08-26,294.16,298.73999,293.5,298.57001,6714700
2025-08-27,297.25,301.070007,297.040009,299.28,6056500
2025-08-28,300.019989,301.23999,298.70001,301.070007,6410500
2025-08-29,302.040009,302.95001,299.73001,301.42001,6796400
2025-09-02,300.26001,300.45999,294.5,299.70001,7221900
2025-09-03,300.57001,300.57001,296.38,299.51001,6316900
2025-09-04,300.0,304.42999,298.28,303.82001,6605800
2025-09-05,303.64999,305.14999,294.31,294.38,9837700
2025-09-08,294.89001,296.45999,291.44,292.91,8188500
2025-09-09,292.60001,299.0,292.31,297.85001,7848200
2025-09-10,296.70001,301.54001,295.39999,300.54001,7787300
2025-09-11,301.23999,305.73001,300.79001,305.56,7942500
2025-09-12,305.0,307.54999,303.70001,306.91,6846700
2025-09-15,307.17001,309.95001,307.17001,308.89999,7122000
2025-09-16,310.0,310.89999,307.13,309.19,10525600
2025-09-17,310.39001,312.91,308.76999,311.75,8657800
2025-09-18,311.79001,313.44,309.60999,313.23001,8050700
2025-09-19,313.60001,315.79999,309.12,314.78,23568600
2025-09-22,309.79999,313.70001,309.56,312.44,7520200
2025-09-23,311.82001,316.31,310.57999,312.73999,8584400
2025-09-24,314.049988,316.57999,311.67001,313.42001,7310500
2025-09-25,314.12,315.64999,311.79999,313.45001,7083200
2025-09-26,314.89999,317.81,313.70001,316.059998,7258100
2025-09-29,317.059998,318.01001,313.66,315.69,6462400
2025-09-30,316.25,317.41,310.10999,315.42999,11823300
2025-10-01,313.97,314.59,307.41,310.70999,9235200
2025-10-02,310.0,310.56,306.14001,307.54999,7600000
2025-10-03,308.51001,311.66,308.20999,310.029999,6029900
2025-10-06,310.17999,311.75,305.13,309.17999,7214500
2025-10-07,309.35001,310.01001,304.70001,307.69,8454200
2025-10-08,308.20999,308.78,303.54999,304.029999,6489900
2025-10-09,305.049988,308.040009,303.39001,305.53,7060300
2025-10-10,305.66,310.47,300.81,300.89001,8597400
2025-10-13,305.60001,309.45999,305.45001,307.97,10788700
2025-10-14,305.84,307.0,294.20999,302.079987,16178800
2025-10-15,306.39001,312.12,305.44,305.69,11354800
2025-10-16,305.35001,308.67999,297.070007,298.54001,10549400
2025-10-17,299.16,299.54999,294.20001,297.56,10153500
2025-10-20,298.5,303.69,298.16,302.35999,6894900
2025-10-21,301.66,304.049988,297.0,297.089996,7372700
2025-10-22,297.76999,298.059998,290.54001,294.10999,8054100
2025-10-23,294.38,296.37,292.51001,294.54001,5438800
2025-10-24,296.079987,302.60001,295.45001,300.44,7228300
2025-10-27,302.16,304.53,301.01001,304.14999,5642200
2025-10-28,304.85999,307.97,303.16,305.35999,6336000
2025-10-29,303.51001,308.25,303.01001,305.51001,7520300
2025-10-30,305.79001,312.60999,305.10001,309.44,7514600
2025-10-31,308.54001,312.87,307.25,311.12,7721300
2025-11-03,311.0,312.32001,306.20999,309.35001,7770000
2025-11-04,306.70999,312.22,305.10001,309.25,7085200
2025-11-05,309.60999,313.10001,305.63,311.67999,6865200
2025-11-06,310.98999,314.84,310.26001,313.42001,7206100
2025-11-07,311.89001,314.42999,307.64001,314.20999,7302300
2025-11-10,315.0,319.56,314.20999,316.89001,5794100
2025-11-11,317.5,319.049988,315.28,315.62,5030200
2025-11-12,316.26001,322.25,316.20999,320.41,10578300
2025-11-13,319.23001,320.63,309.10001,309.48001,8973300
2025-11-14,307.51001,307.64001,301.23001,303.60999,10327000
2025-11-17,304.0,305.59,297.67001,300.37,8344000
2025-11-18,299.5,302.95001,297.019989,299.41,8077300
2025-11-19,299.73999,304.45001,299.26999,303.26999,5546600
2025-11-20,306.34,309.92001,298.16,298.38,7501600
2025-11-21,301.29001,301.67999,292.81,298.019989,11766800
2025-11-24,298.23999,299.82001,294.51001,298.0,10940200
2025-11-25,300.049988,304.5,295.56,303.0,8877200
2025-11-26,305.0,308.53,303.20001,307.64001,7910900
2025-11-28,309.10001,313.72,308.23999,313.079987,4322400
2025-12-01,312.95001,314.040009,308.54001,308.92001,7727300
2025-12-02,308.73999,310.48001,307.089996,307.88,7249000
2025-12-03,307.20001,312.35999,306.79999,312.13,8535300
2025-12-04,313.26001,318.48999,313.0,316.10001,9627800
2025-12-05,315.64001,318.48001,314.67999,315.040009,6518900
2025-12-08,315.059998,316.47,313.35001,315.20999,7417200
2025-12-09,314.95001,318.79999,300.019989,300.51001,18049200
2025-12-10,300.5,311.19,298.45999,310.10999,18874100
2025-12-11,309.23999,318.0,309.23999,317.38,9721900
2025-12-12,319.67999,320.26999,316.60001,318.51999,8982900
2025-12-15,319.59,322.88,318.39001,320.019989,10864100
2025-12-16,319.089996,319.51999,314.39999,315.54999,8331300
2025-12-17,318.42999,319.37,314.66,314.98001,8718700
2025-12-18,316.0,317.70001,312.22,313.0,11444900
2025-12-19,313.79001,318.56,313.19,317.20999,24494400
2025-12-22,317.51001,323.23001,317.51001,323.089996,8354600
2025-12-23,323.60999,327.78,323.089996,325.92999,6668300
2025-12-24,326.23999,329.98999,325.5,329.17001,4289300
2025-12-26,329.10999,330.85999,326.54001,327.91,4158300
2025-12-29,327.0,327.76999,323.53,323.75,8635300
2025-12-30,324.81,324.94,322.48999,323.42001,7904300
