DateTime,Open,High,Low,Close,Volume
2015-11-27,1.88,1.91,1.87,1.88,3468500
2015-11-30,1.9,1.99,1.89,1.92,7251200
2015-12-01,1.93,2.06,1.92,2.05,8234100
2015-12-02,2.0,2.05,1.93,1.99,8273500
2015-12-03,2.02,2.05,1.94,2.01,9840600
2015-12-04,2.03,2.14,2.03,2.13,9926400
2015-12-07,2.08,2.11,1.96,2.0,8109800
2015-12-08,2.0,2.02,1.89,1.93,7526700
2015-12-09,1.97,2.0,1.91,1.96,6454700
2015-12-10,1.95,2.02,1.92,1.95,7539000
2015-12-11,1.93,2.07,1.91,2.02,11727800
2015-12-14,1.99,2.0,1.85,1.87,10605200
2015-12-15,1.92,1.92,1.81,1.89,8800100
2015-12-16,1.93,1.95,1.83,1.94,11101300
2015-12-17,1.86,1.86,1.75,1.78,8303800
2015-12-18,1.84,1.94,1.79,1.88,16262500
2015-12-21,1.9,1.95,1.87,1.9,8518100
2015-12-22,1.87,1.92,1.86,1.9,6370000
2015-12-23,1.89,1.94,1.88,1.89,5708600
2015-12-24,1.9,1.97,1.9,1.95,4001800
2015-12-28,1.92,1.94,1.82,1.83,4893000
2015-12-29,1.88,1.92,1.83,1.87,5738000
2015-12-30,1.83,1.87,1.81,1.83,5548000
2015-12-31,1.82,1.84,1.78,1.82,5319500
2016-01-04,1.85,1.91,1.83,1.89,7064200
2016-01-05,1.9,1.91,1.84,1.85,6007000
2016-01-06,1.88,1.94,1.85,1.87,11064200
2016-01-07,1.91,2.02,1.87,2.0,16252100
2016-01-08,1.92,1.94,1.83,1.87,14649200
2016-01-11,1.88,1.9,1.68,1.72,12892900
2016-01-12,1.7,1.71,1.62,1.66,10220400
2016-01-13,1.66,1.73,1.62,1.68,10842900
2016-01-14,1.62,1.65,1.55,1.6,8526900
2016-01-15,1.65,1.65,1.48,1.48,11368800
2016-01-19,1.53,1.54,1.31,1.38,17770700
2016-01-20,1.42,1.51,1.41,1.49,11951900
2016-01-21,1.43,1.53,1.39,1.52,9999500
2016-01-22,1.49,1.58,1.46,1.56,15924400
2016-01-25,1.58,1.63,1.51,1.54,12268800
2016-01-26,1.57,1.65,1.56,1.64,13427500
2016-01-27,1.64,1.69,1.59,1.67,8847800
2016-01-28,1.64,1.67,1.59,1.59,6398700
2016-01-29,1.59,1.68,1.58,1.64,6462300
2016-02-01,1.67,1.73,1.66,1.73,8546900
2016-02-02,1.69,1.74,1.62,1.65,5787700
2016-02-03,1.68,1.82,1.67,1.82,14268100
2016-02-04,1.87,2.14,1.87,2.03,20882400
2016-02-05,1.96,2.35,1.92,2.3,19849000
2016-02-08,2.54,2.59,2.43,2.44,28140400
2016-02-09,2.49,2.59,2.37,2.43,31122500
2016-02-10,2.38,2.58,2.3,2.57,17205700
2016-02-11,2.93,3.08,2.78,2.9,37840400
2016-02-12,2.8,3.02,2.77,3.0,22119700
2016-02-16,2.76,3.02,2.71,2.72,26856600
2016-02-17,2.77,2.84,2.66,2.81,16404600
2016-02-18,2.74,3.15,2.72,3.02,23057500
2016-02-19,2.97,3.11,2.92,2.97,14240900
2016-02-22,2.87,3.02,2.85,3.0,15206100
2016-02-23,3.06,3.12,3.01,3.07,10958300
2016-02-24,3.2,3.36,3.08,3.18,18908300
2016-02-25,2.91,3.0,2.89,2.98,29674900
2016-02-26,2.87,2.99,2.84,2.9,22678600
2016-02-29,2.94,3.0,2.91,2.94,15799000
2016-03-01,2.98,2.99,2.82,2.88,19958500
2016-03-02,2.87,2.94,2.84,2.9,13756800
2016-03-03,2.9,3.17,2.9,3.07,29300300
2016-03-04,3.07,3.2,2.95,2.99,34046900
2016-03-07,3.08,3.13,2.97,3.02,21601600
2016-03-08,3.05,3.11,2.78,2.86,18513500
2016-03-09,2.8,2.94,2.68,2.86,23083000
2016-03-10,2.89,3.06,2.87,3.02,15016900
2016-03-11,3.01,3.11,2.93,2.95,11354600
2016-03-14,2.97,3.06,2.87,2.89,10901500
2016-03-15,2.86,2.98,2.79,2.95,11076400
2016-03-16,2.89,3.16,2.82,3.15,16397600
2016-03-17,3.23,3.29,3.1,3.12,17990700
2016-03-18,3.14,3.23,3.1,3.14,21391700
2016-03-21,3.08,3.22,3.07,3.16,10070600
2016-03-22,3.2,3.26,3.14,3.17,14028700
2016-03-23,3.06,3.08,2.89,2.94,17317600
2016-03-24,2.96,3.1,2.92,3.02,13110600
2016-03-28,3.02,3.06,2.93,3.02,5975100
2016-03-29,3.02,3.38,3.02,3.36,19260000
2016-03-30,3.37,3.45,3.25,3.44,24597200
2016-03-31,3.51,3.58,3.4,3.4,18174600
2016-04-01,3.26,3.49,3.21,3.48,14128500
2016-04-04,3.45,3.47,3.31,3.41,12881800
2016-04-05,3.48,3.55,3.39,3.53,14137100
2016-04-06,3.49,3.58,3.45,3.58,15126200
2016-04-07,3.67,3.85,3.66,3.79,22451300
2016-04-08,3.82,3.96,3.81,3.91,17374800
2016-04-11,4.07,4.25,4.04,4.22,16828600
2016-04-12,4.25,4.47,4.15,4.46,21590300
2016-04-13,4.24,4.49,4.21,4.33,21919000
2016-04-14,4.29,4.36,3.98,4.13,19713500
2016-04-15,4.18,4.3,4.1,4.25,8846200
2016-04-18,4.36,4.38,4.25,4.32,9271400
2016-04-19,4.44,4.61,4.42,4.58,13370300
2016-04-20,4.65,4.78,4.48,4.51,22946800
2016-04-21,4.67,4.76,4.56,4.69,19247700
2016-04-22,4.66,4.76,4.58,4.64,13815200
2016-04-25,4.64,4.7,4.52,4.63,10433800
2016-04-26,4.68,4.74,4.57,4.68,10439700
2016-04-27,4.73,4.76,4.6,4.7,14814100
2016-04-28,4.79,5.18,4.76,5.17,20263000
2016-04-29,5.31,5.7,5.3,5.7,24422500
2016-05-02,5.79,5.82,5.55,5.64,20920700
2016-05-03,5.56,5.7,5.35,5.41,22651600
2016-05-04,5.28,5.46,5.03,5.07,19712300
2016-05-05,5.23,5.41,5.18,5.29,17278800
2016-05-06,5.43,5.77,5.39,5.59,23219800
2016-05-09,5.29,5.4,5.19,5.2,17273600
2016-05-10,5.19,5.58,5.09,5.52,17784600
2016-05-11,5.79,5.8,4.93,5.25,29572700
2016-05-12,5.28,5.33,5.01,5.09,14844900
2016-05-13,5.14,5.32,5.08,5.18,16478200
2016-05-16,5.33,5.41,5.18,5.27,12670500
2016-05-17,5.27,5.47,5.17,5.32,11235700
2016-05-18,5.2,5.38,4.87,4.91,17530700
2016-05-19,4.68,4.98,4.59,4.93,22878600
2016-05-20,4.95,5.01,4.81,4.97,12120300
2016-05-23,4.8,5.02,4.74,4.89,8691700
2016-05-24,4.58,4.75,4.34,4.35,22920700
2016-05-25,4.31,4.47,4.22,4.41,10689900
2016-05-26,4.61,4.67,4.48,4.51,10520700
2016-05-27,4.48,4.56,4.22,4.23,17679200
2016-05-31,4.23,4.46,4.2,4.26,15739000
2016-06-01,4.32,4.41,4.17,4.29,12492600
2016-06-02,4.31,4.4,4.26,4.33,11032600
2016-06-03,4.68,5.02,4.65,4.97,17791300
2016-06-06,5.02,5.07,4.84,5.03,17612100
2016-06-07,4.92,4.97,4.87,4.93,10603900
2016-06-08,5.19,5.26,5.14,5.19,14541200
2016-06-09,5.16,5.33,5.11,5.31,13980400
2016-06-10,5.36,5.49,5.13,5.18,16066700
2016-06-13,5.34,5.36,5.03,5.16,14129400
2016-06-14,5.19,5.28,5.01,5.1,14423000
2016-06-15,5.12,5.35,4.99,5.22,13198300
2016-06-16,5.44,5.44,4.98,5.01,17916400
2016-06-17,5.12,5.17,4.87,4.98,60866900
2016-06-20,4.78,4.93,4.7,4.88,13476100
2016-06-21,4.76,4.83,4.71,4.77,9089800
2016-06-22,4.74,4.95,4.69,4.93,11152700
2016-06-23,4.87,4.96,4.83,4.9,8694800
2016-06-24,5.48,5.49,4.96,5.11,23170400
2016-06-27,5.14,5.25,4.97,5.15,15860900
2016-06-28,5.02,5.11,4.95,4.96,15584200
2016-06-29,5.06,5.15,5.02,5.03,14602400
2016-06-30,5.14,5.15,4.87,4.89,16213900
2016-07-01,5.07,5.4,5.05,5.36,13405000
2016-07-05,5.41,5.73,5.36,5.64,30766100
2016-07-06,5.75,5.81,5.59,5.74,18724900
2016-07-07,5.66,5.69,5.38,5.39,14683700
2016-07-08,5.39,5.59,5.32,5.53,16420900
2016-07-11,5.44,5.65,5.42,5.56,11075600
2016-07-12,5.52,5.64,5.23,5.31,18897100
2016-07-13,5.42,5.46,5.3,5.4,11670900
2016-07-14,5.3,5.48,5.25,5.4,10475800
2016-07-15,5.34,5.47,5.3,5.31,9841900
2016-07-18,5.35,5.45,5.29,5.45,7933300
2016-07-19,5.38,5.47,5.34,5.36,6668700
2016-07-20,5.23,5.23,4.93,4.96,12372100
2016-07-21,5.01,5.2,4.97,5.1,12048300
2016-07-22,5.02,5.11,4.97,5.0,9620500
2016-07-25,4.95,4.95,4.68,4.72,11589600
2016-07-26,4.82,4.88,4.74,4.84,11013100
2016-07-27,4.96,5.02,4.7,5.01,19990400
2016-07-28,5.04,5.09,4.87,5.03,18036800
2016-07-29,5.16,5.25,5.09,5.17,11163200
2016-08-01,5.17,5.22,5.03,5.18,8800300
2016-08-02,5.27,5.53,5.22,5.52,21163400
2016-08-03,5.48,5.49,5.37,5.43,12546900
2016-08-04,5.45,5.56,5.43,5.51,13377400
2016-08-05,5.32,5.39,5.22,5.28,15448200
2016-08-08,5.25,5.48,5.24,5.4,12870500
2016-08-09,5.4,5.48,5.31,5.39,12375100
2016-08-10,5.53,5.56,5.37,5.41,17239000
2016-08-11,5.44,5.51,5.26,5.28,16865900
2016-08-12,5.44,5.47,5.19,5.21,15824900
2016-08-15,5.23,5.27,5.13,5.16,16099200
2016-08-16,5.24,5.24,5.09,5.13,14989100
2016-08-17,5.08,5.11,4.87,5.04,17627700
2016-08-18,5.08,5.11,4.98,5.05,14975000
2016-08-19,4.95,5.03,4.88,4.93,15584700
2016-08-22,4.82,4.86,4.73,4.79,18080500
2016-08-23,4.85,4.87,4.67,4.72,20270600
2016-08-24,4.64,4.65,4.17,4.23,29077100
2016-08-25,4.22,4.39,4.13,4.34,15337400
2016-08-26,4.41,4.58,4.2,4.3,23773400
2016-08-29,4.24,4.43,4.21,4.37,14071100
2016-08-30,4.32,4.36,4.03,4.08,21093300
2016-08-31,4.0,4.08,3.96,3.99,24694200
2016-09-01,3.98,4.19,3.93,4.18,23418400
2016-09-02,4.36,4.43,4.28,4.41,17629500
2016-09-06,4.53,4.62,4.45,4.58,23390900
2016-09-07,4.6,4.62,4.39,4.53,22927100
2016-09-08,4.5,4.58,4.39,4.42,17261600
2016-09-09,4.32,4.35,4.1,4.15,26808100
2016-09-12,4.06,4.32,4.02,4.26,18017700
2016-09-13,4.18,4.2,3.95,4.02,21471300
2016-09-14,4.08,4.15,3.99,4.05,16747200
2016-09-15,4.06,4.23,3.97,4.13,19320200
2016-09-16,4.08,4.19,3.99,4.09,20382300
2016-09-19,4.15,4.18,4.08,4.11,11536300
2016-09-20,4.13,4.19,4.08,4.17,10237300
2016-09-21,4.3,4.53,4.22,4.49,19348000
2016-09-22,4.58,4.61,4.36,4.43,16898800
2016-09-23,4.39,4.45,4.25,4.3,13643500
2016-09-26,4.31,4.39,4.25,4.26,12753800
2016-09-27,4.22,4.27,4.14,4.22,13673200
2016-09-28,4.22,4.35,4.12,4.31,13898000
2016-09-29,4.26,4.32,4.17,4.27,10727500
2016-09-30,4.35,4.37,4.19,4.21,14538600
2016-10-03,4.18,4.24,4.06,4.12,12348200
2016-10-04,3.93,3.95,3.56,3.58,30051100
2016-10-05,3.7,3.72,3.51,3.63,18285800
2016-10-06,3.49,3.58,3.42,3.5,18166800
2016-10-07,3.69,3.69,3.45,3.52,17496200
2016-10-10,3.6,3.68,3.56,3.64,14386900
2016-10-11,3.55,3.65,3.51,3.59,14154100
2016-10-12,3.66,3.76,3.55,3.7,18508100
2016-10-13,3.68,3.86,3.63,3.75,16127500
2016-10-14,3.67,3.76,3.59,3.62,14105400
2016-10-17,3.63,3.72,3.58,3.66,13082800
2016-10-18,3.75,3.77,3.68,3.75,12109900
2016-10-19,3.86,3.93,3.77,3.84,17440500
2016-10-20,3.86,3.92,3.75,3.92,11378900
2016-10-21,3.87,3.93,3.83,3.92,14863200
2016-10-24,3.98,3.98,3.66,3.75,22379000
2016-10-25,3.8,3.97,3.74,3.9,20979700
2016-10-26,3.91,3.91,3.68,3.79,14566700
2016-10-27,3.83,3.84,3.67,3.74,13359100
2016-10-28,3.7,3.84,3.66,3.74,13130800
2016-10-31,3.75,3.88,3.7,3.86,9569600
2016-11-01,3.98,4.08,3.94,3.96,12243000
2016-11-02,4.08,4.13,3.83,3.9,18947000
2016-11-03,4.02,4.22,3.9,4.21,15038600
2016-11-04,4.26,4.27,4.09,4.11,14937100
2016-11-07,3.97,4.05,3.94,3.94,10363500
2016-11-08,3.97,4.06,3.85,3.91,16080500
2016-11-09,4.26,4.27,3.87,3.98,17821600
2016-11-10,3.95,3.96,3.55,3.58,19799600
2016-11-11,3.58,3.6,3.24,3.25,19059200
2016-11-14,3.13,3.52,3.1,3.36,21855100
2016-11-15,3.36,3.6,3.35,3.59,14919200
2016-11-16,3.59,3.62,3.5,3.61,12776100
2016-11-17,3.68,3.74,3.45,3.56,20035500
2016-11-18,3.45,3.53,3.33,3.39,15009600
2016-11-21,3.45,3.53,3.39,3.43,12732300
2016-11-22,3.4,3.47,3.32,3.44,12702200
2016-11-23,3.26,3.29,3.11,3.17,21872300
2016-11-25,3.21,3.25,3.15,3.17,5968400
2016-11-28,3.25,3.38,3.19,3.37,16130400
2016-11-29,3.27,3.43,3.26,3.37,10749100
2016-11-30,3.31,3.36,3.23,3.29,13057000
2016-12-01,3.28,3.41,3.21,3.31,15194300
2016-12-02,3.35,3.53,3.34,3.47,10758000
2016-12-05,3.35,3.46,3.24,3.41,14862400
2016-12-06,3.39,3.48,3.35,3.39,9759100
2016-12-07,3.46,3.48,3.35,3.4,11399300
2016-12-08,3.39,3.41,3.32,3.36,10815500
2016-12-09,3.31,3.34,3.2,3.21,13109100
2016-12-12,3.24,3.33,3.2,3.31,12461700
2016-12-13,3.31,3.42,3.3,3.4,13983100
2016-12-14,3.45,3.57,3.2,3.21,22911100
2016-12-15,3.08,3.15,2.98,3.13,22178600
2016-12-16,3.17,3.19,3.03,3.03,44597900
2016-12-19,3.05,3.09,2.98,3.01,27547400
2016-12-20,2.95,3.03,2.89,3.03,12012700
2016-12-21,3.02,3.04,2.96,2.98,5834300
2016-12-22,2.89,2.97,2.88,2.91,9900300
2016-12-23,2.92,2.99,2.9,2.94,13335800
2016-12-27,2.99,3.08,2.96,3.04,6805200
2016-12-28,3.02,3.13,2.98,3.11,11180900
2016-12-29,3.17,3.32,3.14,3.27,18270700
2016-12-30,3.3,3.38,3.1,3.11,17449200
2017-01-03,3.15,3.29,3.13,3.29,12834100
2017-01-04,3.35,3.36,3.26,3.29,11124500
2017-01-05,3.37,3.51,3.34,3.46,15066900
2017-01-06,3.41,3.45,3.28,3.35,12129400
2017-01-09,3.42,3.43,3.33,3.34,10297600
2017-01-10,3.37,3.43,3.33,3.39,8707900
2017-01-11,3.36,3.42,3.25,3.37,15343200
2017-01-12,3.46,3.49,3.27,3.31,14503000
2017-01-13,3.24,3.37,3.23,3.36,8183400
2017-01-17,3.55,3.64,3.5,3.63,15908300
2017-01-18,3.62,3.69,3.5,3.56,14053600
2017-01-19,3.53,3.61,3.47,3.52,11185200
2017-01-20,3.54,3.64,3.48,3.59,9609000
2017-01-23,3.65,3.77,3.61,3.75,14993800
2017-01-24,3.76,3.91,3.75,3.84,17825700
2017-01-25,3.78,3.8,3.64,3.71,11050500
2017-01-26,3.6,3.69,3.56,3.59,11223100
2017-01-27,3.57,3.62,3.53,3.61,10334800
2017-01-30,3.63,3.79,3.61,3.69,15085900
2017-01-31,3.82,3.91,3.78,3.9,16336100
2017-02-01,3.76,3.91,3.74,3.88,17437600
2017-02-02,4.0,4.01,3.9,3.92,10843200
2017-02-03,3.92,3.96,3.88,3.92,8379500
2017-02-06,3.96,4.12,3.92,4.11,9822100
2017-02-07,4.06,4.22,4.03,4.05,15929800
2017-02-08,4.11,4.2,4.1,4.19,13756000
2017-02-09,4.19,4.23,4.04,4.1,12130900
2017-02-10,4.03,4.13,4.0,4.09,11248100
2017-02-13,4.05,4.05,3.95,3.98,11703900
2017-02-14,4.06,4.06,3.91,3.93,10992900
2017-02-15,3.91,3.98,3.87,3.95,9233700
2017-02-16,3.9,3.98,3.85,3.93,12317900
2017-02-17,3.94,3.99,3.86,3.88,13004800
2017-02-21,3.76,3.87,3.76,3.83,10838500
2017-02-22,3.81,3.83,3.63,3.76,14301100
2017-02-23,3.87,3.88,3.71,3.71,10917800
2017-02-24,3.79,3.91,3.74,3.81,11103100
2017-02-27,3.81,3.94,3.56,3.59,14750900
2017-02-28,3.65,3.67,3.49,3.54,12799300
2017-03-01,3.42,3.56,3.38,3.49,14889800
2017-03-02,3.41,3.46,3.31,3.33,15661000
2017-03-03,3.29,3.41,3.27,3.37,15906000
2017-03-06,3.36,3.39,3.23,3.31,9584900
2017-03-07,3.27,3.32,3.2,3.26,9085900
2017-03-08,3.21,3.31,3.2,3.25,7973900
2017-03-09,3.25,3.28,3.17,3.18,7807800
2017-03-10,3.21,3.31,3.19,3.28,10426800
2017-03-13,3.31,3.31,3.2,3.25,10375700
2017-03-14,3.23,3.29,3.16,3.19,12284400
2017-03-15,3.23,3.49,3.15,3.47,19162100
2017-03-16,3.55,3.58,3.39,3.44,11170400
2017-03-17,3.46,3.49,3.35,3.4,13318800
2017-03-20,3.45,3.48,3.37,3.47,8108100
2017-03-21,3.48,3.55,3.44,3.48,11230600
2017-03-22,3.51,3.52,3.42,3.49,7448400
2017-03-23,3.49,3.52,3.37,3.43,12119400
2017-03-24,3.43,3.46,3.38,3.39,7205700
2017-03-27,3.51,3.52,3.44,3.48,8754700
2017-03-28,3.52,3.54,3.36,3.4,13176000
2017-03-29,3.39,3.5,3.36,3.47,8422300
2017-03-30,3.44,3.53,3.44,3.48,7289900
2017-03-31,3.47,3.55,3.44,3.51,9386800
2017-04-03,3.5,3.59,3.48,3.56,12716900
2017-04-04,3.58,3.6,3.51,3.58,7445700
2017-04-05,3.5,3.62,3.48,3.6,12118800
2017-04-06,3.6,3.6,3.53,3.57,5889900
2017-04-07,3.65,3.72,3.51,3.58,18844200
2017-04-10,3.54,3.61,3.5,3.59,6909400
2017-04-11,3.65,3.75,3.6,3.72,11922000
2017-04-12,3.7,3.85,3.69,3.85,14422100
2017-04-13,3.87,3.89,3.78,3.8,10663100
2017-04-17,3.79,3.9,3.77,3.85,8763800
2017-04-18,3.82,3.86,3.77,3.85,9146700
2017-04-19,3.78,3.79,3.64,3.72,18935700
2017-04-20,3.72,3.78,3.69,3.78,9643300
2017-04-21,3.78,3.87,3.74,3.86,16655400
2017-04-24,3.77,3.85,3.74,3.76,12130400
2017-04-25,3.69,3.72,3.49,3.51,18056900
2017-04-26,3.52,3.54,3.36,3.52,21422900
2017-04-27,3.46,3.46,3.35,3.42,15224200
2017-04-28,3.41,3.53,3.39,3.49,12428700
2017-05-01,3.46,3.51,3.37,3.4,10575200
2017-05-02,3.36,3.45,3.35,3.36,14715700
2017-05-03,3.43,3.92,3.42,3.7,35501700
2017-05-04,3.61,3.61,3.53,3.6,15509200
2017-05-05,3.63,3.8,3.61,3.77,10171600
2017-05-08,3.8,3.82,3.73,3.81,7494500
2017-05-09,3.75,3.78,3.67,3.75,12349900
2017-05-10,3.82,3.95,3.81,3.9,14120200
2017-05-11,3.93,4.13,3.92,4.1,17286800
2017-05-12,4.12,4.22,4.12,4.14,13173400
2017-05-15,4.18,4.23,4.09,4.17,12574100
2017-05-16,4.16,4.26,4.13,4.2,9985600
2017-05-17,4.28,4.38,4.25,4.28,14313800
2017-05-18,4.25,4.31,4.17,4.21,19531100
2017-05-19,4.26,4.28,4.21,4.25,11340000
2017-05-22,4.25,4.31,4.21,4.23,6542200
2017-05-23,4.27,4.32,4.16,4.17,13616300
2017-05-24,4.17,4.24,4.05,4.24,13352100
2017-05-25,4.22,4.25,4.15,4.2,7247600
2017-05-26,4.28,4.28,4.18,4.22,7773200
2017-05-30,4.2,4.37,4.2,4.24,11519800
2017-05-31,4.24,4.36,4.17,4.31,12778100
2017-06-01,4.29,4.38,4.26,4.31,10263800
2017-06-02,4.36,4.38,4.3,4.31,9677300
2017-06-05,4.31,4.33,4.19,4.24,11485700
2017-06-06,4.33,4.63,4.31,4.63,22619300
2017-06-07,4.56,4.66,4.5,4.64,19026300
2017-06-08,4.56,4.59,4.35,4.45,18072500
2017-06-09,4.37,4.42,4.3,4.33,13287700
2017-06-12,4.32,4.41,4.27,4.3,11111600
2017-06-13,4.29,4.32,4.21,4.27,12505900
2017-06-14,4.37,4.41,4.1,4.13,15650500
2017-06-15,4.09,4.12,4.03,4.09,9344100
2017-06-16,4.13,4.16,4.07,4.09,14906300
2017-06-19,4.06,4.11,4.02,4.04,8052200
2017-06-20,4.01,4.08,3.92,3.96,10032900
2017-06-21,3.95,4.07,3.93,4.03,10058600
2017-06-22,4.12,4.15,4.07,4.12,8679400
2017-06-23,4.14,4.25,4.11,4.24,9054900
2017-06-26,4.18,4.29,4.16,4.24,7739900
2017-06-27,4.28,4.3,4.11,4.12,7727400
2017-06-28,4.17,4.19,4.06,4.11,8750500
2017-06-29,4.06,4.11,3.99,4.0,13190300
2017-06-30,4.02,4.12,3.99,4.07,8796500
2017-07-03,3.97,4.01,3.95,3.97,3766100
2017-07-05,3.94,3.99,3.87,3.96,15000000
2017-07-06,3.95,3.96,3.88,3.91,7558500
2017-07-07,3.88,3.89,3.73,3.84,12680500
2017-07-10,3.81,4.01,3.76,4.01,9823700
2017-07-11,3.99,4.0,3.91,3.99,6655800
2017-07-12,4.03,4.05,3.89,3.9,12676100
2017-07-13,3.87,3.91,3.78,3.81,11008600
2017-07-14,3.9,3.98,3.89,3.9,10134700
2017-07-17,3.97,4.03,3.94,3.99,5325000
2017-07-18,4.06,4.11,4.01,4.06,8125700
2017-07-19,4.09,4.16,4.04,4.13,6771200
2017-07-20,4.12,4.21,4.11,4.15,8012200
2017-07-21,4.18,4.24,4.15,4.22,10567400
2017-07-24,4.25,4.25,4.08,4.12,6441300
2017-07-25,4.12,4.18,4.07,4.11,11705500
2017-07-26,4.09,4.35,4.08,4.27,13671400
2017-07-27,4.35,4.35,4.1,4.12,15539000
2017-07-28,4.17,4.25,4.14,4.21,10038800
2017-07-31,4.21,4.24,4.11,4.12,11212400
2017-08-01,4.12,4.18,4.06,4.12,9067900
2017-08-02,4.09,4.23,4.07,4.12,15447200
2017-08-03,4.27,4.45,4.19,4.32,16868900
2017-08-04,4.28,4.31,4.1,4.18,16249000
2017-08-07,4.15,4.23,4.11,4.13,8508700
2017-08-08,4.18,4.22,4.09,4.13,12200100
2017-08-09,4.23,4.31,4.16,4.19,15652700
2017-08-10,4.27,4.29,4.22,4.25,8353700
2017-08-11,4.26,4.31,4.16,4.18,16607000
2017-08-14,4.12,4.21,4.1,4.17,9110500
2017-08-15,4.1,4.21,4.09,4.17,6952500
2017-08-16,4.18,4.43,4.18,4.38,14879000
2017-08-17,4.4,4.43,4.33,4.37,7515300
2017-08-18,4.43,4.5,4.22,4.25,14313000
2017-08-21,4.26,4.33,4.26,4.28,7949900
2017-08-22,4.25,4.28,4.17,4.18,8473400
2017-08-23,4.2,4.24,4.16,4.24,6892100
2017-08-24,4.21,4.26,4.2,4.24,5548100
2017-08-25,4.26,4.3,4.18,4.25,6952300
2017-08-28,4.3,4.4,4.25,4.4,11927000
2017-08-29,4.5,4.53,4.34,4.41,24029200
2017-08-30,4.4,4.46,4.35,4.37,13431500
2017-08-31,4.4,4.57,4.37,4.56,13440900
2017-09-01,4.65,4.66,4.46,4.49,12810400
2017-09-05,4.55,4.72,4.54,4.69,11093400
2017-09-06,4.68,4.74,4.57,4.68,12313000
2017-09-07,4.73,4.91,4.73,4.89,14684300
2017-09-08,4.89,4.9,4.76,4.83,11748700
2017-09-11,4.7,4.77,4.61,4.67,10671200
2017-09-12,4.64,4.74,4.6,4.72,7206600
2017-09-13,4.7,4.75,4.65,4.7,10773400
2017-09-14,4.7,4.83,4.63,4.8,8914200
2017-09-15,4.79,4.84,4.73,4.82,11925000
2017-09-18,4.69,4.77,4.48,4.53,14904400
2017-09-19,4.55,4.58,4.5,4.52,5916400
2017-09-20,4.55,4.6,4.32,4.33,13065100
2017-09-21,4.27,4.28,4.18,4.23,15833300
2017-09-22,4.3,4.31,4.19,4.25,5975600
2017-09-25,4.22,4.37,4.2,4.36,8992500
2017-09-26,4.29,4.34,4.26,4.28,10780600
2017-09-27,4.16,4.26,4.11,4.2,8096000
2017-09-28,4.2,4.3,4.19,4.27,5191500
2017-09-29,4.27,4.31,4.24,4.24,4223300
2017-10-02,4.23,4.29,4.18,4.19,8370200
2017-10-03,4.22,4.31,4.2,4.28,6259800
2017-10-04,4.3,4.35,4.28,4.32,4317800
2017-10-05,4.3,4.31,4.23,4.24,4672500
2017-10-06,4.23,4.31,4.19,4.28,8567700
2017-10-09,4.23,4.34,4.23,4.29,6833000
2017-10-10,4.33,4.35,4.28,4.3,9466600
2017-10-11,4.34,4.39,4.29,4.39,7501100
2017-10-12,4.4,4.51,4.36,4.45,7449200
2017-10-13,4.51,4.52,4.42,4.43,4966800
2017-10-16,4.44,4.46,4.26,4.28,6267900
2017-10-17,4.25,4.3,4.21,4.29,6274300
2017-10-18,4.25,4.29,4.24,4.25,3860100
2017-10-19,4.28,4.36,4.28,4.3,4646400
2017-10-20,4.24,4.3,4.14,4.16,9416000
2017-10-23,4.13,4.15,4.06,4.12,7582700
2017-10-24,4.08,4.1,4.02,4.03,7636300
2017-10-25,4.0,4.01,3.92,3.94,11283400
2017-10-26,3.94,3.97,3.85,3.87,9016200
2017-10-27,3.85,3.98,3.82,3.95,11437900
2017-10-30,3.97,4.05,3.93,4.0,5077200
2017-10-31,3.99,3.99,3.92,3.95,7816400
2017-11-01,3.98,4.04,3.91,3.96,9675700
2017-11-02,3.96,4.07,3.94,3.97,8531600
2017-11-03,3.97,4.02,3.93,3.97,7565400
2017-11-06,3.97,4.05,3.95,4.0,7718000
2017-11-07,3.98,4.12,3.97,4.11,11032900
2017-11-08,4.15,4.2,4.11,4.18,16579300
2017-11-09,4.35,4.49,4.31,4.37,24829000
2017-11-10,4.41,4.44,4.24,4.3,12569100
2017-11-13,4.31,4.36,4.25,4.32,5642600
2017-11-14,4.29,4.34,4.26,4.29,7093000
2017-11-15,4.34,4.4,4.3,4.38,9989300
2017-11-16,4.36,4.37,4.26,4.28,5395100
2017-11-17,4.31,4.36,4.28,4.33,8399600
2017-11-20,4.29,4.32,4.22,4.24,4925600
2017-11-21,4.25,4.31,4.23,4.28,6069800
2017-11-22,4.33,4.34,4.26,4.32,8074700
2017-11-24,4.31,4.33,4.22,4.22,3309700
2017-11-27,4.27,4.31,4.22,4.3,8893500
2017-11-28,4.3,4.31,4.26,4.31,8480800
2017-11-29,4.25,4.29,4.16,4.18,7146600
2017-11-30,4.16,4.21,4.09,4.16,13927500
2017-12-01,4.17,4.2,4.07,4.09,11148100
2017-12-04,4.07,4.08,3.98,4.03,6873200
2017-12-05,4.01,4.01,3.93,3.93,5912700
2017-12-06,3.92,3.95,3.88,3.9,5933900
2017-12-07,3.84,3.93,3.83,3.88,10812400
2017-12-08,3.9,3.94,3.86,3.88,6059800
2017-12-11,3.87,3.93,3.8,3.82,8292700
2017-12-12,3.78,3.82,3.78,3.8,7176100
2017-12-13,3.87,4.09,3.84,4.05,12449300
2017-12-14,4.06,4.09,3.99,4.06,7710000
2017-12-15,4.09,4.09,3.99,4.04,16781600
2017-12-18,4.07,4.15,4.04,4.11,9076400
2017-12-19,4.1,4.13,4.06,4.11,8879100
2017-12-20,4.1,4.24,4.09,4.23,6589400
2017-12-21,4.21,4.26,4.19,4.24,4920900
2017-12-22,4.26,4.29,4.23,4.25,7112800
2017-12-26,4.29,4.37,4.25,4.32,5560200
2017-12-27,4.28,4.33,4.26,4.29,8682200
2017-12-28,4.33,4.34,4.26,4.3,4227600
2017-12-29,4.32,4.35,4.28,4.32,3759500
2018-01-02,4.35,4.48,4.35,4.48,8927900
2018-01-03,4.46,4.49,4.37,4.46,12718000
2018-01-04,4.48,4.52,4.43,4.51,8780000
2018-01-05,4.46,4.51,4.41,4.45,6041100
2018-01-08,4.42,4.45,4.32,4.34,8440800
2018-01-09,4.31,4.31,4.14,4.15,12972900
2018-01-10,4.22,4.23,4.11,4.13,9026000
2018-01-11,4.14,4.2,4.06,4.16,11767300
2018-01-12,4.22,4.34,4.18,4.34,13440200
2018-01-16,4.5,4.55,4.37,4.46,21382000
2018-01-17,4.43,4.49,4.34,4.37,27706600
2018-01-18,4.35,4.37,4.23,4.25,7842200
2018-01-19,4.25,4.28,4.19,4.2,5882600
2018-01-22,4.25,4.33,4.2,4.32,8218900
2018-01-23,4.27,4.55,4.24,4.54,12881900
2018-01-24,4.69,4.78,4.52,4.61,20684900
2018-01-25,4.65,4.65,4.42,4.46,13565600
2018-01-26,4.48,4.55,4.46,4.5,6236200
2018-01-29,4.45,4.51,4.31,4.32,9083300
2018-01-30,4.35,4.38,4.24,4.26,8056300
2018-01-31,4.31,4.37,4.23,4.33,7767800
2018-02-01,4.32,4.4,4.28,4.34,6975800
2018-02-02,4.22,4.27,4.08,4.1,10276900
2018-02-05,4.08,4.14,4.02,4.09,10705200
2018-02-06,4.02,4.13,3.95,3.99,12055100
2018-02-07,3.95,4.05,3.88,3.95,12516200
2018-02-08,3.95,4.04,3.91,3.95,9663900
2018-02-09,3.95,3.96,3.77,3.88,13217000
2018-02-12,3.88,4.02,3.87,4.0,9403800
2018-02-13,4.0,4.04,3.9,3.93,6411500
2018-02-14,3.93,4.3,3.91,4.27,21444300
2018-02-15,4.2,4.23,3.84,3.98,23450200
2018-02-16,3.96,3.99,3.9,3.94,10372800
2018-02-20,3.89,3.94,3.78,3.79,13836000
2018-02-21,3.82,3.84,3.7,3.71,14751100
2018-02-22,3.72,3.74,3.62,3.63,8451100
2018-02-23,3.62,3.65,3.58,3.59,7779300
2018-02-26,3.61,3.69,3.59,3.61,8033000
2018-02-27,3.58,3.61,3.48,3.57,8882300
2018-02-28,3.57,3.61,3.55,3.58,9429400
2018-03-01,3.54,3.71,3.5,3.66,10810300
2018-03-02,3.71,3.74,3.61,3.64,8248500
2018-03-05,3.64,3.65,3.57,3.62,6378200
2018-03-06,3.7,3.74,3.66,3.72,10684300
2018-03-07,3.7,3.75,3.6,3.63,8503500
2018-03-08,3.63,3.66,3.56,3.62,6841500
2018-03-09,3.61,3.63,3.54,3.57,8956600
2018-03-12,3.53,3.6,3.51,3.59,9175700
2018-03-13,3.64,3.66,3.57,3.59,7235300
2018-03-14,3.61,3.7,3.6,3.65,8795400
2018-03-15,3.65,3.66,3.59,3.65,7021700
2018-03-16,3.64,3.69,3.58,3.62,17125100
2018-03-19,3.64,3.68,3.6,3.66,8647800
2018-03-20,3.66,3.67,3.57,3.6,6879500
2018-03-21,3.64,3.74,3.62,3.7,15645200
2018-03-22,3.7,3.74,3.61,3.63,10226700
2018-03-23,3.7,3.89,3.69,3.84,13263200
2018-03-26,3.88,4.02,3.87,3.99,16095300
2018-03-27,3.92,3.99,3.89,3.96,10415500
2018-03-28,3.91,3.98,3.85,3.88,8417900
2018-03-29,3.89,3.97,3.87,3.95,11441600
2018-04-02,3.99,4.0,3.93,3.97,9168800
2018-04-03,3.92,4.02,3.87,3.96,10772800
2018-04-04,3.99,4.01,3.92,3.94,9777000
2018-04-05,3.9,3.97,3.89,3.96,10659100
2018-04-06,3.98,4.04,3.93,3.96,12323800
2018-04-09,3.8,3.87,3.58,3.62,21790100
2018-04-10,3.61,3.72,3.57,3.67,11164700
2018-04-11,3.74,3.83,3.73,3.78,17243900
2018-04-12,3.73,3.82,3.69,3.8,7140100
2018-04-13,3.83,3.9,3.8,3.82,7537200
2018-04-16,3.85,3.88,3.81,3.84,12598500
2018-04-17,3.82,3.93,3.81,3.87,8908200
2018-04-18,3.94,4.0,3.89,3.9,11439500
2018-04-19,3.89,3.93,3.83,3.86,6421900
2018-04-20,3.83,3.88,3.78,3.87,5620000
2018-04-23,3.8,3.9,3.79,3.87,7149700
2018-04-24,3.87,3.93,3.86,3.91,5752200
2018-04-25,3.87,3.92,3.85,3.9,6636300
2018-04-26,3.91,3.98,3.9,3.91,7971700
2018-04-27,3.92,3.97,3.92,3.96,3457400
2018-04-30,3.92,3.95,3.87,3.88,7909000
2018-05-01,3.87,3.96,3.83,3.94,8913500
2018-05-02,3.96,4.02,3.93,3.94,8407600
2018-05-03,4.01,4.04,3.97,4.01,7182600
2018-05-04,3.98,4.06,3.95,4.03,8740400
2018-05-07,4.03,4.09,4.0,4.03,7140500
2018-05-08,4.01,4.12,3.93,4.12,10472700
2018-05-09,3.85,3.87,3.53,3.67,25608800
2018-05-10,3.75,3.81,3.72,3.74,10967900
2018-05-11,3.75,3.76,3.71,3.74,6986700
2018-05-14,3.74,3.79,3.7,3.72,6693800
2018-05-15,3.64,3.66,3.6,3.64,11632800
2018-05-16,3.64,3.66,3.56,3.56,7643500
2018-05-17,3.59,3.6,3.5,3.56,8614900
2018-05-18,3.55,3.62,3.52,3.59,7546800
2018-05-21,3.58,3.63,3.56,3.62,5769000
2018-05-22,3.63,3.66,3.56,3.59,6392600
2018-05-23,3.57,3.62,3.56,3.6,4359700
2018-05-24,3.62,3.67,3.6,3.64,4868900
2018-05-25,3.64,3.64,3.57,3.6,5156800
2018-05-29,3.56,3.63,3.54,3.57,6805100
2018-05-30,3.59,3.67,3.56,3.63,4399200
2018-05-31,3.65,3.66,3.6,3.6,3981400
2018-06-01,3.58,3.62,3.55,3.58,6712900
2018-06-04,3.6,3.61,3.55,3.55,2949600
2018-06-05,3.58,3.62,3.53,3.57,4504400
2018-06-06,3.6,3.62,3.55,3.58,8191600
2018-06-07,3.57,3.59,3.53,3.55,6535500
2018-06-08,3.54,3.59,3.53,3.58,4122300
2018-06-11,3.57,3.66,3.57,3.64,6023400
2018-06-12,3.63,3.75,3.63,3.71,6700700
2018-06-13,3.71,3.76,3.66,3.72,6030800
2018-06-14,3.76,3.8,3.73,3.79,5810000
2018-06-15,3.71,3.74,3.65,3.72,18873100
2018-06-18,3.69,3.75,3.68,3.73,3954600
2018-06-19,3.7,3.78,3.69,3.73,4386300
2018-06-20,3.71,3.76,3.69,3.7,3993800
2018-06-21,3.68,3.75,3.68,3.69,4546900
2018-06-22,3.72,3.78,3.71,3.72,4991400
2018-06-25,3.72,3.75,3.67,3.67,4960400
2018-06-26,3.65,3.78,3.63,3.74,6875000
2018-06-27,3.68,3.77,3.66,3.67,6720400
2018-06-28,3.66,3.7,3.64,3.67,4217500
2018-06-29,3.68,3.79,3.68,3.76,6811300
2018-07-02,3.71,3.82,3.7,3.72,4038900
2018-07-03,3.75,3.89,3.75,3.84,7509600
2018-07-05,3.87,3.89,3.83,3.87,8736500
2018-07-06,3.85,3.94,3.85,3.93,6454900
2018-07-09,3.95,3.98,3.88,3.88,5486200
2018-07-10,3.86,3.9,3.83,3.89,2878400
2018-07-11,3.83,3.88,3.74,3.78,5100500
2018-07-12,3.79,3.86,3.77,3.79,4503100
2018-07-13,3.73,3.81,3.7,3.77,3247200
2018-07-16,3.74,3.79,3.73,3.73,3171100
2018-07-17,3.71,3.79,3.69,3.76,5302900
2018-07-18,3.74,3.79,3.7,3.71,4762600
2018-07-19,3.65,3.75,3.63,3.64,8441600
2018-07-20,3.68,3.73,3.66,3.69,5785900
2018-07-23,3.65,3.68,3.61,3.64,4841200
2018-07-24,3.67,3.7,3.65,3.67,6840700
2018-07-25,3.68,3.7,3.6,3.68,6019600
2018-07-26,3.64,3.68,3.59,3.59,7363300
2018-07-27,3.61,3.66,3.58,3.59,5086700
2018-07-30,3.59,3.63,3.57,3.6,4919200
2018-07-31,3.6,3.63,3.58,3.6,6341000
2018-08-01,3.57,3.62,3.56,3.57,3739100
2018-08-02,3.53,3.55,3.4,3.42,8942500
2018-08-03,3.45,3.52,3.42,3.43,5804500
2018-08-06,3.41,3.46,3.41,3.41,3004600
2018-08-07,3.45,3.45,3.32,3.32,6572200
2018-08-08,3.34,3.35,3.27,3.3,6569400
2018-08-09,3.3,3.34,3.21,3.24,7705400
2018-08-10,3.25,3.25,3.14,3.15,9063100
2018-08-13,3.13,3.15,3.06,3.11,10895700
2018-08-14,3.12,3.14,3.06,3.08,5285000
2018-08-15,3.03,3.04,2.78,2.86,16778800
2018-08-16,2.88,2.93,2.79,2.81,10831200
2018-08-17,2.83,2.98,2.83,2.89,14462500
2018-08-20,2.87,2.93,2.82,2.87,12981000
2018-08-21,2.87,2.9,2.82,2.87,7360400
2018-08-22,2.89,2.94,2.87,2.91,6510700
2018-08-23,2.93,2.93,2.85,2.89,7758600
2018-08-24,2.92,3.05,2.91,2.99,8968700
2018-08-27,3.0,3.08,3.0,3.02,6018700
2018-08-28,3.06,3.08,2.96,2.97,6981500
2018-08-29,2.97,3.05,2.97,3.03,5597600
2018-08-30,3.0,3.02,2.97,2.99,5156500
2018-08-31,3.01,3.09,2.99,3.0,10414100
2018-09-04,2.97,2.99,2.81,2.83,9647600
2018-09-05,2.85,2.86,2.78,2.8,5081200
2018-09-06,2.84,2.91,2.79,2.8,6078400
2018-09-07,2.79,2.86,2.75,2.83,6294400
2018-09-10,2.82,2.86,2.72,2.74,7450500
2018-09-11,2.72,2.75,2.67,2.73,7123500
2018-09-12,2.71,2.88,2.7,2.82,10523800
2018-09-13,2.87,2.91,2.78,2.88,11440800
2018-09-14,2.9,2.97,2.86,2.89,14663200
2018-09-17,2.92,3.05,2.9,3.01,13988500
2018-09-18,3.04,3.07,2.98,3.01,7222400
2018-09-19,3.01,3.09,2.99,3.03,9979100
2018-09-20,3.07,3.09,2.94,3.01,8106400
2018-09-21,2.95,3.03,2.9,2.95,23375700
2018-09-24,2.99,3.03,2.93,2.94,9836600
2018-09-25,2.96,3.03,2.95,2.97,7350700
2018-09-26,2.97,2.97,2.78,2.83,17016200
2018-09-27,2.78,2.81,2.72,2.73,18394100
2018-09-28,2.76,2.8,2.69,2.7,15250900
2018-10-01,2.7,2.79,2.67,2.75,13083500
2018-10-02,2.8,2.88,2.79,2.81,15155900
2018-10-03,2.83,2.84,2.74,2.78,8963100
2018-10-04,2.78,2.83,2.73,2.75,13710800
2018-10-05,2.78,2.83,2.76,2.76,13021500
2018-10-08,2.71,2.8,2.69,2.79,8493300
2018-10-09,2.79,2.81,2.71,2.74,11306100
2018-10-10,2.73,2.9,2.69,2.83,17252000
2018-10-11,2.89,3.01,2.87,2.96,20516500
2018-10-12,2.95,2.95,2.81,2.88,12345800
2018-10-15,2.94,3.02,2.84,2.9,14702900
2018-10-16,2.93,2.95,2.85,2.89,11303900
2018-10-17,2.9,2.96,2.85,2.86,12283000
2018-10-18,2.85,2.94,2.83,2.85,11571200
2018-10-19,2.88,2.95,2.86,2.93,18182200
2018-10-22,2.89,2.9,2.78,2.82,16267900
2018-10-23,2.89,2.93,2.8,2.82,17688600
2018-10-24,2.82,2.85,2.73,2.76,14205100
2018-10-25,2.73,2.78,2.58,2.6,18693100
2018-10-26,2.63,2.75,2.61,2.64,17549000
2018-10-29,2.62,2.74,2.57,2.63,12779600
2018-10-30,2.61,2.69,2.59,2.68,16889800
2018-10-31,2.62,2.66,2.58,2.59,12822100
2018-11-01,2.66,2.82,2.66,2.76,22323800
2018-11-02,2.77,2.8,2.72,2.75,11438900
2018-11-05,2.75,2.83,2.69,2.74,14356600
2018-11-06,2.75,2.76,2.68,2.7,9338800
2018-11-07,2.72,2.74,2.64,2.67,17541200
2018-11-08,2.6,2.72,2.51,2.66,24673800
2018-11-09,2.62,2.63,2.54,2.59,14953700
2018-11-12,2.57,2.6,2.52,2.52,12479400
2018-11-13,2.52,2.56,2.42,2.43,17208200
2018-11-14,2.44,2.5,2.38,2.46,24199900
2018-11-15,2.47,2.5,2.4,2.47,11213900
2018-11-16,2.51,2.59,2.5,2.56,14486000
2018-11-19,2.59,2.67,2.56,2.58,11757900
2018-11-20,2.59,2.63,2.49,2.61,11436300
2018-11-21,2.62,2.74,2.62,2.69,17292000
2018-11-23,2.65,2.73,2.62,2.71,6642100
2018-11-26,2.69,2.75,2.63,2.65,10981600
2018-11-27,2.64,2.66,2.5,2.58,10076500
2018-11-28,2.58,2.78,2.55,2.71,13061700
2018-11-29,2.75,2.84,2.72,2.73,12371100
2018-11-30,2.71,2.79,2.66,2.71,14257500
2018-12-03,2.79,2.87,2.74,2.83,10968100
2018-12-04,2.85,2.96,2.76,2.8,28829900
2018-12-06,2.78,2.85,2.76,2.82,23661900
2018-12-07,2.87,2.93,2.83,2.85,23449400
2018-12-10,2.85,2.94,2.8,2.86,15148300
2018-12-11,2.88,2.91,2.81,2.84,9622100
2018-12-12,2.84,2.92,2.83,2.89,9903400
2018-12-13,2.88,2.91,2.85,2.9,7958000
2018-12-14,2.84,2.9,2.77,2.88,15761400
2018-12-17,2.9,3.02,2.87,3.01,30136400
2018-12-18,3.0,3.12,2.97,3.08,31648600
2018-12-19,2.99,3.21,2.85,2.87,38026100
2018-12-20,3.01,3.16,2.93,3.14,38110200
2018-12-21,3.12,3.21,2.99,3.12,137772000
2018-12-24,3.18,3.34,3.13,3.3,14726900
2018-12-26,3.36,3.37,3.07,3.14,16140100
2018-12-27,3.21,3.3,3.17,3.24,22196300
2018-12-28,3.22,3.29,3.15,3.18,14212800
2018-12-31,3.19,3.24,3.12,3.24,9738500
2019-01-02,3.25,3.31,3.2,3.24,10798000
2019-01-03,3.27,3.28,3.19,3.23,13357700
2019-01-04,3.21,3.26,3.15,3.24,10712200
2019-01-07,3.25,3.28,3.17,3.18,9338300
2019-01-08,3.18,3.23,3.11,3.22,18027100
2019-01-09,3.18,3.27,3.16,3.22,10678900
2019-01-10,3.21,3.24,3.12,3.16,10598500
2019-01-11,3.17,3.22,3.14,3.19,10117600
2019-01-14,3.23,3.24,3.13,3.16,9978400
2019-01-15,3.18,3.19,3.08,3.1,13505900
2019-01-16,3.08,3.17,3.08,3.13,8029500
2019-01-17,3.11,3.16,3.09,3.16,9859100
2019-01-18,3.12,3.21,3.08,3.1,14750200
2019-01-22,3.15,3.17,3.08,3.14,12892500
2019-01-23,3.15,3.16,3.08,3.12,8070100
2019-01-24,3.11,3.16,3.1,3.14,5107000
2019-01-25,3.21,3.29,3.15,3.23,12014300
2019-01-28,3.24,3.27,3.21,3.24,8675500
2019-01-29,3.28,3.3,3.21,3.26,14964800
2019-01-30,3.23,3.43,3.23,3.33,19010000
2019-01-31,3.34,3.4,3.31,3.36,13679800
2019-02-01,3.35,3.38,3.29,3.37,9345300
2019-02-04,3.32,3.37,3.31,3.34,7167300
2019-02-05,3.34,3.44,3.32,3.44,8857200
2019-02-06,3.4,3.47,3.35,3.38,16905100
2019-02-07,3.38,3.41,3.29,3.33,10646400
2019-02-08,3.33,3.43,3.33,3.4,8601200
2019-02-11,3.38,3.4,3.32,3.33,6771200
2019-02-12,3.35,3.35,3.18,3.22,14145900
2019-02-13,3.22,3.28,3.16,3.21,9648500
2019-02-14,3.22,3.36,3.19,3.26,24510800
2019-02-15,3.3,3.49,3.23,3.49,15462700
2019-02-19,3.52,3.81,3.5,3.77,25601000
2019-02-20,3.78,3.83,3.72,3.8,21877100
2019-02-21,3.76,3.8,3.61,3.65,22839800
2019-02-22,3.7,3.72,3.62,3.63,12799300
2019-02-25,3.62,3.66,3.51,3.53,14383100
2019-02-26,3.51,3.55,3.42,3.46,18336700
2019-02-27,3.44,3.46,3.34,3.37,16966700
2019-02-28,3.37,3.4,3.32,3.33,9901400
2019-03-01,3.28,3.38,3.2,3.21,13008700
2019-03-04,3.19,3.28,3.12,3.24,23192000
2019-03-05,3.24,3.28,3.19,3.25,9549200
2019-03-06,3.27,3.29,3.17,3.17,8363500
2019-03-07,3.16,3.22,3.13,3.14,11137600
2019-03-08,3.24,3.38,3.21,3.36,13025800
2019-03-11,3.36,3.37,3.27,3.34,10080400
2019-03-12,3.37,3.48,3.36,3.46,10797700
2019-03-13,3.5,3.55,3.43,3.45,10276800
2019-03-14,3.36,3.4,3.33,3.36,6786600
2019-03-15,3.4,3.42,3.29,3.38,20247600
2019-03-18,3.4,3.42,3.3,3.31,8608600
2019-03-19,3.35,3.37,3.29,3.32,7261500
2019-03-20,3.31,3.46,3.24,3.43,11019000
2019-03-21,3.43,3.47,3.36,3.46,9807100
2019-03-22,3.45,3.51,3.43,3.48,9950200
2019-03-25,3.5,3.64,3.5,3.62,11077400
2019-03-26,3.57,3.64,3.55,3.61,7130300
2019-03-27,3.6,3.62,3.54,3.54,10061500
2019-03-28,3.49,3.49,3.37,3.43,8768100
2019-03-29,3.46,3.51,3.42,3.44,9227500
2019-04-01,3.46,3.48,3.3,3.34,9577600
2019-04-02,3.35,3.4,3.33,3.36,7634800
2019-04-03,3.36,3.44,3.33,3.39,11327100
2019-04-04,3.33,3.49,3.3,3.47,7516600
2019-04-05,3.48,3.52,3.43,3.5,8467400
2019-04-08,3.55,3.58,3.51,3.55,8197700
2019-04-09,3.58,3.6,3.54,3.6,5578400
2019-04-10,3.57,3.62,3.52,3.52,5860900
2019-04-11,3.45,3.56,3.44,3.47,8581800
2019-04-12,3.5,3.52,3.45,3.47,7942700
2019-04-15,3.43,3.52,3.41,3.5,6557700
2019-04-16,3.41,3.48,3.4,3.46,6727500
2019-04-17,3.46,3.48,3.33,3.36,9075600
2019-04-18,3.34,3.36,3.21,3.23,10114000
2019-04-22,3.23,3.25,3.15,3.17,7077700
2019-04-23,3.1,3.23,3.1,3.15,8666300
2019-04-24,3.18,3.27,3.15,3.24,9889800
2019-04-25,3.25,3.27,3.15,3.19,10377900
2019-04-26,3.21,3.31,3.21,3.29,9620600
2019-04-29,3.25,3.27,3.19,3.2,6923700
2019-04-30,3.21,3.26,3.18,3.18,13023700
2019-05-01,3.18,3.18,3.04,3.06,14005000
2019-05-02,3.07,3.09,3.0,3.05,8567200
2019-05-03,3.08,3.13,3.05,3.07,7501200
2019-05-06,3.05,3.12,3.04,3.07,5157900
2019-05-07,3.06,3.1,3.02,3.06,12778200
2019-05-08,3.16,3.3,3.06,3.11,19770200
2019-05-09,3.1,3.16,3.08,3.08,8040600
2019-05-10,3.09,3.1,3.04,3.05,7184500
2019-05-13,3.09,3.18,3.06,3.16,9243900
2019-05-14,3.14,3.17,3.07,3.13,5034000
2019-05-15,3.13,3.19,3.13,3.17,6244000
2019-05-16,3.15,3.16,3.09,3.13,9387600
2019-05-17,3.1,3.17,3.06,3.16,7101600
2019-05-20,3.14,3.21,3.12,3.16,5056400
2019-05-21,3.15,3.15,3.1,3.14,5593600
2019-05-22,3.14,3.14,3.09,3.1,3590600
2019-05-23,3.13,3.21,3.12,3.12,5587300
2019-05-24,3.13,3.18,3.11,3.14,5101200
2019-05-28,3.13,3.22,3.11,3.21,8252400
2019-05-29,3.23,3.24,3.17,3.19,5860300
2019-05-30,3.14,3.21,3.1,3.19,6314200
2019-05-31,3.22,3.31,3.22,3.27,7416100
2019-06-03,3.33,3.57,3.32,3.56,14118200
2019-06-04,3.49,3.56,3.48,3.55,13892300
2019-06-05,3.59,3.71,3.48,3.5,11818500
2019-06-06,3.51,3.57,3.48,3.51,7304800
2019-06-07,3.55,3.56,3.46,3.46,8904100
2019-06-10,3.41,3.45,3.36,3.43,8779700
2019-06-11,3.43,3.46,3.38,3.44,7305700
2019-06-12,3.48,3.54,3.46,3.49,7494200
2019-06-13,3.49,3.6,3.48,3.57,7518400
2019-06-14,3.61,3.7,3.49,3.54,11956600
2019-06-17,3.52,3.56,3.41,3.5,11891600
2019-06-18,3.57,3.65,3.51,3.6,13412200
2019-06-19,3.56,3.66,3.52,3.65,15064200
2019-06-20,3.79,3.93,3.76,3.82,18831500
2019-06-21,3.8,3.85,3.69,3.79,36959500
2019-06-24,3.86,3.96,3.83,3.95,18282600
2019-06-25,3.98,4.01,3.81,3.9,21779800
2019-06-26,3.8,3.95,3.77,3.84,13521600
2019-06-27,3.8,3.89,3.75,3.86,9749600
2019-06-28,3.86,3.93,3.82,3.88,9107900
2019-07-01,3.74,3.75,3.64,3.65,13129300
2019-07-02,3.72,3.84,3.7,3.82,15131100
2019-07-03,3.86,3.9,3.8,3.89,9191100
2019-07-05,3.74,3.86,3.71,3.83,11157900
2019-07-08,3.84,3.89,3.79,3.83,8467900
2019-07-09,3.82,3.93,3.8,3.92,9608600
2019-07-10,3.98,4.13,3.91,4.12,14667100
2019-07-11,4.12,4.13,3.97,4.02,11150800
2019-07-12,4.04,4.07,3.99,4.05,7846400
2019-07-15,4.05,4.08,3.99,4.03,6804800
2019-07-16,4.03,4.08,3.99,4.01,6601400
2019-07-17,4.01,4.16,3.99,4.15,10240300
2019-07-18,4.14,4.35,4.08,4.31,15537200
2019-07-19,4.28,4.38,4.19,4.31,12691400
2019-07-22,4.32,4.36,4.23,4.24,11719800
2019-07-23,4.23,4.31,4.13,4.2,12680900
2019-07-24,4.21,4.3,4.18,4.26,11148600
2019-07-25,4.25,4.27,4.15,4.17,11181200
2019-07-26,4.22,4.27,4.16,4.24,6686400
2019-07-29,4.26,4.28,4.15,4.26,19229600
2019-07-30,4.26,4.29,4.21,4.27,10589500
2019-07-31,4.27,4.29,4.0,4.02,21211200
2019-08-01,3.99,4.48,3.94,4.47,39348600
2019-08-02,4.43,4.63,4.39,4.57,21748600
2019-08-05,4.71,4.89,4.7,4.78,19645500
2019-08-06,4.69,4.84,4.65,4.83,20650900
2019-08-07,4.99,5.15,4.97,5.06,28079100
2019-08-08,5.0,5.16,4.91,5.14,22581200
2019-08-09,5.11,5.17,5.03,5.05,13864900
2019-08-12,5.12,5.16,4.95,4.97,18760900
2019-08-13,5.07,5.07,4.73,4.86,22575600
2019-08-14,4.94,5.01,4.84,4.84,17675300
2019-08-15,4.79,4.94,4.69,4.91,18765300
2019-08-16,4.83,4.94,4.69,4.78,12958100
2019-08-19,4.68,4.77,4.58,4.69,15176500
2019-08-20,4.71,4.81,4.65,4.77,9762500
2019-08-21,4.75,4.78,4.67,4.7,12636100
2019-08-22,4.66,4.75,4.64,4.68,9712000
2019-08-23,4.71,5.04,4.68,5.03,18377200
2019-08-26,5.06,5.09,4.96,4.99,9409400
2019-08-27,4.98,5.21,4.97,5.15,14179900
2019-08-28,5.16,5.24,5.06,5.15,12674900
2019-08-29,5.12,5.17,4.9,4.99,17492200
2019-08-30,4.96,5.07,4.91,4.97,10983800
2019-09-03,5.09,5.32,5.06,5.19,20939100
2019-09-04,5.2,5.32,5.15,5.26,10045900
2019-09-05,5.17,5.23,4.96,5.08,24740800
2019-09-06,5.1,5.19,4.95,4.95,18712800
2019-09-09,4.95,4.99,4.74,4.81,15227700
2019-09-10,4.75,4.92,4.7,4.8,17053100
2019-09-11,4.83,4.99,4.78,4.83,16001200
2019-09-12,4.99,5.09,4.73,4.73,18357100
2019-09-13,4.76,4.85,4.67,4.72,21645300
2019-09-16,4.83,4.97,4.76,4.92,25660200
2019-09-17,4.94,5.19,4.93,5.18,18144700
2019-09-18,5.2,5.25,4.9,5.02,21708500
2019-09-19,5.07,5.11,5.0,5.04,12822700
2019-09-20,5.03,5.2,4.99,5.18,19338400
2019-09-23,5.23,5.35,5.22,5.34,15256600
2019-09-24,5.28,5.46,5.26,5.43,12270200
2019-09-25,5.4,5.47,5.12,5.15,17064400
2019-09-26,5.17,5.21,5.07,5.09,13918800
2019-09-27,4.94,4.94,4.77,4.8,16467400
2019-09-30,4.69,4.77,4.55,4.6,18146200
2019-10-01,4.57,4.81,4.51,4.73,17030800
2019-10-02,4.82,4.88,4.74,4.85,14700000
2019-10-03,4.83,5.0,4.79,4.79,18271000
2019-10-04,4.8,4.91,4.78,4.87,8836500
2019-10-07,4.84,4.91,4.8,4.81,6970000
2019-10-08,4.91,4.93,4.83,4.88,15227000
2019-10-09,4.85,4.89,4.79,4.8,11641500
2019-10-10,4.81,4.83,4.61,4.75,16671500
2019-10-11,4.71,4.75,4.58,4.6,13852500
2019-10-14,4.6,4.74,4.59,4.66,5429600
2019-10-15,4.6,4.64,4.5,4.51,11436400
2019-10-16,4.56,4.64,4.52,4.63,7854200
2019-10-17,4.63,4.77,4.59,4.69,7176700
2019-10-18,4.7,4.75,4.59,4.66,7141600
2019-10-21,4.69,4.71,4.52,4.53,8459900
2019-10-22,4.59,4.62,4.46,4.6,9899000
2019-10-23,4.65,4.68,4.59,4.61,9405600
2019-10-24,4.64,4.75,4.62,4.74,9961300
2019-10-25,4.8,4.92,4.75,4.82,12517100
2019-10-28,4.74,4.77,4.63,4.7,10091900
2019-10-29,4.66,4.81,4.64,4.77,8977500
2019-10-30,4.77,4.85,4.67,4.8,12880500
2019-10-31,4.85,4.98,4.8,4.85,16423900
2019-11-01,4.82,4.87,4.74,4.84,10868400
2019-11-04,4.81,4.85,4.76,4.78,10490400
2019-11-05,4.7,4.81,4.61,4.78,18336300
2019-11-06,4.82,4.87,4.73,4.81,16987800
2019-11-07,4.62,4.65,4.07,4.24,30548200
2019-11-08,4.12,4.29,4.1,4.17,13322600
2019-11-11,4.16,4.24,4.13,4.13,11681800
2019-11-12,4.14,4.31,4.09,4.29,19625500
2019-11-13,4.36,4.4,4.26,4.27,15885700
2019-11-14,4.32,4.32,4.2,4.27,16054400
2019-11-15,4.24,4.3,4.2,4.21,8700900
2019-11-18,4.19,4.3,4.19,4.27,9933000
2019-11-19,4.24,4.34,4.23,4.27,10279700
2019-11-20,4.28,4.39,4.27,4.39,9782900
2019-11-21,4.36,4.43,4.28,4.3,14431000
2019-11-22,4.35,4.36,4.24,4.25,7434400
2019-11-25,4.23,4.29,4.19,4.19,9855800
2019-11-26,4.2,4.31,4.2,4.29,12112800
2019-11-27,4.25,4.29,4.2,4.24,8928200
2019-11-29,4.25,4.36,4.21,4.33,6904300
2019-12-02,4.3,4.39,4.27,4.37,7123100
2019-12-03,4.42,4.56,4.42,4.55,19049100
2019-12-04,4.56,4.57,4.37,4.37,9080200
2019-12-05,4.36,4.47,4.36,4.44,7763300
2019-12-06,4.35,4.36,4.27,4.27,10188400
2019-12-09,4.34,4.34,4.23,4.25,7107200
2019-12-10,4.29,4.31,4.23,4.27,6029900
2019-12-11,4.29,4.43,4.27,4.42,9849600
2019-12-12,4.48,4.52,4.34,4.36,10163100
2019-12-13,4.34,4.43,4.33,4.34,12364400
2019-12-16,4.35,4.39,4.26,4.28,11596500
2019-12-17,4.3,4.3,4.21,4.21,12470100
2019-12-18,4.21,4.29,4.17,4.29,11685000
2019-12-19,4.28,4.34,4.22,4.31,19667700
2019-12-20,4.26,4.35,4.25,4.26,15061900
2019-12-23,4.3,4.46,4.29,4.45,8926300
2019-12-24,4.47,4.62,4.45,4.62,8019300
2019-12-26,4.67,4.76,4.65,4.67,9249100
2019-12-27,4.67,4.69,4.61,4.62,8643800
2019-12-30,4.62,4.76,4.61,4.76,10187700
2019-12-31,4.78,4.82,4.72,4.74,11045500
2020-01-02,4.81,4.86,4.74,4.76,11674700
2020-01-03,4.86,4.87,4.68,4.71,11971200
2020-01-06,4.83,4.83,4.59,4.65,14538300
2020-01-07,4.64,4.79,4.59,4.76,12641900
2020-01-08,4.77,4.79,4.5,4.52,15733700
2020-01-09,4.46,4.54,4.44,4.46,7273100
2020-01-10,4.48,4.59,4.48,4.53,7141700
2020-01-13,4.49,4.54,4.35,4.35,7980000
2020-01-14,4.32,4.49,4.3,4.47,11617100
2020-01-15,4.51,4.66,4.51,4.63,11811500
2020-01-16,4.62,4.64,4.55,4.59,10426200
2020-01-17,4.6,4.61,4.48,4.5,7429100
2020-01-21,4.53,4.7,4.46,4.68,11944200
2020-01-22,4.71,4.72,4.62,4.71,7872000
2020-01-23,4.71,4.85,4.67,4.75,10624000
2020-01-24,4.76,4.92,4.74,4.92,11496500
2020-01-27,5.01,5.05,4.84,4.91,17398800
2020-01-28,4.85,4.9,4.7,4.8,12567700
2020-01-29,4.8,5.01,4.79,5.0,14862200
2020-01-30,5.02,5.04,4.9,5.0,17547200
2020-01-31,4.99,5.15,4.98,5.07,18725600
2020-02-03,5.02,5.1,4.97,5.01,12981400
2020-02-04,4.9,4.97,4.86,4.92,15160500
2020-02-05,4.91,5.05,4.87,4.99,11120700
2020-02-06,5.06,5.12,4.98,5.09,11473100
2020-02-07,5.14,5.16,4.9,4.93,14622900
2020-02-10,4.95,5.07,4.87,5.0,15246200
2020-02-11,4.98,5.07,4.92,4.99,12766800
2020-02-12,4.98,5.06,4.93,5.0,9125000
2020-02-13,5.14,5.21,5.06,5.14,18675700
2020-02-14,5.14,5.17,5.03,5.05,18534000
2020-02-18,5.1,5.33,5.04,5.32,17195500
2020-02-19,5.38,5.57,5.28,5.57,23751700
2020-02-20,5.53,5.74,5.53,5.59,20102500
2020-02-21,5.71,5.98,5.68,5.96,23682800
2020-02-24,6.27,6.27,5.83,5.94,37567600
2020-02-25,5.8,6.05,5.7,5.7,27319300
2020-02-26,5.65,5.88,5.62,5.76,21587500
2020-02-27,5.85,5.86,5.31,5.34,36123900
2020-02-28,5.03,5.16,4.74,5.02,34305300
2020-03-02,5.21,5.32,5.07,5.29,24371100
2020-03-03,5.36,5.73,5.25,5.51,32156400
2020-03-04,5.56,5.64,5.37,5.53,15622700
2020-03-05,5.62,5.75,5.46,5.73,29835600
2020-03-06,5.77,5.79,5.34,5.57,38838200
2020-03-09,5.3,5.52,5.16,5.18,17727200
2020-03-10,5.19,5.28,4.92,5.21,35810600
2020-03-11,5.1,5.21,4.75,4.81,23618400
2020-03-12,3.98,4.56,3.76,4.07,28467100
2020-03-13,4.26,4.26,3.44,3.47,31404500
2020-03-16,2.96,4.19,2.72,4.0,43583800
2020-03-17,3.95,4.93,3.92,4.76,36064500
2020-03-18,4.5,4.8,4.01,4.06,25601800
2020-03-19,4.03,4.59,3.53,3.94,28581800
2020-03-20,4.23,4.27,3.57,3.61,30171800
2020-03-23,3.86,4.17,3.67,3.95,42471300
2020-03-24,4.46,4.67,4.16,4.55,39186900
2020-03-25,4.49,4.84,4.31,4.66,33793000
2020-03-26,4.8,5.02,4.53,4.65,28245100
2020-03-27,4.51,4.61,4.13,4.22,22946500
2020-03-30,4.24,4.5,3.95,4.08,18043700
2020-03-31,4.01,4.27,3.98,3.98,17751300
2020-04-01,4.06,4.45,4.0,4.42,20808500
2020-04-02,4.53,4.92,4.49,4.84,26751900
2020-04-03,4.84,5.1,4.82,4.86,18094100
2020-04-06,5.04,5.14,4.84,5.09,22692400
2020-04-07,5.06,5.18,4.94,5.01,14800600
2020-04-08,5.02,5.12,4.9,5.09,12331500
2020-04-09,5.26,5.64,5.26,5.62,20222000
2020-04-13,5.64,6.35,5.42,6.25,28986500
2020-04-14,6.31,6.64,5.95,6.14,32324900
2020-04-15,5.96,6.12,5.72,5.98,20237700
2020-04-16,6.08,6.45,6.01,6.14,25243800
2020-04-17,5.75,6.11,5.7,6.06,31321000
2020-04-20,6.09,6.31,6.02,6.17,18575800
2020-04-21,5.95,6.36,5.91,6.2,18157100
2020-04-22,6.46,6.76,6.46,6.7,22705800
2020-04-23,6.86,7.25,6.79,6.87,28828600
2020-04-24,7.1,7.1,6.7,7.09,19745000
2020-04-27,7.1,7.14,6.77,6.96,16221000
2020-04-28,6.88,6.98,6.66,6.9,18244200
2020-04-29,6.79,7.02,6.6,7.0,19403700
2020-04-30,6.88,7.08,6.59,6.61,16446500
2020-05-01,6.5,6.85,6.37,6.84,16726900
2020-05-04,6.96,7.02,6.8,6.85,13587900
2020-05-05,6.72,7.0,6.57,6.99,19019900
2020-05-06,6.9,7.0,6.68,6.77,15851700
2020-05-07,6.91,7.19,6.77,7.1,19090500
2020-05-08,7.04,7.24,6.93,7.02,15819800
2020-05-11,7.01,7.1,6.78,6.9,18259400
2020-05-12,6.97,7.19,6.9,6.93,19072700
2020-05-13,7.06,7.09,6.75,6.89,18374100
2020-05-14,6.88,7.38,6.86,7.2,25312100
2020-05-15,7.42,7.47,7.25,7.44,18059900
2020-05-18,7.45,7.49,7.01,7.05,20397500
2020-05-19,7.24,7.63,7.19,7.56,22076600
2020-05-20,7.6,7.67,7.33,7.34,17627700
2020-05-21,7.26,7.27,6.94,7.15,17359700
2020-05-22,7.21,7.33,7.0,7.05,13826000
2020-05-26,6.92,6.94,6.62,6.65,20114400
2020-05-27,6.4,6.65,6.34,6.63,20267500
2020-05-28,6.79,6.85,6.49,6.57,18664800
2020-05-29,6.74,6.78,6.48,6.55,22317100
2020-06-01,6.59,6.84,6.55,6.77,17645300
2020-06-02,6.8,6.8,6.35,6.37,21846800
2020-06-03,6.26,6.29,6.03,6.16,22245100
2020-06-04,6.37,6.38,6.17,6.32,26549800
2020-06-05,6.02,6.22,5.99,6.22,18684000
2020-06-08,6.22,6.3,6.1,6.24,16115100
2020-06-09,6.35,6.37,6.21,6.24,13252000
2020-06-10,6.35,6.65,6.13,6.64,21828000
2020-06-11,6.64,6.72,6.09,6.23,28401200
2020-06-12,6.35,6.42,6.13,6.19,16846900
2020-06-15,6.0,6.56,5.88,6.5,21138300
2020-06-16,6.54,6.63,6.22,6.27,21430700
2020-06-17,6.27,6.43,6.24,6.3,11331500
2020-06-18,6.24,6.4,6.2,6.22,10254800
2020-06-19,6.33,6.59,6.25,6.4,19419600
2020-06-22,6.59,7.0,6.57,6.79,22620300
2020-06-23,6.88,6.95,6.79,6.84,17697400
2020-06-24,6.76,6.89,6.58,6.71,18081100
2020-06-25,6.67,6.7,6.5,6.69,13531200
2020-06-26,6.61,6.94,6.56,6.88,17468000
2020-06-29,6.89,7.06,6.82,7.02,18398100
2020-06-30,7.01,7.33,6.93,7.22,19913900
2020-07-01,7.21,7.23,7.0,7.2,13587100
2020-07-02,7.16,7.33,7.12,7.17,18343500
2020-07-06,7.22,7.36,7.14,7.27,14984000
2020-07-07,7.26,7.5,7.23,7.43,15010700
2020-07-08,7.55,7.69,7.48,7.59,18785900
2020-07-09,7.69,7.79,7.44,7.67,17340400
2020-07-10,7.69,7.72,7.51,7.63,12074300
2020-07-13,7.76,7.86,7.3,7.34,16603300
2020-07-14,7.3,7.74,7.27,7.73,16221100
2020-07-15,7.66,7.68,7.44,7.66,13181000
2020-07-16,7.62,7.76,7.5,7.58,11545600
2020-07-17,7.68,7.91,7.63,7.88,12550900
2020-07-20,8.0,8.25,7.96,8.19,13686100
2020-07-21,8.39,8.56,8.27,8.41,19425200
2020-07-22,8.57,8.61,8.38,8.48,16454800
2020-07-23,8.49,8.59,8.08,8.26,19967100
2020-07-24,8.35,8.46,8.29,8.42,14611400
2020-07-27,8.82,8.99,8.61,8.71,26094500
2020-07-28,8.55,8.82,8.42,8.78,14586700
2020-07-29,8.83,8.94,8.51,8.82,23229700
2020-07-30,8.62,8.88,8.47,8.69,16900500
2020-07-31,8.91,9.38,8.85,9.37,20786100
2020-08-03,9.39,9.46,9.02,9.28,16469900
2020-08-04,9.28,9.68,9.14,9.66,18889700
2020-08-05,9.88,10.21,9.73,9.87,31299000
2020-08-06,10.1,10.11,9.64,9.76,22615100
2020-08-07,9.55,9.65,9.3,9.41,19326200
2020-08-10,9.48,9.8,9.31,9.32,13126300
2020-08-11,8.58,9.0,8.4,8.54,30296900
2020-08-12,8.81,8.85,8.51,8.52,17963500
2020-08-13,8.65,8.9,8.63,8.81,15915300
2020-08-14,8.8,8.84,8.59,8.71,13676000
2020-08-17,9.1,9.41,9.02,9.3,21497700
2020-08-18,9.61,9.64,9.11,9.21,18185300
2020-08-19,9.09,9.23,8.77,8.85,15378000
2020-08-20,8.76,9.0,8.7,8.92,12936900
2020-08-21,8.75,8.78,8.51,8.65,10771900
2020-08-24,8.76,8.78,8.45,8.5,12569600
2020-08-25,8.52,8.55,8.31,8.55,12184200
2020-08-26,8.41,8.73,8.4,8.72,15564200
2020-08-27,8.86,8.86,8.33,8.46,17210800
2020-08-28,8.67,9.01,8.61,8.89,13710200
2020-08-31,8.96,9.1,8.85,8.88,14003000
2020-09-01,9.07,9.1,8.65,8.76,9871900
2020-09-02,8.65,8.84,8.4,8.83,11123000
2020-09-03,8.67,8.81,8.44,8.72,16678600
2020-09-04,8.64,8.7,8.29,8.63,14196300
2020-09-08,8.38,8.74,8.24,8.54,11538100
2020-09-09,8.65,9.18,8.63,9.17,14768700
2020-09-10,9.28,9.33,8.83,8.91,17266300
2020-09-11,9.02,9.12,8.74,8.8,10443700
2020-09-14,8.94,9.28,8.94,9.26,15673300
2020-09-15,9.44,9.54,9.15,9.3,14347000
2020-09-16,9.45,9.45,9.19,9.33,13460900
2020-09-17,8.98,9.4,8.9,9.35,13285700
2020-09-18,9.68,10.32,9.59,10.0,33886700
2020-09-21,9.66,9.98,9.17,9.23,31915100
2020-09-22,9.3,9.33,9.09,9.21,12570100
2020-09-23,9.0,9.03,8.18,8.22,31580700
2020-09-24,8.09,8.85,8.05,8.84,18700100
2020-09-25,8.75,8.82,8.57,8.75,11332700
2020-09-28,8.89,8.89,8.61,8.87,15923100
2020-09-29,8.92,9.08,8.88,8.94,8084200
2020-09-30,8.9,8.93,8.67,8.82,8566700
2020-10-01,8.97,9.19,8.85,9.05,11053200
2020-10-02,9.02,9.09,8.85,8.89,7744800
2020-10-05,8.94,9.31,8.92,9.14,10193100
2020-10-06,9.2,9.24,8.64,8.65,14908900
2020-10-07,8.76,8.83,8.41,8.43,13885200
2020-10-08,8.52,8.67,8.46,8.62,11957900
2020-10-09,8.86,9.12,8.83,9.1,12136900
2020-10-12,9.09,9.23,8.95,9.15,6222600
2020-10-13,9.04,9.14,8.77,9.08,9132400
2020-10-14,9.2,9.42,9.08,9.35,9744500
2020-10-15,9.2,9.34,9.1,9.2,7116000
2020-10-16,9.25,9.28,9.1,9.11,6134400
2020-10-19,9.19,9.22,8.88,8.89,8030600
2020-10-20,8.94,9.06,8.82,8.98,8236700
2020-10-21,9.12,9.31,9.03,9.12,11344900
2020-10-22,9.0,9.03,8.69,8.78,12337100
2020-10-23,8.76,8.8,8.52,8.61,10630100
2020-10-26,8.54,8.7,8.48,8.51,9766800
2020-10-27,8.57,8.76,8.48,8.75,10263100
2020-10-28,8.43,8.47,7.8,7.82,24030000
2020-10-29,7.73,7.95,7.73,7.85,13471600
2020-10-30,7.98,8.04,7.71,7.97,11923900
2020-11-02,8.13,8.2,7.9,8.2,9373000
2020-11-03,8.28,8.33,8.13,8.22,10367900
2020-11-04,8.21,8.32,8.04,8.11,9699800
2020-11-05,8.58,8.89,8.57,8.84,17128800
2020-11-06,8.93,8.97,8.65,8.74,9771900
2020-11-09,8.01,8.1,7.67,8.06,21784400
2020-11-10,8.09,8.23,7.71,7.74,19296000
2020-11-11,7.67,7.75,7.58,7.66,12808000
2020-11-12,7.79,8.04,7.76,7.94,18796800
2020-11-13,8.07,8.09,7.93,8.02,12391200
2020-11-16,7.92,8.03,7.8,7.89,10133500
2020-11-17,7.89,7.95,7.72,7.77,13208000
2020-11-18,7.74,7.78,7.5,7.53,12000600
2020-11-19,7.43,7.62,7.38,7.52,10373800
2020-11-20,7.62,7.74,7.48,7.52,10444100
2020-11-23,7.43,7.47,7.14,7.17,13499000
2020-11-24,6.9,7.1,6.88,6.98,14881900
2020-11-25,7.08,7.24,6.99,7.12,12705700
2020-11-27,7.01,7.14,6.96,7.11,6425400
2020-11-30,7.06,7.18,6.96,7.14,12582900
2020-12-01,7.37,7.49,7.25,7.46,16788200
2020-12-02,7.47,7.47,7.25,7.35,14529400
2020-12-03,7.41,7.44,7.19,7.3,10485800
2020-12-04,7.34,7.41,7.16,7.2,12749000
2020-12-07,7.22,7.84,7.21,7.73,17566300
2020-12-08,7.74,7.8,7.52,7.55,15918200
2020-12-09,7.47,7.56,7.23,7.31,18526200
2020-12-10,7.39,7.5,7.23,7.31,9661900
2020-12-11,7.36,7.37,7.13,7.2,18082900
2020-12-14,7.12,7.13,6.85,6.9,30973700
2020-12-15,7.12,7.25,7.06,7.13,25997300
2020-12-16,7.2,7.31,6.96,7.27,29259600
2020-12-17,7.5,7.72,7.37,7.52,32065800
2020-12-18,7.56,7.64,7.27,7.63,98912300
2020-12-21,7.53,7.65,7.38,7.49,21122400
2020-12-22,7.52,7.58,7.09,7.2,21592800
2020-12-23,7.26,7.43,7.25,7.38,11952600
2020-12-24,7.36,7.48,7.3,7.39,5908300
2020-12-28,7.52,7.56,7.24,7.28,11934800
2020-12-29,7.32,7.46,7.27,7.33,14445200
2020-12-30,7.35,7.59,7.34,7.56,10319700
2020-12-31,7.56,7.62,7.34,7.34,12112700
2021-01-04,7.7,8.04,7.66,7.98,23226100
2021-01-05,8.09,8.11,7.79,7.89,14015200
2021-01-06,7.82,8.02,7.72,8.01,34458500
2021-01-07,8.01,8.15,7.75,7.83,21495800
2021-01-08,7.66,7.68,7.25,7.38,23941300
2021-01-11,7.23,7.3,7.13,7.21,20171700
2021-01-12,7.25,7.27,7.1,7.25,18886900
2021-01-13,7.26,7.41,7.17,7.18,13512500
2021-01-14,7.18,7.29,7.12,7.19,12478200
2021-01-15,7.13,7.15,6.95,6.96,15539900
2021-01-19,7.08,7.08,6.9,6.99,21655400
2021-01-20,7.08,7.26,7.07,7.19,19513400
2021-01-21,7.19,7.2,7.0,7.13,14778400
2021-01-22,6.96,7.11,6.88,7.01,14499000
2021-01-25,7.11,7.17,6.93,7.04,15940700
2021-01-26,7.02,7.17,6.99,7.05,15754900
2021-01-27,6.98,7.04,6.76,6.76,20940100
2021-01-28,6.96,7.19,6.82,6.98,19114900
2021-01-29,7.19,7.35,6.96,6.98,18780900
2021-02-01,7.28,7.3,7.06,7.19,17260900
2021-02-02,7.0,7.05,6.85,7.03,13088900
2021-02-03,7.06,7.18,7.0,7.15,14353200
2021-02-04,6.96,7.03,6.9,6.98,15846400
2021-02-05,7.05,7.27,7.02,7.24,13728400
2021-02-08,7.36,7.45,7.3,7.39,24326400
2021-02-09,7.43,7.47,7.25,7.34,19294700
2021-02-10,7.45,7.5,7.24,7.31,13420400
2021-02-11,7.4,7.6,7.2,7.28,19920700
2021-02-12,7.21,7.43,7.06,7.38,18009900
2021-02-16,7.29,7.31,7.06,7.07,20843700
2021-02-17,6.98,6.98,6.8,6.85,22466600
2021-02-18,6.86,6.92,6.68,6.7,18424200
2021-02-19,6.77,6.77,6.5,6.54,19903500
2021-02-22,6.65,6.95,6.62,6.93,19392300
2021-02-23,6.85,6.85,6.61,6.72,21720200
2021-02-24,6.67,6.92,6.54,6.81,16603500
2021-02-25,6.7,6.85,6.55,6.58,17871100
2021-02-26,6.51,6.54,6.2,6.23,26431100
2021-03-01,6.33,6.44,6.12,6.19,23257400
2021-03-02,6.18,6.52,6.17,6.44,18406200
2021-03-03,6.28,6.43,6.18,6.38,18981900
2021-03-04,6.39,6.56,6.29,6.45,18850800
2021-03-05,6.44,6.58,6.38,6.55,18051300
2021-03-08,6.53,6.57,6.4,6.44,13765600
2021-03-09,6.7,6.83,6.6,6.63,12762400
2021-03-10,6.68,6.72,6.54,6.65,11688800
2021-03-11,6.71,6.82,6.64,6.81,13856900
2021-03-12,6.64,6.77,6.6,6.73,13059100
2021-03-15,6.8,6.88,6.73,6.88,13767800
2021-03-16,6.92,6.94,6.79,6.88,13127900
2021-03-17,6.81,7.14,6.76,7.06,20781900
2021-03-18,6.92,6.97,6.81,6.84,13771200
2021-03-19,6.85,7.01,6.8,6.92,19982000
2021-03-22,6.94,7.01,6.89,6.94,9366900
2021-03-23,6.89,6.9,6.66,6.72,12472900
2021-03-24,6.71,6.74,6.6,6.63,12075200
2021-03-25,6.58,6.66,6.49,6.57,10770200
2021-03-26,6.55,6.72,6.55,6.72,8683200
2021-03-29,6.65,6.72,6.55,6.72,11210700
2021-03-30,6.52,6.54,6.43,6.44,15280100
2021-03-31,6.48,6.75,6.46,6.67,11965000
2021-04-01,6.78,7.05,6.72,7.02,18863100
2021-04-05,7.06,7.1,6.94,7.04,11765500
2021-04-06,7.1,7.3,7.08,7.25,15416900
2021-04-07,7.21,7.24,7.15,7.17,9291600
2021-04-08,7.31,7.49,7.31,7.46,16481100
2021-04-09,7.29,7.42,7.24,7.41,11195000
2021-04-12,7.37,7.37,7.2,7.23,9413900
2021-04-13,7.27,7.44,7.27,7.34,9261700
2021-04-14,7.33,7.33,7.12,7.16,8585900
2021-04-15,7.28,7.53,7.27,7.46,14037700
2021-04-16,7.57,7.58,7.44,7.5,9724800
2021-04-19,7.48,7.5,7.39,7.45,8654300
2021-04-20,7.44,7.64,7.41,7.59,11390500
2021-04-21,7.65,7.78,7.61,7.72,11775700
2021-04-22,7.63,7.63,7.48,7.54,9848200
2021-04-23,7.64,7.66,7.34,7.35,11921600
2021-04-26,7.36,7.38,7.25,7.35,8514000
2021-04-27,7.37,7.37,7.15,7.16,7846100
2021-04-28,7.12,7.3,7.04,7.24,8624700
2021-04-29,7.24,7.24,7.05,7.11,8900000
2021-04-30,7.09,7.14,7.02,7.04,9347400
2021-05-03,7.19,7.42,7.17,7.37,12658200
2021-05-04,7.34,7.5,7.17,7.25,12413900
2021-05-05,7.29,7.3,7.19,7.3,7798800
2021-05-06,7.34,7.71,7.34,7.59,16223800
2021-05-07,7.72,7.83,7.66,7.74,13846300
2021-05-10,7.85,7.96,7.71,7.74,18175300
2021-05-11,7.55,7.72,7.51,7.66,13616400
2021-05-12,7.51,7.59,7.25,7.32,22199000
2021-05-13,7.29,7.53,7.24,7.5,13728800
2021-05-14,7.62,7.79,7.58,7.78,13806300
2021-05-17,7.81,8.34,7.79,8.26,24974600
2021-05-18,8.31,8.31,8.1,8.22,15296400
2021-05-19,8.13,8.32,7.93,8.01,18990400
2021-05-20,8.08,8.16,7.99,8.12,13387300
2021-05-21,8.18,8.18,7.96,8.04,16770700
2021-05-24,8.03,8.09,7.97,8.04,7697700
2021-05-25,8.02,8.1,7.92,8.07,10451100
2021-05-26,8.15,8.2,8.07,8.1,9859000
2021-05-27,8.07,8.1,7.95,7.97,14196000
2021-05-28,7.94,8.11,7.87,8.1,9687300
2021-06-01,8.18,8.23,8.05,8.13,10486600
2021-06-02,8.09,8.23,8.06,8.17,6745200
2021-06-03,7.97,7.98,7.83,7.89,9954900
2021-06-04,8.0,8.04,7.93,7.98,6645000
2021-06-07,7.94,8.02,7.88,7.99,6783200
2021-06-08,7.97,7.98,7.78,7.79,9891800
2021-06-09,7.85,7.91,7.77,7.77,5658100
2021-06-10,7.78,7.97,7.73,7.96,9485400
2021-06-11,7.89,7.98,7.8,7.81,7740300
2021-06-14,7.69,7.8,7.63,7.76,6962400
2021-06-15,7.74,7.79,7.62,7.66,6554800
2021-06-16,7.58,7.59,7.09,7.11,29259700
2021-06-17,6.84,6.89,6.6,6.68,30209400
2021-06-18,6.74,6.74,6.42,6.42,21856900
2021-06-21,6.53,6.58,6.4,6.5,15451500
2021-06-22,6.32,6.38,6.1,6.36,34132900
2021-06-23,6.5,6.54,6.36,6.36,18402400
2021-06-24,6.45,6.54,6.42,6.46,15181400
2021-06-25,6.57,6.58,6.33,6.38,13833700
2021-06-28,6.39,6.44,6.25,6.32,12271200
2021-06-29,6.21,6.37,6.15,6.28,11329900
2021-06-30,6.27,6.42,6.26,6.35,9908100
2021-07-01,6.46,6.47,6.31,6.36,6356900
2021-07-02,6.46,6.55,6.4,6.44,10757900
2021-07-06,6.56,6.61,6.41,6.49,13319100
2021-07-07,6.55,6.55,6.37,6.46,10645300
2021-07-08,6.49,6.57,6.16,6.2,27675500
2021-07-09,6.23,6.37,6.23,6.3,22039600
2021-07-12,6.29,6.3,6.18,6.19,15189700
2021-07-13,6.2,6.44,6.2,6.28,14954700
2021-07-14,6.4,6.53,6.34,6.38,11260900
2021-07-15,6.4,6.46,6.32,6.46,10247900
2021-07-16,6.41,6.44,6.18,6.2,12565300
2021-07-19,6.13,6.17,5.98,6.09,15518300
2021-07-20,6.16,6.24,6.03,6.08,13262200
2021-07-21,6.06,6.21,6.0,6.15,11685300
2021-07-22,6.16,6.19,5.98,6.11,15388700
2021-07-23,6.12,6.18,6.05,6.12,18033900
2021-07-26,6.12,6.28,6.11,6.18,9905900
2021-07-27,6.17,6.18,6.08,6.15,12580100
2021-07-28,6.14,6.28,6.11,6.27,12993100
2021-07-29,6.41,6.68,6.39,6.54,22833500
2021-07-30,6.48,6.62,6.46,6.56,9537400
2021-08-02,6.52,6.55,6.42,6.5,8434000
2021-08-03,6.49,6.56,6.45,6.52,6802400
2021-08-04,6.61,6.7,6.48,6.49,10449800
2021-08-05,6.45,6.49,6.33,6.35,8264500
2021-08-06,6.21,6.25,6.1,6.19,10866100
2021-08-09,6.08,6.17,6.0,6.03,11013700
2021-08-10,6.03,6.05,5.86,5.9,15918900
2021-08-11,5.98,6.07,5.97,6.02,9752600
2021-08-12,5.98,5.99,5.84,5.93,10168500
2021-08-13,6.0,6.1,5.97,6.08,13145200
2021-08-16,6.07,6.13,5.93,6.0,12029900
2021-08-17,5.97,6.04,5.9,5.96,9960300
2021-08-18,5.95,5.95,5.72,5.79,14628900
2021-08-19,5.78,5.78,5.64,5.67,10067100
2021-08-20,5.66,5.76,5.62,5.71,8182000
2021-08-23,5.83,5.97,5.77,5.93,11196600
2021-08-24,5.96,6.0,5.9,5.96,5871500
2021-08-25,5.9,5.9,5.78,5.85,7102500
2021-08-26,5.8,5.9,5.78,5.84,6477500
2021-08-27,5.85,6.11,5.81,6.05,9332100
2021-08-30,6.06,6.09,5.9,5.94,9325900
2021-08-31,5.96,6.04,5.92,6.02,10332600
2021-09-01,6.04,6.08,5.98,5.99,7773600
2021-09-02,6.04,6.04,5.95,6.04,6745500
2021-09-03,6.16,6.32,6.15,6.19,13427100
2021-09-07,6.11,6.14,5.95,5.97,12409500
2021-09-08,5.96,5.98,5.85,5.92,9745400
2021-09-09,5.94,5.96,5.81,5.86,9011900
2021-09-10,5.88,5.88,5.69,5.71,10586000
2021-09-13,5.73,5.9,5.71,5.81,12010000
2021-09-14,5.86,5.94,5.8,5.83,11492800
2021-09-15,5.82,5.92,5.78,5.87,8109100
2021-09-16,5.73,5.75,5.45,5.58,21067900
2021-09-17,5.53,5.58,5.43,5.48,19235100
2021-09-20,5.42,5.45,5.33,5.44,19334400
2021-09-21,5.51,5.63,5.47,5.49,12770900
2021-09-22,5.51,5.63,5.45,5.45,14671100
2021-09-23,5.41,5.43,5.3,5.32,14072500
2021-09-24,5.29,5.38,5.25,5.28,9501200
2021-09-27,5.31,5.41,5.25,5.28,8909000
2021-09-28,5.22,5.35,5.18,5.3,11062500
2021-09-29,5.27,5.29,5.18,5.24,11955100
2021-09-30,5.29,5.43,5.25,5.36,11069500
2021-10-01,5.41,5.41,5.26,5.32,9718000
2021-10-04,5.31,5.5,5.29,5.46,12456800
2021-10-05,5.43,5.47,5.3,5.46,12541800
2021-10-06,5.46,5.61,5.42,5.61,9577300
2021-10-07,5.57,5.72,5.57,5.64,10465300
2021-10-08,5.8,5.83,5.67,5.67,8429900
2021-10-11,5.68,5.74,5.61,5.67,5983200
2021-10-12,5.66,5.81,5.64,5.72,10608800
2021-10-13,5.77,6.03,5.77,6.01,17162800
2021-10-14,6.09,6.2,6.08,6.16,15065700
2021-10-15,6.02,6.16,5.96,6.11,11019200
2021-10-18,6.09,6.13,6.02,6.05,6658500
2021-10-19,6.19,6.21,6.06,6.11,10815700
2021-10-20,6.19,6.33,6.13,6.27,14922000
2021-10-21,6.22,6.31,6.18,6.28,8309100
2021-10-22,6.41,6.55,6.28,6.32,11965000
2021-10-25,6.4,6.51,6.4,6.45,13032100
2021-10-26,6.41,6.45,6.35,6.43,8723400
2021-10-27,6.4,6.49,6.37,6.4,10872700
2021-10-28,6.4,6.46,6.26,6.26,14971300
2021-10-29,6.15,6.16,6.01,6.01,10710800
2021-11-01,6.02,6.05,5.95,5.97,10938200
2021-11-02,5.95,5.97,5.85,5.97,9633000
2021-11-03,5.88,6.04,5.82,6.03,10920600
2021-11-04,6.11,6.2,5.98,6.01,12711100
2021-11-05,6.03,6.22,6.0,6.21,13508300
2021-11-08,6.27,6.29,6.19,6.27,13206100
2021-11-09,6.28,6.29,6.16,6.24,17746800
2021-11-10,6.41,6.61,6.38,6.46,22693400
2021-11-11,6.7,6.84,6.53,6.79,19679800
2021-11-12,6.71,6.97,6.67,6.94,18946000
2021-11-15,6.92,7.04,6.86,7.02,11092000
2021-11-16,7.01,7.13,6.83,6.86,14690600
2021-11-17,6.97,7.07,6.9,6.96,11709400
2021-11-18,6.91,6.95,6.78,6.82,9911700
2021-11-19,6.81,6.84,6.6,6.67,12017200
2021-11-22,6.53,6.66,6.44,6.56,11338500
2021-11-23,6.42,6.48,6.24,6.35,15205900
2021-11-24,6.28,6.31,6.17,6.23,12049100
2021-11-26,6.3,6.3,6.0,6.13,11671900
2021-11-29,6.05,6.1,5.9,6.06,20249500
2021-11-30,6.07,6.27,5.94,5.95,27021200
2021-12-01,6.08,6.14,5.81,5.82,18804300
2021-12-02,5.81,5.84,5.7,5.8,14492200
2021-12-03,5.82,5.88,5.76,5.84,12089900
2021-12-06,5.8,5.95,5.76,5.94,11223700
2021-12-07,5.95,6.06,5.94,5.94,12319900
2021-12-08,5.93,5.96,5.81,5.89,14797300
2021-12-09,5.57,5.57,5.22,5.27,47900400
2021-12-10,5.34,5.37,5.24,5.33,22427100
2021-12-13,5.31,5.38,5.18,5.2,25104800
2021-12-14,5.13,5.22,5.07,5.08,17093000
2021-12-15,5.05,5.08,4.9,5.04,22847900
2021-12-16,5.16,5.43,5.15,5.41,27277200
2021-12-17,5.44,5.63,5.42,5.55,34578500
2021-12-20,5.48,5.6,5.37,5.57,18834800
2021-12-21,5.6,5.63,5.47,5.56,15213600
2021-12-22,5.55,5.62,5.45,5.59,15271900
2021-12-23,5.61,5.62,5.54,5.57,11676600
2021-12-27,5.53,5.62,5.5,5.55,7336000
2021-12-28,5.55,5.71,5.54,5.6,9598700
2021-12-29,5.52,5.72,5.51,5.63,14158000
2021-12-30,5.65,5.77,5.63,5.75,10511700
2021-12-31,5.77,5.84,5.75,5.81,7534600
2022-01-03,5.74,5.74,5.56,5.66,11066500
2022-01-04,5.68,5.79,5.65,5.69,17025500
2022-01-05,5.73,5.8,5.59,5.6,18382400
2022-01-06,5.51,5.53,5.35,5.36,22254900
2022-01-07,5.44,5.48,5.36,5.45,13045500
2022-01-10,5.4,5.56,5.34,5.55,14051800
2022-01-11,5.54,5.68,5.52,5.68,11691500
2022-01-12,5.67,5.78,5.65,5.78,13859300
2022-01-13,5.75,5.81,5.66,5.67,10462300
2022-01-14,5.69,5.69,5.53,5.59,11372500
2022-01-18,5.58,5.62,5.42,5.48,21013400
2022-01-19,5.58,6.0,5.53,5.91,30140200
2022-01-20,5.96,5.99,5.8,5.81,19415400
2022-01-21,5.81,5.86,5.61,5.65,20030000
2022-01-24,5.55,5.64,5.38,5.62,28221500
2022-01-25,5.54,5.66,5.47,5.65,20227800
2022-01-26,5.67,5.7,5.4,5.46,24485500
2022-01-27,5.37,5.5,5.31,5.31,17987000
2022-01-28,5.3,5.3,5.15,5.25,16378800
2022-01-31,5.3,5.42,5.26,5.4,15599600
2022-02-01,5.45,5.53,5.38,5.47,9740700
2022-02-02,5.5,5.6,5.4,5.49,23133700
2022-02-03,5.44,5.48,5.34,5.38,13340600
2022-02-04,5.36,5.49,5.35,5.4,11492500
2022-02-07,5.49,5.59,5.42,5.54,14482700
2022-02-08,5.54,5.68,5.52,5.67,14053200
2022-02-09,5.71,5.74,5.64,5.65,10177300
2022-02-10,5.6,5.71,5.41,5.45,19496800
2022-02-11,5.47,5.79,5.45,5.71,29252200
2022-02-14,5.74,5.83,5.65,5.74,21649600
2022-02-15,5.59,5.75,5.55,5.72,15764400
2022-02-16,5.77,5.92,5.77,5.86,20401500
2022-02-17,5.87,5.99,5.59,5.81,46617100
2022-02-18,5.82,5.98,5.78,5.82,27936800
2022-02-22,5.82,5.85,5.46,5.51,30516200
2022-02-23,5.52,5.63,5.45,5.5,22077000
2022-02-24,5.63,5.63,5.2,5.32,42933700
2022-02-25,5.26,5.59,5.22,5.53,25144100
2022-02-28,5.43,5.48,5.0,5.01,55683200
2022-03-01,5.05,5.21,5.03,5.19,31312700
2022-03-02,5.1,5.47,5.09,5.45,28846500
2022-03-03,5.09,5.35,5.08,5.29,37193200
2022-03-04,5.2,5.53,5.2,5.48,26895700
2022-03-07,5.41,5.56,5.33,5.5,31206700
2022-03-08,5.52,5.81,5.47,5.6,47218500
2022-03-09,5.37,5.64,5.34,5.61,22827300
2022-03-10,5.65,5.77,5.61,5.69,20146900
2022-03-11,5.54,5.7,5.52,5.63,17406600
2022-03-14,5.57,5.59,5.21,5.3,26869200
2022-03-15,5.17,5.46,5.13,5.39,23221900
2022-03-16,5.4,5.53,5.35,5.52,18822400
2022-03-17,5.58,5.8,5.58,5.68,16771900
2022-03-18,5.62,5.67,5.53,5.58,32034600
2022-03-21,5.59,5.82,5.58,5.71,13617400
2022-03-22,5.69,5.71,5.58,5.66,14740100
2022-03-23,5.72,5.74,5.63,5.68,15775400
2022-03-24,5.73,5.75,5.63,5.66,15147900
2022-03-25,5.64,5.74,5.6,5.73,12325500
2022-03-28,5.65,5.7,5.56,5.59,11232700
2022-03-29,5.52,5.79,5.47,5.76,21126700
2022-03-30,5.75,5.95,5.75,5.92,20693000
2022-03-31,5.91,5.99,5.81,5.88,17336400
2022-04-01,5.84,6.05,5.82,6.02,12407500
2022-04-04,6.05,6.18,5.93,6.02,13762200
2022-04-05,6.09,6.22,5.78,5.86,26142300
2022-04-06,5.88,5.89,5.7,5.86,20103000
2022-04-07,5.88,6.04,5.8,5.95,27370000
2022-04-08,6.04,6.23,5.99,6.21,21388000
2022-04-11,6.28,6.34,6.07,6.11,18769500
2022-04-12,6.22,6.29,6.11,6.13,23777000
2022-04-13,6.2,6.24,6.1,6.14,15390100
2022-04-14,6.12,6.18,6.01,6.14,12625900
2022-04-18,6.18,6.27,6.09,6.09,14010300
2022-04-19,6.05,6.13,5.96,6.05,15576000
2022-04-20,6.0,6.04,5.8,6.0,19892000
2022-04-21,5.97,5.97,5.65,5.72,26104700
2022-04-22,5.62,5.68,5.45,5.49,28994100
2022-04-25,5.3,5.41,5.22,5.32,23539900
2022-04-26,5.33,5.34,5.06,5.08,18048600
2022-04-27,5.1,5.2,5.03,5.05,16595500
2022-04-28,5.06,5.14,5.01,5.13,16535400
2022-04-29,5.19,5.26,5.06,5.08,16401500
2022-05-02,4.98,5.0,4.83,4.98,20493400
2022-05-03,5.0,5.13,4.97,5.05,15419300
2022-05-04,5.05,5.19,4.97,5.18,16669500
2022-05-05,5.21,5.21,4.9,5.0,20758000
2022-05-06,4.96,4.99,4.86,4.92,15572900
2022-05-09,4.77,4.81,4.55,4.59,22183100
2022-05-10,4.64,4.67,4.45,4.57,26212300
2022-05-11,4.58,4.64,4.26,4.32,30000400
2022-05-12,4.23,4.24,3.94,4.06,29166800
2022-05-13,4.03,4.17,3.92,4.16,32328700
2022-05-16,4.15,4.33,4.15,4.28,18825200
2022-05-17,4.36,4.43,4.28,4.37,15930100
2022-05-18,4.31,4.39,4.23,4.3,20115300
2022-05-19,4.41,4.56,4.38,4.51,22587700
2022-05-20,4.55,4.6,4.39,4.5,15195900
2022-05-23,4.6,4.64,4.46,4.51,7998600
2022-05-24,4.51,4.65,4.49,4.62,14454200
2022-05-25,4.53,4.64,4.5,4.58,18553700
2022-05-26,4.56,4.64,4.52,4.59,14217900
2022-05-27,4.65,4.67,4.53,4.55,10912100
2022-05-31,4.53,4.63,4.44,4.5,15268100
2022-06-01,4.52,4.53,4.38,4.43,11392500
2022-06-02,4.49,4.73,4.49,4.69,14334000
2022-06-03,4.63,4.68,4.52,4.55,18687300
2022-06-06,4.61,4.61,4.42,4.48,13752300
2022-06-07,4.45,4.52,4.42,4.51,7595600
2022-06-08,4.49,4.54,4.43,4.5,13054400
2022-06-09,4.46,4.47,4.32,4.32,16936200
2022-06-10,4.24,4.57,4.18,4.53,16382000
2022-06-13,4.41,4.47,4.23,4.24,40680800
2022-06-14,4.26,4.26,3.99,4.08,37844900
2022-06-15,4.13,4.25,3.99,4.13,41163600
2022-06-16,4.06,4.21,3.96,4.14,44738800
2022-06-17,4.12,4.22,4.01,4.1,97181600
2022-06-21,4.06,4.3,4.05,4.2,25324200
2022-06-22,4.21,4.33,4.15,4.18,17801300
2022-06-23,4.17,4.2,3.95,3.97,25679700
2022-06-24,3.97,4.02,3.83,4.0,22175600
2022-06-27,4.04,4.1,3.95,4.1,16031100
2022-06-28,4.11,4.14,3.8,3.81,25378000
2022-06-29,3.84,3.84,3.67,3.75,17529800
2022-06-30,3.71,3.74,3.55,3.58,18856200
2022-07-01,3.55,3.73,3.5,3.7,18042900
2022-07-05,3.59,3.62,3.26,3.35,30951100
2022-07-06,3.38,3.39,3.22,3.34,21130000
2022-07-07,3.36,3.47,3.33,3.39,17251100
2022-07-08,3.38,3.42,3.29,3.35,17221400
2022-07-11,3.31,3.42,3.27,3.33,10659100
2022-07-12,3.32,3.36,3.21,3.26,13020600
2022-07-13,3.22,3.45,3.22,3.35,19253300
2022-07-14,3.22,3.22,3.04,3.13,31103900
2022-07-15,3.19,3.19,3.0,3.09,20456700
2022-07-18,3.16,3.26,3.13,3.21,26612600
2022-07-19,3.26,3.33,3.21,3.28,19994200
2022-07-20,3.28,3.32,3.21,3.22,15581900
2022-07-21,3.22,3.3,3.17,3.25,18783000
2022-07-22,3.31,3.44,3.24,3.25,24626400
2022-07-25,3.27,3.27,3.09,3.13,23358900
2022-07-26,3.14,3.2,3.08,3.11,21207200
2022-07-27,3.14,3.24,3.1,3.23,18599700
2022-07-28,3.27,3.37,3.19,3.37,34652700
2022-07-29,3.41,3.46,3.29,3.41,20966800
2022-08-01,3.41,3.5,3.41,3.45,12667900
2022-08-02,3.47,3.59,3.43,3.43,20581100
2022-08-03,3.45,3.46,3.27,3.34,17811800
2022-08-04,3.4,3.55,3.36,3.48,17480500
2022-08-05,3.4,3.4,3.28,3.35,24057600
2022-08-08,3.42,3.56,3.39,3.47,15571600
2022-08-09,3.5,3.52,3.37,3.45,11233700
2022-08-10,3.48,3.59,3.46,3.51,16229100
2022-08-11,3.56,3.63,3.51,3.52,16977700
2022-08-12,3.54,3.65,3.54,3.6,10156900
2022-08-15,3.5,3.55,3.47,3.53,11401700
2022-08-16,3.51,3.56,3.47,3.54,9644600
2022-08-17,3.5,3.51,3.38,3.39,17024100
2022-08-18,3.37,3.5,3.36,3.49,16809200
2022-08-19,3.46,3.54,3.38,3.52,33512700
2022-08-22,3.45,3.54,3.43,3.48,13258500
2022-08-23,3.49,3.64,3.47,3.53,11374100
2022-08-24,3.51,3.64,3.46,3.64,17936500
2022-08-25,3.68,3.69,3.6,3.67,11070600
2022-08-26,3.66,3.68,3.38,3.42,18430200
2022-08-29,3.4,3.48,3.36,3.39,13256700
2022-08-30,3.41,3.42,3.28,3.3,14857100
2022-08-31,3.29,3.37,3.28,3.28,15750300
2022-09-01,3.21,3.22,3.09,3.11,14747200
2022-09-02,3.2,3.36,3.18,3.28,16504600
2022-09-06,3.33,3.43,3.26,3.29,11133100
2022-09-07,3.29,3.45,3.23,3.42,13523300
2022-09-08,3.38,3.46,3.35,3.45,10675400
2022-09-09,3.52,3.57,3.46,3.55,9198900
2022-09-12,3.61,3.64,3.53,3.56,13051800
2022-09-13,3.41,3.5,3.38,3.4,9825000
2022-09-14,3.41,3.49,3.38,3.38,8372100
2022-09-15,3.34,3.43,3.26,3.3,14523900
2022-09-16,3.25,3.39,3.17,3.29,21956100
2022-09-19,3.29,3.67,3.24,3.64,40234500
2022-09-20,3.55,3.58,3.48,3.51,15465800
2022-09-21,3.53,3.67,3.47,3.54,21269300
2022-09-22,3.56,3.65,3.49,3.55,18162400
2022-09-23,3.42,3.43,3.25,3.31,18449200
2022-09-26,3.27,3.37,3.18,3.25,20632800
2022-09-27,3.34,3.42,3.27,3.28,16534100
2022-09-28,3.37,3.57,3.32,3.52,28944000
2022-09-29,3.48,3.62,3.48,3.59,19943100
2022-09-30,3.63,3.85,3.57,3.76,27657000
2022-10-03,3.85,3.98,3.84,3.95,22472900
2022-10-04,4.04,4.07,3.96,4.01,21402500
2022-10-05,3.89,3.93,3.79,3.93,21590100
2022-10-06,3.89,3.96,3.81,3.9,17714800
2022-10-07,3.81,3.88,3.73,3.74,18314400
2022-10-10,3.69,3.82,3.65,3.67,11313900
2022-10-11,3.67,3.74,3.58,3.65,15755400
2022-10-12,3.64,3.74,3.58,3.64,13317500
2022-10-13,3.52,3.56,3.33,3.55,24271700
2022-10-14,3.51,3.54,3.34,3.35,15036700
2022-10-17,3.46,3.49,3.4,3.42,14349900
2022-10-18,3.45,3.49,3.36,3.43,17414000
2022-10-19,3.36,3.4,3.3,3.34,16587400
2022-10-20,3.33,3.51,3.33,3.41,19974400
2022-10-21,3.41,3.62,3.4,3.58,18718000
2022-10-24,3.53,3.55,3.47,3.54,13360300
2022-10-25,3.55,3.64,3.55,3.61,13593400
2022-10-26,3.65,3.79,3.65,3.72,18435200
2022-10-27,3.72,3.79,3.66,3.68,14425400
2022-10-28,3.62,3.67,3.58,3.66,13950500
2022-10-31,3.61,3.68,3.58,3.63,10172500
2022-11-01,3.74,3.8,3.72,3.73,11314600
2022-11-02,3.75,3.79,3.49,3.51,20609500
2022-11-03,3.48,3.51,3.37,3.38,19854700
2022-11-04,3.54,3.9,3.54,3.86,40536200
2022-11-07,3.9,3.95,3.82,3.89,16283000
2022-11-08,3.89,4.23,3.86,4.18,42543800
2022-11-09,4.14,4.28,4.06,4.07,23293900
2022-11-10,4.28,4.46,4.05,4.23,32487700
2022-11-11,4.25,4.32,4.15,4.31,28107100
2022-11-14,4.25,4.32,4.2,4.22,17551800
2022-11-15,4.27,4.3,4.13,4.17,26831000
2022-11-16,4.13,4.22,4.12,4.13,14612700
2022-11-17,4.05,4.11,4.0,4.08,14769000
2022-11-18,4.09,4.12,4.02,4.1,14028300
2022-11-21,4.1,4.1,3.99,4.05,13296600
2022-11-22,4.1,4.28,4.1,4.22,16078300
2022-11-23,4.17,4.21,4.09,4.18,16755200
2022-11-25,4.21,4.24,4.11,4.12,7598900
2022-11-28,4.14,4.14,3.93,3.95,14338200
2022-11-29,4.0,4.08,3.96,4.02,13383500
2022-11-30,4.07,4.18,3.98,4.13,20706100
2022-12-01,4.24,4.44,4.2,4.38,33127200
2022-12-02,4.3,4.38,4.24,4.34,13441900
2022-12-05,4.3,4.35,4.19,4.21,16282400
2022-12-06,4.24,4.28,4.11,4.15,13548000
2022-12-07,4.19,4.35,4.19,4.24,14874200
2022-12-08,4.27,4.33,4.2,4.26,14937700
2022-12-09,4.25,4.38,4.21,4.21,11756000
2022-12-12,4.18,4.25,4.12,4.25,15513200
2022-12-13,4.41,4.49,4.28,4.34,14623900
2022-12-14,4.32,4.34,4.19,4.27,13339900
2022-12-15,4.17,4.2,4.06,4.07,17939600
2022-12-16,4.08,4.14,4.03,4.09,23270400
2022-12-19,4.12,4.14,4.02,4.03,9444300
2022-12-20,4.11,4.23,4.1,4.19,12597600
2022-12-21,4.24,4.26,4.2,4.22,10061400
2022-12-22,4.17,4.17,4.04,4.15,11510400
2022-12-23,4.16,4.22,4.08,4.17,8377900
2022-12-27,4.19,4.29,4.16,4.24,10938900
2022-12-28,4.2,4.23,4.07,4.1,9117300
2022-12-29,4.12,4.18,4.12,4.14,7609900
2022-12-30,4.13,4.14,4.04,4.09,6785200
2023-01-03,4.15,4.37,4.15,4.27,16253200
2023-01-04,4.36,4.56,4.34,4.53,27465900
2023-01-05,4.44,4.46,4.37,4.44,17782200
2023-01-06,4.47,4.59,4.4,4.57,19802600
2023-01-09,4.63,4.65,4.51,4.52,13361500
2023-01-10,4.53,4.62,4.5,4.61,27662500
2023-01-11,4.62,4.65,4.55,4.56,13106900
2023-01-12,4.67,4.69,4.55,4.66,17109400
2023-01-13,4.66,4.78,4.64,4.74,16620800
2023-01-17,4.74,4.75,4.59,4.61,13630000
2023-01-18,4.69,4.73,4.56,4.56,11003200
2023-01-19,4.53,4.71,4.49,4.69,14212900
2023-01-20,4.66,4.75,4.63,4.72,10963900
2023-01-23,4.69,4.75,4.64,4.74,13875600
2023-01-24,4.72,4.82,4.5,4.82,15455500
2023-01-25,4.78,4.89,4.76,4.88,12111000
2023-01-26,4.86,4.9,4.77,4.85,10681700
2023-01-27,4.81,4.82,4.72,4.79,10819700
2023-01-30,4.73,4.77,4.63,4.63,12475300
2023-01-31,4.6,4.65,4.56,4.64,13109200
2023-02-01,4.62,4.78,4.58,4.74,15537900
2023-02-02,4.77,4.8,4.56,4.6,13437800
2023-02-03,4.45,4.49,4.35,4.38,17969500
2023-02-06,4.37,4.41,4.32,4.35,14185800
2023-02-07,4.38,4.44,4.31,4.38,10124200
2023-02-08,4.41,4.42,4.32,4.33,9343800
2023-02-09,4.4,4.42,4.23,4.25,11074600
2023-02-10,4.26,4.28,4.14,4.19,14494900
2023-02-13,4.18,4.22,4.12,4.18,9944300
2023-02-14,4.16,4.21,4.08,4.15,11562500
2023-02-15,4.07,4.07,3.9,3.93,17883100
2023-02-16,3.97,3.98,3.77,3.93,23846100
2023-02-17,3.89,3.89,3.76,3.86,20279800
2023-02-21,3.82,3.89,3.78,3.79,13285000
2023-02-22,3.76,3.79,3.66,3.7,20373200
2023-02-23,3.72,3.74,3.63,3.67,15761500
2023-02-24,3.61,3.64,3.57,3.62,14193600
2023-02-27,3.64,3.68,3.62,3.63,10286600
2023-02-28,3.64,3.71,3.61,3.66,11286400
2023-03-01,3.73,3.8,3.69,3.75,13821700
2023-03-02,3.71,3.74,3.69,3.73,11255400
2023-03-03,3.78,3.79,3.72,3.75,8499200
2023-03-06,3.72,3.76,3.65,3.67,8985700
2023-03-07,3.62,3.63,3.46,3.49,14573300
2023-03-08,3.52,3.56,3.44,3.46,10123500
2023-03-09,3.49,3.52,3.4,3.42,7180800
2023-03-10,3.49,3.64,3.48,3.5,15344000
2023-03-13,3.69,3.84,3.65,3.79,31622400
2023-03-14,3.8,3.83,3.73,3.82,11244300
2023-03-15,3.88,3.93,3.74,3.82,17534000
2023-03-16,3.83,3.84,3.7,3.83,19600200
2023-03-17,3.89,4.15,3.84,4.13,40594700
2023-03-20,4.17,4.28,4.12,4.27,22212900
2023-03-21,4.2,4.21,4.09,4.15,17369900
2023-03-22,4.15,4.25,4.09,4.19,19183300
2023-03-23,4.25,4.3,4.18,4.27,13916900
2023-03-24,4.29,4.4,4.24,4.36,13503800
2023-03-27,4.23,4.43,4.22,4.42,17085900
2023-03-28,4.42,4.61,4.37,4.59,24619700
2023-03-29,4.56,4.77,4.55,4.72,23107800
2023-03-30,4.75,4.76,4.67,4.75,14956300
2023-03-31,4.76,4.79,4.67,4.71,13755700
2023-04-03,4.73,4.85,4.66,4.76,16491500
2023-04-04,4.77,5.1,4.75,5.07,24095700
2023-04-05,5.1,5.11,4.91,5.05,16819200
2023-04-06,4.98,5.05,4.93,5.04,12098100
2023-04-10,4.95,5.0,4.89,4.98,10168300
2023-04-11,5.08,5.18,5.04,5.14,14478700
2023-04-12,5.25,5.29,5.12,5.16,13515000
2023-04-13,5.25,5.35,5.24,5.32,19262000
2023-04-14,5.21,5.36,5.16,5.34,20463400
2023-04-17,5.28,5.3,5.15,5.16,13007300
2023-04-18,5.2,5.31,5.16,5.18,10248100
2023-04-19,5.05,5.14,5.04,5.05,10697000
2023-04-20,5.08,5.13,5.06,5.08,12270400
2023-04-21,5.02,5.04,4.91,4.96,14217300
2023-04-24,4.96,5.03,4.92,5.02,10397900
2023-04-25,4.98,5.04,4.91,5.02,10414300
2023-04-26,5.08,5.11,5.0,5.0,10785100
2023-04-27,5.01,5.08,4.93,5.07,9601000
2023-04-28,5.06,5.1,5.0,5.05,8987100
2023-05-01,5.11,5.15,5.0,5.02,9349500
2023-05-02,5.0,5.25,4.97,5.24,14399000
2023-05-03,5.24,5.35,5.23,5.28,12570500
2023-05-04,5.33,5.5,5.29,5.34,18766400
2023-05-05,5.19,5.36,5.13,5.32,11342300
2023-05-08,5.33,5.36,5.26,5.31,7139700
2023-05-09,5.32,5.36,5.3,5.32,10793000
2023-05-10,5.46,5.57,5.35,5.55,17085000
2023-05-11,5.49,5.55,5.31,5.33,23831600
2023-05-12,5.29,5.36,5.27,5.3,10950600
2023-05-15,5.34,5.44,5.32,5.41,8774300
2023-05-16,5.36,5.42,5.26,5.27,14802100
2023-05-17,5.27,5.3,5.2,5.27,17831700
2023-05-18,5.17,5.19,5.05,5.11,16124000
2023-05-19,5.13,5.17,4.97,5.15,13510600
2023-05-22,5.13,5.19,5.1,5.12,5540600
2023-05-23,5.05,5.13,5.04,5.05,7251500
2023-05-24,5.09,5.09,4.87,4.88,9519000
2023-05-25,4.82,4.84,4.63,4.67,11594800
2023-05-26,4.74,4.8,4.7,4.74,8642100
2023-05-30,4.76,4.77,4.62,4.66,8183800
2023-05-31,4.64,4.79,4.62,4.71,11967100
2023-06-01,4.72,4.95,4.7,4.89,9148700
2023-06-02,4.89,4.95,4.8,4.85,10553200
2023-06-05,4.82,4.87,4.79,4.85,5201300
2023-06-06,4.85,4.86,4.76,4.84,8229400
2023-06-07,4.83,4.95,4.66,4.7,14667200
2023-06-08,4.78,4.88,4.77,4.82,12867200
2023-06-09,4.81,4.92,4.77,4.85,9345100
2023-06-12,4.83,4.87,4.79,4.84,15621500
2023-06-13,4.94,4.97,4.84,4.86,10666000
2023-06-14,4.94,4.96,4.8,4.85,9961600
2023-06-15,4.83,4.89,4.82,4.87,7436000
2023-06-16,4.9,4.99,4.84,4.88,31457300
2023-06-20,4.81,4.82,4.63,4.64,10454600
2023-06-21,4.59,4.68,4.54,4.66,6731500
2023-06-22,4.57,4.66,4.56,4.62,7649600
2023-06-23,4.64,4.75,4.59,4.61,7254000
2023-06-26,4.65,4.68,4.6,4.65,5526900
2023-06-27,4.68,4.71,4.56,4.63,8181800
2023-06-28,4.57,4.66,4.57,4.61,6781100
2023-06-29,4.57,4.81,4.54,4.78,17002800
2023-06-30,4.8,4.81,4.61,4.77,15551000
2023-07-03,4.77,4.85,4.76,4.82,5193900
2023-07-05,4.81,4.84,4.74,4.75,9036200
2023-07-06,4.7,4.72,4.54,4.55,8655700
2023-07-07,4.57,4.63,4.56,4.59,6576300
2023-07-10,4.6,4.81,4.58,4.81,10115900
2023-07-11,4.83,4.89,4.8,4.82,7620600
2023-07-12,4.9,5.09,4.88,5.07,12048800
2023-07-13,5.11,5.15,5.08,5.12,8468600
2023-07-14,5.11,5.16,5.05,5.06,7555100
2023-07-17,5.02,5.11,5.0,5.08,6099500
2023-07-18,5.16,5.23,5.11,5.18,8398100
2023-07-19,5.15,5.19,5.11,5.15,6068400
2023-07-20,5.13,5.15,5.01,5.03,7004200
2023-07-21,5.0,5.06,4.99,5.03,8039000
2023-07-24,5.04,5.09,4.93,4.97,6893100
2023-07-25,5.0,5.04,4.97,5.01,4596000
2023-07-26,4.99,5.0,4.89,4.94,11072000
2023-07-27,4.88,4.9,4.75,4.77,11734400
2023-07-28,4.83,4.87,4.78,4.86,7309700
2023-07-31,4.89,5.05,4.89,4.98,7112000
2023-08-01,4.88,4.92,4.76,4.77,6623800
2023-08-02,4.78,4.78,4.54,4.57,9017300
2023-08-03,4.68,4.82,4.68,4.71,14142900
2023-08-04,4.8,5.02,4.77,4.95,16265100
2023-08-07,4.94,4.98,4.86,4.88,6563900
2023-08-08,4.82,5.05,4.8,5.02,14635800
2023-08-09,5.05,5.08,4.99,5.03,10171400
2023-08-10,5.08,5.13,5.0,5.06,8969700
2023-08-11,5.01,5.1,5.01,5.08,7022900
2023-08-14,5.01,5.03,4.95,4.98,6271800
2023-08-15,4.95,4.97,4.79,4.81,8954400
2023-08-16,4.78,4.82,4.7,4.71,8852300
2023-08-17,4.77,4.82,4.66,4.68,8483100
2023-08-18,4.66,4.67,4.6,4.62,6510500
2023-08-21,4.66,4.73,4.62,4.71,6853400
2023-08-22,4.73,4.78,4.68,4.76,8414100
2023-08-23,4.81,4.97,4.79,4.91,8370700
2023-08-24,4.89,4.99,4.83,4.91,8352000
2023-08-25,4.89,4.95,4.74,4.81,10594000
2023-08-28,4.83,5.03,4.82,4.99,11222900
2023-08-29,4.97,5.11,4.94,5.09,11152600
2023-08-30,5.14,5.19,5.09,5.12,10676500
2023-08-31,5.12,5.15,5.02,5.07,8847200
2023-09-01,5.13,5.18,5.02,5.03,9535400
2023-09-05,4.95,5.02,4.85,4.86,9868300
2023-09-06,4.83,4.91,4.81,4.83,8141600
2023-09-07,4.81,4.83,4.73,4.75,5621800
2023-09-08,4.74,4.86,4.74,4.77,7024500
2023-09-11,4.81,4.84,4.75,4.8,9248100
2023-09-12,4.8,4.93,4.75,4.91,9774400
2023-09-13,4.92,5.0,4.9,4.92,7567300
2023-09-14,4.93,5.07,4.92,5.02,11570900
2023-09-15,5.1,5.2,5.07,5.18,30753400
2023-09-18,5.2,5.26,5.15,5.25,7160400
2023-09-19,5.27,5.29,5.13,5.18,9306600
2023-09-20,5.19,5.3,5.18,5.23,9024000
2023-09-21,5.09,5.11,5.0,5.0,12743800
2023-09-22,5.05,5.1,4.98,4.98,10022400
2023-09-25,4.96,4.96,4.83,4.89,9520400
2023-09-26,4.83,4.88,4.72,4.72,9769200
2023-09-27,4.67,4.69,4.52,4.57,11691800
2023-09-28,4.55,4.61,4.51,4.59,12661400
2023-09-29,4.7,4.74,4.5,4.56,11690900
2023-10-02,4.49,4.5,4.33,4.36,12285100
2023-10-03,4.33,4.47,4.32,4.45,11466700
2023-10-04,4.43,4.46,4.34,4.41,13782100
2023-10-05,4.37,4.47,4.35,4.47,10370500
2023-10-06,4.45,4.63,4.45,4.6,13198500
2023-10-09,4.71,4.75,4.67,4.73,9608600
2023-10-10,4.72,4.82,4.7,4.81,10735400
2023-10-11,4.89,4.94,4.83,4.94,12115100
2023-10-12,4.95,4.98,4.83,4.87,12074800
2023-10-13,5.06,5.19,4.99,5.12,18050500
2023-10-16,5.05,5.18,5.03,5.15,10223800
2023-10-17,5.13,5.32,5.1,5.31,12206000
2023-10-18,5.4,5.46,5.29,5.31,16499300
2023-10-19,5.31,5.4,5.27,5.37,18758900
2023-10-20,5.43,5.5,5.34,5.34,17952200
2023-10-23,5.3,5.43,5.15,5.36,18395100
2023-10-24,5.28,5.44,5.28,5.39,12716300
2023-10-25,5.38,5.47,5.31,5.31,13406600
2023-10-26,5.32,5.32,5.14,5.22,15886200
2023-10-27,5.26,5.32,5.12,5.31,14751100
2023-10-30,5.35,5.37,5.25,5.27,10832700
2023-10-31,5.24,5.34,5.16,5.21,13497200
2023-11-01,5.22,5.3,5.18,5.27,12102600
2023-11-02,5.31,5.36,5.22,5.3,12658900
2023-11-03,5.4,5.6,5.35,5.55,17117600
2023-11-06,5.5,5.55,5.46,5.48,10514100
2023-11-07,5.35,5.39,5.23,5.36,14085700
2023-11-08,5.3,5.37,5.21,5.23,11568800
2023-11-09,5.23,5.59,5.12,5.4,18319100
2023-11-10,5.34,5.39,5.14,5.18,12993400
2023-11-13,5.16,5.27,5.13,5.15,13302100
2023-11-14,5.33,5.36,5.27,5.3,13724500
2023-11-15,5.3,5.34,5.24,5.32,10369800
2023-11-16,5.37,5.56,5.33,5.43,14350700
2023-11-17,5.49,5.5,5.32,5.32,8980700
2023-11-20,5.25,5.33,5.18,5.32,9252400
2023-11-21,5.43,5.58,5.42,5.43,11335600
2023-11-22,5.46,5.55,5.44,5.55,10155000
2023-11-24,5.58,5.65,5.57,5.58,6213400
2023-11-27,5.66,5.75,5.61,5.71,14726800
2023-11-28,5.81,5.9,5.74,5.89,18060700
2023-11-29,5.85,5.87,5.77,5.83,13340300
2023-11-30,5.79,5.9,5.77,5.89,13453700
2023-12-01,5.89,5.98,5.85,5.94,13303100
2023-12-04,5.81,5.91,5.75,5.88,23894100
2023-12-05,5.79,5.85,5.74,5.79,14287600
2023-12-06,5.86,5.97,5.83,5.89,19763800
2023-12-07,5.89,5.93,5.8,5.83,11763300
2023-12-08,5.69,5.81,5.66,5.75,14435800
2023-12-11,5.66,5.74,5.6,5.72,13880800
2023-12-12,5.73,5.73,5.58,5.61,12081500
2023-12-13,5.61,6.0,5.59,5.99,19070600
2023-12-14,6.09,6.25,6.09,6.12,21832300
2023-12-15,6.08,6.16,6.02,6.03,24536800
2023-12-18,6.03,6.11,5.95,6.04,12574200
2023-12-19,6.04,6.25,6.02,6.18,14504600
2023-12-20,6.16,6.21,6.0,6.01,13817900
2023-12-21,6.11,6.16,6.07,6.11,12418600
2023-12-22,6.23,6.34,6.16,6.16,12751500
2023-12-26,6.2,6.23,6.13,6.18,5822600
2023-12-27,6.2,6.32,6.18,6.22,9409200
2023-12-28,6.21,6.26,6.08,6.08,10323800
2023-12-29,6.03,6.08,5.97,6.05,9867400
2024-01-02,6.04,6.11,5.9,5.92,14129900
2024-01-03,5.76,5.8,5.67,5.72,17053700
2024-01-04,5.71,5.83,5.66,5.76,11605900
2024-01-05,5.76,5.92,5.7,5.71,11198800
2024-01-08,5.63,5.74,5.6,5.69,9353700
2024-01-09,5.66,5.7,5.55,5.6,10765100
2024-01-10,5.6,5.65,5.55,5.63,8862200
2024-01-11,5.62,5.68,5.55,5.63,11902300
2024-01-12,5.8,5.96,5.8,5.89,12299400
2024-01-16,5.78,5.8,5.63,5.63,13083800
2024-01-17,5.52,5.59,5.4,5.43,15419500
2024-01-18,5.48,5.48,5.4,5.44,9702700
2024-01-19,5.47,5.48,5.38,5.4,13353500
2024-01-22,5.35,5.47,5.3,5.44,9783400
2024-01-23,5.49,5.57,5.4,5.56,13052600
2024-01-24,5.68,5.73,5.37,5.42,17627400
2024-01-25,5.52,5.61,5.47,5.56,11443600
2024-01-26,5.57,5.59,5.52,5.54,6699400
2024-01-29,5.59,5.6,5.48,5.56,9996800
2024-01-30,5.61,5.64,5.48,5.52,10927800
2024-01-31,5.56,5.67,5.5,5.51,11543700
2024-02-01,5.56,5.8,5.56,5.75,11260800
2024-02-02,5.59,5.59,5.44,5.5,11840600
2024-02-05,5.41,5.44,5.33,5.4,10810900
2024-02-06,5.43,5.48,5.37,5.43,8164000
2024-02-07,5.44,5.46,5.37,5.39,7069600
2024-02-08,5.33,5.39,5.32,5.32,8444100
2024-02-09,5.3,5.34,5.15,5.16,12486600
2024-02-12,5.17,5.25,5.11,5.21,10543500
2024-02-13,5.06,5.07,4.89,4.96,15460800
2024-02-14,4.95,5.0,4.92,4.99,12394500
2024-02-15,5.11,5.35,5.11,5.13,17859400
2024-02-16,5.08,5.19,5.05,5.07,12787400
2024-02-20,5.1,5.18,5.06,5.07,10355200
2024-02-21,5.05,5.07,4.92,4.96,9763700
2024-02-22,4.94,5.0,4.88,4.93,11383400
2024-02-23,4.94,5.02,4.87,4.98,9920300
2024-02-26,4.91,4.96,4.88,4.92,10407500
2024-02-27,4.94,4.97,4.85,4.86,11399400
2024-02-28,4.83,4.85,4.75,4.78,8339500
2024-02-29,4.87,4.95,4.83,4.9,9296500
2024-03-01,4.95,5.08,4.88,5.08,21105800
2024-03-04,5.17,5.37,5.14,5.37,22665500
2024-03-05,5.43,5.53,5.18,5.19,33652000
2024-03-06,5.26,5.41,5.24,5.33,23944800
2024-03-07,5.41,5.47,5.38,5.42,13805900
2024-03-08,5.46,5.49,5.32,5.37,16080300
2024-03-11,5.36,5.62,5.34,5.58,21638300
2024-03-12,5.45,5.49,5.36,5.48,15917500
2024-03-13,5.5,5.75,5.49,5.71,16400800
2024-03-14,5.63,5.69,5.59,5.63,13026500
2024-03-15,5.62,5.71,5.6,5.67,23419100
2024-03-18,5.65,5.7,5.62,5.66,8646600
2024-03-19,5.59,5.61,5.5,5.52,10617700
2024-03-20,5.48,5.82,5.44,5.79,16493300
2024-03-21,5.92,5.96,5.65,5.72,17849400
2024-03-22,5.67,5.81,5.64,5.65,10254800
2024-03-25,5.7,5.81,5.68,5.69,9126100
2024-03-26,5.76,5.82,5.67,5.7,11922600
2024-03-27,5.72,5.89,5.71,5.88,10470700
2024-03-28,5.95,6.15,5.93,6.13,18015700
2024-04-01,6.27,6.3,6.13,6.16,16750600
2024-04-02,6.19,6.29,6.16,6.27,15819500
2024-04-03,6.24,6.46,6.22,6.41,15108900
2024-04-04,6.37,6.39,6.28,6.28,15564200
2024-04-05,6.29,6.52,6.23,6.4,24121200
2024-04-08,6.45,6.56,6.33,6.4,21104600
2024-04-09,6.55,6.57,6.4,6.46,20188700
2024-04-10,6.26,6.45,6.22,6.38,17115200
2024-04-11,6.45,6.5,6.33,6.48,12559100
2024-04-12,6.55,6.81,6.33,6.38,27385400
2024-04-15,6.45,6.48,6.24,6.41,20157400
2024-04-16,6.3,6.4,6.2,6.31,19376400
2024-04-17,6.33,6.52,6.31,6.42,17453800
2024-04-18,6.49,6.55,6.4,6.51,16421000
2024-04-19,6.49,6.82,6.47,6.77,26441600
2024-04-22,6.49,6.57,6.39,6.47,22423400
2024-04-23,6.38,6.59,6.34,6.56,17391900
2024-04-24,6.54,6.62,6.51,6.6,12271200
2024-04-25,6.58,6.79,6.44,6.73,23963000
2024-04-26,6.81,6.87,6.73,6.74,14737100
2024-04-29,6.77,6.85,6.65,6.84,13531000
2024-04-30,6.62,6.69,6.43,6.45,17335400
2024-05-01,6.57,6.71,6.42,6.5,19706200
2024-05-02,6.44,6.63,6.44,6.55,12149300
2024-05-03,6.61,6.64,6.48,6.59,11671500
2024-05-06,6.75,6.82,6.69,6.75,12141700
2024-05-07,6.71,6.78,6.67,6.77,11084700
2024-05-08,6.8,7.2,6.78,7.1,27152300
2024-05-09,7.18,7.56,7.17,7.53,18637300
2024-05-10,7.62,7.7,7.54,7.59,20354300
2024-05-13,7.56,7.69,7.52,7.59,13274700
2024-05-14,7.64,7.8,7.6,7.8,13092000
2024-05-15,7.87,7.92,7.71,7.85,10566300
2024-05-16,7.84,7.92,7.75,7.84,11052400
2024-05-17,7.94,8.02,7.9,8.0,12041500
2024-05-20,8.02,8.17,7.92,8.16,12334900
2024-05-21,8.08,8.23,8.04,8.22,15763400
2024-05-22,8.07,8.09,7.86,7.93,26102400
2024-05-23,7.9,8.04,7.81,7.88,22279600
2024-05-24,7.95,8.1,7.95,8.07,11936700
2024-05-28,8.17,8.28,8.11,8.18,15690100
2024-05-29,8.04,8.16,7.95,7.97,11148200
2024-05-30,7.99,8.15,7.97,8.12,12959900
2024-05-31,8.17,8.22,7.97,8.13,15250900
2024-06-03,8.18,8.18,8.01,8.09,13208500
2024-06-04,7.94,7.99,7.61,7.67,21293400
2024-06-05,7.75,7.89,7.69,7.88,14291800
2024-06-06,7.83,8.02,7.79,7.99,14936400
2024-06-07,7.64,7.69,7.39,7.4,18006000
2024-06-10,7.42,7.54,7.3,7.53,15973500
2024-06-11,7.47,7.55,7.4,7.5,12045900
2024-06-12,7.69,7.75,7.45,7.48,16421700
2024-06-13,7.46,7.59,7.32,7.38,14480600
2024-06-14,7.5,7.51,7.31,7.41,13229500
2024-06-17,7.37,7.42,7.2,7.39,13759700
2024-06-18,7.38,7.57,7.33,7.51,14884700
2024-06-20,7.57,7.78,7.53,7.69,20799300
2024-06-21,7.64,7.67,7.49,7.62,35650000
2024-06-24,7.7,7.73,7.59,7.64,11187600
2024-06-25,7.59,7.71,7.56,7.62,11970600
2024-06-26,7.54,7.88,7.52,7.87,15944800
2024-06-27,7.95,8.34,7.95,8.32,20617200
2024-06-28,8.36,8.4,8.2,8.32,22908700
2024-07-01,8.34,8.42,8.22,8.24,11928300
2024-07-02,8.26,8.39,7.89,8.02,20811500
2024-07-03,8.17,8.35,8.12,8.29,8111200
2024-07-05,8.39,8.55,8.37,8.47,15463100
2024-07-08,8.36,8.6,8.33,8.58,18831600
2024-07-09,8.61,8.65,8.5,8.59,15064900
2024-07-10,8.66,8.97,8.64,8.95,18893800
2024-07-11,9.13,9.21,8.9,9.18,17688100
2024-07-12,9.03,9.29,9.01,9.21,14991400
2024-07-15,9.21,9.28,9.1,9.12,16374700
2024-07-16,9.15,9.36,9.13,9.32,18561800
2024-07-17,9.3,9.41,9.05,9.05,20503100
2024-07-18,9.11,9.12,8.84,8.91,20109900
2024-07-19,8.65,8.9,8.55,8.82,14197800
2024-07-22,8.79,8.95,8.74,8.91,13719900
2024-07-23,8.93,9.04,8.88,9.03,11232300
2024-07-24,9.09,9.22,8.84,8.85,15280700
2024-07-25,8.57,8.66,8.36,8.54,28989000
2024-07-26,8.67,8.75,8.55,8.61,11375000
2024-07-29,8.69,8.76,8.57,8.76,12006900
2024-07-30,8.82,8.86,8.58,8.74,13976300
2024-07-31,8.9,9.15,8.84,9.06,20084000
2024-08-01,8.98,9.27,8.85,9.15,20329100
2024-08-02,9.29,9.45,8.6,8.75,29601300
2024-08-05,8.05,8.47,7.84,8.4,16800300
2024-08-06,8.4,8.7,8.3,8.59,13993800
2024-08-07,8.69,8.71,8.08,8.12,18294100
2024-08-08,8.26,8.54,8.13,8.43,13124000
2024-08-09,8.54,8.6,8.39,8.48,12426900
2024-08-12,8.57,8.93,8.55,8.92,15606200
2024-08-13,8.87,9.06,8.85,8.99,10673700
2024-08-14,8.93,9.02,8.84,9.0,9981300
2024-08-15,9.03,9.05,8.75,8.91,11994100
2024-08-16,9.1,9.19,8.95,9.17,11881800
2024-08-19,9.14,9.39,9.13,9.36,13587200
2024-08-20,9.43,9.58,9.35,9.4,20505200
2024-08-21,9.38,9.41,9.12,9.31,18705900
2024-08-22,9.1,9.17,8.93,9.04,18307800
2024-08-23,9.16,9.27,9.05,9.15,13168000
2024-08-26,9.24,9.24,9.04,9.06,10635300
2024-08-27,8.93,8.99,8.86,8.95,13530000
2024-08-28,8.78,8.84,8.7,8.79,12885900
2024-08-29,8.82,9.03,8.82,9.01,10939500
2024-08-30,8.97,9.06,8.94,9.04,10957300
2024-09-03,8.91,8.94,8.45,8.6,19849200
2024-09-04,8.57,8.7,8.49,8.57,11695000
2024-09-05,8.75,8.84,8.66,8.69,10844400
2024-09-06,8.66,8.74,8.31,8.33,10416100
2024-09-09,8.42,8.55,8.36,8.52,7486500
2024-09-10,8.56,9.04,8.55,9.02,18593600
2024-09-11,9.01,9.16,8.89,9.15,12104800
2024-09-12,9.31,9.84,9.3,9.78,17293500
2024-09-13,9.97,10.1,9.76,9.84,16708300
2024-09-16,9.67,9.68,9.26,9.48,24617100
2024-09-17,9.44,9.5,9.28,9.39,16673000
2024-09-18,9.43,9.65,9.14,9.21,21775400
2024-09-19,9.38,9.45,9.2,9.34,17397100
2024-09-20,9.46,9.65,9.43,9.56,77555400
2024-09-23,9.58,9.89,9.55,9.61,14025700
2024-09-24,9.69,9.82,9.6,9.75,13876900
2024-09-25,9.75,9.97,9.69,9.74,12856700
2024-09-26,9.71,9.89,9.68,9.8,13478300
2024-09-27,9.76,9.77,9.46,9.46,11865500
2024-09-30,9.34,9.5,9.27,9.36,11961200
2024-10-01,9.45,9.62,9.42,9.53,11893400
2024-10-02,9.52,9.79,9.48,9.77,11114100
2024-10-03,9.63,9.71,9.45,9.53,11900800
2024-10-04,9.47,9.63,9.37,9.42,13035300
2024-10-07,9.41,9.42,9.27,9.33,8686500
2024-10-08,9.23,9.44,9.22,9.43,9503500
2024-10-09,9.39,9.44,9.22,9.42,12029800
2024-10-10,9.49,9.87,9.46,9.85,13995300
2024-10-11,9.93,10.06,9.8,9.82,9423000
2024-10-14,9.81,9.9,9.71,9.86,6517000
2024-10-15,9.87,10.06,9.82,9.93,10676400
2024-10-16,10.09,10.22,9.95,10.03,12015600
2024-10-17,10.13,10.29,10.06,10.15,13320200
2024-10-18,10.25,10.64,10.21,10.61,14953800
2024-10-21,10.77,10.82,10.5,10.54,14633200
2024-10-22,10.62,10.74,10.58,10.7,13544100
2024-10-23,10.51,10.73,10.48,10.71,16025800
2024-10-24,10.78,10.82,10.47,10.75,22957000
2024-10-25,10.68,10.74,10.45,10.53,13696000
2024-10-28,10.48,10.56,10.44,10.44,10435900
2024-10-29,10.5,10.7,10.33,10.7,14660000
2024-10-30,10.7,10.7,10.42,10.48,18071400
2024-10-31,10.31,10.35,9.9,10.08,18536900
2024-11-01,10.17,10.23,9.97,9.98,13884700
2024-11-04,10.01,10.14,9.93,9.97,12798000
2024-11-05,10.06,10.15,9.98,10.03,15936000
2024-11-06,9.34,10.02,9.19,9.85,28837900
2024-11-07,10.14,10.75,10.0,10.69,22422900
2024-11-08,10.51,10.61,10.29,10.47,20689000
2024-11-11,9.97,10.2,9.36,9.45,27143100
2024-11-12,9.35,9.52,9.26,9.5,20533900
2024-11-13,9.59,9.68,9.23,9.29,17545000
2024-11-14,9.24,9.53,9.13,9.39,17740800
2024-11-15,9.44,9.44,9.19,9.25,15117200
2024-11-18,9.6,9.79,9.54,9.75,19928800
2024-11-19,9.88,10.0,9.8,10.0,23088500
2024-11-20,9.93,10.03,9.82,9.97,14614600
2024-11-21,10.11,10.11,9.92,10.08,14046800
2024-11-22,10.16,10.3,10.04,10.22,15614400
2024-11-25,9.8,9.94,9.75,9.81,24282400
2024-11-26,9.8,9.98,9.73,9.98,14871700
2024-11-27,10.02,10.12,9.76,9.8,13257500
2024-11-29,9.88,10.04,9.63,9.71,11778100
2024-12-02,9.69,9.72,9.49,9.53,13857700
2024-12-03,9.66,10.04,9.66,9.92,16329500
2024-12-04,9.87,10.12,9.84,9.94,15057200
2024-12-05,9.92,10.11,9.82,9.9,12585400
2024-12-06,9.84,9.88,9.69,9.75,13222900
2024-12-09,10.04,10.15,9.89,9.92,17582000
2024-12-10,10.04,10.2,10.01,10.08,16901600
2024-12-11,10.11,10.57,10.1,10.56,12506700
2024-12-12,10.4,10.41,10.04,10.05,17068000
2024-12-13,9.94,10.04,9.67,9.77,15684300
2024-12-16,9.79,9.82,9.61,9.76,20872600
2024-12-17,9.55,9.66,9.48,9.57,18130000
2024-12-18,9.57,9.58,8.99,9.03,19841500
2024-12-19,9.08,9.24,9.03,9.07,17242900
2024-12-20,9.17,9.34,9.08,9.25,25658400
2024-12-23,9.18,9.39,9.12,9.33,18926000
2024-12-24,9.37,9.45,9.25,9.43,10183400
2024-12-26,9.45,9.46,9.37,9.38,6788500
2024-12-27,9.2,9.37,9.19,9.31,10647500
2024-12-30,9.2,9.24,9.04,9.17,12839800
2024-12-31,9.18,9.31,9.13,9.27,10979900
2025-01-02,9.38,9.91,9.36,9.88,20390900
2025-01-03,9.85,9.92,9.73,9.78,18003300
2025-01-06,9.79,9.93,9.64,9.69,20271400
2025-01-07,9.9,10.15,9.81,9.9,19842700
2025-01-08,9.93,10.42,9.83,10.38,28754600
2025-01-10,10.64,10.77,10.32,10.44,28591100
2025-01-13,10.22,10.28,10.01,10.06,18296500
2025-01-14,10.12,10.6,10.1,10.6,19645500
2025-01-15,10.8,10.81,10.45,10.66,20197000
2025-01-16,10.72,10.75,10.21,10.23,24888600
2025-01-17,10.16,10.41,10.06,10.31,21221300
2025-01-21,10.48,10.8,10.48,10.64,15187700
2025-01-22,10.74,10.79,10.49,10.64,15548400
2025-01-23,10.56,10.56,10.28,10.51,22262200
2025-01-24,10.7,10.8,10.57,10.69,18417800
2025-01-27,10.56,10.72,10.32,10.62,25994200
2025-01-28,10.64,10.95,10.53,10.87,23818700
2025-01-29,10.92,11.31,10.88,11.12,23639000
2025-01-30,11.4,11.67,11.34,11.49,24737100
2025-01-31,11.54,11.63,11.26,11.28,20414500
2025-02-03,11.34,11.68,11.27,11.45,21599900
2025-02-04,11.63,11.67,11.4,11.47,22673800
2025-02-05,11.56,12.02,11.56,11.88,24447300
2025-02-06,11.81,11.94,11.68,11.91,23162700
2025-02-07,12.01,12.05,11.8,11.87,17239200
2025-02-10,12.18,12.29,11.99,12.12,24918100
2025-02-11,11.93,12.24,11.84,12.06,22566400
2025-02-12,11.85,12.27,11.84,12.15,21886400
2025-02-13,11.91,11.92,11.31,11.41,36544900
2025-02-14,11.41,11.42,11.18,11.27,22321300
2025-02-18,11.54,11.54,11.14,11.29,35350500
2025-02-19,11.28,11.47,11.19,11.34,20814500
2025-02-20,11.36,11.74,11.34,11.54,22082700
2025-02-21,11.45,11.45,10.95,10.97,25148500
2025-02-24,11.05,11.15,10.8,11.05,24560500
2025-02-25,10.91,10.97,10.48,10.8,18726200
2025-02-26,10.72,11.08,10.65,11.08,27479000
2025-02-27,10.91,11.02,10.57,10.62,21712600
2025-02-28,10.43,10.73,10.32,10.72,20076200
2025-03-03,10.97,11.13,10.7,10.74,22333300
2025-03-04,10.99,11.26,10.73,11.13,31796700
2025-03-05,11.18,11.52,11.06,11.44,31981400
2025-03-06,11.33,11.48,11.04,11.14,19252100
2025-03-07,11.21,11.57,10.93,11.15,18573000
2025-03-10,11.03,11.08,10.42,10.56,26033000
2025-03-11,10.76,11.28,10.71,11.17,24378900
2025-03-12,11.13,11.2,10.91,11.13,17680200
2025-03-13,11.25,11.61,11.14,11.4,22010000
2025-03-14,11.58,11.72,11.38,11.63,20936700
2025-03-17,11.7,12.02,11.69,12.02,20205200
2025-03-18,12.3,12.32,11.96,12.02,19166800
2025-03-19,12.08,12.27,11.93,12.2,16725100
2025-03-20,12.01,12.39,11.98,12.32,16261400
2025-03-21,12.16,12.2,11.95,12.16,15992100
2025-03-24,12.21,12.3,12.06,12.2,15542600
2025-03-25,12.38,12.59,12.22,12.3,14340200
2025-03-26,12.41,12.41,12.12,12.2,9145100
2025-03-27,12.36,12.61,12.24,12.51,15509000
2025-03-28,12.62,12.9,12.46,12.49,19967700
2025-03-31,12.58,12.7,12.22,12.61,17999900
2025-04-01,12.65,12.72,12.36,12.6,16142600
2025-04-02,12.67,12.85,12.42,12.85,15754900
2025-04-03,12.26,12.88,12.19,12.69,23303200
2025-04-04,12.18,12.25,11.36,11.79,36497200
2025-04-07,11.31,12.64,11.12,11.98,29733000
2025-04-08,12.46,12.57,11.84,11.96,23145000
2025-04-09,12.4,13.18,12.37,13.02,24880000
2025-04-10,13.13,13.9,13.04,13.69,24166800
2025-04-11,14.3,14.6,14.2,14.38,24183500
2025-04-14,14.21,14.67,13.98,14.5,18978000
2025-04-15,14.5,14.66,14.32,14.65,15643800
2025-04-16,15.24,15.34,14.73,15.03,24704600
2025-04-17,14.9,15.0,14.66,14.8,19609100
2025-04-21,15.2,15.46,14.77,14.93,20028500
2025-04-22,15.06,15.17,14.02,14.73,21338500
2025-04-23,13.89,14.42,13.72,14.35,36313200
2025-04-24,14.54,14.67,14.17,14.67,18923600
2025-04-25,14.24,14.55,14.19,14.49,15376100
2025-04-28,14.5,14.8,14.37,14.78,20361000
2025-04-29,14.59,14.76,14.46,14.59,13903100
2025-04-30,14.47,14.81,14.41,14.76,20389400
2025-05-01,14.37,14.38,13.96,14.21,22627500
2025-05-02,14.41,14.45,13.87,14.07,15361200
2025-05-05,14.52,14.55,14.15,14.51,23304800
2025-05-06,14.85,15.25,14.76,15.2,28157700
2025-05-07,14.87,15.96,14.76,15.61,31098500
2025-05-08,15.5,15.55,14.74,14.77,22546900
2025-05-09,14.97,15.07,14.65,15.06,19492100
2025-05-12,14.29,14.37,13.58,13.7,28179300
2025-05-13,13.76,13.89,13.66,13.76,20597800
2025-05-14,13.45,13.53,13.28,13.49,21960600
2025-05-15,13.62,13.76,13.52,13.75,19122700
2025-05-16,13.44,13.74,13.34,13.71,17521500
2025-05-19,13.9,14.0,13.66,13.96,13837800
2025-05-20,13.96,14.38,13.95,14.37,28476900
2025-05-21,14.54,14.73,14.43,14.64,25154600
2025-05-22,14.57,14.65,14.33,14.48,19316700
2025-05-23,14.84,14.91,14.62,14.71,16997600
2025-05-27,14.36,14.8,14.35,14.51,25206100
2025-05-28,14.61,14.81,14.55,14.79,20815000
2025-05-29,14.81,14.92,14.64,14.65,22106100
2025-05-30,14.62,14.84,14.49,14.75,18073900
2025-06-02,15.11,15.82,15.1,15.71,25900300
2025-06-03,15.5,15.58,15.32,15.52,29441000
2025-06-04,15.6,15.66,15.43,15.47,17337500
2025-06-05,15.73,15.96,15.28,15.46,23437400
2025-06-06,15.46,15.57,15.02,15.09,22397400
2025-06-09,15.09,15.22,14.87,15.08,20403000
2025-06-10,15.13,15.2,14.71,14.81,18802700
2025-06-11,14.93,15.27,14.83,15.26,22890900
2025-06-12,15.47,15.72,15.42,15.53,23118000
2025-06-13,15.8,15.88,15.56,15.79,21363800
2025-06-16,15.69,15.83,15.51,15.58,24812800
2025-06-17,15.61,15.69,15.43,15.61,23478000
2025-06-18,15.58,15.79,15.47,15.52,22056800
2025-06-20,15.33,15.65,15.29,15.48,23091600
2025-06-23,15.46,16.040001,15.46,15.7,15779000
2025-06-24,15.29,15.44,15.0,15.31,21314000
2025-06-25,15.26,15.46,15.18,15.31,12158600
2025-06-26,15.5,15.86,15.48,15.85,21825800
2025-06-27,15.3,15.37,14.71,14.87,27250100
2025-06-30,14.92,15.64,14.87,15.63,19774800
2025-07-01,15.87,15.95,15.46,15.53,13928400
2025-07-02,15.57,15.71,15.4,15.57,14852800
2025-07-03,15.51,15.92,15.43,15.86,12115000
2025-07-07,15.65,16.09,15.51,16.049999,13859500
2025-07-08,16.07,16.1,15.09,15.19,23843900
2025-07-09,15.2,15.4,15.05,15.32,13577600
2025-07-10,15.4,15.43,15.04,15.34,11817100
2025-07-11,15.44,15.63,15.36,15.55,14546500
2025-07-14,15.5,15.83,15.47,15.59,12530800
2025-07-15,15.63,15.65,15.12,15.41,14545500
2025-07-16,15.47,15.68,15.26,15.56,14030500
2025-07-17,15.32,15.5,15.1,15.43,13430000
2025-07-18,15.57,15.59,15.29,15.33,14168100
2025-07-21,15.61,16.19,15.56,15.92,16020700
2025-07-22,16.040001,16.52,15.92,16.4,22147300
2025-07-23,16.3,16.51,16.11,16.17,19178600
2025-07-24,15.97,16.16,15.75,15.84,14793700
2025-07-25,15.69,16.15,15.69,16.09,28109400
2025-07-28,15.96,16.0,15.48,15.71,17960500
2025-07-29,15.73,16.040001,15.64,16.01,18451500
2025-07-30,15.88,16.0,15.37,15.42,27412300
2025-07-31,15.91,16.42,15.78,16.0,22573300
2025-08-01,16.37,16.47,15.93,16.21,19015900
2025-08-04,16.42,17.29,16.35,17.26,15097500
2025-08-05,17.0,18.19,16.98,18.16,28254000
2025-08-06,18.2,18.74,18.09,18.71,23023000
2025-08-07,18.93,19.049999,18.72,18.77,18363300
2025-08-08,18.95,19.25,18.84,18.98,17505800
2025-08-11,18.55,19.23,18.45,19.11,18220300
2025-08-12,19.17,19.38,18.93,19.33,20335200
2025-08-13,19.43,19.45,18.96,19.049999,20957400
2025-08-14,19.01,19.2,18.83,18.89,16678300
2025-08-15,18.95,19.4,18.74,19.33,18026600
2025-08-18,19.43,19.52,19.16,19.38,16600400
2025-08-19,19.27,19.3,18.65,18.7,16389500
2025-08-20,18.89,19.14,18.74,19.08,18240800
2025-08-21,19.09,19.55,19.07,19.51,15918100
2025-08-22,19.3,19.81,19.19,19.6,12862600
2025-08-25,19.66,19.82,19.62,19.72,14901600
2025-08-26,19.81,20.26,19.77,20.23,14002500
2025-08-27,20.12,20.24,19.87,20.21,12186500
2025-08-28,20.22,20.4,20.07,20.22,11746300
2025-08-29,20.19,20.97,20.19,20.9,18169200
2025-09-02,21.34,21.51,20.83,21.46,32164500
2025-09-03,21.67,21.97,21.52,21.82,21288600
2025-09-04,21.58,22.030001,21.49,21.49,16623800
2025-09-05,21.85,22.22,21.61,22.11,17605700
2025-09-08,22.5,22.7,22.28,22.53,18362400
2025-09-09,22.7,22.85,22.22,22.37,15300000
2025-09-10,22.55,22.99,22.55,22.94,15285700
2025-09-11,22.81,23.3,22.73,23.26,12476500
2025-09-12,23.43,23.65,23.19,23.28,11887700
2025-09-15,23.25,23.42,23.01,23.26,13960600
2025-09-16,23.31,23.37,22.71,22.74,11727500
2025-09-17,22.42,22.82,22.28,22.46,13246800
2025-09-18,22.29,22.35,21.94,22.26,14341100
2025-09-19,22.5,23.64,22.41,23.49,29879300
2025-09-22,24.0,24.29,23.53,24.23,24979000
2025-09-23,24.51,24.91,24.3,24.48,19494900
2025-09-24,24.55,24.59,23.28,23.31,21431400
2025-09-25,23.43,23.82,23.21,23.64,24998400
2025-09-26,23.71,24.12,23.6,24.11,22886100
2025-09-29,24.68,24.88,24.32,24.37,26277000
2025-09-30,24.07,25.01,24.030001,24.85,30197900
2025-10-01,24.98,25.58,24.96,25.45,24801300
2025-10-02,25.74,25.78,24.22,24.95,28661100
2025-10-03,25.01,25.22,24.81,25.030001,12610000
2025-10-06,25.37,25.79,25.23,25.35,16149900
2025-10-07,25.47,25.47,24.96,25.26,11735500
2025-10-08,25.91,25.91,25.19,25.31,14335100
2025-10-09,25.27,25.37,23.99,24.28,15609100
2025-10-10,24.43,24.48,23.97,24.26,14188300
2025-10-13,25.08,25.52,24.89,25.51,9762200
2025-10-14,24.94,25.75,24.85,25.44,12297200
2025-10-15,25.79,27.45,25.72,26.9,12377800
2025-10-16,27.34,27.84,27.08,27.58,14199000
2025-10-17,26.9,27.0,24.75,25.1,21574100
2025-10-20,25.83,26.01,25.34,25.93,9300700
2025-10-21,23.93,24.049999,22.63,23.07,22199600
2025-10-22,22.15,23.65,22.01,23.56,12988900
2025-10-23,23.96,24.09,23.59,23.92,7685700
2025-10-24,23.42,24.25,23.37,23.94,8850300
2025-10-27,22.98,23.47,22.17,22.78,16424800
2025-10-28,22.24,23.18,22.24,23.07,9630700
2025-10-29,23.53,23.67,22.85,23.11,10062600
2025-10-30,23.1,23.92,22.98,23.84,8936300
2025-10-31,23.8,23.82,23.02,23.24,8585800
2025-11-03,23.22,23.47,23.02,23.4,6627900
2025-11-04,22.71,23.030001,22.36,22.47,8898900
2025-11-05,23.25,24.27,23.25,24.07,15135500
2025-11-06,24.49,24.61,23.69,23.77,9905000
2025-11-07,23.9,24.34,23.56,24.33,8558200
2025-11-10,25.19,25.56,24.88,25.44,10221400
2025-11-11,25.55,25.56,24.85,25.35,9110200
2025-11-12,25.51,26.47,25.35,26.030001,9667500
2025-11-13,26.12,26.17,25.37,25.51,9764700
2025-11-14,24.21,25.89,24.14,25.44,12943500
2025-11-17,25.26,25.64,24.82,24.94,7929600
2025-11-18,25.2,25.79,24.94,25.36,8905800
2025-11-19,25.86,26.3,25.3,25.56,7578400
2025-11-20,25.77,26.07,24.18,24.22,8911000
2025-11-21,24.07,24.64,23.82,24.39,7544900
2025-11-24,24.51,26.040001,24.45,25.97,9263400
2025-11-25,25.84,26.49,25.73,26.09,8218800
2025-11-26,26.59,27.57,26.42,27.44,7398900
2025-11-28,27.91,28.33,27.61,28.11,5580900
2025-12-01,28.49,28.81,27.96,28.34,11792500
2025-12-02,28.12,28.39,26.88,27.49,10152000
2025-12-03,27.64,27.93,27.059999,27.13,5531500
2025-12-04,26.97,27.41,26.7,27.34,6101900
2025-12-05,27.61,28.11,27.040001,27.28,7122800
2025-12-08,27.3,27.5,26.45,26.46,8001900
2025-12-09,26.6,27.07,26.33,26.91,7914000
2025-12-10,26.9,27.37,26.49,27.26,9661100
2025-12-11,27.32,28.97,27.2,28.55,8805200
2025-12-12,29.17,29.23,27.41,27.92,11152900
2025-12-15,28.47,28.71,27.89,28.16,7216700
2025-12-16,28.22,28.48,27.46,27.81,9041400
2025-12-17,28.22,28.29,27.45,27.94,7721800
2025-12-18,27.75,28.3,27.54,27.99,8282700
2025-12-19,27.93,28.88,27.93,28.59,13893400
2025-12-22,29.45,29.8,28.88,29.35,7476100
2025-12-23,29.59,29.78,29.040001,29.45,5496900
2025-12-24,29.43,29.45,28.84,29.27,2718200
2025-12-26,29.68,29.9,29.3,29.7,4464200
2025-12-29,28.29,28.71,27.53,28.21,9125700
2025-12-30,28.83,28.98,28.41,28.61,6214300
2025-12-31,28.4,28.72,28.02,28.16,4342700
2026-01-02,28.58,28.63,27.25,28.3,7585500
2026-01-05,28.7,30.08,28.58,29.12,7930900
2026-01-06,29.47,30.43,29.34,30.39,7306500
2026-01-07,29.7,30.6,28.93,30.54,8246000
2026-01-08,29.89,30.94,29.77,30.9,7415000
2026-01-09,31.19,31.65,30.87,31.24,6962600
2026-01-12,32.16,33.11,32.099998,32.94,11360300
2026-01-13,33.39,33.92,33.14,33.37,8420200
2026-01-14,34.0,34.02,32.95,33.29,9075200
2026-01-15,33.040001,33.56,32.66,33.25,7067600
2026-01-16,33.25,33.72,32.52,33.66,8653500
2026-01-20,34.95,36.57,34.74,36.56,16165000
2026-01-21,37.52,37.6,35.16,35.32,18764400
2026-01-22,35.4,37.19,35.28,36.64,10355200
2026-01-23,36.92,37.6,36.4,37.16,7964600
2026-01-26,38.099998,39.11,37.78,37.87,16189900
2026-01-27,38.099998,38.57,36.78,37.87,11093300
2026-01-28,38.42,38.49,37.12,38.07,13973400
2026-01-29,38.63,38.72,35.6,36.6,23842400
2026-01-30,33.55,34.42,31.29,31.56,24973500
2026-02-02,30.95,32.62,30.83,31.58,13697100
2026-02-03,33.55,33.68,32.22,33.3,17830800
2026-02-04,34.07,34.14,31.49,32.98,17437600
2026-02-05,31.94,32.8,31.030001,31.25,14526300
2026-02-06,32.21,32.9,32.0099983,32.09,11889500
2026-02-09,32.65,34.099998,32.62,33.93,8984100
2026-02-10,33.91,34.38,33.71,34.31,7013000
2026-02-11,35.24,35.46,33.86,34.82,9851400
2026-02-12,34.3,34.75,32.36,32.36,14596100
2026-02-13,33.040001,34.56,32.74,34.4,11158900
2026-02-17,33.11,33.78,32.37,33.56,11718500
2026-02-18,34.02,35.0,33.72,34.56,12793100
2026-02-19,33.95,34.3,33.24,33.45,15142000
2026-02-20,33.63,34.0,32.36,33.45,18573900
2026-02-23,34.15,35.55,34.07,35.53,16294400
2026-02-24,34.5,36.37,34.27,36.060001,9676400
2026-02-25,36.4,36.49,35.78,36.040001,7956500
2026-02-26,35.61,36.78,35.080002,36.76,8812500
2026-02-27,37.02,37.34,36.69,36.99,10839100
2026-03-02,37.61,37.78,35.78,36.79,13079700
2026-03-03,34.97,34.98,32.46,33.8,14095500
2026-03-04,34.54,34.58,33.47,33.97,7202000
2026-03-05,33.22,33.31,31.93,32.74,13033200
2026-03-06,31.94,32.81,31.66,32.55,10574000
2026-03-09,31.46,32.57,30.65,32.52,12518800
2026-03-10,33.0099983,33.36,32.58,32.79,10981100
2026-03-11,32.21,32.75,31.36,32.56,8346000
2026-03-12,32.87,33.19,31.9,32.52,10200900
2026-03-13,32.09,32.25,30.36,30.57,12235400
2026-03-16,30.27,31.59,30.24,31.049999,9862400
2026-03-17,31.38,31.95,30.67,31.0,7793200
2026-03-18,29.91,29.91,28.43,28.95,11773200
2026-03-19,26.5,27.49,26.11,27.42,18704600
2026-03-20,27.46,27.51,26.059999,26.54,14913900
2026-03-23,26.54,28.15,26.46,27.81,17645800
2026-03-24,27.27,28.17,27.02,27.92,12335200
2026-03-25,29.41,29.47,28.83,29.02,10053400
2026-03-26,28.1,29.24,27.86,27.89,8195800
2026-03-27,27.69,29.0,27.57,28.74,10070800
2026-03-30,29.4,29.49,28.2,28.6,10731800
2026-03-31,29.32,30.57,29.32,30.52,11420200
2026-04-01,31.64,32.45,31.08,32.02,10930900
2026-04-02,30.13,31.89,30.13,31.51,9958900
2026-04-06,31.45,31.81,31.2,31.36,5733000
2026-04-07,31.38,31.64,30.59,31.62,6942000
2026-04-08,33.75,33.96,32.59,33.09,11862700
2026-04-09,33.23,33.69,32.46,32.84,6148400
2026-04-10,33.29,33.8,33.25,33.77,6602100
2026-04-13,33.48,33.73,33.0099983,33.58,6916200
2026-04-14,33.94,34.3,33.63,34.0099983,7300100
2026-04-15,33.89,34.41,33.14,33.39,8502700
2026-04-16,33.66,33.97,33.33,33.87,6071900
2026-04-17,34.39,35.56,34.15,34.94,7961300
2026-04-20,34.57,34.83,33.92,34.7,6718000
2026-04-21,34.31,34.52,31.97,32.060001,10607700
2026-04-22,32.74,32.89,32.36,32.59,6711000
2026-04-23,32.17,32.68,31.24,32.12,12065600
2026-04-24,32.37,32.9,31.94,32.79,5507400
2026-04-27,32.4,32.53,31.77,32.14,5204400
2026-04-28,31.27,31.45,30.18,30.52,9637100
2026-04-29,30.16,30.29,29.73,29.86,9706500
2026-04-30,31.49,31.67,29.95,30.24,8987800
2026-05-01,29.97,29.97,29.059999,29.55,8193500
2026-05-04,29.18,29.54,28.77,28.89,7014100
2026-05-05,29.55,29.75,28.73,28.81,5768700
2026-05-06,30.37,31.08,30.31,30.78,7770400
2026-05-07,31.57,32.099998,30.32,30.42,12950000
2026-05-08,30.76,31.56,30.76,31.51,5563000
2026-05-11,31.55,32.79,31.55,31.81,9992300
2026-05-12,31.22,31.94,30.34,31.73,8435600
2026-05-13,31.49,31.55,30.87,31.27,5169900
2026-05-14,31.2,31.23,30.57,30.89,5030200
2026-05-15,29.68,29.78,28.13,28.38,9602700
2026-05-18,28.72,29.42,28.42,28.51,6065900
2026-05-19,28.01,28.19,27.24,27.44,9414200
2026-05-20,27.82,28.76,27.52,28.62,7001600
2026-05-21,28.040001,29.030001,27.92,28.68,5227900
2026-05-22,28.58,28.58,27.98,28.29,4629800
2026-05-26,28.96,29.54,28.95,29.49,7751200
2026-05-27,28.68,29.11,28.49,28.51,5872000
2026-05-28,28.18,29.37,27.89,29.29,5812700
2026-05-29,29.19,30.46,29.14,30.18,8711000
2026-06-01,29.49,29.49,28.52,29.14,7794100
2026-06-02,29.37,29.69,28.8,28.99,5981500
2026-06-03,28.51,28.64,28.01,28.17,6504300
2026-06-04,28.56,29.12,28.38,28.6,5157300
2026-06-05,27.92,28.02,26.11,26.22,11489000
2026-06-08,26.46,26.52,25.65,25.86,9779500
2026-06-09,26.24,26.24,24.24,25.27,12687900
2026-06-10,24.36,24.97,23.52,23.66,13764900
2026-06-11,23.85,24.96,23.68,24.86,14530400
2026-06-12,25.2,25.66,24.67,25.58,9283300
2026-06-15,27.29,27.82,27.2,27.34,9919700
2026-06-16,27.66,28.18,27.31,27.99,6310500
2026-06-17,27.95,29.049999,27.26,27.28,11053700
2026-06-18,27.42,27.93,26.3,26.67,8083100
2026-06-22,26.1,26.52,25.86,26.3,8389900
2026-06-23,25.2,25.65,24.92,25.01,12803400
2026-06-24,23.81,24.31,23.3,23.7,17014000
2026-06-25,24.41,24.49,23.78,24.040001,7613300
2026-06-26,24.16,24.85,24.16,24.26,8948500
2026-06-29,23.85,23.95,23.45,23.78,7358500
2026-06-30,23.67,23.79,23.13,23.62,8269900
2026-07-01,23.46,24.45,23.33,23.47,5553000
2026-07-02,24.23,24.88,24.18,24.71,9189500
2026-07-06,24.81,25.12,24.26,24.72,7798100
2026-07-07,24.64,24.84,23.67,23.88,7754400
2026-07-08,23.3,23.53,22.58,23.059999,11394700
2026-07-09,23.51,24.24,23.27,24.2,9704200
2026-07-10,23.96,24.24,23.73,24.14,7750200
2026-07-13,23.79,23.95,23.19,23.48,7156300
2026-07-14,24.29,24.63,23.77,23.91,7278700
2026-07-15,24.049999,24.18,23.27,23.66,4877300
2026-07-16,23.09,23.3,22.73,22.92,7793100
2026-07-17,22.49,22.88,22.29,22.57,8569400
2026-07-20,22.57,22.81,22.39,22.53,8664700
2026-07-21,23.19,23.46,22.85,23.41,7081000
2026-07-22,23.98,24.695,23.95,24.24,5784643
