DateTime,Open,High,Low,Close,Volume
2015-01-02,69.77,70.82,69.72,70.059998,3146200
2015-01-05,69.73,70.089996,69.15,69.37,4845500
2015-01-06,69.92,70.91,69.2,69.72,5127400
2015-01-07,70.029999,70.53,68.45,69.23,9043000
2015-01-08,70.0,71.49,69.66,70.87,7472200
2015-01-09,70.029999,70.11,69.010002,69.93,8141700
2015-01-12,70.22,70.61,69.28,69.42,5797600
2015-01-13,70.07,70.8,68.81,69.38,3364800
2015-01-14,68.77,69.88,68.71,69.76,3376100
2015-01-15,70.44,71.27,69.73,69.74,4055000
2015-01-16,69.59,70.88,69.44,70.68,4263300
2015-01-20,70.87,72.099998,70.87,72.029999,6163300
2015-01-21,71.62,72.5,71.11,72.24,5195900
2015-01-22,72.69,72.69,71.64,72.46,4582800
2015-01-23,72.46,72.86,72.050003,72.13,2903200
2015-01-26,71.86,72.17,71.059998,72.11,3466600
2015-01-27,71.76,72.14,71.45,71.73,3661600
2015-01-28,72.11,72.38,70.76,70.97,3105200
2015-01-29,70.97,72.16,70.42,72.11,4416600
2015-01-30,73.019997,73.47,71.58,72.0,6720100
2015-02-02,71.87,72.0,70.23,71.69,6274500
2015-02-03,71.59,71.64,69.85,70.89,6811500
2015-02-04,70.23,70.49,69.77,70.22,5376400
2015-02-05,70.7,71.57,70.68,71.41,3847000
2015-02-06,71.16,71.39,70.24,70.36,3246000
2015-02-09,70.0,70.26,69.38,69.61,3771200
2015-02-10,70.11,70.56,69.89,70.5,6888000
2015-02-11,70.0,70.62,69.7,69.95,3456400
2015-02-12,70.19,70.55,69.83,70.53,3383500
2015-02-13,70.69,70.89,70.19,70.56,2691900
2015-02-17,70.41,71.63,70.3,71.56,3971600
2015-02-18,71.41,71.45,70.2,71.010002,3800000
2015-02-19,70.83,71.29,70.77,71.12,2337000
2015-02-20,70.97,71.96,70.27,71.88,3461700
2015-02-23,71.81,71.92,70.71,71.089996,3378600
2015-02-24,71.0,71.5,70.51,70.9,3158600
2015-02-25,70.87,70.87,70.050003,70.36,3029500
2015-02-26,70.17,70.31,69.54,70.029999,4544900
2015-02-27,69.95,70.5,69.91,70.17,3353200
2015-03-02,70.17,71.14,70.16,71.12,3815100
2015-03-03,71.12,71.15,70.089996,70.37,4137300
2015-03-04,70.010002,70.82,69.81,70.65,3005100
2015-03-05,70.74,71.089996,70.4,70.59,3465900
2015-03-06,70.26,70.26,68.31,68.41,5880800
2015-03-09,68.74,69.74,68.42,69.58,5848000
2015-03-10,69.12,69.43,68.55,68.78,3664900
2015-03-11,68.89,69.33,68.41,68.46,3424500
2015-03-12,68.75,69.63,68.54,69.56,2724000
2015-03-13,69.41,70.050003,69.14,69.89,3223800
2015-03-16,70.27,71.4,70.18,71.07,3922300
2015-03-17,70.71,71.26,70.33,70.84,2572500
2015-03-18,70.9,74.17,70.69,73.54,6436200
2015-03-19,73.26,74.58,72.59,74.22,7051200
2015-03-20,75.22,76.2,74.54,76.12,10713900
2015-03-23,76.019997,77.46,75.95,76.36,6284400
2015-03-24,76.27,76.7,75.36,75.56,5111600
2015-03-25,75.66,76.48,74.36,74.36,5431600
2015-03-26,74.0,74.35,73.42,73.44,4023500
2015-03-27,73.62,73.99,73.2,73.58,4171600
2015-03-30,74.0,74.2,73.67,73.87,3370700
2015-03-31,73.35,73.98,72.65,72.65,4348000
2015-04-01,72.92,72.97,71.07,71.53,5875800
2015-04-02,71.46,71.78,70.53,71.24,3781800
2015-04-06,71.13,71.71,70.84,71.31,3936900
2015-04-07,71.25,72.080002,71.18,71.7,3128100
2015-04-08,71.92,72.28,71.54,72.15,3215400
2015-04-09,72.22,72.56,71.9,72.36,2595800
2015-04-10,72.5,73.98,72.25,73.92,3956400
2015-04-13,73.28,73.64,73.11,73.52,4351500
2015-04-14,73.3,73.75,73.099998,73.46,3950600
2015-04-15,73.54,74.019997,73.3,73.71,4358700
2015-04-16,73.61,74.0,73.39,73.49,2880000
2015-04-17,73.010002,73.2,71.96,72.47,4386700
2015-04-20,73.0,73.26,72.3,72.41,2540400
2015-04-21,72.98,73.12,72.059998,72.21,4048400
2015-04-22,72.47,72.47,71.88,72.3,3506100
2015-04-23,72.88,72.94,71.07,72.4,5448700
2015-04-24,72.22,72.43,71.26,71.58,3816300
2015-04-27,71.93,72.17,70.63,70.89,5328400
2015-04-28,70.62,71.28,70.2,71.18,4557900
2015-04-29,71.86,72.82,71.84,72.28,6789600
2015-04-30,71.96,72.61,71.43,71.87,5479300
2015-05-01,72.26,73.33,71.25,73.12,6533400
2015-05-04,73.25,73.59,72.85,73.050003,4040700
2015-05-05,72.83,72.97,71.82,71.91,3735900
2015-05-06,71.97,72.28,71.54,72.050003,3567600
2015-05-07,71.75,72.29,71.72,71.82,3628100
2015-05-08,72.5,73.7,72.5,73.26,3713300
2015-05-11,73.26,73.99,73.19,73.47,2958600
2015-05-12,73.14,73.14,72.31,72.44,3152800
2015-05-13,72.76,73.23,72.49,72.8,2682100
2015-05-14,72.68,73.22,72.43,73.059998,3364300
2015-05-15,73.23,73.42,72.59,72.9,3464400
2015-05-18,73.050003,73.089996,72.62,72.94,2162000
2015-05-19,72.82,73.58,72.63,73.45,3548000
2015-05-20,73.45,73.69,73.18,73.36,1980300
2015-05-21,73.34,74.35,73.18,74.27,3288200
2015-05-22,74.050003,74.33,73.87,74.3,3023400
2015-05-26,73.96,74.37,73.82,74.31,4194600
2015-05-27,74.36,74.99,74.14,74.9,2901100
2015-05-28,74.8,76.48,74.74,76.41,4823600
2015-05-29,76.15,79.55,76.019997,78.9,11917000
2015-06-01,78.92,79.85,78.78,79.0,4866500
2015-06-02,78.76,78.76,77.51,77.95,4467700
2015-06-03,78.0,78.17,77.28,77.83,3270800
2015-06-04,77.34,78.6,77.33,77.68,3786500
2015-06-05,77.56,78.26,76.99,78.12,2788900
2015-06-08,77.98,78.85,77.83,78.52,6065900
2015-06-09,78.37,82.89,78.010002,82.77,10109100
2015-06-10,81.99,83.49,81.31,83.18,13169400
2015-06-11,83.11,87.24,83.080002,86.59,16740800
2015-06-12,85.89,86.0,83.089996,84.21,12630500
2015-06-15,83.57,84.61,83.089996,84.080002,5462700
2015-06-16,83.91,85.32,83.63,84.78,5694500
2015-06-17,84.68,84.68,83.010002,83.53,5968200
2015-06-18,83.89,84.37,82.75,83.040001,7251500
2015-06-19,82.47,83.21,82.32,82.63,6907000
2015-06-22,83.3,83.44,82.85,82.92,3537100
2015-06-23,83.75,83.75,82.45,82.67,3643500
2015-06-24,82.5,83.080002,82.26,82.26,4212100
2015-06-25,84.16,86.9,84.080002,84.8,9630100
2015-06-26,85.19,85.93,84.58,85.85,14369800
2015-06-29,85.35,85.58,83.73,83.78,4441900
2015-06-30,84.5,84.57,83.39,83.49,4261200
2015-07-01,83.8,84.96,83.6,84.85,3629100
2015-07-02,85.21,86.24,84.69,86.14,5128100
2015-07-06,85.31,86.44,85.25,86.35,5062900
2015-07-07,86.64,88.78,86.059998,88.73,6912300
2015-07-08,88.27,88.5,87.17,87.25,5330000
2015-07-09,88.0,88.31,86.9,87.48,4767600
2015-07-10,88.3,88.46,87.7,88.29,4471200
2015-07-13,89.14,90.18,88.67,88.82,5940500
2015-07-14,89.050003,89.099998,87.85,88.76,6028700
2015-07-15,87.79,88.17,86.099998,86.38,6615900
2015-07-16,86.8,87.46,86.58,87.17,5578000
2015-07-17,87.0,87.44,86.62,87.37,4430100
2015-07-20,87.7,87.92,87.27,87.87,4320500
2015-07-21,87.58,87.69,85.52,85.57,8065300
2015-07-22,83.32,86.8,81.5,86.38,12677800
2015-07-23,89.059998,89.87,85.62,86.76,5258500
2015-07-24,86.0,86.21,84.16,84.72,3460300
2015-07-27,84.5,84.61,83.34,84.15,5420600
2015-07-28,84.71,85.7,84.5,85.68,3027800
2015-07-29,85.91,85.99,84.71,85.089996,2711800
2015-07-30,84.26,84.97,83.98,84.54,3867800
2015-07-31,84.88,85.26,84.38,84.51,4113600
2015-08-03,84.81,85.0,83.53,84.14,4815500
2015-08-04,84.49,84.99,83.85,84.050003,2848200
2015-08-05,84.68,85.080002,83.97,84.73,3776800
2015-08-06,85.14,85.14,81.24,82.7,3866500
2015-08-07,82.5,82.69,80.65,82.27,4545300
2015-08-10,82.82,83.77,82.44,83.51,3211600
2015-08-11,82.81,83.75,82.73,83.54,3205600
2015-08-12,82.71,83.5,81.64,83.38,2826900
2015-08-13,83.2,83.75,82.89,83.029999,2253900
2015-08-14,82.91,83.95,82.79,83.91,2280200
2015-08-17,83.26,83.78,82.93,83.47,2814700
2015-08-18,83.83,83.99,83.23,83.39,2241400
2015-08-19,83.14,84.53,82.57,83.77,2651300
2015-08-20,86.86,88.95,85.81,87.33,10887700
2015-08-21,86.98,87.7,84.53,84.53,8320000
2015-08-24,81.6,82.96,79.5,80.73,8620700
2015-08-25,82.19,82.6,77.86,78.26,6439000
2015-08-26,79.88,81.3,77.77,81.099998,7217800
2015-08-27,81.79,84.040001,81.71,83.74,4703400
2015-08-28,83.74,84.0,82.77,83.19,4860800
2015-08-31,83.41,84.42,82.050003,82.35,3445300
2015-09-01,80.25,81.25,79.4,79.8,4300500
2015-09-02,80.71,81.83,80.3,81.81,3257900
2015-09-03,82.050003,82.86,81.34,81.6,3227700
2015-09-04,80.64,81.11,79.68,80.32,3416400
2015-09-08,81.46,82.98,81.26,82.88,2643600
2015-09-09,83.45,83.5,80.89,81.089996,2839600
2015-09-10,81.12,81.67,80.5,80.84,3667700
2015-09-11,80.65,81.85,78.74,81.8,3645900
2015-09-14,81.92,82.28,81.28,81.89,3197200
2015-09-15,82.43,83.36,82.11,82.96,3532600
2015-09-16,84.099998,84.53,82.61,84.45,3845000
2015-09-17,84.47,92.85,84.28,89.98,16918100
2015-09-18,90.7,91.45,88.38,88.49,11578000
2015-09-21,89.099998,89.81,87.11,87.59,6644100
2015-09-22,86.82,87.98,86.62,87.8,5059500
2015-09-23,88.0,88.42,86.58,86.69,4863300
2015-09-24,86.45,86.54,85.080002,85.35,5693500
2015-09-25,86.24,86.43,83.23,84.059998,5794900
2015-09-28,83.68,83.86,78.5,79.74,8295100
2015-09-29,80.37,82.2,79.19,80.28,7315200
2015-09-30,81.53,83.77,81.5,83.69,6780700
2015-10-01,83.6,85.32,83.4,85.18,5350400
2015-10-02,84.16,87.55,83.59,87.52,5616600
2015-10-05,88.080002,88.48,85.6,86.57,5297400
2015-10-06,86.39,86.51,82.080002,84.17,5521200
2015-10-07,84.3,84.85,82.4,83.99,5128000
2015-10-08,83.15,83.99,81.79,83.77,4595400
2015-10-09,85.33,86.57,85.0,86.14,5115100
2015-10-12,78.58,80.75,78.3,79.44,26477400
2015-10-13,79.79,81.25,79.54,79.62,10104700
2015-10-14,80.97,82.0,79.050003,79.25,9495500
2015-10-15,79.34,80.080002,78.81,79.86,6408600
2015-10-16,80.58,81.53,79.96,81.51,5519800
2015-10-19,81.13,81.3,79.47,80.25,5869900
2015-10-20,80.15,80.34,77.63,77.79,7458000
2015-10-21,78.23,78.38,75.92,77.010002,8955200
2015-10-22,77.22,77.84,75.16,76.98,10075500
2015-10-23,77.55,79.080002,77.27,78.31,5679200
2015-10-26,78.31,79.86,77.77,79.11,4755200
2015-10-27,79.5,80.95,79.5,80.91,4771600
2015-10-28,81.2,83.099998,80.39,83.07,5710300
2015-10-29,82.3,83.57,81.29,82.0,5158600
2015-10-30,82.080002,82.55,81.57,81.57,4044300
2015-11-02,81.14,82.18,80.81,82.040001,3473900
2015-11-03,82.23,82.54,81.13,81.67,4826100
2015-11-04,82.15,82.15,80.93,81.050003,3401900
2015-11-05,81.0,81.4,79.66,80.61,3787200
2015-11-06,80.3,80.59,78.44,80.46,6082600
2015-11-09,80.029999,80.29,78.58,79.36,4160200
2015-11-10,78.71,80.32,78.71,80.059998,3302600
2015-11-11,80.099998,81.28,79.97,80.7,3323400
2015-11-12,80.55,80.76,79.8,79.86,3647800
2015-11-13,79.66,80.27,79.18,79.55,3638600
2015-11-16,80.0,81.26,79.98,81.23,3318900
2015-11-17,80.93,82.43,80.63,81.3,3012100
2015-11-18,81.49,83.76,81.39,83.65,3916600
2015-11-19,83.2,83.88,82.73,83.72,3156100
2015-11-20,84.3,85.5,84.11,84.47,4251500
2015-11-23,84.5,84.92,84.12,84.74,4033100
2015-11-24,83.56,84.32,83.050003,83.88,3431100
2015-11-25,83.88,84.42,83.55,83.74,2529400
2015-11-27,83.77,84.25,83.6,83.65,1253800
2015-11-30,83.76,84.029999,82.040001,82.040001,6563300
2015-12-01,84.21,86.53,83.34,86.5,7368900
2015-12-02,86.26,86.73,84.42,84.56,4444800
2015-12-03,84.65,84.84,82.56,83.059998,3669800
2015-12-04,83.47,87.28,83.43,86.62,6987600
2015-12-07,87.45,88.16,85.89,86.38,4379000
2015-12-08,85.62,87.67,85.57,86.41,4761000
2015-12-09,86.019997,86.32,83.57,83.86,5479500
2015-12-10,84.23,85.51,83.36,84.91,3667200
2015-12-11,83.8,84.38,83.12,83.29,3738200
2015-12-14,83.36,84.71,82.97,84.68,5208700
2015-12-15,85.18,85.98,85.019997,85.52,3975500
2015-12-16,86.0,86.58,84.050003,86.29,2983600
2015-12-17,86.75,87.21,86.2,86.22,3928200
2015-12-18,85.57,85.98,84.77,84.77,5821300
2015-12-21,85.72,86.45,85.15,86.040001,3742400
2015-12-22,86.27,86.47,85.27,85.91,2446100
2015-12-23,86.36,86.87,86.13,86.2,2804200
2015-12-24,85.98,86.15,85.47,85.85,1486900
2015-12-28,85.58,85.7,84.89,85.49,2031100
2015-12-29,85.84,86.87,85.6,86.25,2097700
2015-12-30,86.45,87.099998,86.14,86.2,1969400
2015-12-31,85.72,85.75,84.080002,84.26,3178500
2016-01-04,83.4,83.6,81.79,82.87,6907300
2016-01-05,82.9,85.4,82.87,84.11,7475300
2016-01-06,82.69,84.88,82.5,83.58,6628400
2016-01-07,81.63,82.81,80.83,81.41,5833200
2016-01-08,81.67,82.49,81.040001,81.25,5880200
2016-01-11,81.3,81.92,78.83,80.27,4889300
2016-01-12,80.61,81.0,79.52,80.4,4329300
2016-01-13,80.74,80.82,79.089996,79.3,4628400
2016-01-14,79.28,82.73,78.62,82.54,8253700
2016-01-15,80.69,81.58,80.080002,81.24,6674300
2016-01-19,82.31,84.8,81.96,83.23,9162300
2016-01-20,81.85,83.47,80.41,82.62,8354400
2016-01-21,82.56,82.62,80.59,81.4,4930800
2016-01-22,82.4,83.16,81.91,82.48,3456300
2016-01-25,82.5,83.2,81.62,81.71,2632800
2016-01-26,81.75,82.17,80.91,81.96,4583400
2016-01-27,81.61,83.25,80.96,81.76,4341900
2016-01-28,81.87,82.49,76.54,76.81,10128700
2016-01-29,77.36,79.42,77.23,79.099998,7042500
2016-02-01,78.21,79.16,77.28,78.4,4056000
2016-02-02,77.66,78.3,76.089996,76.3,4804200
2016-02-03,76.46,77.55,74.18,76.089996,6966400
2016-02-04,75.95,76.53,73.44,74.28,6339500
2016-02-05,74.16,75.82,73.55,74.32,6312800
2016-02-08,73.55,74.58,72.83,74.19,4348800
2016-02-09,73.43,74.96,72.72,73.74,5160000
2016-02-10,73.73,74.87,72.98,73.07,4748700
2016-02-11,72.2,72.63,70.83,71.42,5425400
2016-02-12,71.57,71.73,70.43,71.27,6332600
2016-02-16,71.95,73.42,71.93,73.33,4811300
2016-02-17,74.010002,74.92,73.089996,74.68,4000300
2016-02-18,73.42,74.55,73.16,73.47,5620000
2016-02-19,72.69,73.07,72.2,72.61,6650800
2016-02-22,72.91,73.64,72.099998,73.010002,5672600
2016-02-23,73.099998,74.5,73.059998,73.47,4411200
2016-02-24,73.33,74.28,72.64,74.099998,3636100
2016-02-25,74.27,74.89,73.77,74.82,4306800
2016-02-26,75.42,75.79,73.41,73.6,4807700
2016-02-29,73.37,73.37,71.98,72.0,5730200
2016-03-01,72.63,72.81,71.86,72.74,4541700
2016-03-02,72.73,74.050003,72.44,74.019997,6738800
2016-03-03,73.8,73.89,72.58,73.25,4526500
2016-03-04,73.37,74.059998,72.9,73.6,3481600
2016-03-07,73.17,73.96,72.8,73.4,3443100
2016-03-08,72.94,74.55,72.89,73.0,3278900
2016-03-09,73.51,73.94,73.0,73.54,2372000
2016-03-10,74.0,74.21,72.43,73.019997,4419200
2016-03-11,73.47,74.95,73.19,74.65,3527200
2016-03-14,74.26,74.6,73.79,73.91,3201800
2016-03-15,71.65,72.0,69.6,71.24,13748200
2016-03-16,71.29,72.9,71.17,72.48,5287400
2016-03-17,72.23,72.35,67.88,69.059998,15421600
2016-03-18,69.2,71.050003,69.059998,70.95,10131700
2016-03-21,70.8,71.050003,69.84,70.25,5900100
2016-03-22,70.21,72.24,70.16,71.92,7655400
2016-03-23,72.17,72.23,70.91,71.17,3884400
2016-03-24,70.65,71.44,70.2,71.12,2892900
2016-03-28,71.35,71.47,70.38,70.62,2661900
2016-03-29,70.74,71.94,70.66,71.7,3814800
2016-03-30,71.98,72.33,71.07,71.78,3081000
2016-03-31,71.77,72.33,71.099998,72.010002,3680000
2016-04-01,71.6,73.7,71.53,73.42,4083600
2016-04-04,73.56,73.79,72.89,73.18,2796300
2016-04-05,72.78,73.65,72.48,73.040001,3591800
2016-04-06,72.8,75.059998,72.8,74.76,5669100
2016-04-07,74.51,75.16,73.85,74.59,3724100
2016-04-08,75.28,75.28,73.86,74.39,3224900
2016-04-11,74.48,74.74,73.8,73.95,3351100
2016-04-12,73.78,75.29,73.53,74.57,2849800
2016-04-13,74.73,75.24,74.080002,75.16,2341600
2016-04-14,75.3,75.83,74.8,75.63,3022100
2016-04-15,75.62,76.25,75.089996,75.53,3007500
2016-04-18,75.58,77.26,75.19,77.22,4088400
2016-04-19,77.58,78.5,76.64,77.25,3819600
2016-04-20,77.28,77.77,76.58,77.080002,4049400
2016-04-21,77.17,78.099998,76.91,77.37,3286600
2016-04-22,77.099998,77.94,76.93,77.83,2697200
2016-04-25,77.46,78.0,77.15,77.94,3767100
2016-04-26,76.62,78.3,76.089996,76.27,5347300
2016-04-27,76.52,77.16,75.82,76.51,3690900
2016-04-28,76.12,76.66,75.67,76.46,4383000
2016-04-29,76.51,76.51,75.099998,75.53,3386600
2016-05-02,75.95,77.080002,75.81,76.75,3571900
2016-05-03,76.34,76.65,75.59,76.25,3270700
2016-05-04,75.17,75.62,74.63,74.87,4176800
2016-05-05,74.72,75.39,74.55,75.27,3446400
2016-05-06,74.72,74.95,73.34,74.6,4196900
2016-05-09,74.78,75.9,74.76,75.59,2963200
2016-05-10,76.29,77.13,76.050003,76.88,4366000
2016-05-11,75.97,77.059998,75.84,76.31,3716300
2016-05-12,76.72,76.94,75.36,75.96,4081900
2016-05-13,75.82,77.050003,75.57,76.33,3629700
2016-05-16,75.98,78.47,75.84,78.29,4580100
2016-05-17,78.21,78.71,75.52,76.39,7153300
2016-05-18,76.4,76.85,75.61,76.33,4664900
2016-05-19,75.12,75.23,73.74,74.31,4848800
2016-05-20,74.79,75.54,74.68,74.81,4689200
2016-05-23,75.0,75.14,73.92,74.080002,4440500
2016-05-24,74.55,75.2,74.36,74.99,3711800
2016-05-25,75.49,75.5,74.45,74.54,4621700
2016-05-26,74.6,75.6,74.27,75.52,2654600
2016-05-27,75.52,75.72,74.67,74.99,3247500
2016-05-31,75.010002,75.63,74.71,75.029999,4438800
2016-06-01,74.9,75.44,74.68,74.94,2450200
2016-06-02,75.22,75.68,74.9,75.46,3231000
2016-06-03,75.5,75.6,74.25,75.12,5319000
2016-06-06,75.11,75.5,74.2,74.84,3253800
2016-06-07,74.62,75.050003,74.51,74.7,2902900
2016-06-08,74.66,75.089996,74.4,74.91,3194900
2016-06-09,74.77,75.54,74.24,74.43,2760500
2016-06-10,74.089996,74.19,73.17,73.95,4124200
2016-06-13,74.080002,74.97,73.67,73.86,3767000
2016-06-14,73.54,74.37,73.059998,74.32,3691900
2016-06-15,74.73,74.89,73.61,73.71,3408900
2016-06-16,73.47,74.47,72.95,74.25,4788700
2016-06-17,74.65,75.080002,73.47,73.86,6604900
2016-06-20,74.45,74.7,73.22,73.28,3640100
2016-06-21,73.7,73.8,72.53,72.57,5999200
2016-06-22,72.5,73.91,72.5,73.07,4410800
2016-06-23,73.59,73.94,73.2,73.94,2989700
2016-06-24,72.45,75.12,71.87,74.33,10471300
2016-06-27,74.059998,75.07,73.2,74.89,7657800
2016-06-28,75.13,76.25,73.75,75.15,8012300
2016-06-29,75.88,78.24,75.87,78.15,7123700
2016-06-30,78.2,78.81,77.46,78.75,4017200
2016-07-01,78.89,79.33,78.37,78.95,2909600
2016-07-05,78.81,79.9,78.75,79.64,3286600
2016-07-06,79.32,80.4,79.099998,80.019997,4669800
2016-07-07,79.83,80.050003,78.65,79.32,3587300
2016-07-08,79.32,79.9,78.93,79.66,3134900
2016-07-11,79.54,79.77,78.95,79.14,3461400
2016-07-12,79.63,79.84,78.97,79.67,4430000
2016-07-13,79.91,80.029999,79.33,79.36,2917200
2016-07-14,79.5,80.69,79.4,80.59,3823800
2016-07-15,80.98,81.0,79.94,80.22,4529100
2016-07-18,80.37,80.59,79.86,79.95,3087600
2016-07-19,79.85,80.25,79.58,79.97,3303700
2016-07-20,80.27,80.52,79.99,80.28,2811100
2016-07-21,80.2,80.6,80.019997,80.4,2685900
2016-07-22,80.4,81.71,80.28,81.59,4315900
2016-07-25,81.59,82.0,81.0,81.98,4180100
2016-07-26,82.75,83.35,81.63,82.089996,5134900
2016-07-27,82.25,83.59,82.15,83.4,4057200
2016-07-28,83.25,83.39,81.95,82.93,4862000
2016-07-29,83.07,83.45,82.64,82.89,3016200
2016-08-01,83.019997,83.79,82.94,83.18,3131100
2016-08-02,83.14,83.7,82.57,83.32,3340100
2016-08-03,83.42,83.42,82.36,82.72,2940900
2016-08-04,83.019997,83.019997,82.37,82.42,2093800
2016-08-05,82.42,82.52,81.040001,81.56,5886900
2016-08-08,81.44,81.85,80.46,81.6,4227300
2016-08-09,81.75,82.14,80.7,81.5,2242800
2016-08-10,80.12,81.16,79.67,80.55,4956700
2016-08-11,79.98,80.67,79.98,80.56,2408000
2016-08-12,80.19,80.72,79.9,80.22,2525000
2016-08-15,80.33,80.62,80.07,80.26,2780400
2016-08-16,80.25,80.4,79.84,79.84,2158700
2016-08-17,80.16,80.35,79.58,80.11,2519500
2016-08-18,80.099998,80.38,79.49,79.78,3037200
2016-08-19,79.55,79.79,78.78,79.059998,3745500
2016-08-22,79.32,79.9,79.019997,79.29,3157000
2016-08-23,79.68,79.97,79.44,79.57,3406900
2016-08-24,79.7,79.99,78.18,78.44,3423000
2016-08-25,78.44,79.17,77.8,78.010002,2800500
2016-08-26,78.050003,78.82,77.84,78.24,2602300
2016-08-29,78.33,78.74,78.050003,78.6,2203300
2016-08-30,78.6,78.6,77.63,77.77,2025700
2016-08-31,77.89,78.089996,77.53,77.75,2182600
2016-09-01,77.75,78.0,76.8,77.23,3544700
2016-09-02,77.52,77.63,76.45,76.85,3943400
2016-09-06,77.12,78.7,77.12,78.51,5528600
2016-09-07,78.49,78.89,78.26,78.59,2971400
2016-09-08,80.029999,80.17,79.41,79.89,4405400
2016-09-09,79.62,79.62,78.2,78.24,4152500
2016-09-12,77.99,79.29,77.81,79.080002,3288900
2016-09-13,78.87,78.87,77.99,78.48,3149000
2016-09-14,78.67,79.24,78.019997,78.29,2660900
2016-09-15,78.12,79.059998,77.77,78.82,2652300
2016-09-16,78.7,78.91,78.17,78.8,4255100
2016-09-19,78.79,79.37,78.49,79.16,3321500
2016-09-20,79.63,80.35,79.29,79.88,3629400
2016-09-21,79.8,81.0,79.68,80.87,3147600
2016-09-22,81.050003,81.46,80.73,81.29,2639800
2016-09-23,80.97,81.46,80.77,81.16,2197700
2016-09-26,81.0,81.15,79.5,79.52,4332800
2016-09-27,80.62,80.93,79.61,80.88,6888900
2016-09-28,80.84,81.17,80.019997,80.71,2467800
2016-09-29,80.35,80.47,79.23,79.74,3269200
2016-09-30,80.099998,80.65,80.029999,80.26,3623000
2016-10-03,80.0,81.07,79.69,81.0,3983500
2016-10-04,81.059998,81.41,80.68,81.11,3184100
2016-10-05,81.35,82.089996,81.23,81.75,3560400
2016-10-06,81.25,81.78,80.73,81.47,2994200
2016-10-07,81.57,82.31,81.3,82.089996,4241400
2016-10-10,82.13,83.24,82.099998,83.059998,4608400
2016-10-11,82.6,82.85,81.25,81.81,4218200
2016-10-12,81.81,82.22,80.46,80.51,3629800
2016-10-13,79.93,80.49,79.6,80.0,3565000
2016-10-14,80.17,80.32,79.21,79.27,3143900
2016-10-17,79.53,79.53,78.010002,78.53,3884700
2016-10-18,79.089996,79.15,78.5,78.77,3218300
2016-10-19,78.96,79.33,78.53,78.56,2988500
2016-10-20,78.73,79.11,78.39,78.74,2661900
2016-10-21,78.54,78.78,78.080002,78.25,3215000
2016-10-24,78.49,78.69,77.44,77.57,4363200
2016-10-25,76.88,78.28,75.5,77.75,8496000
2016-10-26,77.42,77.65,76.37,76.76,2988700
2016-10-27,77.36,77.42,76.13,76.16,3789900
2016-10-28,75.62,75.68,73.86,74.53,5651500
2016-10-31,74.63,74.74,73.8,73.84,3562100
2016-11-01,73.81,73.98,71.85,72.98,8190500
2016-11-02,73.15,73.49,72.64,72.65,4433900
2016-11-03,72.81,73.28,71.88,72.11,4843200
2016-11-04,72.12,73.029999,71.67,72.49,3617200
2016-11-07,73.22,73.93,73.050003,73.88,4969400
2016-11-08,73.57,74.47,73.36,74.019997,2690800
2016-11-09,77.15,79.3,76.58,78.39,7332700
2016-11-10,78.96,79.7,78.0,78.34,6904800
2016-11-11,77.97,78.089996,76.79,77.67,3072700
2016-11-14,78.010002,78.24,76.69,77.019997,3221700
2016-11-15,77.43,77.54,76.18,77.32,3097600
2016-11-16,77.52,77.52,76.82,76.94,1922300
2016-11-17,77.0,77.81,76.73,77.71,4519200
2016-11-18,77.58,77.92,76.52,76.67,4571600
2016-11-21,76.8,77.040001,76.099998,76.64,4060300
2016-11-22,77.81,77.81,75.5,75.99,5208800
2016-11-23,64.34,68.43,64.18,68.0,53877200
2016-11-25,68.53,69.14,67.78,69.12,8620700
2016-11-28,68.43,68.43,67.099998,67.2,12507700
2016-11-29,67.57,67.64,66.48,67.15,8930000
2016-11-30,67.3,67.82,66.81,67.12,9085300
2016-12-01,67.29,67.3,65.66,65.97,7168100
2016-12-02,66.3,68.39,65.96,67.71,12272200
2016-12-05,68.16,68.31,66.74,67.26,7286000
2016-12-06,67.2,67.93,67.13,67.8,4617200
2016-12-07,67.25,67.38,66.56,67.38,5835900
2016-12-08,67.050003,67.27,66.39,67.19,4811400
2016-12-09,67.38,68.17,67.22,67.85,4350800
2016-12-12,67.98,68.54,67.42,67.61,5273700
2016-12-13,67.99,68.89,67.99,68.64,6010900
2016-12-14,68.42,68.92,67.54,67.67,6140300
2016-12-15,70.37,71.59,69.66,71.37,14320800
2016-12-16,72.86,73.71,71.76,73.31,17584700
2016-12-19,73.48,74.49,73.3,73.42,6102400
2016-12-20,73.65,74.099998,73.0,73.38,6001500
2016-12-21,73.33,73.89,73.099998,73.25,5054100
2016-12-22,73.16,73.48,72.68,73.26,4827500
2016-12-23,73.48,74.0,73.26,73.79,2570100
2016-12-27,74.059998,74.46,73.68,73.81,2786700
2016-12-28,73.66,73.78,72.97,73.059998,3256800
2016-12-29,73.39,73.87,73.24,73.56,3031600
2016-12-30,73.47,73.75,73.23,73.55,2933900
2017-01-03,73.94,74.67,73.54,74.6,3622700
2017-01-04,74.95,75.0,74.38,74.72,3021600
2017-01-05,74.93,77.87,74.43,75.59,3310800
2017-01-06,75.46,76.07,75.029999,75.67,2296500
2017-01-09,75.67,76.62,75.51,76.27,3204100
2017-01-10,76.44,76.56,75.81,76.27,3559400
2017-01-11,76.51,76.92,74.0,75.26,7701700
2017-01-12,74.85,77.5,74.76,77.15,11900700
2017-01-13,76.92,78.12,76.38,77.4,5602600
2017-01-17,77.059998,77.059998,75.87,76.85,4913300
2017-01-18,77.32,77.71,76.88,77.53,3360300
2017-01-19,77.47,77.62,76.76,76.84,4439200
2017-01-20,77.019997,77.41,76.47,76.81,4371200
2017-01-23,76.24,76.88,76.16,76.32,5055100
2017-01-24,76.2,76.43,74.17,74.85,6594300
2017-01-25,75.12,75.6,74.27,74.85,4830800
2017-01-26,74.98,75.35,74.54,74.58,3748000
2017-01-27,74.92,75.4,74.51,75.38,3132800
2017-01-30,75.089996,75.18,74.25,74.7,5909600
2017-01-31,74.25,77.28,74.0,77.029999,6964100
2017-02-01,77.89,78.57,76.91,77.6,4959200
2017-02-02,76.99,77.91,76.55,77.39,3830900
2017-02-03,77.47,77.88,76.71,77.23,3836300
2017-02-06,76.92,77.85,76.76,77.83,2835500
2017-02-07,77.68,78.010002,77.32,77.7,3346800
2017-02-08,77.44,78.65,77.19,78.11,2820800
2017-02-09,78.11,78.59,77.69,77.7,2962600
2017-02-10,77.87,78.25,77.6,77.79,2598600
2017-02-13,77.57,78.059998,77.53,77.77,2097500
2017-02-14,77.5,78.83,77.25,78.81,3311200
2017-02-15,78.34,80.54,78.050003,80.25,4272800
2017-02-16,80.050003,80.38,79.41,80.040001,3629600
2017-02-17,80.14,81.0,80.07,80.39,3111100
2017-02-21,80.17,80.87,80.11,80.36,3178800
2017-02-22,80.42,81.21,80.33,81.07,3468800
2017-02-23,81.38,82.88,81.14,82.55,6193500
2017-02-24,82.42,83.24,82.24,82.87,4016000
2017-02-27,82.83,83.4,82.66,83.059998,3104200
2017-02-28,82.82,83.48,82.58,82.81,3672000
2017-03-01,83.44,84.14,82.97,83.85,3420600
2017-03-02,83.87,83.95,82.84,82.91,3371600
2017-03-03,82.7,83.9,82.6,83.78,2649100
2017-03-06,83.25,84.28,82.95,83.83,3960100
2017-03-07,82.95,83.14,81.37,82.74,5570600
2017-03-08,82.74,83.99,82.67,83.41,4491800
2017-03-09,83.67,84.77,83.51,84.55,5861600
2017-03-10,84.5,84.55,83.9,84.36,3629400
2017-03-13,84.51,84.55,83.83,84.14,2248500
2017-03-14,84.0,84.55,83.92,84.46,2839100
2017-03-15,84.43,86.14,84.37,85.88,4883900
2017-03-16,85.54,85.54,83.8,84.99,4742800
2017-03-17,84.44,84.75,83.83,83.96,5786900
2017-03-20,84.6,84.86,83.97,84.059998,3121900
2017-03-21,84.34,84.95,83.63,83.73,4066200
2017-03-22,84.089996,84.55,83.47,84.36,2850300
2017-03-23,83.92,85.050003,83.92,84.42,3021100
2017-03-24,84.3,84.98,83.86,84.18,2479100
2017-03-27,83.9,84.44,83.74,84.24,2340300
2017-03-28,84.27,85.0,84.040001,84.75,2755000
2017-03-29,84.55,84.76,84.32,84.44,2066600
2017-03-30,84.57,84.95,84.080002,84.76,3204100
2017-03-31,84.4,84.94,84.080002,84.11,3151900
2017-04-03,84.13,84.81,84.07,84.45,2429900
2017-04-04,84.53,86.39,84.29,86.089996,4624600
2017-04-05,85.92,86.72,85.57,85.63,4056300
2017-04-06,85.47,85.9,85.12,85.36,2684600
2017-04-07,85.34,85.66,84.91,85.32,2808500
2017-04-10,85.46,85.85,85.23,85.47,1994900
2017-04-11,85.47,86.14,85.32,85.93,2699200
2017-04-12,85.74,86.34,85.67,86.25,2545100
2017-04-13,86.029999,86.32,85.78,85.88,2172500
2017-04-17,81.3,82.99,81.11,82.38,12424500
2017-04-18,81.91,82.099998,80.89,81.2,8210800
2017-04-19,81.12,81.71,79.88,80.89,5504500
2017-04-20,81.19,82.2,80.75,81.94,3267200
2017-04-21,81.82,82.24,81.67,81.89,3204000
2017-04-24,82.82,83.73,82.72,83.42,4813600
2017-04-25,82.71,82.71,80.5,81.2,9221100
2017-04-26,81.34,81.71,80.93,80.96,4421700
2017-04-27,80.97,81.6,80.69,81.33,3219200
2017-04-28,81.37,82.25,81.2,82.059998,3161800
2017-05-01,82.089996,82.22,81.75,81.82,2397200
2017-05-02,81.98,81.98,81.5,81.7,3626500
2017-05-03,81.26,81.56,81.24,81.25,3373200
2017-05-04,81.35,83.099998,81.29,83.040001,3567100
2017-05-05,83.059998,83.11,82.07,82.51,3135600
2017-05-08,82.36,82.41,80.36,80.67,4712900
2017-05-09,80.82,80.94,80.35,80.79,3988100
2017-05-10,80.84,81.11,80.19,81.050003,4018500
2017-05-11,80.72,81.0,79.91,80.22,3920500
2017-05-12,80.33,80.61,79.74,80.19,2935200
2017-05-15,80.19,80.49,79.43,80.3,2559100
2017-05-16,80.23,80.3,78.4,78.99,7170100
2017-05-17,78.99,79.029999,77.92,78.14,4486000
2017-05-18,78.57,78.94,78.040001,78.3,2928200
2017-05-19,78.5,78.71,77.73,77.8,5091800
2017-05-22,77.9,78.010002,76.85,76.98,6936500
2017-05-23,77.19,78.36,77.019997,77.99,5884800
2017-05-24,77.99,78.28,77.8,77.96,2253800
2017-05-25,78.31,78.46,77.76,78.34,1736700
2017-05-26,78.12,78.35,77.72,78.050003,2238900
2017-05-30,77.95,78.67,77.75,78.35,3244900
2017-05-31,78.48,79.91,78.48,79.57,5163900
2017-06-01,79.6,80.23,79.38,79.99,3093100
2017-06-02,80.47,81.059998,79.9,80.13,4005700
2017-06-05,80.0,80.07,78.98,79.35,2814800
2017-06-06,79.41,79.46,78.75,79.089996,2688000
2017-06-07,79.16,79.54,79.089996,79.39,2899900
2017-06-08,79.39,80.46,79.34,80.099998,4610400
2017-06-09,80.099998,81.19,79.7,81.040001,4599300
2017-06-12,80.96,81.29,80.84,80.9,2842400
2017-06-13,81.21,81.29,80.24,81.25,4492900
2017-06-14,80.9,81.61,80.77,81.6,4025600
2017-06-15,81.39,82.15,80.96,82.050003,3484800
2017-06-16,82.24,82.56,81.66,81.88,4903200
2017-06-19,82.019997,82.76,81.87,82.34,2538000
2017-06-20,82.22,83.68,82.22,82.75,3694700
2017-06-21,83.099998,83.41,82.38,82.64,3781400
2017-06-22,82.84,84.76,82.84,84.31,4891600
2017-06-23,84.12,84.34,83.71,83.89,3928000
2017-06-26,84.089996,84.45,83.66,84.28,2952800
2017-06-27,84.18,84.33,83.040001,83.040001,2365800
2017-06-28,83.45,83.92,82.9,83.099998,3035300
2017-06-29,83.089996,83.22,82.31,82.7,2366800
2017-06-30,82.97,83.13,82.0,82.3,5713900
2017-07-03,82.41,82.91,82.32,82.7,1464700
2017-07-05,82.63,82.76,82.029999,82.7,2263600
2017-07-06,82.32,82.57,81.37,81.6,3391000
2017-07-07,81.62,82.35,81.43,82.29,1803700
2017-07-10,82.33,82.57,81.89,82.28,2269700
2017-07-11,82.39,82.84,81.88,82.35,2708900
2017-07-12,82.73,84.019997,82.61,83.5,3527000
2017-07-13,83.56,84.23,83.16,84.019997,2944100
2017-07-14,84.11,84.58,83.81,84.35,2005700
2017-07-17,84.31,84.53,83.42,83.64,1989100
2017-07-18,83.51,83.77,83.22,83.7,1704500
2017-07-19,83.52,84.28,83.52,84.23,2297400
2017-07-20,84.53,85.12,84.41,84.75,2980600
2017-07-21,84.62,84.96,84.31,84.66,3064400
2017-07-24,84.66,85.53,84.51,84.74,3952200
2017-07-25,83.74,84.4,80.77,82.19,13319900
2017-07-26,81.57,81.88,81.040001,81.84,7030500
2017-07-27,81.76,83.050003,81.46,83.019997,5577400
2017-07-28,82.87,83.22,82.5,83.099998,3820100
2017-07-31,83.34,83.76,82.63,82.66,4083000
2017-08-01,82.86,83.15,82.12,82.37,3439400
2017-08-02,82.059998,82.17,81.07,81.82,4574400
2017-08-03,81.58,82.28,81.5,81.93,3688300
2017-08-04,81.9,82.32,81.76,82.31,2802600
2017-08-07,82.31,82.4,81.72,82.07,2769700
2017-08-08,81.87,82.72,81.63,81.97,3292600
2017-08-09,82.13,82.74,81.97,82.57,2392100
2017-08-10,82.54,82.54,81.66,82.050003,3367500
2017-08-11,81.8,81.97,81.12,81.15,2446400
2017-08-14,81.34,81.68,81.18,81.49,1879600
2017-08-15,81.5,82.34,81.5,81.71,1949500
2017-08-16,82.14,82.2,80.019997,80.69,3970500
2017-08-17,80.4,80.57,77.7,77.8,7318200
2017-08-18,77.7,77.7,76.94,77.07,4061300
2017-08-21,77.12,77.64,76.89,77.38,3638100
2017-08-22,77.53,78.65,77.53,78.26,2131900
2017-08-23,78.2,78.52,78.050003,78.15,1801500
2017-08-24,78.33,79.24,78.26,78.86,4188400
2017-08-25,78.96,79.53,78.74,78.79,2171500
2017-08-28,79.099998,79.43,78.63,78.84,1923200
2017-08-29,78.54,78.84,78.12,78.55,2154300
2017-08-30,79.099998,80.77,78.75,80.49,5036900
2017-08-31,80.77,81.35,80.34,81.29,3939500
2017-09-01,81.54,81.71,79.43,80.080002,4345000
2017-09-05,79.47,80.050003,79.050003,79.82,3384000
2017-09-06,80.21,80.67,79.86,80.51,2689200
2017-09-07,80.62,82.75,80.37,81.54,6249300
2017-09-08,81.61,83.12,81.54,82.92,3961300
2017-09-11,82.94,83.35,81.77,82.63,4389200
2017-09-12,82.6,82.73,81.93,82.17,2566400
2017-09-13,81.96,82.58,81.88,82.43,2454900
2017-09-14,82.33,83.99,82.12,83.07,3370300
2017-09-15,83.3,83.57,82.18,82.44,5374500
2017-09-18,82.55,82.67,82.07,82.52,2200000
2017-09-19,82.64,82.84,81.55,81.73,2259200
2017-09-20,82.059998,82.42,81.39,82.019997,2849900
2017-09-21,82.010002,83.7,81.88,83.33,4426700
2017-09-22,83.34,84.029999,82.74,83.91,3148700
2017-09-25,83.87,84.65,83.8,84.64,4223800
2017-09-26,84.43,85.13,84.010002,84.22,2347200
2017-09-27,84.34,84.8,83.97,84.65,3085200
2017-09-28,84.59,85.58,84.15,85.0,2841000
2017-09-29,85.17,85.61,84.39,85.54,3506100
2017-10-02,85.78,86.68,85.74,86.35,3071100
2017-10-03,86.24,86.56,85.93,86.45,2128800
2017-10-04,86.5,87.16,86.28,86.96,2317700
2017-10-05,86.77,89.089996,86.39,87.65,5221000
2017-10-06,87.31,87.49,86.64,87.080002,2297200
2017-10-09,87.14,87.28,86.46,87.050003,1701400
2017-10-10,85.38,86.7,85.25,86.16,4943700
2017-10-11,86.35,86.66,85.45,86.059998,3433200
2017-10-12,86.099998,86.45,85.91,86.43,1941100
2017-10-13,86.4,86.7,85.71,86.55,3026500
2017-10-16,86.48,86.74,85.78,85.95,3800700
2017-10-17,85.94,86.5,85.42,86.059998,3643700
2017-10-18,86.33,86.56,85.52,85.73,4002200
2017-10-19,85.69,86.38,85.51,86.36,3233400
2017-10-20,86.52,87.38,86.33,87.23,3223200
2017-10-23,87.47,88.19,87.12,87.18,4909800
2017-10-24,87.42,88.33,83.75,85.17,8696100
2017-10-25,85.91,86.37,84.68,84.85,3916000
2017-10-26,84.67,85.11,83.83,84.16,3820700
2017-10-27,84.07,84.81,83.59,83.86,2892900
2017-10-30,83.76,83.76,82.43,82.65,4667200
2017-10-31,82.76,83.099998,81.72,81.94,3853300
2017-11-01,82.17,83.82,82.0,82.89,3309300
2017-11-02,82.55,83.92,82.31,83.13,2716100
2017-11-03,82.71,83.59,82.66,83.51,1534800
2017-11-06,83.29,83.43,82.92,82.94,1861700
2017-11-07,83.040001,83.42,82.77,83.28,2851900
2017-11-08,83.0,84.39,83.0,84.010002,2328700
2017-11-09,83.82,84.26,83.63,83.99,2098600
2017-11-10,83.67,83.87,82.57,83.29,2692500
2017-11-13,83.33,83.33,82.53,82.86,2478700
2017-11-14,82.69,83.11,82.21,82.49,2684800
2017-11-15,82.51,83.14,81.42,82.19,1838100
2017-11-16,82.41,83.63,81.84,83.44,2599700
2017-11-17,83.0,83.48,82.8,82.89,4097800
2017-11-20,83.089996,83.32,82.82,83.18,2205900
2017-11-21,83.65,84.53,83.37,83.51,3529900
2017-11-22,83.67,84.26,83.48,83.68,2230900
2017-11-24,83.87,84.17,83.58,84.029999,817600
2017-11-27,84.15,85.25,84.029999,84.81,2980900
2017-11-28,85.07,85.36,84.74,85.050003,2659400
2017-11-29,84.79,85.24,84.45,84.96,2316000
2017-11-30,85.25,85.48,84.32,84.64,5002100
2017-12-01,84.98,85.41,84.18,85.32,2736300
2017-12-04,85.49,86.78,85.36,85.58,4228300
2017-12-05,85.59,86.58,85.21,86.059998,3876800
2017-12-06,86.040001,86.39,84.53,85.32,3130900
2017-12-07,85.21,85.87,84.65,85.87,4344900
2017-12-08,85.66,86.46,85.47,86.45,3777100
2017-12-11,86.61,86.84,86.07,86.67,3336800
2017-12-12,86.49,86.9,85.99,86.71,4252500
2017-12-13,86.41,89.089996,86.34,87.89,5786800
2017-12-14,88.22,88.33,86.12,86.5,4388400
2017-12-15,86.89,87.61,86.27,86.54,7346400
2017-12-18,86.76,87.45,85.99,86.080002,3796000
2017-12-19,86.040001,86.77,85.85,86.71,4027600
2017-12-20,86.68,86.94,85.64,85.74,3016900
2017-12-21,86.029999,86.18,85.44,85.61,2024300
2017-12-22,85.6,85.78,84.75,85.07,1834800
2017-12-26,85.29,85.43,84.96,84.99,1099900
2017-12-27,85.19,85.46,84.98,85.14,1332800
2017-12-28,85.3,85.44,84.89,85.050003,1731700
2017-12-29,85.12,85.44,84.46,84.46,2563800
2018-01-02,84.46,85.0,84.059998,84.68,3456700
2018-01-03,84.74,85.42,84.27,85.14,3078400
2018-01-04,85.28,85.8,84.74,85.52,2462500
2018-01-05,86.089996,86.75,85.93,86.57,2946300
2018-01-08,86.69,86.71,85.4,86.13,3251400
2018-01-09,86.2,86.42,85.74,86.059998,2426000
2018-01-10,85.61,86.17,85.49,86.099998,1674600
2018-01-11,86.17,86.59,85.87,86.39,2647500
2018-01-12,86.52,87.41,86.029999,86.98,2728900
2018-01-16,85.93,86.59,85.15,85.29,4878300
2018-01-17,85.8,86.36,85.47,86.21,4083300
2018-01-18,86.040001,86.14,85.27,85.82,4445800
2018-01-19,86.17,86.28,85.32,85.49,5826900
2018-01-22,83.25,85.57,82.4,85.44,6374000
2018-01-23,85.18,85.92,84.24,84.42,5728100
2018-01-24,84.86,85.16,84.28,84.3,5977700
2018-01-25,84.81,85.4,84.56,85.010002,5201600
2018-01-26,84.76,87.47,84.76,87.080002,6394100
2018-01-29,86.77,88.33,86.65,87.6,5324500
2018-01-30,86.64,86.94,85.21,86.089996,5388400
2018-01-31,86.5,86.73,81.27,81.45,10558500
2018-02-01,81.54,82.87,81.29,82.41,8410700
2018-02-02,81.88,83.029999,81.12,81.18,5152500
2018-02-05,80.89,81.61,76.55,77.49,8145200
2018-02-06,76.56,79.11,75.71,77.99,10558800
2018-02-07,77.76,78.56,76.71,76.72,8240300
2018-02-08,77.19,77.65,74.19,74.21,8059600
2018-02-09,75.059998,76.82,73.69,76.23,8939700
2018-02-12,76.68,77.099998,75.2,76.25,6454200
2018-02-13,76.019997,76.59,75.75,76.21,4041200
2018-02-14,75.41,77.19,75.34,77.029999,4361100
2018-02-15,77.75,78.15,77.029999,78.019997,4810700
2018-02-16,77.95,79.65,77.91,78.97,4699600
2018-02-20,78.18,78.7,77.18,77.55,3195000
2018-02-21,77.59,78.75,77.55,77.55,3871100
2018-02-22,77.19,78.089996,76.52,77.19,7687400
2018-02-23,77.73,78.86,77.64,78.75,5170300
2018-02-26,78.99,80.47,78.97,80.18,6015900
2018-02-27,80.15,80.21,78.69,78.7,4860400
2018-02-28,78.78,79.18,77.010002,77.019997,6123400
2018-03-01,77.059998,77.37,75.53,76.5,6258400
2018-03-02,76.38,77.6,76.32,77.23,3216700
2018-03-05,76.9,78.080002,76.71,77.7,3816600
2018-03-06,77.86,78.0,76.88,77.19,2962700
2018-03-07,76.58,77.61,76.54,77.44,2266500
2018-03-08,77.65,79.019997,77.47,78.89,3497200
2018-03-09,79.28,79.96,78.88,79.61,4399500
2018-03-12,79.83,79.97,78.61,79.040001,5059600
2018-03-13,79.080002,79.87,78.77,79.15,4863200
2018-03-14,79.39,79.56,78.019997,78.49,3167900
2018-03-15,78.58,79.86,78.46,78.75,3910100
2018-03-16,79.2,80.49,79.12,80.49,8326300
2018-03-19,80.12,80.2,78.16,78.73,5117000
2018-03-20,79.040001,79.2,77.85,78.37,3943800
2018-03-21,78.46,79.0,78.029999,78.24,4052000
2018-03-22,77.56,78.010002,76.41,76.53,3816900
2018-03-23,76.77,76.8,74.51,74.76,4298100
2018-03-26,75.61,76.23,74.65,76.18,3488700
2018-03-27,76.089996,76.6,75.14,75.66,4070600
2018-03-28,76.059998,77.66,76.040001,77.010002,4257500
2018-03-29,77.46,77.8,76.61,77.37,3424000
2018-04-02,76.88,77.31,75.4,75.7,6282600
2018-04-03,76.25,77.6,75.86,77.54,3610600
2018-04-04,76.82,78.82,76.71,78.6,3022200
2018-04-05,78.52,78.85,78.089996,78.62,2213100
2018-04-06,78.18,78.25,76.3,76.85,4012800
2018-04-09,77.27,78.35,76.33,77.34,5377500
2018-04-10,78.089996,79.68,78.07,79.22,3657200
2018-04-11,78.35,78.9,78.12,78.73,2830000
2018-04-12,79.19,79.68,78.81,79.29,2121100
2018-04-13,79.88,80.45,79.24,79.72,2652400
2018-04-16,80.46,80.75,79.67,80.12,2743000
2018-04-17,80.57,80.64,79.49,79.92,3782400
2018-04-18,79.96,80.24,79.59,79.72,4261000
2018-04-19,78.96,79.75,78.55,79.75,4989400
2018-04-20,79.64,79.91,78.82,79.059998,5424100
2018-04-23,79.43,80.29,79.17,80.2,4015900
2018-04-24,81.17,81.5,78.92,80.089996,6394900
2018-04-25,80.27,82.32,80.010002,81.14,5379000
2018-04-26,81.42,83.56,81.42,82.55,5058700
2018-04-27,82.5,83.24,82.38,82.73,3209600
2018-04-30,83.089996,83.21,81.059998,81.07,5483500
2018-05-01,80.68,80.93,78.69,79.07,6306100
2018-05-02,78.68,79.39,78.46,78.83,5166300
2018-05-03,78.65,78.7,77.44,78.040001,4469300
2018-05-04,77.42,78.62,77.089996,78.4,3367500
2018-05-07,78.41,79.26,78.23,78.63,3722600
2018-05-08,78.48,78.9,78.17,78.88,4591700
2018-05-09,78.96,79.65,78.45,79.27,3325200
2018-05-10,79.46,81.17,79.41,80.86,3718400
2018-05-11,81.15,82.45,81.019997,82.45,4393800
2018-05-14,82.6,83.32,82.5,83.07,4739700
2018-05-15,82.72,82.94,81.83,82.21,3662700
2018-05-16,81.8,81.95,80.96,81.18,3614500
2018-05-17,81.040001,81.84,81.029999,81.66,2808400
2018-05-18,81.49,82.29,81.49,82.07,4002300
2018-05-21,82.29,82.54,81.67,81.83,2505900
2018-05-22,82.14,82.89,81.81,82.22,2620700
2018-05-23,81.71,82.92,81.61,82.68,2516900
2018-05-24,82.71,82.79,82.099998,82.71,2481800
2018-05-25,82.79,83.47,82.59,82.77,2338100
2018-05-29,82.11,82.62,81.65,82.44,3459300
2018-05-30,82.92,84.019997,82.91,83.86,3475400
2018-05-31,83.88,85.11,83.68,85.040001,9526400
2018-06-01,85.2,85.68,84.56,84.85,4057700
2018-06-04,84.65,85.52,84.36,85.07,4263100
2018-06-05,85.25,85.7,84.54,84.82,3667600
2018-06-06,84.88,85.93,84.66,85.93,2720100
2018-06-07,86.2,86.32,85.32,85.88,3123600
2018-06-08,85.83,86.42,85.43,86.080002,3172300
2018-06-11,86.31,86.78,85.81,85.86,3506900
2018-06-12,85.76,86.019997,85.45,85.49,3016900
2018-06-13,85.76,86.38,85.6,85.72,3052100
2018-06-14,85.67,86.46,85.17,86.35,3115100
2018-06-15,86.13,87.27,86.099998,86.88,5575200
2018-06-18,85.98,86.15,85.010002,86.11,2903900
2018-06-19,85.89,86.87,85.67,86.82,3044500
2018-06-20,86.74,87.16,86.2,86.28,4675500
2018-06-21,85.82,86.28,85.19,86.07,2856400
2018-06-22,86.019997,86.4,85.81,85.92,3769500
2018-06-25,86.0,86.61,85.12,85.77,3414100
2018-06-26,85.54,86.0,84.96,85.11,2840600
2018-06-27,84.91,85.6,84.64,84.67,3005400
2018-06-28,84.85,85.96,84.81,85.49,2564600
2018-06-29,85.84,86.099998,85.13,85.33,2964000
2018-07-02,85.059998,85.93,84.71,85.86,2347000
2018-07-03,85.81,87.019997,85.81,86.51,2163500
2018-07-05,86.91,87.19,86.13,86.56,2675500
2018-07-06,86.83,87.71,86.82,87.39,2290500
2018-07-09,87.6,88.33,87.52,87.87,2718300
2018-07-10,88.080002,88.23,87.67,88.050003,2227200
2018-07-11,87.77,88.07,87.2,87.56,2449500
2018-07-12,88.099998,88.99,87.92,88.91,2604500
2018-07-13,88.83,89.87,88.54,89.71,3335000
2018-07-16,89.63,89.84,88.84,89.07,3175200
2018-07-17,89.36,89.97,89.34,89.57,2179400
2018-07-18,89.6,90.13,89.07,90.029999,3021400
2018-07-19,89.83,89.98,88.87,89.43,3171000
2018-07-20,89.019997,89.37,88.26,88.47,3829800
2018-07-23,88.3,89.16,88.17,88.88,3145300
2018-07-24,91.059998,93.76,90.0,93.35,9910000
2018-07-25,93.16,96.65,93.029999,96.43,8476800
2018-07-26,96.64,96.96,94.83,95.18,4826100
2018-07-27,95.65,96.96,95.019997,96.6,3975500
2018-07-30,96.38,98.12,96.25,98.019997,5356000
2018-07-31,98.25,99.2,97.53,98.81,4957800
2018-08-01,98.74,99.35,98.44,98.7,4971800
2018-08-02,97.95,100.39,97.84,99.47,4321000
2018-08-03,99.18,100.69,98.88,100.58,4572100
2018-08-06,100.4,102.59,100.22,102.0,5090900
2018-08-07,101.79,103.81,101.68,101.94,5095100
2018-08-08,101.85,102.67,101.43,102.27,3901600
2018-08-09,102.059998,102.72,101.92,102.19,3298100
2018-08-10,102.15,103.19,101.99,102.25,2783800
2018-08-13,102.45,102.68,102.12,102.44,2816400
2018-08-14,101.77,102.84,101.27,102.44,3283900
2018-08-15,102.28,103.44,102.080002,103.33,3143200
2018-08-16,103.25,104.94,103.25,104.36,4427200
2018-08-17,104.43,105.92,103.96,105.55,3824300
2018-08-20,105.58,106.38,105.58,105.82,2765500
2018-08-21,106.019997,106.13,104.72,105.07,2775500
2018-08-22,104.8,105.63,104.15,105.029999,1964400
2018-08-23,104.99,105.25,104.39,104.82,2043400
2018-08-24,105.57,106.040001,104.53,105.77,3089900
2018-08-27,106.15,106.49,104.94,105.11,2452500
2018-08-28,105.029999,105.59,104.59,105.18,2516800
2018-08-29,104.4,105.59,104.28,105.33,2949500
2018-08-30,105.18,105.74,104.94,105.48,2928600
2018-08-31,105.14,105.86,104.47,105.65,3278900
2018-09-04,105.31,105.7,104.38,104.62,3107000
2018-09-05,104.85,106.11,104.7,105.72,3366600
2018-09-06,105.67,105.75,103.66,105.37,3180700
2018-09-07,105.15,107.24,104.8,107.029999,3822900
2018-09-10,107.5,107.84,106.39,106.42,2950800
2018-09-11,106.41,106.62,105.52,105.64,3516400
2018-09-12,105.81,106.49,105.51,105.97,3926000
2018-09-13,106.16,106.71,105.82,106.58,5167400
2018-09-14,106.57,106.69,105.4,105.77,3103100
2018-09-17,105.61,106.77,105.050003,105.71,4972200
2018-09-18,105.87,107.19,105.11,106.88,3668800
2018-09-19,106.88,107.07,105.5,105.74,3270400
2018-09-20,105.72,106.11,104.22,106.07,3762000
2018-09-21,106.23,106.87,105.35,106.33,5333700
2018-09-24,105.95,106.67,105.59,105.59,3095500
2018-09-25,106.010002,106.76,105.54,105.7,3775700
2018-09-26,106.059998,107.37,106.010002,106.31,3707300
2018-09-27,106.49,107.17,106.21,106.69,2093700
2018-09-28,106.77,107.74,106.3,107.31,2812300
2018-10-01,107.67,107.71,107.029999,107.6,2707500
2018-10-02,107.5,108.14,107.19,107.96,3787900
2018-10-03,108.47,109.61,108.24,108.62,5097200
2018-10-04,113.62,115.68,111.040001,112.99,10940700
2018-10-05,114.089996,115.45,114.089996,115.019997,8330300
2018-10-08,114.85,116.61,114.77,115.46,6002300
2018-10-09,115.089996,116.0,114.23,115.45,4716000
2018-10-10,114.96,115.37,113.25,113.34,5602900
2018-10-11,113.089996,113.32,106.58,107.91,7226300
2018-10-12,109.0,111.019997,108.43,110.48,4519100
2018-10-15,110.5,111.81,109.98,110.62,3884700
2018-10-16,110.84,111.22,109.93,111.029999,4192800
2018-10-17,110.98,113.77,110.86,113.59,4402100
2018-10-18,113.93,114.25,112.41,113.31,3619600
2018-10-19,112.88,113.36,110.66,111.92,4224000
2018-10-22,112.0,112.72,111.37,112.029999,2938300
2018-10-23,110.7,111.46,109.059998,110.39,3757000
2018-10-24,110.22,111.15,106.19,106.32,6739400
2018-10-25,106.43,108.82,104.17,107.89,4114800
2018-10-26,107.050003,107.47,105.059998,106.39,4464500
2018-10-29,107.45,109.080002,106.3,107.4,3587800
2018-10-30,107.23,108.51,107.080002,108.34,3325900
2018-10-31,109.59,110.43,108.35,108.44,4349200
2018-11-01,108.74,109.23,107.33,107.86,3639400
2018-11-02,108.14,108.39,105.93,106.75,3577200
2018-11-05,110.43,112.080002,109.76,110.14,7368600
2018-11-06,109.0,109.3,104.95,105.9,6803700
2018-11-07,106.85,110.78,106.72,109.72,5875400
2018-11-08,109.49,110.94,109.010002,110.099998,3666300
2018-11-09,110.42,112.54,109.7,112.21,5054400
2018-11-12,112.26,114.71,112.26,113.2,5078900
2018-11-13,114.25,114.25,111.83,112.39,4239700
2018-11-14,112.36,112.65,109.74,109.81,5392800
2018-11-15,109.18,112.23,108.54,112.2,4796800
2018-11-16,111.68,114.3,111.67,113.83,4766400
2018-11-19,113.0,116.099998,113.0,115.81,4869800
2018-11-20,114.88,116.2,114.32,114.72,4877300
2018-11-21,114.28,114.28,112.13,112.23,3619700
2018-11-23,111.86,113.81,111.4,112.87,1897000
2018-11-26,111.26,113.6,110.97,112.38,3296200
2018-11-27,112.28,114.25,111.71,114.22,3263200
2018-11-28,114.73,115.83,113.76,115.53,4814500
2018-11-29,115.3,117.93,114.97,117.0,4688300
2018-11-30,117.61,118.71,116.22,118.64,8965600
2018-12-03,118.64,118.69,117.54,118.52,4290100
2018-12-04,118.65,119.84,116.32,116.52,5676600
2018-12-06,115.32,115.99,112.98,115.84,5064400
2018-12-07,115.53,115.78,112.77,113.58,4128100
2018-12-10,113.6,114.65,111.019997,114.089996,3832600
2018-12-11,114.84,115.62,113.92,114.5,3806800
2018-12-12,115.48,115.74,114.27,114.34,3758800
2018-12-13,114.62,115.15,113.84,114.86,3609900
2018-12-14,114.29,114.58,111.24,111.93,5306100
2018-12-17,111.21,111.3,107.72,108.36,6121700
2018-12-18,109.43,109.66,105.67,106.5,6864400
2018-12-19,111.54,111.54,107.7,109.11,8362800
2018-12-20,109.099998,110.16,108.12,109.29,8362300
2018-12-21,109.29,111.51,108.68,109.42,13154500
2018-12-24,109.35,109.41,106.63,106.75,3284000
2018-12-26,106.76,111.089996,106.43,111.089996,3792400
2018-12-27,110.24,112.9,108.73,112.89,4101600
2018-12-28,113.4,115.089996,112.59,114.2,3984000
2018-12-31,114.34,115.85,114.24,115.72,2731000
2019-01-02,114.79,115.43,112.75,114.88,4247100
2019-01-03,114.72,114.74,111.099998,111.31,4203300
2019-01-04,112.21,114.84,111.74,114.66,5795200
2019-01-07,112.37,116.44,112.050003,115.28,7749600
2019-01-08,115.69,116.42,114.52,116.34,3428900
2019-01-09,116.37,118.22,116.22,117.21,5820100
2019-01-10,117.089996,117.22,114.97,115.94,4282300
2019-01-11,115.27,116.21,115.099998,116.18,2648800
2019-01-14,115.2,115.25,114.33,114.68,4404600
2019-01-15,113.91,118.22,113.4,117.089996,5097700
2019-01-16,116.99,118.07,116.48,116.8,2920600
2019-01-17,116.81,119.2,116.55,119.16,4401900
2019-01-18,115.58,116.9,115.019997,116.59,8887000
2019-01-22,115.69,117.11,115.69,117.089996,4377500
2019-01-23,117.11,118.9,116.92,118.79,4012100
2019-01-24,118.22,118.22,114.2,114.99,6946200
2019-01-25,115.34,115.35,114.040001,114.97,4599100
2019-01-28,114.72,115.11,113.54,115.029999,3590900
2019-01-29,114.39,115.95,113.91,115.71,3767400
2019-01-30,115.53,117.080002,115.53,116.94,4362900
2019-01-31,116.94,120.14,116.73,119.86,5746100
2019-02-01,120.32,120.99,119.13,120.89,4171500
2019-02-04,121.21,121.84,118.69,120.17,4518400
2019-02-05,120.72,121.74,120.4,120.43,8832400
2019-02-06,118.67,120.82,117.74,119.27,7421000
2019-02-07,119.0,119.33,116.86,117.5,7935000
2019-02-08,117.73,121.43,117.45,119.6,16195100
2019-02-11,119.2,119.94,117.040001,118.010002,7203100
2019-02-12,117.76,119.9,117.5,119.49,6975500
2019-02-13,119.6,120.28,118.11,119.65,12738600
2019-02-14,118.94,121.25,118.8,120.75,17847000
2019-02-15,121.18,122.48,120.4,122.48,10366400
2019-02-19,121.31,123.33,121.3,122.13,17861300
2019-02-20,122.38,123.050003,121.61,122.66,19880300
2019-02-21,122.059998,123.76,121.8,122.72,20798700
2019-02-22,122.73,124.74,122.65,124.0,19574000
2019-02-25,124.099998,124.67,123.47,123.89,13682400
2019-02-26,123.86,125.16,123.32,124.67,20790900
2019-02-27,124.49,126.48,124.080002,125.68,32135600
2019-02-28,125.52,127.77,125.2,126.29,36023600
2019-03-01,127.25,129.42,126.58,128.84,43290900
2019-03-04,130.50999,130.50999,125.34,127.46,59468600
2019-03-05,128.39999,128.87,126.72,128.49001,53212600
2019-03-06,128.75,128.78999,125.39,126.68,74822500
2019-03-07,126.41,127.19,125.13,126.34,60615600
2019-03-08,126.37,126.98,125.25,126.7,50169800
2019-03-11,122.8,124.91,122.51,123.5,61771200
2019-03-12,123.5,124.019997,122.68,123.5,8077600
2019-03-13,124.6,130.75,123.16,124.31,68139300
2019-03-14,124.98,124.98,122.51,123.080002,42768700
2019-03-15,123.099998,124.16,121.96,123.94,47331000
2019-03-18,123.99,125.35,123.5,125.24,16052200
2019-03-19,125.26,126.65,125.14,126.59,13726300
2019-03-20,127.54,129.10001,126.83,128.16,7520700
2019-03-21,126.88,128.98,126.64,128.31,5704300
2019-03-22,128.73,129.48,127.43,128.3,15332900
2019-03-25,128.61,130.58,128.41,129.87,5972800
2019-03-26,130.24001,132.13,129.7,131.020004,5872900
2019-03-27,130.96001,131.56,128.52,128.77,7675100
2019-03-28,129.34,129.89999,128.87,128.95,6112900
2019-03-29,129.0099945,129.94,128.98,129.75999,5729100
2019-04-01,130.71001,131.35001,129.050003,129.050003,5132300
2019-04-02,129.039993,129.57001,128.24001,129.32001,3214600
2019-04-03,129.11,129.25,126.84,127.050003,4425300
2019-04-04,127.34,127.35,124.61,125.61,5539800
2019-04-05,126.49,127.010002,125.61,126.99,4656400
2019-04-08,126.5,127.28,126.089996,127.16,3430900
2019-04-09,126.76,128.12,126.6,127.24,4215600
2019-04-10,127.56,127.97,126.93,127.19,4227100
2019-04-11,126.86,127.32,124.51,125.15,5520700
2019-04-12,125.24,125.24,123.019997,123.059998,5470400
2019-04-15,123.77,124.35,123.16,124.080002,4549100
2019-04-16,124.93,124.93,119.79,119.96,6573400
2019-04-17,120.0,120.059998,115.89,116.5,14842800
2019-04-18,116.23,116.65,114.14,115.2,9805800
2019-04-22,115.040001,115.57,113.65,115.47,7519700
2019-04-23,116.040001,117.89,115.43,117.49,5891500
2019-04-24,118.29,118.43,117.23,118.0,4254100
2019-04-25,117.75,118.68,116.75,118.23,3425000
2019-04-26,118.83,119.92,118.67,119.87,3372500
2019-04-29,119.9,120.010002,119.25,119.6,4097200
2019-04-30,116.61,117.14,114.91,117.040001,7548300
2019-05-01,117.050003,119.53,116.56,118.18,5392100
2019-05-02,118.44,118.57,116.86,118.46,4168800
2019-05-03,118.44,118.44,116.54,116.91,5695500
2019-05-06,115.82,117.080002,115.3,116.65,5952100
2019-05-07,116.3,116.49,114.46,114.94,5127200
2019-05-08,115.85,116.89,115.23,116.25,2992600
2019-05-09,115.86,116.15,114.78,115.8,5818900
2019-05-10,115.63,116.32,114.22,116.22,3660500
2019-05-13,114.86,115.19,113.87,114.37,4284600
2019-05-14,114.73,115.53,114.53,114.94,3668400
2019-05-15,115.25,115.84,114.32,115.62,3724400
2019-05-16,114.57,117.68,114.57,116.73,3914100
2019-05-17,115.7,116.65,115.22,116.010002,3109800
2019-05-20,115.87,116.3,115.0,116.23,3042800
2019-05-21,117.040001,117.79,116.53,116.58,2611100
2019-05-22,116.12,118.39,116.12,117.98,3934200
2019-05-23,117.76,117.96,116.48,116.81,3653500
2019-05-24,117.53,117.55,116.45,116.79,2086400
2019-05-28,117.089996,118.41,115.7,115.76,5007200
2019-05-29,115.61,115.8,114.43,115.49,5915800
2019-05-30,115.49,116.3,114.96,115.9,2392800
2019-05-31,115.34,117.58,114.99,115.94,6098400
2019-06-03,116.53,117.72,116.040001,116.77,4722000
2019-06-04,118.080002,118.93,117.41,117.56,3122700
2019-06-05,118.029999,118.38,116.53,117.019997,4175800
2019-06-06,117.52,118.94,117.27,117.5,3882800
2019-06-07,118.19,118.94,117.89,118.35,2726300
2019-06-10,116.0,116.0,113.88,113.93,8172400
2019-06-11,114.78,115.59,111.85,112.21,5681200
2019-06-12,112.5,115.5,112.5,115.24,3793800
2019-06-13,115.4,115.4,110.61,111.82,8477300
2019-06-14,112.13,112.25,111.010002,111.74,3188100
2019-06-17,111.64,113.42,111.34,113.4,3032300
2019-06-18,113.65,114.83,113.22,114.65,2868700
2019-06-19,115.019997,115.99,114.34,115.23,3320600
2019-06-20,116.35,117.07,115.26,115.56,2840100
2019-06-21,115.74,115.93,114.81,115.49,4024600
2019-06-24,115.080002,116.15,114.71,115.63,2570500
2019-06-25,115.51,116.83,115.17,115.36,2110100
2019-06-26,114.81,114.95,110.62,111.34,4677500
2019-06-27,111.74,112.21,111.16,111.47,3615900
2019-06-28,111.8,111.83,110.019997,110.79,8958700
2019-07-01,111.31,112.84,110.64,112.74,3236400
2019-07-02,112.82,114.21,112.4,114.2,2343400
2019-07-03,114.87,115.47,113.78,114.42,3707700
2019-07-05,114.050003,114.37,112.55,112.82,2444000
2019-07-08,112.47,112.79,110.91,111.52,2998700
2019-07-09,111.85,113.36,111.85,113.080002,2717700
2019-07-10,113.27,114.65,112.67,114.53,3339100
2019-07-11,111.53,112.24,109.099998,109.82,6589600
2019-07-12,109.47,109.47,105.15,108.29,7211100
2019-07-15,108.3,109.16,107.59,108.47,4405200
2019-07-16,109.0,109.19,107.97,108.82,2206500
2019-07-17,109.35,109.65,107.080002,107.089996,3507300
2019-07-18,107.83,108.48,107.24,108.34,3232900
2019-07-19,108.5,108.52,106.58,106.79,4820600
2019-07-22,106.92,107.36,105.87,107.27,2894400
2019-07-23,107.5,109.4,106.059998,108.22,5098200
2019-07-24,108.35,109.66,107.16,108.52,3762700
2019-07-25,108.57,110.38,107.68,107.82,4596700
2019-07-26,107.92,109.23,107.54,108.27,3470700
2019-07-29,108.07,110.24,108.07,108.72,3192500
2019-07-30,108.3,110.019997,107.0,108.69,4664200
2019-07-31,108.059998,110.71,107.61,108.95,5535700
2019-08-01,109.019997,110.74,108.31,110.51,3679000
2019-08-02,110.96,113.27,110.19,112.42,4477700
2019-08-05,111.38,112.49,107.44,108.71,4765800
2019-08-06,109.47,112.12,109.040001,111.4,5490000
2019-08-07,110.37,111.38,108.53,111.12,4231700
2019-08-08,111.96,114.54,111.64,113.97,4815900
2019-08-09,113.24,114.55,112.35,113.77,2788100
2019-08-12,112.9,114.059998,112.29,113.6,2318400
2019-08-13,113.53,116.14,113.43,115.7,5247200
2019-08-14,114.86,114.87,110.22,110.29,4937900
2019-08-15,110.42,111.31,109.21,110.23,3939900
2019-08-16,110.94,111.33,109.29,110.52,3497600
2019-08-19,111.050003,112.94,110.79,112.53,2903500
2019-08-20,112.33,112.88,110.91,111.010002,2074800
2019-08-21,112.0,112.44,110.0,111.46,2207300
2019-08-22,111.44,112.27,110.79,111.61,1840200
2019-08-23,111.46,112.56,108.88,109.51,3870100
2019-08-26,110.61,111.82,110.25,111.78,2565500
2019-08-27,112.31,112.88,110.73,110.73,2945200
2019-08-28,110.33,111.54,109.79,110.97,1744400
2019-08-29,111.81,112.38,110.6,112.25,2708600
2019-08-30,112.82,114.17,111.92,112.97,2870700
2019-09-03,112.54,114.019997,112.19,113.96,3710300
2019-09-04,114.38,114.5,112.45,113.25,3756400
2019-09-05,113.96,115.44,113.26,114.6,4045900
2019-09-06,114.78,114.99,113.84,114.050003,2904700
2019-09-09,114.52,114.52,110.35,111.07,4982300
2019-09-10,108.37,111.13,106.4,111.099998,6589500
2019-09-11,111.78,112.0,110.29,111.69,3404100
2019-09-12,111.92,112.42,111.12,111.47,3578500
2019-09-13,111.74,112.15,110.24,110.89,2842600
2019-09-16,110.42,110.53,109.21,110.13,1728900
2019-09-17,110.33,111.19,109.63,111.12,2438100
2019-09-18,111.44,112.91,111.17,112.72,3132500
2019-09-19,112.86,115.11,112.39,114.35,3929800
2019-09-20,115.93,117.23,114.47,116.16,7517700
2019-09-23,116.0,116.54,113.97,114.18,2611300
2019-09-24,114.36,114.55,111.94,113.25,3480200
2019-09-25,112.88,113.85,111.31,111.39,3093400
2019-09-26,112.040001,112.66,110.69,111.82,2266400
2019-09-27,112.35,113.37,111.38,112.37,1906300
2019-09-30,112.4,113.45,111.69,111.83,2516600
2019-10-01,111.94,112.45,110.41,110.96,2203400
2019-10-02,110.33,110.64,106.66,107.0,4483900
2019-10-03,107.089996,108.099998,106.21,107.29,2735000
2019-10-04,107.49,108.26,107.0,108.2,2865300
2019-10-07,108.31,108.65,107.57,107.83,1460800
2019-10-08,106.89,108.33,105.95,107.19,2802500
2019-10-09,107.56,108.15,106.88,107.3,1636600
2019-10-10,107.029999,107.49,106.58,106.92,2736900
2019-10-11,107.75,109.14,107.59,108.36,2554900
2019-10-14,108.52,109.13,107.88,107.9,1341300
2019-10-15,108.35,110.099998,108.22,109.7,1760000
2019-10-16,109.18,109.48,107.79,107.95,2314600
2019-10-17,109.22,109.46,108.26,108.46,2018900
2019-10-18,108.31,108.94,107.9,108.64,2207100
2019-10-21,108.87,109.0,107.77,107.91,3944900
2019-10-22,109.98,111.46,108.89,109.84,5708500
2019-10-23,106.0,107.75,101.36,107.4,9047500
2019-10-24,107.5,108.21,106.25,107.84,3304500
2019-10-25,108.080002,110.59,107.54,110.2,4234600
2019-10-28,110.62,113.19,110.62,112.99,4168500
2019-10-29,112.5,112.81,111.5,111.67,2987800
2019-10-30,111.37,113.21,111.26,112.72,2424700
2019-10-31,112.36,114.67,112.0,113.95,4124400
2019-11-01,114.07,114.51,112.31,112.51,2629100
2019-11-04,113.24,114.33,112.87,113.11,3002100
2019-11-05,112.95,113.080002,110.51,111.25,3357300
2019-11-06,111.57,114.29,111.51,113.82,3973700
2019-11-07,114.23,114.63,112.029999,112.77,3076200
2019-11-08,112.65,113.57,112.099998,113.53,2224100
2019-11-11,113.46,114.21,112.22,112.8,1770200
2019-11-12,112.77,114.040001,112.45,113.17,2273200
2019-11-13,112.87,113.53,112.25,112.79,3250600
2019-11-14,112.19,112.36,111.0,111.39,2627100
2019-11-15,111.33,113.82,111.33,113.19,4857400
2019-11-18,113.019997,114.13,112.86,114.07,3361600
2019-11-19,114.029999,116.12,113.75,115.099998,3781600
2019-11-20,114.96,115.92,114.050003,114.61,3638200
2019-11-21,114.7,115.52,113.29,114.75,2909500
2019-11-22,115.089996,116.68,114.71,116.2,3120100
2019-11-25,116.6,118.46,116.6,117.47,2939300
2019-11-26,117.47,118.11,117.0,117.089996,4704900
2019-11-27,117.73,117.9,116.62,117.44,1798200
2019-11-29,117.23,118.040001,117.17,117.35,1243900
2019-12-02,117.52,118.25,116.099998,116.74,2199700
2019-12-03,116.4,117.92,115.92,117.61,2786000
2019-12-04,118.28,118.84,117.57,118.67,2597000
2019-12-05,118.4,119.92,117.54,119.77,3003200
2019-12-06,119.97,120.71,119.58,119.64,2462800
2019-12-09,119.53,120.84,118.94,120.24,2335100
2019-12-10,120.56,121.15,120.11,120.65,3592600
2019-12-11,120.56,121.2,119.98,120.78,3438100
2019-12-12,120.56,121.93,120.56,121.7,2959400
2019-12-13,121.98,122.19,120.72,121.53,3343900
2019-12-16,123.07,124.26,122.059998,122.85,3468400
2019-12-17,124.0,127.029999,123.31,125.33,6718800
2019-12-18,127.88,129.98,127.69,129.48,8173000
2019-12-19,129.080002,130.99001,128.34,130.85001,4423400
2019-12-20,132.49001,137.0,131.24001,132.42999,9229900
2019-12-23,132.39,132.58,131.029999,131.14999,2473400
2019-12-24,131.070007,131.21001,130.13,131.11,1215800
2019-12-26,131.0,131.7,130.66,131.14,1272000
2019-12-27,131.57001,131.77,130.84,131.52,2161300
2019-12-30,131.52,131.92999,130.87,131.3,1856200
2019-12-31,131.17999,131.52,130.5,131.42999,1549800
2020-01-02,131.77,132.25999,130.73,132.21001,2204200
2020-01-03,130.3,132.47,130.23,131.77,1963500
2020-01-06,131.42,132.56,130.94,132.25999,2102900
2020-01-07,131.7,132.92999,131.7,132.50999,2448300
2020-01-08,132.46001,134.21001,132.0099945,133.71001,5188600
2020-01-09,134.55,136.36,134.0099945,135.92,4522800
2020-01-10,135.78,138.27,135.53,138.0,4177600
2020-01-13,138.2,139.99001,137.89,138.94,5117100
2020-01-14,138.99001,140.89999,138.12,140.64999,4685200
2020-01-15,140.58,141.69,140.0099945,141.11,3676500
2020-01-16,141.83,141.97,139.85001,141.42999,3794800
2020-01-17,140.88,141.74001,139.36,139.58,5393200
2020-01-21,139.5,141.57001,138.42999,140.91,4849500
2020-01-22,141.25,142.25,140.69,141.56,2742100
2020-01-23,141.25,141.74001,139.88,141.21001,3138700
2020-01-24,141.85001,141.99001,138.7,139.070007,3183300
2020-01-27,137.34,139.10001,137.34,138.31,2826400
2020-01-28,138.69,139.88,138.23,139.25999,2649100
2020-01-29,139.50999,141.14,138.97,139.92,2815500
2020-01-30,138.17999,143.72,138.10001,142.67,5243400
2020-01-31,142.85001,142.85001,139.47,139.64,3913500
2020-02-03,140.53,141.57001,139.67999,141.0,5137800
2020-02-04,142.3,144.070007,141.78,143.44,3177500
2020-02-05,144.78,147.36,144.53,147.35001,4060900
2020-02-06,147.74001,147.87,146.81,147.3,3285000
2020-02-07,147.22,147.22,145.38,146.41,2670400
2020-02-10,141.5,145.55,141.12,145.50999,4892100
2020-02-11,145.73,145.86,143.17999,144.25,2976400
2020-02-12,144.67,144.89999,143.49001,143.50999,3953200
2020-02-13,142.86,143.74001,141.78999,141.8,3455500
2020-02-14,142.25,142.32001,140.57001,141.12,2273700
2020-02-18,141.020004,141.96001,140.53,141.0099945,2858200
2020-02-19,141.62,141.84,140.36,140.83,3082800
2020-02-20,141.63,142.81,141.2,142.0,3417000
2020-02-21,141.34,142.64999,140.33,142.039993,2900900
2020-02-24,139.28,141.59,137.87,138.14999,4727400
2020-02-25,138.94,139.23,134.62,135.41,3401600
2020-02-26,136.029999,137.020004,133.31,133.53,4659000
2020-02-27,133.33,134.67,129.050003,129.19,4292800
2020-02-28,126.38,126.8,121.51,126.13,7898300
2020-03-02,127.74,133.0,126.21,132.84,7355700
2020-03-03,133.28,135.64999,128.69,130.31,6936600
2020-03-04,133.029999,140.86,133.0,140.38,5301900
2020-03-05,138.38,141.91,137.53,140.14999,6882100
2020-03-06,136.12,142.36,135.55,141.46001,8010700
2020-03-09,134.020004,140.92999,133.31,135.72,5351300
2020-03-10,139.23,141.92999,134.72,141.19,5961200
2020-03-11,139.46001,141.84,137.39,140.020004,7211800
2020-03-12,130.78999,136.5,125.93,126.019997,7836300
2020-03-13,132.95,139.37,128.50999,139.37,6841700
2020-03-16,131.0,138.67999,128.25,129.38,6619700
2020-03-17,133.21001,143.59,131.10001,143.2,8909200
2020-03-18,136.34,144.0,134.080002,143.089996,6734600
2020-03-19,142.49001,142.98,131.12,133.089996,6554800
2020-03-20,132.16,132.25,120.23,122.4,9113500
2020-03-23,120.95,126.88,117.059998,119.050003,7299300
2020-03-24,123.24,124.6,117.41,122.89,6827300
2020-03-25,120.12,126.14,119.21,121.94,6472100
2020-03-26,123.29,135.74001,121.94,134.35001,6723600
2020-03-27,130.64999,137.61,130.2,134.11,4717400
2020-03-30,133.87,141.77,133.50999,138.44,5057400
2020-03-31,136.96001,142.020004,134.52,138.72,7560100
2020-04-01,134.0,137.19,132.98,136.42,3297900
2020-04-02,135.35001,142.8,133.029999,142.17999,4725000
2020-04-03,140.92,144.60001,138.46001,139.66,4013200
2020-04-06,142.27,143.5,140.3,141.61,4159900
2020-04-07,143.13,144.8,140.050003,141.88,3900600
2020-04-08,142.050003,147.25,140.5,146.22,4006600
2020-04-09,144.50999,146.39999,143.55,145.73,4415300
2020-04-13,144.97,146.59,142.88,144.42,2289000
2020-04-14,147.28,151.55,144.050003,151.11,3809600
2020-04-15,148.94,153.39999,148.50999,151.17999,3614400
2020-04-16,152.89,155.59,152.0,154.73,3512900
2020-04-17,155.42,157.67,153.029999,157.28999,3709900
2020-04-20,156.63,160.2,155.61,157.78999,2562200
2020-04-21,155.41,155.8,151.41,152.67,4270200
2020-04-22,154.61,157.28,153.57001,156.71001,3278000
2020-04-23,157.17999,162.56,154.0,159.92999,5692900
2020-04-24,162.0,164.89999,160.61,162.92999,4414000
2020-04-27,164.0,164.5,160.72,161.28999,3210300
2020-04-28,160.94,161.98,156.59,157.3,3270200
2020-04-29,157.75999,158.029999,154.67,155.16,3240700
2020-04-30,155.2,156.98,153.28,154.64,4175800
2020-05-01,153.72,154.60001,151.57001,153.63,2576400
2020-05-04,154.64999,156.0,151.25999,153.28,2228500
2020-05-05,153.8,159.22,152.75,157.89,2862600
2020-05-06,158.46001,158.94,156.35001,156.67999,1964800
2020-05-07,157.5,157.69,152.72,152.97,2330600
2020-05-08,154.2,154.42,152.55,153.50999,1966600
2020-05-11,153.47,159.47,153.080002,158.55,3196200
2020-05-12,159.87,161.39999,157.59,157.72,2329400
2020-05-13,157.029999,159.35001,156.039993,157.92999,2650000
2020-05-14,155.94,158.95,153.81,158.38,2393900
2020-05-15,158.63,159.50999,156.029999,159.23,2824500
2020-05-18,161.34,162.37,157.11,157.96001,2703700
2020-05-19,156.85001,159.13,155.28,156.7,2339400
2020-05-20,155.27,157.42999,151.61,153.13,3780800
2020-05-21,153.14999,153.14999,149.72,152.28,3049800
2020-05-22,152.22,152.56,150.17,151.16,2355000
2020-05-26,151.11,151.75999,147.16,147.96001,5013400
2020-05-27,148.17,148.17,143.62,145.7,5376100
2020-05-28,147.42999,152.10001,146.50999,150.64999,3982700
2020-05-29,151.66,153.64,149.94,152.95,9466300
2020-06-01,154.47,154.99001,150.89,152.45,5233800
2020-06-02,152.080002,154.080002,151.039993,153.86,3269400
2020-06-03,153.34,154.39,150.85001,152.53,3190300
2020-06-04,152.21001,153.53999,149.71001,150.71001,3328700
2020-06-05,149.7,151.75999,148.34,149.21001,4578800
2020-06-08,146.75,149.25,146.52,149.21001,4076400
2020-06-09,149.75,151.75,149.11,149.13,4302100
2020-06-10,149.96001,152.39999,149.84,151.0,4940200
2020-06-11,151.85001,152.24001,143.050003,144.080002,4547400
2020-06-12,145.53999,146.38,141.47,143.53999,3973200
2020-06-15,142.0,142.89999,139.67999,141.52,3709900
2020-06-16,156.32001,167.42999,155.0,163.71001,15029300
2020-06-17,164.23,164.36,159.39999,159.97,4711200
2020-06-18,159.2,162.97,158.2,161.070007,3631600
2020-06-19,162.23,162.48,158.25999,159.94,6004900
2020-06-22,159.17999,161.48,158.92,160.45,2647300
2020-06-23,160.89,162.87,158.95,159.34,2771500
2020-06-24,158.55,159.78999,156.33,157.029999,3096000
2020-06-25,157.64,163.39,156.71001,162.86,3735400
2020-06-26,162.33,163.78999,160.17999,162.83,5290400
2020-06-29,163.85001,164.21001,161.029999,162.72,2640300
2020-06-30,163.11,165.17,162.3,164.17999,3296300
2020-07-01,164.32001,165.47,162.52,163.3,2065100
2020-07-02,164.070007,164.77,162.37,163.87,1960200
2020-07-06,164.46001,168.92,164.0099945,166.89,2760100
2020-07-07,166.12,168.38,165.27,166.75,3273300
2020-07-08,166.84,169.82001,166.84,169.13,2781800
2020-07-09,169.88,170.75,163.71001,166.45,2955200
2020-07-10,166.14,166.14,162.74001,163.36,2245100
2020-07-13,164.61,167.0,161.039993,162.080002,3455600
2020-07-14,162.88,164.77,161.53,163.88,2642900
2020-07-15,165.19,166.48,163.89999,165.45,2346200
2020-07-16,164.95,165.44,162.60001,165.0,1486800
2020-07-17,166.039993,167.25999,165.11,165.96001,2935800
2020-07-20,166.49001,167.71001,165.73,167.039993,1806200
2020-07-21,166.87,167.23,164.75999,165.3,1540700
2020-07-22,165.53999,165.85001,162.33,164.84,1686500
2020-07-23,165.25999,165.46001,160.78999,161.52,2408800
2020-07-24,161.47,161.47,158.45,159.53999,2247900
2020-07-27,159.60001,161.74001,158.59,160.5,2709700
2020-07-28,161.67,165.41,161.35001,162.64999,3483100
2020-07-29,162.53,163.029999,161.10001,161.75,3108900
2020-07-30,158.45,158.5,150.45,153.0,6638100
2020-07-31,153.13,153.34,148.74001,150.28999,5342700
2020-08-03,152.8,153.85001,151.22,152.84,3615000
2020-08-04,153.38,156.0,153.089996,154.85001,3260000
2020-08-05,157.31,157.49001,153.3,154.34,2386400
2020-08-06,153.85001,155.5,151.0,152.88,2176200
2020-08-07,152.96001,153.5,151.58,152.92999,2017100
2020-08-10,152.92999,153.49001,151.53,153.0,1745200
2020-08-11,153.14,153.14,150.2,150.63,2103400
2020-08-12,150.78999,153.17,150.60001,152.55,2430400
2020-08-13,150.82001,151.69,149.78999,150.46001,2077700
2020-08-14,149.8,151.69,149.14999,150.089996,1538000
2020-08-17,150.92,152.7,150.36,151.53,2704700
2020-08-18,152.14999,153.14999,151.14999,153.11,1959700
2020-08-19,153.81,154.41,152.0099945,152.28999,1938800
2020-08-20,152.55,152.85001,150.85001,151.34,1830200
2020-08-21,151.34,151.35001,147.95,149.25999,3112000
2020-08-24,150.050003,150.39999,148.25,149.52,2268400
2020-08-25,150.36,151.31,149.31,149.67999,2216100
2020-08-26,149.19,149.46001,147.41,149.25999,3029700
2020-08-27,150.58,150.94,148.94,148.97,3146100
2020-08-28,148.84,149.14999,146.98,147.34,2102600
2020-08-31,147.35001,148.78999,147.029999,148.39,4430700
2020-09-01,148.61,149.2,146.64999,147.3,2358700
2020-09-02,146.78999,150.0,146.50999,149.55,2406800
2020-09-03,152.19,153.37,147.46001,149.020004,4226100
2020-09-04,148.77,152.58,147.95,150.91,4361800
2020-09-08,150.95,151.31,148.5,149.31,4351200
2020-09-09,150.62,154.12,150.31,151.97,2328500
2020-09-10,149.88,150.60001,145.72,146.22,3961300
2020-09-11,147.56,149.19,146.88,148.089996,3001400
2020-09-14,149.089996,150.50999,147.47,149.0,3072500
2020-09-15,149.96001,151.87,149.42,150.080002,2923500
2020-09-16,151.72,152.67999,150.78999,150.96001,3618800
2020-09-17,150.13,152.67999,149.46001,152.47,3620700
2020-09-18,152.039993,154.5,152.039993,154.17,13209800
2020-09-21,153.17,153.66,149.059998,151.17999,3501600
2020-09-22,150.91,151.57001,149.14999,149.86,2926400
2020-09-23,150.050003,151.59,148.7,149.81,3545700
2020-09-24,149.25999,149.66,147.37,148.81,3424200
2020-09-25,148.39,150.39999,147.85001,150.25999,2440600
2020-09-28,151.0,151.58,147.89999,148.10001,2427100
2020-09-29,147.98,148.44,145.92999,146.25999,3308300
2020-09-30,146.39999,148.45,145.059998,148.020004,5083900
2020-10-01,148.33,148.71001,144.059998,144.28999,3809200
2020-10-02,143.67,146.94,143.27,145.21001,3880000
2020-10-05,145.070007,147.47,144.17999,146.63,2790600
2020-10-06,146.92999,147.83,143.92999,144.13,2409200
2020-10-07,148.52,149.89,146.85001,148.96001,4602800
2020-10-08,152.39999,153.94,150.5,153.5,4686100
2020-10-09,154.089996,157.14999,154.070007,156.88,4590600
2020-10-12,156.83,157.14999,154.42,154.49001,3242700
2020-10-13,153.0,154.33,148.55,150.080002,5963900
2020-10-14,150.38,150.60001,147.71001,148.46001,2710200
2020-10-15,146.50999,146.91,145.38,146.78,3785900
2020-10-16,147.11,148.38,146.0,146.12,2918900
2020-10-19,147.0,147.41,142.21001,142.8,3158900
2020-10-20,143.36,144.12,142.11,143.59,2188700
2020-10-21,142.28999,143.33,141.21001,141.31,1983700
2020-10-22,141.53,142.25999,140.8,141.64999,3056600
2020-10-23,142.24001,144.7,141.72,142.38,2427200
2020-10-26,141.89999,142.28999,140.050003,141.7,2947100
2020-10-27,133.020004,136.080002,131.87,131.89999,11374600
2020-10-28,130.46001,134.10001,130.31,131.31,6188000
2020-10-29,132.0,133.13,130.38,132.55,4099900
2020-10-30,131.75999,133.10001,129.21001,130.46001,4335300
2020-11-02,132.53999,133.95,129.99001,131.63,3449500
2020-11-03,133.64,134.070007,130.7,130.98,3628400
2020-11-04,134.91,151.98,134.91,148.59,12211700
2020-11-05,147.67999,148.81,144.7,145.52,5731000
2020-11-06,145.050003,147.39,139.10001,142.74001,6229800
2020-11-09,142.53999,144.75,140.60001,142.33,5493800
2020-11-10,147.60001,149.2,143.78999,146.56,5377000
2020-11-11,147.75999,147.75999,143.37,144.75999,3046800
2020-11-12,142.92999,143.46001,139.86,141.029999,3463400
2020-11-13,142.42999,143.21001,141.32001,142.38,2142700
2020-11-16,143.059998,144.3,140.0,140.59,4957600
2020-11-17,139.57001,141.96001,138.61,141.2,3619200
2020-11-18,141.89999,142.42,140.13,140.17,2795100
2020-11-19,140.25,143.89,138.92,143.41,4626100
2020-11-20,142.84,147.089996,142.84,145.49001,5063800
2020-11-23,145.53999,145.62,141.16,143.38,3794200
2020-11-24,143.39,145.64,143.11,144.89999,4127000
2020-11-25,144.89999,145.34,142.61,144.75,3223700
2020-11-27,145.64999,147.92,145.36,147.44,1754000
2020-11-30,146.34,148.17,144.89999,145.64999,5842200
2020-12-01,146.69,148.059998,145.25999,145.56,3954400
2020-12-02,145.36,147.089996,144.38,145.16,3757400
2020-12-03,145.7,146.5,143.13,144.11,4059600
2020-12-04,144.070007,148.72,144.0,148.45,3058600
2020-12-07,147.3,148.33,146.48,147.42,2637200
2020-12-08,146.98,150.14,146.91,149.3,2754400
2020-12-09,154.59,158.94,153.67999,158.0,8364400
2020-12-10,159.87,162.0,158.17999,161.0,6430600
2020-12-11,159.72,161.17999,159.059998,160.039993,3441900
2020-12-14,160.69,162.28999,157.83,157.91,4390100
2020-12-15,159.42999,168.23,158.050003,167.42999,6974300
2020-12-16,169.69,173.19,166.75,172.050003,6009900
2020-12-17,171.73,173.89999,171.10001,172.63,3521100
2020-12-18,172.52,172.89,169.0,171.39999,7356400
2020-12-21,168.88,169.0,165.8,168.78,3655900
2020-12-22,167.71001,168.39,165.87,166.72,2447900
2020-12-23,167.45,168.0,165.47,165.48,1697300
2020-12-24,165.85001,167.94,165.85001,166.66,627200
2020-12-28,167.21001,167.60001,165.21001,166.5,1482000
2020-12-29,166.63,167.75,165.91,166.58,1712000
2020-12-30,167.44,168.39,166.67999,167.0099945,1413300
2020-12-31,167.070007,169.14,166.28999,168.84,1643600
2021-01-04,169.020004,169.48,163.10001,165.5,3164800
2021-01-05,165.19,166.66,163.2,166.32001,2322600
2021-01-06,162.98,167.28,162.97,164.32001,3619700
2021-01-07,164.17999,167.12,161.78,165.83,3025500
2021-01-08,166.22,166.86,164.64,166.41,3438100
2021-01-11,185.0,189.3,182.020004,185.94,11396500
2021-01-12,182.78999,184.24001,177.44,178.8,7179300
2021-01-13,179.83,187.62,179.34,185.5,7303900
2021-01-14,185.27,188.96001,184.58,186.69,4413200
2021-01-15,186.8,191.78,186.8,190.77,6624600
2021-01-19,196.0,199.52,194.070007,198.48,7729100
2021-01-20,198.77,201.77,198.67999,201.25999,5335800
2021-01-21,203.7,204.72,198.0099945,202.35001,8698800
2021-01-22,202.039993,206.53999,200.56,206.14,6128800
2021-01-25,208.24001,212.53,208.089996,212.35001,5959100
2021-01-26,212.55,213.23,210.60001,212.72,6601500
2021-01-27,211.070007,212.020004,205.10001,207.57001,7358000
2021-01-28,208.0,211.84,207.57001,210.12,5460400
2021-01-29,211.96001,218.0,204.46001,207.97,8401700
2021-02-01,209.46001,209.89,203.10001,203.14,5383800
2021-02-02,204.38,205.89999,197.35001,197.56,5314600
2021-02-03,197.81,200.59,196.89,196.96001,3679000
2021-02-04,196.81,201.88,195.64,201.62,2924300
2021-02-05,201.62,202.92,200.85001,201.77,2732200
2021-02-08,202.38,206.42999,201.91,205.77,2909300
2021-02-09,203.75,204.95,200.32001,201.71001,2661300
2021-02-10,204.47,205.55,201.64,204.39,3062700
2021-02-11,202.87,204.17999,201.62,202.58,3544700
2021-02-12,201.64999,208.22,201.14999,207.28999,2611300
2021-02-16,205.98,207.49001,203.61,205.75999,2741900
2021-02-17,205.0099945,206.69,204.27,206.46001,3329900
2021-02-18,205.3,205.42,200.95,201.12,3919400
2021-02-19,201.13,202.88,200.33,200.92,3434900
2021-02-22,199.17999,201.61,197.96001,200.67999,2263600
2021-02-23,200.31,204.31,198.67999,202.48,3287700
2021-02-24,201.67,206.46001,201.63,204.52,2848800
2021-02-25,203.57001,205.55,201.75,203.82001,2386700
2021-02-26,206.7,206.99001,202.059998,204.89,3887900
2021-03-01,205.78,208.24001,204.78,206.47,2797400
2021-03-02,208.89,209.95,204.10001,204.14,3445300
2021-03-03,203.37,204.31,199.71001,202.0,3660300
2021-03-04,203.78999,204.74001,198.61,200.53999,4308400
2021-03-05,201.020004,207.67,200.88,206.92,3875900
2021-03-08,207.0,210.89,206.32001,207.029999,3300300
2021-03-09,208.34,212.16,206.059998,206.11,4227300
2021-03-10,206.89,208.039993,204.39,205.45,3400200
2021-03-11,206.50999,207.25,204.27,205.21001,4037300
2021-03-12,204.89,208.46001,202.28,208.080002,4541400
2021-03-15,193.0099945,193.17999,188.2,189.16,12388500
2021-03-16,191.53999,191.62,187.23,190.89999,6194200
2021-03-17,189.73,189.83,186.56,186.73,5134200
2021-03-18,186.020004,187.089996,183.8,183.92999,4240000
2021-03-19,184.7,185.8,183.88,184.28999,6048600
2021-03-22,184.050003,185.91,183.2,185.84,2666600
2021-03-23,185.35001,186.66,183.25,183.67999,3284700
2021-03-24,183.7,183.84,179.82001,180.17,3931500
2021-03-25,181.0,183.64,180.22,183.089996,2630500
2021-03-26,184.050003,185.91,182.63,185.31,2868200
2021-03-29,184.66,187.67,183.50999,186.34,3002600
2021-03-30,185.53,186.86,184.71001,185.5,2523600
2021-03-31,185.57001,187.94,185.25999,186.82001,3621300
2021-04-01,186.82001,188.070007,184.66,185.24001,2340400
2021-04-05,185.59,185.89999,183.10001,184.89,2864800
2021-04-06,184.69,185.63,182.49001,182.8,2488400
2021-04-07,182.89999,183.17999,181.22,182.32001,3406600
2021-04-08,182.95,183.97,182.47,182.61,2393200
2021-04-09,182.53,185.14,182.41,184.49001,2611200
2021-04-12,183.42999,183.94,180.88,181.82001,2876100
2021-04-13,181.17999,183.64,181.17999,182.53,3089100
2021-04-14,182.59,184.47,182.050003,183.0,2002100
2021-04-15,183.78999,187.72,183.41,185.92,2586600
2021-04-16,187.38,190.3,186.88,189.25,3731800
2021-04-19,189.24001,190.88,188.070007,189.64,2966400
2021-04-20,190.41,193.5,190.17,190.61,2460900
2021-04-21,191.56,193.0099945,189.8,190.95,2219800
2021-04-22,190.0,191.27,186.75,187.050003,2982600
2021-04-23,187.029999,189.13,187.029999,188.72,2482800
2021-04-26,188.57001,188.64999,186.059998,187.22,2797500
2021-04-27,184.0,185.87,180.78999,182.21001,6838700
2021-04-28,181.45,182.0,178.58,180.55,4682800
2021-04-29,181.059998,182.63,180.0,182.2,2432500
2021-04-30,181.84,183.95,181.19,182.77,3103900
2021-05-03,182.99001,186.35001,182.92,185.92,3197000
2021-05-04,187.53,190.080002,186.78,188.2,3703500
2021-05-05,188.64999,193.57001,188.17,192.81,4274400
2021-05-06,191.55,194.10001,189.32001,193.89,3101600
2021-05-07,194.82001,196.27,193.89999,195.42,2526700
2021-05-10,196.17,196.61,193.5,194.75999,2242000
2021-05-11,193.39,195.75,193.0099945,194.75,1850200
2021-05-12,194.75,195.64999,192.73,193.2,2397400
2021-05-13,192.25,196.11,191.75,194.94,2174300
2021-05-14,195.71001,197.27,194.92,196.21001,1823700
2021-05-17,196.48,199.61,195.089996,195.53,2466000
2021-05-18,195.0,196.35001,193.58,194.63,2369400
2021-05-19,193.61,197.39,193.11,196.50999,3070500
2021-05-20,197.16,201.080002,196.17,199.53,3494400
2021-05-21,200.0,201.92,199.47,199.88,2579000
2021-05-24,201.0,203.62,200.039993,201.020004,2074900
2021-05-25,201.42999,201.85001,199.14,199.22,2919100
2021-05-26,199.23,202.44,198.25,200.99001,2891300
2021-05-27,200.64999,201.38,195.5,199.2,9340300
2021-05-28,199.12,202.28,198.53,199.74001,2386000
2021-06-01,200.32001,200.89,196.67999,198.42,3070200
2021-06-02,199.0099945,200.92,198.25,199.13,2030300
2021-06-03,198.99001,203.64,198.61,202.7,3066600
2021-06-04,202.78999,204.45,201.28999,202.020004,2817700
2021-06-07,201.99001,233.33,201.83,222.52,17231400
2021-06-08,221.71001,222.27,217.37,220.7,4618500
2021-06-09,221.35001,226.73,220.25999,226.0,4934900
2021-06-10,226.97,235.85001,226.25,233.53999,5598200
2021-06-11,227.029999,229.59,221.56,224.089996,5636000
2021-06-14,224.23,226.66,223.020004,226.10001,2720700
2021-06-15,226.10001,226.66,222.87,223.52,2188900
2021-06-16,223.53,224.36,220.2,220.75999,2548800
2021-06-17,220.27,223.10001,220.27,222.21001,1890700
2021-06-18,220.42999,221.050003,218.32001,218.55,4016600
2021-06-21,219.10001,223.77,218.080002,222.67,3671300
2021-06-22,222.63,223.61,220.50999,221.44,1658800
2021-06-23,222.19,222.24001,217.0,217.10001,2419600
2021-06-24,234.92,239.37,230.42,232.97,12290500
2021-06-25,233.12,233.49001,229.39,230.22,6992200
2021-06-28,229.0,229.88,226.88,228.22,2507500
2021-06-29,228.25,231.39999,227.85001,229.37,1621200
2021-06-30,230.089996,230.85001,229.059998,229.52,1786700
2021-07-01,229.50999,231.5,228.66,231.13,1977300
2021-07-02,231.97,234.21001,231.33,233.96001,1994000
2021-07-06,233.63,235.58,233.23,235.42,3125400
2021-07-07,234.67999,236.59,233.46001,235.82001,3141500
2021-07-08,233.83,237.27,232.10001,237.12,2431500
2021-07-09,237.17,238.47,232.75,234.99001,4030100
2021-07-12,235.17,238.0,235.14999,236.0099945,2928600
2021-07-13,235.98,236.64999,234.029999,235.3,1974000
2021-07-14,235.78999,237.23,234.73,236.35001,2103400
2021-07-15,235.0099945,235.99001,230.69,231.47,3611200
2021-07-16,232.5,233.039993,231.21001,232.46001,2229100
2021-07-19,231.88,234.3,230.57001,234.14,2305600
2021-07-20,235.0,237.75,233.94,235.020004,2297800
2021-07-21,236.38,237.37,233.59,237.28999,1651500
2021-07-22,237.28,239.7,236.37,238.49001,1703500
2021-07-23,239.28,244.55,238.56,244.14999,2448100
2021-07-26,242.57001,245.28,242.57001,243.21001,2678800
2021-07-27,243.71001,244.059998,242.66,243.58,2116500
2021-07-28,243.37,248.39999,242.64,246.50999,1688000
2021-07-29,247.5,248.24001,242.24001,245.33,1924100
2021-07-30,244.89999,245.95,242.63,243.5,1905100
2021-08-02,245.73,247.89,244.25,246.60001,1958900
2021-08-03,244.75,259.37,243.5,255.99001,5406200
2021-08-04,256.0,270.64999,255.42,262.47,3892400
2021-08-05,263.28,265.51001,261.32999,264.19,2262400
2021-08-06,263.51001,264.26999,260.73999,263.44,2155200
2021-08-09,264.57999,273.040009,264.5,267.16,3238500
2021-08-10,266.75,271.079987,266.17999,269.45001,2060200
2021-08-11,269.59,270.94,262.66,264.10001,2813300
2021-08-12,263.20001,264.54001,261.48999,263.47,2100900
2021-08-13,263.14999,265.69,263.019989,264.20999,1482300
2021-08-16,264.88,270.26001,264.26999,269.94,2623200
2021-08-17,271.16,275.87,267.17999,272.70999,2096100
2021-08-18,272.01001,274.76001,268.029999,268.51999,2527400
2021-08-19,266.14999,271.85001,265.42999,270.39999,1901000
2021-08-20,269.38,272.87,269.059998,270.91,1536800
2021-08-23,272.29999,272.91,267.70001,267.82001,2438800
2021-08-24,266.20001,267.44,261.78,262.76999,3736000
2021-08-25,262.78,264.51999,261.29001,263.87,2388500
2021-08-26,264.0,265.59,260.57999,261.32001,1732900
2021-08-27,262.51999,263.13,258.57999,259.75,1839700
2021-08-30,261.029999,264.070007,259.60999,262.31,1300700
2021-08-31,262.84,263.64001,257.85999,258.29001,2733400
2021-09-01,258.54001,258.76999,254.49001,257.39999,2956800
2021-09-02,257.41,259.73001,256.47,259.57001,1469700
2021-09-03,260.82999,260.98999,256.78,259.53,1124500
2021-09-07,259.0,260.82001,254.41,254.8,2403700
2021-09-08,254.60001,255.71001,253.67999,254.84,1542400
2021-09-09,253.28999,254.020004,239.67,240.0,4976600
2021-09-10,242.2,243.89,238.57001,239.5,4633500
2021-09-13,240.039993,241.14999,235.14999,237.96001,2832800
2021-09-14,238.72,239.78999,231.98,233.089996,3826000
2021-09-15,233.58,239.38,233.059998,233.73,2802500
2021-09-16,234.080002,234.69,229.73,231.039993,2958700
2021-09-17,229.71001,230.83,228.23,230.10001,4480000
2021-09-20,228.089996,232.73,227.28999,231.64,2803400
2021-09-21,232.059998,233.72,229.74001,230.17,2172800
2021-09-22,230.0,231.029999,227.58,228.3,2529600
2021-09-23,229.3,234.2,229.0099945,232.17999,1912300
2021-09-24,232.77,235.39,231.34,231.67999,1642500
2021-09-27,229.97,231.059998,225.61,226.39999,2785900
2021-09-28,226.39,226.39999,220.2,221.60001,3583300
2021-09-29,225.41,231.44,224.56,230.36,3971000
2021-09-30,232.78,237.16,230.8,231.050003,3786100
2021-10-01,231.0,231.67999,225.45,229.59,2215700
2021-10-04,227.8,230.19,224.22,224.85001,4784700
2021-10-05,226.44,232.56,226.17,230.92999,2802000
2021-10-06,230.56,230.85001,226.050003,227.85001,2462700
2021-10-07,229.12,234.11,229.0,233.17999,2001800
2021-10-08,233.42,235.81,231.55,233.94,2563000
2021-10-11,236.7,237.99001,233.60001,233.67,1892300
2021-10-12,234.7,235.070007,231.98,232.78,1719200
2021-10-13,234.070007,237.92,232.8,236.44,2105700
2021-10-14,237.0099945,238.44,234.11,236.69,1824700
2021-10-15,237.42,239.3,235.82001,237.88,2598300
2021-10-18,237.95,242.66,236.7,238.98,2546000
2021-10-19,239.059998,242.55,239.059998,242.31,1573200
2021-10-20,243.73,245.89999,243.039993,243.72,1537500
2021-10-21,244.95,244.95,239.83,241.17,1717700
2021-10-22,240.96001,244.039993,239.56,243.75,1960700
2021-10-25,244.66,246.27,240.52,245.050003,2763100
2021-10-26,244.5,248.92,237.089996,248.44,4533000
2021-10-27,248.61,254.46001,248.32001,250.17,3181300
2021-10-28,250.16,256.75,250.080002,253.35001,3386500
2021-10-29,253.78,256.47,251.77,254.75999,3152000
2021-11-01,255.11,256.48001,248.050003,249.31,2735800
2021-11-02,251.25,259.29999,249.39999,256.85001,3987800
2021-11-03,257.76999,266.79001,257.76001,266.26001,4382900
2021-11-04,265.48001,271.10999,265.26999,271.0,4133400
2021-11-05,268.98999,269.48999,258.56,265.0,3745700
2021-11-08,263.98999,266.91,259.14999,260.53,2386100
2021-11-09,260.53,262.16,258.39001,262.019989,1963800
2021-11-10,262.0,266.0,261.60001,264.64999,2215100
2021-11-11,262.32001,264.32001,261.95001,262.63,1739400
2021-11-12,261.78,262.51999,258.92999,259.64999,1964000
2021-11-15,259.39001,259.60999,257.16,258.42999,1903200
2021-11-16,256.95999,260.35001,255.99001,257.72,2565700
2021-11-17,256.81,264.54999,256.070007,261.17999,2873600
2021-11-18,262.0,263.79999,259.82001,261.32999,1689200
2021-11-19,266.42999,270.79999,260.29999,260.70001,2786800
2021-11-22,262.22,263.98999,259.13,260.44,1995400
2021-11-23,259.47,262.76001,259.25,261.95999,1986200
2021-11-24,262.76999,264.94,260.049988,262.0,2518500
2021-11-26,261.79999,265.88,259.029999,260.37,1495500
2021-11-29,260.019989,262.32001,254.5,254.83,4041700
2021-11-30,253.27,254.0,246.48,248.039993,8265900
2021-12-01,249.44,255.3,247.89,249.13,3241400
2021-12-02,246.52,249.98,245.12,247.88,3817700
2021-12-03,252.13,253.48,243.080002,245.58,4169700
2021-12-06,245.92,246.94,241.53,246.33,3491200
2021-12-07,244.24001,245.44,241.45,245.11,4035800
2021-12-08,246.61,248.17999,239.47,244.32001,3636200
2021-12-09,244.49001,245.91,242.75,242.89999,2291100
2021-12-10,241.2,244.59,241.2,244.14,2380800
2021-12-13,245.50999,250.7,245.46001,248.53,3016700
2021-12-14,247.74001,250.0099945,246.39,249.38,3424000
2021-12-15,262.070007,275.54001,257.20999,275.28,10016700
2021-12-16,275.67001,283.89999,272.049988,279.040009,5546400
2021-12-17,276.67001,276.67001,265.32999,267.42001,7582900
2021-12-20,269.23001,270.01001,260.35001,263.48001,3479400
2021-12-21,264.0,265.95001,260.57001,264.88,2702500
2021-12-22,264.73999,266.56,262.85001,266.5,2721000
2021-12-23,269.049988,275.26999,266.67999,273.10001,2632200
2021-12-27,275.040009,280.29999,274.72,278.41,1677100
2021-12-28,279.34,279.39999,275.89001,276.42999,1033900
2021-12-29,275.82001,279.35999,275.73999,278.42001,1112300
2021-12-30,279.19,280.64999,276.37,277.25,1181500
2021-12-31,277.47,278.73001,276.01001,276.22,1315700
2022-01-03,274.41,274.41,267.059998,271.73001,2621300
2022-01-04,269.0,269.88,263.57999,266.81,2340500
2022-01-05,268.16,268.76999,260.42001,260.64999,3004200
2022-01-06,260.10001,261.29999,255.46001,259.32999,2863200
2022-01-07,259.73999,261.25,256.70999,259.5,2245100
2022-01-10,258.19,260.16,255.89,260.10999,2576700
2022-01-11,261.59,262.41,257.059998,262.32001,2294000
2022-01-12,252.89999,257.44,250.97,255.92,6562800
2022-01-13,254.070007,255.5,248.55,249.67,3726500
2022-01-14,250.14999,250.53999,242.89999,244.12,2894300
2022-01-18,242.75,248.52,242.089996,247.070007,3241200
2022-01-19,246.33,250.41,244.73,245.050003,2487600
2022-01-20,245.58,247.95,242.5,243.13,2655400
2022-01-21,246.88,247.88,242.12,243.059998,2788600
2022-01-24,242.55,243.75999,232.67999,240.42,3712800
2022-01-25,236.81,241.53,235.12,239.46001,2525100
2022-01-26,239.63,242.42999,235.91,237.86,2913200
2022-01-27,239.98,243.27,235.75999,236.72,2178500
2022-01-28,237.49001,245.22,235.050003,245.10001,3081100
2022-01-31,243.27,245.49001,241.92,245.39,3237100
2022-02-01,247.050003,248.84,243.25999,248.28,2449400
2022-02-02,245.35001,251.88,244.029999,250.83,2586700
2022-02-03,247.5,248.12,241.10001,244.81,3473600
2022-02-04,242.72,244.10001,241.22,242.27,3569300
2022-02-07,242.41,244.029999,240.3,243.55,3948300
2022-02-08,241.89999,242.89,237.47,239.91,2615000
2022-02-09,241.25999,244.46001,241.059998,243.27,1759900
2022-02-10,239.89999,244.089996,238.11,239.64,2283100
2022-02-11,239.23,240.63,234.85001,235.74001,2054300
2022-02-14,234.0,236.88,231.87,234.69,2572000
2022-02-15,236.64999,244.78999,236.64999,243.84,3409600
2022-02-16,242.58,247.020004,242.58,245.58,2459000
2022-02-17,245.58,245.59,240.41,240.97,2059100
2022-02-18,238.020004,242.42999,238.020004,240.31,2517900
2022-02-22,239.21001,240.86,237.52,239.13,2936700
2022-02-23,240.55,242.67999,238.020004,238.31,2296300
2022-02-24,235.17999,243.92999,234.0,243.080002,3272300
2022-02-25,243.84,252.89999,243.73,250.85001,2442200
2022-02-28,246.14,250.059998,244.59,249.95,3188800
2022-03-01,247.56,250.34,245.44,249.5,2873200
2022-03-02,249.88,256.48001,249.059998,254.17,2452000
2022-03-03,254.83,259.57999,254.39,258.64001,3153700
2022-03-04,256.20999,263.45999,255.52,262.87,3497100
2022-03-07,259.85999,263.63,257.85999,261.64001,3074800
2022-03-08,259.92999,265.29999,258.91,259.92999,3482600
2022-03-09,263.29999,267.79001,262.070007,262.79001,2965900
2022-03-10,262.84,267.73001,262.84,266.019989,2797200
2022-03-11,265.070007,271.72,265.070007,266.29999,2469600
2022-03-14,268.98999,270.89999,267.32001,269.0,2713800
2022-03-15,269.87,276.48001,269.87,275.45999,4396900
2022-03-16,277.85001,278.60999,273.01001,276.44,3148600
2022-03-17,277.01001,285.89001,276.45001,285.51001,3270100
2022-03-18,285.84,291.35001,284.85999,287.64001,4557900
2022-03-21,287.76001,295.32999,287.76001,289.64001,3495700
2022-03-22,289.67001,290.56,283.39001,285.019989,3791600
2022-03-23,284.42001,288.17999,283.35001,284.19,3149200
2022-03-24,286.29001,288.85001,284.66,287.69,2412400
2022-03-25,288.5,291.64999,286.57999,289.019989,2399800
2022-03-28,291.32999,292.45001,288.31,291.66,2195000
2022-03-29,292.029999,293.14001,287.57999,288.39001,2798100
2022-03-30,290.57999,292.29001,287.98999,289.89001,2220100
2022-03-31,289.37,291.79999,285.92001,286.37,3227600
2022-04-01,286.14999,293.14001,284.0,292.67001,3066200
2022-04-04,292.75,294.98001,290.95001,291.42001,3014100
2022-04-05,291.72,295.82999,289.10001,292.48999,2324200
2022-04-06,296.089996,306.56,294.76999,305.84,4672900
2022-04-07,305.0,314.0,305.0,308.42999,4270800
2022-04-08,308.0,312.38,307.95001,311.69,3024700
2022-04-11,313.089996,313.76001,308.049988,308.95999,2178100
2022-04-12,306.57999,309.60999,304.17999,308.079987,2688100
2022-04-13,307.28,308.29999,300.41,302.67001,2528700
2022-04-14,303.75,304.47,300.19,301.85999,1898100
2022-04-18,301.070007,302.059998,296.79999,298.82001,1581400
2022-04-19,298.41,299.69,293.79999,297.01001,2021700
2022-04-20,297.019989,299.0,292.29999,292.92001,2608600
2022-04-21,292.92001,293.45001,286.66,289.60999,2716800
2022-04-22,289.29999,289.62,278.39999,278.73001,2772600
2022-04-25,278.75,285.95001,276.82999,285.20001,2410200
2022-04-26,286.17999,290.20999,282.79001,282.82999,2166600
2022-04-27,283.10001,288.13,280.59,285.089996,2352100
2022-04-28,295.98999,300.51001,288.56,297.26999,5886900
2022-04-29,295.79001,297.31,289.14001,292.13,3910900
2022-05-02,291.23001,292.84,284.28,289.56,2789900
2022-05-03,288.63,289.81,284.10999,288.070007,2109500
2022-05-04,288.5,296.98001,284.12,294.89999,2743600
2022-05-05,293.42001,294.98999,288.29999,292.37,3120200
2022-05-06,290.17001,298.25,288.51999,296.89999,2931200
2022-05-09,293.51001,294.92999,286.64999,289.23001,3460500
2022-05-10,292.0,293.42999,285.0,285.70001,3140800
2022-05-11,283.67001,294.5,283.0,286.69,2625200
2022-05-12,283.32999,291.98999,283.32999,291.79999,2370000
2022-05-13,292.63,292.79999,286.51001,291.63,2337700
2022-05-16,292.10999,309.44,291.60001,299.38,5118300
2022-05-17,300.0,303.39999,293.39001,301.39999,2553000
2022-05-18,300.0,302.60001,294.029999,295.19,2161400
2022-05-19,293.57999,293.57999,284.37,286.26999,3157400
2022-05-20,290.73001,299.23999,288.92001,298.85001,3129100
2022-05-23,300.60001,304.92001,299.35001,302.60001,2873600
2022-05-24,303.70999,307.67001,299.79999,305.95999,2804900
2022-05-25,307.0,310.42001,304.64001,307.01001,3195700
2022-05-26,305.23001,313.91,303.60999,313.45999,3284200
2022-05-27,312.64999,324.079987,311.26001,323.48001,3694300
2022-05-31,316.63,318.45999,309.029999,313.44,6298900
2022-06-01,313.44,313.89999,305.59,311.079987,2731500
2022-06-02,310.57001,310.67001,298.17001,302.42999,3703300
2022-06-03,302.16,305.81,300.70001,301.64999,2490000
2022-06-06,315.13,315.13,303.089996,303.35999,3734400
2022-06-07,303.98999,312.14999,303.019989,312.10001,3652800
2022-06-08,312.42999,315.5,310.81,313.48999,2684500
2022-06-09,311.60001,311.92001,303.10999,303.25,1963300
2022-06-10,299.23001,301.66,296.87,297.01001,2469800
2022-06-13,290.42999,293.16,288.51001,291.28,2898800
2022-06-14,289.17001,292.0,287.29001,290.79001,2422600
2022-06-15,291.60001,296.34,288.53,292.98999,1970100
2022-06-16,290.20001,290.20001,283.10999,288.070007,2628600
2022-06-17,290.01001,300.98999,289.67999,290.89999,6900000
2022-06-21,292.38,299.28,290.31,297.34,2821300
2022-06-22,296.95999,309.64999,296.42999,306.69,4535700
2022-06-23,309.5,313.19,307.19,312.72,3729300
2022-06-24,319.54999,325.82001,319.01001,325.62,5449900
2022-06-27,324.23001,330.85001,322.0,327.26999,3218900
2022-06-28,326.51999,329.070007,316.76001,317.62,2742900
2022-06-29,318.16,324.70001,317.64999,323.0,2562500
2022-06-30,322.13,327.049988,320.01001,324.23001,2732900
2022-07-01,323.88,325.39999,317.76001,324.70999,1817800
2022-07-05,322.44,327.42999,318.92999,327.17999,2107700
2022-07-06,328.0,332.73999,326.75,330.14999,2252500
2022-07-07,327.25,330.5,326.23999,327.95001,2395000
2022-07-08,326.54999,334.51999,326.16,330.47,1898200
2022-07-11,330.60999,332.67999,329.42999,331.070007,1342600
2022-07-12,330.0,331.98999,323.35999,323.59,2058200
2022-07-13,322.01001,324.67999,320.82999,322.45999,2564200
2022-07-14,317.54001,327.76001,315.51001,326.89001,2615700
2022-07-15,331.97,335.32999,328.17001,331.60001,3340300
2022-07-18,330.12,331.97,319.70999,321.76999,2116300
2022-07-19,324.089996,327.38,321.84,326.20001,1628100
2022-07-20,327.089996,327.82001,320.31,322.029999,2051000
2022-07-21,321.45001,328.049988,319.70999,326.92001,1692100
2022-07-22,326.95001,329.22,325.82999,328.75,1850800
2022-07-25,328.75,332.26999,328.059998,331.54999,1741700
2022-07-26,330.98999,332.57001,328.60999,331.56,1812300
2022-07-27,328.98001,330.87,325.19,328.94,1643000
2022-07-28,330.23999,333.59,321.73999,330.79999,2350900
2022-07-29,331.059998,331.059998,326.82001,329.69,3399900
2022-08-01,327.51001,330.42999,323.45999,324.14999,2464300
2022-08-02,327.19,328.98001,319.35999,320.20001,3405700
2022-08-03,320.63,320.98001,310.22,313.82999,5152200
2022-08-04,310.20001,310.25,302.23999,305.79001,4696300
2022-08-05,302.48001,305.32001,300.31,301.32001,2814300
2022-08-08,300.64999,306.12,296.53,302.5,3218900
2022-08-09,305.089996,306.70001,301.29999,303.019989,2122900
2022-08-10,304.5,307.13,302.59,304.60999,2351000
2022-08-11,301.029999,305.42001,299.63,301.17001,2198800
2022-08-12,302.92001,308.48999,301.29999,308.079987,2305100
2022-08-15,309.20999,314.60999,307.31,313.94,2795800
2022-08-16,313.92999,314.37,309.63,310.31,2248000
2022-08-17,310.01001,320.60001,310.01001,316.82001,2747200
2022-08-18,316.75,318.95999,314.20001,316.72,2261600
2022-08-19,317.51001,325.75,317.5,322.76999,3393100
2022-08-22,322.28,325.76999,320.39001,323.10001,2488000
2022-08-23,321.23999,321.84,313.87,315.10001,2962000
2022-08-24,316.47,320.85999,315.22,318.87,1827000
2022-08-25,320.60001,323.37,315.82999,323.14001,1977900
2022-08-26,323.59,324.59,315.26999,315.56,1858000
2022-08-29,313.34,314.87,309.67999,310.14999,1697000
2022-08-30,310.14001,311.97,306.01001,307.040009,1980300
2022-08-31,307.14001,308.82001,301.10999,301.23001,3183500
2022-09-01,301.0,309.41,300.5,309.13,2939200
2022-09-02,310.10999,310.22,299.76001,301.32999,2525400
2022-09-06,302.95001,312.82999,302.23001,306.82001,2322200
2022-09-07,308.76999,312.39999,304.88,311.60001,2228100
2022-09-08,311.95001,315.73001,307.59,315.5,2212500
2022-09-09,316.45001,320.17001,315.22,317.70001,2177000
2022-09-12,318.89001,320.45001,314.88,315.22,2077400
2022-09-13,310.01001,312.31,304.98999,306.48001,2272400
2022-09-14,307.20999,311.81,305.89999,309.60999,2002900
2022-09-15,309.70999,312.28,305.75,309.47,2348100
2022-09-16,307.97,311.95999,306.73999,308.89001,4380200
2022-09-19,306.48001,306.51999,297.64999,305.089996,2515300
2022-09-20,303.82001,303.82001,298.94,301.73001,1816800
2022-09-21,301.0,304.53,296.32001,296.48001,2241200
2022-09-22,300.79999,312.60999,299.95999,310.87,5918300
2022-09-23,311.87,315.17999,305.12,311.45999,4572600
2022-09-26,308.79999,311.73001,304.88,307.5,3760000
2022-09-27,309.14999,313.95001,308.32001,311.10001,3019600
2022-09-28,333.53,341.70001,328.10001,334.38,9436300
2022-09-29,333.97,334.67999,327.26999,330.01001,3743100
2022-09-30,327.14999,329.51001,322.42001,323.35001,4474100
2022-10-03,325.98999,329.35001,317.049988,321.54999,3340500
2022-10-04,322.17999,330.10001,321.78,329.89001,2622500
2022-10-05,328.29999,333.85001,327.51999,331.78,2186100
2022-10-06,327.94,339.26001,326.87,332.95001,4299200
2022-10-07,332.97,333.070007,324.89999,326.66,2601600
2022-10-10,326.23001,327.01001,320.23999,323.89001,1956200
2022-10-11,320.0,329.029999,319.42999,327.60001,2598900
2022-10-12,327.38,333.64999,323.88,324.57001,1764700
2022-10-13,319.12,333.37,319.10001,332.10001,2657400
2022-10-14,331.56,335.29001,328.23001,331.39001,2231400
2022-10-17,332.79001,337.57999,331.75,332.76001,2230000
2022-10-18,334.14001,335.32999,330.37,335.029999,2087100
2022-10-19,335.25,335.63,325.97,329.29001,2419000
2022-10-20,331.14999,331.44,325.89999,329.070007,1761200
2022-10-21,329.070007,342.42999,326.76999,340.76999,3274700
2022-10-24,344.22,351.76999,344.22,347.89999,3375900
2022-10-25,346.51999,352.32999,343.049988,351.31,2513100
2022-10-26,352.5,361.48001,350.44,357.85999,2373500
2022-10-27,358.98999,361.12,355.32001,356.32999,2347600
2022-10-28,360.32001,362.0,357.040009,359.89999,2942100
2022-10-31,358.64999,363.92001,350.45999,362.089996,4258200
2022-11-01,345.82999,358.98999,340.75,352.57999,7013000
2022-11-02,354.16,363.14999,350.20999,354.95999,3774400
2022-11-03,354.059998,362.82999,351.51001,361.67999,2602500
2022-11-04,365.20001,365.88,353.34,357.41,3004600
2022-11-07,358.0,367.0,357.5,365.070007,2560300
2022-11-08,365.14999,368.75,361.92999,366.66,3278600
2022-11-09,368.44,369.79999,361.91,363.26999,2323700
2022-11-10,367.23999,369.0,363.0,368.72,2994000
2022-11-11,366.16,367.82999,344.51999,352.29999,6646300
2022-11-14,359.070007,360.79999,340.12,356.059998,4717400
2022-11-15,356.94,356.98999,346.35999,349.95001,4180700
2022-11-16,350.0,356.88,349.95999,352.92999,3563800
2022-11-17,352.91,362.29999,352.70999,360.76999,2929700
2022-11-18,362.54999,364.67001,359.35001,361.67001,2420900
2022-11-21,360.39001,363.76001,355.37,361.17001,1999200
2022-11-22,362.0,362.79999,357.29999,360.88,2460400
2022-11-23,361.34,362.47,358.63,361.72,1993000
2022-11-25,362.89999,365.82999,361.54999,365.25,1039100
2022-11-28,363.45001,369.51001,361.0,365.76999,2481300
2022-11-29,364.62,366.10999,360.64001,363.95001,2207000
2022-11-30,365.070007,372.35001,361.79999,371.079987,5556400
2022-12-01,374.79001,375.19,368.48999,370.32999,2516100
2022-12-02,366.079987,375.040009,365.0,374.76001,1925600
2022-12-05,373.76001,375.25,368.28,369.29001,2296500
2022-12-06,367.0,370.64001,365.51999,368.54001,1971000
2022-12-07,369.32001,375.23999,368.76001,371.97,1629100
2022-12-08,373.26001,373.26001,366.5,371.79001,2090900
2022-12-09,373.0,374.0,360.81,360.98999,2787200
2022-12-12,362.92999,367.82999,362.5,367.25,2639200
2022-12-13,361.63,372.73999,358.32001,358.66,5032600
2022-12-14,359.01001,369.42999,357.059998,363.5,5095500
2022-12-15,360.66,363.97,356.69,360.01001,3437100
2022-12-16,357.92999,360.48001,355.17001,359.87,6612200
2022-12-19,357.81,359.70001,354.60999,357.78,2658400
2022-12-20,358.5,361.45001,356.34,359.64001,2276000
2022-12-21,362.63,370.67999,361.20999,368.01001,2211200
2022-12-22,367.32001,369.76001,362.29001,365.31,1958100
2022-12-23,364.82001,367.89999,362.47,367.89999,1030300
2022-12-27,369.5,369.73001,364.32999,364.88,1372100
2022-12-28,366.17001,368.01001,363.94,365.22,996000
2022-12-29,368.10001,370.95001,366.45999,367.019989,1077900
2022-12-30,367.48999,367.95001,362.10999,365.84,1388000
2023-01-03,366.26001,369.0,361.45999,364.98999,2006700
2023-01-04,364.64001,367.12,360.34,363.10001,1886200
2023-01-05,360.95001,361.48999,352.95999,358.92001,2008500
2023-01-06,360.0,366.70001,357.57999,362.94,2131300
2023-01-09,364.0,364.97,348.79001,349.82999,2980600
2023-01-10,349.0,353.20999,343.34,352.75,2465200
2023-01-11,354.34,361.76001,351.0,360.41,2602800
2023-01-12,359.25,360.5,353.079987,359.12,2019700
2023-01-13,359.57001,363.31,358.64001,361.62,1690900
2023-01-17,361.62,362.0,356.54999,357.73999,2435200
2023-01-18,356.32001,359.0,351.57999,352.01001,2302300
2023-01-19,352.37,355.79999,350.42001,351.079987,2658300
2023-01-20,347.0,349.070007,341.57999,346.070007,5391900
2023-01-23,346.60999,346.60999,340.22,342.20999,3403100
2023-01-24,346.0,346.63,341.35999,346.39001,2242500
2023-01-25,345.54999,349.78,345.10001,349.73001,2503300
2023-01-26,351.0,352.17999,346.73001,348.01001,2576200
2023-01-27,346.10999,348.089996,341.53,342.10001,2363600
2023-01-30,344.32999,347.79999,339.45999,340.5,2647700
2023-01-31,340.67999,344.39999,339.38,344.14999,2406700
2023-02-01,342.79001,345.94,337.51999,342.57001,2990900
2023-02-02,334.0,335.29999,317.0,330.70001,13036600
2023-02-03,332.95001,342.32999,329.37,339.079987,5670700
2023-02-06,341.98001,343.42001,334.62,337.66,3055700
2023-02-07,336.049988,340.95999,332.69,339.67999,2464100
2023-02-08,338.56,342.87,337.82001,340.73001,2399400
2023-02-09,340.89001,347.35001,340.5,341.79001,3072800
2023-02-10,343.26999,348.42999,342.73001,345.12,1980000
2023-02-13,346.47,350.81,346.0,350.39999,2291600
2023-02-14,350.54001,353.82001,347.28,347.56,2028900
2023-02-15,345.85001,346.87,334.35001,335.01001,3600700
2023-02-16,331.0,332.94,325.72,326.070007,3654200
2023-02-17,323.14999,331.59,320.5,328.39999,3695600
2023-02-21,327.14999,331.72,326.32999,327.51001,2515600
2023-02-22,328.70999,332.60001,326.32999,329.070007,2379800
2023-02-23,328.01001,332.82999,325.69,327.51999,2229500
2023-02-24,326.0,327.23001,320.089996,321.64001,2594600
2023-02-27,322.60001,323.39999,315.89999,316.62,3043500
2023-02-28,315.48999,315.48999,309.64001,311.22,3966900
2023-03-01,310.0,316.91,309.20001,314.17001,3580800
2023-03-02,311.79001,316.29999,310.53,315.049988,2885200
2023-03-03,316.37,320.16,315.23999,318.42999,3002800
2023-03-06,316.94,320.23999,316.5,318.95999,2673700
2023-03-07,319.0,320.35001,309.60001,310.63,2620800
2023-03-08,310.5,313.029999,309.32001,312.54001,2313200
2023-03-09,312.31,318.76999,312.31,316.85001,3920300
2023-03-10,318.85001,326.53,314.34,315.019989,4597300
2023-03-13,317.23999,331.79999,317.23999,324.48999,5275600
2023-03-14,324.049988,327.28,321.44,327.070007,4214300
2023-03-15,326.0,331.35999,324.5,329.47,4743500
2023-03-16,327.64001,331.70001,325.040009,329.53,3498200
2023-03-17,331.5,334.95001,328.10001,329.17999,8679800
2023-03-20,329.17999,333.94,329.01001,333.60001,3540900
2023-03-21,334.39001,334.44,328.079987,331.079987,3240400
2023-03-22,331.76999,335.60001,330.64999,330.97,2472200
2023-03-23,330.89001,335.34,330.20999,332.64001,2703400
2023-03-24,332.98999,336.92999,328.76999,336.13,2791900
2023-03-27,327.79999,336.22,323.26001,334.60001,3102300
2023-03-28,335.79999,338.82999,334.72,337.64999,2433200
2023-03-29,339.0,339.76999,334.57999,335.87,2743800
2023-03-30,336.070007,341.31,336.070007,340.69,2146900
2023-03-31,342.0,343.64999,340.69,343.42001,2933600
2023-04-03,343.23999,351.54001,342.29999,350.73999,3039600
2023-04-04,352.070007,359.0,351.26999,354.62,3585900
2023-04-05,358.079987,364.85001,357.92999,362.23999,3442700
2023-04-06,364.85001,369.5,364.25,368.29001,3531700
2023-04-10,368.17999,368.35001,363.040009,367.0,1868000
2023-04-11,367.76001,368.79999,363.59,364.040009,2027000
2023-04-12,364.019989,372.44,363.32999,369.049988,2672600
2023-04-13,372.62,375.56,370.31,375.14999,2839900
2023-04-14,374.23999,376.31,372.51001,374.73001,2287900
2023-04-17,375.0,375.89999,371.16,372.35001,2059700
2023-04-18,373.0,374.26001,369.66,369.91,1925300
2023-04-19,370.54999,371.28,367.35001,370.47,2173000
2023-04-20,371.39001,376.059998,369.76001,374.81,2766500
2023-04-21,378.01001,386.26999,378.0,385.23999,3682500
2023-04-24,385.23999,387.049988,381.63,383.35001,2059700
2023-04-25,385.049988,390.48001,384.0,384.84,2648600
2023-04-26,381.12,381.5,370.67999,376.26999,3161200
2023-04-27,391.26001,398.53,380.76999,390.35001,4981300
2023-04-28,398.0,404.31,392.51001,395.85999,5349000
2023-05-01,397.26001,407.35001,392.26001,405.81,4091100
2023-05-02,407.0,411.54001,399.26001,404.20001,3884600
2023-05-03,415.029999,434.20001,414.31,431.19,10129800
2023-05-04,431.45001,432.70001,425.22,428.44,4070700
2023-05-05,428.10001,431.26999,424.56,427.81,2752900
2023-05-08,426.20001,435.0,423.0,432.72,2478600
2023-05-09,431.76999,435.60001,428.049988,428.38,2601600
2023-05-10,426.059998,438.39001,426.059998,435.92001,2766300
2023-05-11,436.70001,436.85001,431.12,435.54999,2595900
2023-05-12,440.16,445.54001,434.42001,434.42999,3938400
2023-05-15,435.37,436.0,430.67001,434.51001,2234800
2023-05-16,434.20001,438.48001,430.66,436.64999,2128800
2023-05-17,438.79999,438.95001,432.73001,437.47,2274200
2023-05-18,436.51001,439.51999,433.59,437.89001,2268100
2023-05-19,439.0,447.51001,439.0,442.38,3442800
2023-05-22,444.31,454.95001,432.39001,433.98999,4398000
2023-05-23,432.92001,435.89001,421.51001,423.20999,4492100
2023-05-24,424.0,428.95999,420.26001,425.76999,3133000
2023-05-25,426.38,428.20001,419.79999,427.31,2882200
2023-05-26,424.89999,431.67001,423.67001,425.79001,2338400
2023-05-30,423.79001,428.73001,422.059998,427.23999,2595700
2023-05-31,427.0,430.56,424.01001,429.45999,3950900
2023-06-01,430.26999,436.79001,428.13,436.48999,2914400
2023-06-02,439.95999,444.70001,436.78,442.32999,2498700
2023-06-05,443.0,447.79999,441.70999,444.26001,2113800
2023-06-06,447.82999,448.87,440.019989,443.070007,1495300
2023-06-07,440.20001,446.69,435.67999,436.37,2458300
2023-06-08,435.88,447.47,432.34,445.66,2040300
2023-06-09,449.29999,449.29999,442.60001,446.040009,2082000
2023-06-12,446.14999,446.98999,438.67999,445.31,2566600
2023-06-13,443.67001,447.39999,442.25,445.72,1766300
2023-06-14,444.29001,448.78,443.54001,447.72,2163300
2023-06-15,448.0,456.57999,447.69,453.92999,2287100
2023-06-16,455.79999,456.98001,447.5,447.70999,4295100
2023-06-20,445.85999,454.88,445.10999,451.95001,2506300
2023-06-21,454.5,455.34,450.20999,453.0,2347500
2023-06-22,455.0,462.26001,453.82001,457.67999,2912500
2023-06-23,457.0,460.01001,452.32001,458.84,4832100
2023-06-26,465.26001,465.26001,448.92001,452.76001,3214700
2023-06-27,462.5,467.98001,451.70001,464.5,4138700
2023-06-28,468.51001,468.53,457.32001,458.70001,2854700
2023-06-29,459.059998,465.82999,457.51001,464.48999,2112400
2023-06-30,464.64999,469.87,464.0,468.98001,3172300
2023-07-03,466.26001,466.26001,457.37,461.42001,2113200
2023-07-05,462.10001,467.25,460.0,465.70001,2130200
2023-07-06,463.12,467.60001,461.62,463.20999,2191700
2023-07-07,462.32999,463.60999,451.23999,452.079987,2914000
2023-07-10,452.95999,454.67001,449.70999,453.16,2011400
2023-07-11,450.0,450.56,437.60999,439.39001,3573100
2023-07-12,438.47,444.29999,435.01001,440.60001,3107800
2023-07-13,440.23001,442.23999,434.34,434.70001,2865100
2023-07-14,441.10001,450.45001,440.87,449.45999,2954500
2023-07-17,449.45001,450.62,443.26001,447.14001,2347900
2023-07-18,446.95001,453.32001,445.040009,451.20001,2237900
2023-07-19,451.39999,455.0,448.56,453.56,2212800
2023-07-20,455.14999,465.22,455.0,463.82001,2624200
2023-07-21,465.41,467.040009,461.97,462.040009,2226700
2023-07-24,462.0,465.64001,457.67001,459.32001,2190700
2023-07-25,457.76001,460.92001,456.60001,457.54001,1737800
2023-07-26,455.0,455.0,446.56,453.59,1959800
2023-07-27,453.32001,458.67999,452.25,454.98999,1883500
2023-07-28,455.13,459.57001,451.78,458.48001,1437600
2023-07-31,459.019989,459.019989,450.79999,454.54999,2110200
2023-08-01,455.35001,457.37,451.45001,453.089996,1738200
2023-08-02,455.23001,461.64001,451.32001,454.48001,2366600
2023-08-03,450.78,454.10001,448.26001,449.16,2414100
2023-08-04,449.23999,452.47,446.89001,449.48999,1869800
2023-08-07,453.25,455.0,450.57999,454.079987,2446400
2023-08-08,506.0,538.0,502.70999,521.59998,15094500
2023-08-09,520.37,532.53003,516.89001,526.22998,5376600
2023-08-10,523.46997,528.73999,519.98999,521.34003,4108500
2023-08-11,523.71997,531.81,520.0,528.28003,2523500
2023-08-14,531.28003,542.29999,529.25,538.0,3981100
2023-08-15,537.72998,547.28998,533.78003,546.62,2826800
2023-08-16,547.40002,552.87,542.5,546.23999,2597100
2023-08-17,543.21002,548.79999,537.39001,537.65997,2549900
2023-08-18,535.030029,547.77002,533.90002,546.42999,2957800
2023-08-21,546.98999,553.5,545.75,550.049988,2305400
2023-08-22,549.53003,556.099976,547.28003,553.65997,1937100
2023-08-23,556.71997,557.40002,548.21002,553.35999,2121300
2023-08-24,552.70001,556.97998,547.29999,548.0,1776700
2023-08-25,549.63,556.099976,547.080017,553.65002,1847600
2023-08-28,550.13,556.22998,550.12,553.91998,1373700
2023-08-29,553.45001,556.34998,549.85999,553.90002,1701200
2023-08-30,555.01001,557.75,547.039978,547.98999,2191100
2023-08-31,547.02002,557.40997,543.0,554.20001,3043400
2023-09-01,556.32001,559.21002,553.51001,557.10999,2030000
2023-09-05,559.22998,561.92999,556.71002,558.19,2257200
2023-09-06,561.02002,561.59003,552.70001,559.95001,2424300
2023-09-07,564.19,576.31,562.62,573.22998,3707100
2023-09-08,572.33002,587.54999,571.21997,586.46002,4308300
2023-09-11,587.15002,598.15997,584.47998,595.56,3876500
2023-09-12,590.96997,601.13,587.84998,599.29999,3212100
2023-09-13,594.65997,600.75,591.70001,598.88,3126600
2023-09-14,599.23999,601.84003,590.01001,591.60999,3244800
2023-09-15,592.0,594.059998,575.059998,575.65997,5938300
2023-09-18,578.0,578.0,564.40997,571.28003,2723600
2023-09-19,571.62,578.40997,570.63,574.96002,2185100
2023-09-20,573.41998,575.25,569.19,569.64001,1869900
2023-09-21,567.19,568.0,542.5,550.13,4049900
2023-09-22,548.81,555.48999,547.63,550.53998,2353800
2023-09-25,550.099976,552.65997,545.75,552.28998,1686500
2023-09-26,550.70001,554.13,548.0,550.01001,1864300
2023-09-27,549.89001,551.69,543.66998,549.76001,2004200
2023-09-28,551.32001,551.67999,541.40002,544.45001,2178800
2023-09-29,545.48999,546.090027,532.20001,537.13,2967100
2023-10-02,536.01001,540.64001,526.81,538.28998,2810100
2023-10-03,536.0,537.34003,516.57001,525.19,3266100
2023-10-04,525.56,536.16998,523.63,531.46002,2220400
2023-10-05,533.53998,542.5,531.60999,541.47998,2950700
2023-10-06,544.0,566.35999,542.71002,565.21997,4743100
2023-10-09,564.02002,579.78998,563.58002,571.76001,4208100
2023-10-10,570.0,585.95001,569.72998,579.31,3526700
2023-10-11,596.20001,608.78998,585.01001,605.28003,5850600
2023-10-12,605.46002,613.0,602.20001,610.5,4063500
2023-10-13,617.89001,629.96997,602.56,609.20001,3963800
2023-10-16,610.98999,621.97998,608.42999,616.64001,2941500
2023-10-17,619.0,620.40002,602.53003,608.31,2911700
2023-10-18,607.23999,615.88,603.23999,607.23999,2049100
2023-10-19,605.0,605.0,578.34003,590.79999,3493700
2023-10-20,590.0,596.91998,580.88,584.64001,3666500
2023-10-23,586.059998,588.34003,576.14001,576.65002,2781900
2023-10-24,580.0,594.52002,579.10999,592.42999,2633000
2023-10-25,596.94,599.70001,585.87,586.46002,2283300
2023-10-26,580.0,581.0,566.15997,568.099976,2846500
2023-10-27,563.01001,570.81,556.64001,560.22998,2717400
2023-10-30,571.21002,573.21002,562.54999,565.71002,2290900
2023-10-31,568.96997,569.60999,547.60999,553.92999,3661400
2023-11-01,555.0,558.42999,551.26001,554.46002,2935900
2023-11-02,578.33002,597.44,571.98999,580.28998,5181300
2023-11-03,578.42999,583.0,567.17999,567.81,3055400
2023-11-06,571.099976,597.71002,571.01001,595.19,3978500
2023-11-07,597.0,601.94,590.13,599.92999,3168200
2023-11-08,607.65997,625.87,592.17999,619.13,7776400
2023-11-09,614.76001,615.65002,583.42999,591.32001,6279800
2023-11-10,595.0,598.85999,586.0,597.71002,3645900
2023-11-13,594.34998,618.75,578.15002,612.71002,5744800
2023-11-14,608.21997,616.039978,602.66998,610.82001,3827600
2023-11-15,610.88,612.90997,584.41998,588.53998,4287000
2023-11-16,591.5,595.090027,581.75,588.75,3030500
2023-11-17,592.45001,596.17999,587.21002,591.71002,2628200
2023-11-20,591.44,604.85999,590.69,597.59998,2827200
2023-11-21,598.44,601.56,591.77002,592.59998,1851600
2023-11-22,595.40002,599.17999,586.75,595.090027,2052200
2023-11-24,598.35999,603.5,596.97998,601.099976,1341700
2023-11-27,601.16998,603.69,591.14001,591.53003,2630700
2023-11-28,592.0,595.38,589.35999,591.59998,1793900
2023-11-29,592.20001,594.53998,584.44,591.85999,1908600
2023-11-30,591.46002,596.22998,586.21002,591.039978,5658400
2023-12-01,591.70001,601.96997,583.0,584.039978,3635900
2023-12-04,582.13,587.090027,574.33002,585.67999,2577100
2023-12-05,583.28003,591.79999,579.37,588.15002,2157300
2023-12-06,590.73999,593.90002,584.40002,589.25,2093100
2023-12-07,588.28003,588.87,577.60999,588.27002,2095000
2023-12-08,589.0,598.29999,584.77002,598.049988,2444600
2023-12-11,598.65997,601.19,567.40997,584.039978,5614100
2023-12-12,582.0,585.84998,578.16998,584.76001,2846100
2023-12-13,583.26001,598.66998,582.31,597.5,3112500
2023-12-14,594.5,594.5,568.69,573.66998,5275900
2023-12-15,572.099976,573.71002,561.65002,572.039978,5315900
2023-12-18,576.46997,583.049988,575.70001,579.76001,3033900
2023-12-19,580.25,585.10999,577.25,579.81,2192700
2023-12-20,576.47998,579.85999,570.030029,570.21002,2647100
2023-12-21,571.40997,575.0,567.02002,572.0,1786500
2023-12-22,573.02002,575.90002,567.41998,570.39001,2225600
2023-12-26,569.5,572.77002,567.64001,570.66998,1678700
2023-12-27,570.5,583.67999,570.5,581.51001,2163400
2023-12-28,581.97998,586.69,580.0,580.84998,1973500
2023-12-29,582.84998,586.16998,579.46997,582.91998,1998000
2024-01-02,580.40997,592.71997,579.049988,592.20001,3226700
2024-01-03,600.0,619.84003,598.79999,617.70001,5130300
2024-01-04,625.26001,636.40997,613.27002,614.5,6272500
2024-01-05,614.0,619.94,610.19,618.54999,2402500
2024-01-08,622.42999,626.059998,609.59003,626.030029,2453900
2024-01-09,630.10999,634.41998,623.71997,625.47998,2918900
2024-01-10,628.48999,637.049988,625.76001,630.19,2679100
2024-01-11,634.39001,639.76001,628.14001,635.71997,2690300
2024-01-12,638.20001,644.0,633.01001,642.91998,2066400
2024-01-16,643.90997,647.72998,633.66998,634.57001,2413600
2024-01-17,639.45001,640.52002,625.19,628.90997,2124100
2024-01-18,621.28003,623.88,612.70001,623.34998,3385000
2024-01-19,622.39001,629.59003,620.0,628.58002,3120500
2024-01-22,630.0,632.64001,625.0,630.88,2030200
2024-01-23,627.69,630.0,614.82001,629.67999,2525000
2024-01-24,633.52002,643.16998,632.0,633.70001,2276900
2024-01-25,627.37,632.60999,624.67999,627.62,2407900
2024-01-26,637.34998,639.59998,630.5,639.25,2410300
2024-01-29,641.5,645.65002,639.77002,645.0,2718500
2024-01-30,645.70001,646.79999,641.0,644.97998,2006100
2024-01-31,650.38,663.54999,637.0,645.60999,4719000
2024-02-01,647.33002,660.52002,643.16998,660.42999,2494300
2024-02-02,662.38,672.62,659.73999,667.65002,3018000
2024-02-05,691.02002,711.88,682.53003,706.20001,7602400
2024-02-06,742.0,742.0,691.099976,705.030029,8187300
2024-02-07,710.38,740.98999,707.02002,725.38,5798000
2024-02-08,728.32001,741.0,725.75,735.67999,4636900
2024-02-09,735.5,745.70001,733.60999,740.15997,2833900
2024-02-12,740.79999,740.79999,726.45001,737.26001,2932300
2024-02-13,730.17999,742.97998,730.17999,742.96997,2860300
2024-02-14,745.82001,764.049988,745.0,757.31,3394300
2024-02-15,755.79999,762.98999,750.01001,757.78003,2507000
2024-02-16,771.030029,794.46997,763.5,782.059998,5000700
2024-02-20,790.0,793.38,753.20001,755.65997,4701100
2024-02-21,738.080017,749.5,733.23999,745.90997,3548700
2024-02-22,763.58002,775.12,756.27002,769.64001,3167400
2024-02-23,774.0,777.65002,762.26001,769.53998,2394800
2024-02-26,771.29999,780.21997,769.12,771.91998,2243800
2024-02-27,754.90002,772.95001,745.44,765.0,2716700
2024-02-28,762.25,763.0,751.65997,757.64001,2716300
2024-02-29,753.080017,756.46002,744.030029,753.67999,3905400
2024-03-01,769.02002,784.080017,764.13,782.12,4240500
2024-03-04,796.44,800.78003,786.15997,792.28003,3855600
2024-03-05,785.31,788.53003,769.28003,777.59003,3168700
2024-03-06,784.28998,787.84998,774.0,779.77002,2518600
2024-03-07,771.84003,792.98999,761.12,780.15997,3977400
2024-03-08,780.0,780.0,755.0,762.14001,4042900
2024-03-11,752.21002,756.79999,727.62,734.37,3968900
2024-03-12,740.96002,755.96997,738.01001,754.95001,2701700
2024-03-13,757.0,760.77002,745.71002,757.84003,2357500
2024-03-14,764.95001,768.0,749.40002,760.72998,2647500
2024-03-15,755.38,760.89001,747.71002,754.16998,3729300
2024-03-18,762.28003,769.67999,758.25,762.65997,2521400
2024-03-19,758.44,773.84998,755.0,772.78003,2557100
2024-03-20,770.10999,773.15997,756.64001,772.85999,2038000
2024-03-21,774.0,780.53998,758.88,770.26001,3013200
2024-03-22,770.0,777.0,767.28003,770.60999,1979700
2024-03-25,771.099976,778.48999,768.15002,773.14001,1806600
2024-03-26,774.20001,778.33002,769.0,774.90002,2099000
2024-03-27,778.71002,785.26001,767.38,778.17999,2297700
2024-03-28,780.32001,793.66998,776.44,777.96002,3209400
2024-04-01,776.0,777.5,753.82001,760.54999,2921300
2024-04-02,755.070007,765.070007,753.5,763.96002,2596800
2024-04-03,765.69,787.25,765.40997,775.98999,3044900
2024-04-04,781.53998,787.90002,767.82001,768.080017,2354000
2024-04-05,765.46997,786.71002,763.090027,784.21002,2111900
2024-04-08,785.02002,785.20001,773.34998,777.28998,1664200
2024-04-09,777.64001,777.82001,750.65002,757.23999,2464800
2024-04-10,751.28003,765.26001,746.83002,761.97998,1700300
2024-04-11,759.78003,763.33002,750.66998,759.59003,1594800
2024-04-12,759.57001,763.5,749.78998,751.64001,2490000
2024-04-15,760.070007,768.0,749.52002,750.77002,2358600
2024-04-16,751.67999,753.14001,743.0,746.73999,2569800
2024-04-17,759.20001,771.83002,744.88,750.77002,3069400
2024-04-18,749.41998,752.20001,743.77002,745.95001,1717300
2024-04-19,749.15997,750.01001,722.070007,726.31,3503900
2024-04-22,729.73999,737.88,725.41998,731.33002,2354100
2024-04-23,741.20001,746.15997,731.44,745.69,2042000
2024-04-24,752.64001,752.64001,728.78998,732.20001,2133400
2024-04-25,725.0,727.98999,718.29999,724.87,2608800
2024-04-26,723.47998,737.45001,721.0,733.51001,2009200
2024-04-29,735.75,740.58002,729.60999,737.20001,2665600
2024-04-30,775.0,795.5,767.65997,781.099976,7437100
2024-05-01,774.76001,782.60999,768.25,776.75,2802100
2024-05-02,777.34003,777.34003,754.28998,755.90997,3205600
2024-05-03,743.0,745.0,730.34003,734.96997,4595100
2024-05-06,738.039978,766.98999,736.0,766.67999,3398300
2024-05-07,768.90002,779.090027,762.10999,777.77002,2879400
2024-05-08,779.099976,781.34998,772.20001,775.0,2089800
2024-05-09,777.0,784.0,769.20001,771.54999,2522100
2024-05-10,774.02002,777.41998,760.0,760.0,2082300
2024-05-13,763.5,763.54999,750.53003,757.70001,1848900
2024-05-14,751.52002,764.5,751.52002,763.97998,1956200
2024-05-15,764.15002,787.65997,763.099976,787.02002,3038300
2024-05-16,784.71002,786.47998,770.14001,771.12,2299700
2024-05-17,772.89001,774.87,767.099976,770.0,1670300
2024-05-20,766.90002,784.33002,766.12,783.17999,2188800
2024-05-21,792.46002,816.60999,791.39001,803.16998,4334500
2024-05-22,801.0,804.88,795.25,802.90997,1767500
2024-05-23,810.0,820.60999,802.15997,808.45001,3025800
2024-05-24,808.0,810.12,804.15002,807.42999,1774600
2024-05-28,809.0,809.0,788.25,807.85999,2483500
2024-05-29,803.0,815.60999,802.090027,811.53003,2380000
2024-05-30,812.78998,819.98999,806.10999,815.059998,1986300
2024-05-31,818.79999,826.21002,811.099976,820.34003,4472100
2024-06-03,823.83002,838.28003,818.5,831.26001,2537200
2024-06-04,834.0,835.46997,825.31,832.59003,1748300
2024-06-05,830.48999,838.45001,817.62,831.76001,2169000
2024-06-06,834.88,846.96997,831.88,837.28998,2109000
2024-06-07,837.76001,856.81,837.01001,849.98999,2468800
2024-06-10,853.97998,871.63,849.39001,865.0,3444500
2024-06-11,882.14001,882.14001,852.22998,865.82001,4109100
2024-06-12,872.0,872.0,853.84998,867.29999,2594600
2024-06-13,869.030029,885.059998,861.5,883.33002,2243400
2024-06-14,882.33002,884.60999,876.0,878.45001,2023300
2024-06-17,878.0,892.20001,876.85999,885.01001,2532200
2024-06-18,887.0,894.87,884.0,891.46002,2437000
2024-06-20,893.0,905.45001,870.13,885.98999,3360000
2024-06-21,885.65997,891.96997,879.79999,883.88,3448700
2024-06-24,889.97998,903.58002,882.94,890.10999,2878200
2024-06-25,891.77002,909.41998,891.5,904.60999,2839800
2024-06-26,904.0,906.34998,897.84003,901.26001,2232100
2024-06-27,903.53003,909.57001,899.71997,909.039978,1948100
2024-06-28,911.31,915.53998,905.38,905.38,3375400
2024-07-01,911.77002,916.83002,904.31,914.37,2546100
2024-07-02,902.71002,912.0,878.5,906.71002,4584600
2024-07-03,911.0,918.5,884.0,898.099976,3078400
2024-07-05,898.42999,916.46002,896.90002,914.57001,2880900
2024-07-08,917.89001,928.60999,912.0,918.0,2364600
2024-07-09,929.049988,935.0,920.78003,932.5,2416000
2024-07-10,936.57001,945.69,933.0,939.78003,2683300
2024-07-11,934.090027,942.88,918.62,934.14001,2855100
2024-07-12,937.0,950.78998,936.030029,948.40002,2315100
2024-07-15,956.20001,966.099976,948.090027,950.46002,2358700
2024-07-16,955.75,956.39001,938.38,941.59998,2111800
2024-07-17,910.01001,925.0,902.64001,905.59003,4200600
2024-07-18,907.030029,909.87,836.65997,848.90002,7649600
2024-07-19,867.65997,880.21002,853.0,857.46997,3782200
2024-07-22,864.79999,874.41998,856.82001,865.96997,2904500
2024-07-23,870.0,887.71997,864.080017,878.28998,2087700
2024-07-24,872.5,878.34003,854.27002,859.88,2726100
2024-07-25,847.0,851.62,806.38,821.19,5468000
2024-07-26,811.87,822.01001,801.29999,804.62,4173900
2024-07-29,814.01001,824.77002,804.0,807.78998,2473700
2024-07-30,815.17999,821.90002,775.81,790.21002,3848600
2024-07-31,800.16998,811.14001,792.090027,804.27002,2961700
2024-08-01,833.62,840.89001,820.17999,832.44,4060700
2024-08-02,816.66998,820.19,787.02002,804.46002,3515900
2024-08-05,758.0,792.94,747.54999,775.26001,4661800
2024-08-06,789.14001,806.27002,785.0,793.17999,3437600
2024-08-07,778.29999,786.58002,763.02002,772.14001,4407700
2024-08-08,875.0,877.78003,825.23999,845.31,9434900
2024-08-09,860.0,908.48999,860.0,891.67999,6587600
2024-08-12,904.21002,904.71997,883.0,884.38,4206100
2024-08-13,894.080017,914.69,890.33002,908.049988,3506800
2024-08-14,910.0,934.38,903.78998,931.67999,3562900
2024-08-15,936.0,937.96002,920.0,931.58002,3080000
2024-08-16,928.39001,936.29999,919.39001,922.12,2364900
2024-08-19,922.12,926.0,916.5,921.81,2374600
2024-08-20,932.099976,967.0,930.51001,949.96997,4961500
2024-08-21,955.62,956.5,939.16998,951.96997,2617000
2024-08-22,951.97998,972.53003,948.14001,954.16998,3183700
2024-08-23,955.44,960.5,943.10999,952.73999,2063300
2024-08-26,949.20001,955.0,942.77002,950.53003,2166000
2024-08-27,952.5,972.47998,949.95001,954.47998,2912900
2024-08-28,954.15002,958.34003,943.26001,948.94,1701800
2024-08-29,955.0,957.52002,936.0,940.20001,1762800
2024-08-30,945.0,961.0,940.51001,960.02002,2555100
2024-09-03,957.77002,969.65002,951.58002,956.53003,2529400
2024-09-04,949.75,954.0,938.01001,946.31,1891700
2024-09-05,941.15997,943.0,906.16998,912.75,3201100
2024-09-06,917.76001,927.90002,893.0,902.71002,3440000
2024-09-09,912.57001,915.42999,895.91998,908.27002,2405900
2024-09-10,914.10999,915.10999,895.0,901.25,1930400
2024-09-11,902.15002,921.53998,897.20001,920.89001,2721100
2024-09-12,924.31,937.62,918.63,935.02002,2511800
2024-09-13,937.01001,942.34998,922.099976,923.71002,2045400
2024-09-16,931.13,932.60999,920.42999,923.53998,1760300
2024-09-17,921.5,921.5,902.29999,906.17999,2248000
2024-09-18,906.31,915.5,903.46002,904.96997,1777000
2024-09-19,912.84998,916.81,903.85999,915.039978,2446500
2024-09-20,921.98999,939.85999,913.20001,921.48999,9921800
2024-09-23,921.0,922.0,909.45001,918.52002,2292000
2024-09-24,922.12,925.67999,909.20001,924.42999,2767400
2024-09-25,931.78998,939.29999,921.19,924.56,1805100
2024-09-26,920.26001,921.84998,905.29999,909.32001,2693000
2024-09-27,893.62,901.21002,875.60999,877.78998,4377300
2024-09-30,864.52002,887.42999,858.81,885.94,3244600
2024-10-01,888.83002,891.27002,878.87,884.47998,2455200
2024-10-02,880.0,893.34998,878.70001,891.070007,1751600
2024-10-03,889.53998,892.0,880.88,885.54999,1974700
2024-10-04,885.90997,888.96997,876.89001,887.15997,1970500
2024-10-07,890.51001,905.28003,889.57001,898.40002,2915700
2024-10-08,903.0,921.96997,902.22998,913.71997,2200000
2024-10-09,916.28998,921.34998,912.0,919.73999,1820100
2024-10-10,920.0,922.0,905.15002,910.69,1682100
2024-10-11,916.039978,932.23999,911.17999,932.059998,2293900
2024-10-14,936.0,937.0,926.0,929.51001,1550400
2024-10-15,924.44,926.52002,907.79999,913.32001,2284200
2024-10-16,910.030029,917.81,897.84003,916.41998,1645400
2024-10-17,921.0,930.51001,916.039978,917.12,2191200
2024-10-18,917.17999,920.91998,905.62,917.96997,2286900
2024-10-21,917.97998,918.85999,904.56,906.13,1592200
2024-10-22,901.67999,911.12,900.20001,909.15002,1391800
2024-10-23,905.62,907.95001,891.72998,903.25,2646600
2024-10-24,898.33002,900.0,888.28003,891.32001,1797100
2024-10-25,899.72998,900.96002,889.45001,892.70001,2228300
2024-10-28,894.87,898.21002,890.78003,895.59003,2084100
2024-10-29,898.21002,907.97998,898.21002,903.58002,3187500
2024-10-30,798.5,860.5,769.0,846.83002,18257200
2024-10-31,836.51001,853.5,825.23999,829.73999,6582800
2024-11-01,828.0,833.0,816.72998,818.92999,5266300
2024-11-04,805.0,820.19,803.67999,806.14001,3918100
2024-11-05,803.83002,809.21002,797.48999,806.059998,3733300
2024-11-06,817.33002,820.72998,767.60999,776.38,8257900
2024-11-07,784.65002,802.54999,778.19,797.45001,4557600
2024-11-08,803.5,847.27002,801.26001,831.53998,7212900
2024-11-11,831.29999,844.0,824.63,832.44,3342800
2024-11-12,830.20001,833.98999,810.71997,818.85999,3378600
2024-11-13,820.32001,829.10999,811.28998,811.81,3059300
2024-11-14,809.19,809.19,783.51001,786.22998,3998800
2024-11-15,775.19,777.97998,744.20001,746.20001,7334600
2024-11-18,733.19,734.0,711.40002,727.20001,9154400
2024-11-19,716.31,730.0,712.41998,729.72998,5832500
2024-11-20,735.78998,757.37,735.46002,753.40997,5158900
2024-11-21,746.12,753.0,735.0,749.91998,4143200
2024-11-22,757.049988,761.28003,745.080017,748.01001,4015500
2024-11-25,750.0,755.0,740.01001,755.0,5690500
2024-11-26,785.20001,807.0,773.95001,789.32001,6622600
2024-11-27,788.12,794.83002,780.29999,788.19,2714700
2024-11-29,791.33002,800.33002,789.33002,795.34998,2206900
2024-12-02,798.10999,805.34998,795.21997,799.79999,2895600
2024-12-03,802.92999,817.13,801.60999,813.33002,2782100
2024-12-04,828.099976,846.46002,820.5,829.84003,3871100
2024-12-05,827.78003,831.13,817.46002,825.62,2423400
2024-12-06,827.67999,841.0,825.69,826.71002,3047100
2024-12-09,823.70001,823.70001,801.28003,803.58002,3176000
2024-12-10,809.27002,814.0,797.0,799.58002,2695200
2024-12-11,795.25,799.5,786.37,796.030029,3510900
2024-12-12,796.72998,801.84003,778.39001,782.34998,2823800
2024-12-13,777.13,794.25,772.98999,789.12,3059400
2024-12-16,792.0,799.78003,775.25,779.0,3426200
2024-12-17,777.85999,788.0,772.42999,778.62,3924800
2024-12-18,775.0,779.0,762.5,764.71002,3354200
2024-12-19,765.099976,772.96997,752.40002,757.53998,4032600
2024-12-20,811.34998,811.34998,766.60999,767.76001,9942300
2024-12-23,785.16998,799.35999,773.070007,796.28003,3622300
2024-12-24,791.37,797.75,787.099976,795.66998,1165400
2024-12-26,794.12,803.90997,791.5,794.14001,1274200
2024-12-27,790.0,793.29999,779.21997,783.16998,2096500
2024-12-30,777.91998,779.76001,771.0,773.84003,1719100
2024-12-31,771.0,773.90997,764.29999,772.0,2327000
2025-01-02,780.59003,787.0,771.77002,778.070007,1938900
2025-01-03,778.16998,785.84003,775.53003,781.97998,1799100
2025-01-06,783.71997,784.77002,763.34998,765.099976,3991100
2025-01-07,764.90002,783.96002,761.62,773.28998,3576100
2025-01-08,773.83002,792.56,770.66998,787.21997,3478400
2025-01-10,791.92999,800.0,784.85999,799.90002,3973100
2025-01-13,794.40002,805.34003,783.60999,797.47998,3683800
2025-01-14,784.22998,784.22998,729.0,744.90997,10373000
2025-01-15,749.0,754.59998,735.27002,746.73999,5736900
2025-01-16,747.5,765.51001,746.40002,757.59998,3070300
2025-01-17,747.83002,755.28003,725.01001,725.71997,5560100
2025-01-21,731.27002,743.28003,726.53003,742.34998,5122800
2025-01-22,745.58002,760.37,739.049988,753.97998,3737800
2025-01-23,747.65997,766.59998,744.25,766.59998,3127200
2025-01-24,761.95001,789.28998,760.48999,785.40997,4170600
2025-01-27,778.71002,809.25,778.71002,808.16998,3915200
2025-01-28,807.23999,816.15002,800.10999,804.98999,2808800
2025-01-29,806.98999,809.12,799.0,804.080017,1827600
2025-01-30,808.40997,824.62,805.0,823.22998,2643000
2025-01-31,823.0,827.34998,811.030029,811.080017,2562600
2025-02-03,804.27002,817.96002,801.75,810.42999,2808800
2025-02-04,811.049988,829.039978,805.94,826.070007,4299700
2025-02-05,835.15002,846.90002,831.059998,842.17999,4578900
2025-02-06,839.52002,887.73999,835.60999,870.37,7138500
2025-02-07,876.53003,889.35999,869.62,878.31,4426100
2025-02-10,877.72998,880.0,859.37,868.88,3065600
2025-02-11,867.030029,874.19,860.5,865.0,1944200
2025-02-12,856.92999,877.78003,856.10999,872.96997,2533400
2025-02-13,877.070007,883.5,867.79999,871.85999,2472900
2025-02-14,869.099976,873.5,841.48999,844.27002,3222300
2025-02-18,856.41998,862.72998,851.35999,857.20001,4289400
2025-02-19,857.17999,881.33002,857.17999,867.049988,3205500
2025-02-20,866.84003,880.32001,864.0,873.12,2990300
2025-02-21,880.62,894.40002,873.42999,873.67999,3940400
2025-02-24,879.28998,893.10999,870.02002,881.40002,3017100
2025-02-25,890.73999,912.0,890.73999,901.79999,5111300
2025-02-26,898.37,922.42999,896.59998,915.01001,3032800
2025-02-27,915.71997,925.5,904.059998,905.15997,3085400
2025-02-28,901.84003,921.21997,892.60999,920.63,4071100
2025-03-03,912.79999,935.63,910.0,929.71997,3979800
2025-03-04,922.23999,929.15997,902.78998,911.059998,3343500
2025-03-05,904.79999,930.48999,901.64001,929.71997,3109500
2025-03-06,920.41998,931.38,898.28003,912.76001,3273100
2025-03-07,905.39001,908.0,861.39001,869.58002,4818100
2025-03-10,853.90997,863.19,825.78003,829.76001,5962900
2025-03-11,827.20001,832.34998,811.64001,824.059998,3796500
2025-03-12,814.95001,834.65002,813.26001,821.85999,3014800
2025-03-13,818.23999,821.10999,795.38,801.65002,3566300
2025-03-14,803.10999,815.21002,800.0,813.47998,3102300
2025-03-17,816.95001,829.0,814.57001,824.76001,2546600
2025-03-18,833.41998,836.28998,812.62,822.51001,2354900
2025-03-19,821.71997,842.13,819.5,837.01001,3790500
2025-03-20,839.030029,854.39001,832.46002,842.57001,4402700
2025-03-21,837.79999,850.42999,825.32001,837.57001,5963800
2025-03-24,845.32001,866.87,837.76001,864.90002,3102400
2025-03-25,869.54999,874.91998,847.91998,852.34998,2670600
2025-03-26,845.69,851.40997,826.40002,826.76001,2562100
2025-03-27,822.82001,826.77002,815.28998,821.66998,2128200
2025-03-28,820.0,829.78003,817.42999,822.51001,2124700
2025-03-31,808.97998,828.01001,789.40002,825.90997,3737000
2025-04-01,818.59998,820.65997,797.0,805.22998,2987700
2025-04-02,795.039978,819.84998,795.039978,818.21997,2683800
2025-04-03,810.51001,818.78998,787.059998,789.090027,2675100
2025-04-04,762.10999,768.27002,734.70001,738.21002,5299400
2025-04-07,697.92999,748.0,677.090027,723.72998,6274400
2025-04-08,754.97998,763.5,713.28003,726.23999,4115200
2025-04-09,704.40002,754.83002,689.0,753.71002,6619000
2025-04-10,738.90002,741.95001,691.77002,720.90997,4182700
2025-04-11,722.89001,735.84003,711.97998,732.40997,3603400
2025-04-14,750.45001,759.56,734.52002,754.34998,3461200
2025-04-15,755.57001,765.31,751.48999,757.17999,2458100
2025-04-16,755.64001,756.29999,730.34003,734.90002,3302600
2025-04-17,840.79999,858.0,821.84003,839.96002,10846400
2025-04-21,841.51001,843.90997,807.0,818.02002,3326600
2025-04-22,821.88,832.0,814.0,827.53998,3086500
2025-04-23,836.96002,846.01001,818.64001,829.41998,2714600
2025-04-24,836.0,862.25,829.21002,859.72998,2939500
2025-04-25,859.65997,885.58002,851.070007,884.53998,3398900
2025-04-28,870.44,882.25,864.40997,877.28998,3457600
2025-04-29,877.70001,892.46997,874.030029,885.20001,2454400
2025-04-30,888.20001,902.5,882.12,898.95001,4374100
2025-05-01,844.0,850.92999,792.070007,794.099976,12601100
2025-05-02,825.12,831.53003,807.59003,823.62,6059400
2025-05-05,817.0,829.64001,812.030029,821.46002,2889600
2025-05-06,816.89001,818.41998,770.34998,775.12,5982000
2025-05-07,780.5,784.34003,772.26001,776.71997,3807800
2025-05-08,765.0,769.97998,739.080017,751.45001,6162000
2025-05-09,752.01001,762.01001,733.0,734.57001,4072600
2025-05-12,727.87,765.33002,722.17999,755.57001,9176100
2025-05-13,755.54999,759.5,740.84998,746.059998,4523900
2025-05-14,749.23999,759.5,714.030029,715.56,7558500
2025-05-15,725.70001,738.67999,712.21002,733.28998,5212900
2025-05-16,740.0,758.87,738.0,757.39001,4645100
2025-05-19,753.0,758.71997,747.56,755.10999,4062700
2025-05-20,756.0,763.5,743.0,747.01001,3873500
2025-05-21,747.049988,750.52002,723.96997,724.95001,4060000
2025-05-22,717.099976,722.19,711.54999,715.20001,4249900
2025-05-23,710.0,719.64001,709.0,713.71002,2635700
2025-05-27,717.030029,731.31,714.33002,725.21997,3792700
2025-05-28,725.21997,729.98999,714.73999,719.39001,2948800
2025-05-29,719.22998,727.33002,716.96002,722.57001,2785500
2025-05-30,725.0,745.90002,717.10999,737.66998,6106200
2025-06-02,732.5,747.37,730.70001,747.12,2946900
2025-06-03,746.25,757.0,741.46002,750.78003,3056500
2025-06-04,756.39001,772.62,756.0,765.84003,3135900
2025-06-05,769.5,770.0,753.049988,765.67999,3636400
2025-06-06,768.47998,772.59998,765.20001,769.88,2069900
2025-06-09,771.95001,779.28998,767.59003,773.71002,2262200
2025-06-10,777.090027,808.63,777.0,807.19,4744400
2025-06-11,809.65002,820.71997,805.030029,808.60999,3125400
2025-06-12,810.33002,818.56,806.34998,812.030029,2271100
2025-06-13,810.34003,825.0,808.099976,819.35999,2754600
2025-06-16,821.67999,825.0,805.76001,807.58002,2821800
2025-06-17,805.15997,805.15997,788.94,791.23999,2875600
2025-06-18,789.95001,790.63,779.44,785.030029,2442900
2025-06-20,786.0,786.0,755.56,762.72998,6210600
2025-06-23,770.53003,793.21002,763.83002,770.64001,3951500
2025-06-24,772.89001,784.44,763.02002,778.080017,2788500
2025-06-25,779.0,798.95001,773.59998,792.29999,3023100
2025-06-26,793.95001,798.79999,788.25,795.12,3118200
2025-06-27,795.79999,802.5,774.64001,775.45001,4115100
2025-06-30,778.53998,785.0,774.0,779.53003,3041500
2025-07-01,779.53003,790.0,773.0,775.90002,2734000
2025-07-02,776.5,779.84003,768.0,779.28003,1978300
2025-07-03,780.46002,783.54999,773.0,780.66998,1450800
2025-07-07,780.67999,781.15002,762.030029,772.87,2576900
2025-07-08,774.84998,792.69,768.79999,777.65997,3301800
2025-07-09,783.79999,794.0,781.98999,786.91998,2703100
2025-07-10,789.66998,799.48999,786.42999,790.65002,3130400
2025-07-11,786.34998,795.72998,777.20001,793.01001,2852500
2025-07-14,790.0,800.88,787.35999,799.34003,2401400
2025-07-15,801.66998,805.41998,764.38,771.75,4174100
2025-07-16,773.5,796.039978,772.15997,789.79999,3255400
2025-07-17,786.78998,790.0,760.02002,761.5,4107300
2025-07-18,763.85999,775.96002,760.5,771.71002,3357700
2025-07-21,768.16998,772.0,760.5,762.17999,3058000
2025-07-22,763.34003,778.28998,762.5,776.44,2496600
2025-07-23,780.0,800.090027,777.080017,798.89001,2683600
2025-07-24,801.35999,810.14001,797.65002,805.42999,2786400
2025-07-25,809.0,815.19,802.37,812.69,2976900
2025-07-28,812.65002,820.21997,802.5,808.10999,2587700
2025-07-29,774.5,779.48999,755.17999,762.95001,7100700
2025-07-30,774.0,778.099976,758.40997,760.080017,4338700
2025-07-31,747.29999,766.45001,735.44,740.070007,5810300
2025-08-01,746.82001,768.0,745.98999,762.33002,4859500
2025-08-04,759.96997,774.47998,752.57001,769.0,3353400
2025-08-05,765.57001,769.94,759.52002,765.95001,3615200
2025-08-06,756.56,763.0,740.19,746.37,4752100
2025-08-07,675.65997,678.28998,633.20001,640.85999,26101600
2025-08-08,655.0,656.17999,623.78003,625.65002,14125100
2025-08-11,629.41998,654.44,625.90002,635.21997,11294200
2025-08-12,639.5,646.17999,629.40002,639.42999,6897400
2025-08-13,650.40002,661.75,644.5,660.48999,6310000
2025-08-14,662.0,685.47998,655.099976,684.42999,8395900
2025-08-15,694.20001,706.78998,685.79999,701.22998,8224600
2025-08-18,695.02002,707.75,693.5,698.049988,4997300
2025-08-19,706.60999,714.27002,698.54999,703.21002,5941000
2025-08-20,701.52002,705.79999,685.15002,705.44,4139400
2025-08-21,705.20001,718.40002,705.20001,709.82001,3617300
2025-08-22,715.039978,719.46002,709.42999,711.67999,3222700
2025-08-25,711.0,713.5,694.22998,695.33002,2898100
2025-08-26,716.23999,736.17999,713.099976,736.030029,7695600
2025-08-27,736.96002,746.59003,731.54999,734.16998,4326200
2025-08-28,735.79999,738.59003,726.34003,731.96002,3117000
2025-08-29,732.32001,737.41998,728.5,732.58002,2551200
2025-09-02,727.98999,737.14001,723.64001,735.19,3222500
2025-09-03,732.02002,737.83002,729.02002,737.83002,2222500
2025-09-04,736.32001,747.0,735.33002,742.90997,2423400
2025-09-05,744.70001,744.70001,722.57001,727.21002,3958200
2025-09-08,729.71002,742.70001,719.21997,738.64001,4534600
2025-09-09,734.17999,752.84003,733.87,750.60999,2986900
2025-09-10,748.090027,755.79999,742.48999,754.62,2477400
2025-09-11,752.47998,761.13,750.37,756.28003,2197500
2025-09-12,760.16998,761.59998,748.0,755.39001,2198300
2025-09-15,753.070007,756.34003,742.10999,748.19,2790900
2025-09-16,745.40997,770.38,744.53998,764.71002,3881300
2025-09-17,761.48999,776.96002,756.34003,760.13,3471200
2025-09-18,761.38,772.53998,759.01001,762.92999,3464000
2025-09-19,765.0,765.0,749.20001,751.98999,7349500
2025-09-22,748.56,762.039978,746.27002,754.95001,2527400
2025-09-23,750.57001,753.0,743.16998,746.97998,2910100
2025-09-24,745.98999,746.94,736.15997,741.84998,2243000
2025-09-25,737.66998,740.0,712.049988,714.59003,5136400
2025-09-26,724.12,729.0,717.080017,724.53998,3559700
2025-09-29,725.54999,727.85999,716.080017,726.51001,3309200
2025-09-30,726.96002,766.34998,725.31,763.0,6234300
2025-10-01,763.29999,833.29999,763.29999,825.41998,10124500
2025-10-02,814.35999,834.46002,812.81,819.84998,4291800
2025-10-03,824.94,848.13,816.099976,839.87,5088500
2025-10-06,839.95001,856.57001,838.65997,845.049988,3651400
2025-10-07,845.0,848.53998,836.58002,843.63,2610800
2025-10-08,850.0,856.0,844.98999,845.71997,2180900
2025-10-09,851.69,860.25,845.70001,855.34998,3071700
2025-10-10,858.0,864.34998,830.10999,833.48999,3431000
2025-10-13,832.67999,835.32001,817.34998,819.40002,2167500
2025-10-14,822.090027,822.090027,806.0,812.34998,1928400
2025-10-15,812.5,830.19,808.58002,826.57001,2355800
2025-10-16,825.070007,834.70001,815.37,819.38,2272900
2025-10-17,788.96002,804.44,783.84998,802.83002,3983000
2025-10-20,805.59998,809.40997,799.77002,808.96002,2279700
2025-10-21,806.92999,812.98999,798.71002,799.57001,2099500
2025-10-22,798.40002,815.94,793.82001,812.42999,2930600
2025-10-23,806.40002,824.70001,806.02002,821.039978,2632900
2025-10-24,815.21002,834.15002,812.5,825.45001,2211200
2025-10-27,825.0,826.41998,811.47998,826.40997,2114800
2025-10-28,826.0,829.46002,814.049988,820.099976,2493500
2025-10-29,827.31,830.28998,809.63,813.53003,3591200
2025-10-30,837.5,853.0,812.25,844.5,6037200
2025-10-31,839.15997,869.90997,834.19,862.85999,5015000
2025-11-03,866.53003,901.34003,862.62,896.53003,5401500
2025-11-04,891.40997,915.21997,883.64001,906.85999,5911500
2025-11-05,911.0,955.46002,907.85999,925.81,7272900
2025-11-06,928.0,949.90002,916.26001,937.44,6417400
2025-11-07,931.16998,932.0,900.90002,924.37,4373400
2025-11-10,939.73999,981.98999,938.40997,966.64001,5696600
2025-11-11,966.54999,999.95001,965.28998,988.62,4166400
2025-11-12,993.12,1022.41998,990.099976,1017.78003,5185200
2025-11-13,1010.090027,1032.94995,1010.090027,1022.87,4153600
2025-11-14,1009.0,1033.62,1007.78998,1025.28003,3862300
2025-11-17,1003.71997,1032.14001,998.29999,1021.70001,4720000
2025-11-18,1014.01001,1040.71997,1014.01001,1030.050049,3430500
2025-11-19,1029.64001,1055.58997,1026.25,1049.59998,3571200
2025-11-20,1045.5,1057.0,1038.25,1043.29004,3135700
2025-11-21,1041.0,1066.65002,1038.0,1059.69995,4266700
2025-11-24,1056.77002,1075.71997,1049.38,1070.16003,5497200
2025-11-25,1075.82996,1111.10999,1073.25,1109.93994,4181500
2025-11-26,1102.0,1111.98999,1098.099976,1104.33997,3093700
2025-11-28,1096.71997,1099.050049,1067.68994,1075.46997,2732200
2025-12-01,1074.38,1084.15002,1055.0,1057.89001,3070200
2025-12-02,1052.56995,1068.18005,1040.35999,1046.12,3280000
2025-12-03,1046.39001,1051.47998,1022.32001,1033.56006,3447000
2025-12-04,1032.63,1032.63,1007.17999,1014.48999,3854900
2025-12-05,1023.84003,1027.39001,1004.0,1010.31,2502100
2025-12-08,1010.73999,1014.20001,988.88,997.59003,3088600
2025-12-09,1002.84003,1012.0,979.17999,982.21997,2569700
2025-12-10,985.0,1003.0,977.12,993.64001,2966300
2025-12-11,1008.15002,1031.56006,987.0,1009.38,4517000
2025-12-12,1008.76001,1028.90002,1003.5,1027.51001,3275200
2025-12-15,1032.55005,1065.0,1032.55005,1062.18994,4648400
2025-12-16,1063.5,1068.25,1036.22998,1054.29004,4024500
2025-12-17,1064.30005,1064.30005,1036.41003,1041.79004,3726600
2025-12-18,1041.80005,1079.26001,1039.54004,1056.88,3848600
2025-12-19,1059.01001,1075.38,1059.01001,1071.43994,5829100
2025-12-22,1076.71997,1083.47998,1063.0,1076.47998,2625600
2025-12-23,1063.5,1088.47998,1063.5,1071.64001,2108600
2025-12-24,1074.64001,1085.72998,1072.70996,1076.97998,932800
2025-12-26,1076.97998,1081.39001,1068.30005,1077.75,1014600
2025-12-29,1077.94995,1085.5,1074.38,1078.72998,1653000
2025-12-30,1078.95996,1082.37,1072.069946,1079.75,1251500
