DateTime,Open,High,Low,Close,Volume
2018-12-13,90.34,91.95,87.59,89.56,995600
2018-12-14,87.43,91.19,86.050003,90.58,864600
2018-12-17,89.35,89.35,82.12,82.88,1822500
2018-12-18,84.35,86.5,82.201,84.39,1302900
2018-12-19,84.51,88.52,83.021004,85.55,1270000
2018-12-20,84.33,86.61,75.91,79.77,1934400
2018-12-21,80.53,80.825,70.099998,72.95,2817800
2018-12-24,70.48,74.796,70.11,71.78,627300
2018-12-26,72.86,79.85,72.86,79.69,979600
2018-12-27,77.78,83.41,77.0,82.29,851100
2018-12-28,83.45,83.5,78.78,80.5,1009700
2018-12-31,81.99,86.0,81.99,83.74,1333600
2019-01-02,81.4,82.58,78.11,79.95,1325100
2019-01-03,77.7,79.5,75.0,75.89,1157800
2019-01-04,77.85,83.89,77.295,81.73,1214700
2019-01-07,83.050003,89.2,82.75,85.7,1158900
2019-01-08,88.0,90.59,85.080002,89.99,1414200
2019-01-09,89.099998,89.5,84.36,86.62,1964700
2019-01-10,77.82,81.5,72.91,75.2,5915100
2019-01-11,75.2,78.24,73.57,74.48,1948200
2019-01-14,73.62,73.91,70.66,73.74,1560300
2019-01-15,73.86,78.74,73.8,78.4,1254400
2019-01-16,78.26,78.874,73.85,74.050003,1004200
2019-01-17,72.72,76.91,72.0,75.6,1001200
2019-01-18,76.089996,80.57,76.089996,80.34,1404000
2019-01-22,78.85,81.925,77.74,81.23,927700
2019-01-23,82.0,86.22,81.68,84.089996,1408900
2019-01-24,83.82,84.87,83.25,84.27,671400
2019-01-25,84.9,87.089996,83.3,86.9,808500
2019-01-28,84.35,88.85,84.13,88.39,786700
2019-01-29,88.56,89.47,86.81,86.99,920500
2019-01-30,88.059998,89.88,86.51,88.19,662800
2019-01-31,88.5,92.62,88.305,92.36,1033700
2019-02-01,91.019997,93.23,88.35,92.67,690400
2019-02-04,92.87,96.68,92.46,95.27,1022700
2019-02-05,96.13,97.48,94.7,97.089996,821000
2019-02-06,97.73,98.254,93.25,95.07,851400
2019-02-07,93.85,96.514,92.78,95.87,582600
2019-02-08,94.61,98.9,94.0,98.35,583800
2019-02-11,99.21,99.89,97.019997,99.29,584800
2019-02-12,100.0,101.89,99.019997,100.26,581500
2019-02-13,101.38,101.8,97.87,98.29,649600
2019-02-14,97.75,100.7,97.23,99.29,759700
2019-02-15,99.79,100.73,98.33,100.3,716900
2019-02-19,100.4,101.87,99.275,100.019997,695800
2019-02-20,100.0,102.98,100.0,100.49,548000
2019-02-21,100.65,103.49,98.52,103.11,572500
2019-02-22,103.72,106.53,103.67,106.21,916000
2019-02-25,107.26,109.97,106.365,107.92,827200
2019-02-26,107.24,107.24,96.18,98.27,3330600
2019-02-27,97.19,101.25,97.07,100.48,1024000
2019-02-28,100.47,104.28,100.15,101.56,843400
2019-03-01,100.94,105.2,100.34,104.16,944700
2019-03-04,105.7,107.25,95.3,96.77,1642100
2019-03-05,96.79,101.2,96.080002,101.029999,979000
2019-03-06,101.35,102.0,95.5,97.089996,1627900
2019-03-07,96.8,100.56,96.5,99.46,1284900
2019-03-08,96.99,101.34,96.0,99.8,904100
2019-03-11,100.75,105.33,100.62,104.57,1314300
2019-03-12,104.58,106.080002,102.2,104.88,744000
2019-03-13,105.07,107.75,103.53,104.26,2093700
2019-03-14,126.94,134.39999,120.46,130.94,10476000
2019-03-15,130.92,134.77901,128.61,134.23,2804300
2019-03-18,132.32001,138.059998,132.13,137.98,2658100
2019-03-19,137.0,140.53999,136.033005,138.75999,1898500
2019-03-20,138.45,144.75,138.45,143.73,1189800
2019-03-21,143.34,154.74001,143.0,154.64,2486700
2019-03-22,153.25,154.619,147.58,152.75999,2551500
2019-03-25,151.0,154.8,148.75999,151.0099945,1365200
2019-03-26,152.63,154.0,147.61,150.28999,1939000
2019-03-27,150.64,152.0,143.41,146.17,2082100
2019-03-28,146.33,149.35001,144.14,146.17999,989700
2019-03-29,147.75,149.77,145.755,147.020004,777500
2019-04-01,148.75,149.38,144.029999,147.95,773400
2019-04-02,146.47,146.47,140.23,144.7,1595300
2019-04-03,145.63,147.92999,144.16,146.63,1238900
2019-04-04,146.28999,146.28999,134.38,139.95,2285200
2019-04-05,140.7,142.10001,134.85001,135.66,1390700
2019-04-08,134.83,137.75,131.50999,132.87,1688500
2019-04-09,131.73,138.60001,131.522,136.33,1290300
2019-04-10,137.0099945,143.89,136.080002,143.58,1621100
2019-04-11,143.95,145.67999,142.52,143.71001,1157300
2019-04-12,144.83,145.25,141.38,142.81,627600
2019-04-15,142.88,145.99001,141.99001,144.78999,884000
2019-04-16,145.13,145.39999,137.25,138.14,1003500
2019-04-17,139.14999,139.375,131.23,132.19,1517200
2019-04-18,131.60001,131.799,123.6,125.38,3734200
2019-04-22,124.69,130.60001,123.406,130.41,1383000
2019-04-23,131.39999,138.81,131.39999,137.33,1955600
2019-04-24,138.24001,141.495,134.237,135.16,1351200
2019-04-25,136.88,139.95,134.10001,137.66,1053600
2019-04-26,137.44,139.95,134.77,138.98,1027800
2019-04-29,139.75999,140.97,136.97,137.5,891200
2019-04-30,137.47,141.10001,136.47,140.92,1020300
2019-05-01,141.28,141.49899,132.16,133.62,1622900
2019-05-02,133.12,136.3,129.72,132.36,1531900
2019-05-03,133.10001,135.957,129.0,134.46001,994900
2019-05-06,129.81,136.89,129.17,136.49001,805300
2019-05-07,134.87,137.71001,130.89999,133.28,759200
2019-05-08,132.59,135.47,131.61,133.10001,612500
2019-05-09,131.0,136.14,127.14,134.88,1071100
2019-05-10,134.25,137.84,130.28,135.7,824900
2019-05-13,131.8,134.0,127.307,127.84,1008600
2019-05-14,129.39999,134.69099,129.031006,133.34,1187900
2019-05-15,134.37,141.44,131.17,138.44,1706800
2019-05-16,139.25,148.0,139.25,146.86,2960900
2019-05-17,144.42,148.0,142.23,145.74001,1482200
2019-05-20,143.64999,145.92,140.27,145.050003,1347100
2019-05-21,147.21001,148.0,143.33,144.39999,1050600
2019-05-22,143.66,145.82001,142.056,142.46001,579400
2019-05-23,141.0,141.741,136.50999,138.82001,851400
2019-05-24,140.0,143.8,139.62,139.77,680200
2019-05-28,140.53,146.0099945,139.60001,141.39999,2539200
2019-05-29,139.89999,139.89999,135.86,137.49001,980800
2019-05-30,137.83,140.81,137.75,139.99001,703700
2019-05-31,137.75,142.58,136.0,140.34,1194400
2019-06-03,140.3,140.83,129.60001,130.56,1745600
2019-06-04,134.57001,138.5,131.60001,138.21001,1211400
2019-06-05,140.89999,149.32001,140.10001,148.87,3077300
2019-06-06,145.95,148.89999,135.0,147.74001,4472500
2019-06-07,147.33,170.99001,147.186,169.97,3932700
2019-06-10,172.265,184.78,168.067001,172.36,3394500
2019-06-11,172.0,172.41,159.59,163.029999,2196400
2019-06-12,163.7,167.0,161.50999,166.32001,962800
2019-06-13,166.75,167.89999,164.38,166.96001,791200
2019-06-14,166.75,167.75999,163.545,165.67999,520700
2019-06-17,165.25,170.53999,163.63901,164.97,1548100
2019-06-18,169.0,171.47,166.32401,166.36,1526800
2019-06-19,170.50999,174.45,168.0099945,174.0099945,1359100
2019-06-20,176.83,177.49001,171.53999,173.74001,1145100
2019-06-21,171.82001,172.549,166.341,169.87,2289300
2019-06-24,170.23,170.64,164.12,165.3,1159700
2019-06-25,165.94,165.94,155.64,158.59,1266100
2019-06-26,160.5,161.75301,150.291,150.69,1623700
2019-06-27,150.88,153.35201,148.039993,151.49001,2045100
2019-06-28,151.91,152.782,145.25999,152.089996,3847000
2019-07-01,155.32001,155.32001,143.85001,147.67,2665400
2019-07-02,145.62,154.41,144.38,154.050003,2310000
2019-07-03,155.44,158.45,153.46001,154.98,1866900
2019-07-05,152.42,156.020004,151.34,155.89999,993900
2019-07-08,154.94,158.67999,153.0099945,157.039993,952100
2019-07-09,156.56,158.069,154.39,157.72,790700
2019-07-10,159.0,161.38499,156.44,157.23,1102500
2019-07-11,157.25999,159.33,154.33,158.039993,1057600
2019-07-12,157.24001,158.492,151.029999,153.10001,1303400
2019-07-15,153.28999,157.10001,152.39799,153.17,1539000
2019-07-16,153.050003,155.465,146.64999,151.78999,1676300
2019-07-17,152.39999,161.77,151.57001,160.78999,1916000
2019-07-18,159.77,163.17,157.14999,162.92999,1430400
2019-07-19,164.88,166.41,161.0,164.0,1338500
2019-07-22,164.39,166.30499,160.23,160.86,1337000
2019-07-23,162.56,163.10001,154.34399,155.97,1481800
2019-07-24,155.12,158.0,152.186,156.020004,2534800
2019-07-25,156.0,158.58,153.33,155.7,970700
2019-07-26,156.73,159.5,155.5,158.059998,954700
2019-07-29,157.89999,158.52,143.45,144.89,3530800
2019-07-30,144.0099945,146.080002,140.0,142.029999,1432200
2019-07-31,143.0,146.89999,140.881,143.22,1535400
2019-08-01,142.92999,148.78,138.125,143.66,1264300
2019-08-02,142.23,143.5,137.355,140.78,830900
2019-08-05,135.87,141.146,134.321,135.88,1248000
2019-08-06,137.98,141.089996,137.2,139.0,994100
2019-08-07,135.78,143.2,135.41299,142.63,802500
2019-08-08,144.059998,150.78999,144.059998,149.50999,994000
2019-08-09,148.78,151.37,146.48,148.89999,555000
2019-08-12,148.47,148.47,142.16,143.50999,803700
2019-08-13,142.020004,147.82201,142.020004,146.23,754700
2019-08-14,142.92,145.155,138.36,142.28,967100
2019-08-15,142.7,144.5,139.8,141.64999,798700
2019-08-16,143.23,146.73,142.50999,143.78999,733400
2019-08-19,146.67,147.69,140.34,140.58,1050300
2019-08-20,140.0,140.89999,137.34,139.19,829600
2019-08-21,141.95,149.50999,140.75,148.080002,1116700
2019-08-22,148.11,149.27,142.16,142.34,893600
2019-08-23,141.97,146.0,138.62,139.37,1045100
2019-08-26,142.36,146.927,140.38,146.64999,898300
2019-08-27,153.050003,158.256,149.14999,150.21001,2594000
2019-08-28,154.25999,156.89,145.356,147.98,1299000
2019-08-29,150.5,155.91499,148.25,154.36,1160700
2019-08-30,155.59,157.19,148.0,152.31,1027400
2019-09-03,150.7,155.0,147.35001,149.94,1559500
2019-09-04,152.98,160.41,152.98,158.66,3108100
2019-09-05,156.66,159.0,142.35001,150.44,5005300
2019-09-06,149.66,150.33,140.17,140.63,1928700
2019-09-09,140.62,142.56,125.2,131.37,3786700
2019-09-10,127.43,136.25,126.14,129.020004,1785700
2019-09-11,128.58,132.49001,126.45,130.58,2050400
2019-09-12,133.0,135.8,128.3,128.53,1645200
2019-09-13,127.74,128.17999,121.12,123.29,2760600
2019-09-16,121.29,132.12,120.050003,132.0,2663400
2019-09-17,131.56,136.080002,129.71001,136.0,2443200
2019-09-18,136.059998,136.74001,131.19,134.28,1610600
2019-09-19,134.21001,135.0,130.36,131.46001,1017900
2019-09-20,133.0099945,134.89999,129.52,131.82001,2546000
2019-09-23,131.47,132.5,129.99001,131.35001,721500
2019-09-24,132.059998,132.261,122.19,124.019997,1921700
2019-09-25,123.24,125.58,120.38,125.0,1237400
2019-09-26,124.89,127.94,121.82,126.66,1578900
2019-09-27,128.0099945,128.64999,115.75,117.33,2360200
2019-09-30,117.57,121.87,112.31,120.48,1754100
2019-10-01,119.83,123.34,116.5,120.47,1042400
2019-10-02,116.53,121.36,115.55,120.74,1036000
2019-10-03,120.98,129.87,119.059998,129.059998,1965500
2019-10-04,130.17,132.14999,127.48,131.21001,865400
2019-10-07,130.44,138.84,130.44,136.72,1415800
2019-10-08,135.39,137.59,127.33,127.5,1779100
2019-10-09,129.089996,134.84,126.44,133.47,1480200
2019-10-10,132.64999,134.95,130.745,132.47,949800
2019-10-11,134.0,137.0,133.621,136.31,1356800
2019-10-14,136.13,140.32401,135.48,137.545,1128800
2019-10-15,138.34,139.16,134.55,134.89999,781000
2019-10-16,130.7,131.039993,121.33,121.47,2597100
2019-10-17,122.59,123.7,119.36,120.36,1059300
2019-10-18,120.44,120.5,110.61,116.86,2817600
2019-10-21,117.5,120.0,115.089996,118.48,1320400
2019-10-22,119.059998,120.91,113.029999,114.77,1181100
2019-10-23,113.61,121.26,113.442,115.47,1000800
2019-10-24,118.35,123.99,118.112,122.43,1317800
2019-10-25,121.65,126.0,118.51,125.78,812800
2019-10-28,126.16,129.039993,125.339,128.020004,1044400
2019-10-29,128.070007,128.52,125.050003,125.49,584300
2019-10-30,134.0,135.39,129.63,132.67,1428700
2019-10-31,133.53999,133.53999,126.6,127.77,832700
2019-11-01,127.010002,129.39,124.51,128.16,860000
2019-11-04,129.48,130.89999,125.75,126.88,754700
2019-11-05,127.59,128.42999,123.029999,125.059998,680700
2019-11-06,125.0,128.059998,124.5,127.029999,615300
2019-11-07,125.51,128.67,123.6,123.76,674700
2019-11-08,123.48,127.78,121.585,126.13,689000
2019-11-11,125.75,127.88,124.515,126.8,419700
2019-11-12,126.56,129.36,126.0,128.72,598500
2019-11-13,128.75,131.2,128.035004,130.92999,667700
2019-11-14,131.0,132.332,129.67999,131.78999,603700
2019-11-15,132.63,135.16,130.74001,134.77,513400
2019-11-18,134.75,138.157,133.53999,137.089996,882800
2019-11-19,137.92,141.69,136.39,140.99001,901600
2019-11-20,141.39,149.46001,140.0,147.75,1749400
2019-11-21,147.75999,152.33,146.27,146.47,1152200
2019-11-22,148.11,148.75,144.12,147.92,709700
2019-11-25,148.23,149.746,145.89999,146.88,788600
2019-11-26,146.71001,151.13,146.71001,149.63,907800
2019-11-27,149.080002,150.21001,147.13,149.77,701200
2019-11-29,149.57001,150.75,148.381,148.7,359900
2019-12-02,147.17999,147.17999,134.98,137.42999,1509700
2019-12-03,132.53999,143.16,130.38,142.67999,1381900
2019-12-04,142.41,142.49001,135.10001,136.48,1153700
2019-12-05,136.64,136.64,131.080002,131.37,1273000
2019-12-06,132.3,132.87,130.16,131.17,1167300
2019-12-09,130.5,134.14999,130.386,131.0099945,1964200
2019-12-10,144.77,144.8,126.28,129.17999,7395400
2019-12-11,128.56,129.745,123.37,128.0,2327300
2019-12-12,127.13,127.91,123.69,124.73,1704000
2019-12-13,124.97,128.823,124.2,128.41,1226000
2019-12-16,128.92,132.52,126.521,132.25999,1362100
2019-12-17,133.22,133.73,128.19,129.39,1007400
2019-12-18,129.28999,132.39,128.56,129.17999,1059800
2019-12-19,130.60001,132.89999,128.57001,130.96001,861100
2019-12-20,131.25,132.69,129.66,130.67999,836400
2019-12-23,130.75,133.28999,130.11,132.36,641700
2019-12-24,132.39,133.078995,130.474,132.55,501100
2019-12-26,132.92,137.44299,132.31,135.020004,705900
2019-12-27,135.52,135.85001,132.63,134.13,441100
2019-12-30,133.88,134.66,128.453,128.92999,904800
2019-12-31,127.91,132.12,127.010002,131.61,768500
2020-01-02,130.17999,134.67,126.080002,134.33,1166900
2020-01-03,132.42999,136.22,131.75999,135.28999,598300
2020-01-06,132.88,140.89,132.705,140.5,1254600
2020-01-07,140.5,142.61,138.25,138.86,672000
2020-01-08,138.89999,141.64,136.23,140.27,978800
2020-01-09,142.66,152.0099945,142.53999,149.96001,4133800
2020-01-10,149.3,150.75999,146.2,149.23,2764300
2020-01-13,150.57001,155.67999,150.0,152.91,1473200
2020-01-14,154.5,156.41499,151.22099,152.83,1823400
2020-01-15,153.28999,157.78999,151.69,152.38,1392600
2020-01-16,153.25999,154.842,149.61,151.89999,1029100
2020-01-17,152.91,153.17,149.10001,149.39,810400
2020-01-21,148.73,152.82001,147.75,148.67999,1064900
2020-01-22,149.71001,154.24001,149.36,149.96001,941700
2020-01-23,150.0099945,150.64799,147.53999,148.57001,536000
2020-01-24,150.0,154.45,149.99001,152.11,962800
2020-01-27,146.52,152.28,145.2,148.77,890400
2020-01-28,150.23,153.576,149.77,152.57001,526400
2020-01-29,154.0,162.48,152.7,159.31,1441800
2020-01-30,157.28,168.10001,157.0,167.42999,2068800
2020-01-31,168.97,169.0,161.52,163.91,1063500
2020-02-03,163.42,164.72,157.0,163.33,838600
2020-02-04,166.73,173.46001,164.308,172.14999,1268400
2020-02-05,173.8,173.8,160.28999,163.21001,1259700
2020-02-06,164.53999,167.52,159.0,163.61,596100
2020-02-07,164.39999,166.3,161.020004,164.11,522200
2020-02-10,163.64999,168.48,162.89301,166.25,494700
2020-02-11,166.84,168.0,163.899,166.81,544600
2020-02-12,168.44,171.029999,164.25,170.59,707800
2020-02-13,169.8,173.39999,169.50999,169.91,1423500
2020-02-14,171.089996,174.33,168.59,171.33,1321700
2020-02-18,171.49001,177.97,170.22,176.89999,2171300
2020-02-19,178.72,181.97,177.89999,180.089996,1094300
2020-02-20,180.10001,182.57001,170.50999,178.10001,1120900
2020-02-21,176.87,176.87,164.46001,164.89999,1773000
2020-02-24,153.50999,158.302,148.25,153.85001,1966600
2020-02-25,156.71001,159.78999,146.23,149.38,1436500
2020-02-26,149.49001,158.57001,149.16,151.25999,1243800
2020-02-27,144.67,155.0,141.64999,150.185,1499400
2020-02-28,143.14,152.8,141.50999,152.5,1409600
2020-03-02,152.5,155.86501,146.12,155.64,1360700
2020-03-03,155.49001,159.97,149.8,155.16,1451800
2020-03-04,156.75,159.48,154.0,159.32001,887500
2020-03-05,155.59,162.92999,155.59,159.059998,864400
2020-03-06,156.42999,156.42999,144.0,150.11,1421300
2020-03-09,139.64999,139.64999,125.0,127.85,1515900
2020-03-10,134.71001,137.0,125.12,133.85001,1386100
2020-03-11,128.95,130.89999,120.33,123.85,1342800
2020-03-12,109.74,115.96,101.0,111.55,1743300
2020-03-13,120.39,122.0,107.139,115.17,1408200
2020-03-16,100.0,103.92,93.81,98.97,1885900
2020-03-17,101.68,116.526,94.16,114.52,2145100
2020-03-18,97.4,125.55,96.0,105.73,4882200
2020-03-19,104.6,127.46,101.34,122.18,2435400
2020-03-20,123.22,135.75,119.38,120.5,1905300
2020-03-23,120.38,127.47,113.383,125.57,1387800
2020-03-24,132.85001,141.57201,132.0099945,136.42999,1554700
2020-03-25,136.14,145.48,130.25999,134.3,1474800
2020-03-26,136.0,143.155,131.0,133.11,1227200
2020-03-27,128.77,135.5,126.32,132.11,1435200
2020-03-30,133.14999,139.64,131.8,136.42999,815700
2020-03-31,137.37,142.87,134.265,136.53999,1167700
2020-04-01,127.089996,134.5,124.14,126.14,1230400
2020-04-02,120.31,126.3,117.71,125.080002,1251000
2020-04-03,124.56,127.0080032,118.6,120.47,1011300
2020-04-06,125.93,133.22,123.21,132.45,1047800
2020-04-07,137.60001,138.89,129.104,131.82001,1065900
2020-04-08,132.66,137.5,131.827,135.32001,866800
2020-04-09,138.28,140.875,137.0,140.34,1125400
2020-04-13,140.69,142.78999,137.070007,141.89999,634000
2020-04-14,148.5,157.13,147.0,149.0,1569000
2020-04-15,145.17,152.75999,144.3,149.91,908400
2020-04-16,152.81,159.338,151.67999,153.98,918200
2020-04-17,156.96001,157.33,147.74001,154.19,724000
2020-04-20,154.25999,163.77,153.53,160.28,1126700
2020-04-21,159.73,162.14999,147.285,152.24001,756300
2020-04-22,156.36,158.59,153.17999,158.33,747300
2020-04-23,156.67999,161.34,155.50999,158.089996,713900
2020-04-24,159.12,162.69,156.5,159.94,566000
2020-04-27,164.35001,164.35001,159.050003,160.375,646900
2020-04-28,162.13,163.158,153.95,154.75,709500
2020-04-29,157.029999,162.37,154.612,159.070007,677900
2020-04-30,158.73,165.64,158.7,162.13,948000
2020-05-01,154.89999,159.74001,154.41,155.92,575800
2020-05-04,154.67999,160.50999,153.61,159.95,574100
2020-05-05,162.58,170.84,161.24001,167.82001,915300
2020-05-06,169.050003,172.98,167.88,170.61,654600
2020-05-07,173.5,179.35001,172.044998,175.42999,693000
2020-05-08,178.5,179.14,171.24001,176.49001,737400
2020-05-11,178.17999,189.25301,176.19,187.44,1254100
2020-05-12,188.5,198.44,185.25,193.0,1705900
2020-05-13,194.47,198.0,185.66,194.11,1391700
2020-05-14,190.059998,197.39,188.5,194.32001,926600
2020-05-15,190.0,199.25,189.0099945,196.28,917400
2020-05-18,200.0,202.8,192.57001,194.17,834900
2020-05-19,195.45,203.0,194.879,200.22,669400
2020-05-20,206.12,210.14999,203.60001,206.62,1119000
2020-05-21,208.73,212.60001,203.0099945,208.92,1079000
2020-05-22,211.14,220.86,209.020004,220.28,1206700
2020-05-26,223.28999,225.84,214.024994,216.46001,1264200
2020-05-27,212.7,213.98,196.0099945,211.89,1260400
2020-05-28,214.53999,223.47,212.42999,215.60001,944300
2020-05-29,217.77,232.86,215.5,232.11,1512200
2020-06-01,229.020004,238.66,229.020004,238.38,990300
2020-06-02,240.31,243.92,229.12,234.92,1326500
2020-06-03,239.64,239.64,227.64999,233.96001,1068800
2020-06-04,228.55,235.87,217.75,220.039993,1887800
2020-06-05,201.14,208.89999,190.92,197.98,3224900
2020-06-08,198.080002,205.58,192.66,203.88,1663500
2020-06-09,200.45,207.039993,199.64999,201.7,861200
2020-06-10,204.61,210.98,202.0,208.17999,971800
2020-06-11,201.91,204.61,194.0,196.84,1561600
2020-06-12,200.33,201.43201,190.10001,193.67,1147600
2020-06-15,189.49001,202.39999,188.37,201.74001,1163300
2020-06-16,203.44,205.75,197.0099945,203.75,1175300
2020-06-17,205.47,211.0,204.75,208.17999,1247800
2020-06-18,209.020004,212.36,207.57001,209.059998,1091600
2020-06-19,209.97,210.685,204.28,205.94,1129000
2020-06-22,207.96001,216.776,207.029999,216.56,1312600
2020-06-23,219.60001,223.83,215.13,216.78999,1349700
2020-06-24,216.64,221.25999,213.14,217.84,1174100
2020-06-25,217.17999,224.66,213.13,224.029999,921000
2020-06-26,223.39,225.63,216.50999,224.50999,1300400
2020-06-29,224.42999,227.22701,215.795,220.42,1013600
2020-06-30,221.23,226.61,218.23,226.34,789400
2020-07-01,223.020004,229.91,219.0,228.78,952400
2020-07-02,222.87,232.38,222.85001,225.17999,1480400
2020-07-06,227.8,230.45,220.0,222.020004,962300
2020-07-07,223.080002,231.45,220.48,225.49001,726200
2020-07-08,227.62,234.59,226.12,234.050003,716800
2020-07-09,236.56,238.33,231.31,236.60001,973900
2020-07-10,237.34,237.92999,225.56,228.34,567400
2020-07-13,231.0,231.14,206.10001,207.39,1366200
2020-07-14,207.62,212.71001,200.35001,209.95,945200
2020-07-15,211.60001,212.97,203.2,206.96001,680400
2020-07-16,203.050003,206.765,199.8,204.92999,529600
2020-07-17,205.64999,210.86,202.059998,208.97,434300
2020-07-20,210.039993,223.020004,210.039993,222.0,812300
2020-07-21,224.0,224.28,216.88,218.39,553800
2020-07-22,219.69,222.384,214.27,216.78999,386400
2020-07-23,216.67999,221.22,203.63499,206.53999,622900
2020-07-24,203.48,210.74001,198.029999,204.64,443700
2020-07-27,209.905,212.145,205.64,207.0,481000
2020-07-28,207.19,207.19,201.070007,201.5,523500
2020-07-29,203.95,220.88,202.37,216.3,1520300
2020-07-30,210.53999,229.83,210.52,228.58,1142500
2020-07-31,232.42,232.42,221.87,229.080002,563300
2020-08-03,225.57001,226.074997,210.49001,219.62,1338600
2020-08-04,219.99001,219.99001,211.61501,214.66,502100
2020-08-05,215.0,218.32001,212.23,217.74001,485400
2020-08-06,217.61,218.28999,211.0,213.75,346900
2020-08-07,211.0,211.75,195.13,199.64999,1378900
2020-08-10,202.0099945,202.0099945,189.25999,191.8,1059000
2020-08-11,191.89,199.34,186.27,191.67999,905600
2020-08-12,192.0,195.070007,189.245,195.0,863800
2020-08-13,195.99001,203.92,195.99001,199.47,640400
2020-08-14,200.60001,201.34,196.32001,199.13,406500
2020-08-17,200.2,205.41,199.34,204.99001,563100
2020-08-18,208.56,210.75999,204.14999,209.75,723400
2020-08-19,210.42,215.059998,204.69501,212.69,652300
2020-08-20,211.58,221.92,210.039993,219.8,708900
2020-08-21,218.7,220.14,215.080002,216.66,352600
2020-08-24,219.0,219.97,208.14,210.99001,589200
2020-08-25,210.98,218.323,208.74001,216.33,575300
2020-08-26,221.0,232.56,220.99001,228.84,1066600
2020-08-27,227.84,229.82001,223.16,227.21001,565900
2020-08-28,229.2,233.0,225.52,225.91,732200
2020-08-31,226.5,235.25,226.28999,233.8,1153200
2020-09-01,235.12,254.763,234.020004,250.72,1506200
2020-09-02,255.0099945,258.049988,238.5,239.53,1915500
2020-09-03,241.85001,242.533,215.10001,221.94,3097500
2020-09-04,218.97,221.89999,201.32001,214.50999,2341100
2020-09-08,206.5,217.69501,204.50999,210.72,901800
2020-09-09,216.24001,218.47,210.414,215.58,814300
2020-09-10,216.28,220.14999,208.295,209.64,752600
2020-09-11,212.45,213.0,204.28,207.38,562700
2020-09-14,210.77,216.265,209.17,211.029999,687400
2020-09-15,214.47,215.87,207.38,213.60001,677100
2020-09-16,214.0,214.19,205.31,205.69,967000
2020-09-17,202.7,208.86501,200.5,208.64999,980200
2020-09-18,209.35001,215.8,205.0,214.35001,2055200
2020-09-21,209.0,222.86501,208.74001,222.53999,1138400
2020-09-22,224.5,224.5,214.56,222.91,594300
2020-09-23,221.47,225.34,217.86,219.0099945,555100
2020-09-24,216.72,220.13,211.28999,218.56,500300
2020-09-25,219.955,234.28999,218.5,233.17999,1563900
2020-09-28,233.0,236.47,225.25,230.95,889600
2020-09-29,230.95,233.89,226.34,232.089996,544700
2020-09-30,230.31,236.5,228.12,231.50999,591600
2020-10-01,232.23,237.92999,229.50999,235.78,534300
2020-10-02,224.47,237.8,224.23,234.32001,721500
2020-10-05,234.21001,239.89,232.020004,238.69,655000
2020-10-06,236.0,246.72,235.97,246.41,1394100
2020-10-07,248.96001,259.62701,248.96001,253.11,1125200
2020-10-08,255.0099945,257.48999,248.81,252.86,598800
2020-10-09,252.56,262.66,252.56,259.070007,572800
2020-10-12,265.0,268.049988,261.66,263.20001,518200
2020-10-13,268.0,271.64999,264.25,268.14999,484600
2020-10-14,271.0,272.54999,261.82999,265.19,498400
2020-10-15,256.22,271.88,253.96001,269.87,697900
2020-10-16,271.79999,272.56,265.53,267.29999,367000
2020-10-19,270.51001,273.01001,264.60999,265.23999,452100
2020-10-20,262.67999,267.629,255.41,256.67999,803200
2020-10-21,259.53,260.42999,247.56,248.84,915000
2020-10-22,250.0,251.82401,240.88,245.75,492800
2020-10-23,246.5,249.565,243.12,248.0,522100
2020-10-26,250.0,250.2,239.52,240.10001,712900
2020-10-27,243.67999,248.42,241.53999,244.0099945,497500
2020-10-28,240.77,242.39999,234.5,240.039993,570400
2020-10-29,243.64999,245.0,235.39,235.69,438100
2020-10-30,232.57001,236.50999,223.96001,228.47,484000
2020-11-02,227.0,230.911,219.84,224.17999,631500
2020-11-03,225.38,231.13901,223.050003,226.97,418800
2020-11-04,241.17999,245.25,234.89,244.67,951300
2020-11-05,247.13,254.42999,241.17,253.14999,755400
2020-11-06,253.0,253.42,245.56,252.39999,486000
2020-11-09,246.5,255.66,237.86,239.89,683500
2020-11-10,237.57001,238.42,219.50999,230.059998,1272900
2020-11-11,234.87,248.14999,231.34,245.089996,639300
2020-11-12,246.36,254.49001,245.62,251.020004,608300
2020-11-13,253.55,254.42999,244.179,246.86,542200
2020-11-16,239.46001,249.91,239.0099945,242.94,513900
2020-11-17,244.72,252.71001,244.161,248.34,452600
2020-11-18,249.27,258.0,240.73,247.34,500000
2020-11-19,247.39999,265.0,243.60001,255.11,1336900
2020-11-20,259.019989,268.040009,258.76501,264.28,685500
2020-11-23,262.049988,269.089996,258.070007,265.35001,503500
2020-11-24,264.98999,266.040009,262.17001,264.60001,372500
2020-11-25,262.79001,266.45999,257.5,265.39999,524200
2020-11-27,269.89999,276.26999,267.60999,270.019989,414900
2020-11-30,272.98999,289.79001,272.0,287.31,858800
2020-12-01,282.01001,283.32501,270.53,275.29999,1017000
2020-12-02,270.57001,271.14001,260.77499,267.91,755300
2020-12-03,267.85001,278.42999,267.64001,272.01001,582100
2020-12-04,274.56,278.0,271.17001,277.63,604600
2020-12-07,281.0,287.95999,275.54999,280.45999,761800
2020-12-08,281.707,287.45001,278.32999,282.98001,1272000
2020-12-09,280.10001,305.70001,274.95001,280.01001,2742400
2020-12-10,277.079987,319.37,277.079987,319.059998,2173000
2020-12-11,313.0,341.45499,312.95001,340.0,2572600
2020-12-14,342.20999,351.41,338.60999,340.12,1870100
2020-12-15,339.44,348.75,328.059998,335.19,1193000
2020-12-16,334.059998,342.0,331.049988,336.98999,1059200
2020-12-17,357.38,378.10001,347.70999,372.85001,2816100
2020-12-18,376.63,379.95001,372.040009,376.87,1424700
2020-12-21,376.45001,385.22,371.73001,383.29001,932100
2020-12-22,385.059998,397.39001,382.035004,396.0,971700
2020-12-23,397.26999,399.0,369.070007,376.22,1502300
2020-12-24,380.39999,386.0,375.91,378.48001,257500
2020-12-28,383.35999,384.29001,358.35999,363.079987,964200
2020-12-29,367.019989,370.19299,355.31,363.85999,572600
2020-12-30,365.89001,367.95001,358.97,365.10999,333700
2020-12-31,366.92001,366.92001,355.15201,359.040009,507900
2021-01-04,344.95999,354.89999,343.29999,350.41,915400
2021-01-05,348.13,358.065002,343.0,355.56,491700
2021-01-06,351.20001,353.095001,330.47,335.29999,1082800
2021-01-07,337.98999,352.29001,336.85501,351.67001,616100
2021-01-08,351.38,360.995,348.71799,359.85999,650300
2021-01-11,358.89001,371.155,352.44,361.45999,509700
2021-01-12,364.079987,372.14001,359.0,370.79999,672500
2021-01-13,378.12,385.22,370.019989,375.81,830000
2021-01-14,375.0,382.76001,363.79999,364.45999,1276800
2021-01-15,366.23999,373.42999,358.10001,361.26001,549700
2021-01-19,362.565,375.79999,362.565,368.0,642300
2021-01-20,372.070007,374.98999,366.0,368.81,920900
2021-01-21,372.95001,379.79001,361.73999,379.14001,660300
2021-01-22,379.89999,385.47,373.48999,384.12,662800
2021-01-25,387.28,390.35999,355.35001,368.98001,732700
2021-01-26,367.25,370.0,355.31,355.95001,536900
2021-01-27,350.0,358.202,337.45999,343.56,789800
2021-01-28,345.0,374.647,344.51999,371.0,798300
2021-01-29,369.35001,373.0,356.79999,369.60999,515900
2021-02-01,368.57999,379.75,366.57001,374.87,455500
2021-02-02,375.0,397.0,375.0,394.64999,626200
2021-02-03,405.01001,419.94,391.94,395.82999,708800
2021-02-04,400.64001,406.0069885,395.19,396.35999,515200
2021-02-05,400.48999,414.79001,396.59,412.66,776800
2021-02-08,415.0,418.12,403.0,410.78,339200
2021-02-09,409.47,414.20999,402.57999,405.45999,329700
2021-02-10,417.79001,428.965,410.01001,417.34,758400
2021-02-11,421.54001,425.0,413.54999,418.16,331000
2021-02-12,416.45001,424.17999,413.029999,422.85001,338700
2021-02-16,424.089996,425.78,403.97,408.20999,460500
2021-02-17,401.20001,411.26999,392.48001,410.79999,435600
2021-02-18,402.079987,409.82001,397.39801,402.5,682900
2021-02-19,409.0,419.14001,404.79999,418.29999,486700
2021-02-22,407.85001,414.935,391.53,392.56,813900
2021-02-23,379.91,382.29001,352.57999,380.69,1201000
2021-02-24,379.85999,404.54001,372.12,398.14001,901000
2021-02-25,392.91,404.13,375.22,380.0,880600
2021-02-26,384.10999,390.17001,370.23001,385.92999,1149100
2021-03-01,391.029999,396.95999,383.41,395.040009,525300
2021-03-02,399.95001,399.95001,379.92999,379.92999,617300
2021-03-03,376.97,379.97,348.26001,352.049988,1041800
2021-03-04,347.70001,357.10001,319.42001,328.29001,1644000
2021-03-05,330.20001,334.77399,295.67999,308.17001,1878600
2021-03-08,310.029999,319.12,284.42999,287.049988,1272700
2021-03-09,304.23999,315.0,302.25,311.92001,1471200
2021-03-10,325.0,333.42499,292.60001,294.45001,1853000
2021-03-11,303.0,329.040009,303.0,327.26001,1547200
2021-03-12,321.0,321.85999,306.39999,320.059998,1097300
2021-03-15,321.63,327.049988,318.0,323.29999,767400
2021-03-16,330.0,334.48999,312.25,318.82999,527300
2021-03-17,312.019989,321.647,304.51999,316.19,526700
2021-03-18,307.42001,307.85001,298.059998,301.34,862800
2021-03-19,304.51001,311.075012,298.82999,302.67999,1716100
2021-03-22,303.85001,312.79501,302.48001,309.76999,759600
2021-03-23,306.76001,310.82001,303.25,305.0,376500
2021-03-24,302.0,305.84,282.5,283.57999,863700
2021-03-25,278.040009,285.85001,271.23999,272.51001,1569100
2021-03-26,270.67001,282.87,261.76001,265.76999,1871200
2021-03-29,264.51999,265.89001,257.23999,258.5,1549300
2021-03-30,257.41,262.79999,250.795,259.69,1105700
2021-03-31,265.82999,272.88,265.82999,267.42999,1013900
2021-04-01,271.29001,291.070007,271.25,290.32999,1797300
2021-04-05,283.25,290.17001,282.57999,289.60001,1588000
2021-04-06,289.19,299.19,286.5,296.5,1545200
2021-04-07,292.76999,298.64999,281.78,284.79001,1148200
2021-04-08,290.0,301.049988,288.98999,296.75,1034100
2021-04-09,293.84799,300.42999,286.38,297.95999,888000
2021-04-12,294.14999,306.70999,291.54001,304.20999,600900
2021-04-13,310.29001,319.79001,308.0,315.79999,683200
2021-04-14,317.95001,324.25,307.79001,309.0,533200
2021-04-15,313.01001,321.60999,308.17001,319.59,608000
2021-04-16,319.64001,319.85001,310.0,315.85001,519300
2021-04-19,310.98999,314.89999,298.56,300.92001,690600
2021-04-20,303.079987,309.98001,296.089996,297.63,387600
2021-04-21,295.95999,302.91501,293.44,300.029999,747200
2021-04-22,300.79001,315.37,300.79001,306.69,468000
2021-04-23,307.16,310.35999,300.42999,306.17999,438700
2021-04-26,307.95999,322.12,305.37,321.23001,502200
2021-04-27,322.37,323.29001,316.13,318.01001,303400
2021-04-28,311.48999,319.81,310.01001,316.39999,261800
2021-04-29,317.45001,317.45001,297.23001,300.42001,632900
2021-04-30,297.079987,306.20999,294.87,297.45999,399800
2021-05-03,298.5,299.54001,285.95001,287.53,538000
2021-05-04,283.75299,285.22,269.17999,280.35999,645200
2021-05-05,286.45999,288.5,271.01001,271.98999,524500
2021-05-06,268.14001,270.98001,251.14,256.62,1209500
2021-05-07,263.22,267.64001,257.79501,260.32001,964200
2021-05-10,259.54999,259.67001,249.47,254.39,726500
2021-05-11,243.91,265.66501,238.080002,260.31,963500
2021-05-12,256.92999,259.51999,243.88,251.85001,994600
2021-05-13,251.936,260.75,238.0099945,244.74001,850900
2021-05-14,253.69501,262.67001,249.28,261.19,1005600
2021-05-17,259.70001,265.65201,257.26999,264.17999,535400
2021-05-18,265.75,274.015015,262.48001,270.019989,798500
2021-05-19,263.079987,275.92001,261.029999,273.059998,844300
2021-05-20,278.26501,286.26001,276.505,282.23001,502400
2021-05-21,283.70999,287.029999,278.76001,281.78,454600
2021-05-24,286.54999,289.42599,282.37,286.76999,408200
2021-05-25,287.60001,290.39999,285.67999,288.56,389000
2021-05-26,292.73001,299.98001,290.59,295.16,681200
2021-05-27,287.01001,295.26001,280.47,291.64001,815300
2021-05-28,291.26001,298.31,291.17001,291.94,369900
2021-06-01,291.73999,293.41501,282.72,289.73999,522900
2021-06-02,287.66,293.95999,285.22,287.60001,387300
2021-06-03,287.54999,287.91,270.13,271.14999,1241600
2021-06-04,287.5,318.76999,285.45999,315.26999,3285400
2021-06-07,316.35001,316.97,308.34,314.5,899400
2021-06-08,316.0,322.98001,312.040009,320.34,1243600
2021-06-09,320.98001,332.17999,320.70001,330.29999,1199100
2021-06-10,329.63,335.95001,318.38,329.51999,1032500
2021-06-11,326.35001,335.48001,326.35001,334.10001,490700
2021-06-14,334.92999,349.67001,333.54999,346.67001,836600
2021-06-15,344.32001,352.84,340.82001,343.82001,863200
2021-06-16,346.76001,362.5,344.56299,358.89999,1241800
2021-06-17,357.10999,375.5,357.10999,373.10999,1350700
2021-06-18,372.98999,385.85999,369.94699,384.019989,1440500
2021-06-21,384.56,387.45999,373.832,380.0,693400
2021-06-22,377.39999,390.0,377.39999,380.94,646200
2021-06-23,382.48999,388.84,378.56,387.23001,709500
2021-06-24,390.0,393.63,381.54501,382.63,425200
2021-06-25,382.0,384.39999,373.47,379.23001,780600
2021-06-28,380.29001,391.92999,380.29001,389.23001,499400
2021-06-29,389.35001,391.26001,380.70999,383.70999,660700
2021-06-30,364.79001,368.45999,360.0,361.51999,2193700
2021-07-01,360.62,365.22,353.88,357.92999,892200
2021-07-02,346.0,364.69,345.45999,362.01001,1082200
2021-07-06,359.54001,375.19501,357.51001,365.57001,818600
2021-07-07,369.98999,370.0,355.81,357.75,571300
2021-07-08,349.66,357.67999,346.56,351.81,775000
2021-07-09,351.53,355.67999,344.079987,353.70001,537200
2021-07-12,357.51001,362.0,347.67001,350.69,589800
2021-07-13,351.0,361.47,349.70001,351.29999,643700
2021-07-14,357.0,358.48999,338.94,339.14999,580700
2021-07-15,341.63,345.37,331.94,334.51999,566500
2021-07-16,338.10001,339.5,331.285,332.70001,370000
2021-07-19,328.29001,342.67999,324.97,337.60999,582800
2021-07-20,341.84,346.98001,335.19,342.34,471100
2021-07-21,342.54999,352.82001,339.0,351.16,384800
2021-07-22,351.59,356.98999,351.0,354.14999,372500
2021-07-23,354.01001,364.64001,351.12,361.54001,523900
2021-07-26,363.13,363.84,355.059998,358.17001,410900
2021-07-27,361.64001,372.0,352.5,360.48999,782100
2021-07-28,361.23999,365.95999,356.39999,363.79001,387000
2021-07-29,363.089996,369.0,360.10999,362.059998,280400
2021-07-30,355.14001,365.94501,355.14001,358.92001,396100
2021-08-02,359.10001,362.39499,347.34,358.98999,538000
2021-08-03,360.79001,367.155,355.42001,359.17001,485100
2021-08-04,360.45001,371.67499,360.23999,363.17999,916900
2021-08-05,363.10999,377.0,357.19,376.72,819300
2021-08-06,375.54001,379.48999,367.0,373.45001,511900
2021-08-09,374.51001,381.065002,371.48999,380.38,534900
2021-08-10,381.94,382.44,361.10999,364.47,658100
2021-08-11,365.19,367.87,354.17001,360.92999,323900
2021-08-12,359.59,375.14001,359.13,372.79001,659400
2021-08-13,375.88,382.98001,370.56,377.78,377700
2021-08-16,375.20001,377.14001,358.78,367.45001,926700
2021-08-17,363.22,366.38,357.51999,365.0,543900
2021-08-18,367.32001,372.82001,364.37,366.54001,355500
2021-08-19,364.23999,369.95999,360.20001,364.89999,298000
2021-08-20,367.12,370.48999,361.89999,367.66,325300
2021-08-23,369.82999,379.57001,369.82999,375.76001,375300
2021-08-24,379.23999,387.82001,378.20999,384.17001,472100
2021-08-25,385.78,394.51999,382.049988,393.75,412600
2021-08-26,392.12,400.58899,387.48999,388.76001,452800
2021-08-27,393.53,400.5,391.19,395.60999,504300
2021-08-30,394.63,402.79001,392.75,396.17499,478000
2021-08-31,396.10001,397.36499,390.89999,391.82999,515300
2021-09-01,390.89999,396.92999,387.97,393.42999,421100
2021-09-02,394.0,406.32999,393.36499,401.64999,1173600
2021-09-03,462.76999,508.97,458.54001,507.41,6090400
2021-09-07,514.79999,515.0,489.0,489.75,1551700
2021-09-08,486.88901,490.27701,467.19,471.73999,2231100
2021-09-09,473.23001,477.95001,466.054993,474.92999,867400
2021-09-10,479.20001,499.0,475.51001,488.79999,1295600
2021-09-13,485.51001,488.38,470.89001,485.0,809700
2021-09-14,486.47,506.48001,486.47,505.20999,924300
2021-09-15,503.81,506.44,495.0,503.5,1121800
2021-09-16,501.28,510.5,496.53,509.64999,921400
2021-09-17,512.81,514.13,502.39999,506.98999,1976200
2021-09-20,492.0,500.34,483.01001,489.26999,1104800
2021-09-21,494.32001,502.16,484.89001,488.64001,1300900
2021-09-22,487.57001,515.5,484.29199,510.67999,855800
2021-09-23,513.47998,518.34003,504.98001,514.059998,547500
2021-09-24,510.070007,512.79999,500.033997,508.040009,439300
2021-09-27,499.26999,500.89999,480.78,483.040009,761600
2021-09-28,475.17999,477.54999,460.049988,463.57001,794900
2021-09-29,471.049988,476.29001,456.80499,458.48999,587500
2021-09-30,460.48001,478.89999,460.48001,471.51001,809800
2021-10-01,474.01001,478.20001,458.81,474.51001,566000
2021-10-04,461.0,463.19,434.45001,444.97,1271500
2021-10-05,445.44,457.64999,444.20001,452.67999,518700
2021-10-06,445.64999,469.66901,444.0,466.23999,519100
2021-10-07,470.0,481.67999,468.10999,472.87,485200
2021-10-08,473.44,474.0,449.0,449.0,877000
2021-10-11,447.95001,460.64999,443.0,454.20001,439700
2021-10-12,459.56,477.66,457.20001,470.94,532100
2021-10-13,473.94,494.51999,473.94,494.019989,983800
2021-10-14,499.54001,506.0,488.35999,489.29999,615700
2021-10-15,490.0,492.88501,482.88,491.81,390000
2021-10-18,491.89499,504.35001,488.049988,503.95999,1106900
2021-10-19,505.5,515.70001,501.98001,508.01001,1648000
2021-10-20,510.97,517.039978,498.37,504.5,327000
2021-10-21,502.19,517.25,502.19,509.42999,978500
2021-10-22,507.54999,513.23999,497.29001,504.89001,541900
2021-10-25,506.69,525.0,503.0,518.87,695000
2021-10-26,518.46997,523.57001,494.32999,501.67999,516400
2021-10-27,503.070007,512.98999,495.45999,497.95999,326600
2021-10-28,498.48999,506.095001,490.01001,504.62,297600
2021-10-29,504.62,523.88,504.25,521.28998,503700
2021-11-01,521.98999,528.79999,496.81,498.26999,656600
2021-11-02,499.25,519.98999,498.26999,518.35999,642100
2021-11-03,518.34998,521.98999,512.33002,521.20001,376800
2021-11-04,526.0,540.82001,521.27002,535.080017,741400
2021-11-05,540.53998,557.080017,539.10999,555.58002,992900
2021-11-08,559.20001,581.64001,558.25,571.29999,810900
2021-11-09,576.14001,586.82501,563.71002,576.77002,574400
2021-11-10,568.33002,576.76001,543.19501,554.96002,601000
2021-11-11,561.080017,569.26099,545.039978,548.67999,551200
2021-11-12,552.94,568.66998,550.29999,566.83002,328200
2021-11-15,569.63,570.54999,556.10999,561.89001,423000
2021-11-16,569.34998,585.86902,565.72998,585.030029,510300
2021-11-17,585.030029,590.0,566.57001,570.0,408500
2021-11-18,571.67999,579.0,557.54999,567.78998,969200
2021-11-19,573.91998,580.46997,562.19501,569.77002,502600
2021-11-22,569.77002,569.77002,507.48999,515.87,1095600
2021-11-23,509.20001,523.080017,492.26001,498.85999,1131300
2021-11-24,494.14001,512.44,482.32999,507.17999,652200
2021-11-26,503.46799,527.34998,503.46799,518.60999,440500
2021-11-29,525.38202,532.97998,516.94,525.97998,498200
2021-11-30,530.0,542.70001,496.88,498.10001,976300
2021-12-01,502.0,508.57999,456.64001,456.89001,977600
2021-12-02,454.070007,483.55301,451.98999,481.59,1253100
2021-12-03,482.17001,483.23001,435.82001,450.16,1761000
2021-12-06,430.67999,440.32001,417.215,429.34,1853500
2021-12-07,521.95001,525.64899,485.45999,499.82001,3267600
2021-12-08,502.75,533.66998,486.23999,531.57001,1376800
2021-12-09,531.52002,537.29999,512.40002,513.28003,924300
2021-12-10,514.91998,527.82001,501.95001,507.73001,774800
2021-12-13,504.5,517.97998,488.0,494.92999,1024700
2021-12-14,488.5,489.54001,461.73001,478.54999,791400
2021-12-15,477.26999,510.98999,472.10999,508.41,890200
2021-12-16,504.0,511.0,475.26999,481.019989,1034700
2021-12-17,476.75,499.16,470.29001,497.85001,1316100
2021-12-20,486.98999,497.32999,481.0,495.60001,963400
2021-12-21,508.32001,539.90002,492.78,538.46002,1333300
2021-12-22,532.53998,553.59998,529.62,551.52002,963700
2021-12-23,550.0,563.48999,547.72998,551.10999,589800
2021-12-27,552.0,570.58002,551.34998,559.19,346200
2021-12-28,563.33002,563.98798,541.080017,542.080017,395000
2021-12-29,539.71997,541.21002,528.85999,538.01001,479200
2021-12-30,540.46002,546.72998,531.90997,532.34998,222600
2021-12-31,530.44,538.080017,527.039978,529.34998,359200
2022-01-03,515.0,519.53998,476.25101,487.56,1913400
2022-01-04,488.771,488.771,445.87,465.37,1479300
2022-01-05,449.14999,453.97,426.54001,428.76999,1661700
2022-01-06,422.070007,440.14801,413.0,429.67999,1912000
2022-01-07,425.0,443.23999,419.91,429.63,1139300
2022-01-10,414.095001,435.59,393.95001,435.0,1711400
2022-01-11,426.89999,449.0,426.89999,443.79001,1112000
2022-01-12,449.0,450.065002,430.45001,432.48999,945700
2022-01-13,432.089996,432.089996,389.45999,390.82999,1849200
2022-01-14,387.093994,398.94,374.76999,396.89001,1719700
2022-01-18,386.26999,407.26001,377.76999,387.26999,993800
2022-01-19,390.57999,402.72,384.59,384.59,770600
2022-01-20,392.0,412.0,387.35999,389.12,1193600
2022-01-21,385.37,399.78,372.0,375.57001,1121400
2022-01-24,363.73999,387.81,345.25,386.45001,1944100
2022-01-25,379.32999,383.91501,359.51001,365.48001,1251400
2022-01-26,376.60999,393.84,345.35001,351.57001,1900200
2022-01-27,361.19,369.92001,349.57999,351.51001,1529500
2022-01-28,355.16,373.66,340.25,373.049988,1263800
2022-01-31,378.57999,406.33899,376.48999,405.10999,1189500
2022-02-01,406.70001,412.94,389.59,411.14999,763000
2022-02-02,414.0,415.049988,392.91,397.91,699300
2022-02-03,385.20001,393.78,376.019989,381.85001,1043600
2022-02-04,381.76999,409.72,376.01001,403.54001,1007000
2022-02-07,405.92001,427.98999,405.92001,407.82999,875800
2022-02-08,402.35001,421.59,400.995,419.42999,846700
2022-02-09,432.35999,443.31,425.88,441.67001,1159100
2022-02-10,428.66,464.73001,427.0,450.60001,1718400
2022-02-11,450.72,460.0,421.69,427.17001,1172500
2022-02-14,427.92001,443.87,425.26001,429.92999,644200
2022-02-15,441.76801,449.67999,433.059998,445.82999,820900
2022-02-16,442.34,442.34,425.73001,436.13,775300
2022-02-17,432.89001,432.95999,407.48999,409.56,966500
2022-02-18,413.70999,414.91,389.35999,390.17999,823500
2022-02-22,386.97,397.20001,379.075012,382.42999,957300
2022-02-23,386.01001,389.17001,352.39999,354.81,1300500
2022-02-24,336.14999,378.48999,331.79999,375.35999,1229700
2022-02-25,374.35999,377.79001,361.059998,375.94,781800
2022-02-28,376.32001,388.78,373.01001,381.98999,765400
2022-03-01,382.87,395.845,378.66,381.81,726200
2022-03-02,382.84,387.70999,366.0,381.67001,804700
2022-03-03,359.39999,364.95999,322.23001,327.23001,3140000
2022-03-04,327.059998,332.42999,303.375,306.10999,2074100
2022-03-07,309.5,313.97,279.0,279.98001,1819800
2022-03-08,280.040009,289.67001,272.5,281.73999,2681600
2022-03-09,318.38,339.79001,315.0,334.089996,3953500
2022-03-10,327.92999,342.82001,324.29999,338.51001,1539500
2022-03-11,342.98001,344.020996,316.0,316.48999,1215700
2022-03-14,314.79999,324.0,283.13,290.16,2136100
2022-03-15,292.01001,300.76001,284.81,298.26001,1545800
2022-03-16,311.98999,344.55499,311.60001,343.82001,2352800
2022-03-17,341.70999,374.85999,335.81,372.42999,1986800
2022-03-18,381.45999,402.12,375.01001,398.10001,2233600
2022-03-21,392.32999,400.19,381.0,390.5,1474600
2022-03-22,387.059998,414.97501,387.059998,405.76999,1229900
2022-03-23,398.62,418.60001,394.54999,404.85001,820300
2022-03-24,408.26999,421.47501,396.53,420.34,1250600
2022-03-25,421.26999,422.015015,400.26001,406.040009,699100
2022-03-28,407.5,421.62,403.059998,420.92001,896500
2022-03-29,428.98001,440.89001,423.10999,435.89001,832400
2022-03-30,429.29999,443.28,423.0,430.22,1150500
2022-03-31,430.0,455.67999,425.20999,443.59,1606900
2022-04-01,443.059998,471.95999,441.54901,454.45001,1993200
2022-04-04,443.78,464.029999,440.29999,458.60001,1343200
2022-04-05,455.0,457.98999,429.25,435.12,1183100
2022-04-06,423.75,425.0,400.56,421.89001,1578500
2022-04-07,417.42001,437.69,416.54999,428.48999,1234800
2022-04-08,423.089996,430.98499,414.17999,416.88,801400
2022-04-11,408.60999,418.019989,402.78,410.10001,761200
2022-04-12,418.0,438.94,412.079987,414.070007,911400
2022-04-13,413.44,435.89999,411.66,435.23999,844400
2022-04-14,432.44,436.98999,416.39001,416.5,553000
2022-04-18,412.0,414.26001,393.96799,401.14999,662300
2022-04-19,403.019989,419.070007,393.14999,416.0,673800
2022-04-20,420.57001,420.95001,401.42999,407.01001,641900
2022-04-21,411.049988,420.95999,374.54001,377.87,1223200
2022-04-22,379.48999,386.44,368.754,371.040009,792000
2022-04-25,369.040009,387.29001,365.87,381.73999,943200
2022-04-26,380.76001,380.76001,352.64001,352.75,1036000
2022-04-27,357.22,375.45999,353.76999,359.98001,1053400
2022-04-28,370.23999,382.029999,354.0,377.64999,839400
2022-04-29,374.95999,387.94,353.78,354.92999,801700
2022-05-02,350.29999,360.070007,339.285,359.59,1006200
2022-05-03,354.95999,366.89999,334.73999,343.72,1281500
2022-05-04,349.0,361.28699,323.38,360.56,1269000
2022-05-05,349.42999,349.69,310.63,315.92999,1822000
2022-05-06,310.94,310.94,276.51099,299.70999,2281400
2022-05-09,290.62,293.13,249.0099945,252.72,2706800
2022-05-10,263.79999,272.42001,239.14999,250.49001,2582100
2022-05-11,245.49001,270.85001,240.10001,242.25,2732400
2022-05-12,233.86,262.20999,227.60001,245.63,2487700
2022-05-13,257.67999,290.81,257.079987,286.029999,2541400
2022-05-16,279.26999,289.62,251.5,252.0,1876300
2022-05-17,260.91,267.94,234.0099945,247.28,2703300
2022-05-18,243.89999,249.66,219.73,229.97,2478900
2022-05-19,230.53,257.0,226.94,245.33,2514200
2022-05-20,254.050003,265.51501,235.25,248.10001,2223200
2022-05-23,248.0099945,253.089996,236.48,244.050003,1234500
2022-05-24,236.64,237.42999,217.82001,223.61,1713500
2022-05-25,222.10001,233.21001,219.0,230.78999,1238800
2022-05-26,215.22,241.47,213.39,233.059998,2406100
2022-05-27,241.50999,252.78999,239.0,250.059998,1908900
2022-05-31,250.75,255.32001,235.0,237.14999,2231200
2022-06-01,241.81,262.17999,236.24001,241.81,3394300
2022-06-02,262.0,290.89001,249.080002,286.70001,4986700
2022-06-03,281.79999,287.14001,266.58301,273.13,2349600
2022-06-06,278.60999,286.16,266.53,274.59,1216200
2022-06-07,270.35001,299.0,268.0,295.59,1961400
2022-06-08,299.0,308.25,294.62,299.01001,2269200
2022-06-09,295.59,306.42999,289.31,290.38,1284600
2022-06-10,285.10999,286.69,265.62,268.70999,2013000
2022-06-13,254.080002,260.92001,237.52,239.0,2037500
2022-06-14,240.0099945,250.2,234.789,241.0,1155200
2022-06-15,243.0099945,259.44501,240.83,254.32001,1537700
2022-06-16,243.10001,247.050003,231.34,235.0099945,1270300
2022-06-17,237.64,252.16,235.96001,249.75,1789600
2022-06-21,255.17,276.0,255.14999,269.54999,1880600
2022-06-22,264.17001,279.91,262.5,267.23001,1069500
2022-06-23,271.42001,292.25,269.69,290.60999,1649400
2022-06-24,295.019989,313.66901,295.019989,303.089996,2519600
2022-06-27,304.049988,308.14999,293.45001,298.89001,1008000
2022-06-28,296.57999,301.39001,273.35999,278.35001,1773900
2022-06-29,274.88,281.27399,268.47,276.76999,928300
2022-06-30,274.0,275.029999,251.935,259.5,1777200
2022-07-01,263.72,272.23001,256.54999,269.01001,1491200
2022-07-05,263.029999,304.82001,261.28799,304.42999,3388000
2022-07-06,301.81,312.10001,296.98999,304.29999,1532000
2022-07-07,302.049988,318.76999,301.029999,315.48001,1854400
2022-07-08,306.10001,323.89001,302.12,314.16,1435300
2022-07-11,309.62,315.35999,300.35999,310.85999,963200
2022-07-12,310.85999,323.019989,285.66,291.23999,1875800
2022-07-13,287.63,306.70001,282.10001,295.26001,1149600
2022-07-14,288.59,290.82999,269.48001,278.91,2152700
2022-07-15,281.0,285.95499,265.76001,277.47,1661400
2022-07-18,285.5,293.5,279.66,281.17001,1260500
2022-07-19,286.51001,287.48001,272.595,284.32001,1065100
2022-07-20,290.095001,310.98999,289.0,307.57001,1569100
2022-07-21,309.16,320.89999,306.728,317.92999,1337300
2022-07-22,318.0,323.0,299.85999,301.60999,1321500
2022-07-25,298.20999,298.98001,283.95001,289.42999,1445700
2022-07-26,284.84,285.98001,263.39999,266.70001,1622300
2022-07-27,279.41,292.54001,275.67999,289.92001,1431100
2022-07-28,289.14999,297.34,281.089996,297.01001,1159400
2022-07-29,304.91,313.54001,300.17999,312.47,1771700
2022-08-01,308.029999,324.66,302.049988,318.019989,950000
2022-08-02,310.049988,332.14999,308.01001,323.79999,964500
2022-08-03,325.79001,340.59,324.45001,339.31,1182000
2022-08-04,336.51999,341.14001,329.10999,340.88,948300
2022-08-05,336.10999,358.98999,330.031006,356.84,1342200
2022-08-08,360.0,378.94,359.63,363.70999,1155000
2022-08-09,356.56,365.0,354.46201,358.17999,715600
2022-08-10,376.0,389.5,375.98999,380.31,1050700
2022-08-11,387.54999,390.84,367.67999,368.76001,846100
2022-08-12,372.70999,379.39001,365.82999,379.10001,751700
2022-08-15,375.16,383.92001,370.952,375.92001,629100
2022-08-16,375.079987,375.079987,363.42001,374.42001,1338900
2022-08-17,365.89999,368.0,359.17999,361.67999,916000
2022-08-18,359.59,361.26001,352.67001,353.53,845200
2022-08-19,343.92001,344.87,333.85999,337.070007,1167200
2022-08-22,328.39999,334.5,323.97,329.76001,816400
2022-08-23,333.28,338.51999,326.12,326.26001,588600
2022-08-24,325.42001,343.17999,325.42001,338.60001,880700
2022-08-25,355.54001,365.54001,353.070007,363.73999,1431200
2022-08-26,362.059998,367.29001,351.54001,353.57001,1199100
2022-08-29,345.29999,354.019989,326.01001,332.070007,1938400
2022-08-30,336.32001,341.69601,321.78,330.72,1203900
2022-08-31,335.22,339.81,321.20999,322.85999,2028800
2022-09-01,266.94,272.0,238.47,241.11,8212000
2022-09-02,244.17,254.345,235.2,244.87,3322200
2022-09-06,241.070007,249.125,236.88,238.0,1936800
2022-09-07,236.17,248.60001,233.39999,246.71001,1925400
2022-09-08,241.39999,250.24001,239.77,247.50999,1530000
2022-09-09,250.48,273.914,250.48,268.64001,3026800
2022-09-12,269.070007,278.67001,266.040009,278.51001,2044700
2022-09-13,260.76001,263.75,250.96001,251.92,2382900
2022-09-14,251.47,252.59,243.0,247.22,2010400
2022-09-15,244.69,249.13,232.22,233.52,2990600
2022-09-16,228.42,228.62,217.55,220.58,3030500
2022-09-19,218.17999,222.35001,213.92,221.34,2096400
2022-09-20,216.96001,221.55,213.98,217.89999,1654900
2022-09-21,218.72,222.35001,209.45,209.46001,1484500
2022-09-22,206.77,212.0,196.8,198.2,2373900
2022-09-23,196.89999,201.35001,189.235,194.73,2891400
2022-09-26,194.2,200.5,188.17,189.69,1519900
2022-09-27,194.61,197.95,190.16,194.44,1323700
2022-09-28,193.92,203.67999,192.16,201.31,1570900
2022-09-29,196.45,199.020004,191.778,194.82001,1265700
2022-09-30,196.39999,210.5,194.425,198.56,2699100
2022-10-03,199.0099945,200.92999,185.50999,194.070007,3301400
2022-10-04,201.41,208.99001,200.42999,203.31,3276300
2022-10-05,197.45,205.0,191.0099945,202.070007,1613400
2022-10-06,202.0,206.92999,195.22,199.2,1370600
2022-10-07,192.059998,194.39,186.86,189.78999,1344900
2022-10-10,191.13,191.89,178.8,181.97,1808800
2022-10-11,181.10001,184.8,171.42999,180.050003,1763200
2022-10-12,180.75,182.72,172.39999,181.8,1625100
2022-10-13,174.020004,182.71001,166.61,180.75999,2131200
2022-10-14,186.14,187.58,171.27,172.080002,1485400
2022-10-17,178.98,186.89,177.080002,182.35001,1352300
2022-10-18,195.0,196.78,185.57001,189.97,1813500
2022-10-19,185.050003,189.62,180.81,184.77,1582400
2022-10-20,186.0,197.97,184.039993,191.0,1344200
2022-10-21,188.070007,188.89999,177.7,188.89999,3136700
2022-10-24,188.92999,189.029999,176.685,181.91,2170300
2022-10-25,185.17999,200.96001,185.17999,200.69,2291800
2022-10-26,183.37,202.16,183.24001,191.050003,2349100
2022-10-27,194.59,199.66,189.75999,190.39,1102500
2022-10-28,184.95,187.81,177.64999,186.59,2342700
2022-10-31,186.50999,189.61,182.755,183.029999,1130200
2022-11-01,189.81,194.5,180.5,181.45,1161900
2022-11-02,180.55,180.55,163.2,163.22,2036000
2022-11-03,159.66,164.63,156.97,157.22,1965800
2022-11-04,156.31,156.42999,140.5,145.38,3183600
2022-11-07,147.78999,148.255,137.54201,141.84,2513600
2022-11-08,143.62,150.35001,137.77,144.0099945,2089900
2022-11-09,141.73,141.985,135.14999,137.35001,1584900
2022-11-10,150.0099945,165.50999,148.56,161.0,3714300
2022-11-11,163.45,180.75999,161.59,175.94,2806300
2022-11-14,174.080002,175.48,167.020004,171.080002,1426500
2022-11-15,181.34,186.75,178.66,182.10001,1679100
2022-11-16,177.72,180.44,170.21001,174.69,1484100
2022-11-17,166.28999,169.94501,162.63,163.78999,2163500
2022-11-18,167.61,168.98,157.73,159.88,1213200
2022-11-21,152.83,153.089996,145.50999,147.020004,2238800
2022-11-22,147.3,147.5,142.44,146.8,1918400
2022-11-23,147.46001,152.414,145.5,150.77,2043900
2022-11-25,147.75999,149.33,146.11,147.75,883800
2022-11-28,145.13,148.73,143.11,143.5,1621800
2022-11-29,145.8,147.28999,142.155,142.3,1722700
2022-11-30,139.88,152.7,137.7,152.69,3337900
2022-12-01,153.92,162.495,151.37,161.94,2875400
2022-12-02,156.80499,162.53,153.0,160.17,1806000
2022-12-05,159.0,160.5,144.75999,148.72,1995400
2022-12-06,150.050003,150.55,142.020004,144.69,4047000
2022-12-07,184.60001,186.75,167.50999,178.3,12542100
2022-12-08,182.7,195.73,177.020004,194.42999,5564400
2022-12-09,194.60001,198.41,190.74001,191.75,2708400
2022-12-12,193.0,203.75999,192.64,203.17999,2809200
2022-12-13,218.28,221.2,202.3,206.059998,2879500
2022-12-14,206.050003,213.46001,205.12399,210.64999,1472200
2022-12-15,205.25,213.44,201.33,203.71001,1939200
2022-12-16,201.92999,206.84,196.77,203.10001,2253100
2022-12-19,201.52,202.564,189.88,193.36,1688200
2022-12-20,191.47,201.85001,190.3,200.13,1512200
2022-12-21,202.14,203.44,195.089996,200.38,1199500
2022-12-22,196.039993,197.99001,190.85001,196.17,1118800
2022-12-23,194.5,197.59,191.66,197.47,1370400
2022-12-27,194.16,195.48,186.59,188.85001,1156400
2022-12-28,187.83,191.57001,186.36,188.81,661000
2022-12-29,190.45,203.63,188.58,198.85001,1280300
2022-12-30,194.16,198.5,191.75,196.84,1033900
2023-01-03,199.45,201.94,186.36,190.75,1744500
2023-01-04,191.84,192.95,183.5,187.21001,1737900
2023-01-05,185.0099945,185.0099945,170.52,172.17999,2263300
2023-01-06,172.2,173.66,164.59,169.82001,2042700
2023-01-09,173.64,179.42,172.070007,178.070007,1632000
2023-01-10,175.59,183.059998,174.7,182.089996,1156900
2023-01-11,183.10001,189.17999,179.74001,188.82001,1304700
2023-01-12,188.82001,190.91,183.205,190.61,1259900
2023-01-13,187.14999,198.5,186.050003,197.53,1494500
2023-01-17,195.11,206.87,192.63,202.84,1397700
2023-01-18,206.89999,212.28999,199.78,200.84,1339300
2023-01-19,197.0,199.0,188.78,189.31,1523800
2023-01-20,191.0,199.50999,188.91,197.86,1105500
2023-01-23,199.0,207.67999,196.0,207.050003,1182500
2023-01-24,203.82001,211.0,199.33,199.88,1440100
2023-01-25,190.61,198.565,179.52,195.14,2679500
2023-01-26,199.32001,208.755,197.28999,208.23,1854200
2023-01-27,205.52,224.895,203.77,224.0099945,2985400
2023-01-30,220.63,221.995,209.69,210.41,1244600
2023-01-31,210.029999,214.86,208.47,214.21001,1233800
2023-02-01,214.55,229.795,211.83,228.17,1748500
2023-02-02,237.52,248.14999,236.67999,245.86,2693500
2023-02-03,231.50999,238.25,220.17999,221.98,2408400
2023-02-06,219.25999,226.27,216.050003,218.44,1335100
2023-02-07,218.53,225.23,211.8,224.42,1223700
2023-02-08,224.42,232.050003,221.47,222.63,1331800
2023-02-09,227.21001,230.35001,220.31,220.8,1002400
2023-02-10,216.050003,217.36,207.0,210.7,1237000
2023-02-13,213.47,221.12,207.17999,217.3,1111000
2023-02-14,213.029999,231.020004,211.53999,228.81,1660200
2023-02-15,231.39999,237.91901,226.13,233.53,1289400
2023-02-16,225.25,233.31,217.14999,217.33,1543100
2023-02-17,217.33,217.75999,208.059998,213.13,1303100
2023-02-21,207.69,214.0,206.91,210.61,1183000
2023-02-22,213.53,220.42,211.69,213.59,1308000
2023-02-23,216.78999,219.99001,205.88,213.46001,1126100
2023-02-24,206.67,209.96001,203.37,205.89999,1092800
2023-02-27,208.24001,210.49001,205.18401,206.87,718600
2023-02-28,206.91,210.283,205.96001,209.52,1126700
2023-03-01,209.69,213.705,203.67999,209.97,1431600
2023-03-02,200.81,206.85001,198.089996,205.32001,1941300
2023-03-03,207.029999,220.172,206.86,219.059998,1800200
2023-03-06,220.52,224.78,217.89999,219.89,1262100
2023-03-07,220.0,227.070007,218.77,223.64999,1758400
2023-03-08,224.24001,231.86,224.0,228.7,5332800
2023-03-09,203.85001,221.87,201.205,209.57001,7931100
2023-03-10,206.0099945,211.14,189.95,194.080002,4755800
2023-03-13,190.53999,206.985,189.59,201.74001,2060800
2023-03-14,205.83,208.66,198.64,204.67999,1928200
2023-03-15,202.92999,213.38,201.38,212.13,1956200
2023-03-16,212.45,221.8,210.248,221.25,1426700
2023-03-17,220.39999,224.32001,217.53999,219.77,1674200
2023-03-20,216.020004,217.84,207.245,210.92,1519500
2023-03-21,213.0,219.92,212.039993,218.56,1005800
2023-03-22,218.44,222.0,211.0099945,211.13,1035000
2023-03-23,216.97,224.36,214.354,220.070007,1234500
2023-03-24,219.17,220.75,211.71001,216.78999,1205500
2023-03-27,215.77,217.5,210.48,210.64999,670800
2023-03-28,210.41,215.25999,210.41,213.92999,659700
2023-03-29,217.0,219.75999,215.48,217.39999,714900
2023-03-30,220.53999,221.98,214.72,218.94,823700
2023-03-31,220.23,233.21001,218.13,233.12,1734000
2023-04-03,228.33,232.145,224.53999,226.87,1427200
2023-04-04,227.35001,231.029999,225.88,227.92,789400
2023-04-05,225.0,226.213,209.11,213.089996,1545000
2023-04-06,210.0,216.2,204.5,215.89,964600
2023-04-10,212.42999,214.59,208.0,214.25,1015900
2023-04-11,209.67999,215.53,198.72,211.52,2601100
2023-04-12,223.99001,234.83,222.3,226.21001,3542400
2023-04-13,230.95,236.22,223.86,224.5,1690000
2023-04-14,222.0,226.91,217.61,223.089996,1350500
2023-04-17,220.89,226.21001,219.28,224.85001,696400
2023-04-18,230.0,231.96001,226.42,230.0,947800
2023-04-19,226.83,231.8,224.39,230.25999,706700
2023-04-20,227.31,229.22,224.17,226.52,834400
2023-04-21,229.0,234.67999,227.60001,232.86,1222700
2023-04-24,234.0,235.52,222.63,223.96001,1310900
2023-04-25,220.059998,221.16,212.52299,212.91,1467500
2023-04-26,226.2,243.39999,226.2,238.22,3416800
2023-04-27,242.57001,243.73,234.50999,240.95,1392100
2023-04-28,238.55,240.92799,230.080002,239.96001,1588400
2023-05-01,237.0,237.66499,224.050003,225.77,1677900
2023-05-02,224.84,226.10001,217.83,217.99001,1053900
2023-05-03,216.66,224.49001,215.56,220.52,1381400
2023-05-04,226.10001,243.567,226.10001,237.25,2424000
2023-05-05,240.86,242.71001,234.81,241.28999,1759400
2023-05-08,244.74001,247.8,238.99001,246.92999,1331100
2023-05-09,244.89999,251.87,244.85001,250.28,1727800
2023-05-10,255.56,266.38,255.057007,262.019989,2104500
2023-05-11,263.5,265.53,259.53,264.089996,1331800
2023-05-12,264.0,269.849,260.57999,263.60001,1698900
2023-05-15,265.17001,277.76999,264.57501,276.17001,1972900
2023-05-16,274.19,278.26001,273.85001,275.48001,1709500
2023-05-17,277.0,285.48001,275.23001,282.5,1559200
2023-05-18,282.32001,292.049988,280.0,289.72,2228600
2023-05-19,281.20999,282.0050049,272.84,275.17999,2587000
2023-05-22,275.17999,283.54001,272.14001,283.29001,1599300
2023-05-23,279.59,284.59,272.76999,272.81,1452000
2023-05-24,269.91,279.10999,267.67999,277.57999,1725400
2023-05-25,283.20001,293.28,277.45999,284.91,2150400
2023-05-26,274.10001,291.63,273.0,283.35999,1906700
2023-05-30,291.45999,296.31699,285.87,292.37,1531400
2023-05-31,290.79999,298.37,289.29001,293.79001,1862900
2023-06-01,285.73001,294.98001,275.76001,293.95999,4200200
2023-06-02,380.75,397.98001,370.0,376.29999,9126400
2023-06-05,379.22,392.35001,376.0,388.57001,2820700
2023-06-06,385.01001,398.89001,382.98999,387.62,2782000
2023-06-07,387.85999,391.88599,366.10999,368.56,2212000
2023-06-08,369.76999,376.255,365.0,374.67001,1632600
2023-06-09,376.82001,384.76001,370.89499,374.51001,1274200
2023-06-12,376.17999,382.67999,371.87,381.79001,1092600
2023-06-13,386.17999,390.14999,372.39999,384.10001,1678400
2023-06-14,380.13,381.98999,369.31,374.59,2271000
2023-06-15,373.19,389.31,370.35999,385.39999,1324900
2023-06-16,385.87,385.87,376.35001,379.89999,1614300
2023-06-20,379.76999,385.28799,375.10999,379.78,1729500
2023-06-21,378.91,381.95001,367.60001,372.95999,1935500
2023-06-22,366.66,396.84,365.10999,388.35999,3204600
2023-06-23,386.63,396.0,380.20001,389.98999,3392300
2023-06-26,388.5,393.89999,375.31299,379.98001,1693400
2023-06-27,383.98999,390.69,376.01001,388.34,987200
2023-06-28,387.98999,414.48001,387.01001,398.019989,2879900
2023-06-29,400.0,407.029999,395.54999,402.98999,1809900
2023-06-30,406.059998,418.70001,405.32001,410.98999,2095500
2023-07-03,406.78,416.64001,406.35001,411.42001,1123300
2023-07-05,406.17999,412.30499,402.35999,409.57001,1547000
2023-07-06,401.56,402.41,392.0,399.019989,1682700
2023-07-07,400.029999,403.73999,387.73001,388.62,1583900
2023-07-10,382.41,395.57999,376.48999,394.62,1401100
2023-07-11,396.45001,399.01001,389.5,394.22,975200
2023-07-12,401.60999,404.0,387.049988,391.079987,1198300
2023-07-13,394.92001,407.87,394.73999,407.20999,1210800
2023-07-14,408.73999,414.5,397.32999,398.67999,1065000
2023-07-17,400.25,412.38501,399.12,409.17001,839500
2023-07-18,419.040009,437.32999,407.41,426.019989,3416400
2023-07-19,429.54999,439.0,420.0,431.20999,1998200
2023-07-20,422.17001,426.95001,410.35999,412.64001,1653300
2023-07-21,419.69,420.39999,408.73999,409.78,940200
2023-07-24,413.10001,413.10001,402.0,410.57999,691500
2023-07-25,416.56,426.32999,414.38,418.97,1099900
2023-07-26,403.72,413.44,398.20001,405.14001,1361200
2023-07-27,415.64001,416.0,396.0,403.57999,1271200
2023-07-28,411.67001,418.51001,403.019989,411.62,1242900
2023-07-31,415.76999,426.62,414.995,423.39999,1153200
2023-08-01,420.0,424.97,415.41,424.57001,732100
2023-08-02,414.089996,415.98999,393.0,398.73999,1821900
2023-08-03,391.85001,407.29001,386.29001,402.79999,1067400
2023-08-04,415.059998,423.95001,400.51999,401.57001,1544100
2023-08-07,403.42999,405.29501,387.70801,397.54999,1060600
2023-08-08,378.17001,388.504,368.5,370.19,2856400
2023-08-09,370.19,372.73999,358.42999,360.0,1767600
2023-08-10,359.91,368.34,353.315,359.66,1492600
2023-08-11,355.98001,361.34,353.88,356.22,747700
2023-08-14,352.29001,364.79501,348.81,364.41,940700
2023-08-15,362.89999,371.57999,358.44,367.34,1183400
2023-08-16,363.63,368.51999,358.0,358.82999,747800
2023-08-17,359.0,360.088989,349.089996,351.17001,964000
2023-08-18,344.48001,353.76999,342.01001,350.82999,1031700
2023-08-21,358.070007,363.48999,355.01001,358.60001,982300
2023-08-22,364.29999,365.56,355.85001,362.040009,735100
2023-08-23,360.98999,371.14999,359.0,370.73999,1225200
2023-08-24,384.98999,384.98999,357.905,360.75,1127000
2023-08-25,357.17999,368.23999,355.01001,363.45999,1106900
2023-08-28,365.41,368.72,353.89001,354.32001,1129700
2023-08-29,357.95001,374.29999,354.14999,367.38,1265700
2023-08-30,366.54999,380.38,364.29901,375.51999,1172800
2023-08-31,382.0,387.29001,378.91,381.29999,3094600
2023-09-01,395.01001,414.0,389.32999,392.88,5896900
2023-09-05,389.5,398.64499,388.29999,394.13,1774800
2023-09-06,393.51001,395.75,378.32999,382.26001,1308200
2023-09-07,373.85999,381.23001,368.79001,377.54001,1130400
2023-09-08,377.28,384.019989,375.17999,377.29001,1259300
2023-09-11,382.0,395.049988,379.72,394.28,1254500
2023-09-12,387.67001,388.95999,374.57001,374.57001,1171200
2023-09-13,374.57001,378.76501,370.76001,371.34,861300
2023-09-14,372.12,372.29999,363.91,365.92001,784200
2023-09-15,361.31,362.32001,354.0,362.13,1307800
2023-09-18,357.39001,361.23001,354.76001,356.54001,644700
2023-09-19,357.17001,359.51001,350.019989,355.60999,600800
2023-09-20,356.0,361.35999,351.34,351.66,572200
2023-09-21,342.89999,347.98001,331.95001,333.62,1859300
2023-09-22,338.20999,339.54001,331.0,335.76001,1257200
2023-09-25,331.31,338.0,329.51001,333.31,760000
2023-09-26,329.57999,334.17999,324.10999,325.29999,1404200
2023-09-27,326.26999,332.84,324.69,328.16,934700
2023-09-28,324.69,343.535,323.01001,343.10999,1405800
2023-09-29,353.049988,360.88,345.42001,345.85999,1559100
2023-10-02,342.39001,351.815,341.14999,349.075012,1140900
2023-10-03,341.019989,345.0,328.95999,331.60999,944400
2023-10-04,337.049988,338.20001,331.77399,335.95001,956100
2023-10-05,335.10999,338.23999,328.26999,336.78,798600
2023-10-06,328.35999,354.345,328.26001,353.62,1290600
2023-10-09,347.5,362.12,346.63,358.31,992300
2023-10-10,355.95999,368.621,354.0,358.47,1050500
2023-10-11,365.92999,371.94,362.5,365.22,886500
2023-10-12,367.51999,374.67001,362.0,364.35001,986400
2023-10-13,365.47,366.332,349.89499,350.67999,916500
2023-10-16,352.35001,369.42001,350.70001,368.16,955000
2023-10-17,362.29999,373.0,361.35001,365.70001,965500
2023-10-18,362.34,369.655,356.48199,358.67999,868900
2023-10-19,365.42999,368.98001,357.655,358.0,933200
2023-10-20,359.32999,362.029999,342.44,346.28,1287900
2023-10-23,340.049988,348.79999,333.63501,342.28,850500
2023-10-24,348.45999,358.76001,346.79001,352.040009,980600
2023-10-25,347.0,347.97,328.47,329.32999,1149800
2023-10-26,329.35001,334.39001,321.0,327.32999,1422700
2023-10-27,333.0,339.755,331.98001,335.31,1070200
2023-10-30,341.25,342.32999,333.694,336.29999,733100
2023-10-31,341.23001,346.31201,332.60001,344.59,721400
2023-11-01,345.20999,347.22,332.0,339.019989,957700
2023-11-02,347.47,347.47,326.20999,329.0,1638400
2023-11-03,332.73999,343.70001,328.54001,343.10999,1589100
2023-11-06,347.17999,347.17999,323.31,332.35001,1525000
2023-11-07,355.01001,384.14999,355.01001,369.040009,3881000
2023-11-08,372.0,373.729,362.5,370.040009,1171800
2023-11-09,372.5,379.70999,364.10001,365.31,990500
2023-11-10,366.76001,379.0,364.01001,376.89001,950600
2023-11-13,376.48001,387.94,374.10001,377.97,1145300
2023-11-14,389.01001,402.57001,386.070007,397.76999,1772900
2023-11-15,401.0,402.70001,390.42001,392.57999,891000
2023-11-16,395.73001,395.98999,384.56,389.070007,899500
2023-11-17,389.70999,395.0,388.0,392.57001,646300
2023-11-20,393.16,411.0,393.16,407.60999,1123900
2023-11-21,402.54001,412.67001,402.5,405.51001,848500
2023-11-22,409.76999,410.070007,398.92001,405.070007,936300
2023-11-24,403.5,409.48999,400.85001,407.70001,312700
2023-11-27,406.73001,411.64001,400.39999,401.91,1338200
2023-11-28,400.85001,410.14999,397.45999,406.25,1025400
2023-11-29,411.01001,421.37,411.0,420.51001,1771800
2023-11-30,437.20999,442.84,407.14999,415.73999,2636700
2023-12-01,420.029999,435.70001,414.0,435.23001,1627200
2023-12-04,431.56,440.81,417.646,423.019989,2383700
2023-12-05,423.029999,435.0,420.505,433.67001,3588200
2023-12-06,409.070007,415.72,387.37,387.42001,7440100
2023-12-07,390.51001,396.88,383.26001,384.23999,3092200
2023-12-08,380.37,382.17001,373.23001,381.79001,3108000
2023-12-11,388.5,404.28,388.35999,395.39001,2993600
2023-12-12,391.17001,398.0,389.51001,393.089996,1288400
2023-12-13,394.26999,411.39999,392.23999,411.17999,1950500
2023-12-14,419.0,425.51001,406.92001,419.23999,2430400
2023-12-15,420.84,423.62,413.47,420.17001,6229600
2023-12-18,409.20001,417.81,407.089996,412.73999,1588500
2023-12-19,416.0,418.82001,408.38,409.78,1165800
2023-12-20,405.0,414.79001,401.066986,401.67001,1058200
2023-12-21,409.0,411.0,402.82001,409.82001,680800
2023-12-22,411.34,413.513,400.85999,407.48001,831800
2023-12-26,408.75,417.60001,405.45901,416.89999,925000
2023-12-27,418.0,425.019989,416.95801,418.28,808200
2023-12-28,416.19,420.5,413.079987,417.079987,719100
2023-12-29,415.39999,421.97,408.48499,408.85001,1096400
2024-01-02,404.45001,404.64999,382.26001,383.69,2176900
2024-01-03,373.76001,379.76001,371.25,372.98001,1289600
2024-01-04,362.57001,369.155,360.10001,362.41,2054400
2024-01-05,360.70001,371.44,360.14999,365.39001,1489200
2024-01-08,367.32001,378.63,365.0,378.45001,1816200
2024-01-09,371.57001,380.059998,371.56,378.73001,846200
2024-01-10,380.0,394.45001,376.19,393.14999,1463300
2024-01-11,395.91,399.35001,383.20001,392.60001,1208000
2024-01-12,393.60001,397.85001,388.87,391.59,786200
2024-01-16,388.26001,405.66,382.70499,405.44,1513200
2024-01-17,401.79001,404.01001,387.27499,400.38,1050600
2024-01-18,404.25,408.39999,384.54999,392.17999,1246900
2024-01-19,395.41,401.66,391.5,401.049988,975000
2024-01-22,406.78,426.51001,406.78,413.42001,1910200
2024-01-23,418.60999,418.92001,407.029999,411.059998,762700
2024-01-24,417.69,424.78,409.35999,410.10999,1163200
2024-01-25,416.040009,416.040009,397.38,400.29999,971800
2024-01-26,394.70001,401.72501,391.35001,395.29001,973600
2024-01-29,397.28,420.34,397.28,420.17001,1072800
2024-01-30,418.48999,421.98999,410.73001,415.53,782000
2024-01-31,409.059998,411.0,394.10001,400.51999,1543700
2024-02-01,404.92999,411.31,399.88,409.070007,1129200
2024-02-02,416.39999,437.22,412.029999,436.01001,1959600
2024-02-05,437.98999,454.59,427.35999,436.89001,2015100
2024-02-06,447.0,451.31,429.13,443.31,1545300
2024-02-07,447.5,463.20001,440.26501,457.39001,1403300
2024-02-08,457.85001,477.095001,457.60999,475.12,1267500
2024-02-09,486.72,507.25,481.85999,500.89999,2181400
2024-02-12,500.01001,509.62,487.070007,487.98999,1364300
2024-02-13,463.0,480.0,451.0,472.13,1766700
2024-02-14,481.57999,486.77499,473.20999,486.51001,825900
2024-02-15,488.0,488.0,474.079987,474.20999,858400
2024-02-16,471.29001,477.0,464.54999,465.059998,832100
2024-02-20,457.13,459.78,433.64999,444.81,1183900
2024-02-21,432.37,437.73001,423.22,427.48999,991700
2024-02-22,443.94,450.47,435.78,449.98001,1233900
2024-02-23,452.75,459.69901,447.67999,451.51999,801300
2024-02-26,454.81,459.26999,450.76999,450.79999,635800
2024-02-27,454.14999,458.79999,445.79999,449.95001,580700
2024-02-28,444.040009,448.55499,440.26999,443.45001,917200
2024-02-29,437.0,447.936,433.54001,447.57999,1542400
2024-03-01,449.12,449.12,430.83499,436.84,1444400
2024-03-04,437.079987,443.089996,427.29001,439.0,1006700
2024-03-05,428.28,428.905,398.0,405.0,2476400
2024-03-06,420.25,424.0,407.070007,409.5,1417600
2024-03-07,406.23001,413.87,397.070007,412.01001,3660400
2024-03-08,383.45001,411.5,378.0,383.42001,6256700
2024-03-11,379.62,382.95001,363.95999,366.98999,2334700
2024-03-12,371.85999,374.85001,362.29999,368.64001,1575000
2024-03-13,368.64001,380.089996,366.57001,372.81,1669600
2024-03-14,376.0,380.35999,363.64001,368.94,1686900
2024-03-15,365.60001,366.745,354.67001,355.44,1823500
2024-03-18,357.0,360.70999,352.87,356.37,1049400
2024-03-19,346.059998,354.70001,340.35001,353.79999,1646100
2024-03-20,353.48001,363.66,350.67001,359.070007,959600
2024-03-21,366.5,373.39999,360.14001,360.14999,1174600
2024-03-22,355.78,358.95999,349.29999,355.5,1011300
2024-03-25,351.79001,357.62,351.79001,353.54999,742500
2024-03-26,355.54999,359.027008,349.345,354.12,1017400
2024-03-27,358.0,359.059998,352.64001,358.79999,753000
2024-03-28,358.64001,364.57999,357.5,358.64001,893400
2024-04-01,363.14001,364.39999,352.70999,356.089996,916800
2024-04-02,348.14999,350.60001,343.089996,347.82001,1300400
2024-04-03,343.35999,345.019989,338.51001,339.82001,1697400
2024-04-04,340.39999,354.79999,337.31,343.73999,1658700
2024-04-05,345.0,364.66,344.95999,362.82001,2099700
2024-04-08,360.92001,367.39001,355.12,363.32001,901800
2024-04-09,364.67999,366.94,358.23001,360.94,952900
2024-04-10,354.12,359.85001,351.13,351.28,944600
2024-04-11,354.0,357.39499,349.38,356.040009,809100
2024-04-12,350.0,360.35501,350.0,352.059998,1038100
2024-04-15,352.98999,355.79999,344.20001,347.17001,998700
2024-04-16,346.29999,350.52499,340.34,349.79999,1460100
2024-04-17,349.79999,351.98499,342.70001,342.75,912400
2024-04-18,342.040009,345.14999,332.745,335.54999,1082400
2024-04-19,336.73001,338.22,326.01001,327.47,1353400
2024-04-22,330.0,342.17001,321.76999,340.16,1462400
2024-04-23,343.23001,367.41,342.0,366.31,1745600
2024-04-24,368.5,370.79999,362.01001,369.29001,1314600
2024-04-25,362.42999,370.73999,351.34,366.13,1150200
2024-04-26,382.44,385.85999,375.29999,383.79999,1558700
2024-04-29,380.37,382.27701,368.16,371.94,1151200
2024-04-30,369.35999,374.059998,364.39999,365.17999,1080800
2024-05-01,379.14999,387.19,365.51999,373.32999,1226100
2024-05-02,379.82999,380.94,360.60001,363.17001,1062800
2024-05-03,373.35999,378.465,360.84,362.85001,927000
2024-05-06,363.20999,370.79999,362.14899,365.67001,974600
2024-05-07,356.70001,358.79001,347.35599,355.31,1467400
2024-05-08,349.42001,353.62,347.63,353.20001,738300
2024-05-09,353.20001,358.61499,352.0,354.69,575900
2024-05-10,355.92001,360.785,352.82001,353.47,513000
2024-05-13,356.97,361.92999,354.62,359.23999,983400
2024-05-14,359.56,364.64999,352.76001,359.26999,855200
2024-05-15,367.0,377.64001,362.19,376.48999,1046200
2024-05-16,376.049988,376.5,366.48999,369.94,813800
2024-05-17,369.72,372.0,365.35999,370.82001,668100
2024-05-20,371.91,373.673,363.14999,368.01001,653600
2024-05-21,365.38,367.48999,361.79999,365.26001,727400
2024-05-22,365.35001,367.64999,356.60001,361.28,847000
2024-05-23,372.23001,379.054993,354.60999,355.17999,1301900
2024-05-24,351.81,352.67999,342.29999,349.73999,1336900
2024-05-28,349.51001,349.51001,332.5,335.85999,1717400
2024-05-29,330.0,339.14999,328.01001,333.98999,1154100
2024-05-30,328.5,328.92499,308.38,310.0,4743000
2024-05-31,237.070007,241.0,225.25,236.059998,10987900
2024-06-03,243.14999,252.11,231.0099945,234.61,4873800
2024-06-04,233.089996,242.98,231.2,232.14999,2982800
2024-06-05,234.34,235.38,230.25999,233.24001,1811300
2024-06-06,233.0,235.60699,229.13,229.88,1719500
2024-06-07,227.91,231.99001,222.78,227.020004,1597300
2024-06-10,226.22,229.5,223.71001,224.62,2187000
2024-06-11,223.94,227.8,219.53,223.8,2443900
2024-06-12,228.25999,235.813,227.070007,229.25,2058600
2024-06-13,230.62,230.75999,217.94501,218.17999,1801400
2024-06-14,219.14999,227.039993,218.67999,227.0,1884500
2024-06-17,224.38,226.5,219.45,223.67,1612000
2024-06-18,222.46001,224.248,217.81,218.85001,1577300
2024-06-20,218.67999,222.85001,214.74001,220.45,1535100
2024-06-21,220.82001,228.58,218.86,227.55,2839400
2024-06-24,226.059998,234.75,225.75999,233.92,1776600
2024-06-25,234.28999,234.61501,226.050003,226.61,1656600
2024-06-26,225.82001,241.92999,225.8,240.52,2513300
2024-06-27,238.28,247.25999,238.14,244.14999,2171400
2024-06-28,244.55,252.089996,244.32001,249.96001,2449400
2024-07-01,253.0,264.76001,249.17,263.51001,2354300
2024-07-02,265.0,270.0,259.41,259.88,1813200
2024-07-03,260.20001,267.0,258.019989,264.94,895900
2024-07-05,264.0,271.66,261.87,266.73999,1246200
2024-07-08,266.0,266.12,258.51999,260.10001,1368000
2024-07-09,258.0,259.89999,246.5,250.50999,2009300
2024-07-10,250.88,250.88,237.36,246.17999,2361600
2024-07-11,250.39,257.48999,245.75999,248.78,1362600
2024-07-12,246.3,253.5,244.070007,253.17999,1174000
2024-07-15,253.685,257.079987,249.64999,252.53999,1006200
2024-07-16,255.47,259.69501,250.44,258.26001,1004300
2024-07-17,254.029999,264.10999,253.48,262.76001,2024300
2024-07-18,263.0,268.35001,246.3,246.84,1536400
2024-07-19,245.37,252.64999,243.044998,251.46001,1349800
2024-07-22,253.0,255.92,245.185,252.50999,1309300
2024-07-23,254.57001,260.66,253.0,256.54001,968200
2024-07-24,252.42999,255.12,242.14999,244.53999,1252000
2024-07-25,247.64,263.94,245.0,256.26001,1531700
2024-07-26,259.60999,259.88,246.935,253.5,1196700
2024-07-29,255.0,255.64999,250.10001,251.50999,785200
2024-07-30,251.64999,254.25,238.92999,245.35001,1300500
2024-07-31,248.8,259.85999,244.57001,252.36,1558100
2024-08-01,246.47,249.3,234.64,239.33,1842700
2024-08-02,231.0,233.60001,222.82001,232.7,1670600
2024-08-05,214.49001,223.92999,212.74001,221.5,1737000
2024-08-06,225.92999,228.32001,221.11,223.22,1265600
2024-08-07,228.0,239.65401,223.89999,224.89999,1387600
2024-08-08,227.81,235.38,226.49001,234.48,1008200
2024-08-09,235.36,239.13,231.17999,234.89999,648500
2024-08-12,235.17999,236.16499,230.0,232.37,818900
2024-08-13,233.0,244.87,233.0,243.0,889000
2024-08-14,243.0,246.64999,240.39999,243.44,596000
2024-08-15,245.62,252.48599,245.0,249.050003,671300
2024-08-16,248.99001,253.42,248.25,251.050003,824800
2024-08-19,251.0,256.97,249.47,256.95001,977400
2024-08-20,255.78999,257.48999,253.22,253.24001,593900
2024-08-21,255.71001,261.84,253.60001,261.69,1017200
2024-08-22,254.47,258.79001,245.99001,246.61,1398300
2024-08-23,250.24001,252.62,246.21001,247.61,1004200
2024-08-26,247.61,251.37,245.86501,246.0,1379100
2024-08-27,243.37,244.94,238.48,238.85001,1384200
2024-08-28,238.49001,239.85001,231.63499,235.37,1153100
2024-08-29,241.99001,247.10001,238.41499,245.72,2448000
2024-08-30,290.10001,293.28,275.16,290.79001,6877600
2024-09-03,290.79001,297.76999,281.29001,283.20001,1878600
2024-09-04,281.53,295.42999,278.98001,290.70999,1860100
2024-09-05,291.5,294.28,286.60999,289.88,1531300
2024-09-06,294.82001,294.82001,277.01001,281.88,1450600
2024-09-09,282.89001,290.19,282.84,286.57999,829400
2024-09-10,288.45001,293.75,287.85999,291.48999,824300
2024-09-11,291.45001,297.98999,285.35999,296.69,1124600
2024-09-12,296.22,298.97,293.47,295.17999,922200
2024-09-13,295.62,300.0,288.79999,290.089996,1154100
2024-09-16,290.089996,293.19,287.60999,290.049988,798600
2024-09-17,292.42999,295.47,284.070007,286.79999,1041200
2024-09-18,286.51999,287.0,278.17999,280.10999,1159000
2024-09-19,287.73001,289.0,280.10999,283.85999,1252200
2024-09-20,282.48999,283.23999,275.20999,278.45001,1253600
2024-09-23,281.5,281.5,276.23999,279.48001,546600
2024-09-24,280.64999,284.95999,278.23001,279.92001,610800
2024-09-25,278.60999,284.17999,276.48001,278.26001,614700
2024-09-26,282.20001,282.20001,269.0,272.64999,909900
2024-09-27,274.72,275.5,268.56,269.53,698000
2024-09-30,267.040009,270.84,265.73001,270.35001,838100
2024-10-01,272.040009,274.19,257.41,257.63,1218100
2024-10-02,256.25,259.045013,250.95,254.38,1401000
2024-10-03,252.85001,255.23,250.25999,253.0,842700
2024-10-04,257.39999,267.089996,256.29001,265.35999,1168800
2024-10-07,262.92999,263.56,258.41,259.44,730500
2024-10-08,260.0,265.5,258.049988,259.45999,621500
2024-10-09,259.91,276.81,259.51999,275.48999,1303600
2024-10-10,272.97,296.29001,271.98999,292.69,2598400
2024-10-11,291.79999,297.67999,286.42001,292.85999,1401500
2024-10-14,295.26001,295.38199,287.0,289.14001,697300
2024-10-15,287.82001,290.14001,283.60001,284.66,681000
2024-10-16,284.85001,285.47,275.57001,278.39001,684400
2024-10-17,273.0,275.0,266.13,271.87,4698300
2024-10-18,271.10001,276.88,271.089996,275.54001,1109300
2024-10-21,273.38,276.95999,268.66199,271.76999,825100
2024-10-22,270.16,270.905,263.22,264.44,1115200
2024-10-23,264.25,266.23001,258.28,260.95999,1588900
2024-10-24,263.20001,266.20001,262.57999,263.51999,815100
2024-10-25,266.34,271.0,265.64001,268.73999,1045100
2024-10-28,271.98001,275.70999,269.505,272.17999,732900
2024-10-29,272.88,278.841,271.34,275.20999,658700
2024-10-30,277.47,288.315,276.049988,283.70001,1515200
2024-10-31,280.0,280.56,268.98999,270.39999,1101600
2024-11-01,270.39999,275.22501,265.17999,271.85001,1035500
2024-11-04,269.57001,270.59,265.45001,267.39001,895000
2024-11-05,268.39001,274.87,264.17499,274.75,724500
2024-11-06,281.0,288.089996,280.60999,280.98001,940500
2024-11-07,280.87,295.51001,280.87,294.12,1192200
2024-11-08,292.079987,292.67499,284.17999,290.040009,888100
2024-11-11,290.94,292.42499,283.70999,291.57001,925500
2024-11-12,291.14999,297.0050049,288.69299,291.64999,1284600
2024-11-13,291.13,320.67999,291.13,300.89001,2530800
2024-11-14,301.0,303.53,290.62,291.59,1662700
2024-11-15,286.0,289.85001,272.94,279.76999,1764400
2024-11-18,281.67999,285.26999,279.5,284.42999,1006000
2024-11-19,279.0,291.29001,278.029999,289.14999,1658200
2024-11-20,289.45999,290.94,275.098999,281.76001,1240400
2024-11-21,306.22,331.19501,305.079987,315.44,4191500
2024-11-22,324.95001,337.55499,323.35999,332.5,2755000
2024-11-25,349.17001,353.54999,340.64999,341.35999,2801100
2024-11-26,342.76001,345.97501,334.0,335.39999,1768000
2024-11-27,335.94,336.020996,319.76999,324.60001,1215200
2024-11-29,324.78,328.685,322.049988,322.48999,532100
2024-12-02,323.0,332.276,322.019989,325.14999,1278900
2024-12-03,321.13,328.28,319.48001,324.01001,922000
2024-12-04,337.98999,347.39899,333.0,341.31,1392900
2024-12-05,343.54001,346.98999,333.84,334.31,1003100
2024-12-06,343.5,348.0,340.60001,343.39999,1811200
2024-12-09,355.34,370.0,345.98001,350.13,6513300
2024-12-10,322.42999,323.57001,289.45999,290.89999,10300500
2024-12-11,297.70499,305.14801,295.10999,297.20001,3641500
2024-12-12,291.95001,294.62,284.28799,288.60999,2751800
2024-12-13,288.60999,290.63501,265.26001,267.19,5096600
2024-12-16,264.23001,274.70999,260.29999,265.63,3020400
2024-12-17,266.98999,269.48999,263.10001,265.10001,1782400
2024-12-18,264.67999,265.13,249.11,252.67,2576300
2024-12-19,252.48,255.89999,243.3,245.0,2598600
2024-12-20,241.13,248.57001,239.17999,245.63,3307400
2024-12-23,246.50999,246.50999,240.88,242.92,2814000
2024-12-24,243.11,244.56,240.5,243.0,1397100
2024-12-26,242.35001,244.19,240.14999,243.5,1889100
2024-12-27,242.91,244.8,234.070007,238.35001,2776300
2024-12-30,234.25999,235.825,229.39999,233.91,3066900
2024-12-31,234.82001,236.75,231.8,232.81,1714600
2025-01-02,234.089996,247.0,234.089996,244.62,2592600
2025-01-03,247.0099945,250.22,239.733,246.39,1531400
2025-01-06,254.10001,259.88,251.2,252.86,1943700
2025-01-07,254.19,256.39999,242.925,245.96001,1418600
2025-01-08,244.38,250.53999,242.46001,248.67999,1042800
2025-01-10,243.37,247.30701,240.0,245.22,1249200
2025-01-13,242.67,243.52,235.3,240.19,1930300
2025-01-14,244.7,249.59,240.41,242.41,1087800
2025-01-15,247.39,250.46001,242.73,242.91,1066700
2025-01-16,248.60001,251.64,242.12,247.96001,1164600
2025-01-17,255.17,257.32401,250.162,253.11,1402700
2025-01-21,257.070007,265.285,256.0,257.85999,2044700
2025-01-22,261.5,265.52499,258.314,260.70001,1300100
2025-01-23,260.0,260.79001,253.34,260.62,1058700
2025-01-24,263.0,264.26999,258.67999,261.85999,813800
2025-01-27,255.0,277.73001,254.22,264.57999,2364500
2025-01-28,267.57999,286.82999,263.88,284.0,3454600
2025-01-29,283.10999,283.57999,272.54999,278.32999,1701300
2025-01-30,272.66,273.22198,259.69,271.070007,2260000
2025-01-31,273.32999,281.35999,272.51001,273.32001,1553000
2025-02-03,266.0,272.62,262.089996,268.82999,1303900
2025-02-04,268.34,277.17001,268.029999,275.97,1277500
2025-02-05,273.0,284.01001,270.62,282.029999,1514200
2025-02-06,282.13,286.48999,277.59,278.10001,1079000
2025-02-07,279.01001,283.95999,275.85999,277.87,1286600
2025-02-10,281.62,288.54001,280.82001,286.35999,1138400
2025-02-11,285.87,292.95001,284.26001,286.12,1238200
2025-02-12,284.91,293.42999,279.14001,292.45999,1283500
2025-02-13,293.0,294.0,282.17001,292.97,1497000
2025-02-14,291.0,292.046997,283.34,289.63,1248800
2025-02-18,292.049988,298.92001,287.45999,298.51501,1160800
2025-02-19,297.54001,298.0,289.85999,295.0,1057600
2025-02-20,294.70999,294.70999,277.029999,290.0,1523800
2025-02-21,288.98999,288.98999,272.69,273.26001,1583300
2025-02-24,274.35001,275.0,257.64999,267.10001,1465800
2025-02-25,261.42999,265.29999,253.0,259.70999,1399100
2025-02-26,262.98001,271.019989,261.79999,268.29999,1178200
2025-02-27,276.35001,279.87,262.32001,262.41,1390300
2025-02-28,260.32001,267.70001,258.059998,267.42999,1340300
2025-03-03,270.63,275.53799,256.70001,259.019989,1584800
2025-03-04,257.98001,259.57999,245.69,254.38,1687500
2025-03-05,254.31,264.79001,249.67999,264.13,3793000
2025-03-06,207.089996,212.0050049,192.78999,192.98,14213800
2025-03-07,194.020004,195.0,181.050003,187.64999,5783300
2025-03-10,182.020004,185.84,173.13,180.32001,6470300
2025-03-11,180.84,197.16499,179.685,195.7,5162400
2025-03-12,203.11,204.029999,191.028,196.12,3749000
2025-03-13,193.64,194.73,183.0,185.10001,2970200
2025-03-14,187.7,188.88,183.245,185.37,2589300
2025-03-17,185.34,196.95,184.675,193.050003,2040600
2025-03-18,190.39,191.965,184.42,188.67999,1333200
2025-03-19,189.020004,193.21001,185.53,190.059998,1667900
2025-03-20,187.69,194.89999,187.69,189.3,1404400
2025-03-21,185.465,193.53999,184.55,192.53999,2185700
2025-03-24,195.53,199.48,193.44,197.48,2163300
2025-03-25,198.3,202.895,197.39,198.66,1214400
2025-03-26,198.61,198.66,192.67,193.66,1106300
2025-03-27,191.36,191.99001,186.61099,188.64,1320000
2025-03-28,185.73,187.059998,175.89,178.029999,2908400
2025-03-31,175.22,176.60001,170.85001,175.39999,2807900
2025-04-01,174.69,178.14999,170.66,176.61,1321300
2025-04-02,173.2,183.0,173.2,180.19,2359400
2025-04-03,170.42,173.2,160.285,163.34,3345100
2025-04-04,158.050003,159.85001,151.524,154.39,3891900
2025-04-07,146.5,159.435,140.78,147.38,5429300
2025-04-08,156.0,156.245,143.14999,145.85001,2975700
2025-04-09,145.25999,174.026993,144.2,171.34,3614400
2025-04-10,167.41,169.13,157.85001,161.10001,2350000
2025-04-11,160.72,164.0,157.11,162.24001,1678000
2025-04-14,167.0,168.64,157.36,158.039993,1866500
2025-04-15,159.029999,162.49001,157.0099945,158.58,1537900
2025-04-16,156.10001,160.59399,155.41,160.039993,2039900
2025-04-17,161.67999,162.619,155.88,159.25999,1549800
2025-04-21,157.245,158.12,150.755,151.67,2292900
2025-04-22,150.23,155.24001,148.88,152.14999,3142400
2025-04-23,159.87,167.315,159.58,162.66,2979900
2025-04-24,162.92,175.42999,162.25999,173.21001,3316800
2025-04-25,171.38,175.080002,168.41,173.5,2105900
2025-04-28,172.98,175.96001,170.57001,174.50999,1835800
2025-04-29,174.49001,177.0099945,173.83,174.69,1489400
2025-04-30,169.39999,172.545,167.19,172.17,1443700
2025-05-01,178.19501,179.037994,172.0,172.19,1970300
2025-05-02,174.89999,176.27,170.85001,171.64,1906000
2025-05-05,170.23,175.91,169.64999,172.96001,1255000
2025-05-06,170.45,175.28,169.25999,172.22,1278800
2025-05-07,172.22,175.52499,170.88499,174.33,1216200
2025-05-08,176.82001,181.28999,175.25,179.25999,1743100
2025-05-09,181.91,184.0,177.435,178.53999,1598800
2025-05-12,187.22,191.67,186.0,191.61,2659600
2025-05-13,192.89,197.55,190.91,195.89999,2189700
2025-05-14,196.2,198.58,192.61,193.74001,2007300
2025-05-15,191.48,192.31,186.11,190.5,1805100
2025-05-16,190.71001,193.19,188.202,191.28999,7861200
2025-05-19,187.25,191.55,186.83,189.0099945,1743700
2025-05-20,184.25,189.69,183.13,188.94,2502000
2025-05-21,188.0,190.37,184.14,185.0099945,2005900
2025-05-22,187.47,191.74001,186.55,188.58,2199300
2025-05-23,184.5,186.89799,182.89999,185.85001,1248800
2025-05-27,189.89,189.89,187.48,188.95,1979900
2025-05-28,188.39999,190.25999,186.85001,188.45,1895500
2025-05-29,190.57001,191.72501,186.2,189.36,1642300
2025-05-30,188.039993,189.12,182.42999,188.83,2627900
2025-06-02,188.42,193.17999,183.64301,193.0,2416500
2025-06-03,193.67999,195.28999,190.36,193.75,2828600
2025-06-04,194.19,201.785,193.86501,199.73,6495200
2025-06-05,234.75,237.17999,222.059998,225.38,13170000
2025-06-06,227.64999,227.92999,219.14,220.14,3374300
2025-06-09,222.42999,223.25999,216.67599,217.23,2266300
2025-06-10,218.31,220.0,212.815,213.029999,2519900
2025-06-11,213.67,214.99001,209.64,210.60001,2382100
2025-06-12,210.215,218.12,209.96001,210.66,2184500
2025-06-13,207.39999,210.50999,204.625,205.63,1569200
2025-06-16,207.17999,209.8,202.11,202.5,2067900
2025-06-17,201.080002,207.089996,200.57001,205.60001,1860100
2025-06-18,205.82001,208.855,200.35001,204.14999,2084400
2025-06-20,207.46001,212.94,200.45,201.5,3617100
2025-06-23,200.48,204.039993,196.0,203.24001,1610200
2025-06-24,206.21001,210.33,205.45,209.25,1916700
2025-06-25,210.84,212.0,204.37,206.75999,1550400
2025-06-26,208.77,210.82001,203.28999,209.2,1519100
2025-06-27,209.39,211.565,206.36,209.92,3107000
2025-06-30,212.17,214.17,207.95,209.99001,1662800
2025-07-01,210.0,211.67999,203.35001,206.039993,2148800
2025-07-02,206.050003,208.48,203.14,204.42999,2169800
2025-07-03,205.41,213.785,205.41,211.34,1522900
2025-07-07,209.99001,211.455,205.67,210.0099945,1575600
2025-07-08,210.17999,212.36,208.39,208.89999,1768900
2025-07-09,213.050003,217.21001,210.125,217.12,3145500
2025-07-10,218.0,218.42,205.44,209.27,2928200
2025-07-11,207.92999,209.63,201.67,202.50999,1695800
2025-07-14,202.0,205.5,201.0099945,201.53,1483800
2025-07-15,203.059998,212.39,202.495,208.66,2384000
2025-07-16,209.070007,210.0,203.50999,209.64,1601000
2025-07-17,210.020004,220.070007,210.020004,218.53,2242400
2025-07-18,219.99001,222.050003,217.0,221.21001,1822200
2025-07-21,222.91,224.99001,220.25,222.24001,1918500
2025-07-22,223.495,228.5,221.81,224.295,1926100
2025-07-23,225.10001,229.14999,221.0099945,228.25,1500300
2025-07-24,231.99001,243.37601,231.0,235.16,2495600
2025-07-25,236.0,248.25,235.3,241.37,3589400
2025-07-28,245.3,247.58701,240.714,244.41,2273100
2025-07-29,245.0,247.44,238.99001,240.88,1793800
2025-07-30,240.50999,246.35001,236.46001,244.36,1975200
2025-07-31,249.28999,251.24001,237.14,237.89,2837600
2025-08-01,232.63,232.66,217.33,220.97,3020800
2025-08-04,223.36501,228.64999,223.36501,226.56,1585800
2025-08-05,227.0,232.44,225.96001,228.25,1422600
2025-08-06,229.50999,236.10001,228.7,235.82001,1788800
2025-08-07,241.24001,242.76601,215.96001,227.86,3511900
2025-08-08,225.66,226.0,207.88,209.17999,4183600
2025-08-11,207.0,211.47,199.59,201.0,3128100
2025-08-12,202.14,209.14999,198.47,207.82001,3280300
2025-08-13,210.33501,210.98,206.0,207.42999,2520300
2025-08-14,204.28999,206.61,202.050003,204.37,1402100
2025-08-15,207.080002,219.039993,207.0,218.25999,2156900
2025-08-18,222.98,231.55099,220.32001,227.059998,2693300
2025-08-19,227.47,229.35201,217.85001,218.61,1762600
2025-08-20,214.35001,216.78,208.86,212.7,2049600
2025-08-21,211.28,213.8,206.92,211.96001,1541100
2025-08-22,211.029999,220.0,208.64999,219.059998,1804500
2025-08-25,219.0,219.61,214.3,218.44,2251700
2025-08-26,217.91,220.48,212.31,214.34,7908500
2025-08-27,282.049988,297.26001,275.66,295.70001,20747000
2025-08-28,299.48999,321.57001,297.0,318.10001,10726100
2025-08-29,314.41501,321.92001,308.39001,315.60999,5695500
2025-09-02,310.0,323.58499,308.5,318.29001,4189200
2025-09-03,319.97,320.44,306.019989,312.88,2978200
2025-09-04,311.60001,322.66,306.01001,322.049988,2750900
2025-09-05,325.049988,331.040009,322.79001,324.73999,2339400
2025-09-08,326.25,327.185,320.64999,323.29001,1328100
2025-09-09,323.5,331.89001,322.0,331.089996,2064000
2025-09-10,333.98499,344.85001,333.211,334.87,2641600
2025-09-11,337.25,340.79999,331.81,332.10001,1366300
2025-09-12,336.10001,336.10001,328.26999,330.10001,1282600
2025-09-15,335.51001,344.29999,333.495,333.97,3548000
2025-09-16,333.89999,334.0,325.17001,327.37,1919400
2025-09-17,327.92999,329.01001,306.5,315.38,3724500
2025-09-18,319.0,322.25,310.22,316.29999,2630500
2025-09-19,320.14999,325.54001,317.91901,323.42999,3034300
2025-09-22,323.19101,327.5,320.0,323.59,1921000
2025-09-23,324.0,326.57001,318.20999,318.95999,2047900
2025-09-24,320.53,322.52701,315.20001,315.29999,1367300
2025-09-25,313.47,316.34,309.34,315.32001,1238500
2025-09-26,315.25,319.51999,312.0,318.41,1263300
2025-09-29,321.0,322.0,314.53,317.0,1641500
2025-09-30,315.51999,318.375,306.435,310.38,1520400
2025-10-01,310.745,324.82999,309.92001,321.53,3803600
2025-10-02,328.98001,335.82999,325.01001,326.29001,3154100
2025-10-03,328.75,329.45999,316.62,321.20999,1113100
2025-10-06,323.22,331.505,319.72,321.92999,1680400
2025-10-07,323.019989,325.0,311.10999,318.45999,1411300
2025-10-08,320.44,328.35001,319.79001,326.78,1213200
2025-10-09,329.5,335.52802,325.0,331.48001,1489200
2025-10-10,334.35001,337.95001,313.10999,314.44,1960800
2025-10-13,323.01001,323.28,313.79999,319.20999,885900
2025-10-14,312.32001,317.91,307.20499,313.81,973200
2025-10-15,315.94,319.98001,314.0,317.82999,886200
2025-10-16,320.0,329.66,311.029999,314.35001,1643200
2025-10-17,311.76999,320.91,310.29999,318.53,997600
2025-10-20,321.39001,330.29001,321.14001,327.41,1120300
2025-10-21,326.70499,335.39001,325.35001,325.76001,917400
2025-10-22,324.29999,330.0,318.0,325.10001,1783400
2025-10-23,321.23001,331.32001,321.0,330.01001,693600
2025-10-24,335.049988,340.98099,333.54001,333.57001,1139500
2025-10-27,339.29001,346.85999,338.0,340.17001,953100
2025-10-28,343.0,343.82001,335.88,336.45999,885500
2025-10-29,335.5,343.26999,330.0,340.53,1072100
2025-10-30,338.10999,355.48999,336.95001,347.54001,2316100
2025-10-31,354.5,362.14999,349.60001,359.82001,2074100
2025-11-03,385.040009,385.44,356.55499,369.049988,4892500
2025-11-04,358.95001,368.89999,350.13,355.84,1828600
2025-11-05,354.75,358.88,345.39001,350.28,1646700
2025-11-06,362.0,365.85999,352.35001,355.82999,1588500
2025-11-07,347.45001,362.23999,339.0,361.040009,1622000
2025-11-10,363.32001,377.84,358.845,373.89001,1986100
2025-11-11,373.47,375.10999,363.28,371.42001,1461200
2025-11-12,372.875,376.17999,364.54001,365.38,1284600
2025-11-13,359.85001,362.98999,347.62,351.14001,1406100
2025-11-14,338.98001,356.5,337.0,352.60999,1377400
2025-11-17,349.82001,352.0,333.64001,339.60001,1444600
2025-11-18,334.0,341.26001,331.01001,337.85999,970900
2025-11-19,337.23001,343.29001,332.88,337.19,727000
2025-11-20,344.72,353.29001,326.17001,329.089996,1646300
2025-11-21,327.45001,328.97501,309.935,321.17999,2179200
2025-11-24,325.049988,334.64999,324.35999,330.63,2209000
2025-11-25,329.57001,333.51001,322.53,331.75,1582600
2025-11-26,331.28,331.79999,325.0,326.26999,1420800
2025-11-28,330.505,336.23999,330.505,332.37,1199600
2025-12-01,326.42999,335.92001,321.259,328.87,4997600
2025-12-02,406.82001,419.5,399.51001,401.98999,9487500
2025-12-03,404.785,411.45001,396.37,405.94,2574100
2025-12-04,405.62,407.51999,394.0,396.73001,2516700
2025-12-05,397.39001,411.23999,393.53,409.62,2101200
2025-12-08,413.0,424.64001,413.0,418.70999,2237200
2025-12-09,416.35999,419.98999,412.75,414.059998,1234100
2025-12-10,412.76001,429.85001,411.922,427.41,1719400
2025-12-11,423.17999,432.54999,418.64001,420.39001,1314000
2025-12-12,417.79001,421.54001,411.28,419.0,1260100
2025-12-15,420.79001,420.85999,411.0,416.0,2066200
2025-12-16,410.029999,425.48001,408.0,421.5,1758400
2025-12-17,421.85001,428.53,411.76001,412.35001,1349800
2025-12-18,420.0,428.56,415.5,425.20001,1957700
2025-12-19,429.0,431.56,423.25,430.64001,1407400
2025-12-22,433.0,440.67001,431.0,439.67999,1375600
2025-12-23,439.0,439.39001,432.5,437.13,843900
2025-12-24,435.35001,439.079987,434.29001,435.51001,341300
2025-12-26,435.56,439.67001,435.049988,435.85001,532900
2025-12-29,434.0,435.0,420.89999,423.14001,1506500
2025-12-30,425.48999,428.64999,420.91,421.23001,921500
2025-12-31,421.38,425.79999,418.69,419.69,835800
2026-01-02,422.5,423.5,392.5,399.64999,2555100
2026-01-05,404.01001,423.70999,400.85999,420.82001,1669100
2026-01-06,420.51999,436.42001,418.94,435.85999,1740100
2026-01-07,435.01001,444.72,433.01001,440.60001,1381800
2026-01-08,440.505,444.0,411.54999,413.51999,1578400
2026-01-09,414.78,420.79501,407.73001,408.12,1191000
2026-01-12,408.12,419.26999,404.60001,418.19,1087800
2026-01-13,417.73001,424.23001,409.70001,411.19,1521500
2026-01-14,409.35999,410.35999,385.45001,386.89001,1627600
2026-01-15,388.31,410.73999,384.0,389.20001,2262800
2026-01-16,390.64001,413.72,386.75,399.76001,1988000
2026-01-20,389.87,400.91501,380.25,384.82001,1534600
2026-01-21,387.22,390.88501,380.19,381.44,1093100
2026-01-22,387.60001,404.98999,387.14301,404.64001,1088700
2026-01-23,406.60999,408.215,396.88501,398.69,1047200
2026-01-26,401.845,413.57999,399.82999,411.25,958300
2026-01-27,420.0,423.48001,410.20999,411.89001,703000
2026-01-28,417.070007,426.32001,409.44,411.040009,863800
2026-01-29,395.39999,398.0,362.89999,374.019989,2745000
2026-01-30,375.82001,381.82999,368.23999,371.32999,1603900
2026-02-02,369.75,381.0,359.95001,372.67999,1086400
2026-02-03,371.36499,372.815,333.17001,346.059998,1991800
2026-02-04,339.16,342.81,318.92001,337.60001,2587300
2026-02-05,331.82001,342.14001,324.17999,326.5,1616700
2026-02-06,339.84,344.66,319.29999,344.35001,1930300
2026-02-09,346.070007,363.070007,343.59,357.76999,1485300
2026-02-10,383.29999,388.0,366.95001,377.26001,2417900
2026-02-11,382.079987,386.64999,352.35001,364.45999,1651200
2026-02-12,364.5,372.57999,345.0,356.73999,1609200
2026-02-13,353.5,372.79999,350.0,368.39999,1337200
2026-02-17,364.755,364.755,340.39999,354.35999,1652300
2026-02-18,354.019989,366.53,346.63,363.070007,921400
2026-02-19,362.17499,363.57999,353.5,355.89001,940900
2026-02-20,348.53,363.20999,338.85001,344.56,1383500
2026-02-23,337.64999,337.95001,298.0,305.37,3012400
2026-02-24,304.019989,319.72,292.53,312.51001,2327800
2026-02-25,311.29001,319.186,305.75,314.98999,1938700
2026-02-26,321.85001,338.51501,318.25,336.60999,2242600
2026-02-27,328.785,331.29999,319.20999,328.47,1825500
2026-03-02,322.87,333.67999,320.60001,325.01001,4945800
2026-03-03,235.405,263.98001,229.60001,252.73,12122800
2026-03-04,255.75,257.45001,245.74001,248.0099945,4009600
2026-03-05,249.87,268.76999,249.87,263.92999,3774400
2026-03-06,259.0,275.37,258.019989,270.47,2999100
2026-03-09,266.20001,272.70499,263.0,271.73999,1656400
2026-03-10,271.0,276.103,262.14999,270.56,2075500
2026-03-11,273.29999,278.69,266.64001,270.57001,1339300
2026-03-12,266.91,274.69,259.20001,260.67999,1801300
2026-03-13,260.29001,268.54999,256.64999,260.5,1556100
2026-03-16,260.89001,273.85501,260.89001,266.95001,1386900
2026-03-17,265.31,278.67999,265.0,272.26999,1340500
2026-03-18,270.22,275.91,267.89001,268.51999,1142700
2026-03-19,266.0,273.0,264.0,270.16,1303100
2026-03-20,268.34,268.34,258.60001,261.16,1686700
2026-03-23,270.17001,279.983,268.0,273.25,1414600
2026-03-24,269.10999,270.98999,253.44,253.75999,1381800
2026-03-25,257.57001,258.20001,240.55,246.53999,2038300
2026-03-26,241.25999,250.87,240.72,241.28,1259100
2026-03-27,237.63,239.035004,230.0099945,235.50999,1440100
2026-03-30,234.83,242.16,232.61,235.21001,1167200
2026-03-31,236.75,246.576,235.105,244.77,1083900
2026-04-01,248.45,253.41,244.77,249.36,1244100
2026-04-02,245.89999,254.13,241.38,253.12,1289000
2026-04-06,253.61,256.45999,247.285,255.0099945,1510600
2026-04-07,253.029999,256.98999,248.47,254.080002,871900
2026-04-08,265.12,266.5,246.7,250.32001,1903100
2026-04-09,250.75,250.75,229.029999,229.49001,2586100
2026-04-10,230.52,232.039993,215.67999,225.95,3075500
2026-04-13,226.34,237.53999,224.62,236.14,1471200
2026-04-14,236.60001,242.42999,232.422,233.60001,1213900
2026-04-15,234.81,244.69,231.0,244.059998,1818600
2026-04-16,252.0,255.64999,246.545,251.14,1489800
2026-04-17,254.39,269.422,250.039993,263.38,2582800
2026-04-20,262.98001,268.88501,257.14999,264.10999,1481900
2026-04-21,266.10001,272.76501,261.0,261.42999,1064800
2026-04-22,267.76999,272.37,265.10001,269.54001,1181600
2026-04-23,257.55499,258.48999,250.070007,258.10999,1814700
2026-04-24,258.0,258.10001,240.62,253.59,2074300
2026-04-27,253.59,265.72,251.371,264.38,1252500
2026-04-28,264.97,269.98001,256.32001,258.20001,1214100
2026-04-29,255.30499,259.67001,251.573,258.29001,852200
2026-04-30,258.29001,258.48999,244.88,250.83,1844300
2026-05-01,260.85001,269.60001,260.20999,263.45999,1418800
2026-05-04,263.64999,270.62,259.79001,264.69,1048900
2026-05-05,267.29001,272.87,260.0,266.67999,927000
2026-05-06,265.39999,268.82001,255.62,265.26001,838900
2026-05-07,290.059998,304.029999,289.13,293.42001,3614400
2026-05-08,289.64999,301.14999,282.049988,299.47,1813000
2026-05-11,294.98001,305.45001,289.72,294.64999,1441300
2026-05-12,307.73999,317.20999,305.82001,308.72,2654000
2026-05-13,307.19,310.95999,296.26999,303.0,1546600
2026-05-14,302.049988,304.70401,292.45999,303.089996,1145700
2026-05-15,304.5,316.84,301.26001,312.16,1454700
2026-05-18,311.91,339.97,309.39999,330.0,2690200
2026-05-19,338.63,349.20999,331.01001,334.67999,1880400
2026-05-20,331.29999,336.82999,323.59,329.14001,1421100
2026-05-21,325.39999,325.39999,312.73001,317.5,1979000
2026-05-22,318.049988,330.98999,318.049988,326.13,1263400
2026-05-26,314.36499,317.45999,303.79999,307.35001,3216500
2026-05-27,301.40201,303.89999,292.72,294.45999,3148200
2026-05-28,321.495,331.85001,316.20001,325.67999,9641900
2026-05-29,350.5,352.59,303.97,335.54999,10612600
2026-06-01,346.0,409.0,345.5,403.88,6787700
2026-06-02,387.54999,412.0,385.44,398.45999,2474500
2026-06-03,391.26999,392.48999,364.37,368.32001,2096300
2026-06-04,371.94501,390.0,369.0,380.17999,1690700
2026-06-05,375.089996,381.0,350.10999,350.73999,1786200
2026-06-08,348.01001,359.0,344.14001,352.56,1776000
2026-06-09,349.39999,356.45999,325.21701,340.28,1788100
2026-06-10,334.60999,359.5,331.56,348.28,1506100
2026-06-11,345.48499,359.23999,338.59,354.41,1149200
2026-06-12,355.95001,359.39001,340.5,342.79999,939400
2026-06-15,349.82901,364.26001,346.5,354.17999,1269600
2026-06-16,352.995,364.16101,344.0,348.81,1069100
2026-06-17,344.049988,348.51001,331.69,334.69,1505400
2026-06-18,333.57999,336.34,314.55801,332.75,3010100
2026-06-22,321.57501,325.215,309.25,319.16,2105100
2026-06-23,316.01001,325.69,313.19,320.97,924000
2026-06-24,318.0,323.565,300.84,302.44,1476100
2026-06-25,301.54001,305.84,290.57001,294.10001,1370800
2026-06-26,294.25,314.98999,293.67001,314.01001,3468500
2026-06-29,322.95999,338.76001,320.51001,338.17999,2286900
2026-06-30,334.25,339.75,332.16,335.89999,1242800
2026-07-01,345.94,361.76001,342.41,359.38,1734200
2026-07-02,358.48499,363.17599,349.202,354.88,1612000
2026-07-06,347.070007,360.17499,345.66,357.91,1265700
2026-07-07,365.98001,370.0,359.089996,361.32001,1446200
2026-07-08,352.57001,364.38,350.14001,359.39999,1004900
2026-07-09,349.47,364.89999,345.0,362.87,960100
2026-07-10,371.54999,373.32999,339.39499,342.079987,1402500
2026-07-13,343.54999,349.79999,333.39999,337.97,1573900
2026-07-14,324.049988,353.0,315.82001,344.67001,2275000
2026-07-15,351.64001,353.39001,329.23999,333.040009,1103400
2026-07-16,333.070007,334.0,318.11499,328.60001,1109100
2026-07-17,322.48999,327.39001,311.0,312.32999,2056500
