DateTime,Open,High,Low,Close,Volume
2015-01-02,54.59924,55.14313,54.41794,54.57061,7415962
2015-01-05,55.54389,55.80153,54.9332,55.38168,16727338
2015-01-06,55.61069,57.72901,55.58206,57.55725,25453510
2015-01-07,57.67176,58.79771,57.59542,58.78817,19528956
2015-01-08,59.16031,60.057251,59.017178,59.97137,20038808
2015-01-09,59.9332,60.23855,59.32252,59.69466,13245358
2015-01-12,60.20992,60.5916,59.25573,59.44656,12124312
2015-01-13,60.028625,60.70611,58.90267,59.3416,10516890
2015-01-14,58.89313,60.028625,58.66412,59.77099,10331289
2015-01-15,59.91412,60.10496,58.99809,59.045803,10023701
2015-01-16,59.026718,60.26718,58.71183,60.14313,11917018
2015-01-20,59.83779,60.40076,59.045803,59.74237,13734983
2015-01-21,59.56107,59.90458,59.23664,59.31298,9517307
2015-01-22,59.4084,59.83779,58.71183,59.72328,8902131
2015-01-23,59.59924,60.11451,59.55153,59.62786,6528097
2015-01-26,59.71374,60.095421,59.27481,59.94275,7036901
2015-01-27,60.0,60.13359,59.28435,59.69466,8347425
2015-01-28,59.94275,60.076336,58.51145,58.63549,9293769
2015-01-29,58.72137,59.30344,57.9771,59.24618,9527682
2015-01-30,58.71183,59.09351,57.28053,57.51908,12667071
2015-02-02,57.72901,58.13931,57.041985,58.091602,9711502
2015-02-03,58.10115,58.26336,57.19466,58.22519,12028420
2015-02-04,57.22328,57.25191,55.66794,56.34542,20380142
2015-02-05,56.55534,56.63168,55.83015,56.45992,13268099
2015-02-06,56.39313,57.032444,55.89695,56.097328,10338310
2015-02-09,55.96374,56.29771,55.27672,55.6584,10494777
2015-02-10,56.29771,56.62214,56.078243,56.15458,9997291
2015-02-11,56.068703,56.25954,55.72519,56.049618,10987127
2015-02-12,56.29771,56.40267,55.90649,56.1832,7553670
2015-02-13,56.20229,56.24046,55.92557,56.11641,8278466
2015-02-17,56.049618,56.26908,56.011452,56.097328,10676290
2015-02-18,55.98282,56.30725,55.56298,56.10687,11039842
2015-02-19,56.15458,56.28817,55.16221,55.62977,10308338
2015-02-20,55.48664,55.80153,55.085876,55.67748,12161830
2015-02-23,55.71565,55.98282,55.50573,55.62977,9002215
2015-02-24,55.81107,55.88741,55.39122,55.68702,8084377
2015-02-25,55.78244,56.26908,55.40076,55.81107,8861050
2015-02-26,55.97328,56.44084,55.97328,56.25954,12040577
2015-02-27,56.19275,56.35496,55.81107,55.85878,13686775
2015-03-02,55.85878,56.19275,55.61069,55.89695,10131226
2015-03-03,55.9542,56.011452,55.2958,55.66794,8647362
2015-03-04,55.73473,55.96374,55.03817,55.22901,13975290
2015-03-05,55.42939,55.61069,55.15267,55.32443,12087737
2015-03-06,55.20038,55.21947,54.12214,54.23664,11595806
2015-03-09,54.23664,54.74237,53.72137,54.63741,8742416
2015-03-10,54.3416,54.57061,53.90267,53.98855,13755000
2015-03-11,54.85687,54.85687,53.40649,53.49237,16417234
2015-03-12,53.26336,53.64504,53.11069,53.59733,13576106
2015-03-13,53.46374,53.84542,53.091602,53.62595,13700399
2015-03-16,53.98855,54.69466,53.98855,54.50382,12073798
2015-03-17,54.28435,54.28435,53.66412,53.88359,10479371
2015-03-18,53.80725,55.31488,53.63549,55.0095406,15645068
2015-03-19,54.79962,55.66794,54.41794,55.54389,15149783
2015-03-20,55.57252,56.16412,55.11451,55.89695,27367472
2015-03-23,55.72519,56.4313,55.38168,56.040077,11170108
2015-03-24,56.68893,56.96565,55.83015,55.94466,13692434
2015-03-25,56.77481,56.97519,55.51527,55.5916,14712243
2015-03-26,55.38168,55.53435,54.78053,54.96183,11090879
2015-03-27,55.1813,55.56298,54.99046,55.10496,8932628
2015-03-30,55.58206,55.85878,55.48664,55.66794,8582072
2015-03-31,55.52481,55.63931,54.84733,54.84733,10960718
2015-04-01,54.63741,54.69466,53.64504,54.25573,13322386
2015-04-02,54.38931,54.8187,54.24618,54.48473,7947508
2015-04-06,54.32252,54.71374,54.11259,54.56107,13256362
2015-04-07,55.019085,55.22901,54.67557,54.79962,9723658
2015-04-08,55.25763,55.39122,54.4084,54.53244,14210566
2015-04-09,54.59924,55.085876,54.49427,54.79962,12582288
2015-04-10,54.43702,55.0095406,53.74046,54.62786,16251860
2015-04-13,54.46565,54.74237,53.91221,54.13168,10983983
2015-04-14,54.33206,55.33397,54.017178,55.11451,15359698
2015-04-15,55.41031,56.25,55.41031,55.7729,12690022
2015-04-16,55.54389,55.71565,55.095421,55.19084,6717051
2015-04-17,54.72328,54.73282,53.97901,54.27481,12223243
2015-04-20,54.86641,55.34351,54.76145,54.97137,10439547
2015-04-21,55.35305,55.37214,54.78053,55.019085,9699764
2015-04-22,54.92366,55.23855,54.69466,55.04771,8294501
2015-04-23,54.88549,55.20038,54.42748,54.87595,8742416
2015-04-24,55.20038,55.52481,54.87595,54.96183,8244092
2015-04-27,55.1813,55.37214,54.27481,54.48473,11108381
2015-04-28,54.48473,57.70992,54.48473,57.23282,36398298
2015-04-29,56.61259,57.66221,56.51718,56.94656,18017216
2015-04-30,57.051525,57.38549,56.52672,56.83206,13636995
2015-05-01,57.0229,57.61451,56.94656,57.11832,9806660
2015-05-04,57.38549,58.1584,57.28053,57.86259,9484819
2015-05-05,57.55725,57.91985,57.30916,57.71947,12662041
2015-05-06,57.6813,57.81488,57.18512,57.5,12126303
2015-05-07,57.29962,57.94847,57.18512,57.53817,9433048
2015-05-08,58.20611,58.5687,57.91985,57.95802,10630283
2015-05-11,57.88168,57.91031,57.099236,57.25191,10185407
2015-05-12,56.82252,56.99427,56.40267,56.71756,13825111
2015-05-13,56.88931,57.10878,56.26908,56.46947,7672303
2015-05-14,56.74618,57.14695,56.34542,57.041985,7469410
2015-05-15,57.19466,57.47137,57.07061,57.47137,8033654
2015-05-18,57.41412,57.6813,57.26145,57.26145,7535539
2015-05-19,57.21374,58.12977,57.19466,57.74809,8518878
2015-05-20,57.89122,58.062977,57.67176,57.69084,6324575
2015-05-21,57.77672,58.0057259,57.33779,57.34733,8424872
2015-05-22,57.3187,57.3187,56.62214,56.66031,9421939
2015-05-26,56.56488,56.71756,56.15458,56.26908,11378870
2015-05-27,56.38359,57.041985,56.17366,56.73664,10193582
2015-05-28,56.7271,57.10878,56.66031,56.96565,9987545
2015-05-29,57.13741,58.32061,56.74618,58.10115,20976349
2015-06-01,58.062977,58.87405,57.57634,57.96756,12374155
2015-06-02,57.6813,57.69084,57.080154,57.48092,9424664
2015-06-03,57.88168,58.091602,57.5,57.62405,9078195
2015-06-04,57.21374,57.45229,56.55534,56.74618,11350154
2015-06-05,56.64122,56.68893,56.10687,56.28817,11404126
2015-06-08,56.19275,56.45992,56.068703,56.17366,8434094
2015-06-09,56.25954,56.57443,56.020992,56.14504,6754570
2015-06-10,56.27863,56.92748,56.21183,56.87977,10713914
2015-06-11,56.48855,56.65076,56.14504,56.21183,12199034
2015-06-12,56.097328,56.10687,55.14313,55.21947,16571290
2015-06-15,54.96183,55.0,54.4084,54.50382,10591612
2015-06-16,54.61832,55.085876,54.27481,55.066795,7303407
2015-06-17,55.066795,55.50573,54.83779,55.25763,8297330
2015-06-18,55.25763,56.17366,55.25763,55.90649,7797644
2015-06-19,55.73473,56.14504,55.2958,55.38168,13218948
2015-06-22,56.097328,56.48855,55.75382,56.13549,8763900
2015-06-23,56.1832,56.34542,55.83969,56.32634,8772808
2015-06-24,56.22137,56.32634,55.57252,55.57252,8288003
2015-06-25,55.58206,55.91603,55.076336,55.24809,10428858
2015-06-26,55.55344,55.84924,55.20038,55.81107,13711718
2015-06-29,55.27672,55.55344,54.62786,54.66603,10062058
2015-06-30,55.066795,55.066795,54.11259,54.32252,12415970
2015-07-01,54.32252,55.21947,54.017178,54.96183,9830345
2015-07-02,55.28626,55.6584,54.86641,55.028625,8927283
2015-07-06,54.61832,55.19084,54.045803,54.91412,8440697
2015-07-07,55.10496,55.43893,54.56107,55.33397,9467946
2015-07-08,55.085876,55.095421,54.50382,54.72328,9548957
2015-07-09,55.38168,55.50573,54.72328,54.75191,9094334
2015-07-10,55.41031,55.58206,54.94275,55.2958,8433675
2015-07-13,55.58206,55.86832,55.03817,55.21947,9572222
2015-07-14,55.24809,55.61069,55.03817,55.52481,7582385
2015-07-15,55.49618,55.87786,55.41031,55.55344,6024533
2015-07-16,55.83015,56.17366,55.67748,56.12595,5580286
2015-07-17,56.011452,56.22137,55.90649,56.12595,7324367
2015-07-20,56.25954,56.48855,56.16412,56.29771,5970666
2015-07-21,56.28817,56.3168,55.96374,55.98282,7265574
2015-07-22,55.83015,56.32634,55.35305,55.46756,9031454
2015-07-23,55.84924,55.84924,55.28626,55.41031,6750797
2015-07-24,55.066795,55.22901,54.69466,54.78053,8223761
2015-07-27,54.79962,54.8187,54.036259,54.37977,15601576
2015-07-28,53.9313,55.0,53.2729,54.88549,17173681
2015-07-29,55.04771,56.12595,55.0,55.85878,13494048
2015-07-30,55.93512,56.12595,55.61069,55.83969,7324996
2015-07-31,56.29771,56.61259,56.011452,56.25954,9172620
2015-08-03,56.58397,56.7271,55.80153,56.34542,7133736
2015-08-04,56.71756,56.74618,55.69656,56.011452,7268718
2015-08-05,56.37405,56.56488,56.078243,56.39313,5976325
2015-08-06,56.45038,56.53626,55.64885,55.75382,7356646
2015-08-07,55.67748,55.7729,55.028625,55.31488,10178595
2015-08-10,55.5916,55.92557,55.5916,55.73473,5294915
2015-08-11,55.27672,55.52481,54.92366,55.11451,7418058
2015-08-12,54.65649,55.61069,54.50382,55.5916,7886514
2015-08-13,55.86832,56.7271,55.82061,56.27863,11483146
2015-08-14,56.30725,56.8416,56.17366,56.46947,9920787
2015-08-17,56.10687,57.013359,55.89695,56.97519,6407158
2015-08-18,56.93702,57.2042,56.83206,56.92748,7123675
2015-08-19,56.60305,57.3187,56.47901,56.92748,8369642
2015-08-20,55.62023,55.86832,54.14122,54.3416,24831731
2015-08-21,53.99809,54.99046,53.20611,53.21565,18478860
2015-08-24,50.63931,51.9084,43.59733,51.51718,26030853
2015-08-25,52.85305,52.87214,48.66412,48.82634,23946590
2015-08-26,50.9542,52.10878,50.085876,51.92748,23989978
2015-08-27,52.74809,52.86259,51.1832,52.4332,16910109
2015-08-28,52.27099,52.87214,52.089695,52.83397,13411256
2015-08-31,52.59542,52.76718,51.16412,51.38359,13537121
2015-09-01,50.24809,50.79198,49.80916,50.12405,16503275
2015-09-02,50.73473,50.83015,49.95229,50.55344,13761078
2015-09-03,50.83015,51.097328,50.19084,50.23855,12732257
2015-09-04,49.71374,49.84733,48.83588,49.2271,15186882
2015-09-08,50.58206,50.5916,49.80916,50.27672,15679233
2015-09-09,50.7729,50.88741,49.43702,49.55153,11650302
2015-09-10,49.63741,50.76336,49.48473,50.30534,14740539
2015-09-11,49.8187,50.04771,49.3416,49.7042,12671158
2015-09-14,49.73282,50.31488,49.60878,49.94275,9213387
2015-09-15,50.36259,51.42176,50.25763,51.097328,12358226
2015-09-16,51.059158,51.49809,50.87786,51.40267,9098107
2015-09-17,51.38359,52.0038185,50.5916,51.48855,23894295
2015-09-18,51.22137,51.40267,49.53244,49.74237,30389799
2015-09-21,50.03817,50.03817,48.36832,48.64504,18070978
2015-09-22,48.23473,48.66412,47.95802,48.41603,13409789
2015-09-23,48.41603,49.083969,48.082062,48.69275,10538164
2015-09-24,48.21565,48.53053,47.91985,48.2729,11012698
2015-09-25,48.58779,48.96947,46.87977,47.32824,16058190
2015-09-28,47.041985,47.10878,45.88741,46.20229,21117724
2015-09-29,46.35496,47.041985,45.99237,46.42176,13417439
2015-09-30,47.13741,47.27099,46.61259,47.12786,13287697
2015-10-01,47.089695,47.29962,46.3168,47.10878,15100213
2015-10-02,46.55534,47.85305,46.13549,47.84351,25453719
2015-10-05,48.73092,48.96947,48.36832,48.88359,16643917
2015-10-06,49.036259,49.036259,47.061069,47.51908,17285188
2015-10-07,48.14885,48.77863,47.49046,48.61641,15204594
2015-10-08,48.33969,48.84542,47.84351,48.6832,13144016
2015-10-09,48.65458,49.15076,48.36832,48.61641,11445627
2015-10-12,47.4332,48.52099,47.41412,48.38741,12212658
2015-10-13,48.4542,48.57824,47.099236,47.2042,15621383
2015-10-14,47.3187,47.82443,47.18512,47.27099,14390298
2015-10-15,47.39504,48.74046,46.99427,48.39695,14711300
2015-10-16,48.95038,49.35115,48.74046,49.12214,11624940
2015-10-19,48.97901,49.18893,48.59733,49.045803,8847111
2015-10-20,49.036259,49.11259,47.80534,48.082062,10422255
2015-10-21,48.42557,48.64504,47.85305,48.2729,11810855
2015-10-22,48.49237,50.15267,47.99618,49.62786,19335181
2015-10-23,49.95229,50.81107,49.75191,50.45802,16457268
2015-10-26,50.23855,50.73473,50.066795,50.48664,11502010
2015-10-27,51.29771,51.62214,50.36259,51.020992,14626831
2015-10-28,51.51718,52.61451,51.097328,52.57634,15416080
2015-10-29,52.44275,53.091602,51.97519,52.35687,9334850
2015-10-30,52.28053,52.73855,52.15649,52.15649,11546235
2015-11-02,52.18512,52.7958,51.91794,52.58588,11065937
2015-11-03,52.55725,52.84351,51.98473,52.58588,9658578
2015-11-04,52.92939,53.21565,52.65267,52.98664,8121162
2015-11-05,52.91985,53.12977,52.17557,52.52863,9481046
2015-11-06,52.28053,52.36641,51.53626,52.10878,11237704
2015-11-09,51.55534,51.91794,51.27863,51.75573,9578930
2015-11-10,51.88931,52.099236,51.5458,51.93702,7820490
2015-11-11,52.29962,52.48092,51.22137,51.25954,8954741
2015-11-12,51.13549,51.49809,50.60115,50.60115,8989220
2015-11-13,51.011452,51.25954,50.4771,50.60115,11941436
2015-11-16,49.79962,51.34542,49.74237,51.24046,7239374
2015-11-17,51.25,51.81298,50.84924,51.25,7468677
2015-11-18,51.39313,51.83206,51.24046,51.74618,11330347
2015-11-19,51.94656,52.032444,51.45038,51.79389,7167482
2015-11-20,52.10878,52.34733,51.52672,51.62214,9362098
2015-11-23,51.60305,51.71756,51.3168,51.53626,9105129
2015-11-24,51.10687,51.22137,50.66794,51.030533,11011546
2015-11-25,51.16412,51.45038,51.011452,51.25954,6370687
2015-11-27,50.91603,51.71756,50.91603,51.48855,3124717
2015-11-30,51.56488,51.63168,50.57252,50.58206,14004634
2015-12-01,51.30725,52.13741,50.99237,52.07061,13620646
2015-12-02,52.15649,52.47137,51.28817,51.35496,10584066
2015-12-03,51.59351,51.61259,49.84733,50.1813,14247665
2015-12-04,50.44847,51.22137,50.41031,51.1832,14343976
2015-12-07,51.5458,51.74618,50.74427,51.22137,9113408
2015-12-08,51.11641,51.9084,50.78244,51.020992,7936714
2015-12-09,50.83969,51.15458,50.11451,50.40076,10854346
2015-12-10,50.5916,51.50763,50.40076,51.23092,12001591
2015-12-11,50.57252,50.83969,49.63741,49.76145,10896999
2015-12-14,49.76145,49.96183,49.28435,49.80916,12575162
2015-12-15,50.076336,50.75382,49.83779,50.4771,12142023
2015-12-16,50.97328,51.63168,50.57252,51.5458,10494986
2015-12-17,51.63168,51.76527,50.24809,50.24809,14165921
2015-12-18,49.76145,49.92366,49.24618,49.27481,22114686
2015-12-21,49.76145,49.76145,48.85496,49.49427,12194633
2015-12-22,49.62786,49.83779,48.9313,49.71374,13830351
2015-12-23,49.98092,50.78244,49.96183,50.55344,7469515
2015-12-24,50.37214,50.69656,50.20038,50.42939,3123145
2015-12-28,50.37214,50.61069,50.16221,50.41985,5068442
2015-12-29,50.54389,51.15458,50.48664,50.89695,6925708
2015-12-30,50.89695,51.12595,50.64885,50.81107,5827194
2015-12-31,50.38168,50.84924,50.24809,50.40076,8690959
2016-01-04,49.62786,50.20038,49.24618,50.076336,17998981
2016-01-05,50.37214,51.020992,50.25763,50.71565,11607124
2016-01-06,50.10496,50.52481,49.8187,50.019085,13064263
2016-01-07,49.16031,49.92366,49.083969,49.58015,13330560
2016-01-08,50.10496,50.11451,48.53053,48.74046,14835698
2016-01-11,48.90267,49.17939,48.29198,48.90267,15057035
2016-01-12,49.15076,49.68512,48.64504,49.38931,11864408
2016-01-13,49.53244,49.67557,48.26336,48.33969,17340837
2016-01-14,48.34924,49.72328,48.2729,49.42748,14219788
2016-01-15,48.18702,48.95038,47.80534,48.79771,16233939
2016-01-19,49.23664,49.53244,48.48282,48.98855,11454116
2016-01-20,47.98664,48.6832,47.041985,48.23473,16684579
2016-01-21,48.4542,48.96947,47.7958,48.58779,12499706
2016-01-22,49.083969,49.37023,48.61641,48.99809,11331814
2016-01-25,48.99809,49.083969,48.43512,48.58779,9725964
2016-01-26,48.71183,49.23664,48.43512,49.09351,9450340
2016-01-27,48.33969,49.20802,47.54771,48.062977,13748817
2016-01-28,48.024811,48.22519,46.73664,46.94656,18996991
2016-01-29,47.51908,48.34924,47.30916,48.34924,17734990
2016-02-01,48.082062,48.64504,47.55725,48.42557,11979898
2016-02-02,47.96756,48.19656,47.61451,48.10115,15614466
2016-02-03,47.34733,47.81488,46.35496,47.75763,20507893
2016-02-04,47.42366,47.46183,45.83015,46.36451,21598442
2016-02-05,46.37405,47.44275,46.059158,47.11832,17693384
2016-02-08,46.68893,47.07061,45.7729,46.59351,13985665
2016-02-09,46.45992,47.29962,46.1832,46.9084,11160257
2016-02-10,47.24237,48.10115,47.22328,47.26145,11565833
2016-02-11,46.57443,47.12786,46.28817,46.61259,11620643
2016-02-12,46.73664,46.86069,46.068703,46.78435,14251018
2016-02-16,47.13741,47.70038,46.98473,47.5,11964178
2016-02-17,47.70992,48.33015,47.67176,48.28244,9770818
2016-02-18,48.28244,48.65458,47.94847,48.015266,10074319
2016-02-19,47.94847,48.091602,47.58588,47.82443,9394482
2016-02-22,47.9771,48.4542,47.83397,48.44466,8143274
2016-02-23,48.24427,48.60687,48.12023,48.22519,8278676
2016-02-24,47.86259,48.30153,47.35687,48.24427,7936190
2016-02-25,48.24427,48.66412,48.082062,48.66412,9110998
2016-02-26,48.71183,48.78817,48.31107,48.32061,9695362
2016-02-29,48.20611,48.50191,47.85305,47.91031,13507358
2016-03-01,48.082062,49.56107,47.7958,49.37977,12686774
2016-03-02,49.26527,50.03817,49.16031,49.87595,12548857
2016-03-03,49.79008,49.92366,48.80725,49.71374,10279622
2016-03-04,49.47519,49.89504,49.14122,49.69466,9521918
2016-03-07,49.46565,50.50573,49.37977,50.22901,7824682
2016-03-08,49.96183,50.50573,49.89504,50.04771,8665912
2016-03-09,50.17176,50.46756,49.71374,49.96183,9589829
2016-03-10,50.27672,50.80153,50.028625,50.61069,12856340
2016-03-11,50.5916,51.011452,50.36259,50.76336,16277955
2016-03-14,50.71565,50.87786,50.41985,50.64885,6846479
2016-03-15,50.076336,50.22901,49.57061,50.019085,9495614
2016-03-16,49.91412,49.91412,49.19847,49.56107,10460402
2016-03-17,49.55153,49.58969,48.97901,49.16985,10038163
2016-03-18,49.37023,50.019085,49.2271,49.85687,15116666
2016-03-21,49.9332,50.41031,49.71374,50.38168,8014161
2016-03-22,50.17176,51.011452,50.14313,50.60115,9748810
2016-03-23,51.14504,51.14504,50.42939,50.64885,10424980
2016-03-24,50.37214,50.90649,50.1813,50.63931,7929378
2016-03-28,50.68702,50.84924,50.23855,50.41031,6337046
2016-03-29,50.48664,50.96374,50.16221,50.87786,7730782
2016-03-30,51.030533,51.097328,50.67748,50.78244,6711287
2016-03-31,50.64885,51.030533,50.34351,50.48664,8735080
2016-04-01,50.095421,51.32634,50.03817,51.24046,9099889
2016-04-04,51.44084,52.12786,51.28817,51.9084,10741581
2016-04-05,51.61259,52.21374,51.51718,51.75573,9432838
2016-04-06,51.86069,53.23473,51.77481,53.082062,13079459
2016-04-07,52.80534,53.22519,52.52863,52.88168,11042566
2016-04-08,53.19656,53.34924,52.57634,52.82443,7322795
2016-04-11,52.83397,53.18702,52.46183,52.52863,7404749
2016-04-12,52.45229,53.19656,52.42366,52.80534,6221976
2016-04-13,52.91985,53.42557,52.73855,53.39695,8849836
2016-04-14,53.4542,54.0076332,53.37786,53.86451,8757822
2016-04-15,53.94084,53.95992,53.32061,53.5687,8839251
2016-04-18,53.5687,54.2271,53.35878,53.92176,8168322
2016-04-19,54.13168,54.75191,53.64504,54.25573,8011122
2016-04-20,54.53244,54.77099,53.85496,53.98855,8929903
2016-04-21,53.75954,54.41794,53.73092,54.0076332,11040994
2016-04-22,54.09351,54.41794,53.92176,54.14122,7433988
2016-04-25,53.89313,54.045803,53.43512,53.64504,8677650
2016-04-26,53.82634,53.83588,53.31107,53.47328,7573477
2016-04-27,53.49237,54.026718,53.49237,53.73092,7274587
2016-04-28,53.33015,53.65458,53.0057259,53.18702,9531246
2016-04-29,53.091602,53.091602,52.061069,52.32824,13862944
2016-05-02,52.33779,52.82443,52.19466,52.76718,10143487
2016-05-03,52.61451,52.91031,52.33779,52.55725,7966058
2016-05-04,52.2042,52.51908,51.97519,52.29962,8075888
2016-05-05,51.79389,51.9084,50.89695,51.61259,11764010
2016-05-06,51.35496,51.49809,50.62977,51.14504,11031562
2016-05-09,51.11641,51.8416,51.059158,51.62214,8358219
2016-05-10,51.97519,52.22328,51.89885,52.17557,6797538
2016-05-11,52.19466,52.28053,51.77481,51.82252,6888399
2016-05-12,52.089695,52.11832,51.45992,51.64122,8640026
2016-05-13,51.62214,52.013359,51.36451,51.41221,7467210
2016-05-16,51.30725,52.26145,51.13549,52.14695,6968257
2016-05-17,51.91794,52.07061,51.50763,51.83206,12360112
2016-05-18,51.89885,52.4332,51.68893,52.16603,7745978
2016-05-19,51.67939,52.46183,51.60305,52.080154,9153127
2016-05-20,52.3187,52.99618,52.12786,52.58588,9047489
2016-05-23,52.48092,52.70038,52.27099,52.40458,5837674
2016-05-24,52.70038,53.33015,52.65267,53.053436,6614138
2016-05-25,53.25382,54.074429,53.21565,53.97901,10052626
2016-05-26,53.88359,54.12214,53.75954,53.80725,5995084
2016-05-27,53.91221,54.23664,53.65458,53.89313,7869222
2016-05-31,53.90267,54.12214,53.51145,53.6832,9922988
2016-06-01,53.62595,53.9313,53.38741,53.75,7012168
2016-06-02,53.85496,54.25573,53.77863,54.21756,7645684
2016-06-03,54.23664,54.35115,53.70229,54.045803,5697871
2016-06-06,54.064884,54.74237,54.055344,54.55153,7235392
2016-06-07,54.58015,54.80916,54.31298,54.38931,6552515
2016-06-08,54.36069,55.21947,54.36069,54.98092,8164025
2016-06-09,54.87595,55.17176,54.32252,54.56107,9670630
2016-06-10,54.21756,54.46565,53.97901,54.20802,9989222
2016-06-13,53.60687,54.083969,53.52099,53.54008,6502630
2016-06-14,53.21565,53.73092,53.072517,53.67366,9006722
2016-06-15,53.82634,53.9313,53.38741,53.52099,8015942
2016-06-16,54.37977,55.028625,53.55916,54.86641,23110706
2016-06-17,54.79962,54.79962,53.14885,53.33015,18323651
2016-06-20,53.75954,54.0076332,53.54962,53.5687,9116238
2016-06-21,53.95038,54.074429,53.66412,53.67366,6710344
2016-06-22,53.5687,54.64695,53.53053,54.42748,13076420
2016-06-23,54.84733,55.03817,54.49427,55.03817,7302883
2016-06-24,53.47328,54.45611,53.21565,53.32061,18087013
2016-06-27,52.94847,53.12977,52.57634,52.77672,13721778
2016-06-28,52.90076,53.12023,52.58588,53.034351,13372585
2016-06-29,53.5687,54.5229,53.41603,54.43702,10284862
2016-06-30,54.53244,55.03817,54.30344,54.97137,9723030
2016-07-01,54.90458,55.34351,54.79008,55.28626,8245978
2016-07-05,55.13359,55.50573,55.13359,55.34351,7749017
2016-07-06,55.60115,56.55534,55.41031,56.45038,15015430
2016-07-07,56.19275,56.3168,55.62023,56.087788,9800791
2016-07-08,56.27863,56.8416,56.10687,56.63168,9934411
2016-07-11,56.5458,57.013359,56.48855,56.62214,7688862
2016-07-12,56.55534,57.051525,56.37405,56.87023,8804562
2016-07-13,57.041985,57.2042,56.75573,56.82252,7119274
2016-07-14,57.12786,57.18512,56.75573,56.91794,7698084
2016-07-15,57.061069,57.18512,56.53626,56.89885,8554510
2016-07-18,56.29771,56.76527,56.030533,56.3168,9190122
2016-07-19,56.37405,56.77481,55.87786,55.97328,9307602
2016-07-20,56.29771,56.41221,56.068703,56.097328,6786848
2016-07-21,56.29771,56.40267,55.87786,56.097328,6337361
2016-07-22,56.28817,56.37405,55.86832,56.12595,6570436
2016-07-25,55.94466,56.1832,55.32443,55.87786,8422986
2016-07-26,56.011452,56.11641,55.4771,55.68702,7494038
2016-07-27,55.71565,56.030533,55.27672,55.91603,8267462
2016-07-28,55.83969,55.90649,55.44847,55.75382,7639606
2016-07-29,56.30725,56.48855,55.60115,55.97328,8898778
2016-08-01,56.13549,56.29771,55.82061,55.97328,9297018
2016-08-02,55.99237,56.040077,55.58206,55.6584,7153962
2016-08-03,55.50573,55.62977,54.56107,55.0095406,10099890
2016-08-04,55.095421,55.56298,55.095421,55.19084,5807387
2016-08-05,55.19084,61.068703,55.19084,60.93512,76374048
2016-08-08,59.79008,60.13359,59.11259,59.98092,26248103
2016-08-09,59.98092,60.24809,59.57061,59.62786,12821651
2016-08-10,59.24618,60.20992,59.2271,59.77099,9259499
2016-08-11,59.74237,60.81107,59.61832,60.71565,10862520
2016-08-12,60.24809,60.54389,60.04771,60.44847,6544026
2016-08-15,60.44847,60.83015,60.31488,60.41985,6969305
2016-08-16,60.11451,60.41985,59.96183,60.15267,5952745
2016-08-17,60.14313,60.52481,59.73282,60.39122,8668532
2016-08-18,60.19084,60.72519,60.19084,60.71565,7259077
2016-08-19,60.28626,60.53435,59.99046,60.45802,8887040
2016-08-22,60.35305,60.72519,60.19084,60.63931,6756666
2016-08-23,60.79198,60.9542,60.46756,60.66794,6076723
2016-08-24,60.68702,60.85878,59.64695,59.85687,7842079
2016-08-25,59.98092,60.20992,59.41794,59.46565,8329190
2016-08-26,59.61832,60.10496,59.33206,59.97137,8167902
2016-08-29,60.03817,60.39122,59.77099,60.12405,5843438
2016-08-30,60.076336,60.14313,59.64695,59.83779,6474544
2016-08-31,60.19084,60.22901,59.56107,59.91412,9285804
2016-09-01,59.82824,60.095421,59.53244,60.019085,6858846
2016-09-02,59.72328,60.37214,59.72328,60.095421,7978634
2016-09-06,60.10496,60.56298,59.89504,60.34351,8310954
2016-09-07,60.41031,60.58206,59.73282,59.99046,9084169
2016-09-08,59.58969,60.39122,59.47519,60.34351,9627242
2016-09-09,59.8187,59.83779,59.46565,59.62786,13191700
2016-09-12,59.16031,60.58206,59.074429,60.2958,11139716
2016-09-13,59.51336,59.90458,58.55916,58.97901,10714123
2016-09-14,59.083969,59.48473,58.49237,58.54008,10922046
2016-09-15,58.43512,59.74237,58.32061,59.5229,9429694
2016-09-16,59.58969,59.75191,59.21756,59.42748,13029050
2016-09-19,59.67557,59.67557,58.51145,58.52099,11829510
2016-09-20,59.064884,59.55153,58.86451,59.10305,9653757
2016-09-21,59.4084,59.94275,59.026718,59.82824,7565512
2016-09-22,60.03817,60.56298,59.95229,60.13359,8853294
2016-09-23,59.99046,60.35305,59.82824,60.076336,8048430
2016-09-26,59.66603,59.71374,59.045803,59.30344,7319022
2016-09-27,59.45611,59.82824,58.99809,59.7042,7693158
2016-09-28,60.11451,60.57252,59.63741,60.40076,12361160
2016-09-29,60.13359,60.13359,58.74046,59.074429,11454640
2016-09-30,59.055344,59.85687,59.026718,59.55153,14258354
2016-10-03,59.37023,59.7042,58.84542,59.65649,7881065
2016-10-04,59.61832,60.066795,59.10305,59.59924,8276475
2016-10-05,59.82824,60.15267,59.61832,59.92366,8249122
2016-10-06,59.62786,59.8187,58.91221,59.79008,11979164
2016-10-07,59.89504,60.10496,59.18893,59.89504,11292410
2016-10-10,61.26908,61.88931,60.53435,60.97328,21322503
2016-10-11,60.62023,60.63931,58.92176,59.09351,14625259
2016-10-12,59.54198,59.76145,58.75954,58.83588,10607751
2016-10-13,59.39885,60.066795,59.10305,59.64695,15239492
2016-10-14,59.84733,59.98092,59.28435,59.29389,12790002
2016-10-17,59.20802,59.20802,58.015266,58.70229,13681221
2016-10-18,59.064884,59.75191,58.99809,59.24618,10467424
2016-10-19,59.28435,59.44656,58.97901,59.036259,5850670
2016-10-20,59.11259,59.41794,58.86451,59.083969,6626923
2016-10-21,58.73092,59.064884,58.23473,58.39695,7762222
2016-10-24,58.58779,58.66412,57.86259,57.96756,10420264
2016-10-25,57.50954,59.3416,56.82252,59.11259,15917548
2016-10-26,58.91221,59.017178,57.77672,58.082062,10435774
2016-10-27,58.34924,59.21756,58.20611,58.48282,10847534
2016-10-28,58.22519,58.2729,55.7729,56.14504,21335603
2016-10-31,56.38359,56.44084,55.69656,56.030533,14939030
2016-11-01,56.29771,56.86069,55.83015,56.58397,15036075
2016-11-02,56.35496,56.78435,56.059158,56.14504,11239486
2016-11-03,56.46947,56.50763,55.62023,55.75382,11866504
2016-11-04,56.0019073,56.55534,55.92557,56.12595,11861893
2016-11-07,56.79389,57.45229,56.75573,57.29962,10981258
2016-11-08,57.080154,57.99618,56.79389,57.73855,8323321
2016-11-09,61.030533,62.0229,59.88549,61.24046,29187953
2016-11-10,61.58397,62.46183,61.56488,61.98473,18719690
2016-11-11,61.14504,61.55534,60.66794,61.020992,14734566
2016-11-14,61.068703,61.15458,60.34351,60.62023,10610476
2016-11-15,60.76336,60.81107,60.19084,60.73473,7640339
2016-11-16,60.78244,61.020992,59.58969,59.76145,11297650
2016-11-17,59.64695,59.91412,59.27481,59.82824,8762642
2016-11-18,59.7042,59.75191,58.90267,59.036259,8066351
2016-11-21,59.10305,59.53244,58.89313,59.44656,7164862
2016-11-22,59.63741,59.78053,58.40649,58.87405,10052626
2016-11-23,57.5668,58.87405,57.080154,58.8168,9588152
2016-11-25,58.98855,59.54198,58.92176,59.36069,3669362
2016-11-28,58.95038,59.21756,58.79771,58.96947,7806971
2016-11-29,59.11259,59.59924,59.083969,59.3416,10516575
2016-11-30,59.45611,59.46565,58.19656,58.38741,13132174
2016-12-01,58.49237,58.55916,57.87214,57.9771,8802047
2016-12-02,58.25382,58.70229,57.85305,58.33015,8376769
2016-12-05,58.70229,58.71183,57.099236,57.49046,13608490
2016-12-06,57.42366,57.62405,56.87977,57.51908,11171261
2016-12-07,56.96565,57.30916,55.93512,57.30916,14723981
2016-12-08,56.99427,57.59542,56.77481,57.36641,8998757
2016-12-09,57.71947,58.69275,57.63359,58.42557,11021187
2016-12-12,58.62595,59.25573,58.49237,58.89313,8641808
2016-12-13,58.96947,59.12214,58.44466,58.95992,8218626
2016-12-14,59.017178,59.88549,58.76908,58.96947,11612574
2016-12-15,59.16031,59.77099,59.0076332,59.51336,8917851
2016-12-16,59.79008,60.14313,59.20802,59.58015,18406758
2016-12-19,58.96947,59.41794,58.082062,58.33969,12512072
2016-12-20,58.38741,58.85496,57.60496,57.72901,10875201
2016-12-21,57.81488,58.024811,56.62214,56.70802,12630706
2016-12-22,56.88931,57.25191,56.45038,56.85115,10584800
2016-12-23,57.032444,57.11832,56.53626,56.83206,7955892
2016-12-27,57.12786,57.38549,56.83206,57.051525,6094749
2016-12-28,56.98473,57.11832,56.49809,56.55534,6470981
2016-12-29,56.57443,56.86069,56.27863,56.33588,6833065
2016-12-30,56.087788,56.25,55.87786,56.17366,11289685
2017-01-03,56.44084,57.61451,56.34542,57.39504,12564158
2017-01-04,57.72901,58.0057259,57.29008,57.37595,9863671
2017-01-05,57.46183,57.80534,57.25191,57.35687,10581446
2017-01-06,57.33779,57.69084,56.80344,57.50954,10730053
2017-01-09,57.53817,58.66412,57.32824,58.30153,10201861
2017-01-10,58.39695,58.43512,57.14695,57.17557,16036706
2017-01-11,59.48473,60.26718,57.96756,58.80725,34281862
2017-01-12,59.66603,60.34351,59.27481,59.36069,26079899
2017-01-13,59.47519,59.80916,59.25573,59.48473,10447617
2017-01-17,59.083969,59.2271,58.39695,58.66412,11101150
2017-01-18,58.5687,58.95038,58.28244,58.36832,8522022
2017-01-19,58.25382,58.28244,57.3187,57.5668,11944999
2017-01-20,59.54198,60.03817,59.30344,59.66603,26451834
2017-01-23,58.97901,59.54198,58.80725,58.97901,10691382
2017-01-24,58.76908,58.86451,57.94847,58.40649,10990900
2017-01-25,58.51145,58.5687,57.9771,58.28244,15255736
2017-01-26,58.22519,58.54962,57.76718,58.39695,13317460
2017-01-27,58.5687,59.15076,58.49237,58.92176,6972554
2017-01-30,58.70229,58.88359,58.13931,58.61641,8230573
2017-01-31,58.26336,59.38931,58.12977,59.15076,10292513
2017-02-01,59.21756,59.41794,58.74046,59.25573,11547702
2017-02-02,59.77099,61.26908,59.66603,61.24046,19901730
2017-02-03,60.93512,61.38359,60.37214,61.34542,12209724
2017-02-06,60.99237,61.97519,60.97328,61.96565,9598422
2017-02-07,61.79389,61.95611,61.11641,61.25954,8840194
2017-02-08,60.97328,61.52672,60.90649,61.37405,6190326
2017-02-09,61.37405,61.85115,61.35496,61.44084,7391439
2017-02-10,61.37405,61.61259,61.030533,61.21183,8940907
2017-02-13,61.30725,61.86069,61.27863,61.80344,7494353
2017-02-14,61.67939,62.70992,61.47901,62.65267,10629550
2017-02-15,61.92748,62.85305,61.87977,62.17557,18662050
2017-02-16,62.15649,62.41412,61.50763,62.27099,12938922
2017-02-17,62.21374,62.55725,61.88931,62.39504,9482618
2017-02-21,61.92748,62.76718,61.92748,62.48092,7740633
2017-02-22,62.5,62.73855,62.10878,62.29962,9096221
2017-02-23,62.51908,63.082062,62.35687,62.83397,7184669
2017-02-24,62.64313,63.12977,62.62405,63.12977,8849626
2017-02-27,62.76718,62.91985,62.55725,62.83397,7476222
2017-02-28,62.7958,63.12023,62.64313,62.85305,8112044
2017-03-01,63.043892,63.74046,62.87214,63.17748,11193374
2017-03-02,63.33969,63.53053,62.9771,63.053436,9062790
2017-03-03,63.053436,63.5687,62.7958,63.53053,8716111
2017-03-06,63.053436,63.72137,62.88168,63.42557,9104500
2017-03-07,62.4332,63.2729,62.2042,62.93893,8728478
2017-03-08,62.93893,63.091602,62.28053,62.78626,8821645
2017-03-09,62.94847,63.0057259,62.51908,62.87214,8106280
2017-03-10,63.043892,63.16794,62.5,62.59542,9247447
2017-03-13,62.25191,62.29962,61.078243,61.21183,14880133
2017-03-14,61.19275,61.55534,61.11641,61.25954,8271759
2017-03-15,61.45038,61.99427,61.27863,61.73664,9458200
2017-03-16,61.61259,61.82252,61.059158,61.24046,10074634
2017-03-17,61.30725,61.73664,60.96374,60.97328,15142762
2017-03-20,61.20229,61.35496,61.068703,61.17366,13593818
2017-03-21,61.37405,61.65076,60.70611,60.98282,11057134
2017-03-22,61.049618,61.17366,60.35305,60.5916,10007352
2017-03-23,60.45802,60.89695,60.2958,60.38168,9915128
2017-03-24,60.26718,60.62023,59.98092,60.28626,9575052
2017-03-27,60.03817,60.50573,59.9332,60.2958,8400663
2017-03-28,60.30534,60.49618,60.0,60.43893,10673880
2017-03-29,60.75382,61.17366,60.55344,60.72519,8525794
2017-03-30,60.5916,60.76336,60.41985,60.54389,5577456
2017-03-31,60.36259,60.71565,60.35305,60.62977,7979472
2017-04-03,60.52481,60.79198,60.32443,60.56298,6962493
2017-04-04,60.67748,60.84924,60.46756,60.75382,6650189
2017-04-05,60.7729,61.21183,60.60115,60.6584,8083538
2017-04-06,60.57252,61.040077,60.2958,60.34351,7915125
2017-04-07,60.38168,60.42939,60.066795,60.23855,8091713
2017-04-10,60.37214,60.42939,59.66603,59.68512,7595590
2017-04-11,59.62786,59.88549,59.33206,59.71374,6858950
2017-04-12,59.51336,60.31488,59.42748,60.16221,9965642
2017-04-13,59.91412,60.11451,59.69466,59.74237,6217260
2017-04-17,59.83779,59.96183,59.53244,59.92366,5590242
2017-04-18,59.59924,59.59924,59.15076,59.41794,7749436
2017-04-19,59.4084,59.77099,59.16031,59.77099,10845857
2017-04-20,59.79008,59.87595,59.39885,59.68512,9392490
2017-04-21,59.50382,59.76145,59.036259,59.055344,11002323
2017-04-24,59.63741,59.65649,59.17939,59.29389,9270922
2017-04-25,59.62786,60.04771,59.39885,59.44656,11205006
2017-04-26,59.76145,60.0,59.57061,59.82824,9284546
2017-04-27,59.90458,60.028625,59.58969,59.71374,6920258
2017-04-28,59.71374,59.78053,59.29389,59.47519,9915862
2017-05-01,59.39885,59.63741,59.25573,59.5229,10707521
2017-05-02,59.64695,60.34351,59.45611,59.82824,13647580
2017-05-03,59.63741,60.75382,59.5229,60.71565,11978430
2017-05-04,60.75382,60.96374,60.32443,60.4771,9023280
2017-05-05,60.5916,61.15458,60.52481,61.040077,9795237
2017-05-08,60.98282,61.55534,60.90649,61.078243,11684676
2017-05-09,61.24046,61.32634,60.26718,60.39122,10712970
2017-05-10,60.23855,61.020992,60.20038,61.011452,10094126
2017-05-11,61.78435,62.26145,61.36451,61.47901,19404663
2017-05-12,61.44084,61.70802,60.37214,60.6584,10838521
2017-05-15,60.51527,60.68702,60.43893,60.60115,8710347
2017-05-16,60.53435,60.94466,60.24809,60.86832,8248494
2017-05-17,60.86832,60.86832,60.0,60.11451,8296911
2017-05-18,60.028625,61.5458,60.028625,60.96374,12528316
2017-05-19,61.10687,61.10687,60.5916,60.85878,9739798
2017-05-22,60.78244,61.48855,60.6584,61.10687,6525372
2017-05-23,61.068703,61.63168,61.068703,61.59351,6009861
2017-05-24,61.80344,62.21374,61.58397,61.95611,7289259
2017-05-25,61.98473,62.13741,61.69847,62.061069,7436503
2017-05-26,62.0229,62.22328,61.85115,61.94656,3862614
2017-05-30,61.75573,62.15649,61.57443,61.9084,5120109
2017-05-31,62.099236,62.49046,62.051525,62.12786,8162138
2017-06-01,62.10878,62.27099,61.88931,62.27099,7923404
2017-06-02,62.46183,62.57634,62.19466,62.47137,6600933
2017-06-05,62.35687,62.39504,61.73664,62.089695,6254988
2017-06-06,62.0229,62.061069,61.50763,61.70802,8218206
2017-06-07,61.64122,61.68893,61.068703,61.12595,7971717
2017-06-08,61.12595,61.30725,59.95229,60.30534,19411056
2017-06-09,60.30534,61.48855,60.24809,61.44084,11266419
2017-06-12,61.44084,61.71756,61.25954,61.44084,9851514
2017-06-13,60.81107,60.91603,60.14313,60.37214,12631544
2017-06-14,60.13359,60.72519,60.13359,60.46756,10834853
2017-06-15,60.40076,60.53435,60.0,60.2958,8244406
2017-06-16,60.36259,60.79198,59.8187,60.085876,15617296
2017-06-19,60.20038,60.88741,60.13359,60.76336,8831391
2017-06-20,60.76336,61.98473,60.66794,61.57443,10755624
2017-06-21,61.60305,62.59542,61.60305,62.46183,11679960
2017-06-22,62.50954,63.33015,62.38549,62.99618,14087111
2017-06-23,63.015266,63.34924,62.82443,63.12977,14769988
2017-06-26,63.12023,63.35878,62.81488,62.90076,7940067
2017-06-27,63.23473,63.23473,62.53817,62.53817,8511437
2017-06-28,62.74809,62.88168,62.15649,62.17557,7056498
2017-06-29,62.032444,62.099236,61.15458,61.39313,8751114
2017-06-30,61.53626,61.76527,61.068703,61.15458,8762223
2017-07-03,60.92557,61.66985,60.92557,61.32634,4895627
2017-07-05,61.51718,61.83206,60.99237,61.22137,6820174
2017-07-06,60.84924,60.98282,60.10496,60.20992,11887150
2017-07-07,60.31488,60.43893,59.9332,60.26718,7591083
2017-07-10,60.48664,60.49618,59.74237,59.95229,7036062
2017-07-11,59.94275,60.095421,59.38931,59.48473,7207620
2017-07-12,59.79008,60.23855,59.79008,59.90458,8610368
2017-07-13,59.91412,60.10496,59.42748,60.0095406,7125562
2017-07-14,60.04771,60.49618,59.98092,60.17176,6309903
2017-07-17,60.25763,60.41031,59.66603,59.74237,7741890
2017-07-18,59.63741,59.76145,59.41794,59.55153,6408415
2017-07-19,59.63741,59.95229,59.58015,59.75191,5972657
2017-07-20,60.028625,60.34351,59.98092,60.057251,6974545
2017-07-21,59.91412,60.11451,59.71374,59.76145,7237907
2017-07-24,59.67557,60.019085,59.63741,59.7042,8157318
2017-07-25,59.97137,60.11451,59.39885,59.50382,6241783
2017-07-26,59.45611,59.48473,58.89313,58.96947,9816302
2017-07-27,60.75382,61.59351,59.92366,60.7729,22894922
2017-07-28,60.88741,61.41221,60.32443,61.17366,13982521
2017-07-31,61.30725,61.36451,60.60115,60.9542,12277215
2017-08-01,61.10687,61.32634,60.84924,60.99237,6802463
2017-08-02,61.020992,61.030533,60.27672,60.53435,7372575
2017-08-03,60.31488,60.81107,60.28626,60.61069,7355702
2017-08-04,60.71565,60.7729,60.057251,60.20992,5597368
2017-08-07,60.066795,60.20038,59.79008,59.96183,7018246
2017-08-08,59.67557,59.84733,59.35115,59.46565,8048745
2017-08-09,59.58969,59.84733,59.37023,59.62786,6866810
2017-08-10,59.51336,59.71374,59.32252,59.33206,8137825
2017-08-11,59.56107,60.076336,59.4084,59.5229,6341448
2017-08-14,60.028625,60.11451,59.72328,59.79962,5771860
2017-08-15,59.85687,60.14313,59.62786,59.63741,6619168
2017-08-16,59.57061,60.04771,59.47519,59.82824,6352138
2017-08-17,59.87595,60.13359,58.97901,59.0076332,9589305
2017-08-18,58.94084,58.98855,58.35878,58.67366,8825942
2017-08-21,58.66412,59.19847,58.61641,59.13168,7542666
2017-08-22,59.13168,59.63741,59.083969,59.56107,5779930
2017-08-23,59.39885,59.73282,59.30344,59.30344,6743775
2017-08-24,59.39885,60.028625,59.3416,59.83779,8122105
2017-08-25,59.99046,60.39122,59.89504,60.057251,5528095
2017-08-28,60.21947,60.55344,60.095421,60.41985,7858114
2017-08-29,60.23855,60.31488,59.84733,60.22901,6879806
2017-08-30,60.24809,60.27672,60.019085,60.22901,5263580
2017-08-31,60.44847,60.99237,60.066795,60.93512,13522344
2017-09-01,60.86832,61.16412,60.68702,60.90649,6481985
2017-09-05,60.83015,61.17366,60.55344,60.70611,7583538
2017-09-06,60.96374,61.38359,60.84924,61.068703,7491838
2017-09-07,61.15458,61.46947,60.86832,61.37405,7185507
2017-09-08,61.059158,61.57443,61.011452,61.32634,7719358
2017-09-11,61.96565,62.3187,61.71756,62.14695,10785597
2017-09-12,62.13741,62.61451,62.13741,62.46183,7707202
2017-09-13,62.36641,62.54771,62.30916,62.45229,5898878
2017-09-14,62.013359,63.13931,61.93702,63.091602,10437137
2017-09-15,63.13931,63.33969,62.73855,63.12977,15390718
2017-09-18,62.99618,63.36832,62.7958,62.96756,11049274
2017-09-19,62.99618,63.12977,62.67176,62.92939,7345746
2017-09-20,63.043892,63.2729,62.2042,62.77672,9903600
2017-09-21,62.83397,62.91031,62.51908,62.59542,6255198
2017-09-22,62.62405,62.69084,62.089695,62.14695,7824263
2017-09-25,62.17557,62.40458,62.061069,62.19466,5840923
2017-09-26,62.11832,62.32824,61.75573,61.79389,7311058
2017-09-27,61.71756,61.78435,61.37405,61.61259,7013111
2017-09-28,61.32634,61.69847,61.23092,61.34542,7359894
2017-09-29,61.34542,61.57443,60.42939,61.097328,11999181
2017-10-02,61.26908,61.71756,60.96374,61.59351,7067083
2017-10-03,61.59351,61.62214,60.85878,61.42176,6819441
2017-10-04,61.46947,61.66031,61.38359,61.64122,6722606
2017-10-05,61.46947,61.83206,61.38359,61.64122,9589200
2017-10-06,61.73664,61.92748,61.42176,61.59351,7847843
2017-10-09,61.70802,61.77481,61.1832,61.38359,5712962
2017-10-10,61.36451,61.51718,61.25,61.50763,5157208
2017-10-11,61.39313,61.39313,60.85878,60.85878,10586477
2017-10-12,60.86832,61.049618,60.64885,60.90649,6454108
2017-10-13,61.020992,61.22137,60.4771,60.48664,7693787
2017-10-16,60.58206,60.81107,60.36259,60.43893,7806762
2017-10-17,60.31488,60.41031,60.0,60.32443,7365868
2017-10-18,61.15458,61.17366,60.50573,60.60115,8265471
2017-10-19,60.72519,61.097328,60.67748,60.83015,10554618
2017-10-20,60.92557,61.059158,60.6584,60.9542,10798802
2017-10-23,61.097328,61.56488,60.40076,60.49618,12137936
2017-10-24,60.41031,60.41031,59.51336,60.21947,10711713
2017-10-25,60.20992,60.23855,59.47519,59.58969,11545502
2017-10-26,59.43702,59.8187,58.97901,59.15076,11260026
2017-10-27,57.77672,57.77672,55.17176,55.57252,30980242
2017-10-30,53.19656,53.48282,51.91794,52.2042,40860891
2017-10-31,52.64313,53.23473,52.50954,52.5668,19313802
2017-11-01,52.99618,53.24427,52.74809,52.80534,17206483
2017-11-02,52.93893,53.024811,52.51908,52.83397,12909788
2017-11-03,52.76718,53.70229,52.66221,53.49237,10281718
2017-11-06,53.47328,53.60687,53.053436,53.32061,9136988
2017-11-07,53.32061,53.61641,52.84351,53.043892,15008513
2017-11-08,52.95802,54.12214,52.91985,53.98855,15859279
2017-11-09,53.95992,54.064884,53.072517,53.63549,14818825
2017-11-10,53.71183,53.71183,52.62405,52.93893,17547607
2017-11-13,52.77672,52.9771,52.53817,52.57634,14135738
2017-11-14,52.45229,52.65267,52.24237,52.47137,13315678
2017-11-15,52.25191,52.57634,51.9084,52.29008,12290315
2017-11-16,52.34733,52.83397,52.24237,52.64313,12572122
2017-11-17,52.48092,52.89122,52.24237,52.67176,10358537
2017-11-20,51.56488,51.89885,51.17366,51.62214,18003278
2017-11-21,51.87023,52.33779,51.69847,51.78435,14369442
2017-11-22,51.74618,52.07061,51.68893,51.87977,7730258
2017-11-24,52.0038185,52.12786,51.63168,51.86069,4549682
2017-11-27,51.91794,52.099236,51.71756,52.051525,10584905
2017-11-28,52.41412,52.60496,51.91794,52.41412,13446783
2017-11-29,52.51908,53.10115,52.41412,52.82443,10980525
2017-11-30,52.66221,53.33015,52.50954,52.73855,16139619
2017-12-01,52.86259,53.41603,52.69084,53.31107,12672835
2017-12-04,53.36832,54.11259,53.31107,53.64504,14085120
2017-12-05,53.57824,53.92176,53.16794,53.21565,12405386
2017-12-06,51.94656,53.36832,51.70802,51.86069,21217703
2017-12-07,52.33779,53.28244,52.17557,52.26145,17250604
2017-12-08,52.77672,53.024811,52.15649,53.024811,10923723
2017-12-11,53.75954,54.045803,53.015266,53.75954,10239170
2017-12-12,54.26527,54.55153,54.036259,54.45611,14454750
2017-12-13,54.33206,54.74237,54.055344,54.30344,13982940
2017-12-14,53.8168,54.14122,53.39695,53.44466,10623890
2017-12-15,53.65458,53.78817,53.19656,53.66412,23664574
2017-12-18,53.79771,54.09351,53.62595,53.64504,12151560
2017-12-19,53.64504,54.026718,53.44466,53.65458,9921521
2017-12-20,53.70229,53.90267,53.41603,53.54008,13766423
2017-12-21,53.51145,54.19847,53.51145,54.0076332,10439966
2017-12-22,54.0076332,54.2271,53.55916,53.77863,11890608
2017-12-26,53.90267,54.0076332,53.69275,53.75954,4616754
2017-12-27,53.80725,54.036259,53.6832,53.75954,5931994
2017-12-28,53.75954,54.19847,53.72137,54.0076332,6061108
2017-12-29,54.2271,54.37977,53.69275,53.69275,8841557
2018-01-02,53.99809,54.15076,53.48282,53.64504,10556504
2018-01-03,53.65458,53.6832,53.39695,53.5687,11090460
2018-01-04,53.85496,54.79008,53.79771,54.43702,15751650
2018-01-05,54.76145,54.76145,53.99809,54.37977,9955057
2018-01-08,54.58969,54.62786,53.91221,54.064884,11642546
2018-01-09,54.20802,54.48473,53.97901,54.19847,11142022
2018-01-10,53.95992,54.74237,53.87405,54.67557,9497395
2018-01-11,54.67557,54.97137,54.54198,54.96183,7447402
2018-01-12,55.2958,56.11641,55.23855,55.97328,12935569
2018-01-16,58.92176,60.85878,58.44466,59.2271,50399682
2018-01-17,59.43702,59.72328,59.055344,59.18893,22940615
2018-01-18,59.16031,59.27481,57.85305,58.33015,20861278
2018-01-19,58.66412,58.66412,57.86259,58.47328,12745671
2018-01-22,58.1584,58.62595,57.93893,58.44466,12835380
2018-01-23,58.23473,59.28435,58.082062,58.87405,11718212
2018-01-24,59.16985,59.26527,58.16794,58.37786,14129241
2018-01-25,58.49237,58.5687,58.1584,58.49237,9853610
2018-01-26,58.67366,59.23664,58.53053,59.19847,11060278
2018-01-29,59.11259,59.29389,58.74046,58.80725,9198191
2018-01-30,58.0057259,58.44466,57.67176,57.87214,13666654
2018-01-31,57.98664,58.015266,56.20229,56.53626,15582712
2018-02-01,56.45992,57.57634,56.36451,57.11832,14009664
2018-02-02,56.68893,57.22328,55.61069,55.87786,12852777
2018-02-05,55.60115,56.25,53.26336,53.8168,20546774
2018-02-06,52.61451,54.16985,51.8416,52.91985,32494498
2018-02-07,52.64313,54.11259,52.5668,53.32061,14349740
2018-02-08,53.47328,53.87405,52.2042,52.22328,21871760
2018-02-09,52.62405,52.87214,50.91603,52.35687,19472364
2018-02-12,52.81488,53.33015,52.44275,52.89122,13259506
2018-02-13,52.70038,52.83397,52.26145,52.38549,17857291
2018-02-14,51.82252,52.57634,51.73664,52.38549,11996142
2018-02-15,52.89122,53.42557,52.3187,53.42557,10584695
2018-02-16,53.40649,54.37977,53.35878,53.71183,12294402
2018-02-20,53.54962,53.5687,52.4332,52.46183,14113416
2018-02-21,52.50954,52.90076,52.051525,52.051525,11244935
2018-02-22,52.099236,52.54771,51.92748,52.07061,11334958
2018-02-23,52.30916,52.48092,52.07061,52.35687,9499177
2018-02-26,52.48092,53.61641,52.48092,53.49237,12725026
2018-02-27,53.34924,53.39695,52.19466,52.21374,9734453
2018-02-28,52.53817,52.64313,51.7271,51.73664,11807606
2018-03-01,51.77481,52.29962,50.97328,51.24046,13648523
2018-03-02,51.030533,51.93702,50.68702,51.87023,9355706
2018-03-05,51.75573,52.2042,51.60305,51.9084,13743577
2018-03-06,51.99427,52.2042,51.35496,51.81298,9716951
2018-03-07,51.37405,52.080154,51.28817,51.97519,12817564
2018-03-08,52.0229,52.30916,51.87023,52.25191,7705001
2018-03-09,52.50954,52.66221,52.19466,52.61451,9240006
2018-03-12,53.17748,53.55916,52.70992,52.82443,11269039
2018-03-13,53.18702,53.19656,52.48092,52.83397,12272080
2018-03-14,52.73855,52.89122,51.82252,52.29008,11692222
2018-03-15,52.4332,53.17748,52.37595,52.71947,10560277
2018-03-16,52.66221,53.29198,52.55725,53.12023,22010620
2018-03-19,53.11069,53.12977,51.75573,52.12786,12391762
2018-03-20,52.24237,52.42366,51.87023,52.13741,8153440
2018-03-21,52.25191,52.74809,51.92748,52.18512,10489746
2018-03-22,51.75573,52.46183,51.55534,51.64122,13387990
2018-03-23,51.83206,52.2042,50.89695,50.96374,12408634
2018-03-26,51.57443,51.67939,50.54389,51.56488,10448770
2018-03-27,51.51718,52.061069,51.020992,51.28817,16956535
2018-03-28,51.57443,52.80534,51.5458,52.5668,13302788
2018-03-29,52.82443,52.87214,51.97519,51.97519,10218524
2018-04-02,51.9084,52.14695,50.53435,50.83015,14041104
2018-04-03,50.89695,51.66985,50.41031,51.61259,9688341
2018-04-04,51.020992,52.18512,50.9542,52.041985,9330030
2018-04-05,52.53817,52.84351,51.94656,52.032444,13074638
2018-04-06,51.79389,52.080154,50.4771,50.91603,13100838
2018-04-09,52.48092,54.79008,52.061069,53.58779,24352376
2018-04-10,54.083969,54.18893,53.47328,53.90267,13481891
2018-04-11,53.49237,53.95038,53.33015,53.62595,9445834
2018-04-12,54.0076332,54.57061,53.5687,54.14122,12511967
2018-04-13,54.46565,54.7042,54.045803,54.55153,10536278
2018-04-16,55.12405,56.53626,54.55153,55.96374,23627998
2018-04-17,57.099236,57.21374,56.25954,56.55534,16070451
2018-04-18,56.68893,56.88931,55.90649,56.22137,11779730
2018-04-19,56.22137,56.60305,55.74427,55.9542,11041204
2018-04-20,56.16412,56.55534,55.97328,56.13549,10109951
2018-04-23,57.29962,57.84351,56.70802,57.49046,20767587
2018-04-24,57.64313,58.20611,57.032444,57.33779,13974975
2018-04-25,57.15649,57.17557,56.23092,56.89885,14057034
2018-04-26,57.080154,57.33779,56.40267,56.68893,14148105
2018-04-27,56.62214,56.91794,56.59351,56.74618,8034073
2018-04-30,56.91794,57.23282,56.17366,56.17366,13730267
2018-05-01,56.29771,56.52672,54.27481,55.32443,13756782
2018-05-02,55.03817,55.34351,54.4084,54.67557,10921837
2018-05-03,54.5229,55.15267,53.78817,54.89504,11864932
2018-05-04,54.50382,55.25763,54.2271,55.10496,9149983
2018-05-07,55.12405,55.43893,54.46565,54.75191,10513955
2018-05-08,54.74237,54.79008,53.6832,54.16031,10749546
2018-05-09,54.36069,55.73473,54.2271,55.2958,8684042
2018-05-10,55.46756,56.040077,55.27672,55.40076,8624097
2018-05-11,55.49618,57.22328,55.46756,56.95611,13344498
2018-05-14,57.032444,57.32824,56.70802,56.94656,9942062
2018-05-15,56.71756,57.061069,56.20229,56.48855,7148932
2018-05-16,56.60305,57.26145,56.40267,57.013359,8941222
2018-05-17,56.81298,57.041985,56.1832,56.36451,8222398
2018-05-18,56.25954,56.73664,54.85687,56.4313,10151242
2018-05-21,56.46947,56.60305,55.71565,55.88741,8882219
2018-05-22,56.087788,56.4313,55.72519,55.7729,9357068
2018-05-23,55.7729,56.76527,55.75382,56.45992,10375619
2018-05-24,56.53626,56.68893,56.11641,56.42176,7261382
2018-05-25,56.4313,56.73664,56.14504,56.38359,6985339
2018-05-29,55.89695,56.19275,55.37214,55.72519,9228269
2018-05-30,55.96374,57.061069,55.83969,56.98473,11572016
2018-05-31,56.89885,57.13741,56.59351,56.80344,12786019
2018-06-01,57.14695,58.024811,56.88931,57.78626,11556925
2018-06-04,58.73092,59.66603,58.37786,59.17939,20410534
2018-06-05,59.16031,59.47519,58.26336,58.57824,13098218
2018-06-06,58.69275,59.10305,58.41603,59.09351,7912190
2018-06-07,59.16031,59.19847,58.69275,59.15076,7910933
2018-06-08,59.16985,59.78053,59.13168,59.71374,10142754
2018-06-11,59.89504,59.98092,59.23664,59.47519,7542666
2018-06-12,59.51336,59.74237,59.16985,59.58015,8308230
2018-06-13,59.7042,60.076336,59.49427,59.72328,9873732
2018-06-14,59.2271,59.5229,58.41603,58.74046,12528211
2018-06-15,58.76908,59.25573,58.41603,59.18893,17246517
2018-06-18,58.54008,58.54962,57.81488,58.19656,9990270
2018-06-19,57.87214,58.50191,57.85305,58.23473,10501589
2018-06-20,58.26336,58.66412,58.0057259,58.47328,12757094
2018-06-21,58.46374,58.46374,58.024811,58.37786,9336527
2018-06-22,58.47328,59.083969,58.41603,58.65458,12885998
2018-06-25,58.59733,58.79771,57.86259,58.28244,11057238
2018-06-26,58.043892,58.22519,57.83397,57.93893,12571913
2018-06-27,57.91985,58.28244,57.061069,57.13741,10948770
2018-06-28,57.35687,57.96756,57.24237,57.53817,10691591
2018-06-29,57.75763,58.65458,57.58588,57.91985,14956951
2018-07-02,57.77672,57.78626,57.17557,57.69084,9546337
2018-07-03,57.95802,58.49237,57.77672,57.92939,5106590
2018-07-05,58.58779,59.12214,58.29198,58.8168,9517098
2018-07-06,58.96947,59.64695,58.95992,59.35115,8543191
2018-07-09,59.59924,59.8187,59.16031,59.17939,8724600
2018-07-10,59.53244,59.76145,59.26527,59.44656,11266524
2018-07-11,59.29389,59.35115,58.76908,59.064884,6055344
2018-07-12,59.58015,59.96183,59.29389,59.79008,8424453
2018-07-13,59.41794,60.15267,59.39885,60.0095406,7705106
2018-07-16,60.04771,60.066795,59.47519,59.72328,4729938
2018-07-17,59.66603,59.9332,59.59924,59.66603,5292086
2018-07-18,59.73282,60.095421,59.51336,60.057251,6645578
2018-07-19,59.86641,60.057251,59.39885,59.64695,7631641
2018-07-20,59.21756,59.67557,59.16985,59.65649,7204686
2018-07-23,59.7042,59.90458,59.64695,59.8187,7266413
2018-07-24,60.019085,60.53435,59.94275,60.51527,9931058
2018-07-25,60.52481,61.61259,60.45802,61.53626,11023598
2018-07-26,61.65076,62.21374,61.059158,61.078243,11677235
2018-07-27,59.58969,61.087788,59.5229,60.58206,8815357
2018-07-30,60.86832,61.92748,60.62023,61.8416,10129130
2018-07-31,61.92748,63.091602,61.9084,62.85305,16184683
2018-08-01,62.70038,63.11069,62.45229,62.49046,7949604
2018-08-02,62.30916,62.4332,61.89885,62.23282,7226379
2018-08-03,62.21374,62.99618,61.99427,62.91031,7333066
2018-08-06,63.062977,63.43512,62.6813,63.18702,8600202
2018-08-07,63.062977,63.92176,63.0057259,63.53053,8471298
2018-08-08,63.46374,63.92176,63.12023,63.63549,6821746
2018-08-09,63.80725,63.80725,62.78626,62.9771,7495086
2018-08-10,62.88168,63.4542,62.67176,63.043892,7796806
2018-08-13,63.10115,63.82634,63.043892,63.66412,9973606
2018-08-14,63.55916,63.88359,63.22519,63.41603,6912608
2018-08-15,63.67366,64.47519,63.42557,64.28435,11413873
2018-08-16,64.50381,65.8397,64.28435,65.69656,19378358
2018-08-17,65.62977,66.068703,65.55344,65.89695,8223761
2018-08-20,65.8397,67.0038147,65.7729,66.95611,10919426
2018-08-21,66.99428,67.03244,65.92558,66.0019073,10285701
2018-08-22,66.011452,66.22137,65.69656,65.87786,6176178
2018-08-23,65.71565,66.020988,65.59161,65.81107,5806654
2018-08-24,65.8397,66.078247,65.62023,65.87786,5194098
2018-08-27,66.16412,66.25,65.39122,65.83015,5327822
2018-08-28,65.69656,65.71565,65.24809,65.48664,6219251
2018-08-29,65.24809,65.74428,65.14313,65.65839,5753206
2018-08-30,65.51527,65.78244,65.21947,65.40076,4972341
2018-08-31,65.21947,65.60114,65.03817,65.44847,6018978
2018-09-04,65.23855,65.27672,64.8187,64.83778,6045178
2018-09-05,64.83778,65.54389,64.79962,65.4771,6664337
2018-09-06,65.81107,66.35497,65.66794,66.20229,10099995
2018-09-07,65.99236,66.58397,65.69656,66.47901,9971930
2018-09-10,66.79389,67.35687,66.34542,66.37405,7616759
2018-09-11,66.60305,66.60305,65.90649,65.91603,6094644
2018-09-12,66.22137,66.81298,65.9542,66.6603,6382320
2018-09-13,66.94656,67.69084,66.39313,67.58588,10750594
2018-09-14,67.5,67.5,66.46947,66.77481,7792928
2018-09-17,66.65076,67.23283,66.45992,67.19466,7018770
2018-09-18,67.18511,67.65267,66.69847,67.19466,7126819
2018-09-19,66.93702,67.33778,66.45038,66.77481,8325522
2018-09-20,67.12786,67.58588,66.84161,67.53817,6435454
2018-09-21,67.66222,68.30153,67.66222,67.84351,17850689
2018-09-24,67.67175,68.034348,67.39503,67.53817,6747862
2018-09-25,67.60497,68.11069,67.29008,67.41412,6770499
2018-09-26,67.6813,67.89122,66.96565,67.10878,7260963
2018-09-27,67.10878,67.91985,66.87023,67.48092,6315458
2018-09-28,67.48092,67.93893,67.41412,67.69084,7135622
2018-10-01,67.81489,68.59733,67.37595,68.25381,7994668
2018-10-02,68.67366,68.8645,67.83397,68.46374,10894589
2018-10-03,68.78817,69.10305,68.082062,68.10114,10037325
2018-10-04,67.86259,68.091606,67.23283,67.95802,10837054
2018-10-05,67.96756,68.40649,67.34733,67.77672,7790308
2018-10-08,67.6813,68.41603,67.64313,68.18702,9279830
2018-10-09,68.18702,69.33206,67.71947,69.026718,8249122
2018-10-10,69.1603,69.55153,67.16603,67.22328,13259191
2018-10-11,67.14695,67.29962,64.71374,65.23855,13491952
2018-10-12,65.55344,66.85114,65.28626,66.61259,10648938
2018-10-15,66.020988,66.99428,65.7729,66.27863,6896783
2018-10-16,66.65076,68.043892,66.55534,67.95802,10719992
2018-10-17,67.83397,68.64503,67.55725,68.53053,9793036
2018-10-18,68.84542,69.083969,68.14886,68.90267,12812848
2018-10-19,68.98855,69.33206,68.64503,69.036263,15210043
2018-10-22,69.62786,70.12405,68.55916,69.24619,12486186
2018-10-23,68.85497,69.10305,67.95802,68.79771,12116871
2018-10-24,68.53053,69.31298,67.013359,67.30916,15348170
2018-10-25,63.87405,67.33778,63.072517,66.75572,21553692
2018-10-26,66.57442,67.53817,65.72519,67.17558,17764229
2018-10-29,68.10114,69.68511,67.3187,68.17748,19743901
2018-10-30,68.40649,69.61832,68.22519,69.53244,19845976
2018-10-31,70.047707,71.078247,69.43702,70.23855,16624529
2018-11-01,70.41985,70.64886,69.34161,69.77099,14507988
2018-11-02,70.20038,70.32442,68.3397,68.95992,13517838
2018-11-05,68.66412,70.20038,66.90839,69.77099,12922364
2018-11-06,69.59924,70.41985,69.41794,69.95229,10737913
2018-11-07,70.70611,71.87977,70.45802,71.64122,19566684
2018-11-08,71.45992,72.22328,71.20229,72.022903,13634690
2018-11-09,72.3855,72.50954,71.37405,71.4313,15359802
2018-11-12,71.68893,71.82252,70.63931,71.26908,14679022
2018-11-13,71.77481,71.82252,70.62023,71.19275,16587430
2018-11-14,71.51717,71.52672,70.30534,70.69656,9936193
2018-11-15,70.13359,71.44084,69.78053,71.41222,12549171
2018-11-16,71.3168,72.75764,71.1355,72.57634,14384010
2018-11-19,72.72901,73.10114,72.12786,72.85305,17210675
2018-11-20,72.52863,72.86259,71.23092,71.35497,14240014
2018-11-21,71.48855,71.63168,70.78244,71.3645,9489116
2018-11-23,70.73473,71.85114,70.62023,71.25,3690846
2018-11-26,71.55534,72.28053,71.3645,71.98473,11407061
2018-11-27,71.63168,73.015266,71.63168,72.84351,15325533
2018-11-28,73.28244,73.8168,72.77672,73.69275,12625675
2018-11-29,73.65458,74.8855,73.57825,74.34161,11429174
2018-11-30,74.27481,75.84924,74.1603,75.70611,22380669
2018-12-03,75.87786,75.93511,74.69466,75.59161,13183106
2018-12-04,75.66794,76.51717,74.5229,74.62786,15482942
2018-12-06,73.43511,74.78053,72.34733,74.78053,17329518
2018-12-07,74.63741,74.71374,72.6145,73.20611,13228799
2018-12-10,73.90267,74.21756,72.3855,73.87405,16163618
2018-12-11,74.35114,74.72328,73.034348,73.57825,13867660
2018-12-12,74.20802,75.15267,74.1603,74.43702,11219678
2018-12-13,74.66603,75.45802,74.42748,75.39122,11272498
2018-12-14,74.26527,74.45611,72.73855,72.9771,13896375
2018-12-17,72.49046,73.36832,71.4313,71.78435,15831822
2018-12-18,72.13741,72.30916,70.19084,70.92558,16163828
2018-12-19,71.25954,71.80344,69.72328,70.39122,19765594
2018-12-20,70.085876,70.73473,69.31298,70.12405,20321454
2018-12-21,69.60878,71.040077,68.91222,69.56107,37919994
2018-12-24,69.20802,69.56107,67.64313,67.89122,11565833
2018-12-26,67.71947,70.63931,67.71947,70.61069,14074011
2018-12-27,69.92366,71.92748,69.42748,71.92748,13577154
2018-12-28,72.40458,73.072517,71.40267,71.91794,13180696
2018-12-31,72.34733,73.18702,72.19466,72.9103,9687502
2019-01-02,71.84161,72.50954,71.1832,72.12786,15120125
2019-01-03,72.099236,72.49046,70.46756,70.64886,13910628
2019-01-04,71.3168,72.99619,71.22137,72.77672,14753115
2019-01-07,72.66222,72.96756,71.95611,71.97519,15795142
2019-01-08,72.39503,72.71947,71.84161,72.50954,11896686
2019-01-09,72.41412,72.81489,71.87023,71.95611,11916284
2019-01-10,72.21374,72.21374,70.10497,71.068703,19134070
2019-01-11,71.27863,71.50764,70.75381,71.46947,9878029
2019-01-14,70.88741,71.030533,69.75191,70.0095444,15669486
2019-01-15,69.75191,71.45992,69.75191,71.087784,13102096
2019-01-16,71.3168,72.29962,71.059158,71.19275,15272504
2019-01-17,70.90649,72.29962,70.90649,72.13741,16969321
2019-01-18,72.65267,72.83397,72.013359,72.39503,14980741
2019-01-22,72.10878,72.70992,71.90839,72.35687,10568766
2019-01-23,72.089699,72.24236,71.3168,71.98473,14369233
2019-01-24,71.71756,71.71756,69.064888,69.8187,21986621
2019-01-25,70.43893,70.45802,68.8168,69.60878,14054099
2019-01-28,69.17939,69.72328,68.75,69.58015,13376672
2019-01-29,69.56107,70.30534,69.31298,69.87595,11966693
2019-01-30,70.095421,70.42939,69.67558,70.0095444,13941230
2019-01-31,69.79962,71.39313,69.76145,71.020988,16797658
2019-02-01,72.49046,73.94084,71.87977,72.94847,15941757
2019-02-04,72.47137,73.36832,72.21374,73.34924,11824165
2019-02-05,73.83588,74.79008,73.53053,73.61641,12955690
2019-02-06,73.32061,74.1603,73.12023,73.84542,8375721
2019-02-07,73.41603,73.59733,72.62405,73.30153,9661407
2019-02-08,73.23473,73.98855,73.062981,73.96947,9266940
2019-02-11,74.23664,74.27481,72.71947,73.19656,13803942
2019-02-12,73.75,75.31489,73.57825,74.92366,13676086
2019-02-13,74.96183,75.54389,74.85687,75.40076,10980106
2019-02-14,75.50572,75.90649,75.085876,75.32442,8577042
2019-02-15,76.011452,76.45992,75.63931,76.15458,10886100
2019-02-19,76.1355,76.45992,75.45802,75.61069,9653547
2019-02-20,75.38168,75.89695,75.20038,75.79198,8993517
2019-02-21,75.55344,76.3645,75.52481,76.17366,7740633
2019-02-22,76.11641,77.15649,76.11641,77.07061,8337469
2019-02-25,77.15649,77.28053,76.32634,76.69847,9741265
2019-02-26,76.83206,77.3855,76.33588,77.041985,8927912
2019-02-27,76.85114,77.5668,76.74619,76.92748,7852978
2019-02-28,76.84161,78.015266,76.84161,77.5668,11588365
2019-03-01,78.015266,78.17748,77.45229,77.9103,10624205
2019-03-04,78.2729,78.35878,76.84161,77.64313,8522755
2019-03-05,77.74809,78.2729,77.5,77.95802,8698190
2019-03-06,77.86259,78.015266,76.62214,77.061066,8167169
2019-03-07,77.3187,77.39503,76.37405,76.76527,10925505
2019-03-08,76.53626,76.90839,75.42939,76.14503,11716326
2019-03-11,76.67939,77.3187,76.40267,77.16603,9126613
2019-03-12,77.45229,77.82442,77.080154,77.50954,9261281
2019-03-13,77.87214,78.25381,77.47137,77.86259,8059749
2019-03-14,77.58588,78.015266,77.22328,77.75764,8530406
2019-03-15,77.76717,78.15839,77.099236,77.83397,17341046
2019-03-18,77.54771,78.082062,77.21374,77.62405,14357914
2019-03-19,77.80534,78.24428,77.25191,78.15839,10224393
2019-03-20,78.10114,78.9313,77.65267,78.32061,11894590
2019-03-21,78.3397,79.36069,78.10114,79.15076,9473291
2019-03-22,79.11259,79.62786,78.26336,78.52099,10639191
2019-03-25,78.31107,78.95992,78.16794,78.57825,7878654
2019-03-26,78.96947,79.64695,78.78817,79.12214,9242731
2019-03-27,79.12214,79.25572,78.062981,78.52099,10020766
2019-03-28,78.99809,79.10305,78.41603,78.84542,7161298
2019-03-29,79.19847,79.48473,78.92175,79.36069,10147994
2019-04-01,79.89503,80.0095444,79.14122,79.48473,8820282
2019-04-02,79.63741,79.8855,79.10305,79.39886,5875088
2019-04-03,79.45611,79.82825,78.95992,79.37023,6550734
2019-04-04,79.20802,79.38931,77.49046,78.10114,10257719
2019-04-05,78.21565,78.39695,77.39503,77.4332,10324162
2019-04-08,77.25191,77.53817,76.66985,77.24236,10586267
2019-04-09,76.87977,77.27099,76.58397,77.099236,10785282
2019-04-10,77.15649,77.59542,76.95611,77.11832,6894268
2019-04-11,77.22328,77.22328,75.75381,76.1832,10410518
2019-04-12,76.34542,76.75572,75.66794,75.79198,10164762
2019-04-15,75.67748,75.84924,74.87595,74.9332,13822491
2019-04-16,75.60114,75.65839,73.87405,74.007637,12531250
2019-04-17,74.055344,74.064888,70.37214,70.53435,34181463
2019-04-18,70.1145,70.65839,68.92175,69.83778,32768445
2019-04-22,69.80916,70.42939,69.40839,70.095421,14548441
2019-04-23,70.32442,71.80344,70.03817,71.1832,19281523
2019-04-24,71.30725,71.66985,70.59161,71.30725,12779102
2019-04-25,71.16412,73.30153,71.049622,72.84351,13994154
2019-04-26,73.12977,73.46374,72.60497,73.12023,8888193
2019-04-29,73.082062,73.64503,72.9771,73.26336,7395317
2019-04-30,74.007637,75.28626,72.51908,75.10497,11269039
2019-05-01,75.085876,76.078247,74.83778,75.1145,15288643
2019-05-02,75.0095444,76.17366,75.0095444,75.87786,11579142
2019-05-03,75.89695,76.46947,75.62023,76.33588,7942582
2019-05-06,74.9332,76.1355,74.71374,75.8397,9906534
2019-05-07,75.27672,75.65839,73.87405,74.33206,10523387
2019-05-08,74.74236,75.10497,74.33206,74.59924,10567508
2019-05-09,74.12214,74.91412,73.70229,74.74236,8105861
2019-05-10,74.50381,74.74236,73.29198,74.60878,9027158
2019-05-13,73.30153,73.97901,73.30153,73.6355,9641705
2019-05-14,74.064888,74.50381,73.8168,73.87405,8113826
2019-05-15,73.34924,74.31298,73.28244,73.99809,7284543
2019-05-16,74.20802,76.23092,74.16985,75.50572,9910831
2019-05-17,74.8187,75.44847,74.28435,75.1145,8259707
2019-05-20,74.77099,75.63931,74.66603,75.26717,8281191
2019-05-21,75.45802,76.078247,74.9332,75.85878,10873734
2019-05-22,75.71565,77.4332,75.67748,77.27099,13491847
2019-05-23,76.90839,77.47137,76.7271,77.30916,9831498
2019-05-24,77.57634,78.18702,77.39503,77.45229,6071588
2019-05-28,77.65267,78.18702,76.55534,76.58397,13779733
2019-05-29,76.45038,76.68893,75.14313,75.72519,11278890
2019-05-30,75.91603,76.16412,75.56298,76.030533,7483768
2019-05-31,75.69656,76.25954,75.19084,75.58206,7142749
2019-06-03,76.0019073,77.21374,75.87786,76.58397,9218103
2019-06-04,77.051529,77.60497,76.44084,77.36641,9368806
2019-06-05,77.65267,78.50191,77.36641,77.94847,9821961
2019-06-06,78.39695,78.66412,77.70038,77.70992,11393961
2019-06-07,78.072517,79.083969,78.072517,78.6832,8797436
2019-06-10,78.89313,78.89313,77.9103,78.70229,7536273
2019-06-11,79.093513,79.5897,78.67366,79.17939,7789679
2019-06-12,79.33206,80.4103,79.33206,79.87595,11057762
2019-06-13,80.20992,80.32442,78.75,79.10305,10194001
2019-06-14,78.92175,79.55153,78.6832,78.98855,7989952
2019-06-17,78.91222,79.51336,78.75,79.48473,6427279
2019-06-18,79.41794,80.79198,79.41794,80.62023,11425086
2019-06-19,80.39122,81.64122,80.35305,81.45038,9825419
2019-06-20,82.041985,82.53817,80.45802,80.72519,12490483
2019-06-21,80.57252,80.88741,79.80916,80.69656,15034294
2019-06-24,81.078247,82.089699,80.85878,81.59351,7891440
2019-06-25,81.63168,82.30916,80.92558,81.33588,9348894
2019-06-26,81.27863,81.29771,79.28435,79.71374,12604401
2019-06-27,79.83778,80.81107,79.58015,79.99046,11721670
2019-06-28,80.12405,80.59161,79.17939,80.0095444,46684837
2019-07-01,80.46756,81.040077,80.047707,80.86832,10260863
2019-07-02,80.59161,81.59351,80.24809,81.59351,10381593
2019-07-03,82.11832,83.082062,82.051529,82.91985,6533232
2019-07-05,82.70992,82.82442,81.57442,81.67939,8767358
2019-07-08,81.11641,81.58397,79.67558,80.19084,13693273
2019-07-09,80.38168,81.30725,80.23855,80.97328,8490791
2019-07-10,80.91603,81.21183,80.48664,80.93511,5996132
2019-07-11,79.67558,79.83778,76.12595,77.29008,22146126
2019-07-12,77.14695,77.19466,75.028625,76.078247,18910636
2019-07-15,76.90839,77.54771,76.45038,77.25191,10922570
2019-07-16,77.59542,78.034348,77.18511,77.85305,8448662
2019-07-17,78.20611,78.5687,77.84351,78.16794,9848999
2019-07-18,78.6355,79.1603,77.86259,78.90267,8472661
2019-07-19,78.91222,79.026718,77.4332,77.66222,12053782
2019-07-22,77.93893,78.072517,77.33778,77.49046,7261697
2019-07-23,77.74809,78.65458,77.18511,78.2729,7420469
2019-07-24,78.24428,78.54008,77.40458,78.005722,7720197
2019-07-25,77.71947,79.25572,77.33778,78.005722,9670106
2019-07-26,77.84351,77.89122,77.2042,77.70038,7638977
2019-07-29,78.3397,79.007637,77.87214,78.71183,11123682
2019-07-30,80.14313,81.26908,79.026718,79.45611,14286965
2019-07-31,79.10305,80.7729,79.045799,79.18893,12443428
2019-08-01,79.25572,80.62977,78.85497,79.85687,10550006
2019-08-02,80.03817,80.88741,79.72328,80.60114,10913767
2019-08-05,80.0095444,80.4771,78.39695,79.31298,11885578
2019-08-06,79.31298,80.61069,79.29389,80.48664,11025274
2019-08-07,80.35305,80.81107,79.007637,80.39122,11509660
2019-08-08,80.86832,81.15458,80.45802,80.84924,8699762
2019-08-09,81.20229,82.16603,80.83015,81.60305,8968260
2019-08-12,81.32634,81.99428,80.64886,81.12595,8761909
2019-08-13,81.5458,82.81489,81.5458,82.13741,8413658
2019-08-14,81.45992,81.90839,79.53244,79.58015,11411148
2019-08-15,79.69466,80.0095444,79.093513,79.63741,9543612
2019-08-16,80.58206,81.45038,80.2958,81.16412,9156271
2019-08-19,81.66985,82.5668,81.53626,82.24236,7655221
2019-08-20,82.07061,82.75764,81.6603,81.7271,6176598
2019-08-21,82.33778,83.25381,82.18511,82.92939,6486072
2019-08-22,82.77672,83.20611,82.29962,82.74809,6588776
2019-08-23,82.27099,82.95802,80.61069,81.049622,10608694
2019-08-26,81.46947,81.96565,81.1832,81.94656,6041825
2019-08-27,82.46183,82.93893,81.53626,81.60305,6527049
2019-08-28,81.35497,82.60497,81.14503,82.51908,6159934
2019-08-29,83.082062,83.34924,82.23283,82.74809,6321012
2019-08-30,83.12977,83.22519,82.22328,82.50954,6795127
2019-09-03,82.29008,83.024811,82.099236,82.6813,6695882
2019-09-04,83.14886,83.17748,81.50764,82.10878,7868070
2019-09-05,82.67175,82.69084,81.58397,82.15649,7524954
2019-09-06,82.57634,82.94847,82.35687,82.60497,7047695
2019-09-09,82.53817,82.55725,79.12214,79.64695,12040786
2019-09-10,78.61641,78.61641,75.23855,77.94847,18087432
2019-09-11,78.11069,79.30344,77.88168,79.12214,10602197
2019-09-12,79.65649,80.22901,78.99809,79.49428,8416698
2019-09-13,79.16985,79.74236,78.35878,78.82634,7521496
2019-09-16,78.67366,78.67366,77.94847,78.2729,6191270
2019-09-17,78.36832,79.67558,78.36832,78.73092,7375405
2019-09-18,78.88359,79.46565,78.60687,79.21756,6943734
2019-09-19,79.21756,80.43893,79.083969,80.12405,6922774
2019-09-20,80.85878,81.93702,80.45802,81.25954,23631247
2019-09-23,81.020988,81.3168,80.4771,80.49619,8909572
2019-09-24,80.67748,80.99236,79.57061,79.77099,9377085
2019-09-25,79.64695,80.1813,79.15076,79.29389,7290936
2019-09-26,79.79008,80.23855,79.23664,80.03817,8104918
2019-09-27,80.03817,80.14313,78.79771,79.11259,7827093
2019-09-30,79.39886,81.20229,79.39886,80.32442,9806974
2019-10-01,80.32442,80.72519,79.71374,79.78053,7050001
2019-10-02,79.26527,79.39886,76.85114,77.88168,8762433
2019-10-03,78.17748,79.083969,77.89122,78.95038,5790095
2019-10-04,79.59924,81.22137,79.35114,81.10687,7504518
2019-10-07,81.1355,81.21183,80.10497,80.52481,5086154
2019-10-08,79.95229,80.54389,79.27481,79.47519,6416694
2019-10-09,80.31489,80.62023,79.7042,80.32442,4660875
2019-10-10,80.28626,80.96374,79.76145,79.92366,8580290
2019-10-11,80.43893,81.52672,80.40076,80.4771,6229626
2019-10-14,80.50572,81.21183,80.42939,80.81107,5513214
2019-10-15,81.011452,81.20229,80.71565,81.14503,5205102
2019-10-16,81.16412,81.19275,80.55344,80.58206,5686134
2019-10-17,80.55344,80.7729,79.90458,79.96183,7178486
2019-10-18,79.87595,81.020988,79.82825,80.80153,7883056
2019-10-21,81.078247,81.16412,80.22901,80.64886,5352136
2019-10-22,78.24428,78.89313,76.57442,77.57634,18629038
2019-10-23,77.5668,79.074425,77.44275,79.074425,8511961
2019-10-24,79.30344,79.80916,78.28244,78.79771,5232769
2019-10-25,78.50191,79.055344,78.2729,78.49236,7868384
2019-10-28,78.94084,79.64695,76.6603,78.43511,15557665
2019-10-29,80.20038,81.84161,78.91222,81.20229,17371019
2019-10-30,81.10687,82.52863,80.45802,82.27099,10026845
2019-10-31,82.15649,83.005722,81.59351,82.69084,12419429
2019-11-01,83.082062,83.24428,80.90649,81.049622,9281298
2019-11-04,81.66985,81.77481,80.03817,80.057251,8947195
2019-11-05,79.83778,79.91412,78.94084,79.12214,9937974
2019-11-06,79.73283,80.1145,79.32252,79.43702,9735606
2019-11-07,79.41794,80.14313,78.88359,79.083969,9251325
2019-11-08,79.11259,79.87595,78.92175,79.76145,6653123
2019-11-11,79.35114,79.80916,79.1603,79.46565,3725221
2019-11-12,79.75191,80.93511,79.75191,80.26717,8616656
2019-11-13,80.67748,81.21183,80.25764,80.93511,6516883
2019-11-14,81.030533,81.27863,79.86641,80.67748,7911247
2019-11-15,80.81107,81.67939,80.76336,81.011452,9675870
2019-11-18,80.78244,80.93511,80.0095444,80.27672,10701757
2019-11-19,80.53435,81.059158,80.12405,80.7729,9691380
2019-11-20,80.65839,81.56489,80.58206,81.3645,8160147
2019-11-21,81.77481,81.84161,80.4103,81.5458,7195568
2019-11-22,81.7271,82.40458,81.41222,81.53626,7800159
2019-11-25,82.099236,82.62405,81.4313,81.77481,9021289
2019-11-26,82.061066,83.43511,81.97519,83.3397,19233420
2019-11-27,83.39695,83.84542,83.005722,83.59733,6037318
2019-11-29,83.17748,83.75,83.043892,83.18702,4880222
2019-12-02,83.53053,83.95992,82.58588,83.053436,5597997
2019-12-03,82.70992,83.46374,82.53817,83.37786,7466162
2019-12-04,83.52099,84.66603,83.18702,84.60878,7293766
2019-12-05,84.66603,84.72328,83.94084,84.68511,8267462
2019-12-06,84.92366,85.15267,84.68511,84.78053,7245872
2019-12-09,84.82825,84.92366,84.1603,84.65649,8054823
2019-12-10,84.54198,85.42939,84.45611,85.019081,8663711
2019-12-11,85.057251,85.39122,84.78053,84.90458,6821746
2019-12-12,84.96183,85.8397,84.83778,85.46756,6863876
2019-12-13,85.1145,85.48664,84.38931,85.10497,7571800
2019-12-16,85.54389,85.87786,85.095421,85.20038,10355183
2019-12-17,85.23855,85.35305,84.46565,84.94275,11690545
2019-12-18,85.25764,85.87786,85.047707,85.51527,11578199
2019-12-19,85.7729,85.96374,85.39122,85.86832,7602716
2019-12-20,87.27099,88.39695,86.67939,87.3855,17849641
2019-12-23,87.62405,87.80534,87.25191,87.53817,7895946
2019-12-24,87.44275,87.52863,86.89886,87.25191,2343223
2019-12-26,87.40458,87.51908,86.89886,87.15649,3062675
2019-12-27,87.48092,87.5,87.089699,87.30916,3758966
2019-12-30,87.33778,87.49046,86.57442,86.86069,3932934
2019-12-31,86.75572,86.82252,86.29771,86.78435,4710760
2020-01-02,86.90839,87.91985,86.23092,87.82442,8251428
2020-01-03,86.52672,87.85305,86.3645,87.07061,5903698
2020-01-06,87.051529,87.53817,86.82252,87.44275,7522963
2020-01-07,86.64122,86.94656,85.03817,85.1145,11132275
2020-01-08,85.0095444,85.40076,84.36069,84.54198,15200506
2020-01-09,84.87595,85.92558,84.71374,85.28626,9714750
2020-01-10,85.61069,85.98283,85.35305,85.42939,5945304
2020-01-13,85.41985,85.52481,84.94275,85.4103,10261492
2020-01-14,85.1813,85.81107,84.79962,85.81107,8625669
2020-01-15,85.97328,87.41412,85.96374,87.34733,9614038
2020-01-16,87.65267,87.84351,86.87977,87.0038147,7252474
2020-01-17,87.099236,87.4332,86.69847,86.80344,10131226
2020-01-21,86.56489,86.80344,85.60114,85.84924,10022129
2020-01-22,86.040077,86.3168,85.51527,85.54389,7800474
2020-01-23,85.55344,85.55344,84.21756,84.50381,13198093
2020-01-24,84.57061,84.76145,81.6603,82.041985,14954960
2020-01-27,81.20229,82.54771,80.83015,82.15649,10847534
2020-01-28,82.48092,82.73855,81.96565,82.29962,9496347
2020-01-29,82.63359,84.12214,82.47137,83.24428,8511227
2020-01-30,82.96756,83.13931,82.25191,82.53817,11016471
2020-01-31,82.42366,82.70038,81.10687,81.52672,9621583
2020-02-03,82.099236,84.17939,82.099236,83.3397,9729318
2020-02-04,84.37977,85.1145,84.026718,84.31298,15091305
2020-02-05,80.80153,82.76717,80.15267,81.89886,29290133
2020-02-06,82.080154,82.28053,81.35497,81.75572,16110170
2020-02-07,81.95611,82.0038147,80.94466,81.1832,11419427
2020-02-10,81.1832,82.041985,81.049622,81.73664,10590983
2020-02-11,81.92748,82.061066,81.059158,81.34542,10252689
2020-02-12,81.14503,81.32634,79.10305,79.43702,19630926
2020-02-13,79.13168,79.13168,77.71947,78.21565,19388734
2020-02-14,78.46374,79.007637,77.92939,78.8645,8743464
2020-02-18,79.083969,79.30344,78.49236,78.6832,10017308
2020-02-19,79.27481,79.30344,77.83397,78.24428,11740220
2020-02-20,78.4542,79.036263,77.9771,78.71183,10941330
2020-02-21,78.42558,78.84542,77.96756,78.5687,9295970
2020-02-24,76.91794,78.80725,76.87977,77.60497,13734145
2020-02-25,77.7958,78.18702,76.19275,76.59351,13171683
2020-02-26,76.96565,77.89122,76.11641,76.27863,11940283
2020-02-27,77.013359,78.005722,74.42748,74.50381,15734253
2020-02-28,73.16794,73.94084,70.78244,73.053436,29246117
2020-03-02,73.59733,77.81489,73.54962,77.64313,18840525
2020-03-03,77.67175,78.62595,74.34161,75.50572,17394599
2020-03-04,77.76717,79.26527,76.22137,79.16985,20224199
2020-03-05,77.7958,78.97901,77.23283,77.84351,15017840
2020-03-06,76.30725,78.83588,75.79198,78.43511,14208574
2020-03-09,74.42748,77.022903,73.46374,75.34351,18942810
2020-03-10,76.79389,78.41603,73.95038,78.26336,17527486
2020-03-11,76.17366,76.48855,74.45611,75.62023,14274179
2020-03-12,70.99236,74.48473,69.90458,71.040077,22664782
2020-03-13,72.72901,73.69275,68.95038,73.23473,25857094
2020-03-16,67.52863,72.60497,64.045799,66.71756,20808354
2020-03-17,68.36832,72.58588,68.11069,71.068703,24745795
2020-03-18,68.17748,71.24046,65.67748,68.34924,18558508
2020-03-19,68.082062,69.5229,65.75381,67.49046,19268738
2020-03-20,66.3645,69.17939,65.36259,68.091606,23075912
2020-03-23,67.051529,68.33015,62.26145,63.35878,18375003
2020-03-24,65.83015,66.55534,64.11259,65.88741,19901939
2020-03-25,65.27672,67.15649,63.69275,65.095421,18311494
2020-03-26,65.019081,70.78244,64.98092,70.16222,18052848
2020-03-27,68.51145,70.066795,67.98664,68.44466,12467218
2020-03-30,70.24809,74.036263,69.54198,73.42558,15803316
2020-03-31,72.75764,74.045799,72.061066,73.41603,15079672
2020-04-01,71.24046,72.013359,69.64695,70.41985,11665288
2020-04-02,72.5,73.58778,70.63931,73.34924,12843345
2020-04-03,72.78626,73.89313,71.87023,72.75764,10039211
2020-04-06,74.74236,77.14695,74.33206,76.63168,14314108
2020-04-07,77.93893,78.21565,74.80916,74.96183,10657950
2020-04-08,75.55344,79.19847,74.75191,77.88168,11481888
2020-04-09,77.45229,79.47519,76.50764,78.71183,13876568
2020-04-13,78.072517,78.69275,76.17366,76.85114,7706678
2020-04-14,78.55916,79.38931,77.03244,79.045799,12155333
2020-04-15,77.50954,79.1603,76.87023,78.31107,10809072
2020-04-16,78.8645,79.51336,78.49236,79.19847,9145058
2020-04-17,80.10497,80.30534,78.66412,79.63741,15433162
2020-04-20,79.026718,80.27672,77.061066,79.29389,11675768
2020-04-21,77.88168,78.53053,74.62786,74.96183,17876574
2020-04-22,75.57252,76.95611,75.21947,76.3168,11933890
2020-04-23,76.51717,78.12977,76.49809,77.17558,8152497
2020-04-24,77.86259,78.3397,77.30916,77.70038,7686451
2020-04-27,77.50954,80.79198,77.12786,80.13359,12786753
2020-04-28,77.46183,78.46374,76.49809,77.46183,20273560
2020-04-29,78.42558,78.42558,75.4103,77.07061,13687194
2020-04-30,76.16412,76.71756,75.51527,75.70611,11638878
2020-05-01,75.24809,75.24809,73.40649,74.11259,9518565
2020-05-04,74.44656,74.45611,72.72901,73.3397,8850255
2020-05-05,73.71183,75.19084,73.25381,74.43702,7401395
2020-05-06,74.76145,75.03817,73.54962,73.58778,12414922
2020-05-07,73.47328,73.58778,71.97519,72.13741,12602410
2020-05-08,72.99619,73.43511,72.49046,72.90076,8791672
2020-05-11,72.54771,74.49428,72.44275,74.34161,10622528
2020-05-12,74.57061,75.095421,73.58778,73.65458,9544660
2020-05-13,73.14886,75.19084,73.072517,74.32252,10935146
2020-05-14,73.74046,76.45992,73.72137,76.38359,11407585
2020-05-15,76.44084,76.86069,75.21947,76.12595,9367234
2020-05-18,77.29008,77.29008,75.60114,76.068703,12552630
2020-05-19,75.83015,76.078247,73.80725,73.99809,10591822
2020-05-20,74.45611,74.65649,73.16794,73.36832,11027685
2020-05-21,73.24428,73.50191,72.77672,73.043892,9000329
2020-05-22,72.6813,73.14886,72.58588,72.87214,6357482
2020-05-26,74.67558,75.0,73.38741,73.72137,19146017
2020-05-27,73.47328,74.083969,72.51908,73.99809,12828987
2020-05-28,75.0,76.61259,74.91412,75.41985,13180906
2020-05-29,75.82061,77.23283,74.72328,77.022903,13517104
2020-06-01,76.50764,76.77481,75.50572,75.91603,6269241
2020-06-02,75.89695,77.15649,75.21947,77.13741,11352984
2020-06-03,77.29008,78.57825,77.15649,78.30153,13675457
2020-06-04,77.54771,78.39695,77.13741,77.81489,9292930
2020-06-05,78.34924,79.32252,77.75764,78.49236,10413347
2020-06-08,77.4332,79.38931,77.4332,79.10305,9956838
2020-06-09,79.37977,79.68511,78.35878,78.49236,8846168
2020-06-10,78.66412,78.98855,77.28053,78.024811,9080920
2020-06-11,77.10878,77.91985,73.80725,73.80725,14303838
2020-06-12,74.32252,74.36069,72.013359,72.80534,17000656
2020-06-15,71.47901,71.91794,70.20038,70.62977,17684162
2020-06-16,71.92748,73.8645,71.40267,73.44466,21437050
2020-06-17,73.8168,73.90267,72.16603,72.7958,13983045
2020-06-18,72.16603,72.78626,71.90839,72.72901,7750903
2020-06-19,73.59733,74.40839,72.33778,74.33206,17691393
2020-06-22,73.82634,74.074425,72.92939,73.23473,7474231
2020-06-23,73.95038,75.019081,73.36832,73.58778,11428650
2020-06-24,73.21565,73.36832,71.99428,72.39503,8084901
2020-06-25,72.18511,73.43511,71.86069,73.062981,7583328
2020-06-26,72.85305,73.21565,71.56489,71.74619,12328882
2020-06-29,72.42366,73.005722,72.061066,72.63359,7230990
2020-06-30,73.23473,74.10305,72.70992,73.78817,9940804
2020-07-01,73.88359,75.32442,73.58778,74.54198,9948769
2020-07-02,74.97137,75.67748,74.63741,75.17175,6827825
2020-07-06,75.61069,76.35497,75.28626,75.93511,8058282
2020-07-07,75.38168,76.030533,74.99046,75.1145,6956414
2020-07-08,75.028625,75.34351,73.9313,74.35114,8211394
2020-07-09,74.37023,74.76145,72.55725,73.17748,7966058
2020-07-10,73.23473,73.80725,72.90076,73.21565,5161400
2020-07-13,73.47328,74.98092,73.21565,73.80725,8114245
2020-07-14,73.98855,75.0095444,73.8168,74.66603,8397100
2020-07-15,75.61069,76.30725,75.22901,75.80153,7709717
2020-07-16,76.12595,76.15458,75.14313,75.76336,5850774
2020-07-17,76.068703,76.57442,75.67748,76.21183,8191378
2020-07-20,76.21183,76.52672,75.44847,75.7729,5434194
2020-07-21,76.068703,76.45038,75.1813,75.27672,8967526
2020-07-22,75.68702,76.10687,74.44656,75.17175,12362103
2020-07-23,75.52481,75.57252,73.95992,74.48473,11558916
2020-07-24,74.28435,74.41794,72.86259,73.5687,9068763
2020-07-27,72.9103,75.51527,72.81489,75.31489,10958307
2020-07-28,75.56298,76.53626,75.35305,76.040077,8494564
2020-07-29,75.62023,76.087784,75.13359,75.71565,6398040
2020-07-30,75.12405,75.64886,74.074425,75.37214,7152600
2020-07-31,77.18511,77.93893,75.52481,76.56489,12291154
2020-08-03,78.38741,79.96183,78.11069,78.75954,10601463
2020-08-04,78.76908,78.76908,77.35687,77.92939,7218729
2020-08-05,78.31107,78.69275,77.4332,77.90076,6492465
2020-08-06,77.72901,78.61641,76.88931,77.33778,7256562
2020-08-07,77.089699,77.30916,76.3645,77.30916,6977584
2020-08-10,77.29962,77.49046,76.62214,77.2042,5782445
2020-08-11,78.005722,78.12023,76.93702,77.2042,7636671
2020-08-12,77.64313,79.11259,77.6145,78.89313,7295652
2020-08-13,78.36832,79.79962,78.25381,79.71374,7455262
2020-08-14,79.56107,80.56298,79.36069,79.65649,7390496
2020-08-17,80.41985,81.27863,80.16222,80.87786,8764319
2020-08-18,81.0019073,81.11641,79.9332,80.68702,6551572
2020-08-19,80.68702,81.78435,80.68702,81.1355,6896050
2020-08-20,80.91603,81.40267,80.52481,81.1355,6380434
2020-08-21,81.20229,81.27863,80.26717,81.087784,6890495
2020-08-24,81.29771,81.55534,80.61069,81.50764,7582280
2020-08-25,81.97519,82.33778,81.29771,81.75572,10245982
2020-08-26,81.40267,81.75572,80.78244,81.62214,7844175
2020-08-27,81.53626,82.21374,81.1832,81.88931,6464902
2020-08-28,81.94656,81.94656,81.020988,81.7271,6134049
2020-08-31,81.67939,81.99428,81.24046,81.3645,7929273
2020-09-01,81.44084,81.87023,80.07634,80.56298,6797433
2020-09-02,80.61069,83.21565,80.4103,82.94847,11571597
2020-09-03,83.67366,83.77863,81.049622,81.57442,12983672
2020-09-04,81.63168,82.9103,80.39122,81.33588,9359688
2020-09-08,82.0038147,82.0038147,79.19847,79.51336,9095592
2020-09-09,79.9332,81.88931,79.82825,80.99236,8862307
2020-09-10,80.84924,80.99236,79.46565,79.74236,6907578
2020-09-11,80.0,80.99236,79.94275,80.61069,7171254
2020-09-14,80.34351,81.20229,79.89503,80.30534,8575994
2020-09-15,80.84924,81.26908,79.8187,80.35305,10826678
2020-09-16,80.62977,82.15649,80.62977,81.65076,10380230
2020-09-17,81.46947,81.84161,80.58206,81.71756,8090455
2020-09-18,81.65076,82.34733,81.049622,81.87977,12308446
2020-09-21,81.030533,81.4313,78.33015,79.32252,10445311
2020-09-22,79.29389,79.74236,78.43511,79.14122,8143170
2020-09-23,79.28435,79.98092,78.79771,78.84542,7085842
2020-09-24,78.3397,79.65649,78.10114,79.34161,7844280
2020-09-25,78.38741,79.42748,78.053436,79.13168,6932101
2020-09-28,79.38931,79.86641,78.77863,78.96947,6123674
2020-09-29,78.89313,79.34161,77.95802,78.14886,6742413
2020-09-30,78.49236,79.50381,78.26336,79.15076,11593605
2020-10-01,79.37023,79.5229,77.52863,77.90076,8410305
2020-10-02,77.099236,77.99619,76.76527,77.099236,5255406
2020-10-05,77.50954,77.80534,76.92748,77.51908,8807182
2020-10-06,77.41412,77.42366,75.87786,75.98283,10273230
2020-10-07,76.42175,76.66985,75.86832,76.37405,9845226
2020-10-08,76.70802,78.082062,76.48855,76.79389,9217160
2020-10-09,77.17558,77.36641,76.38359,76.67939,5956098
2020-10-12,76.82252,77.022903,76.25,76.67939,8276370
2020-10-13,76.62214,77.22328,76.37405,77.013359,9125774
2020-10-14,77.14695,77.22328,76.40267,76.82252,9166122
2020-10-15,76.14503,76.27863,75.17175,75.43893,9151974
2020-10-16,75.66794,76.62214,75.48664,76.17366,7903492
2020-10-19,76.45038,76.80344,74.74236,75.066795,8614455
2020-10-20,75.35305,75.35305,74.50381,74.68511,11144746
2020-10-21,74.67558,75.23855,74.45611,74.49428,9689808
2020-10-22,74.5229,75.81107,74.5229,75.58206,6075990
2020-10-23,75.62977,76.92748,75.62977,76.17366,7309381
2020-10-26,75.69656,76.14503,74.67558,75.22901,9122840
2020-10-27,75.31489,76.55534,74.41794,74.41794,12241374
2020-10-28,73.59733,74.16985,72.53817,72.69084,8989954
2020-10-29,72.6813,73.082062,71.25,72.41412,9314310
2020-10-30,71.92748,72.41412,70.55344,71.76527,11096748
2020-11-02,72.94847,73.3397,72.17558,73.19656,8145475
2020-11-03,73.92175,74.64695,73.24428,73.39695,7693578
2020-11-04,76.27863,79.093513,75.89695,76.92748,14731422
2020-11-05,78.30153,79.10305,76.75572,76.77481,9277210
2020-11-06,75.81107,77.42366,75.81107,76.67939,6945515
2020-11-09,80.89695,81.26908,76.66985,76.81298,11184046
2020-11-10,78.034348,78.2729,77.29962,77.39503,8593914
2020-11-11,78.12023,78.12023,76.89886,77.34733,5741678
2020-11-12,76.86069,77.29008,75.4103,76.20229,7464799
2020-11-13,76.56489,78.10114,76.068703,77.37595,7694206
2020-11-16,77.50954,78.13931,76.049622,76.50764,9503474
2020-11-17,77.34733,78.20611,76.7271,77.76717,9509133
2020-11-18,77.70038,78.21565,76.55534,76.57442,8678174
2020-11-19,77.07061,77.07061,75.69656,76.70802,7037110
2020-11-20,76.78435,77.10878,76.078247,76.76527,8415440
2020-11-23,76.91794,77.44275,75.74428,76.60305,9498548
2020-11-24,76.35497,77.18511,76.020988,76.46947,12790840
2020-11-25,76.46947,76.77481,75.9542,76.39313,6023590
2020-11-27,76.62214,76.98473,75.91603,76.20229,5644528
2020-11-30,76.33588,76.85114,75.7729,76.70802,14501910
2020-12-01,77.24236,78.6832,77.11832,77.81489,10166543
2020-12-02,78.18702,78.95038,77.5668,78.082062,7165805
2020-12-03,78.18702,78.21565,77.11832,77.71947,7085109
2020-12-04,77.42366,78.20611,77.39503,78.18702,8651554
2020-12-07,78.30153,79.64695,78.29198,78.73092,8829190
2020-12-08,78.52099,79.90458,78.49236,79.37023,8664969
2020-12-09,79.98092,80.03817,78.75954,79.64695,7168320
2020-12-10,79.82825,80.095421,78.9313,79.18893,7349205
2020-12-11,79.055344,79.59924,78.74046,79.1603,7979158
2020-12-14,78.84542,79.27481,76.37405,76.64122,13139300
2020-12-15,76.81298,77.32825,76.33588,76.79389,10087838
2020-12-16,76.60305,77.051529,76.0019073,76.17366,9487649
2020-12-17,76.70802,76.87023,76.030533,76.16412,11710038
2020-12-18,76.059158,76.50764,74.85687,75.88741,33161759
2020-12-21,75.19084,75.69656,74.17939,75.65839,11140764
2020-12-22,75.37214,76.32634,74.65649,75.78244,9052414
2020-12-23,75.94466,76.74619,75.92558,76.10687,6056078
2020-12-24,76.33588,76.74619,76.21183,76.46947,2957456
2020-12-28,76.95611,77.42366,76.45992,76.76527,4804242
2020-12-29,77.099236,77.85305,77.061066,77.69084,5708037
2020-12-30,77.91985,77.98664,76.85114,76.89886,5933357
2020-12-31,76.94656,78.18702,76.69847,78.053436,5511118
2021-01-04,78.24428,78.33015,76.22137,77.25191,10502637
2021-01-05,76.97519,77.67175,76.25,77.3855,10956526
2021-01-06,76.88931,78.95038,76.63168,78.60687,10521396
2021-01-07,78.76908,80.50572,78.31107,80.17175,10447931
2021-01-08,80.50572,80.50572,78.76908,79.2271,9563105
2021-01-11,79.67558,81.67939,79.43702,81.10687,13488179
2021-01-12,81.22137,81.24046,78.76908,79.28435,10128606
2021-01-13,79.55153,79.55153,78.4542,78.5687,10093812
2021-01-14,78.64503,79.007637,78.12977,78.40649,11366398
2021-01-15,78.091606,79.67558,77.82442,79.56107,10203538
2021-01-19,79.74236,80.057251,78.87405,79.37977,8467316
2021-01-20,79.43702,79.72328,78.50191,78.6832,11097901
2021-01-21,78.062981,78.53053,77.25191,77.46183,9043716
2021-01-22,77.18511,77.70038,77.061066,77.27099,9436926
2021-01-25,77.013359,77.47137,76.39313,77.4332,9957677
2021-01-26,77.4332,77.4332,76.45992,76.57442,7748283
2021-01-27,76.20229,76.40267,73.32061,73.54008,16230376
2021-01-28,73.54962,74.91412,73.54008,74.35114,12972039
2021-01-29,74.41794,74.78053,72.89122,73.54008,10671470
2021-02-01,74.41794,74.74236,73.79771,73.8168,8224599
2021-02-02,74.2271,75.30534,74.14122,74.20802,9866710
2021-02-03,74.083969,74.57061,73.61641,73.77863,10034810
2021-02-04,73.44466,73.48283,72.080154,72.54771,18867563
2021-02-05,72.92939,73.4542,71.95611,72.32825,13901825
2021-02-08,72.37595,72.70038,71.24046,71.60305,16718534
2021-02-09,71.6603,71.7271,70.9542,71.60305,13484616
2021-02-10,71.87023,71.92748,71.12595,71.45992,11721566
2021-02-11,71.38359,71.6603,70.83015,71.3168,8780982
2021-02-12,71.29771,71.66985,71.12595,71.56489,6738116
2021-02-16,71.91794,71.97519,70.65839,70.84924,9734453
2021-02-17,71.049622,72.57634,70.96374,72.080154,13876463
2021-02-18,71.82252,72.40458,71.60305,71.95611,10004627
2021-02-19,71.98473,72.051529,70.85878,70.90649,12388198
2021-02-22,71.087784,71.62214,70.35305,71.49809,8612464
2021-02-23,71.84161,72.48092,71.049622,71.12595,10900458
2021-02-24,71.37405,71.82252,70.98283,71.15458,9838834
2021-02-25,70.81107,71.56489,70.68702,71.20229,10906955
2021-02-26,71.030533,71.28817,69.21756,69.29389,17644862
2021-03-01,69.85687,70.028625,68.87405,69.064888,12594864
2021-03-02,69.50381,70.12405,69.083969,69.51336,16047290
2021-03-03,69.48473,70.35305,69.10305,69.94275,13939972
2021-03-04,69.82825,69.96183,68.43511,68.8645,15975188
2021-03-05,69.18893,70.047707,68.71183,69.78053,12241164
2021-03-08,70.96374,72.099236,70.03817,70.7729,15391347
2021-03-09,71.14503,72.0038147,70.73473,70.74428,14189920
2021-03-10,71.33588,71.78435,70.70611,71.33588,12827310
2021-03-11,71.45992,71.90839,71.17366,71.21183,13205324
2021-03-12,70.63931,71.45992,70.60114,71.1832,11493940
2021-03-15,72.041985,73.053436,71.64122,72.73855,17999295
2021-03-16,72.66222,73.6355,72.65267,73.29198,15697887
2021-03-17,73.21565,73.95038,72.49046,73.75954,17533878
2021-03-18,73.72137,74.60878,73.67366,73.73092,14274179
2021-03-19,73.71183,74.66603,72.53817,73.95992,58225203
2021-03-22,72.32825,74.42748,72.080154,73.95992,11352879
2021-03-23,73.55916,73.77863,72.54771,72.77672,11651245
2021-03-24,72.58588,73.16794,72.4332,72.74809,9135416
2021-03-25,72.91985,73.10114,71.86069,72.58588,10700918
2021-03-26,72.66222,73.92175,72.37595,73.84542,10389767
2021-03-29,73.77863,74.95229,73.6355,74.71374,11448562
2021-03-30,74.42748,74.50381,73.2729,73.43511,10123366
2021-03-31,73.5687,74.13168,73.12977,73.55916,13598219
2021-04-01,73.62595,73.91222,73.30153,73.55916,9121373
2021-04-05,73.96947,74.34161,73.26336,73.47328,9828144
2021-04-06,73.38741,73.41603,72.17558,72.3187,13394698
2021-04-07,72.59542,72.90076,72.25191,72.63359,8970566
2021-04-08,72.59542,72.90076,71.83206,72.03244,12007984
2021-04-09,72.051529,72.88168,71.97519,72.81489,8177439
2021-04-12,72.87214,73.091606,72.5,72.72901,9970672
2021-04-13,72.49046,73.24428,72.39503,72.92939,8627346
2021-04-14,72.80534,73.2729,72.53817,72.90076,8415545
2021-04-15,72.5668,73.78817,72.5668,73.14886,14541734
2021-04-16,73.71183,74.18893,73.30153,73.92175,12512806
2021-04-19,74.14122,74.2271,73.44466,74.10305,8536903
2021-04-20,74.12214,75.51527,74.12214,74.97137,11009345
2021-04-21,75.31489,75.84924,75.066795,75.60114,11817248
2021-04-22,75.38168,75.43893,74.007637,74.38931,13330560
2021-04-23,74.29389,74.61832,73.91222,74.31298,8598840
2021-04-26,74.29389,74.34161,73.75954,73.97901,7834219
2021-04-27,73.87405,74.37023,73.6832,73.8168,9095802
2021-04-28,74.055344,74.45611,73.3397,73.55916,11628398
2021-04-29,72.041985,72.27099,69.51336,70.30534,30602753
2021-04-30,70.20992,71.64122,70.1145,71.087784,18052114
2021-05-03,70.85878,72.53817,70.82061,72.5,12543302
2021-05-04,72.59542,72.96756,72.07061,72.50954,10418587
2021-05-05,72.6145,74.16985,72.27099,74.14122,16795143
2021-05-06,73.89313,74.29389,73.17748,74.21756,12871641
2021-05-07,74.43702,75.057251,74.32252,74.8187,12237496
2021-05-10,75.20992,75.55344,74.58015,74.5897,10939758
2021-05-11,74.26527,75.057251,73.61641,73.91222,12148102
2021-05-12,74.15076,74.9332,73.75954,74.42748,13379711
2021-05-13,74.32252,75.37214,74.083969,75.085876,10830451
2021-05-14,75.43893,75.52481,74.63741,74.7042,8273122
2021-05-17,75.066795,76.49809,74.99046,76.21183,12532508
2021-05-18,75.70611,76.14503,75.27672,75.74428,7943106
2021-05-19,75.31489,75.76336,74.37977,75.72519,9132796
2021-05-20,75.31489,76.32634,75.28626,76.011452,7345222
2021-05-21,76.26908,76.6603,75.45802,75.55344,10863987
2021-05-24,75.88741,76.0019073,75.34351,75.4103,8737910
2021-05-25,75.38168,75.62023,73.91222,73.95038,14331714
2021-05-26,73.99809,74.20802,73.44466,73.69275,9686454
2021-05-27,73.95038,74.045799,72.40458,72.44275,17675149
2021-05-28,72.53817,72.90076,72.32825,72.41412,13969735
2021-06-01,72.57634,72.65267,71.59351,71.73664,15798914
2021-06-02,71.86069,72.60497,71.82252,72.39503,11830453
2021-06-03,73.22,74.0,72.9,73.91,15974400
2021-06-04,74.2,74.48,73.9,74.11,12728500
2021-06-07,74.14,74.2,72.78,72.8,16794400
2021-06-08,72.95,73.17,72.080002,72.4,13657700
2021-06-09,73.0,74.3,72.95,74.040001,12258700
2021-06-10,75.23,76.47,74.74,76.14,17236700
2021-06-11,76.71,76.86,75.61,76.27,13928400
2021-06-14,75.74,75.8,74.88,75.45,7841400
2021-06-15,75.5,75.77,74.72,75.7,14185700
2021-06-16,76.22,77.55,76.19,76.61,17576900
2021-06-17,76.34,77.47,75.99,77.23,14233200
2021-06-18,76.74,77.22,76.16,76.61,19351900
2021-06-21,76.89,77.29,76.55,76.75,10880800
2021-06-22,76.59,76.74,76.010002,76.19,10957500
2021-06-23,75.85,76.26,75.55,75.58,9539100
2021-06-24,75.73,76.64,75.73,76.36,8601900
2021-06-25,76.059998,77.97,76.050003,77.2,50285200
2021-06-28,77.25,77.74,76.79,76.86,8796200
2021-06-29,77.0,77.33,76.82,77.21,7696600
2021-06-30,77.4,78.089996,77.23,77.77,13811900
2021-07-01,77.65,78.15,77.51,77.99,9212000
2021-07-02,78.040001,78.77,77.76,78.6,7668000
2021-07-06,78.14,78.35,77.56,78.11,6720500
2021-07-07,78.41,78.61,78.13,78.56,8275100
2021-07-08,77.77,78.3,77.31,78.12,8400400
2021-07-09,78.42,78.69,77.94,77.99,6006500
2021-07-12,77.55,78.43,77.39,77.55,11087900
2021-07-13,77.4,77.77,77.24,77.61,6465800
2021-07-14,77.6,77.72,76.88,77.62,7163200
2021-07-15,77.62,78.040001,77.21,77.9,7041300
2021-07-16,78.010002,78.38,77.63,78.019997,7638200
2021-07-19,77.81,78.34,76.15,77.050003,9830600
2021-07-20,77.19,78.13,75.95,76.17,11627600
2021-07-21,76.32,76.46,75.64,76.39,7429300
2021-07-22,76.6,76.79,76.080002,76.53,8708900
2021-07-23,76.8,77.68,76.73,77.54,6560800
2021-07-26,77.46,77.61,76.96,77.24,5071800
2021-07-27,77.17,78.13,76.74,77.85,8136000
2021-07-28,77.86,78.67,77.47,78.33,11037900
2021-07-29,77.55,77.92,76.81,76.93,11583000
2021-07-30,77.12,77.76,76.77,76.87,13004500
2021-08-02,76.93,77.26,76.14,76.18,9083400
2021-08-03,76.36,76.81,76.19,76.41,9952400
2021-08-04,76.49,76.49,75.46,75.48,10893400
2021-08-05,75.52,75.69,74.93,75.59,8701600
2021-08-06,75.62,75.66,74.99,75.44,8670700
2021-08-09,75.85,76.22,75.0,75.32,7867000
2021-08-10,75.15,75.36,74.82,75.19,11243100
2021-08-11,75.58,75.77,75.14,75.21,6952200
2021-08-12,75.12,76.059998,75.059998,76.040001,6077100
2021-08-13,76.36,76.77,76.22,76.72,6810400
2021-08-16,76.73,78.010002,76.64,77.93,9368400
2021-08-17,77.9,79.059998,77.83,78.83,10311600
2021-08-18,78.88,79.07,77.75,77.79,7459100
2021-08-19,77.71,79.14,77.71,78.46,8865400
2021-08-20,78.53,79.2,78.22,78.68,6284200
2021-08-23,79.11,79.23,78.34,78.38,6492600
2021-08-24,78.27,78.27,77.54,77.72,8698100
2021-08-25,77.81,77.81,76.4,77.07,7045800
2021-08-26,77.11,77.32,76.51,76.57,6640400
2021-08-27,76.81,76.97,76.17,76.3,6010000
2021-08-30,76.3,76.84,76.21,76.5,7339700
2021-08-31,76.79,77.099998,76.029999,76.29,10949500
2021-09-01,76.22,76.8,75.83,76.18,9187200
2021-09-02,76.48,77.14,76.17,77.12,6559400
2021-09-03,77.26,77.38,76.69,77.26,6629800
2021-09-07,76.59,76.87,75.17,75.98,13979500
2021-09-08,75.97,75.97,74.8,75.36,8243000
2021-09-09,75.19,75.19,73.6,73.82,14628700
2021-09-10,73.98,74.21,73.12,73.45,11084500
2021-09-13,73.77,73.83,72.86,73.18,11245200
2021-09-14,73.050003,73.14,72.059998,72.11,15202800
2021-09-15,72.080002,73.15,71.88,72.81,12555900
2021-09-16,73.019997,73.019997,71.69,71.97,14818900
2021-09-17,71.19,72.0,70.89,71.68,43406600
2021-09-20,71.16,72.61,71.12,71.93,15989400
2021-09-21,72.48,72.68,71.77,71.97,11995900
2021-09-22,72.33,72.41,71.86,72.040001,9028700
2021-09-23,72.68,74.040001,72.57,73.050003,12813500
2021-09-24,73.59,74.63,73.35,73.61,14714700
2021-09-27,73.51,74.27,73.34,73.36,8630600
2021-09-28,73.55,73.82,72.66,73.32,11836200
2021-09-29,73.61,75.7,73.58,75.089996,16054500
2021-09-30,75.58,76.65,75.099998,75.11,16248600
2021-10-01,81.56,84.34,80.63,81.4,102497300
2021-10-04,84.17,84.56,82.42,83.099998,53553300
2021-10-05,82.78,83.39,81.3,81.6,28977800
2021-10-06,81.5,81.68,80.15,80.66,17608000
2021-10-07,81.54,82.67,81.029999,81.94,14190500
2021-10-08,81.67,81.8,80.53,80.63,12121100
2021-10-11,81.64,81.64,79.87,79.93,11279700
2021-10-12,80.18,80.18,79.25,79.59,10945000
2021-10-13,79.59,79.66,78.78,78.95,9462600
2021-10-14,78.97,79.67,77.98,78.33,14607900
2021-10-15,78.2,79.059998,77.98,78.33,12866800
2021-10-18,78.74,78.74,77.11,77.15,13075500
2021-10-19,78.73,79.52,78.11,79.49,15577100
2021-10-20,79.32,81.25,79.31,81.07,11465500
2021-10-21,81.11,81.26,80.28,81.17,9893600
2021-10-22,81.15,81.48,80.88,81.15,7543600
2021-10-25,81.029999,81.72,79.95,81.66,9365900
2021-10-26,81.9,82.36,81.71,82.25,9352500
2021-10-27,82.48,82.48,81.3,81.54,8465400
2021-10-28,83.38,86.86,83.17,86.55,28854700
2021-10-29,86.49,88.46,86.17,88.050003,18678600
2021-11-01,88.050003,88.63,87.29,87.84,10943900
2021-11-02,88.23,90.42,87.48,89.019997,14671400
2021-11-03,88.77,89.42,88.21,88.68,10883900
2021-11-04,90.37,91.4,89.27,90.54,19519800
2021-11-05,82.29,84.0,81.35,81.61,37623900
2021-11-08,80.41,82.88,79.88,82.68,18655700
2021-11-09,83.62,83.71,81.91,82.72,10512000
2021-11-10,83.31,84.019997,82.7,84.010002,9855900
2021-11-11,83.92,84.26,83.53,84.019997,5761500
2021-11-12,83.84,84.2,83.050003,84.0,8206700
2021-11-15,84.15,84.18,83.4,83.69,7108200
2021-11-16,83.67,84.69,83.25,84.11,10565200
2021-11-17,84.37,84.67,82.59,82.6,10286300
2021-11-18,82.3,83.14,82.019997,83.050003,9833600
2021-11-19,82.37,82.75,80.62,80.7,17581100
2021-11-22,81.0,82.07,80.54,81.64,10880200
2021-11-23,81.49,83.59,81.34,82.8,12130800
2021-11-24,82.8,82.9,81.96,82.28,8537000
2021-11-26,78.73,79.93,77.11,79.16,18022000
2021-11-29,76.42,77.5,74.0,74.89,34192400
2021-11-30,74.75,75.029999,73.84,74.91,30179900
2021-12-01,75.53,76.91,74.39,74.44,21435900
2021-12-02,74.38,74.78,73.3,73.89,15345300
2021-12-03,74.089996,74.25,72.66,73.34,14508900
2021-12-06,73.3,73.85,72.8,73.42,13506800
2021-12-07,72.029999,72.72,71.5,72.28,17635100
2021-12-08,72.54,73.41,72.080002,73.21,14331400
2021-12-09,73.44,73.56,72.69,72.86,11938000
2021-12-10,73.12,73.23,72.25,72.62,11398800
2021-12-13,72.37,73.45,71.97,73.42,17486100
2021-12-14,72.36,74.040001,72.16,73.72,18949700
2021-12-15,73.71,75.39,73.71,75.29,14263400
2021-12-16,75.5,76.53,75.27,75.91,16601700
2021-12-17,76.56,77.74,75.5,75.69,28040600
2021-12-20,75.7,76.5,74.95,76.41,11818800
2021-12-21,76.25,76.28,74.89,75.54,14947800
2021-12-22,75.44,76.56,75.13,76.16,9256000
2021-12-23,76.3,76.3,75.35,75.73,9894900
2021-12-27,76.0,76.61,75.77,76.57,6334700
2021-12-28,76.68,77.14,76.21,76.81,5727100
2021-12-29,76.8,77.18,76.47,76.95,5926100
2021-12-30,77.12,77.61,76.97,77.14,5859100
2021-12-31,77.14,77.55,76.62,76.64,6019500
2022-01-03,76.58,76.94,75.35,76.87,9441200
2022-01-04,76.4,77.27,75.89,77.010002,11981700
2022-01-05,77.26,79.81,77.26,78.88,17447900
2022-01-06,78.79,79.58,77.95,78.83,11359200
2022-01-07,78.86,80.53,78.46,80.3,15212000
2022-01-10,80.54,82.45,79.67,82.37,19636800
2022-01-11,82.42,82.56,80.65,81.67,11585100
2022-01-12,81.080002,81.42,80.67,81.2,13057000
2022-01-13,80.93,81.72,80.33,81.32,9678100
2022-01-14,81.6,81.85,80.77,81.38,9478000
2022-01-18,81.099998,82.16,80.81,81.54,14493100
2022-01-19,80.98,81.98,80.48,81.29,11448200
2022-01-20,80.73,81.86,80.52,80.75,12069600
2022-01-21,81.27,81.52,79.24,79.98,18461700
2022-01-24,79.77,80.11,76.65,78.83,17289000
2022-01-25,78.42,79.78,77.78,79.46,13662400
2022-01-26,79.39,80.34,78.73,79.14,13046600
2022-01-27,78.42,81.6,78.42,80.58,20187200
2022-01-28,79.54,80.99,79.18,80.9,13915300
2022-01-31,81.019997,81.72,80.8,81.48,13035000
2022-02-01,81.96,82.12,81.080002,81.92,10803300
2022-02-02,81.8,82.3,81.26,82.010002,13988200
2022-02-03,81.65,81.8,78.4,79.010002,19181400
2022-02-04,78.51,79.55,78.2,78.56,10716200
2022-02-07,78.79,78.92,77.44,77.58,23615300
2022-02-08,77.099998,77.33,75.82,76.91,17486500
2022-02-09,77.17,77.33,76.41,76.53,15183100
2022-02-10,76.36,76.77,75.93,76.56,12437600
2022-02-11,76.4,77.9,76.17,76.64,9342300
2022-02-14,76.63,76.7,75.11,76.47,9881100
2022-02-15,77.51,78.19,77.32,77.81,11425600
2022-02-16,77.2,77.8,76.93,77.22,9981300
2022-02-17,76.85,76.93,76.0,76.36,8889300
2022-02-18,76.32,76.86,75.89,76.37,8780500
2022-02-22,76.46,76.86,75.61,75.95,9052500
2022-02-23,76.19,76.44,75.62,75.84,9659100
2022-02-24,75.099998,75.32,72.88,73.51,21135600
2022-02-25,74.2,77.29,74.17,76.32,13665900
2022-02-28,75.83,76.76,74.78,76.58,14126100
2022-03-01,76.5,77.76,75.95,76.34,9807300
2022-03-02,76.31,77.22,76.059998,76.67,9697500
2022-03-03,76.77,77.54,76.41,77.15,8191100
2022-03-04,76.68,77.86,76.019997,77.83,12216300
2022-03-07,77.010002,78.29,76.080002,77.73,14008400
2022-03-08,77.25,78.089996,76.56,76.95,10184100
2022-03-09,77.62,78.22,77.050003,77.79,9746000
2022-03-10,77.63,78.2,77.33,77.89,8972200
2022-03-11,78.32,79.63,78.2,78.26,9424500
2022-03-14,77.9,78.61,77.31,77.78,10085400
2022-03-15,77.68,79.010002,77.4,78.64,11403000
2022-03-16,78.96,79.11,77.65,78.12,10944000
2022-03-17,78.15,79.37,78.059998,78.94,10279400
2022-03-18,79.18,79.74,78.63,79.11,21064800
2022-03-21,79.67,80.45,78.91,79.059998,10478300
2022-03-22,79.27,79.78,78.77,79.3,10016600
2022-03-23,79.3,80.58,79.23,79.73,8470400
2022-03-24,80.040001,80.67,79.72,80.41,7605000
2022-03-25,80.59,81.38,80.45,81.34,7125600
2022-03-28,81.37,81.67,80.73,81.21,7071900
2022-03-29,81.66,81.76,80.74,81.57,7398700
2022-03-30,81.84,82.7,81.67,82.4,9326600
2022-03-31,82.9,83.38,81.94,82.050003,12466800
2022-04-01,82.19,83.58,81.64,83.52,10086700
2022-04-04,83.5,83.89,82.73,83.49,9039600
2022-04-05,83.66,85.43,83.51,83.72,12040900
2022-04-06,84.36,85.56,84.12,84.97,13924300
2022-04-07,85.75,87.11,84.96,86.8,13104300
2022-04-08,86.64,87.84,86.26,87.68,11409300
2022-04-11,88.32,89.48,86.18,86.63,14381000
2022-04-12,86.0,86.55,85.22,85.63,12543000
2022-04-13,85.8,86.24,84.83,86.13,12743800
2022-04-14,86.13,87.51,85.41,86.91,22096100
2022-04-18,86.42,87.45,85.68,86.07,7995100
2022-04-19,85.97,86.089996,85.12,85.79,8494700
2022-04-20,85.52,86.82,85.48,86.46,8719400
2022-04-21,86.41,87.23,85.39,86.23,8562400
2022-04-22,85.86,86.14,84.5,84.59,7914000
2022-04-25,84.59,85.81,83.53,85.44,10573400
2022-04-26,85.76,86.2,84.39,84.48,9009600
2022-04-27,84.3,85.13,83.6,84.41,10781300
2022-04-28,85.75,89.37,85.0,88.58,21092300
2022-04-29,88.66,90.010002,88.089996,88.69,15914200
2022-05-02,88.72,88.84,86.63,87.65,12124900
2022-05-03,86.99,88.24,86.43,87.099998,8425600
2022-05-04,86.57,88.77,86.36,88.52,10763500
2022-05-05,88.42,88.66,87.029999,88.010002,9548300
2022-05-06,87.74,88.92,87.48,88.39,12227400
2022-05-09,87.5,88.059998,86.91,87.64,11901500
2022-05-10,88.12,89.29,87.27,87.81,12370800
2022-05-11,87.42,90.81,87.42,89.19,16338600
2022-05-12,89.85,90.85,88.36,90.83,14210200
2022-05-13,90.7,91.050003,89.26,90.41,10308100
2022-05-16,90.79,92.87,90.68,92.32,13999000
2022-05-17,92.31,94.56,91.51,93.0,17582800
2022-05-18,92.56,93.16,91.77,92.099998,12717600
2022-05-19,91.25,92.61,90.88,92.089996,11121600
2022-05-20,92.45,94.080002,92.45,93.55,11757100
2022-05-23,93.59,94.92,93.4,93.83,9067000
2022-05-24,94.25,94.8,93.57,94.64,9021000
2022-05-25,94.36,94.76,93.14,93.75,11177700
2022-05-26,94.24,94.25,91.0,92.31,17249500
2022-05-27,92.28,93.11,91.75,93.080002,9802000
2022-05-31,91.91,92.62,90.87,92.029999,22860800
2022-06-01,91.67,91.93,90.040001,91.14,10492500
2022-06-02,91.13,91.14,88.74,90.0,11066200
2022-06-03,89.74,90.68,89.68,89.91,7051600
2022-06-06,90.17,90.66,89.69,89.84,8336900
2022-06-07,90.15,90.82,89.58,90.48,10243300
2022-06-08,90.58,90.65,89.27,89.48,10266000
2022-06-09,89.25,89.79,87.92,88.0,7381100
2022-06-10,87.17,88.040001,86.71,87.18,8861600
2022-06-13,85.71,86.51,84.63,85.0,12016100
2022-06-14,84.77,85.040001,83.87,84.5,11226900
2022-06-15,84.56,85.37,83.75,84.63,11357100
2022-06-16,83.77,85.19,83.050003,84.89,12925200
2022-06-17,84.64,85.76,83.39,84.62,32989100
2022-06-21,86.050003,88.36,85.27,88.029999,11778600
2022-06-22,88.040001,90.34,88.029999,89.16,11935400
2022-06-23,90.0,92.15,89.56,92.0,14718400
2022-06-24,93.25,93.79,91.7,93.13,25248400
2022-06-27,93.2,95.72,93.050003,94.41,11949000
2022-06-28,94.11,94.33,91.47,91.89,13523300
2022-06-29,92.31,92.98,91.89,92.51,8657100
2022-06-30,91.65,92.9,90.91,91.17,18551400
2022-07-01,91.3,92.49,90.39,92.42,11413800
2022-07-05,92.44,92.95,90.53,92.64,9574400
2022-07-06,93.31,94.51,92.7,93.13,10455300
2022-07-07,92.94,93.95,92.55,93.010002,8140100
2022-07-08,92.91,93.82,92.41,92.78,7161500
2022-07-11,92.88,94.78,92.83,94.3,9507700
2022-07-12,93.78,94.24,93.14,93.6,7826500
2022-07-13,93.59,94.36,93.019997,93.77,6415600
2022-07-14,92.55,94.059998,92.059998,93.88,6271000
2022-07-15,94.85,95.35,94.37,94.96,9731900
2022-07-18,94.9,95.099998,91.92,92.34,8653700
2022-07-19,93.15,93.39,92.12,92.36,8233600
2022-07-20,92.36,92.43,89.22,89.65,11844000
2022-07-21,89.15,90.41,88.91,90.14,8197000
2022-07-22,90.11,90.45,89.46,90.11,6354500
2022-07-25,90.2,90.73,89.75,90.53,6364500
2022-07-26,91.4,91.95,90.6,91.29,6414100
2022-07-27,90.5,91.37,90.010002,91.23,6966300
2022-07-28,91.040001,91.13,87.42,89.94,13909800
2022-07-29,90.080002,91.080002,88.28,89.34,14938600
2022-08-01,89.34,90.019997,88.35,88.53,7343300
2022-08-02,89.059998,89.59,87.55,87.61,7443000
2022-08-03,87.25,88.019997,86.76,87.62,8187600
2022-08-04,87.81,87.89,86.64,86.82,7993800
2022-08-05,86.53,87.53,86.019997,87.41,8801200
2022-08-08,87.3,88.78,86.92,88.49,8149400
2022-08-09,88.75,90.24,86.81,89.52,13215500
2022-08-10,90.029999,90.13,88.19,89.19,8140200
2022-08-11,87.81,89.82,87.36,88.93,7396800
2022-08-12,88.99,91.029999,88.95,91.019997,12317300
2022-08-15,90.83,90.84,89.89,90.6,6339800
2022-08-16,89.96,90.9,89.87,90.59,5661200
2022-08-17,90.34,91.89,90.3,91.040001,6486000
2022-08-18,91.5,91.84,90.53,91.4,6111600
2022-08-19,91.55,93.019997,91.53,92.080002,8828700
2022-08-22,91.81,92.22,91.010002,91.16,6652100
2022-08-23,90.88,90.99,89.72,90.2,5208800
2022-08-24,90.2,90.32,89.54,90.010002,5553300
2022-08-25,90.51,90.51,89.07,90.27,5884300
2022-08-26,90.28,90.74,89.089996,89.26,5695300
2022-08-29,88.83,89.0,87.56,87.59,7850200
2022-08-30,87.47,87.57,86.58,86.88,6754000
2022-08-31,87.040001,87.13,85.16,85.36,11602000
2022-09-01,85.64,87.46,85.36,87.15,7528600
2022-09-02,87.24,87.78,85.88,86.23,6997500
2022-09-06,86.58,87.27,86.16,86.42,8244300
2022-09-07,86.56,87.0,85.07,86.87,6121700
2022-09-08,86.5,87.45,86.13,87.42,8109200
2022-09-09,87.59,88.17,87.27,87.34,7480100
2022-09-12,88.13,89.17,87.82,88.16,6351500
2022-09-13,87.32,87.61,86.11,86.28,7650000
2022-09-14,87.0,87.64,86.38,86.95,9418700
2022-09-15,87.15,87.43,86.2,86.75,8006800
2022-09-16,86.6,87.87,86.4,87.72,14842500
2022-09-19,86.85,86.94,85.64,86.64,7748600
2022-09-20,86.07,86.45,85.59,86.0,5454800
2022-09-21,86.25,86.5,84.52,84.53,7190800
2022-09-22,84.55,88.15,84.55,87.51,12329700
2022-09-23,87.4,88.010002,86.089996,86.78,9038500
2022-09-26,86.12,86.71,85.29,86.18,8841000
2022-09-27,86.82,87.63,85.67,85.84,6532100
2022-09-28,86.99,87.25,86.2,86.78,6840000
2022-09-29,87.0,87.42,86.23,86.64,6601300
2022-09-30,87.25,87.62,86.099998,86.12,9035600
2022-10-03,86.72,87.9,86.019997,87.55,9186900
2022-10-04,87.54,88.65,87.0,88.39,7373000
2022-10-05,88.58,88.78,88.019997,88.39,6065700
2022-10-06,87.76,88.010002,87.23,87.44,8055500
2022-10-07,87.88,88.3,87.12,87.6,8837400
2022-10-10,89.93,91.59,89.71,90.48,14485000
2022-10-11,90.43,91.98,90.2,91.050003,9743500
2022-10-12,91.25,91.72,90.37,90.42,8522200
2022-10-13,89.5,92.72,89.27,92.49,9382800
2022-10-14,92.27,93.36,91.74,92.18,9847600
2022-10-17,92.84,94.37,92.45,94.12,12139700
2022-10-18,94.42,95.32,94.019997,94.61,9530400
2022-10-19,94.91,94.91,93.099998,93.26,8546100
2022-10-20,93.2,93.4,92.36,92.94,7626000
2022-10-21,92.84,95.96,92.64,95.67,10297200
2022-10-24,96.45,98.42,96.27,97.37,11414900
2022-10-25,96.86,98.29,96.35,97.71,8747900
2022-10-26,98.29,99.28,98.0,98.41,10374700
2022-10-27,99.84,101.5,99.5,99.74,12218400
2022-10-28,100.24,101.14,98.55,100.77,11228000
2022-10-31,99.95,101.36,99.31,101.2,11043800
2022-11-01,100.65,101.07,98.95,99.76,11079300
2022-11-02,99.65,101.029999,98.98,99.4,9503500
2022-11-03,99.0,99.24,98.0,98.75,9912700
2022-11-04,99.0,99.38,97.96,99.2,8877600
2022-11-07,98.5,100.36,97.67,100.07,8644500
2022-11-08,100.07,101.97,99.53,101.5,8503900
2022-11-09,101.3,103.76,101.28,101.59,10602900
2022-11-10,102.7,102.81,100.6,101.89,9556000
2022-11-11,100.53,100.81,97.33,97.96,13342800
2022-11-14,98.7,101.69,98.7,100.35,8958200
2022-11-15,100.4,100.74,98.71,99.6,7965900
2022-11-16,99.58,100.8,99.49,99.93,8757700
2022-11-17,100.41,102.35,100.27,102.31,8496800
2022-11-18,102.63,104.6,102.63,104.23,11626300
2022-11-21,105.0,105.87,104.23,105.61,8899300
2022-11-22,106.13,107.099998,106.050003,106.9,8295700
2022-11-23,106.75,107.3,106.3,106.82,5749600
2022-11-25,106.56,107.5,106.56,107.5,3163700
2022-11-28,107.13,108.9,107.13,108.45,9524500
2022-11-29,108.0,109.059998,107.55,108.84,9352400
2022-11-30,108.7,110.33,107.63,110.12,20305800
2022-12-01,109.75,110.98,108.77,109.8,10110500
2022-12-02,109.0,110.089996,108.71,110.040001,6943600
2022-12-05,109.81,110.23,109.21,110.010002,6961900
2022-12-06,110.36,110.76,108.42,108.93,7458700
2022-12-07,109.15,110.71,109.0,110.089996,8270400
2022-12-08,110.28,111.019997,110.12,110.85,7354800
2022-12-09,110.98,111.37,108.75,108.78,9667800
2022-12-12,107.93,109.099998,107.32,108.97,10956600
2022-12-13,111.26,111.26,109.0,110.91,15836900
2022-12-14,110.52,112.17,110.040001,111.55,10788300
2022-12-15,110.24,110.77,109.23,109.63,9871400
2022-12-16,109.24,109.7,108.27,109.2,29465900
2022-12-19,109.19,110.099998,108.77,109.44,6949500
2022-12-20,109.94,110.66,109.16,109.71,8022000
2022-12-21,110.099998,111.19,109.54,111.11,6640900
2022-12-22,110.9,111.69,110.21,111.24,8373700
2022-12-23,111.25,112.13,110.87,111.86,4547400
2022-12-27,112.41,112.59,111.53,112.12,5125800
2022-12-28,112.89,112.89,111.059998,111.080002,5107800
2022-12-29,111.39,111.7,110.75,110.82,4467200
2022-12-30,111.23,111.42,110.12,110.95,5498600
2023-01-03,110.41,111.2,109.49,111.14,8062500
2023-01-04,112.32,112.61,111.24,112.080002,8698600
2023-01-05,111.59,113.91,111.42,113.64,9578900
2023-01-06,114.32,115.49,114.050003,114.84,8632300
2023-01-09,114.88,114.93,109.94,110.38,12858800
2023-01-10,110.56,112.010002,109.88,110.81,12122800
2023-01-11,109.34,111.31,108.75,111.07,8626500
2023-01-12,110.92,112.099998,110.029999,111.77,8914800
2023-01-13,111.2,112.44,110.95,112.25,5757800
2023-01-17,112.029999,112.49,110.32,110.45,10241100
2023-01-18,109.92,110.099998,108.58,108.79,8799500
2023-01-19,108.44,110.18,108.099998,109.9,6772900
2023-01-20,109.38,109.99,108.65,109.94,9216500
2023-01-23,109.93,110.36,109.17,109.88,8998800
2023-01-24,110.0,110.0,106.39,108.52,7424200
2023-01-25,108.71,109.93,108.33,108.59,6168000
2023-01-26,108.53,108.55,105.82,106.87,9672700
2023-01-27,106.21,106.68,105.11,105.38,7784900
2023-01-30,105.57,106.5,105.5,106.089996,6476600
2023-01-31,106.099998,107.44,105.9,107.41,7938900
2023-02-01,106.97,107.43,106.080002,106.98,10103200
2023-02-02,104.019997,105.81,101.75,103.46,16229900
2023-02-03,103.22,103.79,102.48,102.94,11210800
2023-02-06,103.43,104.62,102.84,104.029999,9054500
2023-02-07,103.7,105.93,103.56,105.68,7904700
2023-02-08,105.81,107.52,105.32,106.64,8596300
2023-02-09,106.86,107.84,106.54,106.72,7976800
2023-02-10,106.97,108.77,106.87,108.57,7609600
2023-02-13,108.71,109.57,108.35,109.55,7383100
2023-02-14,109.95,110.0,108.19,108.74,6983900
2023-02-15,108.53,108.79,107.56,107.68,6416600
2023-02-16,106.82,107.46,106.23,106.51,5959300
2023-02-17,106.33,109.54,105.52,109.52,9474600
2023-02-21,108.9,109.88,108.63,109.07,6741500
2023-02-22,110.21,110.32,108.92,109.16,7213900
2023-02-23,109.26,111.24,109.099998,110.59,6922800
2023-02-24,110.089996,110.33,108.89,109.89,5787900
2023-02-27,110.029999,110.13,108.52,109.36,5654800
2023-02-28,108.83,108.84,106.16,106.24,10209900
2023-03-01,105.96,107.55,105.96,106.65,6099000
2023-03-02,106.63,107.37,106.099998,107.010002,5097500
2023-03-03,107.38,107.39,106.13,106.88,6124300
2023-03-06,107.66,111.24,107.45,111.099998,17776600
2023-03-07,111.77,112.18,110.72,111.27,13805300
2023-03-08,110.93,111.28,107.59,108.28,8440800
2023-03-09,109.3,109.9,107.11,107.6,5842500
2023-03-10,107.44,110.72,107.34,107.69,9738500
2023-03-13,104.47,108.84,104.4,105.73,10687100
2023-03-14,105.45,107.13,104.52,106.97,9806900
2023-03-15,106.48,108.029999,105.57,107.63,10942700
2023-03-16,106.5,107.71,104.23,107.34,9441500
2023-03-17,107.15,107.31,103.49,104.099998,26402100
2023-03-20,104.82,106.91,104.82,105.85,12865800
2023-03-21,106.0,106.43,104.76,105.54,11571800
2023-03-22,105.47,106.0,104.39,104.4,5705800
2023-03-23,104.099998,104.63,103.46,104.23,6801700
2023-03-24,104.089996,105.010002,102.44,104.8,6661800
2023-03-27,106.080002,107.61,105.99,106.93,7563100
2023-03-28,106.61,107.029999,105.44,105.53,6679500
2023-03-29,105.62,105.87,104.53,104.92,6310200
2023-03-30,105.12,106.2,104.54,105.92,5017400
2023-03-31,106.23,106.53,105.52,106.39,7184300
2023-04-03,105.95,109.48,105.57,108.87,6964100
2023-04-04,108.7,109.34,108.16,108.83,6108200
2023-04-05,109.91,112.34,109.58,111.91,8006100
2023-04-06,113.0,114.17,111.64,112.33,6894500
2023-04-10,112.96,113.089996,111.17,112.61,6446500
2023-04-11,112.72,113.31,112.32,112.49,5639800
2023-04-12,112.25,114.31,111.88,113.75,6136700
2023-04-13,114.97,115.82,113.65,115.58,7332300
2023-04-14,115.74,116.17,114.66,115.31,5005100
2023-04-17,115.69,116.45,114.2,115.010002,6575500
2023-04-18,114.48,115.12,113.73,114.83,5454500
2023-04-19,114.49,115.39,114.010002,114.13,4683400
2023-04-20,114.18,114.52,113.0,114.17,4657900
2023-04-21,114.87,115.65,114.59,115.37,6554600
2023-04-24,115.64,116.28,114.77,115.94,4299100
2023-04-25,116.22,116.86,115.91,116.53,5662800
2023-04-26,115.2,115.2,112.72,113.43,6607900
2023-04-27,114.6,115.36,110.66,115.16,9975200
2023-04-28,114.36,115.53,113.46,115.47,8049900
2023-05-01,115.8,116.6,115.27,116.34,5238900
2023-05-02,116.67,118.39,115.81,117.89,8175600
2023-05-03,118.35,119.65,117.93,118.22,6738600
2023-05-04,118.0,118.0,116.49,117.37,6490200
2023-05-05,117.38,117.89,116.56,117.68,4534000
2023-05-08,117.080002,118.44,116.44,118.38,5157300
2023-05-09,118.25,118.63,117.34,117.43,4933100
2023-05-10,117.41,118.17,116.42,117.9,5605400
2023-05-11,117.58,117.79,116.38,117.55,5596700
2023-05-12,118.0,118.55,116.7,117.14,5233100
2023-05-15,117.14,117.74,115.49,116.37,5697200
2023-05-16,115.88,116.76,115.29,116.080002,4278200
2023-05-17,116.37,116.66,113.48,114.76,7210400
2023-05-18,114.14,115.07,113.33,114.0,6437100
2023-05-19,114.33,116.24,114.099998,115.49,7647000
2023-05-22,115.48,117.080002,114.33,114.49,5607400
2023-05-23,113.97,114.79,113.050003,113.27,7733000
2023-05-24,114.11,114.32,112.55,113.6,4509500
2023-05-25,113.5,113.5,111.089996,112.3,7037500
2023-05-26,112.0,113.19,110.65,111.07,6378200
2023-05-30,110.13,110.71,108.97,109.17,7768100
2023-05-31,108.47,111.15,108.47,110.41,14563500
2023-06-01,110.66,111.59,109.88,110.93,6959900
2023-06-02,111.11,112.73,110.72,112.52,5791500
2023-06-05,113.0,114.48,112.91,113.11,5185500
2023-06-06,113.55,113.72,109.28,110.010002,6960200
2023-06-07,109.63,109.67,106.87,108.61,12420500
2023-06-08,108.31,111.07,108.0,110.32,8352700
2023-06-09,110.19,111.51,109.019997,110.71,6521900
2023-06-12,110.19,110.99,108.6,109.86,7468500
2023-06-13,108.59,110.64,108.050003,109.99,7304200
2023-06-14,109.72,109.93,108.35,108.66,6137300
2023-06-15,108.4,109.9,108.34,109.4,7305700
2023-06-16,109.5,110.46,109.059998,109.32,15844300
2023-06-20,109.080002,110.86,109.029999,110.23,7744400
2023-06-21,110.11,111.52,109.52,111.16,6854800
2023-06-22,111.6,113.84,111.6,113.72,7884100
2023-06-23,114.16,114.91,113.019997,114.6,16407900
2023-06-26,114.44,114.6,111.78,113.080002,7685100
2023-06-27,112.83,113.71,111.87,113.32,7093900
2023-06-28,113.45,113.57,111.44,112.44,8173800
2023-06-29,112.25,113.88,111.81,113.54,6281800
2023-06-30,113.79,115.61,113.43,115.39,8090600
2023-07-03,114.47,114.62,113.53,114.33,2834600
2023-07-05,114.040001,114.43,113.42,113.7,5861500
2023-07-06,112.9,113.44,111.71,111.75,7257400
2023-07-07,111.07,111.5,108.76,109.0,11314800
2023-07-10,109.14,110.6,109.099998,109.96,5949200
2023-07-11,109.48,110.019997,108.25,108.7,6084900
2023-07-12,108.37,109.050003,107.19,107.47,8376700
2023-07-13,107.33,107.91,106.26,106.32,9764400
2023-07-14,106.26,107.68,106.26,107.34,7209300
2023-07-17,107.040001,107.44,105.29,105.57,7376400
2023-07-18,105.88,107.029999,105.35,105.95,7499100
2023-07-19,106.16,107.38,105.91,105.95,6608600
2023-07-20,106.55,108.95,106.059998,108.46,8073000
2023-07-21,108.73,110.62,108.38,110.39,8193500
2023-07-24,109.99,110.34,108.5,108.79,6045500
2023-07-25,107.64,108.72,107.32,107.53,6498700
2023-07-26,106.8,108.010002,106.059998,107.14,7042700
2023-07-27,107.24,107.62,105.17,105.27,9813100
2023-07-28,105.43,106.65,105.24,106.34,6903800
2023-07-31,106.55,106.77,105.67,106.65,7397500
2023-08-01,109.6,109.6,105.14,105.28,10009200
2023-08-02,106.029999,108.14,104.88,105.7,10873500
2023-08-03,105.080002,105.78,104.87,105.73,6039300
2023-08-04,105.64,106.42,104.51,105.0,6700700
2023-08-07,105.29,106.28,104.42,106.089996,8259100
2023-08-08,105.69,107.19,105.69,106.41,10152200
2023-08-09,106.27,106.79,105.79,106.099998,6479500
2023-08-10,106.21,107.040001,105.42,105.57,6525700
2023-08-11,105.95,107.71,105.59,107.44,5904300
2023-08-14,107.92,109.43,107.31,108.91,8427200
2023-08-15,108.89,109.42,108.42,108.66,5118700
2023-08-16,108.5,109.47,108.28,108.73,5332900
2023-08-17,108.66,110.28,108.32,108.92,6457800
2023-08-18,108.97,109.5,108.21,109.2,6710400
2023-08-21,109.089996,110.0,108.95,109.64,6012500
2023-08-22,109.6,109.6,107.2,107.23,6026000
2023-08-23,109.99,111.89,109.82,111.3,10588200
2023-08-24,110.95,112.019997,109.089996,109.45,6487700
2023-08-25,109.94,110.33,108.98,110.21,4839100
2023-08-28,110.23,110.61,108.65,108.93,4335600
2023-08-29,109.28,110.52,108.93,109.99,5673100
2023-08-30,110.3,110.8,109.72,110.21,4785000
2023-08-31,110.12,110.54,108.89,108.98,9212000
2023-09-01,109.65,110.37,109.25,109.84,4941300
2023-09-05,109.46,109.72,107.49,107.51,6379900
2023-09-06,106.76,107.0,104.92,106.49,7926100
2023-09-07,106.91,108.69,106.86,107.94,8532600
2023-09-08,107.54,109.14,107.54,109.050003,6807500
2023-09-11,109.33,109.44,108.34,108.6,5069300
2023-09-12,108.42,109.48,107.55,109.019997,4605400
2023-09-13,108.98,109.67,107.67,107.81,6761500
2023-09-14,107.69,108.51,106.96,108.24,6872400
2023-09-15,108.12,108.93,107.26,107.52,9639000
2023-09-18,107.77,107.94,106.85,107.82,3911300
2023-09-19,107.65,108.18,106.91,107.36,5818300
2023-09-20,108.21,108.4,107.25,107.31,4593600
2023-09-21,107.27,107.88,106.42,106.73,5856600
2023-09-22,107.22,107.22,105.96,106.34,5027200
2023-09-25,106.050003,106.19,105.11,105.84,6052200
2023-09-26,105.12,106.55,105.11,105.39,5400500
2023-09-27,105.45,105.52,103.3,103.94,5635500
2023-09-28,104.57,104.97,103.78,104.3,4758800
2023-09-29,104.36,104.68,102.71,102.95,7232700
2023-10-02,102.83,102.83,101.35,102.55,7079700
2023-10-03,102.24,102.44,100.92,101.77,5924000
2023-10-04,101.58,102.43,101.33,102.17,6720500
2023-10-05,102.36,103.71,102.34,103.6,6449100
2023-10-06,103.73,104.43,102.92,103.88,6854900
2023-10-09,103.5,105.19,103.31,104.5,5061100
2023-10-10,104.32,104.46,103.16,103.61,7177200
2023-10-11,104.0,104.21,102.85,103.46,5375100
2023-10-12,103.52,103.95,102.93,103.59,5124000
2023-10-13,103.61,104.52,102.78,104.010002,5787500
2023-10-16,104.2,105.37,104.059998,104.14,6473500
2023-10-17,104.0,104.49,103.15,104.17,5827200
2023-10-18,104.11,104.46,101.91,101.99,7136400
2023-10-19,101.66,101.73,99.14,100.43,7647600
2023-10-20,99.99,103.36,99.99,102.67,12466800
2023-10-23,102.83,104.15,102.67,103.35,8493000
2023-10-24,103.32,104.059998,102.68,103.029999,6347900
2023-10-25,103.35,104.61,102.95,103.63,7849200
2023-10-26,103.099998,107.23,102.99,105.55,11335700
2023-10-27,105.32,105.57,102.22,102.82,8933800
2023-10-30,103.28,104.5,102.61,102.68,6915500
2023-10-31,102.77,103.55,101.4,102.7,7522600
2023-11-01,103.55,104.23,102.73,102.85,5838100
2023-11-02,102.74,103.059998,101.65,102.85,5379100
2023-11-03,103.37,104.25,102.78,103.38,6005900
2023-11-06,104.080002,104.37,103.14,104.34,5951200
2023-11-07,104.35,104.72,103.73,104.0,6616400
2023-11-08,103.98,105.17,103.84,104.4,8152100
2023-11-09,104.71,104.71,102.15,102.38,7377000
2023-11-10,102.84,103.36,100.6,101.39,7627100
2023-11-13,101.089996,102.55,100.58,102.47,5878200
2023-11-14,102.66,103.22,101.9,102.17,6944400
2023-11-15,101.88,102.17,100.72,101.35,7392600
2023-11-16,101.83,102.059998,101.029999,101.99,7889700
2023-11-17,102.0,102.42,100.96,101.75,6767000
2023-11-20,100.97,102.93,100.89,102.68,7449900
2023-11-21,103.0,103.63,101.85,102.21,7403500
2023-11-22,102.2,102.68,101.11,101.68,5724000
2023-11-24,102.26,102.51,101.44,101.87,3168000
2023-11-27,101.91,102.15,100.7,101.43,7356500
2023-11-28,101.31,101.35,100.010002,100.18,8738500
2023-11-29,100.28,101.17,99.8,101.13,10286800
2023-11-30,100.84,102.69,100.28,102.48,29299700
2023-12-01,102.85,103.68,102.66,103.46,6856400
2023-12-04,103.73,105.38,103.73,105.059998,10169900
2023-12-05,104.92,106.4,104.18,106.23,10789100
2023-12-06,106.25,106.57,105.43,105.63,9954800
2023-12-07,105.59,105.6,103.73,103.88,9602200
2023-12-08,103.79,104.010002,102.65,103.75,7530000
2023-12-11,104.85,105.47,103.57,104.37,7429700
2023-12-12,104.48,104.79,103.42,104.36,7933500
2023-12-13,104.16,107.11,103.97,107.11,10995000
2023-12-14,106.68,107.21,105.14,105.88,10723000
2023-12-15,104.89,106.27,104.26,105.11,26392900
2023-12-18,106.16,107.21,105.63,106.040001,12805600
2023-12-19,106.050003,106.66,105.44,106.49,8043100
2023-12-20,107.14,107.14,105.24,105.36,8441600
2023-12-21,105.79,106.61,105.34,106.39,5919400
2023-12-22,107.15,108.059998,106.84,107.7,6028100
2023-12-26,107.5,108.089996,107.22,107.63,4727700
2023-12-27,107.31,108.07,107.010002,107.98,5387000
2023-12-28,108.3,109.059998,108.13,108.77,5530400
2023-12-29,108.99,109.24,108.79,109.019997,5886100
2024-01-02,109.16,113.32,109.16,113.24,11920100
2024-01-03,114.27,115.9,114.16,114.77,10721900
2024-01-04,115.92,117.65,115.86,117.010002,11492200
2024-01-05,117.099998,117.45,116.64,117.22,6860100
2024-01-08,117.59,117.89,116.18,117.38,8193100
2024-01-09,117.51,119.94,117.21,118.43,8822300
2024-01-10,118.19,119.17,117.74,118.86,7129100
2024-01-11,118.8,118.9,117.080002,118.43,5754400
2024-01-12,118.07,118.67,117.65,118.63,6822100
2024-01-16,118.49,119.34,117.94,118.49,6832300
2024-01-17,119.18,119.4,117.61,118.13,5591400
2024-01-18,117.65,118.62,116.62,118.54,10524700
2024-01-19,118.21,119.019997,117.72,118.89,7535300
2024-01-22,119.040001,119.97,118.86,119.43,8786200
2024-01-23,118.14,119.99,117.27,119.84,6501400
2024-01-24,119.7,119.95,118.44,118.88,5859900
2024-01-25,118.66,120.18,118.66,120.13,6689800
2024-01-26,120.51,121.019997,120.080002,120.82,8300300
2024-01-29,121.35,121.46,120.49,121.28,9138200
2024-01-30,121.28,121.76,120.18,121.66,7469500
2024-01-31,122.53,122.85,120.5,120.78,10779000
2024-02-01,123.65,126.43,122.77,126.38,11650700
2024-02-02,126.71,127.56,126.11,126.41,10175100
2024-02-05,126.98,127.8,125.7,126.18,8027700
2024-02-06,126.61,127.52,126.07,126.88,6153000
2024-02-07,126.9,128.059998,126.5,127.47,6742800
2024-02-08,127.32,127.48,125.95,126.61,6308300
2024-02-09,126.22,126.69,125.040001,125.45,7891200
2024-02-12,125.0,125.48,124.4,125.34,5257400
2024-02-13,125.98,126.86,124.48,125.43,7273400
2024-02-14,125.61,126.029999,124.82,125.82,6622400
2024-02-15,125.97,127.23,125.95,126.54,5756700
2024-02-16,126.5,128.089996,126.17,127.79,6266500
2024-02-20,128.13,129.28999,127.21,127.37,6952800
2024-02-21,127.44,128.16,126.8,128.12,4849200
2024-02-22,128.14999,129.72,127.65,129.25999,6517400
2024-02-23,129.78999,130.24001,128.86,129.45,5177400
2024-02-26,129.38,129.7,128.47,128.84,5158400
2024-02-27,128.25999,129.16,127.8,129.029999,4780200
2024-02-28,129.34,129.39999,127.7,128.19,5697200
2024-02-29,128.10001,128.85001,127.059998,127.15,11246100
2024-03-01,126.87,127.85,126.42,126.96,6023400
2024-03-04,124.46,126.54,123.29,124.050003,12706200
2024-03-05,124.68,125.040001,122.39,122.83,8277800
2024-03-06,122.84,124.76,122.51,123.75,8251400
2024-03-07,123.36,124.53,122.82,123.99,8982200
2024-03-08,123.23,124.040001,122.059998,123.5,9822700
2024-03-11,124.65,124.65,121.84,122.77,7769300
2024-03-12,123.0,123.21,121.43,122.66,11621800
2024-03-13,123.16,123.21,120.8,122.16,9186000
2024-03-14,121.32,121.32,119.66,120.51,10132500
2024-03-15,119.84,121.94,119.23,121.52,46476800
2024-03-18,121.85,122.51,121.13,121.44,8311900
2024-03-19,121.44,122.26,120.43,122.2,11696600
2024-03-20,121.28,123.91,120.38,123.85,9793200
2024-03-21,123.69,124.19,123.059998,123.62,8156300
2024-03-22,123.79,124.49,123.22,123.85,7022500
2024-03-25,124.080002,125.58,123.77,125.31,7605800
2024-03-26,125.78,126.080002,124.85,125.52,8864400
2024-03-27,132.87,133.10001,130.11,131.75,16061600
2024-03-28,132.0,132.42,131.080002,131.95,10189700
2024-04-01,131.67999,131.92999,130.11,130.99001,5377600
2024-04-02,130.10001,130.75999,129.28,130.35001,6584200
2024-04-03,130.35001,132.3,129.42999,129.89999,7741400
2024-04-04,130.83,130.94,127.34,127.66,6753200
2024-04-05,127.65,128.60001,127.0,127.99,5691800
2024-04-08,127.64,127.92,125.88,126.56,6282500
2024-04-09,126.58,127.0,125.51,126.71,4696600
2024-04-10,125.86,127.0,125.050003,126.75,5787700
2024-04-11,126.55,127.14,125.46,126.15,6187200
2024-04-12,127.040001,127.11,125.099998,125.74,7369700
2024-04-15,126.69,127.82,125.87,126.19,6241000
2024-04-16,126.56,126.8,125.029999,125.059998,5587300
2024-04-17,125.67,126.19,124.71,125.37,6122800
2024-04-18,125.52,125.52,124.5,125.23,5992700
2024-04-19,125.65,126.12,124.89,125.78,8403100
2024-04-22,126.71,128.080002,126.22,126.94,7805800
2024-04-23,128.10001,128.10001,126.74,126.88,7744000
2024-04-24,126.82,127.59,125.35,127.0,7128300
2024-04-25,129.69,132.8,128.75999,130.72,12750100
2024-04-26,130.13,131.91,130.13,131.2,7758200
2024-04-29,131.72,132.2,129.33,130.12,6788000
2024-04-30,130.92,130.92,128.98,129.22,6945000
2024-05-01,128.61,129.92999,127.8,128.8,5895700
2024-05-02,129.059998,129.69,127.99,128.25999,7422500
2024-05-03,128.0099945,128.48,127.18,127.51,6221900
2024-05-06,127.18,127.73,126.76,127.57,6552000
2024-05-07,127.099998,130.42999,127.07,130.38,6682300
2024-05-08,130.58,131.50999,129.33,129.55,6659100
2024-05-09,128.94,130.5,128.94,130.23,9216700
2024-05-10,130.82001,130.88,129.95,130.059998,5722600
2024-05-13,129.50999,129.71001,128.020004,129.28999,7109700
2024-05-14,129.2,129.2,128.029999,128.66,6154300
2024-05-15,128.88,131.97,128.72,131.73,7237100
2024-05-16,131.37,131.78,130.78999,130.88,5518100
2024-05-17,130.69,131.32001,129.81,131.19,8281600
2024-05-20,130.81,131.74001,130.64999,130.99001,4860400
2024-05-21,131.67999,132.78999,130.48,130.75999,6254700
2024-05-22,130.17,131.60001,130.14999,131.10001,4407500
2024-05-23,130.89999,131.92,130.31,131.089996,6830900
2024-05-24,131.45,131.45,129.16,129.49001,5982800
2024-05-28,128.84,129.080002,125.74,126.089996,10263400
2024-05-29,126.14,126.45,125.28,125.9,8527800
2024-05-30,125.98,127.85,122.7,124.53,13003500
2024-05-31,125.13,126.61,124.55,125.54,18150500
2024-06-03,125.77,128.95,125.77,128.42,7702500
2024-06-04,127.15,129.36,126.88,128.71001,6440100
2024-06-05,128.48,129.94,128.070007,129.45,5009400
2024-06-06,129.16,130.92999,128.89999,130.52,8088500
2024-06-07,130.35001,131.37,130.21001,130.67,4945600
2024-06-10,130.63,131.67999,129.64999,131.49001,6033700
2024-06-11,131.0,132.17,129.74001,131.84,11453200
2024-06-12,132.7,132.71001,130.16,130.2,5822000
2024-06-13,130.020004,130.12,128.59,129.37,5004200
2024-06-14,129.16,129.87,128.64999,129.48,7338500
2024-06-17,128.21001,128.94,127.37,127.5,8524000
2024-06-18,128.27,128.73,127.089996,127.99,6532400
2024-06-20,127.39,130.42999,126.75,129.67,10348400
2024-06-21,130.17,131.2,129.089996,130.72,17182700
2024-06-24,131.27,133.31,130.92999,132.96001,8553800
2024-06-25,133.12,134.63,132.60001,132.92,6758400
2024-06-26,133.38,133.42999,131.49001,131.5,8492100
2024-06-27,131.99001,132.28999,126.78,129.82001,11927600
2024-06-28,129.53999,130.97,120.87,123.8,57055500
2024-07-01,125.38,129.19,125.099998,127.9,11533000
2024-07-02,128.21001,128.24001,126.66,127.72,5645400
2024-07-03,127.69,127.94,125.3,125.85,4002100
2024-07-05,126.53,126.6,124.91,126.45,6786700
2024-07-08,126.8,127.46,125.33,125.78,5743400
2024-07-09,125.24,126.099998,123.7,126.040001,6339000
2024-07-10,125.88,127.48,125.83,127.3,4588500
2024-07-11,127.61,129.12,127.59,128.97,7048800
2024-07-12,129.39999,129.92999,127.32,127.76,7022300
2024-07-15,128.0,128.34,127.2,128.12,6918500
2024-07-16,127.87,129.029999,125.2,125.44,8194400
2024-07-17,125.47,126.69,124.56,125.89,7628000
2024-07-18,125.3,125.6,122.37,124.25,9501400
2024-07-19,125.3,126.99,125.18,125.77,6848800
2024-07-22,125.95,126.49,125.029999,125.69,4341800
2024-07-23,124.99,125.62,124.18,124.38,4285400
2024-07-24,124.97,126.17,124.68,125.92,6338500
2024-07-25,126.029999,127.85,125.71,125.85,7357100
2024-07-26,127.24,128.73,125.050003,125.26,6467000
2024-07-29,125.78,127.99,124.92,127.78,9139500
2024-07-30,123.48,123.94,113.91,115.25,35509400
2024-07-31,116.0,117.84,112.22,113.13,22733000
2024-08-01,113.13,114.47,111.41,113.82,14117500
2024-08-02,115.16,117.3,114.36,115.2,16562300
2024-08-05,114.95,115.12,111.34,112.31,13334000
2024-08-06,112.3,113.080002,110.92,111.15,9761900
2024-08-07,111.68,112.55,110.72,112.49,9756500
2024-08-08,112.92,114.23,112.57,113.92,8278200
2024-08-09,113.78,114.72,112.87,114.55,5914100
2024-08-12,114.71,114.71,113.11,113.48,6536000
2024-08-13,113.57,114.87,112.84,114.39,9040300
2024-08-14,113.66,113.93,111.51,113.58,11029400
2024-08-15,114.17,114.5,112.57,113.31,9685100
2024-08-16,113.61,113.72,112.62,113.67,10102300
2024-08-19,113.66,114.6,113.31,114.42,6177500
2024-08-20,114.76,115.3,114.55,115.14,5392300
2024-08-21,114.78,116.6,114.55,116.029999,8144100
2024-08-22,116.3,116.72,115.22,116.55,8201200
2024-08-23,116.8,116.81,115.92,116.6,8368200
2024-08-26,116.73,117.9,116.16,116.27,6518700
2024-08-27,116.27,116.62,115.25,116.5,5502600
2024-08-28,116.6,118.019997,116.24,117.4,5403200
2024-08-29,117.93,118.4,116.79,117.46,7202500
2024-08-30,117.27,118.75,117.15,118.45,8876500
2024-09-03,118.26,118.84,116.42,116.58,7640300
2024-09-04,116.66,116.73,114.47,115.8,7693400
2024-09-05,116.61,120.07,116.35,118.59,12009700
2024-09-06,119.099998,120.3,117.65,117.84,8577300
2024-09-09,113.15,116.9,112.41,115.41,14880200
2024-09-10,115.21,116.089996,113.33,115.33,12734500
2024-09-11,114.94,115.89,114.27,114.71,7836600
2024-09-12,114.47,115.51,114.040001,115.25,8330900
2024-09-13,116.089996,116.77,115.0,115.86,6709600
2024-09-16,115.8,118.37,115.8,117.96,7846100
2024-09-17,118.97,119.14,117.73,118.29,7914900
2024-09-18,118.2,119.38,117.87,118.64,11135600
2024-09-19,118.9,119.2,116.29,117.23,9963000
2024-09-20,117.27,117.5,116.41,117.17,21200900
2024-09-23,117.2,118.16,115.52,115.63,6665300
2024-09-24,115.85,116.26,114.32,114.96,9840400
2024-09-25,115.3,116.019997,114.62,114.73,7902300
2024-09-26,113.88,114.0,112.93,113.089996,11132100
2024-09-27,113.17,114.34,113.0,113.69,11920100
2024-09-30,113.61,114.010002,112.7,113.56,10936900
2024-10-01,113.96,114.79,113.11,114.74,7715500
2024-10-02,114.55,114.6,111.98,112.080002,9041800
2024-10-03,111.82,112.080002,109.83,110.18,10280600
2024-10-04,109.49,110.3,109.39,109.77,9704700
2024-10-07,109.7,110.98,108.18,108.59,8654800
2024-10-08,107.97,108.75,107.81,108.52,8832400
2024-10-09,108.41,110.3,108.2,110.27,8627800
2024-10-10,110.7,110.83,109.17,109.4,6006700
2024-10-11,109.099998,109.92,107.9,109.73,8578400
2024-10-14,109.43,110.07,108.68,109.69,8130700
2024-10-15,109.96,111.58,109.89,111.53,9109500
2024-10-16,111.0,111.2,109.019997,110.42,8729200
2024-10-17,110.14,110.19,109.5,109.75,8541700
2024-10-18,109.9,109.92,108.56,108.7,9523000
2024-10-21,109.080002,109.17,106.18,106.34,11444900
2024-10-22,105.91,106.9,105.71,106.64,11576100
2024-10-23,106.74,107.36,106.2,106.38,8271700
2024-10-24,106.050003,106.62,105.26,105.88,8295900
2024-10-25,106.49,106.49,103.86,103.98,9625500
2024-10-28,104.6,105.0,103.93,104.23,6968900
2024-10-29,104.32,105.11,103.7,103.73,9296200
2024-10-30,103.46,105.0,102.9,104.83,13897200
2024-10-31,100.93,103.23,98.6,102.32,17413100
2024-11-01,101.78,102.72,101.21,101.88,10180600
2024-11-04,102.0,102.53,100.95,101.87,9182600
2024-11-05,101.36,101.73,100.52,101.65,6741400
2024-11-06,103.18,103.23,100.6,100.73,9551300
2024-11-07,101.44,101.69,100.85,101.17,8676100
2024-11-08,101.48,103.23,101.0,102.92,9208000
2024-11-11,102.53,103.4,100.46,100.73,10075300
2024-11-12,100.76,100.77,98.5,98.58,12282900
2024-11-13,98.51,99.45,97.9,98.5,8869700
2024-11-14,99.18,99.4,97.95,98.36,8704500
2024-11-15,97.92,97.92,94.48,96.31,16464500
2024-11-18,96.56,97.29,95.42,96.56,14139900
2024-11-19,96.73,97.55,95.26,96.54,13093100
2024-11-20,96.98,98.84,96.66,97.44,12136800
2024-11-21,97.72,100.48,96.95,99.86,15670300
2024-11-22,100.33,101.79,98.93,99.18,14031200
2024-11-25,100.089996,101.74,99.51,101.16,34659100
2024-11-26,101.48,101.8,99.7,101.62,9324100
2024-11-27,101.65,103.45,101.64,103.12,9802200
2024-11-29,102.88,103.040001,101.53,101.64,6081200
2024-12-02,101.73,101.85,100.46,100.61,13703100
2024-12-03,100.75,102.45,100.62,101.85,11395600
2024-12-04,102.029999,102.089996,101.050003,101.37,11315000
2024-12-05,101.49,104.14,101.35,103.55,11062700
2024-12-06,103.61,103.95,102.69,103.089996,11470700
2024-12-09,102.86,105.07,102.33,103.79,19162500
2024-12-10,103.77,103.77,100.74,101.0,11359400
2024-12-11,100.7,101.45,99.26,99.75,21613000
2024-12-12,101.69,103.0,100.12,101.25,9554400
2024-12-13,101.13,102.57,100.53,102.0,10118200
2024-12-16,101.25,102.28,100.050003,100.059998,11701100
2024-12-17,99.9,100.8,99.36,100.059998,13975100
2024-12-18,100.19,101.5,98.27,98.34,11993400
2024-12-19,98.56,99.94,97.82,99.52,12110800
2024-12-20,98.83,99.68,97.9,98.050003,29289700
2024-12-23,99.089996,99.59,98.2,99.37,8460500
2024-12-24,99.22,99.64,98.8,99.45,3713500
2024-12-26,99.089996,99.94,98.92,99.87,4760300
2024-12-27,99.5,100.35,99.24,99.7,6173600
2024-12-30,99.57,99.57,98.27,98.37,6848700
2024-12-31,98.5,99.53,98.43,99.48,6598200
2025-01-02,100.28,100.35,98.83,99.17,6153300
2025-01-03,99.34,99.75,98.69,99.14,6070300
2025-01-06,98.77,100.33,98.42,99.72,10111100
2025-01-07,100.13,102.97,100.050003,101.019997,10890900
2025-01-08,100.7,100.77,98.050003,99.85,8654700
2025-01-10,99.21,100.41,98.81,99.25,11328500
2025-01-13,99.46,101.16,98.99,100.98,8168100
2025-01-14,101.26,101.49,99.010002,99.65,10927400
2025-01-15,100.099998,100.82,99.61,100.089996,9170300
2025-01-16,100.44,100.9,99.95,100.7,7749600
2025-01-17,100.47,100.47,97.92,97.92,16182000
2025-01-21,98.080002,98.27,95.76,96.24,17756100
2025-01-22,95.96,97.0,95.15,95.68,13070900
2025-01-23,96.11,97.16,95.22,96.63,11522800
2025-01-24,96.79,97.099998,95.41,95.55,12244800
2025-01-27,96.63,98.62,95.98,97.94,15093400
2025-01-28,97.35,98.88,96.59,97.45,12840900
2025-01-29,97.42,99.15,97.39,98.28,10225500
2025-01-30,99.41,99.41,98.23,98.95,10164700
2025-01-31,99.099998,100.059998,98.58,98.82,11421600
2025-02-03,98.13,100.15,98.0,99.79,13363900
2025-02-04,89.0,91.23,87.33,90.74,50837600
2025-02-05,90.39,90.74,88.0,89.67,21670600
2025-02-06,89.41,89.57,87.84,88.050003,19509700
2025-02-07,87.52,88.6,87.12,87.28,15815000
2025-02-10,87.2,87.98,86.27,86.4,21212100
2025-02-11,86.059998,86.99,85.73,86.54,20922300
2025-02-12,86.07,86.67,85.61,85.67,14785300
2025-02-13,85.59,85.7,84.31,84.42,20415100
2025-02-14,84.42,84.78,82.089996,83.010002,26779000
2025-02-18,81.13,83.59,81.040001,83.29,25897800
2025-02-19,83.24,85.63,82.85,85.6,17435100
2025-02-20,85.9,87.7,85.9,87.68,14851500
2025-02-21,88.0,89.53,87.010002,89.5,15678900
2025-02-24,89.71,91.85,88.93,91.27,19452300
2025-02-25,91.75,93.059998,90.44,91.43,18417300
2025-02-26,91.3,91.37,88.86,89.38,13534200
2025-02-27,89.35,90.97,89.25,90.58,10717500
2025-02-28,90.71,92.35,90.71,92.25,15482100
2025-03-03,91.78,93.21,91.78,93.15,13636100
2025-03-04,93.57,95.36,92.32,92.56,15073000
2025-03-05,91.080002,93.45,90.5,93.19,13117100
2025-03-06,93.13,94.050003,91.78,94.0,11300200
2025-03-07,94.26,97.37,93.85,94.65,24100900
2025-03-10,94.69,97.0,94.69,95.23,20897600
2025-03-11,94.98,95.38,93.58,94.73,21734800
2025-03-12,94.07,94.4,92.86,93.35,11896000
2025-03-13,93.4,96.34,93.4,94.71,16570100
2025-03-14,94.28,94.88,93.45,94.57,12681100
2025-03-17,93.65,95.3,93.080002,94.79,12237900
2025-03-18,95.23,95.41,93.84,94.72,8670100
2025-03-19,95.25,95.43,93.64,94.019997,11355900
2025-03-20,94.0,95.16,93.68,94.73,12970200
2025-03-21,94.58,94.68,93.07,93.11,68435800
2025-03-24,92.9,93.11,91.56,92.31,16950100
2025-03-25,92.31,92.31,87.080002,87.87,20640200
2025-03-26,88.24,89.32,87.31,88.11,13808800
2025-03-27,88.5,88.56,87.38,87.6,12931900
2025-03-28,88.2,90.14,87.67,89.23,12393500
2025-03-31,89.25,90.27,88.37,89.76,15003000
2025-04-01,89.75,89.75,86.61,87.12,13922100
2025-04-02,86.88,87.07,85.32,86.6,10590800
2025-04-03,88.73,88.9,86.26,86.39,12684100
2025-04-04,86.12,86.27,81.080002,81.47,22965700
2025-04-07,81.010002,83.21,79.3,81.18,26582000
2025-04-08,83.21,83.27,77.54,78.95,20571600
2025-04-09,76.76,81.99,76.0,81.91,22928300
2025-04-10,80.61,81.12,75.96,77.55,19466900
2025-04-11,77.87,79.44,76.35,79.18,16194400
2025-04-14,80.019997,80.019997,78.36,79.17,15796700
2025-04-15,79.55,79.96,77.72,78.39,16042500
2025-04-16,78.47,78.69,75.93,76.46,16551300
2025-04-17,76.89,78.75,76.88,78.0,21305700
2025-04-21,78.080002,78.19,76.99,77.85,11010000
2025-04-22,78.029999,79.040001,77.66,78.97,12918200
2025-04-23,78.5,80.2,78.0,78.74,17935700
2025-04-24,78.28,79.97,76.029999,79.84,18471500
2025-04-25,80.17,83.28,78.059998,82.74,28378000
2025-04-28,83.0,83.68,82.4,83.19,14241000
2025-04-29,83.78,85.69,82.75,84.71,18802900
2025-04-30,85.27,85.83,83.79,85.2,13825100
2025-05-01,84.51,84.58,83.17,83.26,10036400
2025-05-02,84.19,84.71,82.95,83.18,11755600
2025-05-05,83.23,83.58,81.91,82.84,8688000
2025-05-06,82.47,82.48,78.29,79.040001,16991100
2025-05-07,79.62,79.9,78.76,79.12,12216900
2025-05-08,78.5,78.8,76.93,77.65,15059100
2025-05-09,77.96,78.45,75.82,75.97,15614500
2025-05-12,75.92,81.27,75.83,80.43,21761100
2025-05-13,76.95,78.55,76.56,76.63,23353200
2025-05-14,77.46,77.46,73.32,73.47,23721800
2025-05-15,73.77,74.81,73.31,74.8,15274800
2025-05-16,74.99,76.17,74.37,76.059998,15021800
2025-05-19,75.96,77.25,75.69,77.23,11682600
2025-05-20,77.55,79.18,77.42,77.97,13262400
2025-05-21,77.77,78.099998,76.87,76.98,11879500
2025-05-22,76.72,78.36,76.68,77.84,11800000
2025-05-23,77.55,77.9,77.080002,77.58,10902200
2025-05-27,78.019997,78.2,77.050003,77.59,11884500
2025-05-28,77.43,77.72,75.59,76.17,12293200
2025-05-29,75.69,77.0,75.69,76.4,10785200
2025-05-30,76.94,77.56,75.59,76.84,20641500
2025-06-02,77.019997,77.019997,75.4,76.25,11271800
2025-06-03,76.0,77.19,75.44,77.14,18139200
2025-06-04,77.47,79.14,77.33,78.27,13009300
2025-06-05,78.41,78.55,77.25,77.62,13983700
2025-06-06,78.3,79.49,78.21,78.97,9863100
2025-06-09,79.61,80.41,78.67,79.33,18305800
2025-06-10,79.34,81.88,79.33,81.35,13254100
2025-06-11,81.35,81.68,79.98,80.32,11803300
2025-06-12,80.19,82.11,80.07,81.82,13169200
2025-06-13,81.65,82.44,81.45,81.71,14550500
2025-06-16,80.88,81.35,79.71,80.96,12569400
2025-06-17,80.28,80.7,78.19,78.28,14040600
2025-06-18,78.050003,80.31,77.099998,79.29,23803400
2025-06-20,79.25,79.92,78.6,79.059998,34052300
2025-06-23,79.24,80.22,78.99,80.16,18553800
2025-06-24,80.37,81.46,79.089996,80.32,15906400
2025-06-25,79.64,80.12,79.16,79.67,12753200
2025-06-26,79.84,80.25,78.37,78.83,13760100
2025-06-27,79.059998,79.54,78.14,79.099998,60202500
2025-06-30,79.25,79.39,78.38,79.16,13895200
2025-07-01,78.96,83.07,78.6,81.81,21800800
2025-07-02,82.059998,82.81,81.89,82.39,16052700
2025-07-03,82.55,82.6,80.7,80.93,7734500
2025-07-07,80.95,81.54,80.15,80.9,15777400
2025-07-08,80.94,82.38,80.34,81.37,12752900
2025-07-09,82.38,84.48,81.89,83.71,18394600
2025-07-10,83.64,85.0,83.17,84.019997,14725600
2025-07-11,84.019997,84.13,82.26,83.36,9717400
2025-07-14,83.43,84.3,83.11,83.67,10368700
2025-07-15,83.78,84.36,81.3,81.52,10827000
2025-07-16,81.46,82.64,81.46,82.43,11517800
2025-07-17,81.98,82.66,81.34,81.52,8984800
2025-07-18,81.7,81.92,79.86,79.96,11823600
2025-07-21,80.16,80.31,78.95,79.31,11620800
2025-07-22,79.87,81.77,79.87,81.61,10571000
2025-07-23,82.62,84.14,82.41,83.98,11542100
2025-07-24,84.2,84.51,83.52,84.11,8016700
2025-07-25,84.16,85.22,83.84,84.71,10058800
2025-07-28,84.47,84.97,83.87,84.059998,12882000
2025-07-29,79.85,82.89,76.66,82.63,27826400
2025-07-30,82.91,83.58,81.52,81.75,13055200
2025-07-31,80.8,81.49,77.85,78.12,19813300
2025-08-01,78.019997,79.87,77.53,79.29,11900300
2025-08-04,79.059998,79.99,78.43,79.86,13380700
2025-08-05,79.9,81.13,79.57,80.79,9984300
2025-08-06,80.29,81.32,79.27,79.44,13028700
2025-08-07,79.65,80.82,78.65,80.37,10830100
2025-08-08,80.11,81.17,80.11,80.69,6882900
2025-08-11,80.96,81.64,79.63,80.029999,8210700
2025-08-12,80.47,80.94,79.67,80.3,7852700
2025-08-13,80.75,82.84,80.2,82.71,11043800
2025-08-14,82.010002,83.4,81.6,82.76,10217600
2025-08-15,83.72,84.74,83.36,84.21,10481400
2025-08-18,84.26,85.15,84.080002,84.22,8273600
2025-08-19,84.38,85.8,84.38,84.93,14307700
2025-08-20,85.31,86.25,84.55,84.66,8904700
2025-08-21,84.88,87.32,84.6,86.080002,13889000
2025-08-22,87.5,87.84,86.76,87.37,11977400
2025-08-25,87.21,87.39,84.95,85.31,9417700
2025-08-26,85.56,85.59,84.67,84.99,14062700
2025-08-27,85.07,85.48,83.88,84.07,10588100
2025-08-28,84.25,84.25,82.65,83.21,14485300
2025-08-29,83.42,84.24,83.28,84.12,10872900
2025-09-02,84.5,85.5,84.34,85.48,11642700
2025-09-03,85.37,85.81,84.07,84.18,12714400
2025-09-04,84.2,84.41,83.0,84.050003,12554800
2025-09-05,83.79,85.27,83.25,84.71,13231100
2025-09-08,84.16,84.32,82.82,84.089996,13111200
2025-09-09,84.18,84.8,84.13,84.61,9767500
2025-09-10,84.27,84.57,83.54,84.029999,13073300
2025-09-11,84.34,85.55,84.0,85.15,9667200
2025-09-12,84.62,85.18,82.8,82.81,9939500
2025-09-15,82.11,82.75,80.92,81.019997,10229800
2025-09-16,81.010002,81.48,80.54,81.089996,10065900
2025-09-17,80.98,82.25,80.8,81.14,12642100
2025-09-18,81.22,81.69,80.82,81.53,10458900
2025-09-19,81.81,82.4,81.0,81.51,25627800
2025-09-22,81.76,81.94,80.26,80.4,11986400
2025-09-23,80.089996,81.11,79.67,79.96,13145300
2025-09-24,79.9,80.11,79.33,79.67,11804200
2025-09-25,79.78,79.88,77.58,77.6,14923800
2025-09-26,78.76,78.96,77.69,78.56,12205400
2025-09-29,78.6,78.8,78.029999,78.58,12739000
2025-09-30,78.42,84.0,78.4,83.93,21636600
2025-10-01,85.19,90.75,85.19,90.13,33460900
2025-10-02,89.95,91.0,88.22,89.51,14575400
2025-10-03,89.63,90.7,88.099998,89.19,12970600
2025-10-06,88.83,90.31,88.55,88.8,11648300
2025-10-07,88.67,88.94,87.14,87.61,9449100
2025-10-08,87.93,87.93,86.2,86.4,9696200
2025-10-09,86.96,87.8,86.64,87.5,10938200
2025-10-10,87.94,88.24,85.92,85.99,11230700
2025-10-13,85.66,86.46,85.24,85.7,6553900
2025-10-14,85.38,85.68,84.15,84.7,9675000
2025-10-15,84.19,84.69,83.61,84.11,9168700
2025-10-16,84.41,85.5,83.6,83.92,11709100
2025-10-17,83.28,84.89,83.16,84.79,10758900
2025-10-20,85.25,87.0,85.029999,86.32,8611800
2025-10-21,86.96,87.67,86.23,87.62,9852400
2025-10-22,87.68,88.79,87.010002,87.61,10926300
2025-10-23,87.56,88.11,86.91,87.18,7687500
2025-10-24,87.33,88.059998,87.11,87.49,7902100
2025-10-27,87.51,88.3,87.029999,88.0,7226600
2025-10-28,88.11,88.11,86.93,87.029999,8345900
2025-10-29,86.95,87.84,86.07,86.58,10921900
2025-10-30,84.62,87.3,83.3,86.28,16678800
2025-10-31,85.42,86.46,84.56,85.98,12385000
2025-11-03,85.77,86.099998,82.34,82.49,13875800
2025-11-04,82.7,84.96,82.010002,83.86,12846100
2025-11-05,84.029999,85.38,82.91,84.39,9440200
2025-11-06,84.48,86.17,84.35,85.78,10601400
2025-11-07,85.95,86.59,85.24,86.28,9214300
2025-11-10,86.69,87.37,85.8,86.75,8319600
2025-11-11,87.35,91.07,87.26,90.95,15436000
2025-11-12,91.41,92.91,91.16,91.45,13218900
2025-11-13,91.31,94.26,90.9,92.93,16086100
2025-11-14,92.2,95.080002,91.49,92.92,19632000
2025-11-17,93.23,94.75,92.68,92.86,14345800
2025-11-18,94.11,97.66,92.11,96.43,28153500
2025-11-19,96.0,97.14,94.089996,95.050003,14641300
2025-11-20,94.97,96.0,93.9,94.97,12554200
2025-11-21,95.48,100.27,95.36,97.76,23183300
2025-11-24,99.12,102.36,99.12,100.4,28320900
2025-11-25,100.73,105.84,100.71,105.66,22225500
2025-11-26,104.6,105.75,104.2,104.63,12624000
2025-11-28,104.84,105.41,104.12,104.83,6154500
2025-12-01,104.72,105.68,101.71,101.83,14178300
2025-12-02,101.53,101.8,100.31,101.029999,11795000
2025-12-03,101.9,103.089996,101.52,102.27,12541600
2025-12-04,102.099998,102.6,100.54,100.89,12770700
2025-12-05,101.4,102.089996,99.19,99.72,16430400
2025-12-08,99.38,99.67,97.81,98.93,12902600
2025-12-09,99.32,99.85,96.059998,96.89,16283900
2025-12-10,98.050003,98.17,96.47,97.62,18077700
2025-12-11,98.44,99.14,97.58,99.010002,11808200
2025-12-12,98.96,100.66,98.32,100.3,11810800
2025-12-15,99.99,100.94,98.0,100.26,16735900
2025-12-16,100.3,100.34,96.79,98.27,16663600
2025-12-17,98.18,100.14,98.059998,99.18,13180600
2025-12-18,99.27,101.37,98.86,100.69,14312800
2025-12-19,100.6,102.2,100.11,101.089996,44980200
2025-12-22,100.63,104.95,100.4,104.72,17136200
2025-12-23,104.56,105.39,104.33,105.040001,13587500
2025-12-24,105.37,106.95,105.28,106.45,5335000
2025-12-26,106.45,107.050003,106.029999,106.78,6280700
2025-12-29,106.85,107.59,106.43,106.62,8086900
2025-12-30,106.73,106.88,105.64,106.059998,6497900
