DateTime,Open,High,Low,Close,Volume
2015-01-02,48.275,48.475,47.055,47.515,4985800
2015-01-05,47.255,47.275,46.565,46.75,6889200
2015-01-06,46.945,47.075001,46.035,46.475,7576000
2015-01-07,46.805,47.65,46.55,47.435,7256000
2015-01-08,47.83,48.55,47.81,48.53,5978200
2015-01-09,48.465,48.495,47.8,47.995,4689000
2015-01-12,47.955,48.26,47.615,47.93,5630800
2015-01-13,48.17,48.725,47.315,47.505,6182200
2015-01-14,46.69,47.185,46.455,46.855,6750400
2015-01-15,47.315,47.34,46.285,46.405,4235000
2015-01-16,46.385,46.565,46.014999,46.495,8770000
2015-01-20,46.72,46.945,46.31,46.805,9403800
2015-01-21,46.555,47.064999,46.505,46.755,5854000
2015-01-22,47.175,48.055,46.78,47.925,6952400
2015-01-23,48.07,48.375,47.825,48.080002,6781000
2015-01-26,48.0,48.235,47.775,48.175,4964000
2015-01-27,47.65,47.725,47.060001,47.25,6696800
2015-01-28,47.5,47.66,46.625,46.655,6402600
2015-01-29,46.835,47.435,46.585,47.435,6802400
2015-01-30,46.96,47.18,46.049999,46.125,8106400
2015-02-02,46.34,46.345,45.385,45.96,8056600
2015-02-03,46.115,46.695,46.014999,46.675,7940200
2015-02-04,46.385,46.635,46.135,46.27,7187400
2015-02-05,46.44,46.795,46.28,46.67,5754400
2015-02-06,46.7,46.735,45.77,45.895,7381800
2015-02-09,45.75,45.85,45.345,45.585,7339400
2015-02-10,45.87,46.55,45.61,46.375,7694600
2015-02-11,46.245,46.375,45.475,45.655,8541000
2015-02-12,45.73,46.33,45.4,46.0,11855800
2015-02-13,46.0099983,46.285,45.95,46.02,7695600
2015-02-17,45.87,46.45,45.86,45.93,7371000
2015-02-18,45.77,46.885,45.715,46.81,8143800
2015-02-19,46.74,47.13,46.74,46.85,6605200
2015-02-20,46.805,47.645,46.675,47.465,7398000
2015-02-23,47.46,47.615,47.14,47.505,4622200
2015-02-24,47.375,47.77,47.375,47.71,5239200
2015-02-25,47.71,48.6,47.71,48.41,7053600
2015-02-26,48.33,48.665,48.325,48.495,5935000
2015-02-27,48.475,48.705,48.315,48.56,7118600
2015-03-02,48.445,49.43,48.375,49.375,11025000
2015-03-03,49.22,49.235,48.56,48.985,7038400
2015-03-04,48.835,48.935,48.48,48.76,4853000
2015-03-05,48.98,49.34,48.895,49.23,6633600
2015-03-06,49.23,49.345,48.3,48.455,7174600
2015-03-09,48.545,48.91,48.47,48.715,5938800
2015-03-10,48.21,48.485,48.125,48.255,7096000
2015-03-11,48.19,48.54,47.59,47.67,7484200
2015-03-12,47.75,48.55,47.69,48.52,5809800
2015-03-13,48.52,48.74,47.65,47.905,7396200
2015-03-16,48.099998,48.4,47.965,48.22,8497000
2015-03-17,48.07,48.39,47.755,48.27,6408200
2015-03-18,48.27,48.935,47.805,48.755,8855600
2015-03-19,48.905,49.31,48.605,49.16,13536000
2015-03-20,51.315,51.895,50.625,50.99,29779800
2015-03-23,50.775,51.3,50.6,50.73,10471800
2015-03-24,50.525,50.83,50.3,50.325,7598800
2015-03-25,50.5,50.59,49.47,49.495,8133400
2015-03-26,49.17,50.044998,48.835,49.665,9479800
2015-03-27,49.56,50.09,49.56,49.94,4403600
2015-03-30,50.615,50.775,50.27,50.445,5435400
2015-03-31,50.44,50.92,50.145,50.165,6309200
2015-04-01,50.0,50.14,49.17,49.775,6605400
2015-04-02,50.02,50.16,49.695,49.83,3840400
2015-04-06,49.375,50.315,49.275,49.865,5027400
2015-04-07,49.865,50.13,49.735,49.805,3993600
2015-04-08,50.0,50.485,49.86,50.42,6522400
2015-04-09,50.5,50.845,50.3,50.36,5301000
2015-04-10,50.46,50.54,49.965,49.985,5918200
2015-04-13,49.985,50.029999,49.53,49.635,7313800
2015-04-14,49.53,49.905,49.35,49.765,4770800
2015-04-15,50.315,50.365,49.865,49.915,5716200
2015-04-16,49.745,50.084999,49.7,49.95,4104000
2015-04-17,49.585,49.685,49.07,49.275,6049600
2015-04-20,49.54,50.17,49.51,49.995,6208600
2015-04-21,50.38,50.425,49.86,50.145,5125200
2015-04-22,50.15,50.195,49.645,50.075001,3905800
2015-04-23,49.89,50.8,49.725,50.555,4668200
2015-04-24,50.23,50.64,50.105,50.475,4334000
2015-04-27,50.635,51.0,50.385,50.47,5158400
2015-04-28,50.4,50.4,49.595,49.93,6031600
2015-04-29,49.765,50.245,49.63,50.084999,5395200
2015-04-30,49.875,50.255,49.23,49.42,6497000
2015-05-01,49.94,50.41,49.705,50.39,6683400
2015-05-04,50.5,50.6,50.24,50.415,4557800
2015-05-05,50.215,50.435,50.13,50.21,5104400
2015-05-06,50.135,50.5,49.84,50.11,5396600
2015-05-07,50.225,50.795,50.0099983,50.725,5526200
2015-05-08,51.145,51.65,51.145,51.22,5534800
2015-05-11,51.21,51.61,51.044998,51.395,5339800
2015-05-12,50.99,51.345,50.8,51.185,4676400
2015-05-13,51.345,51.365,50.895,51.080002,4508200
2015-05-14,51.47,51.755,51.155,51.72,5433400
2015-05-15,51.825,52.515,51.685,52.49,7865200
2015-05-18,52.555,52.75,52.21,52.375,5045200
2015-05-19,52.31,52.59,52.175,52.32,5971200
2015-05-20,52.46,52.575,52.105,52.305,5399200
2015-05-21,52.435,52.6,52.12,52.2,5455200
2015-05-22,52.605,52.61,52.02,52.215,5654800
2015-05-26,52.215,52.375,51.59,51.71,5691400
2015-05-27,51.74,51.96,51.155,51.42,8896800
2015-05-28,51.115,51.475,50.755,51.15,5781600
2015-05-29,51.15,51.19,50.52,50.835,5562200
2015-06-01,50.885,51.145,50.725,50.88,4944000
2015-06-02,50.9,51.345,50.75,51.055,4974400
2015-06-03,51.145,51.545,50.885,51.255,4766800
2015-06-04,51.029999,51.65,50.81,50.975,4467200
2015-06-05,50.75,51.125,50.565,51.014999,3791800
2015-06-08,50.8,50.945,50.69,50.72,4314000
2015-06-09,50.745,50.965,50.39,50.675,3476800
2015-06-10,50.915,52.014999,50.83,51.67,6270400
2015-06-11,52.545,52.56,51.735,51.94,6178000
2015-06-12,51.775,52.049999,51.605,51.89,4133000
2015-06-15,51.55,51.925,51.365,51.675,4902000
2015-06-16,51.74,52.49,51.72,52.28,5034000
2015-06-17,52.37,52.585,52.040001,52.375,4072400
2015-06-18,52.525,53.335,52.505,53.0,5690600
2015-06-19,53.014999,53.425,52.97,53.265,7285600
2015-06-22,53.43,53.725,53.325,53.395,4186600
2015-06-23,53.6,53.63,53.41,53.6,5934200
2015-06-24,53.6,53.685,53.02,53.11,5056200
2015-06-25,53.405,53.405,52.335,52.61,10811400
2015-06-26,54.185,55.17,54.185,54.855,20287600
2015-06-29,54.635,54.745,53.83,53.835,9005000
2015-06-30,54.425,54.44,53.9,54.0099983,7531200
2015-07-01,54.475,54.715,54.295,54.715,5924000
2015-07-02,54.955,55.365,54.545,54.935,5900000
2015-07-06,54.545,55.255,54.505,54.92,4991400
2015-07-07,55.040001,55.665,54.53,55.645,7207000
2015-07-08,55.11,55.375,54.5,54.635,6733600
2015-07-09,55.12,55.46,54.595,54.72,6168400
2015-07-10,55.265,55.4,54.5,55.26,5159200
2015-07-13,55.62,56.275,55.4,56.205,5047600
2015-07-14,56.42,56.53,55.96,56.17,5561400
2015-07-15,56.0,56.195,55.845,55.95,5016400
2015-07-16,56.38,56.45,55.925,56.17,4334600
2015-07-17,56.185,56.49,55.95,56.4,4545400
2015-07-20,56.635,56.775,56.41,56.565,5978200
2015-07-21,56.49,56.785,56.36,56.495,4626400
2015-07-22,56.435,57.11,56.435,57.044998,5954200
2015-07-23,57.25,57.35,56.905,57.0,6714200
2015-07-24,57.09,57.09,56.235,56.495,5967200
2015-07-27,56.2,56.46,55.475,55.865,6648000
2015-07-28,56.035,56.955,55.925,56.735,6948200
2015-07-29,56.79,57.67,56.75,57.46,6839800
2015-07-30,57.475,57.7,56.97,57.505,5594000
2015-07-31,57.75,57.97,57.415,57.61,5078600
2015-08-03,57.755,58.0,56.795,57.415,4992000
2015-08-04,57.475,57.965,57.165,57.885,5229000
2015-08-05,58.305,58.86,58.175,58.375,6853000
2015-08-06,58.5,58.75,57.185,57.56,6211400
2015-08-07,57.36,57.48,56.55,57.255,5907800
2015-08-10,57.695,58.084999,57.425,57.68,4613200
2015-08-11,57.07,57.495,56.815,57.23,5107400
2015-08-12,56.77,56.875,55.325,56.53,7127000
2015-08-13,56.635,57.265,56.475,56.8,5907800
2015-08-14,56.795,57.285,56.555,57.18,4685200
2015-08-17,57.060001,57.565,56.545,57.49,3917400
2015-08-18,57.56,57.84,57.295,57.41,3669400
2015-08-19,57.0,58.025002,56.775,57.48,6216400
2015-08-20,56.855,57.225,56.12,56.15,6536800
2015-08-21,55.735,55.83,53.42,53.435,15912800
2015-08-24,50.13,53.69,47.25,51.935,19882600
2015-08-25,53.64,53.655,51.74,51.765,13616200
2015-08-26,53.25,54.505,51.99,54.38,15156000
2015-08-27,55.185,56.345,54.815,56.31,13617400
2015-08-28,56.3,56.5,55.82,56.25,7526200
2015-08-31,56.195,56.245,55.615,55.875,7073600
2015-09-01,54.49,54.915,54.014999,54.315,9385200
2015-09-02,55.075001,55.39,54.6,55.35,8536400
2015-09-03,55.615,56.044998,55.205,55.425,6065000
2015-09-04,54.61,55.215,54.47,54.845,7126200
2015-09-08,55.73,55.935,55.11,55.875,5511400
2015-09-09,56.355,56.495,54.805,54.93,6349800
2015-09-10,54.83,55.52,54.47,55.19,7363000
2015-09-11,55.115,55.92,54.995,55.91,5589600
2015-09-14,55.755,56.029999,55.57,55.945,6833200
2015-09-15,55.95,57.040001,55.4,56.92,7699400
2015-09-16,57.165,57.955,56.92,57.79,8104400
2015-09-17,57.62,58.395,57.28,57.635,8062600
2015-09-18,57.075001,57.815,56.88,57.525,18615000
2015-09-21,57.835,58.545,57.38,58.28,8746600
2015-09-22,57.625,58.080002,57.19,57.985,7555400
2015-09-23,57.985,58.3,57.6,57.715,9055800
2015-09-24,57.15,57.575,56.75,57.395,14352600
2015-09-25,61.565,62.975,61.35,62.5,36968200
2015-09-28,62.25,62.38,60.425,61.07,16450800
2015-09-29,61.0,61.044998,59.525,59.835,14414400
2015-09-30,60.37,61.56,60.37,61.485,9437800
2015-10-01,61.58,61.97,60.64,61.915,8994200
2015-10-02,61.044998,62.605,60.78,62.605,9114400
2015-10-05,62.92,63.245,62.044998,62.135,9646400
2015-10-06,62.135,62.4,61.295,61.595,7665400
2015-10-07,61.805,62.225,60.5,61.049999,10215400
2015-10-08,61.46,62.62,61.335,62.455,7622600
2015-10-09,62.28,62.67,62.044998,62.47,6940600
2015-10-12,62.6,63.55,62.51,63.215,5449000
2015-10-13,63.0,63.27,62.795,62.905,6355400
2015-10-14,62.995,63.305,62.695,62.92,6509000
2015-10-15,63.61,64.585,63.48,64.395,10764800
2015-10-16,64.75,65.295,64.435,65.235,9321600
2015-10-19,65.855,66.76,65.555,66.605,12587800
2015-10-20,66.525,66.68,65.985,66.185,9104200
2015-10-21,66.325,66.61,65.915,66.235,5504000
2015-10-22,66.435,66.725,65.29,66.205,9294800
2015-10-23,66.535,66.6,64.455,65.265,10517800
2015-10-26,65.135,66.115,65.135,65.69,6882800
2015-10-27,65.5,65.62,64.83,65.41,6150000
2015-10-28,65.86,66.025002,64.965,65.645,7091400
2015-10-29,65.34,65.735,64.98,65.56,4959000
2015-10-30,65.775,65.81,65.035004,65.515,7230800
2015-11-02,65.865,66.0,64.73,65.595,6123200
2015-11-03,65.62,65.85,65.34,65.7,5492000
2015-11-04,65.695,65.935,64.94,65.18,5190200
2015-11-05,65.59,66.22,65.23,65.93,5068200
2015-11-06,65.8,66.47,65.68,65.89,4837600
2015-11-09,65.625,65.71,64.635,65.24,6181200
2015-11-10,65.044998,65.345,64.765,65.0,5287400
2015-11-11,65.14,65.295,63.64,63.71,8578000
2015-11-12,63.5,64.0,62.705,62.99,9388000
2015-11-13,62.54,62.61,60.575,60.93,16371000
2015-11-16,60.9,61.74,60.67,61.73,9146400
2015-11-17,61.525,61.8,60.21,61.29,10581600
2015-11-18,61.52,63.014999,61.33,62.89,10597800
2015-11-19,63.13,63.495,62.69,62.89,8557600
2015-11-20,66.035004,66.4,65.24,66.325,19064800
2015-11-23,66.41,66.5,65.89,66.23,7135600
2015-11-24,65.815,66.49,65.63,66.255,5311600
2015-11-25,66.54,67.275,66.515,67.065002,6989000
2015-11-27,67.46,67.65,66.665,67.165,4527800
2015-11-30,66.965,67.095001,65.82,66.14,8738800
2015-12-01,66.059998,66.71,65.96,66.655,6857000
2015-12-02,66.425,66.61,66.050003,66.325,7965600
2015-12-03,66.555,66.68,64.5,64.56,10649800
2015-12-04,64.9,66.46,64.9,66.165,7410400
2015-12-07,66.375,66.45,65.305,65.8,6190000
2015-12-08,65.435,66.37,65.215,65.85,5605800
2015-12-09,65.38,65.77,63.87,64.42,7442800
2015-12-10,64.36,64.82,64.0049973,64.32,5682600
2015-12-11,63.81,63.87,62.835,63.145,8276000
2015-12-14,63.315,64.165,63.060001,63.93,7991400
2015-12-15,64.8,65.0,64.175,64.305,6869600
2015-12-16,64.685,65.6,64.41,65.465,7542200
2015-12-17,65.85,65.925,65.035004,65.11,7400800
2015-12-18,64.865,65.265,64.185,64.26,13804600
2015-12-21,64.84,65.155,64.305,64.9,8972600
2015-12-22,65.74,65.925,64.91,65.925,17218400
2015-12-23,68.12,68.195,63.91,64.355,57319400
2015-12-24,64.55,64.73,62.15,63.18,13889100
2015-12-28,63.21,63.88,62.8,63.81,8786800
2015-12-29,64.31,64.48,64.019997,64.26,6708600
2015-12-30,64.36,64.4,63.17,63.25,5817900
2015-12-31,63.15,63.17,62.5,62.5,6454700
2016-01-04,61.11,61.91,60.86,61.52,11626800
2016-01-05,61.72,62.59,61.72,62.38,9220600
2016-01-06,61.3,62.040001,61.15,61.49,6551600
2016-01-07,60.39,61.26,59.78,59.85,10881300
2016-01-08,60.060001,60.79,58.66,58.87,11191300
2016-01-11,58.97,60.040001,58.54,59.55,12825000
2016-01-12,60.35,60.82,59.57,59.94,8292200
2016-01-13,60.53,60.53,58.67,58.78,9944300
2016-01-14,59.0,59.35,57.28,58.51,9989000
2016-01-15,56.93,58.14,56.59,57.56,12208300
2016-01-19,58.19,59.07,57.67,58.32,9924300
2016-01-20,57.25,59.59,56.75,59.040001,16234200
2016-01-21,59.080002,61.16,59.060001,60.56,16121600
2016-01-22,61.29,61.47,60.59,60.88,8430100
2016-01-25,61.09,61.3,60.62,60.7,10383400
2016-01-26,60.49,61.37,60.27,61.11,8005200
2016-01-27,60.96,61.099998,59.2,59.58,8593700
2016-01-28,60.32,61.6,59.98,61.2,10207000
2016-01-29,61.2,62.16,61.2,62.0099983,10475200
2016-02-01,61.75,63.47,61.7,63.16,8247800
2016-02-02,63.02,63.5,62.31,62.55,9458500
2016-02-03,62.88,62.9,61.3,62.49,7213500
2016-02-04,62.02,62.16,59.99,60.17,10455700
2016-02-05,59.76,59.84,56.98,57.17,14415900
2016-02-08,56.099998,56.21,53.64,55.040001,21214500
2016-02-09,54.5,56.62,54.28,55.68,10915700
2016-02-10,56.54,58.18,55.93,57.41,13376800
2016-02-11,56.46,56.91,55.39,56.0,13090900
2016-02-12,57.37,57.45,55.5,56.42,10229500
2016-02-16,57.57,58.0,56.82,57.79,8058000
2016-02-17,58.6,58.6,57.099998,58.17,10332700
2016-02-18,58.17,58.96,57.98,58.6,9658600
2016-02-19,58.5,59.31,57.63,59.31,10080100
2016-02-22,59.31,60.48,59.26,60.17,11523400
2016-02-23,60.26,60.74,59.89,60.21,7504600
2016-02-24,59.74,60.7,59.2,60.4,10390800
2016-02-25,60.68,62.38,60.63,62.38,8524300
2016-02-26,62.64,63.49,62.47,62.6,8896100
2016-02-29,62.46,62.68,61.58,61.59,7720600
2016-03-01,61.97,63.099998,61.75,62.92,7438300
2016-03-02,62.52,62.89,61.5,62.22,8465800
2016-03-03,62.049999,62.2,60.92,61.47,7924400
2016-03-04,61.42,61.54,60.38,61.26,7279400
2016-03-07,61.07,61.14,58.79,59.25,12829600
2016-03-08,59.029999,60.6,58.71,59.81,9307900
2016-03-09,59.58,59.62,57.95,58.33,12766900
2016-03-10,58.7,59.040001,57.97,58.88,9402600
2016-03-11,59.13,60.44,59.13,60.080002,8834400
2016-03-14,60.19,61.33,60.099998,60.81,7090500
2016-03-15,60.5,61.75,60.36,61.4,6188800
2016-03-16,61.47,62.23,61.29,61.86,7018300
2016-03-17,61.76,63.38,61.74,63.18,9926800
2016-03-18,63.55,63.98,62.85,62.99,13192900
2016-03-21,63.55,65.29,63.4,64.72,13635400
2016-03-22,64.83,65.44,64.17,64.9,18212900
2016-03-23,61.33,63.45,61.15,62.44,26987000
2016-03-24,62.060001,62.14,61.12,61.65,12231300
2016-03-28,61.58,61.98,61.25,61.34,7899000
2016-03-29,61.26,61.9,61.25,61.49,7837800
2016-03-30,61.77,62.41,61.77,62.040001,7859300
2016-03-31,61.99,62.64,61.31,61.47,8257800
2016-04-01,61.22,61.82,61.15,61.59,7555300
2016-04-04,61.73,61.85,59.42,59.97,16523400
2016-04-05,59.62,60.17,59.44,59.67,7554000
2016-04-06,59.6,60.68,59.19,60.31,10201500
2016-04-07,59.79,60.58,59.71,60.3,7092900
2016-04-08,60.49,60.56,59.32,59.42,8761700
2016-04-11,59.73,59.78,57.82,57.92,12593400
2016-04-12,58.0,58.62,56.89,58.55,12471100
2016-04-13,59.02,59.95,58.83,59.58,10629100
2016-04-14,59.71,60.34,59.44,59.49,7785200
2016-04-15,59.02,59.59,58.39,59.5,7653600
2016-04-18,59.38,60.0,59.38,59.57,6075900
2016-04-19,59.96,59.99,59.33,59.56,6594400
2016-04-20,59.43,60.24,59.43,59.62,7177500
2016-04-21,60.53,60.53,59.71,60.080002,7156700
2016-04-22,60.18,60.22,58.97,59.43,8294300
2016-04-25,59.34,59.42,58.76,59.21,6117700
2016-04-26,59.31,59.97,59.27,59.54,5582200
2016-04-27,59.63,59.73,58.63,59.27,8094600
2016-04-28,58.95,59.89,58.42,58.54,6028600
2016-04-29,58.41,59.09,58.099998,58.94,8178700
2016-05-02,59.09,59.75,58.99,59.59,8647800
2016-05-03,59.24,59.85,59.029999,59.52,8061300
2016-05-04,59.23,59.96,58.82,59.11,8062800
2016-05-05,58.94,58.98,58.0,58.19,7846000
2016-05-06,58.16,58.44,57.38,58.43,7308000
2016-05-09,58.59,59.19,58.45,58.72,5604900
2016-05-10,58.61,59.99,58.61,59.2,7600200
2016-05-11,58.5,58.68,56.85,57.0099983,12823000
2016-05-12,57.52,58.34,57.31,57.99,8083700
2016-05-13,57.74,58.12,57.28,57.31,7392600
2016-05-16,57.27,57.53,56.63,57.14,8045900
2016-05-17,57.15,57.38,56.65,57.099998,7620700
2016-05-18,56.76,56.87,55.67,56.12,11532800
2016-05-19,55.82,57.3,55.67,57.040001,9376500
2016-05-20,55.88,57.060001,55.41,56.48,13745300
2016-05-23,56.6,56.97,55.95,55.99,7780700
2016-05-24,56.049999,56.77,55.86,56.59,11098700
2016-05-25,56.47,56.69,55.77,55.99,9921500
2016-05-26,56.049999,56.36,55.6,55.84,9063100
2016-05-27,56.17,56.53,55.98,56.19,8525900
2016-05-31,56.41,56.47,55.17,55.22,14233600
2016-06-01,53.33,55.040001,52.92,54.93,28409300
2016-06-02,54.22,54.67,54.22,54.53,13901700
2016-06-03,54.29,54.57,53.4,53.45,17265800
2016-06-06,53.77,54.54,53.69,54.3,13808300
2016-06-07,54.16,54.35,53.55,53.55,13334000
2016-06-08,53.83,54.34,53.66,54.12,12068500
2016-06-09,54.11,55.049999,53.88,54.94,11609800
2016-06-10,54.64,55.36,54.55,55.11,12183600
2016-06-13,55.0,55.64,54.88,54.91,8582200
2016-06-14,54.58,54.94,54.080002,54.12,9585600
2016-06-15,54.24,55.060001,54.24,54.31,7498400
2016-06-16,53.54,53.64,52.94,53.47,14456500
2016-06-17,53.45,53.87,53.16,53.71,11007100
2016-06-20,54.23,55.15,54.23,54.36,8429400
2016-06-21,54.46,55.09,54.44,54.77,8278200
2016-06-22,55.0,55.14,54.53,54.57,7019600
2016-06-23,55.11,55.18,53.95,54.12,11219800
2016-06-24,52.36,53.36,52.18,52.59,18481200
2016-06-27,52.0,52.52,51.48,51.89,15265700
2016-06-28,52.040001,53.2,51.57,53.09,20837800
2016-06-29,54.5,55.14,52.89,55.13,36084800
2016-06-30,55.29,55.43,54.6,55.2,17350500
2016-07-01,55.07,55.81,54.91,55.61,9285100
2016-07-05,55.34,55.91,55.0099983,55.2,10256100
2016-07-06,54.88,55.81,54.82,55.8,7863400
2016-07-07,55.8,55.98,55.56,55.92,6948000
2016-07-08,56.099998,56.82,56.09,56.72,8645900
2016-07-11,56.83,57.23,56.71,56.83,8122500
2016-07-12,57.09,58.2,57.07,58.060001,11164400
2016-07-13,58.18,58.44,57.73,57.99,9126500
2016-07-14,58.3,58.6,58.15,58.49,7488400
2016-07-15,58.59,58.87,57.87,57.87,9225200
2016-07-18,58.0,58.16,57.74,57.74,6478900
2016-07-19,57.46,57.77,57.15,57.76,7442700
2016-07-20,57.99,58.099998,57.74,57.76,5872400
2016-07-21,57.99,58.029999,56.57,56.99,8262000
2016-07-22,56.82,56.96,56.43,56.73,8614700
2016-07-25,56.87,57.15,56.46,57.14,7256300
2016-07-26,57.2,57.87,56.25,56.37,8546700
2016-07-27,56.5,57.0,55.47,55.79,10295400
2016-07-28,55.59,55.81,54.98,55.45,9574100
2016-07-29,55.27,55.66,55.21,55.5,6353400
2016-08-01,55.73,55.87,55.3,55.41,6268400
2016-08-02,55.23,55.28,54.78,54.92,7145600
2016-08-03,54.55,55.19,54.28,54.75,9687300
2016-08-04,54.96,55.57,54.65,54.79,8678100
2016-08-05,55.32,56.060001,55.17,55.85,7512500
2016-08-08,56.13,56.39,55.68,55.98,6307000
2016-08-09,56.080002,56.24,55.69,55.77,8044400
2016-08-10,55.95,56.18,55.07,55.13,6881400
2016-08-11,55.63,56.89,55.48,56.73,9539500
2016-08-12,56.7,56.76,56.13,56.45,5393400
2016-08-15,56.65,57.060001,56.62,56.77,4836300
2016-08-16,56.8,57.040001,56.42,56.88,4901800
2016-08-17,56.87,56.97,56.54,56.86,7340500
2016-08-18,56.99,57.46,56.9,57.21,6043600
2016-08-19,57.4,59.14,57.25,58.9,15987100
2016-08-22,58.82,59.46,58.65,58.66,8266000
2016-08-23,58.8,59.8,58.8,59.62,8222800
2016-08-24,59.89,60.33,59.72,60.22,11379000
2016-08-25,60.0099983,60.15,59.029999,59.24,8713900
2016-08-26,58.57,59.2,58.3,59.0,9994300
2016-08-29,59.2,59.25,58.53,58.63,5831000
2016-08-30,58.46,58.76,57.85,58.0,6344600
2016-08-31,57.86,58.28,57.19,57.64,7723600
2016-09-01,57.67,58.55,57.53,58.54,8225000
2016-09-02,58.63,59.18,57.99,58.02,6933100
2016-09-06,58.25,58.38,57.21,57.41,9771800
2016-09-07,57.48,57.78,57.0099983,57.72,7536100
2016-09-08,56.88,57.27,56.11,56.17,12741900
2016-09-09,55.88,56.0,55.27,55.33,11310400
2016-09-12,55.0,56.12,54.95,56.0099983,7470900
2016-09-13,55.86,55.94,55.12,55.37,7359400
2016-09-14,55.16,55.56,54.93,55.13,7621200
2016-09-15,55.0,55.54,54.81,55.47,6283900
2016-09-16,55.24,55.36,55.049999,55.18,11715400
2016-09-19,55.38,55.47,54.93,54.95,7671300
2016-09-20,55.26,55.44,54.76,54.87,8563000
2016-09-21,55.02,55.38,54.61,55.34,8041700
2016-09-22,55.47,55.98,55.24,55.41,8052400
2016-09-23,55.02,55.71,54.91,55.15,8921700
2016-09-26,54.8,55.0,54.080002,54.4,11629600
2016-09-27,54.25,55.54,53.9,55.34,17945200
2016-09-28,54.6,55.0,52.8,53.25,33213000
2016-09-29,52.92,53.58,52.12,52.16,16993900
2016-09-30,52.57,53.060001,52.28,52.65,12940200
2016-10-03,52.54,53.0,52.42,52.67,7632500
2016-10-04,52.9,53.060001,52.080002,52.14,10737400
2016-10-05,52.15,52.64,52.099998,52.12,7244100
2016-10-06,52.2,52.33,51.97,52.029999,9391700
2016-10-07,52.42,52.46,51.68,51.79,8407100
2016-10-10,52.13,52.25,51.77,51.79,5469300
2016-10-11,51.95,52.25,51.52,51.82,9203500
2016-10-12,52.0099983,52.71,51.8,52.44,9301300
2016-10-13,52.12,52.32,51.5,52.029999,8425800
2016-10-14,52.38,52.5,51.62,51.62,7133800
2016-10-17,51.65,51.75,50.96,51.029999,7904000
2016-10-18,51.3,51.66,51.19,51.22,6805200
2016-10-19,51.34,51.84,51.14,51.8,6999000
2016-10-20,51.77,52.36,51.69,51.89,6590500
2016-10-21,51.74,51.87,51.25,51.77,9161000
2016-10-24,52.16,52.29,51.83,51.87,7578200
2016-10-25,50.97,51.44,50.71,51.049999,14975300
2016-10-26,50.95,52.27,50.9,51.97,12401100
2016-10-27,52.34,52.34,51.69,51.89,7939200
2016-10-28,52.12,52.5,51.79,52.02,9096700
2016-10-31,50.88,51.15,50.0,50.18,17931300
2016-11-01,50.5,50.51,49.14,49.62,14100400
2016-11-02,49.24,50.27,49.0099983,49.72,10775900
2016-11-03,49.98,50.0,49.31,49.73,7678700
2016-11-04,49.8,50.45,49.76,49.96,9925200
2016-11-07,50.48,50.93,50.28,50.91,8358700
2016-11-08,51.099998,51.49,50.95,51.080002,8111400
2016-11-09,50.07,51.27,49.8,51.12,9058600
2016-11-10,51.29,51.37,50.33,50.39,12316100
2016-11-11,50.22,50.85,50.18,50.77,6300600
2016-11-14,51.18,51.19,50.21,50.21,8063900
2016-11-15,50.46,50.64,49.75,50.13,9299800
2016-11-16,50.0,50.8,49.95,50.68,6760300
2016-11-17,50.94,51.67,50.72,51.59,7671600
2016-11-18,51.39,51.89,50.96,51.099998,7461600
2016-11-21,51.0,51.42,50.95,51.28,5357200
2016-11-22,51.47,51.75,51.049999,51.71,5228100
2016-11-23,51.71,51.85,51.2,51.34,4141600
2016-11-25,51.68,51.74,51.35,51.52,2736800
2016-11-28,51.44,51.44,50.61,51.0099983,8602100
2016-11-29,51.2,51.37,50.57,50.63,6065700
2016-11-30,50.52,50.81,50.07,50.07,8198400
2016-12-01,50.11,51.25,50.060001,50.65,7610100
2016-12-02,50.26,50.68,50.11,50.46,6933300
2016-12-05,50.8,52.27,50.7,51.85,12031200
2016-12-06,50.83,51.099998,50.26,50.57,12496300
2016-12-07,50.79,52.25,50.6,52.099998,10412600
2016-12-08,52.15,52.47,51.45,51.55,9260900
2016-12-09,51.76,51.97,51.5,51.72,5869800
2016-12-12,51.5,51.9,50.94,51.54,11459500
2016-12-13,51.83,53.22,51.83,52.3,11442300
2016-12-14,52.24,52.34,51.59,51.79,8012800
2016-12-15,52.0,52.040001,51.09,51.29,9567500
2016-12-16,51.6,51.64,50.67,50.92,13984900
2016-12-19,50.91,51.36,50.48,50.85,9451700
2016-12-20,51.060001,51.99,50.75,51.79,15984100
2016-12-21,52.9,53.35,51.55,52.3,23236400
2016-12-22,52.8,53.0,52.029999,52.14,11798900
2016-12-23,51.99,52.35,51.67,51.91,9360800
2016-12-27,51.8,52.25,51.2,51.29,8175000
2016-12-28,51.31,51.5,50.87,51.02,6318000
2016-12-29,51.0,51.24,50.88,51.060001,4680800
2016-12-30,51.099998,51.33,50.7,50.83,7384300
2017-01-03,51.99,52.5,51.77,51.98,13295600
2017-01-04,52.23,53.35,52.09,53.07,13759500
2017-01-05,52.92,53.099998,52.44,53.060001,8682200
2017-01-06,53.09,54.09,52.98,53.91,12532400
2017-01-09,53.96,53.99,53.22,53.38,8835300
2017-01-10,53.55,53.73,53.11,53.11,8041900
2017-01-11,53.12,53.29,52.67,52.69,8208300
2017-01-12,52.51,52.69,52.16,52.4,7368700
2017-01-13,52.59,52.93,52.23,52.92,6694400
2017-01-17,53.4,53.95,53.0099983,53.65,9888500
2017-01-18,53.86,53.89,52.86,53.27,6743100
2017-01-19,53.84,53.94,52.89,52.93,8320600
2017-01-20,53.22,53.35,52.9,53.2,7861000
2017-01-23,53.02,53.26,52.72,53.24,7025700
2017-01-24,53.02,53.57,52.99,53.45,6321300
2017-01-25,53.73,54.12,53.69,53.86,6675000
2017-01-26,54.11,54.12,53.36,53.65,6202000
2017-01-27,53.68,54.080002,53.029999,53.19,7362000
2017-01-30,52.78,53.22,52.41,53.080002,9770800
2017-01-31,51.68,52.9,51.63,52.9,12342900
2017-02-01,52.98,53.26,52.61,53.02,8810900
2017-02-02,53.0,53.0099983,52.48,52.8,7874200
2017-02-03,52.62,52.81,52.25,52.36,8850400
2017-02-06,52.09,52.8,52.049999,52.8,7355200
2017-02-07,53.07,53.28,52.67,52.81,6446900
2017-02-08,52.74,53.94,52.7,53.88,9281100
2017-02-09,53.88,55.7,53.88,55.31,14345400
2017-02-10,55.63,56.47,55.63,56.22,14973400
2017-02-13,56.17,56.34,55.75,56.09,7679800
2017-02-14,55.92,56.69,55.83,56.45,8891400
2017-02-15,56.29,56.76,56.21,56.64,6652000
2017-02-16,56.88,56.92,56.099998,56.29,8374200
2017-02-17,56.12,56.8,55.86,56.75,12638000
2017-02-21,56.38,57.45,56.2,57.36,10955000
2017-02-22,57.48,58.38,57.36,58.24,10914100
2017-02-23,58.11,58.4,57.27,57.39,12316300
2017-02-24,57.39,58.42,57.07,57.86,9684500
2017-02-27,57.65,57.83,57.35,57.69,4375700
2017-02-28,57.37,57.55,56.86,57.16,7951300
2017-03-01,57.86,58.029999,57.33,57.95,8558900
2017-03-02,57.9,58.25,57.65,57.8,6438400
2017-03-03,57.8,57.8,56.51,56.7,9181600
2017-03-06,56.7,56.93,56.53,56.77,6896800
2017-03-07,56.71,56.99,56.02,56.55,7124400
2017-03-08,56.94,56.94,56.31,56.51,7604800
2017-03-09,56.61,56.66,56.09,56.36,6165700
2017-03-10,56.49,56.99,56.26,56.43,8882400
2017-03-13,56.43,56.82,56.11,56.67,7235900
2017-03-14,56.87,58.0099983,56.72,57.28,9286900
2017-03-15,57.63,57.99,56.75,57.66,10067500
2017-03-16,57.43,57.72,56.83,57.6,9895000
2017-03-17,57.77,57.89,57.31,57.8,10791500
2017-03-20,58.0,58.81,57.96,58.68,13352500
2017-03-21,58.78,59.0,57.72,58.0099983,15269800
2017-03-22,54.76,55.0,53.76,53.92,37413400
2017-03-23,54.61,55.55,54.52,55.37,23848300
2017-03-24,55.29,56.64,55.12,56.36,14438600
2017-03-27,55.64,56.25,55.54,55.93,8663600
2017-03-28,55.99,56.78,55.79,56.62,7823900
2017-03-29,56.41,57.099998,56.35,56.68,7456200
2017-03-30,56.48,56.6,55.81,56.040001,7210500
2017-03-31,56.0,56.029999,55.65,55.73,5905600
2017-04-03,55.74,55.8,55.15,55.56,7088800
2017-04-04,55.15,55.3,54.83,55.040001,8843300
2017-04-05,54.97,55.8,54.5,54.98,7722100
2017-04-06,55.07,55.94,54.94,55.14,6692200
2017-04-07,55.099998,55.24,54.77,55.11,6078300
2017-04-10,55.0,55.33,54.72,54.9,5472700
2017-04-11,54.95,55.07,54.55,54.92,4348600
2017-04-12,54.66,55.62,54.5,55.57,8504100
2017-04-13,55.41,55.6,55.26,55.34,5282100
2017-04-17,55.32,56.34,55.25,56.24,7688700
2017-04-18,56.02,56.42,55.8,56.11,5651100
2017-04-19,56.16,56.22,55.74,55.86,5947700
2017-04-20,55.96,56.69,55.88,56.4,6867100
2017-04-21,56.29,56.38,55.68,55.85,6055600
2017-04-24,56.14,56.21,55.47,55.47,10777700
2017-04-25,55.53,55.77,55.41,55.45,8971000
2017-04-26,55.46,55.84,55.12,55.16,10936000
2017-04-27,55.18,55.57,54.91,55.47,8558000
2017-04-28,55.43,55.53,55.14,55.41,6437700
2017-05-01,55.43,55.45,54.98,54.99,4881400
2017-05-02,55.12,55.16,54.79,55.07,7363600
2017-05-03,55.17,55.3,54.4,54.53,9474700
2017-05-04,54.68,54.83,54.2,54.47,6830600
2017-05-05,54.41,54.5,53.56,53.95,13379900
2017-05-08,54.18,54.51,53.83,54.3,8728100
2017-05-09,54.33,55.080002,54.16,54.89,6441200
2017-05-10,54.91,55.060001,54.51,54.56,5823000
2017-05-11,54.52,54.52,53.4,54.24,6499600
2017-05-12,54.099998,54.39,53.79,54.2,5606300
2017-05-15,54.12,54.2,53.68,53.77,8201700
2017-05-16,52.37,53.38,52.12,52.78,14562700
2017-05-17,52.78,52.87,51.8,51.8,18341500
2017-05-18,51.97,52.080002,51.3,51.68,22576500
2017-05-19,51.0,52.11,50.81,51.77,20047800
2017-05-22,51.77,51.96,51.4,51.57,13671500
2017-05-23,51.98,52.63,51.88,52.2,11087300
2017-05-24,52.25,52.3,51.74,52.0099983,9383600
2017-05-25,52.38,52.59,52.21,52.35,7627500
2017-05-26,52.35,52.76,52.23,52.59,5921300
2017-05-30,52.76,53.02,52.64,52.92,8039600
2017-05-31,53.02,53.28,52.71,52.99,8938800
2017-06-01,53.060001,53.3,52.21,52.3,13352100
2017-06-02,52.7,53.0099983,52.36,52.98,18511200
2017-06-05,53.0,53.23,52.7,53.0099983,5748900
2017-06-06,52.9,53.099998,52.43,52.48,8923000
2017-06-07,52.79,53.36,52.75,53.23,7438300
2017-06-08,53.23,54.14,53.15,53.2,7785600
2017-06-09,53.2,53.47,52.8,53.46,8347400
2017-06-12,53.51,54.25,53.5,54.029999,9180000
2017-06-13,54.029999,54.66,53.84,54.31,8720100
2017-06-14,54.48,54.67,53.95,54.66,6783900
2017-06-15,54.0,54.049999,52.73,52.9,16041100
2017-06-16,51.75,51.84,50.79,51.099998,25725500
2017-06-19,51.42,52.22,51.4,52.02,11265300
2017-06-20,52.049999,52.13,51.099998,51.56,10676500
2017-06-21,51.9,52.69,51.9,52.59,13021700
2017-06-22,52.6,52.62,52.09,52.4,10660700
2017-06-23,52.15,52.92,51.67,52.85,8522400
2017-06-26,52.95,53.57,52.67,53.28,7966200
2017-06-27,53.19,53.26,52.64,52.95,7873100
2017-06-28,53.17,53.61,52.96,53.36,7527200
2017-06-29,53.33,53.63,52.99,53.17,14801900
2017-06-30,56.6,59.71,56.5,59.0,46553000
2017-07-03,58.37,59.0099983,58.33,58.65,9910000
2017-07-05,58.24,58.29,57.51,57.56,16167000
2017-07-06,57.45,57.72,57.0,57.16,9035700
2017-07-07,57.4,58.080002,57.029999,57.98,8145400
2017-07-10,57.89,58.81,57.68,58.73,8942400
2017-07-11,58.54,58.93,58.040001,58.18,7223000
2017-07-12,58.31,58.75,58.099998,58.22,7243100
2017-07-13,58.22,58.58,57.93,57.94,8108600
2017-07-14,57.95,58.21,57.64,58.0,6345300
2017-07-17,58.0,58.35,57.76,57.79,6885000
2017-07-18,57.74,58.080002,57.47,57.65,4922500
2017-07-19,57.6,57.88,57.39,57.77,4451100
2017-07-20,59.12,59.59,58.8,59.099998,11915500
2017-07-21,59.0,60.0,58.91,59.95,11048300
2017-07-24,59.69,59.77,58.76,58.95,7498900
2017-07-25,59.32,59.52,58.92,59.39,5157100
2017-07-26,59.09,59.13,58.32,58.36,5529500
2017-07-27,58.6,58.68,57.99,58.15,8259900
2017-07-28,58.15,58.74,57.97,58.67,5112800
2017-07-31,58.71,59.12,58.33,59.049999,6225900
2017-08-01,59.0,59.94,58.9,59.84,9051700
2017-08-02,59.55,59.95,59.27,59.79,4468100
2017-08-03,59.8,60.53,59.64,60.14,5677200
2017-08-04,60.17,60.34,59.63,59.76,4106000
2017-08-07,59.82,60.099998,59.71,59.79,4066700
2017-08-08,59.88,60.12,59.36,59.46,5586400
2017-08-09,59.42,59.97,59.26,59.9,5310900
2017-08-10,59.68,59.69,59.060001,59.07,5585100
2017-08-11,58.73,59.27,58.59,58.97,4980000
2017-08-14,59.15,60.0,59.13,59.78,5900000
2017-08-15,58.94,59.0099983,58.29,58.56,8913000
2017-08-16,58.9,59.049999,58.22,58.54,5489600
2017-08-17,58.53,58.74,57.42,57.46,9148600
2017-08-18,54.85,55.42,54.17,54.95,22905200
2017-08-21,54.44,54.44,53.11,53.61,14289300
2017-08-22,53.92,54.41,53.79,54.13,8212800
2017-08-23,53.92,54.080002,53.45,53.61,6409400
2017-08-24,53.93,53.97,53.46,53.84,5461900
2017-08-25,54.029999,54.2,53.54,53.9,6416600
2017-08-28,54.07,54.43,53.62,53.73,5269400
2017-08-29,52.74,52.88,52.07,52.73,12539900
2017-08-30,52.8,52.96,52.25,52.56,7434500
2017-08-31,52.6,52.98,52.47,52.81,7728900
2017-09-01,53.0,53.45,52.9,53.36,5509800
2017-09-05,53.25,53.47,52.88,53.0099983,6306500
2017-09-06,53.12,53.34,52.71,52.76,7407600
2017-09-07,52.76,52.85,52.34,52.39,6905800
2017-09-08,52.25,52.51,52.11,52.2,8563300
2017-09-11,52.38,53.13,52.32,53.029999,8649900
2017-09-12,53.77,54.09,53.3,53.4,7823700
2017-09-13,53.45,53.64,53.040001,53.52,6086000
2017-09-14,53.54,53.89,53.12,53.73,7497400
2017-09-15,53.86,54.060001,53.52,53.87,10046800
2017-09-18,53.87,54.16,53.4,53.5,8166400
2017-09-19,52.78,54.049999,52.51,53.33,14707200
2017-09-20,53.49,53.64,53.040001,53.56,7058000
2017-09-21,53.55,53.64,53.09,53.19,8065400
2017-09-22,53.02,53.61,52.8,53.24,10962400
2017-09-25,53.080002,53.56,53.0,53.23,12262400
2017-09-26,53.18,53.97,52.98,53.7,16183700
2017-09-27,52.17,52.69,51.029999,52.67,36202500
2017-09-28,52.8,53.029999,52.33,52.63,11334700
2017-09-29,52.59,52.82,51.76,51.85,12189900
2017-10-02,52.16,52.21,51.66,51.87,7516200
2017-10-03,52.0,52.049999,51.4,51.47,8126700
2017-10-04,51.51,52.13,51.4,52.080002,8204300
2017-10-05,52.0099983,52.32,51.78,52.18,5287400
2017-10-06,52.2,52.46,52.12,52.42,5360300
2017-10-09,52.23,52.3,51.5,51.52,6875100
2017-10-10,51.58,51.82,51.37,51.53,8372700
2017-10-11,51.39,51.52,50.83,51.029999,9109600
2017-10-12,50.98,51.12,50.35,50.83,10658400
2017-10-13,50.83,51.07,50.4,50.98,16227900
2017-10-16,50.8,51.41,50.64,51.37,9299300
2017-10-17,51.5,52.040001,51.38,52.0,9492700
2017-10-18,52.18,52.4,52.099998,52.3,10890300
2017-10-19,51.66,52.8,51.48,52.69,12568200
2017-10-20,52.79,53.5,52.79,53.060001,13020900
2017-10-23,53.060001,53.95,53.0,53.66,12242600
2017-10-24,53.9,54.0,53.099998,53.42,14767600
2017-10-25,53.43,55.91,52.67,54.94,24804000
2017-10-26,55.26,57.25,55.14,56.81,22185100
2017-10-27,55.82,56.36,55.65,55.96,12801800
2017-10-30,55.71,55.93,54.84,55.27,10169400
2017-10-31,54.75,55.28,54.52,54.99,9794800
2017-11-01,55.42,55.5,54.85,55.07,7544500
2017-11-02,55.15,55.32,54.59,55.12,7250300
2017-11-03,55.15,55.72,55.040001,55.71,9448200
2017-11-06,55.29,56.13,55.14,56.040001,9332200
2017-11-07,55.75,56.02,55.02,55.15,7774700
2017-11-08,55.0,55.77,54.89,55.76,7079400
2017-11-09,55.5,56.35,55.31,56.13,10958500
2017-11-10,55.88,56.49,55.62,56.09,7535700
2017-11-13,55.66,56.09,55.66,55.91,10106100
2017-11-14,55.71,56.18,55.53,55.98,5037500
2017-11-15,55.96,56.87,55.080002,56.63,6610500
2017-11-16,56.62,57.28,56.41,57.23,8233300
2017-11-17,58.54,59.53,58.37,59.19,15475500
2017-11-20,58.63,59.5,57.98,59.25,8480600
2017-11-21,59.029999,59.4,58.93,59.39,9057800
2017-11-22,59.18,59.34,58.94,59.07,8501300
2017-11-24,59.0,59.35,58.91,59.32,3400400
2017-11-27,59.2,59.7,59.17,59.63,7891600
2017-11-28,58.76,59.6,58.54,59.58,8665300
2017-11-29,59.73,60.63,59.73,60.36,12022800
2017-11-30,60.26,61.21,60.2,60.42,12551200
2017-12-01,60.42,60.43,59.24,59.88,10113500
2017-12-04,60.27,60.7,59.97,60.099998,7513200
2017-12-05,60.65,60.8,59.65,60.42,8862900
2017-12-06,60.41,60.85,59.7,59.72,7862200
2017-12-07,59.86,61.060001,59.65,60.6,6113300
2017-12-08,60.5,61.37,60.29,61.3,6065200
2017-12-11,61.37,62.22,61.3,61.91,9017800
2017-12-12,61.81,62.53,61.65,62.17,7358000
2017-12-13,62.22,64.46,62.02,64.3,16072600
2017-12-14,64.43,64.85,64.050003,64.53,13055100
2017-12-15,64.89,65.07,64.15,64.79,15659300
2017-12-18,64.93,65.080002,64.39,64.81,12652000
2017-12-19,65.15,65.19,64.18,64.24,8212500
2017-12-20,64.39,64.5,63.58,63.59,12468600
2017-12-21,64.29,64.98,63.3,64.77,14352300
2017-12-22,61.2,63.54,60.13,63.29,20414200
2017-12-26,62.9,63.89,62.81,63.65,4563500
2017-12-27,63.56,63.6,62.77,62.95,8959700
2017-12-28,63.0,63.32,62.85,62.95,3987200
2017-12-29,63.21,63.37,62.55,62.55,5222100
2018-01-02,62.85,63.49,62.85,63.49,6511000
2018-01-03,63.48,63.66,62.76,63.48,6091100
2018-01-04,63.4,63.55,62.55,63.44,5780500
2018-01-05,63.7,64.3,63.47,63.98,11632300
2018-01-08,64.15,64.71,63.98,64.55,11905700
2018-01-09,64.23,64.72,63.47,64.089996,8771300
2018-01-10,63.88,64.23,63.44,64.22,5010600
2018-01-11,64.029999,64.31,63.78,64.29,5103500
2018-01-12,64.5,64.72,64.32,64.67,5135700
2018-01-16,64.78,65.36,63.37,63.42,9117000
2018-01-17,63.67,64.010002,63.080002,63.81,7422600
2018-01-18,64.0,64.21,63.54,64.11,5656900
2018-01-19,65.31,67.24,65.12,67.21,12896100
2018-01-22,66.55,66.83,65.76,66.39,8491800
2018-01-23,66.53,67.33,66.44,67.14,6412000
2018-01-24,67.34,68.18,67.07,68.0,7421800
2018-01-25,68.13,68.64,67.45,67.71,5707600
2018-01-26,68.2,68.64,67.92,68.040001,6290500
2018-01-29,67.82,68.14,67.42,67.58,5067300
2018-01-30,67.5,68.31,67.16,67.33,6350500
2018-01-31,67.5,68.83,67.47,68.22,11036400
2018-02-01,67.67,67.97,66.7,67.65,5790500
2018-02-02,67.22,67.79,67.0,67.22,9348300
2018-02-05,66.63,67.21,64.39,64.39,12549500
2018-02-06,62.48,65.42,62.09,65.22,13356700
2018-02-07,65.15,66.84,65.099998,65.63,8845700
2018-02-08,65.53,65.71,62.46,62.49,14121800
2018-02-09,63.76,66.050003,62.84,65.49,13733300
2018-02-12,65.94,66.82,65.68,65.98,9792200
2018-02-13,65.85,66.23,65.43,65.87,9538400
2018-02-14,65.72,68.029999,65.55,67.96,8662600
2018-02-15,68.39,68.76,67.25,68.29,7390200
2018-02-16,67.9,69.0,67.74,68.3,6842100
2018-02-20,67.64,67.97,67.050003,67.49,4859100
2018-02-21,67.66,68.019997,67.029999,67.050003,5107900
2018-02-22,67.25,67.48,66.74,67.13,6515800
2018-02-23,67.39,68.16,66.85,68.16,4428500
2018-02-26,68.39,69.81,68.34,69.65,6499500
2018-02-27,70.0,70.25,68.029999,68.029999,6843100
2018-02-28,68.099998,68.3,67.010002,67.029999,6091800
2018-03-01,67.24,67.67,65.67,66.32,7323900
2018-03-02,64.91,66.089996,64.21,65.89,8380500
2018-03-05,65.48,65.49,64.34,65.050003,8838400
2018-03-06,65.21,65.36,64.63,65.24,6550100
2018-03-07,64.51,64.79,63.89,64.17,6457600
2018-03-08,64.56,65.25,64.48,65.11,5573000
2018-03-09,65.51,66.51,65.36,66.3,5838400
2018-03-12,66.65,67.61,66.32,66.82,7522700
2018-03-13,67.3,67.69,66.13,66.17,5167300
2018-03-14,66.65,66.9,65.67,66.2,6463800
2018-03-15,66.49,66.61,66.13,66.39,5260800
2018-03-16,66.31,66.69,65.91,65.91,12860900
2018-03-19,65.7,66.34,65.19,65.71,7255600
2018-03-20,65.94,66.87,65.93,66.8,6906200
2018-03-21,66.73,67.21,66.31,66.35,5805200
2018-03-22,65.6,66.15,64.23,64.42,12313300
2018-03-23,66.7,67.11,64.46,64.63,17343800
2018-03-26,65.080002,66.059998,64.99,65.9,10796000
2018-03-27,65.89,67.64,65.43,66.17,9452500
2018-03-28,66.59,67.15,65.27,65.44,7208400
2018-03-29,65.7,66.55,65.61,66.44,10748300
2018-04-02,65.97,66.050003,63.21,64.12,12383900
2018-04-03,64.47,66.73,64.36,66.7,8766400
2018-04-04,65.97,68.5,65.93,68.42,10275800
2018-04-05,68.5,69.78,68.39,69.59,9093300
2018-04-06,68.51,69.31,66.93,67.55,9719300
2018-04-09,68.39,68.55,67.15,67.18,6504500
2018-04-10,67.81,67.88,66.49,67.0,10098900
2018-04-11,66.58,67.2,66.52,66.83,5185500
2018-04-12,67.07,68.0,67.07,67.77,5145300
2018-04-13,68.12,68.33,66.98,67.25,4300200
2018-04-16,67.81,67.98,67.059998,67.059998,6484400
2018-04-17,67.37,67.67,67.28,67.51,5605700
2018-04-18,67.53,67.74,66.16,66.2,7384000
2018-04-19,66.029999,66.3,64.99,65.73,8274300
2018-04-20,65.75,66.11,65.45,66.089996,10402800
2018-04-23,66.0,67.029999,65.95,66.88,6338400
2018-04-24,67.31,67.51,66.72,66.97,8176100
2018-04-25,66.84,67.0,66.25,66.67,5188900
2018-04-26,66.78,68.29,66.64,68.050003,5355200
2018-04-27,68.47,70.0,68.45,69.56,7814900
2018-04-30,69.58,69.81,68.39,68.39,6484100
2018-05-01,67.98,68.21,67.029999,68.099998,4957800
2018-05-02,68.040001,68.56,67.48,68.26,5752100
2018-05-03,67.8,67.85,66.64,66.9,6155900
2018-05-04,66.84,68.33,66.8,68.099998,5132900
2018-05-07,68.059998,69.42,68.059998,69.34,5041600
2018-05-08,69.2,69.23,68.2,68.46,6534900
2018-05-09,68.42,68.47,67.010002,67.95,7956300
2018-05-10,68.14,68.27,67.33,67.92,4965200
2018-05-11,68.029999,68.53,67.91,68.43,4145100
2018-05-14,68.6,68.89,68.11,68.84,3453800
2018-05-15,68.31,69.52,68.23,69.5,5045000
2018-05-16,69.67,71.51,69.62,71.34,9693000
2018-05-17,71.4,71.6,70.82,70.94,6064700
2018-05-18,70.76,71.59,70.47,71.32,5688100
2018-05-21,71.48,71.7,70.71,71.38,5480700
2018-05-22,71.46,72.19,71.26,71.31,5675300
2018-05-23,70.95,71.92,70.83,71.34,6806400
2018-05-24,71.43,72.28,71.32,72.18,5613800
2018-05-25,73.099998,73.49,71.63,72.25,5889700
2018-05-29,71.52,71.61,70.43,70.92,5857900
2018-05-30,71.46,72.29,70.94,72.23,5799900
2018-05-31,72.0,72.22,71.24,71.8,7856200
2018-06-01,72.12,72.95,72.12,72.76,4085900
2018-06-04,73.0,73.87,72.79,73.83,4581900
2018-06-05,73.61,74.22,73.14,74.050003,4928700
2018-06-06,74.38,74.94,74.19,74.75,5318100
2018-06-07,74.95,75.91,74.65,74.76,6846300
2018-06-08,74.78,75.07,74.3,74.9,5524900
2018-06-11,75.059998,75.21,74.54,74.59,4902800
2018-06-12,74.42,74.61,74.07,74.29,4356500
2018-06-13,74.27,74.9,73.99,74.11,4696200
2018-06-14,74.6,75.15,74.35,74.7,4636000
2018-06-15,74.71,75.85,74.5,75.84,10977300
2018-06-18,75.28,75.76,74.91,75.61,4515900
2018-06-19,74.5,74.92,73.65,74.26,7562200
2018-06-20,74.2,74.91,73.97,74.72,4424900
2018-06-21,73.7,74.79,73.55,73.94,5537900
2018-06-22,73.57,74.41,73.21,73.43,9404900
2018-06-25,73.32,73.36,72.029999,72.35,9064100
2018-06-26,72.5,73.29,72.35,72.56,7072600
2018-06-27,72.73,72.95,71.15,71.35,7624700
2018-06-28,71.45,72.12,71.35,71.7,9118500
2018-06-29,78.76,81.0,78.36,79.68,31314100
2018-07-02,78.58,79.48,77.019997,78.35,11867000
2018-07-03,77.41,77.89,76.099998,76.28,5794900
2018-07-05,76.62,77.42,76.14,76.55,6534500
2018-07-06,76.48,77.080002,76.07,76.48,5916200
2018-07-09,76.84,77.38,76.35,77.28,4871400
2018-07-10,77.44,78.089996,77.16,77.57,6281800
2018-07-11,77.13,77.64,76.83,77.36,3656600
2018-07-12,77.94,78.18,77.23,77.37,4879200
2018-07-13,77.2,77.61,77.14,77.38,2963100
2018-07-16,77.36,78.099998,77.3,77.75,4755100
2018-07-17,77.51,78.019997,77.4,77.47,4355400
2018-07-18,77.43,77.62,76.32,76.59,6101600
2018-07-19,75.93,77.16,75.8,76.95,4875100
2018-07-20,76.31,77.080002,76.16,76.96,5246400
2018-07-23,76.71,76.95,76.13,76.59,4198200
2018-07-24,76.85,77.089996,75.44,75.53,6054000
2018-07-25,75.24,77.18,75.059998,77.16,5542400
2018-07-26,77.0,78.44,76.82,78.15,6706200
2018-07-27,78.17,78.41,76.79,76.89,6125700
2018-07-30,76.88,76.96,75.43,75.96,7275300
2018-07-31,76.44,77.59,76.16,76.91,8265600
2018-08-01,76.5,78.059998,76.5,77.54,6878300
2018-08-02,77.77,79.07,77.4,78.65,5313800
2018-08-03,78.73,78.98,78.44,78.74,3762100
2018-08-06,78.74,79.58,78.43,79.51,4280600
2018-08-07,79.73,80.63,79.27,80.53,5418900
2018-08-08,80.21,81.080002,80.040001,80.5,5327100
2018-08-09,80.49,81.88,80.41,81.26,4558500
2018-08-10,80.82,81.29,80.29,80.73,5036700
2018-08-13,80.82,81.15,80.010002,80.15,4101200
2018-08-14,80.33,80.85,79.68,80.14,6079700
2018-08-15,79.57,79.86,79.12,79.57,5057200
2018-08-16,79.9,80.61,79.8,80.050003,5475800
2018-08-17,80.040001,80.44,79.68,79.75,9001400
2018-08-20,81.52,82.42,80.95,82.18,9345200
2018-08-21,82.31,83.080002,82.019997,82.95,6337000
2018-08-22,83.099998,83.68,82.28,82.64,4308300
2018-08-23,82.43,83.57,82.34,82.91,4156900
2018-08-24,82.42,82.88,82.099998,82.45,3453000
2018-08-27,83.040001,83.45,82.23,82.65,4012400
2018-08-28,83.23,83.63,82.48,82.58,3788800
2018-08-29,82.42,83.099998,82.22,82.79,5712400
2018-08-30,82.58,82.76,81.010002,81.4,7122100
2018-08-31,81.25,82.25,81.25,82.2,5177100
2018-09-04,79.39,80.97,79.0,79.6,18565800
2018-09-05,79.65,80.32,79.3,79.92,12269100
2018-09-06,80.17,80.84,79.77,80.4,8576900
2018-09-07,80.010002,81.16,80.010002,80.3,6633900
2018-09-10,81.39,82.44,81.22,82.099998,6965600
2018-09-11,83.2,83.58,82.55,82.63,7166800
2018-09-12,82.7,83.040001,82.040001,83.0,5384300
2018-09-13,83.21,83.9,83.12,83.47,5382100
2018-09-14,83.58,83.84,83.059998,83.49,4884400
2018-09-17,83.49,83.93,82.94,83.26,4861100
2018-09-18,83.24,85.35,83.24,85.26,7277700
2018-09-19,85.69,85.85,84.12,84.43,8053100
2018-09-20,85.089996,85.87,84.93,85.37,6620300
2018-09-21,86.0,86.040001,85.010002,85.55,13852700
2018-09-24,85.16,85.26,84.25,84.27,8770400
2018-09-25,84.86,85.099998,84.07,84.79,10519500
2018-09-26,82.61,84.73,81.95,83.7,16357100
2018-09-27,83.77,84.92,83.73,84.54,6080600
2018-09-28,84.29,85.27,84.25,84.72,7452700
2018-10-01,85.099998,85.85,84.37,84.46,7876400
2018-10-02,84.34,84.55,82.5,82.77,8446900
2018-10-03,81.93,82.96,81.75,82.5,10046700
2018-10-04,82.34,82.48,80.019997,80.18,9161100
2018-10-05,80.089996,80.99,79.43,80.12,7019100
2018-10-08,80.040001,80.54,79.080002,80.23,8058700
2018-10-09,80.37,81.49,80.16,80.42,7643400
2018-10-10,79.66,80.040001,74.77,74.94,12977800
2018-10-11,74.77,77.07,73.9,74.51,11532100
2018-10-12,75.97,76.86,74.91,75.91,10393800
2018-10-15,75.77,76.16,74.97,74.99,5789000
2018-10-16,75.6,77.65,75.32,77.48,7744200
2018-10-17,77.52,77.8,75.94,76.48,6816900
2018-10-18,77.4,77.41,75.0,75.6,7622200
2018-10-19,75.83,76.050003,74.14,74.21,7301200
2018-10-22,74.65,75.21,74.3,74.9,7042500
2018-10-23,74.19,74.38,72.07,73.35,11423800
2018-10-24,73.47,74.61,71.95,72.12,8333900
2018-10-25,72.69,73.5,72.23,73.099998,7648000
2018-10-26,72.0,72.71,70.69,72.07,8371100
2018-10-29,73.26,74.010002,71.39,72.19,9874200
2018-10-30,73.07,74.64,72.81,74.51,9470000
2018-10-31,75.5,76.34,74.92,75.040001,8755500
2018-11-01,75.23,76.84,74.84,76.79,6117800
2018-11-02,77.53,78.59,75.71,76.58,6995100
2018-11-05,76.49,77.77,76.050003,77.53,7143300
2018-11-06,77.34,77.58,76.36,76.57,6424200
2018-11-07,76.94,78.23,76.57,77.97,5403900
2018-11-08,77.69,78.16,77.24,77.78,5425000
2018-11-09,77.71,77.77,75.53,76.36,4737600
2018-11-12,76.35,76.77,74.99,75.099998,5204900
2018-11-13,75.53,76.27,74.84,75.2,4584600
2018-11-14,76.32,77.49,74.89,75.2,7984200
2018-11-15,74.44,74.67,72.89,74.33,7858300
2018-11-16,73.76,75.52,73.059998,74.74,8064200
2018-11-19,74.69,74.75,71.86,72.52,6744900
2018-11-20,70.49,72.07,69.52,71.12,9053900
2018-11-21,71.99,72.9,71.81,72.37,7326100
2018-11-23,72.050003,72.52,71.41,71.49,2582300
2018-11-26,72.34,73.0,72.27,72.71,6458300
2018-11-27,72.28,72.55,71.3,72.089996,5008000
2018-11-28,72.3,74.76,72.3,74.66,6167200
2018-11-29,74.64,74.95,73.32,74.34,5436700
2018-11-30,74.18,75.48,73.9,75.12,7947300
2018-12-03,77.099998,79.0,76.93,77.94,10211800
2018-12-04,77.42,78.4,75.41,75.79,8800400
2018-12-06,74.37,75.57,73.59,75.54,9693700
2018-12-07,75.040001,75.97,72.87,73.34,6133700
2018-12-10,73.099998,73.71,70.61,72.51,7235000
2018-12-11,73.87,74.57,72.56,73.57,7794500
2018-12-12,74.52,75.28,73.51,74.32,6950400
2018-12-13,74.5,74.59,72.59,72.93,7454800
2018-12-14,71.97,73.65,71.41,72.53,7221200
2018-12-17,71.37,71.77,69.46,69.9,10647700
2018-12-18,70.9,72.41,70.43,71.15,7533300
2018-12-19,71.45,72.0,68.32,68.97,8426100
2018-12-20,68.73,69.57,66.53,67.53,14488500
2018-12-21,73.29,74.29,71.25,72.37,28487900
2018-12-24,71.4,71.93,68.080002,68.099998,8551400
2018-12-26,68.7,73.010002,68.65,73.010002,10019200
2018-12-27,72.18,73.73,70.99,73.67,9004900
2018-12-28,73.97,74.46,72.57,73.34,6197000
2018-12-31,73.98,74.46,73.52,74.14,5519100
2019-01-02,72.79,74.64,72.19,74.059998,6762700
2019-01-03,73.25,73.32,71.21,72.75,8007400
2019-01-04,73.45,75.12,73.12,74.65,7844200
2019-01-07,74.74,76.36,74.3,75.72,8184800
2019-01-08,76.83,77.4,76.2,76.73,8809000
2019-01-09,76.97,77.15,76.14,76.59,8591000
2019-01-10,75.64,77.34,75.46,76.42,11148600
2019-01-11,76.34,76.89,75.8,76.040001,10689900
2019-01-14,75.46,76.81,75.46,76.089996,5677400
2019-01-15,76.19,77.98,76.13,77.88,6212400
2019-01-16,78.0,78.85,77.59,77.68,5697100
2019-01-17,77.54,79.4,77.31,79.13,7737300
2019-01-18,79.95,80.97,79.74,80.45,10404100
2019-01-22,80.33,81.31,80.2,80.75,8781700
2019-01-23,81.19,81.4,80.22,80.5,5823000
2019-01-24,80.6,80.87,79.55,80.44,4753200
2019-01-25,81.25,81.33,80.43,80.61,4457100
2019-01-28,79.8,80.51,79.74,80.32,5452000
2019-01-29,80.36,80.83,79.84,80.22,4187500
2019-01-30,80.4,81.29,80.059998,81.28,5200200
2019-01-31,81.18,81.95,80.71,81.88,8599200
2019-02-01,81.83,81.9,81.13,81.51,5351900
2019-02-04,81.22,82.0,80.83,81.99,4236600
2019-02-05,81.98,83.19,81.93,82.86,6545600
2019-02-06,82.51,82.71,81.64,82.71,3682800
2019-02-07,82.15,82.85,81.71,82.39,4827500
2019-02-08,82.25,82.72,81.94,82.36,3786500
2019-02-11,82.95,83.83,82.87,83.68,6158500
2019-02-12,83.97,84.84,83.62,84.71,6290300
2019-02-13,84.76,85.59,84.76,85.4,5032800
2019-02-14,84.61,85.14,83.7,84.68,5179000
2019-02-15,85.49,85.78,85.099998,85.38,6111300
2019-02-19,84.58,85.050003,84.46,84.57,5105900
2019-02-20,84.63,84.95,84.35,84.84,6436100
2019-02-21,83.57,84.15,83.35,83.95,8579200
2019-02-22,84.2,85.019997,84.029999,84.76,4449500
2019-02-25,85.39,85.73,84.96,85.17,6229700
2019-02-26,85.31,86.080002,85.2,85.8,6678700
2019-02-27,85.53,86.22,85.059998,86.17,4588200
2019-02-28,86.080002,86.4,85.68,85.73,4988100
2019-03-01,86.93,87.99,86.24,87.16,6314900
2019-03-04,87.32,87.99,85.11,85.64,7339500
2019-03-05,85.88,86.25,85.44,85.44,4976300
2019-03-06,85.6,85.99,85.040001,85.13,3198000
2019-03-07,84.97,85.41,84.66,85.26,4321800
2019-03-08,84.58,84.88,84.019997,84.8,4669700
2019-03-11,85.39,85.94,85.050003,85.82,3999800
2019-03-12,85.78,86.080002,85.019997,85.43,4431600
2019-03-13,85.7,86.66,85.6,85.93,5037800
2019-03-14,86.15,86.88,85.7,86.87,5906100
2019-03-15,87.22,87.61,85.96,86.8,11031400
2019-03-18,87.3,87.84,87.0,87.82,7750700
2019-03-19,88.22,88.59,87.29,87.69,6642200
2019-03-20,87.5,87.58,86.089996,86.69,5991500
2019-03-21,87.24,88.12,86.83,88.010002,10386900
2019-03-22,85.2,85.9,82.15,82.19,21659800
2019-03-25,81.48,83.22,80.89,82.33,15558300
2019-03-26,83.63,84.089996,82.91,83.38,9611900
2019-03-27,83.69,83.8,82.040001,83.089996,6485100
2019-03-28,83.93,84.72,83.7,84.040001,6032700
2019-03-29,84.6,84.85,83.86,84.21,6492000
2019-04-01,85.040001,85.32,84.7,85.23,6737400
2019-04-02,85.0,85.26,84.16,84.37,4433800
2019-04-03,84.9,84.99,84.25,84.47,4080900
2019-04-04,84.49,85.38,84.36,85.28,3660700
2019-04-05,86.0,86.16,85.050003,85.4,7367400
2019-04-08,85.010002,85.29,84.57,84.73,4705800
2019-04-09,84.22,84.6,83.97,84.28,3804500
2019-04-10,84.64,85.010002,84.56,84.88,3918400
2019-04-11,84.9,85.050003,84.28,85.0,3347400
2019-04-12,85.3,86.49,85.29,86.24,6037000
2019-04-15,86.89,87.24,86.44,86.83,5034900
2019-04-16,87.0,87.95,87.0,87.8,4652700
2019-04-17,87.95,88.97,87.45,88.73,5694900
2019-04-18,88.76,90.0,88.7,89.2,7016600
2019-04-22,88.35,88.64,87.3,87.36,5390500
2019-04-23,87.57,87.67,87.010002,87.43,7513700
2019-04-24,87.67,88.82,87.43,88.39,8063000
2019-04-25,88.4,88.54,87.49,87.56,7069900
2019-04-26,87.95,88.94,87.33,88.31,6219600
2019-04-29,88.18,88.51,88.13,88.26,5008400
2019-04-30,88.29,88.4,87.26,87.83,7614100
2019-05-01,87.73,87.95,85.87,85.9,6524600
2019-05-02,86.21,86.28,84.99,85.27,6813700
2019-05-03,85.9,86.3,85.7,85.7,6798300
2019-05-06,83.77,83.87,82.86,83.57,12836600
2019-05-07,83.019997,83.63,81.83,82.54,9811300
2019-05-08,82.43,83.99,82.14,82.77,9501300
2019-05-09,82.21,83.010002,81.54,82.98,6336600
2019-05-10,82.78,84.27,82.19,83.95,5450500
2019-05-13,81.65,82.63,81.32,82.53,6445200
2019-05-14,82.78,84.0,82.059998,83.67,7529200
2019-05-15,83.17,84.49,82.94,84.010002,4862200
2019-05-16,84.51,85.4,84.2,84.28,6745200
2019-05-17,83.51,85.52,83.5,84.57,5068200
2019-05-20,83.8,83.8,82.74,82.85,7181900
2019-05-21,83.36,83.8,82.51,83.64,5762500
2019-05-22,82.99,83.34,82.76,83.2,5237800
2019-05-23,82.5,83.059998,81.99,82.64,9704200
2019-05-24,82.2,83.17,82.089996,82.16,5999000
2019-05-28,82.85,83.19,81.13,81.2,7927300
2019-05-29,80.71,80.86,77.7,78.87,10116900
2019-05-30,78.92,79.73,78.61,79.26,6177800
2019-05-31,78.0,78.26,77.07,77.14,8891100
2019-06-03,77.24,78.58,77.080002,77.96,11665500
2019-06-04,79.3,81.65,78.78,81.62,7526800
2019-06-05,82.29,82.9,81.93,82.72,8173200
2019-06-06,82.72,83.059998,82.080002,82.45,4953000
2019-06-07,83.089996,83.68,82.81,83.41,3891100
2019-06-10,83.75,84.2,82.45,82.58,4419800
2019-06-11,83.65,84.34,83.13,83.26,3939400
2019-06-12,83.48,84.019997,82.52,82.63,4025900
2019-06-13,83.15,83.92,83.050003,83.61,3383400
2019-06-14,83.51,83.86,83.040001,83.44,4355600
2019-06-17,83.34,83.46,82.010002,82.11,5101900
2019-06-18,82.7,84.65,82.5,84.3,6456500
2019-06-19,83.73,83.9,83.14,83.55,6217700
2019-06-20,84.9,85.67,84.42,85.24,6163800
2019-06-21,85.16,85.75,84.6,85.75,9289800
2019-06-24,86.0,86.85,84.37,84.5,8043300
2019-06-25,84.6,84.69,82.16,82.62,7339900
2019-06-26,83.15,83.69,82.44,82.55,5838500
2019-06-27,82.93,83.77,82.93,83.66,11436700
2019-06-28,83.99,84.75,82.67,83.95,12443800
2019-07-01,84.93,86.28,84.9,85.41,6587300
2019-07-02,85.36,85.47,84.22,84.96,7187200
2019-07-03,85.33,86.29,85.12,86.2,4012800
2019-07-05,85.8,86.91,85.42,86.82,6440900
2019-07-08,86.059998,88.52,85.97,88.48,7052000
2019-07-09,88.099998,88.8,87.82,88.040001,6219700
2019-07-10,88.48,88.94,87.39,87.44,5985500
2019-07-11,87.71,88.3,87.4,88.29,3942400
2019-07-12,88.18,89.31,88.010002,89.12,4240900
2019-07-15,89.059998,89.87,89.059998,89.48,3750900
2019-07-16,89.5,89.71,88.57,88.6,5812800
2019-07-17,88.42,88.69,87.44,87.5,4461500
2019-07-18,87.63,87.76,86.76,87.44,4607000
2019-07-19,87.73,87.88,86.48,86.55,6635300
2019-07-22,86.56,86.99,85.83,85.97,6810300
2019-07-23,86.64,87.099998,86.23,86.7,5659900
2019-07-24,86.65,87.21,86.31,86.7,6362900
2019-07-25,86.82,87.5,86.59,87.28,4546400
2019-07-26,87.44,87.84,86.77,87.54,3707200
2019-07-29,87.65,87.87,87.18,87.62,4387300
2019-07-30,86.82,87.91,86.36,87.2,3561200
2019-07-31,87.089996,87.27,85.55,86.029999,5818200
2019-08-01,85.26,86.77,82.7,83.12,7871800
2019-08-02,82.53,83.24,80.79,81.14,8761400
2019-08-05,79.66,80.050003,78.19,78.97,8493300
2019-08-06,79.85,81.59,79.49,81.3,8664500
2019-08-07,80.5,81.82,80.089996,81.28,6275000
2019-08-08,81.81,83.36,81.61,83.0,6208900
2019-08-09,83.14,83.43,81.32,81.98,5460200
2019-08-12,81.41,81.95,81.18,81.65,3762500
2019-08-13,81.17,84.15,80.85,83.32,6896800
2019-08-14,81.24,81.69,80.51,81.029999,7266100
2019-08-15,80.93,81.3,79.44,79.51,6713600
2019-08-16,80.089996,80.56,79.25,80.28,5649000
2019-08-19,82.0,82.34,80.83,81.13,7027900
2019-08-20,80.72,81.23,79.45,80.53,5903100
2019-08-21,81.94,82.84,81.63,82.74,6454200
2019-08-22,83.0,83.72,82.5,83.31,5571600
2019-08-23,82.019997,82.76,80.029999,80.44,8497800
2019-08-26,81.44,82.28,80.74,82.25,4336000
2019-08-27,82.63,83.18,82.0,82.029999,3842500
2019-08-28,81.9,83.59,81.72,83.48,4123700
2019-08-29,84.22,85.77,84.17,85.38,5101900
2019-08-30,85.7,85.99,84.41,84.5,5235400
2019-09-03,84.0,84.83,83.62,84.67,6360800
2019-09-04,85.58,86.5,85.5,86.35,4151200
2019-09-05,87.28,88.62,87.28,88.42,6328400
2019-09-06,88.4,88.98,88.019997,88.69,3625300
2019-09-09,88.94,89.35,88.42,88.67,4282400
2019-09-10,88.26,88.63,86.29,86.83,7072400
2019-09-11,86.96,87.25,85.87,86.75,4623300
2019-09-12,87.099998,88.07,86.22,87.67,4057500
2019-09-13,88.25,88.79,87.3,87.32,5894700
2019-09-16,87.089996,87.82,86.67,87.27,4171700
2019-09-17,86.77,87.64,86.47,87.59,3248400
2019-09-18,87.65,88.4,87.21,88.080002,4722200
2019-09-19,88.4,88.72,87.51,87.7,4231200
2019-09-20,88.0,88.49,86.67,86.68,6991100
2019-09-23,86.98,88.019997,86.8,87.69,4790000
2019-09-24,88.45,88.69,86.76,87.18,10202900
2019-09-25,91.78,92.79,90.15,90.81,25330700
2019-09-26,91.62,92.45,90.25,92.17,10408300
2019-09-27,91.85,92.86,91.6,92.31,6420500
2019-09-30,92.53,94.080002,92.5,93.92,7401200
2019-10-01,94.13,94.75,92.059998,92.28,8464900
2019-10-02,91.47,91.84,90.57,91.49,6933900
2019-10-03,91.31,92.32,90.35,92.22,5762300
2019-10-04,92.22,93.17,91.93,93.07,4551400
2019-10-07,92.5,93.92,92.4,93.17,4975400
2019-10-08,90.45,92.71,90.41,91.75,6916800
2019-10-09,92.41,93.050003,91.82,92.52,5115900
2019-10-10,93.5,93.5,92.72,93.0,5794100
2019-10-11,94.0,94.57,93.56,93.88,6220100
2019-10-14,94.2,95.25,94.050003,94.88,4636000
2019-10-15,95.0,95.18,94.12,94.79,4292500
2019-10-16,94.089996,95.14,94.07,94.88,4883300
2019-10-17,95.57,95.89,94.97,95.56,3427400
2019-10-18,94.81,96.46,94.8,96.099998,6209200
2019-10-21,96.61,96.87,95.42,96.22,5185800
2019-10-22,96.059998,96.83,95.52,95.6,5470100
2019-10-23,95.029999,95.54,92.12,92.32,11933600
2019-10-24,92.68,92.87,90.99,91.5,12085800
2019-10-25,91.44,91.83,90.75,90.92,8147200
2019-10-28,91.059998,91.3,90.17,90.85,10304700
2019-10-29,90.85,90.92,89.13,89.28,9044700
2019-10-30,89.45,90.27,89.35,90.19,8127500
2019-10-31,90.0,90.41,88.94,89.55,6752000
2019-11-01,90.18,90.53,89.0,89.18,5263600
2019-11-04,90.13,90.56,89.32,89.86,8161200
2019-11-05,90.15,90.34,89.54,89.88,5589700
2019-11-06,90.64,90.72,88.74,89.48,7033800
2019-11-07,90.47,90.6,89.77,90.4,7110000
2019-11-08,90.28,90.35,89.29,89.81,4555400
2019-11-11,89.37,90.099998,89.37,90.050003,3247300
2019-11-12,90.31,92.029999,89.49,89.5,3979600
2019-11-13,89.73,91.55,89.57,91.29,5923600
2019-11-14,91.49,91.96,90.72,91.27,6035300
2019-11-15,92.14,93.56,91.96,93.040001,6785500
2019-11-18,93.5,94.26,92.91,94.18,6165600
2019-11-19,94.61,95.12,93.059998,93.61,5368400
2019-11-20,94.11,94.4,92.77,93.050003,6235400
2019-11-21,92.62,93.3,92.07,92.16,5493100
2019-11-22,92.21,93.35,91.93,93.34,4264400
2019-11-25,93.78,93.97,92.74,92.9,5419700
2019-11-26,93.38,93.63,93.019997,93.33,5907400
2019-11-27,93.5,94.38,93.5,94.14,4017400
2019-11-29,94.37,94.61,93.39,93.49,2541800
2019-12-02,94.089996,94.28,92.98,93.56,3892000
2019-12-03,92.48,92.55,91.31,92.46,5570700
2019-12-04,92.81,93.79,92.73,93.72,4456400
2019-12-05,95.88,95.95,94.68,95.79,6946000
2019-12-06,96.56,97.31,96.38,97.0,6368500
2019-12-09,97.019997,97.63,96.16,96.63,6517800
2019-12-10,96.76,97.59,96.63,97.010002,4234300
2019-12-11,96.9,97.32,96.65,97.18,4319700
2019-12-12,97.32,98.18,96.9,97.72,4762800
2019-12-13,97.43,98.29,96.91,97.77,5247600
2019-12-16,98.14,99.34,98.059998,98.81,8211300
2019-12-17,99.38,100.17,99.050003,99.65,7050700
2019-12-18,100.2,100.79,99.58,100.57,7332000
2019-12-19,100.5,101.27,99.63,101.15,12214500
2019-12-20,101.0,101.4,98.85,99.96,17641600
2019-12-23,100.23,100.69,99.55,100.040001,6350500
2019-12-24,99.83,100.66,99.76,100.14,3328100
2019-12-26,100.34,100.75,100.11,100.71,3709900
2019-12-27,101.0,101.79,100.99,101.57,5307500
2019-12-30,101.54,101.61,100.46,100.8,3495200
2019-12-31,100.58,101.39,100.51,101.31,3213600
2020-01-02,101.36,102.21,101.019997,102.2,5644100
2020-01-03,100.59,102.0,100.31,101.92,4541800
2020-01-06,100.95,101.84,100.87,101.83,4612400
2020-01-07,101.81,102.74,100.81,101.78,6719900
2020-01-08,101.31,102.14,100.85,101.55,4942200
2020-01-09,101.94,102.41,101.39,101.48,5007500
2020-01-10,101.89,101.93,100.76,100.9,5135300
2020-01-13,101.0,102.34,100.82,102.16,6722400
2020-01-14,102.45,103.89,102.35,102.92,5088500
2020-01-15,103.25,103.7,102.48,102.79,4209200
2020-01-16,102.88,103.57,102.85,103.37,6571700
2020-01-17,103.43,104.55,103.34,104.53,6271200
2020-01-21,104.25,104.69,103.81,104.58,4854700
2020-01-22,105.0,105.62,104.42,104.49,5031400
2020-01-23,104.029999,104.37,102.62,103.019997,7102900
2020-01-24,103.59,103.89,101.66,102.029999,3839300
2020-01-27,98.21,100.71,98.010002,100.24,9841400
2020-01-28,100.34,101.050003,99.52,100.41,5673200
2020-01-29,101.07,101.3,99.17,99.84,4503700
2020-01-30,99.019997,99.75,97.37,98.19,7065100
2020-01-31,98.11,98.45,95.92,96.3,8780300
2020-02-03,99.0,100.92,98.57,99.27,9727000
2020-02-04,101.91,102.78,101.26,101.38,6559600
2020-02-05,101.76,101.97,99.53,100.54,6108300
2020-02-06,100.9,101.53,100.16,100.27,5641800
2020-02-07,99.81,100.4,98.97,99.44,4121800
2020-02-10,99.22,100.51,99.0,100.019997,4213900
2020-02-11,100.07,100.35,99.44,100.019997,4871800
2020-02-12,100.74,103.080002,100.44,103.0,8075600
2020-02-13,102.51,103.74,101.68,103.37,5386800
2020-02-14,103.53,103.89,102.45,103.54,4305300
2020-02-18,103.0,103.38,101.61,102.0,4916200
2020-02-19,102.66,103.39,102.43,102.46,6200500
2020-02-20,102.46,102.63,100.55,102.53,6427600
2020-02-21,102.0,102.080002,99.63,100.25,5750900
2020-02-24,95.54,97.07,95.25,95.91,8364200
2020-02-25,96.35,96.76,92.62,92.9,9602100
2020-02-26,93.080002,94.65,91.99,92.0,9308400
2020-02-27,90.0,93.059998,88.5,88.55,12825700
2020-02-28,86.029999,89.47,85.15,89.38,16552400
2020-03-02,89.6,93.14,87.91,92.68,14102000
2020-03-03,92.74,94.98,90.57,90.93,14767600
2020-03-04,92.080002,93.82,90.84,93.79,6904400
2020-03-05,91.26,91.68,89.94,90.58,8851100
2020-03-06,88.36,89.39,85.88,88.36,12336400
2020-03-09,81.89,86.74,80.92,84.11,13272700
2020-03-10,86.69,88.4,82.88,88.3,12755900
2020-03-11,84.0,84.63,82.07,84.0,16172000
2020-03-12,78.23,78.49,73.0,74.2,21534800
2020-03-13,78.2,78.2,71.76,75.58,21859600
2020-03-16,65.28,72.97,63.37,66.79,17976700
2020-03-17,67.51,73.33,62.4,69.84,17122100
2020-03-18,64.79,68.33,60.0,68.040001,19498800
2020-03-19,67.040001,72.71,64.15,70.34,16177200
2020-03-20,71.51,74.059998,67.2,67.45,15761900
2020-03-23,65.0,66.88,60.58,62.8,17690000
2020-03-24,65.7,72.66,64.0,72.33,18849500
2020-03-25,80.11,83.49,76.2,79.010002,27053200
2020-03-26,80.17,86.86,80.010002,84.3,17200800
2020-03-27,81.7,85.74,79.51,83.23,14183400
2020-03-30,84.0,85.96,81.5,85.38,10960100
2020-03-31,85.13,85.73,82.4,82.74,9610100
2020-04-01,79.49,81.18,78.53,79.23,9771300
2020-04-02,79.0,81.6,77.16,80.14,12731300
2020-04-03,79.36,79.79,77.91,78.86,8476900
2020-04-06,81.91,85.040001,81.21,84.63,11266500
2020-04-07,88.7,88.87,84.029999,84.16,10468100
2020-04-08,84.7,85.77,83.61,85.3,6642700
2020-04-09,86.69,87.39,85.16,86.79,7773600
2020-04-13,85.8,85.99,84.14,84.46,5077600
2020-04-14,85.95,87.77,85.48,87.47,6397200
2020-04-15,84.87,85.88,83.71,85.040001,8053900
2020-04-16,85.43,86.53,84.55,86.3,9373800
2020-04-17,89.0,90.25,88.36,89.91,8111400
2020-04-20,88.43,89.44,87.52,87.9,7244400
2020-04-21,85.99,86.9,85.089996,85.2,6597000
2020-04-22,86.98,89.44,86.42,88.77,6463000
2020-04-23,88.94,89.53,87.26,87.35,5343500
2020-04-24,88.89,89.12,87.65,88.37,4450100
2020-04-27,88.38,89.87,87.31,89.37,6875100
2020-04-28,90.55,90.71,88.63,88.8,5145400
2020-04-29,90.0,91.39,87.83,88.07,9461400
2020-04-30,87.0,88.0,86.51,87.18,9371400
2020-05-01,85.67,86.11,84.81,85.54,6151200
2020-05-04,84.68,85.8,84.31,85.75,6348900
2020-05-05,86.54,88.53,86.029999,87.2,6321500
2020-05-06,88.050003,88.69,87.43,88.44,7342300
2020-05-07,89.4,90.24,88.38,88.56,4565900
2020-05-08,90.11,90.64,89.59,90.46,5488000
2020-05-11,89.45,91.42,89.14,90.93,4937600
2020-05-12,91.53,91.67,88.15,88.26,5622600
2020-05-13,87.38,87.74,85.2,86.019997,6739800
2020-05-14,85.0,86.58,84.11,86.55,7431800
2020-05-15,85.25,87.23,84.88,86.99,9165000
2020-05-18,90.49,91.6,89.88,91.040001,8517200
2020-05-19,90.85,93.82,90.82,91.51,6514100
2020-05-20,93.2,93.86,92.7,92.95,6347000
2020-05-21,92.88,94.38,92.37,94.26,7504300
2020-05-22,94.42,94.65,93.35,93.75,4049500
2020-05-26,95.98,97.43,95.28,96.62,7185200
2020-05-27,98.12,99.99,97.62,99.87,7915900
2020-05-28,100.089996,100.69,98.25,98.46,7260700
2020-05-29,98.19,99.25,96.93,98.58,10332500
2020-06-01,98.4,99.78,97.89,99.54,4295400
2020-06-02,99.42,100.88,98.82,100.74,10798700
2020-06-03,101.26,104.55,101.12,104.11,5867700
2020-06-04,103.66,103.9,100.47,101.28,8775000
2020-06-05,104.0,104.69,102.13,102.71,8363600
2020-06-08,103.050003,104.3,102.71,104.29,6165400
2020-06-09,102.82,103.77,102.43,102.63,5385900
2020-06-10,103.0,103.15,101.71,102.12,5194200
2020-06-11,98.38,98.99,94.88,95.17,10976900
2020-06-12,97.8,97.8,94.74,96.43,7416400
2020-06-15,93.9,98.080002,93.44,97.84,8645300
2020-06-16,101.25,101.34,97.72,99.040001,6054400
2020-06-17,99.0,100.24,98.89,99.21,3405500
2020-06-18,98.69,99.42,97.85,98.45,4392400
2020-06-19,99.97,99.98,95.78,95.78,10304000
2020-06-22,96.85,99.54,96.019997,99.51,6918200
2020-06-23,101.15,102.22,100.71,101.92,6499000
2020-06-24,100.94,101.85,98.089996,100.080002,8611600
2020-06-25,99.23,101.68,98.8,101.4,11531400
2020-06-26,98.5,98.78,93.57,93.67,24918500
2020-06-29,93.7,96.0,93.7,95.87,9624200
2020-06-30,96.0,98.3,95.64,98.050003,9065500
2020-07-01,98.5,98.72,97.11,97.4,5733800
2020-07-02,98.78,99.66,98.019997,98.43,5354900
2020-07-06,99.62,100.029999,99.040001,99.95,4995000
2020-07-07,99.22,99.55,96.92,97.07,6352900
2020-07-08,97.5,98.98,96.96,98.84,5634600
2020-07-09,98.55,98.91,96.37,96.99,6282300
2020-07-10,97.0,98.050003,95.72,97.99,3967000
2020-07-13,98.25,98.94,96.26,96.46,4845600
2020-07-14,96.33,97.25,95.51,96.76,4850600
2020-07-15,98.41,99.040001,97.31,98.54,5343700
2020-07-16,97.5,98.23,97.040001,97.26,3594700
2020-07-17,96.95,97.23,96.040001,96.28,7405700
2020-07-20,95.5,96.35,95.11,95.65,5822300
2020-07-21,96.92,99.0,96.099998,98.36,5855600
2020-07-22,98.16,98.99,97.91,98.91,4097000
2020-07-23,98.35,100.18,97.72,98.3,4530500
2020-07-24,98.14,99.36,97.7,98.43,5638400
2020-07-27,96.96,98.4,96.89,97.21,4273400
2020-07-28,96.95,97.47,96.16,96.27,3822600
2020-07-29,96.43,97.55,96.3,96.97,6872400
2020-07-30,96.47,97.23,95.8,96.82,4018400
2020-07-31,96.89,97.65,96.3,97.61,5509900
2020-08-03,98.029999,99.29,97.82,98.33,5472700
2020-08-04,97.79,97.95,96.55,97.33,7539300
2020-08-05,97.12,101.25,97.080002,100.94,7217500
2020-08-06,100.64,101.18,100.029999,100.45,4060900
2020-08-07,101.0,101.91,99.89,101.86,5545600
2020-08-10,102.47,106.83,102.4,105.41,12678000
2020-08-11,106.85,107.33,104.86,105.12,5400700
2020-08-12,105.72,105.89,103.38,105.22,4714800
2020-08-13,105.3,106.99,105.2,106.52,4281700
2020-08-14,106.12,106.78,105.46,106.43,2985700
2020-08-17,106.5,106.5,105.12,105.66,3017000
2020-08-18,106.46,107.0,105.47,106.97,5023000
2020-08-19,107.69,109.69,107.35,108.39,9508100
2020-08-20,107.56,108.74,107.35,108.010002,4304000
2020-08-21,108.0,109.77,107.75,109.75,5564000
2020-08-24,110.0,112.0,109.9,111.83,8173100
2020-08-25,112.0,112.28,111.089996,111.51,4380900
2020-08-26,111.92,112.089996,111.29,111.53,4477900
2020-08-27,111.99,112.79,110.5,110.84,4390800
2020-08-28,111.010002,112.67,110.57,112.29,3731100
2020-08-31,112.14,112.52,111.14,111.89,3519800
2020-09-01,112.0,114.9,111.83,114.84,4912400
2020-09-02,115.059998,117.41,114.5,116.8,6775400
2020-09-03,116.8,116.9,112.0,112.85,7264400
2020-09-04,112.96,113.75,110.21,112.4,5157600
2020-09-08,111.29,113.84,110.54,112.72,5300100
2020-09-09,113.019997,116.21,112.83,114.9,5997900
2020-09-10,115.9,118.23,114.0,114.79,5032800
2020-09-11,116.76,119.25,116.42,118.0,8565200
2020-09-14,118.5,119.93,118.17,119.28,4990300
2020-09-15,119.7,120.48,119.18,119.27,5934200
2020-09-16,118.31,119.69,118.16,118.59,7023700
2020-09-17,117.34,118.55,115.8,116.36,7376400
2020-09-18,115.43,117.91,114.49,114.66,12876600
2020-09-21,112.95,114.059998,111.74,113.37,8486400
2020-09-22,113.099998,117.2,112.85,116.87,13007200
2020-09-23,130.22,130.38,125.26,127.11,37822700
2020-09-24,126.44,127.54,123.3,124.75,13485800
2020-09-25,123.65,124.75,122.27,124.23,9182800
2020-09-28,125.16,126.19,123.89,124.32,7525000
2020-09-29,124.34,127.099998,123.96,126.35,7796400
2020-09-30,126.099998,127.28,125.16,125.54,8699700
2020-10-01,127.73,127.73,125.31,126.64,5637200
2020-10-02,124.35,126.8,123.59,126.64,7491100
2020-10-05,127.07,128.5,126.45,127.91,8270300
2020-10-06,128.84,130.44,127.27,127.65,5978000
2020-10-07,128.39999,130.41,128.25,130.059998,4390500
2020-10-08,130.39999,130.92999,129.50999,129.71001,3595600
2020-10-09,129.99001,131.19,129.33,130.98,4293400
2020-10-12,131.19,131.34,129.25999,129.46001,5136500
2020-10-13,128.050003,129.87,127.96,129.2,4245000
2020-10-14,129.53,129.60001,127.010002,127.66,3586600
2020-10-15,126.48,129.10001,126.11,129.0,4235800
2020-10-16,129.50999,130.19,127.55,128.0,6010900
2020-10-19,129.10001,129.78,127.050003,127.43,5160800
2020-10-20,128.0,129.89999,127.72,128.49001,3799200
2020-10-21,128.5,131.38,128.45,129.42999,4916300
2020-10-22,129.60001,130.25999,128.86,130.020004,2869900
2020-10-23,130.0,130.60001,128.64999,129.99001,4046300
2020-10-26,129.059998,129.62,126.68,128.37,5422500
2020-10-27,128.78,129.49001,127.9,127.99,2985700
2020-10-28,125.28,126.4,121.040001,122.080002,8618300
2020-10-29,122.28,124.19,121.15,122.86,4947000
2020-10-30,123.66,123.66,118.8,120.080002,7791600
2020-11-02,122.37,124.099998,121.099998,122.39,4740400
2020-11-03,124.010002,125.5,123.19,124.59,3490900
2020-11-04,125.33,128.92999,125.26,127.34,5061800
2020-11-05,129.19,130.41,128.46001,129.7,3940000
2020-11-06,129.91,129.91,128.35001,128.89999,2954000
2020-11-09,135.059998,136.35001,128.77,128.95,7491700
2020-11-10,130.050003,130.12,126.25,127.71,8014700
2020-11-11,128.69,129.8,127.18,127.66,6058700
2020-11-12,126.62,127.84,125.63,126.64,4780400
2020-11-13,127.91,128.60001,126.83,128.28,3986100
2020-11-16,129.46001,130.32001,127.37,130.11,6116200
2020-11-17,130.48,132.60001,129.11,132.21001,7002900
2020-11-18,133.070007,133.98,131.53,131.63,5572800
2020-11-19,131.92,132.11,129.92999,131.91,4642800
2020-11-20,133.3,133.53,131.91,132.98,4318100
2020-11-23,134.38,134.89,133.089996,134.13,6118400
2020-11-24,135.0,135.99001,134.21001,134.7,7204700
2020-11-25,134.25,135.8,133.62,135.53999,4484500
2020-11-27,136.0,136.13,133.34,134.25,3506800
2020-11-30,133.91,135.28999,132.69,134.7,9652500
2020-12-01,136.44,136.5,134.75,135.44,3833100
2020-12-02,135.16,136.32001,134.67,135.58,4132700
2020-12-03,135.10001,137.95,135.0,136.96001,4930900
2020-12-04,137.080002,137.39999,135.64,137.19,4344000
2020-12-07,137.0,138.86,136.8,138.75,4590800
2020-12-08,138.24001,140.44,137.64999,139.12,6953600
2020-12-09,140.57001,140.57001,138.27,138.78999,4341300
2020-12-10,138.28,139.14,137.24001,137.58,4511000
2020-12-11,137.39,138.14,136.23,137.41,4172400
2020-12-14,138.92,139.0,136.2,136.28,7599000
2020-12-15,137.42999,139.44,137.25,139.39,7637000
2020-12-16,139.070007,140.49001,137.46001,138.34,6573400
2020-12-17,139.92,140.74001,138.75,140.5,8727000
2020-12-18,141.089996,141.14,137.17,137.28,17970800
2020-12-21,144.82001,147.95,142.50999,144.020004,16111300
2020-12-22,143.050003,143.47,141.089996,142.45,6339400
2020-12-23,142.56,143.60001,141.7,141.75999,3388300
2020-12-24,141.10001,142.19,141.10001,141.60001,1821900
2020-12-28,142.53999,142.92,141.039993,142.42999,4081500
2020-12-29,142.83,143.059998,140.42999,141.57001,3232400
2020-12-30,142.16,142.61,140.66,141.58,3052100
2020-12-31,141.7,141.78999,140.37,141.47,2949900
2021-01-04,142.85001,142.97,138.32001,140.10001,6178500
2021-01-05,138.60001,141.66,138.60001,141.23,4163100
2021-01-06,141.25,143.57001,139.53,142.35001,6072900
2021-01-07,143.2,145.64,143.0,144.95,5256900
2021-01-08,145.55,146.82001,144.89999,146.35001,3950500
2021-01-11,146.0,147.10001,144.8,147.050003,4252000
2021-01-12,146.5,146.85001,144.38,145.050003,3678800
2021-01-13,144.83,145.13,142.42999,143.039993,3330100
2021-01-14,143.66,144.89999,140.92999,141.3,4104000
2021-01-15,140.56,142.38,139.88,140.72,6412400
2021-01-19,140.99001,141.22,138.41,139.27,6537800
2021-01-20,140.38,143.21001,140.0099945,142.8,4654400
2021-01-21,142.41,143.81,141.13,141.61,4011200
2021-01-22,141.089996,141.88,139.31,139.35001,4150500
2021-01-25,138.99001,139.17999,134.74001,137.55,5998700
2021-01-26,137.75999,137.85001,134.71001,135.10001,5312300
2021-01-27,132.22,132.86,130.27,131.020004,7815900
2021-01-28,132.36,136.37,131.5,134.72,6244600
2021-01-29,133.95,135.029999,132.14999,133.59,7166100
2021-02-01,135.37,136.050003,133.3,135.71001,4366800
2021-02-02,137.059998,139.86,136.75,139.59,7132800
2021-02-03,139.7,140.059998,138.0099945,138.63,4678600
2021-02-04,139.55,141.050003,138.92,140.63,4533700
2021-02-05,141.34,145.57001,141.28999,145.11,6151500
2021-02-08,145.14999,145.88,142.8,143.41,6304300
2021-02-09,143.60001,144.22,141.7,141.78999,3436300
2021-02-10,142.45,142.60001,140.89999,142.46001,4125700
2021-02-11,143.0,144.35001,142.41,143.53999,3828700
2021-02-12,143.11,143.45,141.39999,142.12,3637000
2021-02-16,143.37,143.37,141.029999,141.71001,4873400
2021-02-17,141.3,144.56,140.21001,143.99001,6437100
2021-02-18,142.98,145.39,141.21001,145.089996,4486800
2021-02-19,145.42999,145.5,141.5,142.020004,7486000
2021-02-22,141.53999,142.46001,136.25999,136.67,8985900
2021-02-23,136.029999,136.83,131.58,136.13,10364100
2021-02-24,135.059998,135.96001,133.95,135.64999,6360900
2021-02-25,137.60001,139.17999,134.53,135.53999,5674300
2021-02-26,135.89999,136.85001,133.36,134.78,6650200
2021-03-01,135.64,139.14999,135.5,137.64999,5717800
2021-03-02,137.56,138.25999,135.61,137.020004,5292700
2021-03-03,137.089996,137.41,134.14999,134.25999,4888400
2021-03-04,134.0,135.13,130.17999,132.039993,7181500
2021-03-05,133.53999,133.67999,129.19,133.35001,5957100
2021-03-08,133.64,135.63,132.37,134.56,4983000
2021-03-09,135.50999,138.0,135.45,135.95,5977800
2021-03-10,136.5,138.2,136.10001,137.59,4519600
2021-03-11,139.17999,142.2,138.56,141.19,5696500
2021-03-12,140.0,140.91,138.60001,140.45,4143200
2021-03-15,140.7,145.0,140.67,144.94,5413900
2021-03-16,145.88,146.14999,143.84,144.64999,5623000
2021-03-17,143.2,146.14999,143.2,144.82001,5134400
2021-03-18,144.37,146.66,142.55,143.17,10188400
2021-03-19,140.0,142.86,135.50999,137.49001,24980400
2021-03-22,137.63,138.81,136.029999,138.27,7537300
2021-03-23,138.49001,140.64,136.55,137.12,5582600
2021-03-24,136.45,137.92,132.88,133.16,8157600
2021-03-25,127.050003,129.39,125.44,128.64,18475800
2021-03-26,131.60001,133.19,129.77,132.99001,10010500
2021-03-29,132.94,133.91,130.66,133.49001,7153900
2021-03-30,132.35001,133.35001,131.22,132.95,6026600
2021-03-31,133.089996,134.17999,131.92,132.89,6878900
2021-04-01,134.69,134.69,132.21001,132.53,5720600
2021-04-05,133.10001,135.67999,133.10001,135.12,5508900
2021-04-06,135.44,137.71001,134.92999,137.16,4670100
2021-04-07,136.99001,138.24001,136.36,136.53999,6646000
2021-04-08,137.28,137.31,133.41,133.67999,8748400
2021-04-09,133.94,135.5,133.5,135.45,6056800
2021-04-12,134.75,136.89999,134.22,136.64,5638200
2021-04-13,135.60001,135.99001,133.39999,133.53999,8778200
2021-04-14,133.53999,134.17999,131.82001,132.25999,7354100
2021-04-15,133.0,134.070007,132.67999,133.67,6284800
2021-04-16,134.71001,134.77,133.73,134.31,6852500
2021-04-19,134.3,134.38,132.14999,132.57001,5613600
2021-04-20,129.17,129.89999,125.7,127.11,13268700
2021-04-21,127.59,130.33,127.37,129.89999,7110900
2021-04-22,129.89,130.37,127.98,129.17999,6442900
2021-04-23,128.92999,130.64999,128.46001,130.19,7489000
2021-04-26,130.49001,131.7,129.32001,131.60001,8217800
2021-04-27,132.0,132.78999,131.41,132.11,5833100
2021-04-28,132.25999,132.33,130.35001,130.71001,8195400
2021-04-29,131.77,134.12,131.23,133.25999,6612500
2021-04-30,132.44,133.88,132.050003,132.62,5643600
2021-05-03,133.37,134.45,132.59,133.029999,5053000
2021-05-04,132.23,132.59,130.48,131.55,6129500
2021-05-05,132.7,134.22,132.080002,132.21001,6234200
2021-05-06,132.60001,133.84,131.94,133.49001,5201000
2021-05-07,135.0,139.36,134.72,137.81,10566700
2021-05-10,138.0,138.89999,136.3,136.39999,5669300
2021-05-11,138.38,138.38,135.0099945,137.12,8045400
2021-05-12,135.42,136.82001,133.34,133.39,5865100
2021-05-13,133.7,135.029999,132.49001,133.61,6284300
2021-05-14,134.34,136.67999,134.050003,135.92999,4367900
2021-05-17,136.33,137.070007,135.5,136.41,3934200
2021-05-18,136.44,137.47,135.45,135.56,5664700
2021-05-19,133.48,133.97,131.96001,132.96001,5582300
2021-05-20,133.78,134.21001,132.19,133.27,4934800
2021-05-21,133.83,134.17,132.41,132.66,5329700
2021-05-24,133.10001,134.35001,132.81,134.059998,4313200
2021-05-25,134.94,135.17,133.85001,134.32001,4885800
2021-05-26,135.2,137.92,135.0,136.89,6781500
2021-05-27,137.55,138.31,136.46001,136.56,12882300
2021-05-28,136.24001,137.35001,136.089996,136.46001,4153500
2021-06-01,137.85001,138.050003,134.21001,134.50999,5577900
2021-06-02,134.59,135.49001,133.53,134.17,5226100
2021-06-03,133.2,134.69,132.50999,134.17,5027400
2021-06-04,134.5,134.94,132.28,133.74001,5217100
2021-06-07,134.0,135.2,133.45,133.95,3765000
2021-06-08,134.69,134.72,132.41,133.35001,4915200
2021-06-09,133.62,134.89999,131.45,131.84,6448100
2021-06-10,131.5,132.57001,130.19,130.98,6584100
2021-06-11,131.5,131.99001,130.53,131.94,5414500
2021-06-14,131.7,132.050003,130.13,131.36,5743600
2021-06-15,131.53999,131.75,129.83,130.28999,5168100
2021-06-16,130.3,131.17,129.60001,130.39999,7915500
2021-06-17,129.24001,129.88,127.86,128.92,8568100
2021-06-18,126.68,129.029999,126.68,128.41,9784800
2021-06-21,129.24001,130.75999,128.7,130.080002,6288500
2021-06-22,130.83,132.69,130.13,132.48,6043800
2021-06-23,132.81,133.7,132.21001,133.10001,4566000
2021-06-24,133.89999,134.82001,132.89999,133.60001,11420500
2021-06-25,152.41,154.59,150.48,154.35001,46285400
2021-06-28,153.92,154.050003,151.50999,152.36,13133300
2021-06-29,153.25999,156.39999,152.91,155.95,10279900
2021-06-30,154.78999,155.34,153.52,154.49001,10281800
2021-07-01,154.070007,158.21001,153.89,158.0,9011500
2021-07-02,158.21001,159.97,157.64,159.74001,6396700
2021-07-06,159.92,160.44,157.86,160.11,6671000
2021-07-07,160.16,161.5,158.28,160.16,5408300
2021-07-08,158.17,160.82001,157.35001,160.63,6081600
2021-07-09,161.69,161.96001,160.50999,161.0,5002300
2021-07-12,161.64,162.42999,160.71001,161.82001,4992200
2021-07-13,161.35001,162.31,161.0099945,161.59,5747700
2021-07-14,161.87,162.73,161.34,161.53999,4928000
2021-07-15,160.86,162.2,160.39,161.69,6432500
2021-07-16,161.62,161.7,159.64,159.85001,6603700
2021-07-19,158.14999,158.82001,156.60001,157.87,7377100
2021-07-20,157.25999,160.42999,156.58,159.74001,4629200
2021-07-21,160.5,161.42999,160.0099945,161.080002,5393100
2021-07-22,161.11,163.75,160.92999,163.67999,4851500
2021-07-23,164.35001,166.45,163.73,166.36,4217700
2021-07-26,165.71001,166.53,163.82001,165.089996,3858800
2021-07-27,164.82001,165.61,162.58,164.57001,4359000
2021-07-28,164.49001,165.89999,164.080002,165.46001,4093600
2021-07-29,165.89999,167.029999,165.39,166.99001,3605600
2021-07-30,166.59,167.87,166.35001,167.50999,5364400
2021-08-02,169.059998,169.98,168.029999,168.75,5532500
2021-08-03,169.22,171.5,168.49001,171.23,5718100
2021-08-04,171.36,172.34,170.96001,171.91,4646200
2021-08-05,171.41,174.0,171.17999,173.85001,3824000
2021-08-06,174.36,174.38,172.7,172.8,4088700
2021-08-09,172.5,173.059998,171.62,171.77,3612800
2021-08-10,171.56,173.96001,171.42999,172.27,3747100
2021-08-11,172.0,173.22,170.94,171.27,4078300
2021-08-12,170.89,171.32001,169.48,170.64,3997100
2021-08-13,170.45,171.72,168.78,171.69,2966200
2021-08-16,170.7,172.39999,169.66,172.36,3530200
2021-08-17,171.53999,171.7,169.38,170.66,3602900
2021-08-18,169.75,171.8,168.66,168.81,5487400
2021-08-19,166.96001,167.53999,164.37,165.59,7336300
2021-08-20,166.27,168.0099945,165.42,167.78999,4039100
2021-08-23,169.45,170.89999,169.17999,169.72,3796500
2021-08-24,169.60001,170.87,168.89,169.98,3133100
2021-08-25,170.0,170.69,169.53,169.84,3003800
2021-08-26,169.38,169.52,166.27,166.92,4069600
2021-08-27,167.27,168.070007,166.28,167.58,3012400
2021-08-30,167.89,168.41,166.57001,168.029999,3537100
2021-08-31,167.55,167.67999,164.2,164.74001,7545600
2021-09-01,164.92,166.62,164.080002,164.56,4706500
2021-09-02,165.24001,165.42999,162.78999,163.67,4632100
2021-09-03,163.2,164.17,162.22,163.28999,4254500
2021-09-07,163.7,163.86,161.91,162.64,5648800
2021-09-08,162.0,162.089996,159.75,160.71001,6591700
2021-09-09,165.25999,166.14999,163.2,163.34,8414800
2021-09-10,164.25,165.66,163.44,163.59,4252100
2021-09-13,161.56,162.92,158.33,159.52,8814500
2021-09-14,159.17,159.39,157.070007,158.75999,5323900
2021-09-15,157.5,158.32001,155.67,157.91,6827100
2021-09-16,157.59,159.0099945,157.2,157.60001,5085900
2021-09-17,157.96001,161.0,156.070007,156.42,7944800
2021-09-20,153.73,155.27,152.32001,154.25,7041200
2021-09-21,155.089996,156.13,153.58,155.020004,5857900
2021-09-22,156.78999,158.0,155.60001,157.44,6844800
2021-09-23,158.71001,160.28999,158.27,159.58,11981500
2021-09-24,151.039993,151.85001,148.0,149.59,26913300
2021-09-27,149.50999,149.91,147.28999,148.039993,11479300
2021-09-28,147.34,147.53,145.0,145.3,10692300
2021-09-29,145.71001,147.94,145.69,146.020004,7794900
2021-09-30,145.88,147.48,144.42,145.23,10133600
2021-10-01,145.22,148.0,144.37,147.059998,8112300
2021-10-04,147.059998,147.62,145.75999,147.14,7951000
2021-10-05,148.0,151.0,147.82001,149.46001,10881900
2021-10-06,148.0,149.46001,147.50999,148.8,7610700
2021-10-07,150.3,153.66,150.25999,151.85001,7958000
2021-10-08,152.22,152.87,150.67,152.48,6333700
2021-10-11,151.99001,153.59,150.059998,150.28,5551200
2021-10-12,152.42,153.60001,151.3,153.35001,7408600
2021-10-13,154.32001,156.67,153.16,156.3,8456300
2021-10-14,158.17999,158.46001,156.25,157.14,6024500
2021-10-15,157.8,158.33,156.56,158.0099945,5532100
2021-10-18,157.31,159.47,155.95,159.42999,5765300
2021-10-19,159.67999,159.92999,156.8,157.82001,6198200
2021-10-20,158.5,158.8,157.32001,158.45,4487000
2021-10-21,158.45,162.34,158.28,162.17999,6121700
2021-10-22,162.28,164.62,162.28,163.48,5323000
2021-10-25,163.23,164.73,162.66,164.22,3878200
2021-10-26,164.82001,165.45,163.12,163.78999,4711200
2021-10-27,163.64999,164.059998,161.66,162.35001,4163900
2021-10-28,163.0099945,164.60001,162.81,164.46001,3762000
2021-10-29,163.059998,167.63,163.0,167.28999,6740600
2021-11-01,167.8,168.8,165.89,166.33,3610800
2021-11-02,166.75999,168.16,166.11,167.83,5038000
2021-11-03,169.0,172.87,168.64999,172.5,7176700
2021-11-04,172.21001,175.63,172.0,175.44,5460100
2021-11-05,175.73,179.10001,175.5,177.50999,5892200
2021-11-08,176.35001,176.53999,170.36,171.85001,8301100
2021-11-09,171.25,173.92999,170.95,173.82001,4343000
2021-11-10,171.23,172.17,167.55,168.25999,8185200
2021-11-11,169.60001,169.60001,166.63,166.97,4994900
2021-11-12,167.5,169.67999,167.39999,169.089996,5126300
2021-11-15,169.7,170.36,168.52,168.85001,3856700
2021-11-16,169.25,174.0,169.25,171.83,4401000
2021-11-17,171.60001,172.74001,170.25,171.74001,3940200
2021-11-18,172.33,173.46001,170.36,171.35001,4044200
2021-11-19,172.14999,177.2,170.53,174.88,6145600
2021-11-22,174.98,177.75,174.23,174.24001,5906400
2021-11-23,173.050003,173.42999,170.41,172.14999,5302100
2021-11-24,168.49001,172.42999,167.67,172.029999,4637600
2021-11-26,168.059998,169.67999,167.53999,168.020004,4751100
2021-11-29,169.83,171.14999,169.23,169.87,5448700
2021-11-30,168.78999,171.55,167.53,169.24001,11033700
2021-12-01,170.89,173.37,166.67999,166.7,6618200
2021-12-02,167.28,170.55,167.0,170.0,4398900
2021-12-03,170.62,172.070007,166.75999,170.24001,4878500
2021-12-06,170.83,171.21001,168.059998,168.91,5636900
2021-12-07,171.11,173.35001,170.39999,171.28999,5898700
2021-12-08,171.22,171.78999,169.84,170.25,5614400
2021-12-09,169.28999,171.17,167.99001,168.10001,5171600
2021-12-10,168.5,170.24001,167.33,169.059998,4791100
2021-12-13,168.81,169.39,165.25999,166.84,5972300
2021-12-14,166.28999,167.080002,164.21001,165.39999,4872200
2021-12-15,165.0,165.67,161.82001,163.89999,7144600
2021-12-16,162.7,165.94,162.53,162.72,7138100
2021-12-17,161.63,162.86,160.55,161.36,7705100
2021-12-20,159.34,159.60001,155.47,156.98,8411900
2021-12-21,166.69,171.19,164.71001,166.63,13862900
2021-12-22,167.24001,169.0,164.089996,165.44,5811300
2021-12-23,166.25,167.16,165.44,165.67,3876900
2021-12-27,166.52,167.69,165.48,167.58,3769300
2021-12-28,167.8,168.25,166.3,166.42,2658600
2021-12-29,167.070007,169.8,166.60001,168.78,3830900
2021-12-30,168.31,170.12,167.2,167.49001,2666800
2021-12-31,167.56,167.72,166.21001,166.67,2752000
2022-01-03,167.53,167.91,163.31,164.67,5670500
2022-01-04,165.88,167.17999,165.0,166.39,6064200
2022-01-05,166.49001,167.0099945,162.10001,162.25,5021000
2022-01-06,162.089996,163.19,159.059998,161.039993,4144600
2022-01-07,160.77,161.14,156.86,156.97,5108000
2022-01-10,150.52,151.33,148.78,150.44,10439000
2022-01-11,150.48,150.84,147.60001,150.3,8175400
2022-01-12,152.13,153.46001,150.74001,152.21001,6351200
2022-01-13,153.2,153.60001,149.020004,149.59,4990900
2022-01-14,148.39,148.84,146.85001,148.17999,6030500
2022-01-18,148.059998,148.83,146.3,146.95,6931000
2022-01-19,147.75999,149.10001,145.020004,145.11,4823800
2022-01-20,145.46001,147.38,142.5,142.73,5366500
2022-01-21,144.32001,146.36,142.85001,142.95,7553400
2022-01-24,140.81,146.31,139.56,146.0,9733200
2022-01-25,144.97,147.96001,142.50999,145.48,8195400
2022-01-26,147.78,148.97,142.73,143.99001,7444600
2022-01-27,144.99001,147.35001,143.58,144.64,6396400
2022-01-28,144.12,146.029999,140.61,145.91,6130200
2022-01-31,146.27,148.17999,145.22,148.070007,6932200
2022-02-01,149.5,149.67999,146.8,148.22,6695000
2022-02-02,148.35001,149.46001,147.53,148.71001,5491700
2022-02-03,147.39999,148.46001,144.97,145.31,5240200
2022-02-04,145.37,146.48,143.64,145.39,4313400
2022-02-07,145.3,146.12,144.22,145.14,3877500
2022-02-08,144.74001,145.5,142.3,143.53,5829400
2022-02-09,146.11,147.36,145.67,146.25999,4551000
2022-02-10,143.96001,147.53999,143.85001,144.82001,5142600
2022-02-11,144.75999,145.059998,139.56,140.17999,6710500
2022-02-14,140.080002,143.21001,139.78999,141.59,6841200
2022-02-15,144.22,146.32001,144.10001,145.58,7820200
2022-02-16,145.020004,146.95,144.61,146.49001,4817500
2022-02-17,145.53999,146.91,142.64,142.8,5202300
2022-02-18,143.37,143.94,141.81,142.95,5177400
2022-02-22,141.59,141.64,136.16,138.19,9604500
2022-02-23,139.66,140.97,136.50999,136.83,7636600
2022-02-24,133.0,137.42,130.92999,137.17,8417200
2022-02-25,138.13,139.22,136.19,138.8,5424500
2022-02-28,137.059998,138.38,135.039993,136.55,6613300
2022-03-01,136.72,136.75,131.14999,132.22,6534000
2022-03-02,132.98,136.61,132.77,135.67999,7743900
2022-03-03,136.74001,136.8,133.45,133.97,4576500
2022-03-04,132.50999,133.62,130.7,131.17999,7084500
2022-03-07,131.0,131.029999,124.17,124.44,11383400
2022-03-08,125.24,125.47,120.8,121.21,9089400
2022-03-09,127.38,129.64999,126.63,126.95,8845100
2022-03-10,124.019997,126.6,124.0,126.029999,7167400
2022-03-11,127.010002,127.87,122.51,122.63,5882000
2022-03-14,121.53,122.45,116.75,117.57,13884900
2022-03-15,119.84,120.42,117.75,119.4,10431300
2022-03-16,122.85,126.11,121.93,125.19,11100400
2022-03-17,124.94,127.41,123.7,127.41,6845300
2022-03-18,126.85,131.46001,126.7,131.24001,10350900
2022-03-21,129.72,132.31,128.62,130.19,14388500
2022-03-22,137.28,139.0,132.99001,133.089996,19731200
2022-03-23,132.64,135.39999,131.2,133.0,8068800
2022-03-24,133.75,134.19,131.2,132.080002,5853800
2022-03-25,133.050003,133.87,131.71001,133.7,6287000
2022-03-28,133.75999,134.86,132.17,134.81,5804100
2022-03-29,137.85001,139.75,136.95,139.14,7275900
2022-03-30,138.98,139.86,137.56,138.53999,5545800
2022-03-31,137.83,138.71001,134.5,134.56,7206500
2022-04-01,134.45,135.28,132.75,133.52,5807500
2022-04-04,133.050003,135.21001,132.86,134.34,5307300
2022-04-05,134.039993,134.67999,132.020004,132.3,5707800
2022-04-06,130.050003,130.3,126.33,128.36,6961000
2022-04-07,127.43,129.98,127.089996,129.38,5320500
2022-04-08,129.44,129.92999,127.88,128.14999,4877400
2022-04-11,125.099998,126.87,124.32,124.98,6365400
2022-04-12,125.2,128.10001,124.34,125.040001,5146800
2022-04-13,125.040001,127.86,125.040001,127.49,5119300
2022-04-14,129.080002,134.38,128.89,133.46001,12811300
2022-04-18,132.0,133.39,130.31,131.63,5298200
2022-04-19,133.089996,137.48,132.78,137.050003,7346100
2022-04-20,137.96001,138.64999,135.66,135.87,5309700
2022-04-21,138.55,139.14,135.080002,135.46001,6562400
2022-04-22,134.33,134.92999,128.71001,129.070007,7321700
2022-04-25,127.8,128.94,124.85,127.94,6512500
2022-04-26,126.95,127.59,120.48,120.52,7977900
2022-04-27,121.089996,124.0,121.089996,121.24,6007800
2022-04-28,123.17,127.97,122.6,127.050003,6551600
2022-04-29,126.22,128.45,124.25,124.7,5867900
2022-05-02,124.43,126.18,122.8,126.080002,5428400
2022-05-03,125.019997,125.76,120.22,122.86,8201200
2022-05-04,122.54,126.2,120.080002,126.059998,6924000
2022-05-05,124.11,124.75,116.52,118.63,8411600
2022-05-06,113.74,115.9,110.66,114.49,11237500
2022-05-09,112.97,114.43,110.59,111.21,7506000
2022-05-10,113.029999,113.44,108.35,109.49,7526900
2022-05-11,110.7,111.15,107.59,107.92,6611800
2022-05-12,105.18,109.88,105.0,107.9,10245400
2022-05-13,110.26,113.11,108.67,113.010002,9618800
2022-05-16,112.98,113.44,111.56,112.6,5722500
2022-05-17,115.5,117.099998,113.07,115.9,6026100
2022-05-18,112.5,113.36,108.78,109.37,8188300
2022-05-19,108.95,109.11,106.28,106.44,7702000
2022-05-20,108.67,109.69,105.07,108.0,7621900
2022-05-23,107.47,108.75,105.82,108.63,7136400
2022-05-24,107.11,107.99,104.73,107.29,6023400
2022-05-25,103.46,108.89,103.46,108.2,7158800
2022-05-26,110.0,113.5,110.0,112.94,6520300
2022-05-27,114.22,116.010002,114.010002,115.99,5043000
2022-05-31,117.5,119.79,114.45,118.85,13774600
2022-06-01,119.83,120.75,117.61,118.68,5543100
2022-06-02,119.51,123.58,119.26,123.41,5838100
2022-06-03,120.21,122.54,120.0,120.95,5201500
2022-06-06,121.5,122.14,119.43,120.23,3963400
2022-06-07,118.66,121.97,118.46,121.67,5373600
2022-06-08,120.9,123.82,120.45,122.4,4365800
2022-06-09,121.35,122.029999,118.59,118.6,3892600
2022-06-10,117.089996,117.089996,114.26,114.73,6292600
2022-06-13,110.39,112.019997,109.24,110.44,6423100
2022-06-14,110.37,111.89,110.010002,110.72,4548400
2022-06-15,112.16,114.72,111.21,113.44,4828700
2022-06-16,109.51,109.9,105.72,107.12,7384800
2022-06-17,106.15,108.55,105.85,107.34,10256800
2022-06-21,108.46,109.82,108.040001,108.68,6211400
2022-06-22,105.4,106.9,104.61,104.92,9884000
2022-06-23,105.010002,108.099998,104.41,108.0,8898400
2022-06-24,109.93,112.94,109.61,112.91,10463700
2022-06-27,112.24,113.21,109.84,110.5,12644700
2022-06-28,108.2,114.050003,102.48,102.78,31296500
2022-06-29,102.99,105.61,101.53,103.25,10326600
2022-06-30,101.94,103.38,100.78,102.2,9027400
2022-07-01,101.64,102.5,99.53,101.18,7934300
2022-07-05,100.45,104.38,100.11,104.32,9948800
2022-07-06,104.89,105.72,103.45,104.23,6432900
2022-07-07,105.65,108.28,105.27,108.13,7633900
2022-07-08,106.58,108.61,106.51,107.93,5938600
2022-07-11,106.6,107.089996,104.87,105.11,4935200
2022-07-12,105.010002,105.86,103.15,103.76,6017400
2022-07-13,101.94,105.88,101.56,105.11,5299400
2022-07-14,103.11,103.8,101.85,103.22,6951300
2022-07-15,104.76,105.62,103.93,104.7,7862000
2022-07-18,106.19,106.68,103.68,103.94,6834800
2022-07-19,105.6,109.58,105.43,109.19,8973900
2022-07-20,109.22,111.63,108.87,111.11,5884600
2022-07-21,110.37,111.67,110.07,111.62,4291400
2022-07-22,111.93,111.93,108.75,109.12,6039300
2022-07-25,109.61,109.61,107.68,109.28,5079500
2022-07-26,107.48,107.93,104.57,105.2,8459500
2022-07-27,106.3,108.38,105.75,107.86,7437000
2022-07-28,109.43,112.4,108.029999,112.23,6773500
2022-07-29,112.76,115.21,111.5,114.92,7560000
2022-08-01,114.0,115.55,113.25,114.3,4802900
2022-08-02,113.57,113.78,111.67,111.77,6334400
2022-08-03,113.42,115.099998,112.58,114.28,5986500
2022-08-04,114.64,115.35,113.83,114.48,4332000
2022-08-05,112.79,114.3,112.57,113.87,4162200
2022-08-08,114.0,115.58,113.31,114.0,6071600
2022-08-09,111.32,111.75,108.82,110.11,7377600
2022-08-10,113.24,113.83,111.86,113.14,6951800
2022-08-11,114.88,116.75,113.73,114.099998,5582100
2022-08-12,114.39,116.13,113.77,116.07,4407900
2022-08-15,115.45,116.58,114.85,116.32,4279000
2022-08-16,115.94,118.47,115.81,118.059998,6189800
2022-08-17,116.77,117.98,116.41,117.040001,5108400
2022-08-18,116.0,116.68,115.3,116.010002,4750200
2022-08-19,115.5,115.65,113.029999,113.16,5967600
2022-08-22,111.019997,111.68,109.84,110.34,5802900
2022-08-23,110.84,112.83,110.57,110.68,4806700
2022-08-24,110.68,112.43,110.019997,111.41,4769000
2022-08-25,111.9,113.34,111.39,113.22,5433700
2022-08-26,113.31,113.73,108.23,108.28,6203600
2022-08-29,106.81,108.54,106.44,107.88,4132400
2022-08-30,108.97,110.080002,107.13,107.86,5129500
2022-08-31,107.96,108.010002,105.81,106.45,8884800
2022-09-01,105.8,106.55,103.8,106.49,5590800
2022-09-02,107.46,108.15,105.050003,105.74,7763800
2022-09-06,105.44,106.41,103.68,105.15,9158900
2022-09-07,105.080002,108.56,105.0,108.48,7238300
2022-09-08,107.0,108.79,106.080002,108.73,5628300
2022-09-09,109.38,111.69,109.3,110.97,5171500
2022-09-12,111.38,113.36,111.38,112.38,4836900
2022-09-13,108.84,108.91,105.44,105.72,5955600
2022-09-14,106.13,107.36,105.15,107.0,4888700
2022-09-15,106.15,108.14,104.83,105.5,6598900
2022-09-16,104.07,105.29,103.25,104.12,8000800
2022-09-19,103.69,107.37,103.33,107.21,5162300
2022-09-20,103.82,104.44,101.71,102.42,10006600
2022-09-21,102.67,103.63,99.77,99.79,6279300
2022-09-22,99.79,100.21,97.83,98.55,9638800
2022-09-23,96.92,97.54,95.34,97.019997,9026500
2022-09-26,96.089996,97.73,95.71,96.059998,8521600
2022-09-27,97.07,97.74,95.0,96.29,9890300
2022-09-28,97.11,99.43,96.76,98.7,9423300
2022-09-29,98.11,98.11,94.48,95.33,19339200
2022-09-30,83.3,86.2,82.5,83.12,48176100
2022-10-03,83.13,86.47,82.22,85.4,19108200
2022-10-04,87.7,89.07,87.11,88.64,15114800
2022-10-05,87.49,91.7,87.15,91.099998,12732700
2022-10-06,90.49,92.64,89.81,90.17,9951900
2022-10-07,88.54,88.76,86.69,87.16,8554700
2022-10-10,87.76,87.78,85.07,86.69,7991200
2022-10-11,86.040001,88.25,85.75,87.99,11903200
2022-10-12,88.0,88.88,87.31,88.51,8772900
2022-10-13,86.39,89.81,86.050003,89.56,9335000
2022-10-14,90.51,90.88,87.49,87.55,7811700
2022-10-17,89.53,90.69,88.7,89.97,8451900
2022-10-18,92.6,92.91,89.15,89.68,7364700
2022-10-19,88.26,89.74,87.76,88.57,5102000
2022-10-20,89.47,90.58,86.61,86.83,13500000
2022-10-21,87.019997,88.78,86.71,88.5,7976300
2022-10-24,87.79,88.84,86.24,88.010002,8847100
2022-10-25,88.029999,91.93,87.89,91.72,8639900
2022-10-26,90.78,94.35,90.7,92.39,8648200
2022-10-27,92.88,93.48,90.22,90.54,8617900
2022-10-28,91.2,93.88,90.46,93.83,6022400
2022-10-31,93.0,93.89,92.68,92.68,6426400
2022-11-01,95.69,96.46,92.97,93.77,7250700
2022-11-02,93.13,94.44,90.19,90.3,7176600
2022-11-03,89.97,91.61,88.72,90.4,6550300
2022-11-04,94.45,98.23,93.95,95.79,12543300
2022-11-07,96.31,96.87,92.67,93.44,9094500
2022-11-08,94.44,96.029999,92.94,93.75,7017800
2022-11-09,92.67,93.9,91.96,92.099998,6550900
2022-11-10,96.33,99.68,96.23,99.49,9361000
2022-11-11,100.31,107.21,100.14,106.089996,12597500
2022-11-14,105.2,106.44,104.32,104.39,7134900
2022-11-15,107.99,109.31,105.53,106.71,7242900
2022-11-16,105.25,106.6,104.77,105.23,5998700
2022-11-17,104.11,105.4,102.92,105.36,5252900
2022-11-18,107.63,107.72,104.17,105.42,5498900
2022-11-21,104.61,105.48,103.6,103.83,4774800
2022-11-22,104.62,106.16,103.84,105.97,5313200
2022-11-23,106.0,106.98,105.23,106.65,3873100
2022-11-25,106.45,107.18,105.56,105.96,3426100
2022-11-28,105.25,106.3,104.65,104.96,6967400
2022-11-29,105.37,106.82,105.12,106.25,8494400
2022-11-30,107.080002,109.69,105.45,109.69,16251000
2022-12-01,110.089996,111.86,109.55,111.11,7822900
2022-12-02,108.65,112.71,108.34,112.2,5892000
2022-12-05,111.019997,111.13,109.19,109.62,6220100
2022-12-06,109.65,110.53,106.75,107.93,7086100
2022-12-07,107.32,109.12,107.059998,108.33,5751500
2022-12-08,108.6,111.49,108.46,111.36,6192800
2022-12-09,110.22,111.38,109.26,109.42,5677700
2022-12-12,110.099998,112.17,109.71,112.07,6426000
2022-12-13,115.61,116.45,111.25,112.85,8655300
2022-12-14,113.7,114.12,110.23,111.45,7528500
2022-12-15,109.19,109.62,107.73,108.51,7500700
2022-12-16,106.87,107.61,105.12,105.95,14083600
2022-12-19,104.99,105.51,102.45,103.050003,10620300
2022-12-20,103.0,103.4,101.68,103.21,17147900
2022-12-21,116.76,119.18,115.34,115.78,32777300
2022-12-22,114.29,116.82,114.059998,116.71,17147600
2022-12-23,116.11,117.17,115.78,116.25,6603700
2022-12-27,116.47,118.2,115.82,117.56,6661100
2022-12-28,117.58,118.24,114.96,114.98,5437800
2022-12-29,116.080002,118.07,115.8,117.35,4588600
2022-12-30,116.56,117.25,115.77,117.010002,4355500
2023-01-03,118.55,119.49,117.44,118.75,8124800
2023-01-04,119.96,122.23,119.53,121.21,8550700
2023-01-05,120.28,122.34,120.080002,120.62,6046700
2023-01-06,122.0,125.36,121.77,124.53,10080700
2023-01-09,125.0,126.61,124.55,124.85,9397900
2023-01-10,125.21,126.33,124.37,125.84,5899900
2023-01-11,126.32,128.25999,126.010002,127.94,6989200
2023-01-12,128.35001,128.46001,126.46,127.89,8366400
2023-01-13,126.66,129.23,126.66,128.85001,4856500
2023-01-17,128.0,129.050003,127.83,128.14,6172200
2023-01-18,127.8,128.59,126.0,126.43,6828800
2023-01-19,124.79,125.44,123.61,124.53,5273500
2023-01-20,124.68,126.64,124.040001,126.62,5673200
2023-01-23,126.9,128.75,126.54,128.28999,5581600
2023-01-24,126.81,128.0099945,120.45,126.83,5486200
2023-01-25,125.86,127.010002,124.83,126.82,5933700
2023-01-26,128.46001,128.99001,126.010002,127.53,5838800
2023-01-27,127.07,128.58,126.7,127.53,5730000
2023-01-30,126.5,127.56,126.21,126.37,6494600
2023-01-31,126.42,127.85,126.010002,127.33,7686900
2023-02-01,127.9,130.22,126.22,129.5,6387900
2023-02-02,130.45,131.31,127.86,129.059998,5214500
2023-02-03,126.79,129.42,126.44,127.61,4930200
2023-02-06,125.52,126.099998,124.32,125.73,4666400
2023-02-07,123.96,125.93,123.25,125.33,5288900
2023-02-08,123.38,124.099998,121.8,122.91,5877800
2023-02-09,124.71,125.019997,121.5,122.18,5929000
2023-02-10,121.51,122.64,120.54,122.23,5195500
2023-02-13,122.82,125.72,122.46,125.15,5689800
2023-02-14,123.95,126.36,123.74,126.2,4845900
2023-02-15,124.9,127.5,124.9,127.48,5687900
2023-02-16,125.43,127.21,124.11,124.38,4722200
2023-02-17,123.71,124.89,123.44,124.84,5161500
2023-02-21,123.28,124.0,120.98,121.099998,5110300
2023-02-22,121.099998,121.4,119.64,119.9,5022000
2023-02-23,120.76,120.76,118.55,119.96,4101900
2023-02-24,117.97,118.74,117.34,118.040001,4693000
2023-02-27,119.26,119.82,118.32,118.53,4239800
2023-02-28,118.74,120.4,117.85,118.79,8414100
2023-03-01,117.95,119.79,117.83,118.58,4120500
2023-03-02,117.55,119.96,117.55,119.58,4443200
2023-03-03,120.13,121.040001,119.019997,120.94,3871800
2023-03-06,121.13,121.99,119.96,120.17,5183800
2023-03-07,120.2,121.019997,119.23,119.59,5345700
2023-03-08,119.27,120.040001,118.73,119.86,4175200
2023-03-09,120.080002,121.86,117.55,117.87,5635900
2023-03-10,118.83,118.99,116.64,117.49,5979600
2023-03-13,115.82,118.29,115.79,116.86,6038200
2023-03-14,119.0,119.49,117.23,119.0,6050800
2023-03-15,116.32,118.63,115.81,118.17,6599200
2023-03-16,116.86,120.81,116.61,120.65,5658700
2023-03-17,121.17,121.73,118.67,120.39,12868900
2023-03-20,120.99,122.68,119.81,121.2,7594100
2023-03-21,123.5,126.059998,122.97,125.61,15078800
2023-03-22,123.66,125.26,119.33,119.5,17625500
2023-03-23,120.47,123.27,119.47,120.97,7628100
2023-03-24,120.23,121.0,119.32,120.71,6158800
2023-03-27,121.019997,121.07,117.61,117.81,6564200
2023-03-28,117.95,118.44,116.85,117.87,4461400
2023-03-29,118.64,120.57,118.49,120.49,5644000
2023-03-30,121.029999,121.44,119.34,120.099998,4578900
2023-03-31,120.92,122.71,120.6,122.64,5659400
2023-04-03,122.5,122.85,120.82,121.67,4838400
2023-04-04,121.38,123.95,121.36,123.69,5895300
2023-04-05,123.0,123.33,120.56,120.9,4331400
2023-04-06,119.51,120.49,117.85,120.22,4256900
2023-04-10,119.3,121.91,119.13,121.91,3731200
2023-04-11,122.040001,124.080002,122.040001,123.3,4471000
2023-04-12,124.76,124.86,123.22,123.66,4524900
2023-04-13,124.64,126.67,124.46,126.43,5355300
2023-04-14,127.0,127.49,125.49,125.95,4828700
2023-04-17,126.029999,126.48,125.13,126.19,3917900
2023-04-18,127.23,127.28,125.019997,126.21,3857700
2023-04-19,126.0,126.080002,124.92,125.67,3547400
2023-04-20,124.8,125.35,123.71,124.45,3891600
2023-04-21,124.4,125.68,123.62,125.53,3651400
2023-04-24,125.51,127.13,125.15,127.089996,3790900
2023-04-25,126.53,126.77,124.050003,124.66,4383300
2023-04-26,124.21,124.98,123.29,123.84,4003200
2023-04-27,124.44,126.010002,123.14,125.7,4252100
2023-04-28,125.15,127.07,124.96,126.72,4420700
2023-05-01,126.92,128.67999,126.86,127.92,4112600
2023-05-02,127.15,127.58,125.17,127.26,3831600
2023-05-03,125.49,128.38,123.67,126.74,4560100
2023-05-04,124.94,125.19,122.82,123.67,6177100
2023-05-05,125.93,127.029999,125.22,126.59,4887500
2023-05-08,127.26,127.69,125.98,126.88,3892600
2023-05-09,125.27,125.66,124.17,125.099998,4082100
2023-05-10,126.29,126.46,122.17,123.51,5052600
2023-05-11,123.45,123.86,121.9,122.22,5923100
2023-05-12,120.99,121.2,119.029999,120.21,6571800
2023-05-15,119.82,119.99,118.010002,119.83,5518200
2023-05-16,117.5,117.84,116.12,116.48,8306400
2023-05-17,116.38,117.13,115.25,116.98,7765400
2023-05-18,117.43,119.15,116.85,118.87,5970500
2023-05-19,114.56,115.49,113.099998,114.76,11672400
2023-05-22,112.85,112.85,110.019997,110.18,12710300
2023-05-23,109.77,111.059998,108.19,108.78,11790400
2023-05-24,109.0,109.099998,107.2,108.29,8503200
2023-05-25,108.35,108.97,107.42,107.48,6729800
2023-05-26,107.0,108.45,107.0,107.51,7911200
2023-05-30,108.4,108.88,106.27,106.52,9335200
2023-05-31,105.7,106.17,104.83,105.26,21465200
2023-06-01,104.18,104.6,102.9,103.63,12025200
2023-06-02,107.63,108.42,106.13,107.78,11835000
2023-06-05,107.88,107.88,105.18,105.2,7434000
2023-06-06,105.49,106.75,105.2,106.19,7896300
2023-06-07,106.040001,108.24,105.42,107.089996,11123900
2023-06-08,107.16,107.52,105.67,106.2,9137600
2023-06-09,105.91,106.28,105.35,105.86,5795200
2023-06-12,106.29,106.85,104.6,106.83,7964600
2023-06-13,107.14,107.48,106.29,106.78,8460500
2023-06-14,107.48,113.4,107.48,112.86,17415500
2023-06-15,111.83,112.82,110.16,112.41,10374200
2023-06-16,114.0,114.76,113.059998,113.59,14443700
2023-06-20,111.41,112.82,108.96,109.54,10602400
2023-06-21,109.13,110.36,108.71,109.98,8377800
2023-06-22,110.82,111.25,109.78,110.46,6002900
2023-06-23,107.75,110.29,107.3,109.52,14324200
2023-06-26,109.67,112.21,109.67,111.74,6887100
2023-06-27,112.53,114.18,112.43,113.61,7138600
2023-06-28,113.34,113.75,112.12,113.029999,6766000
2023-06-29,113.6,114.27,112.61,113.37,12465500
2023-06-30,111.59,112.25,109.8,110.37,19614400
2023-07-03,111.059998,111.3,109.11,109.11,5734200
2023-07-05,108.62,108.91,106.54,107.099998,10405300
2023-07-06,105.29,106.089996,103.67,105.099998,9923500
2023-07-07,104.8,105.47,104.029999,104.46,7460200
2023-07-10,104.48,106.31,104.25,105.78,5374600
2023-07-11,105.65,107.62,105.62,107.39,5457200
2023-07-12,108.53,109.089996,107.22,107.76,8305000
2023-07-13,109.07,109.13,107.68,107.84,6692300
2023-07-14,107.94,108.64,107.19,107.95,6932300
2023-07-17,107.26,109.099998,106.76,108.71,6682900
2023-07-18,108.58,110.34,108.31,109.72,5717900
2023-07-19,109.080002,110.25,108.58,109.88,5027100
2023-07-20,109.57,110.019997,107.48,107.53,6458000
2023-07-21,108.0,109.29,107.51,109.059998,6630200
2023-07-24,110.41,110.55,108.51,108.77,6787600
2023-07-25,108.28,108.85,107.39,108.3,7692800
2023-07-26,108.3,109.59,107.95,109.3,5148900
2023-07-27,109.83,110.23,107.4,107.67,6544600
2023-07-28,108.11,108.96,107.63,108.62,5988300
2023-07-31,109.41,110.85,109.050003,110.39,6406000
2023-08-01,110.0,110.53,109.14,109.4,4566700
2023-08-02,108.28,108.52,107.45,107.51,6213200
2023-08-03,107.0,109.089996,106.65,108.64,5084300
2023-08-04,108.71,110.31,108.24,108.81,5617600
2023-08-07,109.87,110.94,109.18,110.48,4887300
2023-08-08,109.63,109.89,107.35,109.69,5851900
2023-08-09,109.79,110.019997,108.3,109.69,4328600
2023-08-10,110.31,111.95,108.52,109.029999,7276500
2023-08-11,108.9,109.53,107.86,108.089996,5104300
2023-08-14,107.92,108.3,107.07,107.64,5305200
2023-08-15,106.07,106.82,105.6,106.55,6197600
2023-08-16,106.07,108.38,106.07,106.53,5953100
2023-08-17,107.43,107.83,104.78,105.050003,5692800
2023-08-18,103.83,105.050003,103.76,104.81,5835200
2023-08-21,105.47,105.48,102.63,102.86,6697600
2023-08-22,100.96,102.37,100.73,101.46,9820100
2023-08-23,96.98,99.19,96.55,98.75,20909100
2023-08-24,98.7,99.19,97.56,97.63,10310000
2023-08-25,98.5,99.089996,97.81,98.84,7290600
2023-08-28,99.59,100.059998,98.87,99.63,6006600
2023-08-29,100.029999,102.16,99.72,101.77,8641600
2023-08-30,101.64,102.81,101.51,102.099998,4822100
2023-08-31,102.62,102.89,101.61,101.71,7046200
2023-09-01,101.97,102.96,101.52,102.36,6359400
2023-09-05,101.5,101.96,100.23,100.32,6698700
2023-09-06,99.76,100.31,99.029999,100.18,6096000
2023-09-07,98.26,98.76,97.64,97.93,9927100
2023-09-08,98.099998,98.13,97.28,97.67,6435000
2023-09-11,98.33,98.38,96.58,96.79,7584700
2023-09-12,96.99,97.17,96.18,96.3,6307700
2023-09-13,96.3,97.2,95.66,96.13,7140700
2023-09-14,96.72,97.68,95.9,97.19,7075300
2023-09-15,98.15,98.15,96.13,96.26,10465700
2023-09-18,96.0,96.37,95.28,95.51,6946300
2023-09-19,95.040001,95.49,94.41,94.62,9386600
2023-09-20,93.97,95.4,93.83,94.040001,10274200
2023-09-21,93.42,93.49,91.48,91.59,7958600
2023-09-22,91.58,92.33,90.55,90.85,9289400
2023-09-25,90.0,90.85,89.79,90.6,8291700
2023-09-26,90.0,90.7,89.78,90.17,8060500
2023-09-27,90.56,90.7,89.21,89.42,7631000
2023-09-28,89.099998,89.78,88.66,89.63,16315600
2023-09-29,99.37,99.47,94.62,95.62,34920400
2023-10-02,96.2,96.38,93.73,94.56,12776300
2023-10-03,94.32,96.050003,94.18,95.089996,10964300
2023-10-04,95.58,96.26,95.12,95.89,8045400
2023-10-05,95.79,96.23,95.28,95.79,7430000
2023-10-06,95.79,97.71,95.059998,97.11,8531200
2023-10-09,96.78,97.14,95.92,96.88,5964200
2023-10-10,97.25,98.86,97.23,97.62,8499000
2023-10-11,98.31,98.95,98.010002,98.65,7642900
2023-10-12,99.54,100.050003,98.52,99.25,10705200
2023-10-13,99.59,100.85,99.45,99.91,8774700
2023-10-16,99.72,102.58,99.6,102.040001,10845400
2023-10-17,101.97,103.59,101.97,103.010002,9253800
2023-10-18,102.97,103.9,102.93,103.77,8757300
2023-10-19,103.77,104.35,102.85,103.050003,8391100
2023-10-20,103.32,103.77,102.57,102.67,7814600
2023-10-23,102.13,103.76,101.77,102.81,5966100
2023-10-24,103.66,105.65,103.66,105.18,9252200
2023-10-25,104.46,105.040001,103.49,103.54,7054700
2023-10-26,102.18,102.63,99.95,100.019997,11222600
2023-10-27,99.78,100.34,97.81,97.98,9602700
2023-10-30,99.0,102.050003,99.0,101.8,8206700
2023-10-31,101.4,102.93,101.4,102.77,6558500
2023-11-01,102.55,102.67,99.97,100.88,7272400
2023-11-02,102.050003,105.55,101.89,105.080002,8135100
2023-11-03,106.43,107.65,106.050003,107.059998,7563300
2023-11-06,106.96,107.6,106.37,107.25,5231900
2023-11-07,107.32,109.36,107.23,109.36,7745800
2023-11-08,109.37,110.7,108.9,109.39,8639700
2023-11-09,109.82,109.9,106.92,107.0,9154200
2023-11-10,107.34,107.83,105.61,106.11,8897700
2023-11-13,105.37,105.72,104.18,104.2,7055600
2023-11-14,105.56,107.099998,105.38,105.75,9674800
2023-11-15,106.82,109.059998,106.72,107.82,11140800
2023-11-16,107.099998,108.0,107.0,107.61,5386800
2023-11-17,108.059998,108.21,105.52,105.96,6352600
2023-11-20,106.0,106.55,105.099998,106.32,6197400
2023-11-21,106.17,106.7,105.35,106.55,5803500
2023-11-22,107.5,108.029999,106.82,107.92,6280300
2023-11-24,107.5,108.0,107.4,107.64,2443600
2023-11-27,107.66,108.22,106.9,107.96,5785000
2023-11-28,108.57,109.9,108.15,108.75,7287400
2023-11-29,110.8,112.15,110.15,110.37,9601800
2023-11-30,110.53,110.6,108.96,110.27,8690900
2023-12-01,110.33,113.55,109.75,113.48,8049900
2023-12-04,113.080002,115.32,113.0,115.15,10086600
2023-12-05,114.66,116.040001,114.6,115.41,6960000
2023-12-06,116.0,117.14,115.57,116.11,6317000
2023-12-07,114.12,116.0,114.12,114.81,7294500
2023-12-08,114.5,116.29,114.47,115.91,6121000
2023-12-11,117.79,119.42,117.43,118.61,7972800
2023-12-12,119.68,119.99,118.58,119.64,7378400
2023-12-13,119.35,121.44,119.2,121.17,8182900
2023-12-14,121.44,122.59,119.82,121.019997,9590500
2023-12-15,120.93,122.059998,120.6,121.55,13632900
2023-12-18,121.41,121.84,120.86,121.14,6874800
2023-12-19,121.74,123.34,121.64,122.64,7697300
2023-12-20,121.13,123.39,121.0,121.43,9176600
2023-12-21,122.3,123.3,121.3,122.53,16533300
2023-12-22,108.26,110.8,107.45,108.040001,46642900
2023-12-26,108.3,108.69,107.48,108.019997,12846700
2023-12-27,108.34,108.59,106.85,107.13,10157900
2023-12-28,107.21,109.4,106.81,108.82,9352900
2023-12-29,108.96,109.96,108.089996,108.57,7660900
2024-01-02,107.61,107.85,106.45,106.55,9326600
2024-01-03,105.72,107.48,104.0,104.040001,10573700
2024-01-04,102.46,103.62,102.3,102.3,10420600
2024-01-05,102.46,103.68,101.9,102.080002,8039900
2024-01-08,102.080002,103.69,101.73,103.62,9414200
2024-01-09,103.17,103.4,102.5,102.74,7759500
2024-01-10,102.69,103.83,102.37,103.77,6784700
2024-01-11,104.22,106.010002,103.73,105.9,9537700
2024-01-12,106.0,106.32,104.72,105.059998,6680000
2024-01-16,103.94,104.22,101.36,101.72,10547900
2024-01-17,101.050003,101.31,100.24,100.82,8226200
2024-01-18,101.0,101.43,100.07,100.94,8852400
2024-01-19,101.019997,102.18,99.67,101.78,8408400
2024-01-22,101.75,101.81,100.089996,100.56,9897400
2024-01-23,101.63,102.14,101.23,101.9,8208000
2024-01-24,101.78,101.8,100.69,100.76,7879300
2024-01-25,101.53,101.74,100.089996,100.77,10063700
2024-01-26,101.57,103.27,101.22,102.75,9735800
2024-01-29,102.88,104.010002,101.34,103.88,8860800
2024-01-30,103.34,104.31,103.13,104.18,7542800
2024-01-31,104.089996,104.3,101.12,101.53,11547600
2024-02-01,101.9,102.25,100.61,101.76,7666700
2024-02-02,100.88,101.41,99.43,100.71,8961200
2024-02-05,100.5,100.59,99.050003,99.68,10097900
2024-02-06,99.5,102.63,99.13,102.61,11368600
2024-02-07,102.39,104.34,102.35,103.79,9447800
2024-02-08,104.43,104.96,103.050003,103.77,6330400
2024-02-09,103.8,104.94,103.33,104.5,5449000
2024-02-12,104.74,107.43,104.65,107.18,7501900
2024-02-13,104.99,105.8,104.25,105.0,6180500
2024-02-14,104.82,106.42,104.46,106.33,5743300
2024-02-15,107.019997,107.34,105.83,106.050003,7201300
2024-02-16,104.63,104.7,101.65,103.51,14572100
2024-02-20,103.13,103.84,102.17,103.3,8759500
2024-02-21,103.35,105.52,102.93,105.27,8893500
2024-02-22,105.8,106.010002,104.080002,105.080002,6705500
2024-02-23,105.26,106.62,105.19,105.63,6947300
2024-02-26,105.31,106.099998,103.76,104.54,5831500
2024-02-27,104.83,105.25,103.99,105.15,5317400
2024-02-28,104.099998,105.44,103.7,104.35,4219800
2024-02-29,104.98,105.57,103.68,103.93,10811600
2024-03-01,103.87,103.94,101.83,101.88,7347600
2024-03-04,101.65,101.77,99.010002,99.54,11050900
2024-03-05,99.0,99.17,98.0,98.31,8670600
2024-03-06,100.0,100.099998,97.059998,97.63,10045300
2024-03-07,97.99,98.4,97.68,98.19,8133900
2024-03-08,98.49,99.32,98.019997,99.16,9040900
2024-03-11,99.9,101.76,99.44,101.080002,8537400
2024-03-12,100.79,101.37,99.65,100.18,7040900
2024-03-13,100.61,102.0,100.33,101.36,7326400
2024-03-14,102.2,102.49,100.089996,100.26,8350900
2024-03-15,100.3,101.16,99.34,99.64,15194400
2024-03-18,98.98,99.66,98.52,98.74,7207000
2024-03-19,98.5,100.040001,98.44,99.96,6168900
2024-03-20,99.45,100.44,99.029999,100.27,7771700
2024-03-21,100.44,101.92,99.76,100.82,17176000
2024-03-22,93.85,95.17,91.72,93.86,41779000
2024-03-25,94.07,95.52,92.77,93.75,14548800
2024-03-26,93.74,93.86,92.41,92.58,10816900
2024-03-27,93.27,94.15,92.32,94.13,11095700
2024-03-28,94.37,94.81,93.43,93.98,11331700
2024-04-01,93.81,93.92,91.69,92.56,10360000
2024-04-02,91.76,91.9,90.64,90.95,11107300
2024-04-03,91.010002,91.44,90.28,90.33,8876600
2024-04-04,90.95,91.050003,88.89,89.07,12110300
2024-04-05,89.15,90.25,88.8,88.84,9706400
2024-04-08,89.11,90.26,88.8,90.0,8452500
2024-04-09,90.0,91.16,89.87,91.0,7194600
2024-04-10,89.9,90.099998,88.77,89.0,7932900
2024-04-11,91.23,92.41,90.83,92.0,15330200
2024-04-12,92.010002,92.87,91.12,92.0,10903600
2024-04-15,93.59,93.92,92.54,93.099998,11597300
2024-04-16,93.040001,94.19,91.65,93.39,10388200
2024-04-17,94.61,95.07,93.66,94.84,10181200
2024-04-18,95.16,95.88,94.53,95.74,10062900
2024-04-19,95.42,96.22,94.49,94.53,11237600
2024-04-22,94.63,95.059998,93.85,94.19,8642000
2024-04-23,94.37,94.72,93.91,94.019997,6582700
2024-04-24,94.099998,95.19,94.099998,94.64,6493200
2024-04-25,94.0,94.79,92.44,93.94,5317900
2024-04-26,94.59,95.42,93.91,94.12,6115700
2024-04-29,94.44,94.89,93.7,94.059998,5030700
2024-04-30,92.91,93.51,92.25,92.26,6493300
2024-05-01,91.81,91.87,90.089996,90.34,9783100
2024-05-02,91.33,92.45,90.91,92.41,7333300
2024-05-03,93.089996,93.65,91.87,92.15,5736700
2024-05-06,92.81,93.37,92.48,93.36,6696300
2024-05-07,94.080002,94.32,93.21,93.78,7113500
2024-05-08,93.12,93.64,92.73,93.59,5372900
2024-05-09,93.64,93.98,93.010002,93.39,6429800
2024-05-10,93.07,93.14,90.88,90.94,10548400
2024-05-13,91.27,92.77,91.15,92.72,8792100
2024-05-14,92.99,94.34,92.6,92.79,7811000
2024-05-15,92.29,92.62,90.85,91.67,15614400
2024-05-16,91.69,92.84,91.53,91.77,12711700
2024-05-17,92.010002,92.29,91.34,92.18,12019600
2024-05-20,92.25,92.7,90.83,91.77,9701500
2024-05-21,91.57,92.85,91.45,92.82,7809700
2024-05-22,91.95,92.76,91.65,92.5,7611900
2024-05-23,92.45,92.58,91.15,91.4,7729000
2024-05-24,91.77,92.2,91.49,91.75,6936800
2024-05-28,91.74,92.52,91.35,92.0,10835000
2024-05-29,91.68,92.72,91.38,91.67,7237300
2024-05-30,92.23,93.88,91.96,93.45,9310000
2024-05-31,93.5,95.07,92.97,95.050003,12565600
2024-06-03,94.52,95.25,94.050003,94.4,9668100
2024-06-04,94.29,95.11,93.41,94.74,7838400
2024-06-05,95.32,95.32,93.7,94.32,7463300
2024-06-06,94.86,96.8,93.99,95.72,9760100
2024-06-07,95.39,97.94,95.3,96.55,9397400
2024-06-10,95.73,96.99,95.6,96.0,7035600
2024-06-11,95.52,96.0,94.52,95.87,7301500
2024-06-12,96.35,96.5,93.5,93.68,9861300
2024-06-13,94.040001,94.53,93.72,94.18,8348200
2024-06-14,93.8,94.78,93.3,93.39,7426800
2024-06-17,92.010002,95.12,92.010002,95.0,6365400
2024-06-18,94.67,95.26,94.21,94.78,6712000
2024-06-20,93.88,96.089996,93.52,95.57,9393800
2024-06-21,95.96,97.21,95.42,97.18,15569900
2024-06-24,97.3,98.040001,96.68,97.17,9466900
2024-06-25,97.31,97.64,94.5,94.75,9036200
2024-06-26,94.089996,94.48,93.15,94.059998,10160400
2024-06-27,93.77,94.74,93.39,94.19,25772700
2024-06-28,77.13,79.050003,74.55,75.37,129967000
2024-07-01,75.5,77.059998,74.29,76.83,44369000
2024-07-02,76.82,76.94,75.39,76.040001,26183400
2024-07-03,75.5,75.92,75.019997,75.24,15952000
2024-07-05,75.36,76.089996,74.78,75.43,19603700
2024-07-08,75.41,75.49,73.0,73.050003,29905000
2024-07-09,73.3,74.14,72.38,72.46,23445500
2024-07-10,72.26,72.64,71.67,72.54,21378200
2024-07-11,72.7,73.75,72.29,73.39,15876700
2024-07-12,73.57,74.050003,73.17,73.42,14527500
2024-07-15,73.0,73.010002,71.24,71.31,20775800
2024-07-16,71.51,72.96,71.51,72.81,20980700
2024-07-17,72.53,73.34,72.5,73.07,11161600
2024-07-18,72.97,73.93,72.35,72.38,14440100
2024-07-19,72.3,72.82,71.85,72.7,11913300
2024-07-22,73.12,75.34,73.07,74.86,19385500
2024-07-23,74.63,75.040001,73.24,73.4,11041800
2024-07-24,73.25,73.39,71.080002,71.089996,18563300
2024-07-25,71.53,72.43,70.91,71.41,13855400
2024-07-26,72.0,72.78,71.87,72.56,8892000
2024-07-29,72.5,73.87,72.2,73.55,10471800
2024-07-30,73.69,74.49,73.46,74.32,8515700
2024-07-31,74.5,75.43,73.92,74.86,14632900
2024-08-01,74.7,74.79,73.26,73.85,9563500
2024-08-02,72.83,74.13,71.92,74.010002,11526600
2024-08-05,71.059998,72.62,70.75,71.42,13191500
2024-08-06,71.66,73.24,71.51,72.5,13469700
2024-08-07,72.88,74.21,72.53,72.62,9571200
2024-08-08,73.23,74.21,73.050003,74.19,8828000
2024-08-09,74.12,74.58,73.37,74.34,7186600
2024-08-12,74.71,75.0,74.050003,74.64,7067300
2024-08-13,75.25,79.050003,75.07,78.5,22114800
2024-08-14,78.0,79.089996,77.42,78.52,13613000
2024-08-15,82.099998,83.059998,80.67,82.5,23583600
2024-08-16,82.88,83.94,82.44,83.23,13794200
2024-08-19,83.23,83.99,82.92,83.28,9627300
2024-08-20,83.49,83.9,82.77,83.56,7863100
2024-08-21,83.67,84.24,83.22,84.0,6915900
2024-08-22,84.45,84.68,83.21,83.41,8485500
2024-08-23,83.34,84.24,83.22,84.050003,9219700
2024-08-26,83.47,84.51,83.38,84.28,7853300
2024-08-27,84.07,85.39,83.61,85.29,14954000
2024-08-28,85.050003,85.43,81.88,82.79,11088600
2024-08-29,83.45,83.89,82.86,83.26,7477200
2024-08-30,83.6,83.88,82.050003,83.32,13755300
2024-09-03,82.71,82.94,81.010002,81.32,10133700
2024-09-04,80.099998,81.089996,79.67,81.019997,12837400
2024-09-05,81.13,81.24,80.21,80.83,7596300
2024-09-06,80.88,81.88,80.35,80.63,8512200
2024-09-09,80.75,81.58,79.019997,79.49,8003300
2024-09-10,79.56,79.56,77.55,78.089996,9748400
2024-09-11,78.0,78.59,76.74,78.4,8265500
2024-09-12,78.23,79.07,77.53,78.4,7186100
2024-09-13,78.3,79.49,78.11,79.010002,5814200
2024-09-16,79.33,79.99,78.69,79.8,9547700
2024-09-17,80.010002,80.98,79.86,80.64,7580600
2024-09-18,80.66,81.76,80.23,80.9,7637000
2024-09-19,82.6,83.12,80.47,80.98,15067100
2024-09-20,87.87,88.0,84.81,86.52,52039300
2024-09-23,85.4,86.53,85.050003,86.2,17712400
2024-09-24,87.44,88.28,86.66,87.46,21123300
2024-09-25,87.85,88.099998,87.24,88.0,12392800
2024-09-26,89.92,90.62,89.050003,89.39,13592800
2024-09-27,89.45,90.26,89.21,89.44,9181000
2024-09-30,89.7,89.75,87.73,88.4,12027100
2024-10-01,88.0,89.64,87.71,89.13,20623400
2024-10-02,82.89,85.23,81.77,83.099998,33208800
2024-10-03,82.4,83.78,81.98,82.099998,18143800
2024-10-04,82.63,83.54,82.099998,82.25,10322600
2024-10-07,82.14,82.47,80.089996,80.83,12767400
2024-10-08,80.75,81.42,79.93,80.77,10569600
2024-10-09,81.14,82.93,81.07,82.45,11750600
2024-10-10,83.4,83.45,82.029999,82.099998,8370200
2024-10-11,82.040001,82.27,81.18,82.15,10171100
2024-10-14,82.0,82.040001,80.8,81.6,8177700
2024-10-15,81.050003,82.72,81.050003,82.12,11804400
2024-10-16,82.14,84.089996,82.050003,83.94,11220600
2024-10-17,84.11,84.76,83.38,83.4,9204500
2024-10-18,83.78,83.95,82.63,82.92,7214800
2024-10-21,82.85,83.089996,81.44,81.48,7550200
2024-10-22,81.35,82.42,81.23,81.42,7308800
2024-10-23,81.0,81.040001,79.79,80.050003,7253100
2024-10-24,80.5,80.8,79.029999,79.040001,7424500
2024-10-25,79.22,79.58,78.52,78.85,9385400
2024-10-28,79.32,79.64,78.82,78.91,6617200
2024-10-29,78.88,79.47,78.2,78.4,7241100
2024-10-30,78.0,78.11,76.42,76.45,15691300
2024-10-31,76.2,77.34,75.2,77.13,13990100
2024-11-01,77.050003,78.13,76.96,78.059998,9623700
2024-11-04,77.99,78.55,77.11,77.19,6593800
2024-11-05,77.25,78.0,77.0,77.98,5629200
2024-11-06,76.87,76.95,75.12,75.32,16193700
2024-11-07,75.7,76.37,75.21,75.92,11831100
2024-11-08,75.5,76.56,75.25,75.88,8140800
2024-11-11,76.15,77.4,76.099998,76.6,9877200
2024-11-12,76.46,77.43,76.14,76.66,9013900
2024-11-13,76.91,77.29,76.47,76.52,6835300
2024-11-14,76.68,76.98,75.67,75.68,6991600
2024-11-15,76.0,77.65,75.61,76.66,13584900
2024-11-18,76.16,76.2,74.25,74.89,12609200
2024-11-19,74.5,74.73,73.6,73.91,12028400
2024-11-20,73.66,73.84,72.71,73.36,12290300
2024-11-21,73.36,75.56,73.2,75.099998,12818600
2024-11-22,76.13,77.5,75.83,77.4,12248600
2024-11-25,78.5,79.86,78.41,79.26,18328900
2024-11-26,78.9,78.9,77.57,77.61,9495600
2024-11-27,77.61,79.050003,77.59,78.34,8713500
2024-11-29,78.2,79.18,78.029999,78.77,7123500
2024-12-02,77.92,79.099998,77.2,79.089996,11221000
2024-12-03,79.0,79.4,77.61,78.86,9414500
2024-12-04,77.82,78.51,77.099998,78.37,15042600
2024-12-05,78.26,78.9,78.099998,78.58,8316500
2024-12-06,79.22,81.18,78.84,78.89,13931100
2024-12-09,79.44,79.45,77.52,77.64,12043400
2024-12-10,77.5,78.080002,76.62,76.74,12193100
2024-12-11,76.79,78.98,76.31,78.85,12033200
2024-12-12,78.71,79.37,77.86,77.96,6983200
2024-12-13,77.35,77.83,76.77,77.25,8037300
2024-12-16,76.76,79.019997,76.66,77.2,13034000
2024-12-17,77.36,78.77,77.25,78.0,12452400
2024-12-18,77.98,79.0,76.84,76.9,14376900
2024-12-19,76.94,77.94,76.43,77.099998,27067600
2024-12-20,75.96,78.0,74.86,76.94,49883400
2024-12-23,76.33,78.41,75.74,76.76,14203800
2024-12-24,76.75,77.11,76.36,76.79,4919100
2024-12-26,76.6,77.46,76.54,76.94,6363500
2024-12-27,76.52,76.93,75.8,76.42,6334400
2024-12-30,75.6,75.77,74.55,74.65,9042900
2024-12-31,74.9,76.39,74.78,75.67,9425600
2025-01-02,76.25,76.69,73.24,73.67,10883400
2025-01-03,73.92,74.19,73.010002,73.31,10083500
2025-01-06,73.75,74.32,71.97,72.0,14947300
2025-01-07,72.4,73.44,71.98,72.089996,10463500
2025-01-08,71.56,71.82,71.010002,71.29,11855000
2025-01-10,71.85,72.39,71.089996,71.2,15677400
2025-01-13,71.17,72.6,70.78,72.080002,14584300
2025-01-14,72.07,72.21,70.53,71.17,16732900
2025-01-15,71.99,72.25,70.84,71.07,13468100
2025-01-16,70.9,71.23,70.32,71.11,13694600
2025-01-17,71.43,71.52,70.84,70.84,9711300
2025-01-21,71.3,73.27,71.14,73.17,14199900
2025-01-22,73.38,74.7,73.010002,74.040001,13029300
2025-01-23,73.34,74.5,72.37,74.29,10677400
2025-01-24,74.07,74.25,73.25,73.57,8106700
2025-01-27,73.44,75.85,73.42,75.58,11665400
2025-01-28,75.33,75.6,74.16,74.39,8694400
2025-01-29,74.45,77.11,74.32,76.58,11764800
2025-01-30,76.85,78.77,76.85,78.33,10902100
2025-01-31,78.11,78.86,76.76,76.9,13105900
2025-02-03,74.9,76.69,73.22,76.59,18539200
2025-02-04,77.55,78.16,76.040001,76.72,11943700
2025-02-05,76.3,76.79,74.4,74.57,9807400
2025-02-06,75.24,75.4,71.63,71.74,16059400
2025-02-07,70.56,70.81,68.62,68.68,27428700
2025-02-10,69.36,70.95,69.12,70.94,16201300
2025-02-11,70.57,71.99,70.51,71.34,9636600
2025-02-12,70.6,72.45,70.33,72.26,10810900
2025-02-13,72.45,73.6,71.63,73.21,9739600
2025-02-14,73.17,73.5,72.34,73.040001,9254400
2025-02-18,74.5,77.68,74.5,77.59,28252400
2025-02-19,76.82,77.68,76.089996,76.78,14184100
2025-02-20,76.91,77.27,76.34,77.23,10689600
2025-02-21,77.4,77.99,75.86,76.5,12823400
2025-02-24,78.88,81.089996,78.75,80.28,24553500
2025-02-25,80.31,81.96,80.050003,81.72,15522500
2025-02-26,82.099998,82.44,80.84,81.17,16058100
2025-02-27,81.49,81.49,79.46,80.019997,11651900
2025-02-28,79.25,80.019997,78.18,79.43,14113800
2025-03-03,79.99,80.96,77.89,78.41,8628800
2025-03-04,77.7,78.65,76.78,77.32,10034100
2025-03-05,77.33,78.31,76.46,77.81,9853600
2025-03-06,76.74,78.33,76.74,77.71,9623700
2025-03-07,77.48,79.0,76.97,78.59,9294300
2025-03-10,77.51,80.19,76.059998,76.4,15822600
2025-03-11,75.91,76.080002,73.62,74.17,12837000
2025-03-12,74.36,74.5,73.23,73.58,12304900
2025-03-13,73.18,73.94,71.67,72.64,10195900
2025-03-14,73.28,73.54,71.32,71.66,12183000
2025-03-17,72.14,73.95,72.029999,73.7,15996900
2025-03-18,73.89,74.16,72.72,73.31,8972300
2025-03-19,72.64,73.43,72.29,72.99,10830500
2025-03-20,72.92,73.65,71.52,71.86,25202300
2025-03-21,66.59,68.73,65.17,67.94,77287000
2025-03-24,68.56,68.89,66.69,67.39,26552500
2025-03-25,67.56,68.050003,66.24,66.54,17394100
2025-03-26,66.38,66.59,64.95,65.74,18688300
2025-03-27,65.5,67.099998,65.29,65.8,16435800
2025-03-28,65.86,65.86,63.14,63.29,19600300
2025-03-31,62.84,63.99,62.65,63.48,17400000
2025-04-01,63.83,65.16,63.3,64.76,13489500
2025-04-02,64.3,65.4,64.16,64.96,11161400
2025-04-03,56.37,58.68,55.4,55.58,71499500
2025-04-04,53.22,59.22,52.5,57.25,67775700
2025-04-07,55.4,57.18,53.4,55.61,45374400
2025-04-08,58.77,58.77,52.37,53.27,30404300
2025-04-09,53.28,59.55,52.48,59.32,44732500
2025-04-10,57.23,57.25,52.28,54.4,53919800
2025-04-11,54.4,55.029999,52.86,54.39,22617100
2025-04-14,55.64,56.69,54.67,55.41,28346600
2025-04-15,54.68,55.39,54.17,54.83,15977100
2025-04-16,54.72,55.15,53.34,53.55,19094900
2025-04-17,53.82,56.02,53.65,55.76,18899000
2025-04-21,55.23,56.36,53.5,56.12,17280900
2025-04-22,56.65,58.09,56.24,57.060001,16852200
2025-04-23,59.0,59.2,56.7,57.39,21660300
2025-04-24,57.81,58.7,57.13,58.48,14508500
2025-04-25,58.21,58.25,56.61,57.62,17156000
2025-04-28,57.73,58.080002,56.8,57.31,13321200
2025-04-29,57.0,57.74,56.74,57.54,12968000
2025-04-30,55.86,56.59,54.75,56.4,17205900
2025-05-01,56.68,57.21,56.26,56.76,10527000
2025-05-02,57.87,58.7,57.31,58.59,14723900
2025-05-05,58.12,58.34,57.29,57.35,15971000
2025-05-06,57.15,57.72,56.79,57.040001,11440300
2025-05-07,57.87,58.81,57.56,58.62,11883500
2025-05-08,59.69,60.39,58.8,58.91,19009000
2025-05-09,59.14,59.38,58.22,58.3,13954400
2025-05-12,62.38,63.47,61.81,62.58,29776600
2025-05-13,62.61,62.78,61.97,62.39,17003100
2025-05-14,62.049999,62.87,61.52,61.73,13736300
2025-05-15,60.64,62.68,60.42,62.4,14371100
2025-05-16,62.5,63.75,62.5,63.11,12950600
2025-05-19,62.15,62.43,61.76,62.080002,15105300
2025-05-20,62.5,63.19,62.28,62.56,10771800
2025-05-21,61.17,61.76,59.88,59.98,17354700
2025-05-22,60.58,61.62,60.16,61.32,16764500
2025-05-23,59.86,60.38,59.49,60.02,14282400
2025-05-27,61.13,62.84,60.84,62.83,16642100
2025-05-28,62.74,63.11,61.56,61.78,10015600
2025-05-29,62.49,62.9,61.13,61.44,12218000
2025-05-30,61.0,61.12,60.099998,60.59,18155100
2025-06-02,60.049999,61.6,59.6,61.57,14065300
2025-06-03,61.24,62.45,60.46,62.37,10286100
2025-06-04,62.38,63.040001,62.27,62.77,10242300
2025-06-05,62.94,63.66,62.23,62.67,12336300
2025-06-06,62.67,63.09,62.12,62.8,13299600
2025-06-09,63.3,63.49,61.88,61.91,11640000
2025-06-10,62.38,64.16,62.25,63.87,15287000
2025-06-11,64.4,64.85,62.58,63.11,10238700
2025-06-12,62.74,62.93,61.76,62.8,9830500
2025-06-13,61.75,62.78,60.11,60.53,16509700
2025-06-16,61.38,62.18,61.24,61.9,13681600
2025-06-17,61.3,61.3,59.68,60.0,13649700
2025-06-18,60.0,60.45,59.37,59.51,14194300
2025-06-20,59.75,60.040001,59.19,59.79,19084000
2025-06-23,59.58,61.3,59.44,60.78,15921300
2025-06-24,61.33,61.98,60.48,61.42,12564000
2025-06-25,61.45,61.53,60.36,60.83,12186200
2025-06-26,61.56,62.73,60.82,62.54,39659800
2025-06-27,69.79,74.19,69.69,72.040001,117530300
2025-06-30,71.45,71.71,70.059998,71.040001,31090400
2025-07-01,71.99,73.94,71.83,73.41,27512900
2025-07-02,73.17,76.84,73.0,76.39,36882300
2025-07-03,76.27,77.029999,75.58,76.39,12022600
2025-07-07,76.040001,77.5,75.85,76.53,17296900
2025-07-08,76.13,76.3,73.65,73.92,19572400
2025-07-09,74.13,74.92,73.42,73.56,12076700
2025-07-10,73.12,75.5,72.95,74.62,13033000
2025-07-11,73.69,73.84,72.4,72.63,12771400
2025-07-14,72.34,72.58,71.029999,72.25,11385400
2025-07-15,72.26,72.88,71.58,71.99,9708300
2025-07-16,71.9,72.71,71.15,72.099998,9008600
2025-07-17,72.12,73.21,72.040001,72.98,9180400
2025-07-18,73.28,73.28,72.12,72.47,8801000
2025-07-21,72.93,74.81,72.91,74.019997,12743900
2025-07-22,74.07,75.54,74.040001,75.39,11297500
2025-07-23,76.15,77.21,75.82,76.75,16428100
2025-07-24,76.51,77.54,75.41,75.42,10037800
2025-07-25,75.91,76.57,75.53,76.27,7208400
2025-07-28,79.0,79.99,77.56,79.24,22631100
2025-07-29,78.76,79.37,77.76,78.33,12885500
2025-07-30,77.78,78.3,75.96,76.68,14601700
2025-07-31,76.35,76.4,74.31,74.69,16700000
2025-08-01,73.44,74.7,72.53,74.62,11911600
2025-08-04,75.029999,75.26,74.16,74.82,8839000
2025-08-05,74.91,75.71,74.24,74.38,6533800
2025-08-06,74.47,75.98,74.25,75.48,7579800
2025-08-07,76.32,76.35,74.0,74.35,8717600
2025-08-08,74.2,74.96,73.39,74.19,6739000
2025-08-11,74.32,74.79,73.050003,74.019997,6985700
2025-08-12,74.72,75.72,74.34,74.9,6397700
2025-08-13,75.48,77.69,75.19,77.2,13472600
2025-08-14,75.91,76.6,75.35,76.39,7990500
2025-08-15,76.74,77.5,76.16,76.97,9767700
2025-08-18,77.11,78.26,76.85,77.43,9069100
2025-08-19,78.2,78.79,76.68,76.88,7684800
2025-08-20,76.69,77.56,76.16,76.26,6282600
2025-08-21,75.7,76.23,75.13,76.18,6354900
2025-08-22,76.54,79.14,76.25,78.38,10985900
2025-08-25,78.47,80.17,78.39,79.17,12488900
2025-08-26,79.0,79.48,78.38,78.65,6874800
2025-08-27,78.96,79.51,77.65,78.059998,12636700
2025-08-28,78.58,78.66,77.72,77.92,7478600
2025-08-29,77.75,79.13,77.12,77.37,14208800
2025-09-02,75.64,76.050003,74.0,74.29,15078700
2025-09-03,74.4,75.18,73.91,74.74,8300100
2025-09-04,74.75,75.77,74.51,75.35,11096200
2025-09-05,74.8,75.41,73.63,73.91,13758400
2025-09-08,74.26,74.58,73.71,74.15,13793300
2025-09-09,73.99,74.55,73.050003,73.6,8740200
2025-09-10,75.25,75.46,73.33,74.25,11359300
2025-09-11,74.41,75.53,74.010002,74.33,9803400
2025-09-12,74.24,74.28,71.93,73.0,11806000
2025-09-15,73.18,73.21,72.58,73.029999,10323800
2025-09-16,72.8,73.38,72.089996,72.75,8813600
2025-09-17,73.07,73.32,71.61,72.31,11108700
2025-09-18,73.44,73.6,71.63,72.099998,14918400
2025-09-19,72.010002,72.25,70.74,70.89,33415600
2025-09-22,70.79,72.49,70.43,71.28,12336300
2025-09-23,71.57,72.42,70.73,70.93,10432400
2025-09-24,70.67,71.53,70.45,71.22,10024500
2025-09-25,71.16,71.16,69.050003,69.24,13075300
2025-09-26,69.38,69.44,68.029999,69.31,15627600
2025-09-29,69.77,69.96,68.74,69.55,18479300
2025-09-30,70.07,70.21,68.82,69.73,40567700
2025-10-01,74.35,74.69,71.61,74.2,57921900
2025-10-02,75.0,76.97,73.88,74.57,26254400
2025-10-03,74.78,74.78,71.92,71.93,18794900
2025-10-06,72.019997,72.39,71.010002,71.17,14039600
2025-10-07,71.23,71.58,68.9,68.91,17368000
2025-10-08,68.91,69.43,68.67,69.089996,13051800
2025-10-09,69.55,69.66,67.89,68.059998,13410900
2025-10-10,68.18,68.49,64.88,65.22,18806100
2025-10-13,65.7,67.52,65.55,67.38,13191200
2025-10-14,66.47,68.0,66.059998,67.64,9483700
2025-10-15,68.58,69.53,68.13,68.46,13001500
2025-10-16,68.6,69.040001,66.58,66.84,15349700
2025-10-17,66.63,67.77,66.32,67.37,10054000
2025-10-20,67.56,68.18,67.47,67.62,9670000
2025-10-21,67.75,69.29,67.41,68.36,9659200
2025-10-22,68.22,69.36,67.96,69.080002,8096100
2025-10-23,69.089996,69.89,68.74,69.68,9124900
2025-10-24,69.71,70.080002,68.91,69.11,7102900
2025-10-27,70.040001,70.44,68.26,68.59,9838100
2025-10-28,68.11,68.61,67.050003,67.43,11262400
2025-10-29,67.010002,67.19,64.95,65.35,15143100
2025-10-30,65.18,66.0,64.57,64.9,13895200
2025-10-31,65.0,65.25,64.25,64.59,17822500
2025-11-03,64.72,64.85,62.34,62.65,22633300
2025-11-04,62.42,62.59,61.12,61.23,13725400
2025-11-05,61.28,62.85,60.86,62.11,20979800
2025-11-06,61.88,62.48,61.67,61.89,15164600
2025-11-07,61.74,62.18,60.29,61.09,15504800
2025-11-10,61.75,62.09,60.49,60.8,13063100
2025-11-11,61.73,63.6,61.24,63.15,17646400
2025-11-12,64.099998,65.19,63.74,64.2,14812200
2025-11-13,65.71,66.26,64.88,66.029999,21923600
2025-11-14,64.94,65.059998,63.75,64.17,17760100
2025-11-17,63.07,63.54,62.26,62.9,17064700
2025-11-18,62.4,62.76,61.68,62.49,14614600
2025-11-19,62.43,63.22,62.0099983,62.64,11732100
2025-11-20,62.95,63.83,61.41,61.43,13886600
2025-11-21,62.0099983,63.5,61.54,62.8,12476900
2025-11-24,62.51,63.07,61.93,61.93,16681700
2025-11-25,62.34,64.12,61.87,63.68,11527200
2025-11-26,63.5,64.87,62.97,64.33,13791000
2025-11-28,64.47,64.78,63.97,64.63,4941400
2025-12-01,63.77,65.99,63.58,65.39,12047300
2025-12-02,65.45,65.47,64.58,64.93,9051200
2025-12-03,65.080002,66.66,64.98,65.65,12028300
2025-12-04,65.6,66.099998,65.010002,65.69,10619500
2025-12-05,65.7,66.080002,64.88,65.86,10917900
2025-12-08,65.6,65.8,63.27,63.54,12867300
2025-12-09,63.51,63.95,62.97,63.33,9300200
2025-12-10,63.98,66.15,63.76,65.79,20302100
2025-12-11,65.83,67.82,65.56,67.74,16153500
2025-12-12,68.17,69.14,67.12,67.47,14829200
2025-12-15,67.41,68.35,66.69,67.78,15287500
2025-12-16,67.29,68.2,66.74,67.12,16376700
2025-12-17,66.56,66.83,65.62,65.69,13205500
2025-12-18,66.010002,67.0,65.4,65.63,35650000
2025-12-19,59.2,60.38,58.22,58.71,108652700
2025-12-22,58.99,59.080002,57.14,57.22,38695900
2025-12-23,57.18,57.6,56.99,57.34,23276700
2025-12-24,58.88,60.58,58.88,60.0,36073300
2025-12-26,60.0,60.93,59.86,60.93,22303600
2025-12-29,60.54,61.75,60.51,61.21,18062100
2025-12-30,61.3,61.3,60.64,61.19,13507800
