DateTime,Open,High,Low,Close,Volume
2015-01-02,90.84,91.0,89.92,90.44,7251400
2015-01-05,90.23,91.0,89.85,90.010002,8626100
2015-01-06,90.31,90.56,89.26,89.6,7791200
2015-01-07,89.94,90.37,89.56,90.07,5986600
2015-01-08,90.48,91.23,90.13,91.099998,6823300
2015-01-09,91.18,91.18,90.12,90.25,4872800
2015-01-12,90.48,90.62,89.51,89.92,5250900
2015-01-13,90.78,91.5,89.77,90.3,6727100
2015-01-14,89.73,90.16,89.43,89.99,6418200
2015-01-15,90.49,90.5,89.34,89.86,6768200
2015-01-16,89.95,91.34,89.87,91.25,8815700
2015-01-20,91.25,91.79,90.5,91.19,9869900
2015-01-21,90.4,91.19,89.63,90.73,6974500
2015-01-22,91.040001,91.69,89.87,91.62,7211200
2015-01-23,91.17,91.19,89.95,90.080002,6745700
2015-01-26,89.95,89.95,88.74,89.58,9371700
2015-01-27,87.099998,87.21,86.019997,86.49,14417400
2015-01-28,86.63,86.91,85.010002,85.15,14033400
2015-01-29,85.78,86.11,85.15,85.67,12054500
2015-01-30,85.089996,85.22,84.25,84.29,14685300
2015-02-02,84.58,85.14,83.68,85.12,10278700
2015-02-03,85.95,86.0,85.12,85.95,10747900
2015-02-04,85.89,86.48,85.55,85.79,9212800
2015-02-05,86.24,86.78,86.099998,86.7,6531300
2015-02-06,86.56,86.61,85.15,85.61,8429800
2015-02-09,85.31,85.43,84.59,85.050003,8811500
2015-02-10,85.33,85.57,84.82,85.39,7059300
2015-02-11,85.95,86.2,85.15,85.64,7184600
2015-02-12,86.059998,86.15,85.41,86.029999,6074600
2015-02-13,86.029999,86.15,85.5,85.9,6272000
2015-02-17,86.059998,86.059998,85.0,85.49,10310400
2015-02-18,85.76,86.39,85.52,86.26,8132300
2015-02-19,86.11,86.3,85.050003,85.21,7271600
2015-02-20,84.95,85.050003,84.19,84.87,9581300
2015-02-23,84.96,85.5,84.65,85.39,7919200
2015-02-24,85.51,85.74,85.010002,85.5,6502200
2015-02-25,85.7,85.8,85.24,85.46,5975800
2015-02-26,85.42,85.76,84.89,85.17,7964500
2015-02-27,85.019997,85.38,84.57,85.13,7685000
2015-03-02,85.13,85.41,84.84,85.41,7235200
2015-03-03,85.35,85.44,84.54,85.16,6095600
2015-03-04,85.040001,85.24,84.21,84.35,7370000
2015-03-05,84.62,84.76,84.089996,84.63,5914200
2015-03-06,84.34,84.37,82.37,82.66,11338700
2015-03-09,82.79,83.21,82.68,83.089996,7326700
2015-03-10,82.47,82.88,81.54,81.54,9681400
2015-03-11,81.53,81.78,80.81,81.39,10066600
2015-03-12,81.59,82.12,81.51,82.089996,6951100
2015-03-13,81.98,82.28,81.15,81.83,7492500
2015-03-16,82.080002,83.95,81.99,83.56,15618300
2015-03-17,83.36,83.37,82.43,82.85,7509300
2015-03-18,82.86,84.050003,82.019997,83.75,12607900
2015-03-19,83.46,83.75,83.12,83.38,9257500
2015-03-20,83.99,84.79,83.77,84.74,22580300
2015-03-23,84.37,85.050003,84.36,84.86,9891100
2015-03-24,84.89,85.11,83.87,83.92,7478800
2015-03-25,84.37,84.37,82.86,83.010002,8482200
2015-03-26,82.58,82.61,81.95,82.15,7311600
2015-03-27,82.080002,82.54,81.99,82.31,6440600
2015-03-30,82.63,82.95,82.15,82.72,6416800
2015-03-31,82.76,82.93,81.94,81.94,8649700
2015-04-01,82.44,82.45,81.45,82.32,7395300
2015-04-02,82.17,82.59,81.92,82.43,6169800
2015-04-06,81.92,83.23,81.51,83.040001,6856300
2015-04-07,82.93,83.29,82.33,82.39,6329900
2015-04-08,82.3,83.18,82.27,82.77,6523400
2015-04-09,82.63,82.95,82.010002,82.89,6185000
2015-04-10,82.8,83.63,82.72,83.35,7001700
2015-04-13,83.0,83.95,82.94,83.43,8290500
2015-04-14,83.39,83.88,83.050003,83.6,6792600
2015-04-15,83.85,84.2,83.48,83.51,7006400
2015-04-16,83.56,84.07,83.35,83.5,7615900
2015-04-17,83.0,83.22,82.029999,82.53,9533800
2015-04-20,83.089996,83.98,82.8,82.87,7416000
2015-04-21,83.39,83.8,82.9,83.080002,7696400
2015-04-22,83.22,83.34,82.6,83.089996,6753100
2015-04-23,81.42,82.099998,80.9,80.95,14569500
2015-04-24,81.040001,81.53,80.9,81.0,8785500
2015-04-27,80.91,81.2,80.47,80.6,9192300
2015-04-28,80.73,80.82,80.19,80.42,8395500
2015-04-29,80.0,80.31,79.72,79.85,11858500
2015-04-30,79.95,80.15,79.07,79.51,9409300
2015-05-01,79.76,80.32,79.63,80.29,8193000
2015-05-04,80.48,80.97,80.3,80.35,7203800
2015-05-05,80.5,80.65,79.78,80.07,6589400
2015-05-06,80.34,80.58,79.52,80.4,7335700
2015-05-07,80.37,80.55,80.0,80.2,7224300
2015-05-08,80.89,81.21,80.82,80.96,6929400
2015-05-11,80.95,80.99,80.26,80.27,5237800
2015-05-12,80.029999,80.29,79.36,79.95,6305800
2015-05-13,80.16,80.59,79.55,79.7,6459900
2015-05-14,80.11,80.69,80.089996,80.57,5634200
2015-05-15,80.83,81.12,80.73,81.050003,7454800
2015-05-18,80.97,81.13,80.5,80.74,5590800
2015-05-19,80.75,80.95,80.33,80.83,5729500
2015-05-20,80.93,81.0,80.45,80.48,5487000
2015-05-21,80.17,80.58,79.84,80.41,6054700
2015-05-22,80.24,80.4,79.92,79.95,6003600
2015-05-26,79.97,80.07,78.94,79.14,6698300
2015-05-27,79.22,79.94,79.089996,79.39,8094600
2015-05-28,79.43,79.45,79.019997,79.33,5803400
2015-05-29,79.18,79.24,78.19,78.39,12551700
2015-06-01,78.65,79.07,78.27,78.85,7588000
2015-06-02,78.46,78.72,78.17,78.54,7380800
2015-06-03,78.91,78.93,78.27,78.56,5985800
2015-06-04,78.41,78.84,78.059998,78.15,7714600
2015-06-05,78.040001,78.12,77.37,77.43,9439700
2015-06-08,77.48,77.98,77.099998,77.71,10916200
2015-06-09,77.97,79.33,77.82,78.9,11528900
2015-06-10,79.23,79.79,79.010002,79.54,9483500
2015-06-11,79.93,79.93,79.24,79.41,7633300
2015-06-12,79.17,79.32,78.57,78.87,6508600
2015-06-15,78.33,78.46,77.93,78.12,7527900
2015-06-16,79.6,79.6,78.54,79.099998,8285700
2015-06-17,79.2,80.19,79.16,80.080002,9305800
2015-06-18,80.33,81.22,80.3,80.82,10712500
2015-06-19,80.71,81.2,80.48,80.54,15598800
2015-06-22,80.92,81.18,80.33,80.45,6907900
2015-06-23,80.33,80.45,79.62,79.79,7190600
2015-06-24,79.8,79.85,79.5,79.51,8843700
2015-06-25,79.71,79.9,79.39,79.39,5855700
2015-06-26,79.54,79.74,79.28,79.34,7703200
2015-06-29,78.95,79.37,78.26,78.32,7966200
2015-06-30,78.92,79.010002,78.13,78.24,8451400
2015-07-01,78.39,79.77,78.12,79.72,8868000
2015-07-02,80.010002,80.35,79.77,79.93,6602500
2015-07-06,79.61,80.22,79.5,80.050003,6601200
2015-07-07,80.059998,81.83,80.059998,81.72,11690400
2015-07-08,81.21,81.69,80.89,80.99,6724700
2015-07-09,81.75,82.0,80.52,80.66,10419800
2015-07-10,81.23,81.36,80.76,80.95,6892500
2015-07-13,81.52,82.040001,81.34,81.91,7332900
2015-07-14,82.040001,82.46,81.98,82.040001,6119500
2015-07-15,81.91,82.32,81.84,82.15,6673700
2015-07-16,82.45,82.55,82.099998,82.3,6623400
2015-07-17,81.89,82.38,81.6,82.24,5827300
2015-07-20,82.089996,82.35,82.0,82.19,5012900
2015-07-21,82.010002,82.13,81.37,81.63,7512400
2015-07-22,81.029999,81.3,80.67,80.83,6106400
2015-07-23,80.83,80.89,80.14,80.7,5380900
2015-07-24,80.51,80.73,80.23,80.29,5660800
2015-07-27,79.83,80.07,79.43,79.97,8613600
2015-07-28,80.14,80.66,79.91,80.23,8649900
2015-07-29,80.26,80.99,80.16,80.62,8921500
2015-07-30,79.4,79.48,77.15,77.39,22067800
2015-07-31,77.63,77.74,76.66,76.7,11877200
2015-08-03,76.51,77.089996,76.010002,76.4,9511300
2015-08-04,76.029999,76.34,75.75,75.91,13369100
2015-08-05,76.050003,76.54,75.75,75.77,10895400
2015-08-06,76.010002,76.010002,75.25,75.74,9353300
2015-08-07,75.59,75.72,75.34,75.48,10045400
2015-08-10,75.95,76.5,75.8,76.38,9165900
2015-08-11,76.040001,76.45,75.81,76.22,7491900
2015-08-12,75.89,76.43,75.34,76.39,10397700
2015-08-13,76.49,76.51,75.63,75.78,5948000
2015-08-14,75.74,75.81,75.38,75.62,5586900
2015-08-17,75.81,75.81,74.75,75.53,8683900
2015-08-18,75.58,75.8,75.0,75.13,7445900
2015-08-19,74.93,74.93,74.019997,74.12,9865300
2015-08-20,73.75,74.72,73.46,73.91,10696500
2015-08-21,73.55,73.9,71.83,71.84,15763900
2015-08-24,68.57,71.07,65.019997,69.14,23696300
2015-08-25,72.18,72.23,68.3,68.42,21476900
2015-08-26,69.9,71.0,68.95,70.9,17464700
2015-08-27,71.4,71.75,70.019997,71.48,13434000
2015-08-28,71.17,71.27,70.59,71.21,10020000
2015-08-31,71.0,71.0,70.3,70.67,9520900
2015-09-01,69.37,69.88,68.52,68.9,15437700
2015-09-02,69.65,69.85,69.22,69.81,8903700
2015-09-03,70.18,70.46,69.7,69.93,8468300
2015-09-04,69.28,69.28,68.5,68.76,11497500
2015-09-08,70.31,70.44,69.56,69.98,9182300
2015-09-09,70.44,70.54,68.37,68.48,11070600
2015-09-10,68.12,68.95,67.75,68.32,12591100
2015-09-11,68.059998,68.51,67.73,68.42,11291400
2015-09-14,68.23,68.3,67.33,68.059998,9712800
2015-09-15,68.019997,69.74,67.9,69.45,11043700
2015-09-16,70.12,70.36,69.7,70.099998,8704200
2015-09-17,70.0,71.27,69.86,70.24,11029600
2015-09-18,69.44,70.78,69.37,69.94,18210200
2015-09-21,70.15,70.88,70.010002,70.65,7742800
2015-09-22,70.059998,70.65,69.98,70.19,10207800
2015-09-23,70.18,70.49,69.96,70.26,6294200
2015-09-24,69.82,71.58,69.74,71.36,13423500
2015-09-25,72.39,73.38,71.95,72.67,15080700
2015-09-28,72.31,72.67,71.75,71.77,9207300
2015-09-29,71.77,72.41,71.35,72.28,9033300
2015-09-30,72.86,73.059998,71.55,71.94,11041900
2015-10-01,71.76,72.18,71.4,71.95,8547600
2015-10-02,71.36,72.42,71.29,72.42,9085600
2015-10-05,72.97,73.43,72.5,73.22,9187700
2015-10-06,73.34,73.78,72.59,73.4,8851500
2015-10-07,73.72,73.87,73.32,73.72,8013200
2015-10-08,73.68,74.44,73.49,74.4,6856600
2015-10-09,74.59,74.91,74.32,74.48,6880100
2015-10-12,74.69,74.76,73.91,74.33,6255900
2015-10-13,74.24,74.28,73.66,74.11,8390200
2015-10-14,74.21,74.61,73.9,74.21,8479200
2015-10-15,74.64,74.84,74.029999,74.27,8607400
2015-10-16,74.72,75.040001,74.34,74.9,9578900
2015-10-19,74.65,75.19,74.53,75.16,7292200
2015-10-20,74.87,75.050003,74.16,74.43,8531900
2015-10-21,73.75,74.54,73.5,73.59,8302100
2015-10-22,73.86,75.61,73.61,74.85,14080900
2015-10-23,76.76,78.45,76.31,77.029999,16451200
2015-10-26,77.0,77.9,77.0,77.49,11464700
2015-10-27,77.12,77.36,76.81,77.29,9423400
2015-10-28,77.39,77.54,75.69,76.51,10178400
2015-10-29,76.75,77.19,76.24,77.019997,8230700
2015-10-30,76.98,77.14,76.38,76.38,9547700
2015-11-02,76.57,76.77,76.050003,76.6,7152900
2015-11-03,76.3,77.42,75.96,77.050003,8013200
2015-11-04,77.029999,77.14,76.51,77.059998,6375400
2015-11-05,77.089996,77.26,75.96,76.39,6860900
2015-11-06,75.88,76.0,74.69,75.57,9483500
2015-11-09,75.19,75.63,74.93,75.4,8607200
2015-11-10,75.38,76.24,75.23,75.77,6551000
2015-11-11,76.019997,76.43,75.92,75.96,5295900
2015-11-12,75.67,76.010002,74.66,74.66,7678600
2015-11-13,74.64,74.98,73.95,73.96,8468800
2015-11-16,74.25,75.33,74.010002,75.3,7410600
2015-11-17,75.33,76.010002,74.87,75.07,8761800
2015-11-18,74.98,75.96,74.81,75.9,6447100
2015-11-19,76.14,76.96,76.019997,76.22,7899500
2015-11-20,76.55,76.86,75.68,75.82,9533200
2015-11-23,75.82,76.059998,75.4,75.97,9421300
2015-11-24,75.62,76.69,75.61,76.45,7086800
2015-11-25,76.53,76.74,75.88,75.9,4266500
2015-11-27,75.89,76.37,75.5,75.7,2390100
2015-11-30,75.58,75.81,74.84,74.84,8935700
2015-12-01,74.87,76.22,74.87,75.94,8391700
2015-12-02,75.73,76.46,75.65,75.79,8104200
2015-12-03,75.83,76.2,75.17,75.74,11177800
2015-12-04,75.98,77.9,75.92,77.83,11961000
2015-12-07,77.54,78.5,77.54,78.37,9460000
2015-12-08,77.68,78.5,77.35,77.75,8312700
2015-12-09,77.6,78.99,77.44,77.7,10081900
2015-12-10,77.91,78.54,77.57,77.79,8984200
2015-12-11,77.51,78.33,77.11,77.78,12280500
2015-12-14,77.63,78.53,77.44,78.29,12179000
2015-12-15,78.71,80.0,78.48,79.68,14113400
2015-12-16,79.98,81.23,79.8,80.99,14102600
2015-12-17,80.98,81.029999,80.2,80.29,9864200
2015-12-18,79.95,80.12,78.13,78.13,21342100
2015-12-21,78.63,78.98,78.15,78.95,9105800
2015-12-22,79.16,79.75,78.88,79.6,9872200
2015-12-23,79.95,80.43,79.5,79.92,8254600
2015-12-24,79.66,80.15,79.6,79.79,2498000
2015-12-28,79.74,79.97,79.47,79.92,4150000
2015-12-29,80.22,80.61,79.85,80.36,4406100
2015-12-30,80.46,80.5,80.0,80.07,3793200
2015-12-31,79.91,80.040001,79.31,79.41,5077700
2016-01-04,78.36,78.5,77.54,78.37,11529800
2016-01-05,78.44,78.96,78.21,78.62,8133700
2016-01-06,77.67,78.29,77.12,77.86,9551000
2016-01-07,76.85,77.6,76.07,77.18,11973900
2016-01-08,77.36,77.48,75.67,75.97,9676400
2016-01-11,76.17,77.040001,75.6,76.67,10209200
2016-01-12,77.0,77.019997,75.75,76.51,8774700
2016-01-13,76.97,76.99,75.79,75.85,9310100
2016-01-14,76.099998,76.95,75.88,76.15,12835100
2016-01-15,74.5,75.68,74.47,74.98,17023900
2016-01-19,75.8,76.91,75.72,76.73,13457300
2016-01-20,75.29,76.089996,74.46,75.83,17795000
2016-01-21,76.019997,77.18,75.41,76.72,12712900
2016-01-22,77.4,77.97,76.55,77.36,9465800
2016-01-25,77.2,77.36,76.56,76.85,9870400
2016-01-26,78.0,79.58,77.54,78.81,16374800
2016-01-27,78.53,79.85,78.15,78.8,10816100
2016-01-28,79.4,80.0,78.61,79.82,9895100
2016-01-29,79.98,82.0,79.83,81.69,19895000
2016-02-01,81.21,81.4,80.53,81.12,9657200
2016-02-02,80.089996,80.54,79.81,80.22,9116400
2016-02-03,80.48,81.24,80.019997,81.099998,10149600
2016-02-04,80.85,81.099998,80.33,80.7,8295100
2016-02-05,80.58,81.2,80.57,81.2,9957600
2016-02-08,80.29,82.72,80.29,82.62,16530200
2016-02-09,81.83,83.0,81.019997,82.64,14308900
2016-02-10,82.91,83.0,81.46,81.62,10585400
2016-02-11,80.39,80.99,79.63,79.9,12343900
2016-02-12,80.36,81.019997,79.79,80.99,9306100
2016-02-16,81.99,81.99,80.84,81.47,9352600
2016-02-17,81.65,82.83,81.51,82.45,10892900
2016-02-18,82.23,82.32,81.21,81.98,7702600
2016-02-19,81.96,82.26,81.4,81.79,7709600
2016-02-22,81.79,82.67,81.71,82.13,6916500
2016-02-23,82.0,82.46,81.61,81.81,5840600
2016-02-24,81.26,81.64,80.66,81.56,6759800
2016-02-25,81.7,82.34,81.47,82.34,6789700
2016-02-26,82.52,82.65,80.95,81.099998,9281100
2016-02-29,81.099998,81.35,80.21,80.29,11065300
2016-03-01,80.54,81.36,80.53,81.23,9483900
2016-03-02,81.58,82.66,80.85,82.55,12096600
2016-03-03,82.54,82.93,82.18,82.84,8747100
2016-03-04,82.62,83.74,82.26,83.49,9406700
2016-03-07,83.18,83.7,83.0,83.099998,6792400
2016-03-08,82.97,83.75,82.67,83.059998,7788400
2016-03-09,83.3,83.69,82.68,82.96,8954800
2016-03-10,83.13,83.23,81.75,82.28,10385600
2016-03-11,82.75,82.8,81.44,81.75,11109500
2016-03-14,81.57,81.85,80.68,81.17,12389300
2016-03-15,81.0,81.46,80.76,81.31,9297800
2016-03-16,81.31,81.8,80.48,81.34,9490300
2016-03-17,81.29,83.23,81.28,82.75,12061500
2016-03-18,82.86,83.5,82.44,83.15,33635200
2016-03-21,83.12,83.87,82.91,83.32,8625600
2016-03-22,83.28,83.32,82.49,82.74,7205900
2016-03-23,82.72,83.49,82.58,82.82,5594600
2016-03-24,82.46,83.12,82.43,82.89,6645700
2016-03-28,82.99,83.45,82.52,82.62,4988500
2016-03-29,82.66,83.089996,82.16,82.8,6731400
2016-03-30,83.089996,83.36,82.65,82.68,6925400
2016-03-31,82.75,83.0,82.15,82.31,6819200
2016-04-01,82.0,83.62,81.93,83.53,8028600
2016-04-04,83.65,83.65,83.029999,83.21,5593400
2016-04-05,83.16,83.56,82.99,83.16,5259100
2016-04-06,83.14,83.84,83.080002,83.81,6292100
2016-04-07,83.24,83.68,82.87,83.24,6655900
2016-04-08,83.44,83.45,82.77,83.2,5453000
2016-04-11,83.029999,83.34,82.66,82.73,7081500
2016-04-12,82.71,83.21,82.45,82.83,7081600
2016-04-13,83.050003,83.43,81.84,82.46,11738600
2016-04-14,81.95,82.37,81.54,82.010002,6904400
2016-04-15,82.050003,82.43,81.85,82.3,7299300
2016-04-18,82.3,82.99,82.019997,82.83,5628000
2016-04-19,82.91,83.7,82.85,83.28,6606100
2016-04-20,83.29,83.34,81.48,81.55,9124200
2016-04-21,81.040001,81.31,80.55,80.8,8802100
2016-04-22,80.4,80.95,79.91,80.95,8027700
2016-04-25,80.92,81.48,80.42,81.41,7672800
2016-04-26,81.5,81.5,79.21,79.55,13742300
2016-04-27,79.47,80.15,79.099998,79.89,7689700
2016-04-28,79.48,80.27,79.39,79.76,7615900
2016-04-29,79.67,80.15,79.37,80.12,9391000
2016-05-02,80.019997,81.3,80.019997,80.97,7862600
2016-05-03,80.8,81.7,80.69,81.099998,7617500
2016-05-04,80.87,81.77,80.87,81.6,7365900
2016-05-05,81.6,82.089996,80.92,81.3,6399500
2016-05-06,81.42,82.25,81.17,82.13,6297200
2016-05-09,82.21,82.73,81.97,82.12,6718800
2016-05-10,82.15,82.68,82.12,82.48,6222400
2016-05-11,82.5,82.89,82.13,82.15,5975000
2016-05-12,82.48,82.74,82.11,82.41,4925000
2016-05-13,82.42,82.42,81.0,81.23,6579000
2016-05-16,81.010002,81.89,80.75,81.63,6497200
2016-05-17,81.64,82.059998,80.33,80.62,10188200
2016-05-18,80.59,80.77,79.41,79.85,8344100
2016-05-19,79.64,80.22,79.45,80.19,6242500
2016-05-20,80.44,80.5,79.79,80.019997,6526800
2016-05-23,80.050003,80.33,79.85,80.2,5620600
2016-05-24,80.3,81.38,80.3,80.97,6293300
2016-05-25,81.080002,81.77,81.010002,81.48,6049800
2016-05-26,81.48,81.6,81.089996,81.22,4622300
2016-05-27,81.27,81.66,81.16,81.43,4322200
2016-05-31,81.58,81.82,80.74,81.040001,6705000
2016-06-01,80.95,81.8,80.86,81.79,6184100
2016-06-02,81.53,81.95,81.33,81.95,5186300
2016-06-03,81.93,82.49,81.78,82.47,6306700
2016-06-06,82.4,82.83,82.23,82.77,5292300
2016-06-07,82.76,82.89,82.25,82.32,6327500
2016-06-08,82.37,82.75,82.019997,82.65,4712600
2016-06-09,82.58,83.26,82.43,83.17,6144900
2016-06-10,82.77,83.34,82.61,83.2,6840800
2016-06-13,82.96,83.4,82.53,82.57,6167400
2016-06-14,82.55,83.37,82.27,83.35,6868600
2016-06-15,83.4,83.5,82.82,82.95,7082200
2016-06-16,82.67,83.61,82.66,83.41,6630100
2016-06-17,83.31,83.44,82.35,83.13,11741700
2016-06-20,83.52,83.7,83.029999,83.040001,6164300
2016-06-21,83.089996,83.78,83.089996,83.41,6594700
2016-06-22,83.5,83.76,83.29,83.57,4940100
2016-06-23,83.81,84.21,83.57,84.21,7361300
2016-06-24,82.61,83.82,81.99,82.26,12401100
2016-06-27,81.83,81.89,81.0,81.23,9601800
2016-06-28,81.44,82.49,80.95,82.46,9257100
2016-06-29,82.96,83.91,82.91,83.91,7927500
2016-06-30,83.91,84.8,83.82,84.67,10969300
2016-07-01,84.52,84.99,84.51,84.78,9531100
2016-07-05,84.48,85.95,84.45,85.44,11403100
2016-07-06,85.37,85.5,84.74,85.029999,8356500
2016-07-07,85.23,85.24,84.53,84.83,7905700
2016-07-08,84.98,85.9,84.77,85.77,6827300
2016-07-11,85.61,85.95,84.91,85.75,6156800
2016-07-12,85.49,85.94,85.19,85.75,6649800
2016-07-13,85.81,86.15,85.41,85.89,7572100
2016-07-14,86.44,86.89,85.85,85.87,11342600
2016-07-15,86.25,86.48,85.79,86.010002,8491300
2016-07-18,86.019997,86.050003,85.7,85.93,4781300
2016-07-19,85.67,86.18,85.56,86.17,6078200
2016-07-20,85.38,85.73,85.13,85.32,6289000
2016-07-21,85.019997,85.37,84.88,85.26,5407000
2016-07-22,85.5,85.98,85.45,85.72,6165600
2016-07-25,85.53,85.8,85.15,85.8,5605300
2016-07-26,85.68,86.080002,85.17,85.27,5379300
2016-07-27,85.24,85.3,84.32,84.46,7744700
2016-07-28,84.42,84.98,84.4,84.81,5911600
2016-07-29,84.89,85.79,84.8,85.59,7520900
2016-08-01,85.44,86.58,85.42,86.41,10420600
2016-08-02,87.019997,87.15,86.24,86.76,13083200
2016-08-03,86.51,86.72,85.46,85.97,8192100
2016-08-04,86.12,86.53,85.8,86.050003,5564100
2016-08-05,86.080002,86.44,85.53,85.78,6729700
2016-08-08,85.61,85.9,85.13,85.76,5388200
2016-08-09,85.86,86.34,85.68,85.99,4158800
2016-08-10,86.26,86.82,86.0,86.31,5981400
2016-08-11,86.7,87.0,86.4,86.73,7387100
2016-08-12,86.92,87.45,86.78,87.040001,8063400
2016-08-15,87.52,87.57,86.99,87.019997,6871200
2016-08-16,86.98,87.4,86.47,86.58,8071100
2016-08-17,86.45,87.11,85.97,86.96,6762100
2016-08-18,86.94,87.46,86.94,87.44,7082800
2016-08-19,87.2,87.41,87.050003,87.31,6199900
2016-08-22,87.14,87.21,86.58,86.85,5921100
2016-08-23,87.13,87.5,87.040001,87.4,5420100
2016-08-24,87.32,87.45,86.56,87.31,5713300
2016-08-25,87.3,87.94,87.040001,87.9,10595500
2016-08-26,87.87,88.5,87.17,87.58,16408200
2016-08-29,87.39,88.4,87.32,88.3,8934500
2016-08-30,87.72,88.3,87.46,87.54,11619400
2016-08-31,87.75,87.85,87.029999,87.31,11407800
2016-09-01,87.36,88.31,86.98,88.31,29793300
2016-09-02,88.48,88.87,88.040001,88.2,17470400
2016-09-06,88.25,88.64,87.88,88.64,14472100
2016-09-07,88.31,88.41,87.71,87.95,17556400
2016-09-08,87.95,88.18,87.63,87.78,23465700
2016-09-09,87.099998,87.17,86.24,86.24,21955000
2016-09-12,86.040001,88.38,85.96,88.25,16105700
2016-09-13,87.55,87.91,87.010002,87.050003,19682700
2016-09-14,87.12,87.6,86.87,87.010002,25397900
2016-09-15,86.75,88.27,86.75,88.059998,13833600
2016-09-16,87.62,88.11,87.3,88.050003,23518300
2016-09-19,87.92,88.95,87.25,88.37,19173900
2016-09-20,88.5,88.95,88.18,88.58,33986500
2016-09-21,88.54,88.79,86.44,87.8,55409800
2016-09-22,87.77,89.3,87.77,88.99,52692700
2016-09-23,88.63,88.94,87.49,87.76,48281400
2016-09-26,87.42,88.43,86.61,87.85,60276600
2016-09-27,88.059998,88.81,87.66,88.36,65150800
2016-09-28,88.98,89.73,88.47,89.46,89806000
2016-09-29,89.16,89.27,87.54,88.23,74587500
2016-09-30,88.3,90.22,88.29,89.75,123735700
2016-10-03,89.35,89.45,88.41,88.66,26789500
2016-10-04,88.29,88.68,87.95,88.35,23317600
2016-10-05,88.48,89.0,88.21,88.85,64580300
2016-10-06,88.61,89.73,88.47,89.22,61462800
2016-10-07,89.010002,90.050003,88.3,90.0,20518800
2016-10-10,90.19,90.33,88.78,89.059998,15492400
2016-10-11,88.83,89.12,88.2,88.54,11723100
2016-10-12,88.74,89.010002,88.33,88.57,17118000
2016-10-13,88.050003,88.57,87.6,88.24,11158100
2016-10-14,88.5,88.96,88.22,88.43,7369000
2016-10-17,88.43,88.65,87.71,87.83,7610600
2016-10-18,88.21,88.27,87.44,87.45,10749500
2016-10-19,86.65,86.82,85.44,85.54,12788800
2016-10-20,85.38,85.52,84.79,84.93,10175100
2016-10-21,84.41,84.86,84.24,84.33,13974100
2016-10-24,84.39,84.7,84.059998,84.099998,10573200
2016-10-25,87.49,88.080002,86.97,86.97,20761200
2016-10-26,86.91,87.74,86.78,87.4,8464100
2016-10-27,87.51,87.6,86.45,86.58,6598300
2016-10-28,86.87,87.23,86.45,86.84,7021100
2016-10-31,87.010002,87.47,86.69,86.8,8207100
2016-11-01,86.58,86.99,86.48,86.85,8564500
2016-11-02,86.77,87.41,86.56,86.74,7773200
2016-11-03,86.8,86.98,86.47,86.6,6899900
2016-11-04,86.69,86.73,85.07,85.080002,9378100
2016-11-07,86.019997,86.57,85.6,86.56,8878500
2016-11-08,86.77,87.69,86.59,87.46,7674600
2016-11-09,85.26,86.54,84.31,85.93,11972500
2016-11-10,85.51,85.7,82.18,82.96,22095000
2016-11-11,82.67,84.059998,82.65,83.58,8905700
2016-11-14,83.56,83.78,82.76,83.0,12862500
2016-11-15,84.58,84.58,82.88,83.62,9464000
2016-11-16,83.98,84.2,83.17,83.19,8542900
2016-11-17,83.27,83.5,82.93,83.07,9083700
2016-11-18,82.92,83.099998,81.99,82.0,14565500
2016-11-21,82.0,82.75,81.71,82.64,11482100
2016-11-22,83.010002,83.18,82.66,82.76,7426500
2016-11-23,82.59,82.93,82.52,82.68,7693300
2016-11-25,82.99,83.46,82.95,83.46,3882900
2016-11-28,83.13,83.36,82.76,83.07,6990100
2016-11-29,83.42,83.48,82.69,82.89,6183100
2016-11-30,82.52,82.83,82.26,82.46,12115500
2016-12-01,82.21,82.32,81.18,81.86,12516900
2016-12-02,82.35,82.68,82.07,82.4,9079400
2016-12-05,82.56,83.080002,82.48,82.99,8597500
2016-12-06,83.24,83.25,82.61,82.91,7327200
2016-12-07,82.74,84.28,82.71,84.18,8567700
2016-12-08,83.79,84.18,83.5,83.5,7522800
2016-12-09,83.52,84.4,83.47,84.37,8004500
2016-12-12,84.21,85.18,84.21,85.13,7494100
2016-12-13,84.67,85.36,84.53,85.18,11795900
2016-12-14,85.29,85.74,84.17,84.37,12292200
2016-12-15,84.15,84.8,83.61,84.68,8768100
2016-12-16,84.9,85.12,84.15,84.68,21172400
2016-12-19,84.75,84.98,84.32,84.71,6431200
2016-12-20,84.57,84.71,84.19,84.57,7485400
2016-12-21,84.19,84.73,84.12,84.28,6099300
2016-12-22,84.0,84.61,83.87,84.47,7864800
2016-12-23,84.68,85.18,84.55,84.96,5284200
2016-12-27,84.9,84.94,84.42,84.6,3782600
2016-12-28,84.4,84.63,83.95,84.07,4298800
2016-12-29,84.24,84.49,84.099998,84.35,3718300
2016-12-30,84.17,84.45,83.92,84.080002,6209800
2017-01-03,83.88,84.39,83.5,84.2,8792700
2017-01-04,84.45,84.6,84.24,84.5,8096700
2017-01-05,84.41,85.43,84.38,85.059998,6852400
2017-01-06,84.94,85.25,84.62,85.029999,4799900
2017-01-09,84.059998,84.66,83.75,84.4,11000600
2017-01-10,84.34,84.43,83.24,83.49,10918200
2017-01-11,83.39,83.75,83.28,83.75,9572300
2017-01-12,83.71,83.88,83.37,83.84,6545400
2017-01-13,83.85,84.019997,83.44,84.010002,6762800
2017-01-17,83.9,85.58,83.88,85.21,13145100
2017-01-18,84.8,85.3,84.59,84.93,10520400
2017-01-19,84.63,85.0,84.28,84.7,14074500
2017-01-20,86.89,87.98,86.42,87.45,22944400
2017-01-23,87.089996,87.35,86.85,86.96,9408900
2017-01-24,87.22,87.95,87.22,87.86,8704700
2017-01-25,87.84,87.9,87.059998,87.16,8082900
2017-01-26,87.12,87.23,86.59,86.6,6542300
2017-01-27,86.45,86.85,86.019997,86.72,9332300
2017-01-30,86.78,86.86,86.5,86.75,7350000
2017-01-31,86.63,87.66,86.53,87.6,9712400
2017-02-01,87.029999,87.59,86.75,87.33,8291000
2017-02-02,87.61,88.35,87.25,87.76,8997200
2017-02-03,88.12,88.17,87.39,87.41,7161900
2017-02-06,87.5,87.79,87.13,87.4,7483000
2017-02-07,87.64,88.28,87.48,88.010002,6646100
2017-02-08,88.07,88.34,87.81,88.33,6815800
2017-02-09,88.33,88.78,88.029999,88.67,9914100
2017-02-10,88.56,88.73,87.97,87.97,11057600
2017-02-13,88.040001,88.36,87.64,88.31,6905100
2017-02-14,88.0,88.22,87.23,87.86,20123400
2017-02-15,89.81,91.15,89.81,91.12,25847700
2017-02-16,90.92,91.12,90.54,90.79,12408500
2017-02-17,90.61,91.36,90.45,91.089996,12152400
2017-02-21,90.58,91.8,90.58,91.67,9018700
2017-02-22,91.45,91.8,91.25,91.44,6749900
2017-02-23,91.61,91.8,90.91,91.13,7611600
2017-02-24,90.97,91.34,90.67,91.050003,6643400
2017-02-27,90.53,90.91,90.059998,90.89,11840300
2017-02-28,90.9,91.79,90.65,91.07,10535600
2017-03-01,91.050003,91.89,90.71,91.66,8792200
2017-03-02,91.4,91.59,90.88,90.91,7031200
2017-03-03,90.91,90.91,89.89,90.5,8334900
2017-03-06,89.89,90.51,89.59,90.37,9533800
2017-03-07,90.14,90.49,90.059998,90.29,5363000
2017-03-08,90.019997,90.35,89.76,90.14,5503700
2017-03-09,90.14,90.49,90.099998,90.34,5587400
2017-03-10,90.8,91.16,90.65,91.07,6797800
2017-03-13,91.059998,91.49,90.85,91.31,7397500
2017-03-14,91.26,91.59,90.82,91.0,6686400
2017-03-15,91.0,91.78,90.73,91.4,7855300
2017-03-16,91.44,91.72,91.099998,91.44,6601200
2017-03-17,91.45,92.0,90.92,91.0,37010100
2017-03-20,90.96,91.41,90.94,91.22,7772900
2017-03-21,91.3,91.75,91.029999,91.19,8211000
2017-03-22,91.31,91.8,90.75,90.99,7798000
2017-03-23,90.91,91.46,90.6,90.77,6831400
2017-03-24,90.77,90.92,90.21,90.57,9252000
2017-03-27,90.45,90.72,90.18,90.49,10072000
2017-03-28,90.17,91.059998,90.13,90.76,11855800
2017-03-29,90.56,90.87,90.39,90.6,4252800
2017-03-30,90.5,90.57,90.099998,90.2,3691900
2017-03-31,90.029999,90.34,89.84,89.85,6942400
2017-04-03,89.86,90.059998,89.45,89.68,6967400
2017-04-04,89.75,89.96,89.42,89.91,5680800
2017-04-05,90.0,90.5,89.76,89.97,6320100
2017-04-06,89.77,89.81,89.31,89.4,7231500
2017-04-07,89.46,89.61,89.18,89.23,4739100
2017-04-10,89.13,89.68,88.75,89.49,5956000
2017-04-11,89.66,89.82,89.29,89.8,5186000
2017-04-12,89.7,90.42,89.56,90.31,6286300
2017-04-13,90.050003,90.54,89.79,90.029999,5040100
2017-04-17,90.23,90.59,90.13,90.39,6931700
2017-04-18,90.4,91.13,90.34,90.8,7087800
2017-04-19,90.099998,90.45,89.5,89.6,6919000
2017-04-20,89.7,89.7,89.31,89.33,6983500
2017-04-21,89.17,89.28,88.61,88.62,9061200
2017-04-24,89.12,89.66,89.010002,89.55,8338500
2017-04-25,89.58,90.25,89.47,90.0,9088400
2017-04-26,89.85,90.0,87.61,87.74,11951300
2017-04-27,87.58,88.24,87.23,87.69,8517500
2017-04-28,87.52,87.59,87.15,87.33,8295400
2017-05-01,87.38,87.6,87.080002,87.089996,4546600
2017-05-02,87.29,87.29,86.019997,86.22,13197500
2017-05-03,86.3,86.63,85.9,86.43,6122000
2017-05-04,86.85,87.24,86.3,86.45,5986200
2017-05-05,86.54,86.61,86.13,86.5,4506200
2017-05-08,86.33,86.62,86.24,86.55,4634600
2017-05-09,86.8,86.82,86.22,86.4,9577600
2017-05-10,86.48,86.79,86.39,86.49,6178500
2017-05-11,86.61,86.63,85.88,86.17,6064700
2017-05-12,86.24,86.32,85.92,86.19,5892400
2017-05-15,86.65,86.71,86.25,86.33,5820700
2017-05-16,86.88,87.0,86.19,86.24,6554500
2017-05-17,86.24,86.63,85.93,86.26,7805800
2017-05-18,86.18,86.22,85.52,85.87,6985600
2017-05-19,86.0,86.38,85.67,86.24,7320700
2017-05-22,86.25,86.4,86.029999,86.21,4260000
2017-05-23,86.28,86.54,85.98,86.080002,4394200
2017-05-24,86.45,86.65,86.21,86.5,4878800
2017-05-25,86.58,86.98,86.55,86.86,4368000
2017-05-26,86.93,87.38,86.82,87.25,4337000
2017-05-30,87.25,87.61,87.099998,87.4,4594500
2017-05-31,87.67,88.35,87.45,88.089996,10146600
2017-06-01,88.019997,88.14,87.37,88.13,6251300
2017-06-02,88.4,88.68,88.010002,88.59,6136400
2017-06-05,88.3,88.76,88.0,88.74,4115300
2017-06-06,88.76,88.97,88.45,88.8,6503000
2017-06-07,88.68,88.89,88.4,88.77,4781600
2017-06-08,88.77,88.8,87.36,87.85,7712100
2017-06-09,87.85,88.21,87.55,88.16,9696900
2017-06-12,88.16,88.66,88.089996,88.24,7867700
2017-06-13,88.36,88.4,87.77,88.059998,6419300
2017-06-14,88.49,88.75,88.059998,88.44,6183900
2017-06-15,88.23,89.62,88.23,89.38,7047500
2017-06-16,89.72,89.77,88.81,89.66,13855000
2017-06-19,89.6,89.86,89.2,89.86,5246200
2017-06-20,89.77,90.21,89.61,89.63,5674200
2017-06-21,89.62,89.95,89.29,89.4,4164500
2017-06-22,89.27,89.41,88.9,89.029999,4536700
2017-06-23,89.029999,89.8,88.9,89.42,8782100
2017-06-26,89.63,89.68,89.27,89.36,4373300
2017-06-27,89.36,89.36,88.61,88.61,5180400
2017-06-28,89.080002,89.21,88.26,88.37,4875000
2017-06-29,88.019997,88.22,86.93,86.99,8123500
2017-06-30,87.050003,87.47,87.0,87.15,6070300
2017-07-03,87.4,88.0,87.18,87.74,3607400
2017-07-05,87.86,88.0,87.49,87.67,4974300
2017-07-06,87.65,87.95,87.36,87.37,6038900
2017-07-07,87.69,87.82,87.28,87.65,5142200
2017-07-10,87.63,87.87,86.89,87.089996,5356400
2017-07-11,87.23,87.45,86.31,86.77,5838600
2017-07-12,87.24,87.47,86.83,86.96,4374200
2017-07-13,86.77,87.050003,86.5,86.7,5448900
2017-07-14,86.96,87.29,86.73,87.099998,4577700
2017-07-17,87.07,87.91,86.74,87.55,5227800
2017-07-18,87.61,88.76,87.46,88.64,7492300
2017-07-19,87.87,88.41,87.6,88.35,6008500
2017-07-20,88.32,89.31,88.31,88.6,7285000
2017-07-21,88.16,88.68,87.81,88.61,5714800
2017-07-24,88.55,88.6,87.97,88.18,6202000
2017-07-25,88.67,89.2,88.54,89.14,6766700
2017-07-26,89.0,89.42,88.87,89.3,6987000
2017-07-27,90.29,90.75,89.0,90.68,11089200
2017-07-28,90.56,91.0,89.96,90.21,6137500
2017-07-31,90.21,91.07,90.21,90.82,7835700
2017-08-01,91.029999,91.73,90.72,91.099998,8662100
2017-08-02,90.97,91.3,90.53,91.040001,7167700
2017-08-03,90.86,91.75,90.82,90.86,6413200
2017-08-04,90.69,91.080002,90.53,90.67,5824400
2017-08-07,90.67,91.56,90.52,91.44,5011300
2017-08-08,91.4,91.94,91.23,91.58,5623400
2017-08-09,91.52,91.94,91.52,91.92,5572800
2017-08-10,91.86,92.0,91.69,91.74,6338200
2017-08-11,91.94,92.080002,91.29,91.34,7094200
2017-08-14,91.54,91.95,91.25,91.65,5398400
2017-08-15,91.91,92.36,91.88,92.2,5293400
2017-08-16,92.29,92.95,92.19,92.44,7965500
2017-08-17,92.4,92.67,92.07,92.07,5711400
2017-08-18,91.98,92.78,91.85,92.47,6815000
2017-08-21,92.38,92.96,92.36,92.86,4334300
2017-08-22,92.91,92.96,92.59,92.79,4731500
2017-08-23,92.5,92.66,92.28,92.44,3631900
2017-08-24,92.44,92.57,92.040001,92.27,5173700
2017-08-25,92.65,92.86,92.41,92.51,4933000
2017-08-28,92.52,92.71,91.98,92.47,5386500
2017-08-29,92.48,92.69,92.24,92.32,3676300
2017-08-30,92.080002,92.080002,91.66,91.87,4709600
2017-08-31,91.89,92.39,91.84,92.27,5864400
2017-09-01,92.42,92.66,92.26,92.53,4960700
2017-09-05,92.18,92.74,92.040001,92.72,6532100
2017-09-06,92.79,92.91,92.36,92.72,6747200
2017-09-07,92.74,93.36,92.33,92.97,7735400
2017-09-08,92.76,93.15,92.51,92.84,6070100
2017-09-11,93.089996,94.19,92.9,93.99,10177300
2017-09-12,93.72,93.98,93.21,93.51,5804000
2017-09-13,93.5,93.77,93.45,93.55,5369300
2017-09-14,93.23,93.65,93.18,93.55,5492300
2017-09-15,93.82,93.82,92.82,93.27,12428800
2017-09-18,93.17,93.5,92.86,93.15,6177700
2017-09-19,93.34,94.45,93.34,94.17,6587200
2017-09-20,94.17,94.67,93.83,94.4,5941500
2017-09-21,94.15,94.5,92.45,92.64,9376700
2017-09-22,92.55,93.0,92.080002,92.24,6837700
2017-09-25,92.43,93.089996,92.33,92.72,6436200
2017-09-26,92.82,92.85,92.2,92.65,4885200
2017-09-27,92.52,92.52,90.34,90.87,9631200
2017-09-28,90.86,91.12,90.63,90.89,4999800
2017-09-29,90.97,91.43,90.7,90.98,6634500
2017-10-02,91.26,92.4,91.24,91.77,7302400
2017-10-03,91.96,92.34,91.56,92.12,5909900
2017-10-04,92.12,92.8,92.019997,92.42,6140700
2017-10-05,92.49,92.65,91.94,92.029999,6912800
2017-10-06,92.0,92.35,91.88,92.33,5241900
2017-10-09,92.4,92.62,91.93,92.12,5149000
2017-10-10,92.37,93.040001,89.86,91.62,17125600
2017-10-11,91.089996,91.73,91.07,91.46,7115400
2017-10-12,91.41,92.31,91.39,92.15,5984900
2017-10-13,92.7,93.51,92.59,93.040001,6956700
2017-10-16,92.97,93.37,92.71,93.14,4159100
2017-10-17,93.040001,93.089996,92.4,92.8,5316100
2017-10-18,92.78,92.95,92.010002,92.77,7399700
2017-10-19,91.7,91.99,91.14,91.59,8585000
2017-10-20,89.72,89.96,87.59,88.25,19997800
2017-10-23,88.63,88.86,86.87,87.3,13358200
2017-10-24,87.37,87.42,86.78,86.98,11519000
2017-10-25,86.9,87.11,86.28,86.86,9024300
2017-10-26,87.19,87.77,87.099998,87.5,6233800
2017-10-27,87.53,87.53,86.45,87.040001,7433800
2017-10-30,86.91,87.080002,86.16,86.27,5387100
2017-10-31,86.49,86.5,85.72,86.34,7119000
2017-11-01,86.33,87.14,86.11,86.89,4884100
2017-11-02,86.78,87.040001,86.23,86.51,5021200
2017-11-03,86.78,87.16,86.46,86.58,5106500
2017-11-06,86.55,86.64,86.029999,86.050003,5186700
2017-11-07,86.040001,87.0,85.42,86.98,6875100
2017-11-08,86.99,87.6,86.8,87.58,6910000
2017-11-09,87.35,88.17,87.3,87.78,5280000
2017-11-10,87.99,88.39,87.78,88.16,7227300
2017-11-13,88.67,89.41,88.63,89.0,6873500
2017-11-14,88.74,89.050003,88.47,88.87,5035500
2017-11-15,88.73,88.94,88.0,88.23,6688100
2017-11-16,89.84,89.9,88.77,89.25,7205100
2017-11-17,88.95,89.089996,88.080002,88.43,5941800
2017-11-20,88.43,88.56,87.71,88.27,4926200
2017-11-21,88.18,89.21,88.019997,88.72,6196400
2017-11-22,88.5,88.91,88.059998,88.33,6006900
2017-11-24,88.59,88.96,88.42,88.45,2196700
2017-11-27,88.33,89.099998,88.15,88.96,6199700
2017-11-28,89.48,89.52,88.91,89.4,4841300
2017-11-29,89.4,89.81,89.029999,89.38,5158900
2017-11-30,89.35,90.37,89.21,89.99,9789900
2017-12-01,90.18,90.53,89.12,90.36,7953200
2017-12-04,91.76,91.91,89.83,91.41,9003700
2017-12-05,91.52,91.84,91.07,91.4,8683000
2017-12-06,91.39,91.78,91.07,91.25,6737400
2017-12-07,91.050003,91.07,89.89,90.099998,7273600
2017-12-08,90.019997,90.37,89.58,90.37,5883400
2017-12-11,90.23,90.33,89.75,90.23,4856000
2017-12-12,90.45,90.51,89.82,89.85,6558900
2017-12-13,90.019997,91.41,89.97,90.88,7141000
2017-12-14,90.94,91.43,90.9,91.0,5853500
2017-12-15,91.57,92.27,91.48,91.89,15924000
2017-12-18,91.98,93.14,91.81,91.88,7405700
2017-12-19,92.0,92.13,91.58,91.68,5644400
2017-12-20,91.8,91.97,91.35,91.53,6938500
2017-12-21,91.66,92.080002,91.53,91.67,4860400
2017-12-22,91.88,92.43,91.72,92.13,4919400
2017-12-26,92.35,92.77,92.15,92.48,3431900
2017-12-27,92.49,92.75,91.93,92.099998,4276700
2017-12-28,92.3,92.54,91.91,92.07,3005400
2017-12-29,92.24,92.46,91.88,91.88,4346700
2018-01-02,91.92,91.93,90.55,90.65,7558900
2018-01-03,90.73,91.089996,90.52,90.54,5863600
2018-01-04,90.83,91.77,90.61,91.18,6322500
2018-01-05,91.27,91.3,90.57,91.24,5949700
2018-01-08,90.93,91.77,90.93,91.72,4860700
2018-01-09,91.47,91.65,91.010002,91.050003,6630100
2018-01-10,90.91,90.91,90.010002,90.47,6564700
2018-01-11,90.4,90.52,89.92,90.15,5469700
2018-01-12,90.050003,90.34,89.35,89.61,8111000
2018-01-16,90.14,90.77,89.64,90.22,9465300
2018-01-17,90.56,91.73,90.43,91.2,8345500
2018-01-18,90.24,90.65,89.67,90.18,7699800
2018-01-19,90.28,91.26,90.24,91.07,9364000
2018-01-22,90.88,91.92,90.77,91.89,8658000
2018-01-23,89.82,90.21,88.6,89.050003,18756300
2018-01-24,89.059998,89.16,87.7,88.31,15141900
2018-01-25,88.68,89.050003,88.010002,88.34,11264400
2018-01-26,88.17,88.17,87.23,87.73,11503100
2018-01-29,87.69,87.74,86.69,86.86,11685800
2018-01-30,86.82,87.44,86.63,86.95,9662900
2018-01-31,86.81,87.41,86.080002,86.34,11798100
2018-02-01,86.15,86.5,85.56,85.85,8606300
2018-02-02,85.56,85.61,84.21,84.25,12846300
2018-02-05,83.99,84.37,80.099998,81.059998,17462200
2018-02-06,80.53,82.45,80.12,82.38,19955500
2018-02-07,82.3,83.39,81.82,81.84,11851800
2018-02-08,82.029999,82.22,80.15,80.22,14596100
2018-02-09,80.98,81.029999,78.59,79.92,18838800
2018-02-12,80.61,81.67,80.58,81.33,10769000
2018-02-13,81.15,81.83,80.91,81.5,9278700
2018-02-14,81.059998,81.26,80.27,80.68,9412000
2018-02-15,80.97,82.41,80.5,82.41,8910700
2018-02-16,82.21,83.25,82.13,82.6,10371700
2018-02-20,82.19,82.22,81.07,81.34,7087700
2018-02-21,81.31,81.81,80.19,80.24,9134500
2018-02-22,80.47,81.28,80.17,80.84,10277700
2018-02-23,81.010002,81.12,80.48,81.050003,10321800
2018-02-26,81.45,81.69,81.050003,81.63,9422200
2018-02-27,81.89,82.0,80.51,80.54,8919600
2018-02-28,80.68,80.79,78.5,78.52,16862000
2018-03-01,78.4,79.28,77.9,78.7,13504200
2018-03-02,78.48,79.66,78.42,79.5,9317700
2018-03-05,79.28,80.39,79.15,80.29,8177000
2018-03-06,80.41,80.42,79.37,80.019997,9085300
2018-03-07,79.53,79.64,78.9,79.16,9089500
2018-03-08,79.17,79.99,79.019997,79.97,7951700
2018-03-09,80.18,80.75,79.9,80.29,7662200
2018-03-12,80.23,80.62,79.76,79.86,7182000
2018-03-13,80.0,80.19,79.36,79.72,9620200
2018-03-14,79.69,79.84,78.86,79.0,8898100
2018-03-15,79.089996,79.14,78.54,78.67,6996900
2018-03-16,78.93,79.39,78.84,78.97,17715400
2018-03-19,78.97,79.57,78.27,78.66,8368200
2018-03-20,78.74,79.099998,77.96,78.31,8465500
2018-03-21,78.050003,78.24,76.88,77.040001,9822800
2018-03-22,76.83,77.52,76.37,76.41,10481600
2018-03-23,76.79,77.18,75.81,75.91,11728300
2018-03-26,76.57,76.87,76.019997,76.41,12937000
2018-03-27,76.53,78.44,76.3,77.79,11288200
2018-03-28,77.95,79.14,77.95,78.84,12857800
2018-03-29,79.43,80.49,79.18,79.28,10036400
2018-04-02,79.26,79.37,77.059998,77.4,12017200
2018-04-03,77.56,78.8,77.18,78.46,11933100
2018-04-04,77.82,79.52,77.59,79.050003,9030800
2018-04-05,79.089996,79.32,78.51,78.8,7864700
2018-04-06,78.37,79.36,77.9,78.43,8300800
2018-04-09,78.8,78.85,77.57,78.16,9031200
2018-04-10,78.71,78.84,77.94,78.37,6779000
2018-04-11,78.19,78.69,78.040001,78.27,7143500
2018-04-12,78.64,78.7,77.79,77.79,8282300
2018-04-13,78.059998,78.44,77.72,78.37,6198500
2018-04-16,78.56,78.86,78.040001,78.61,5962200
2018-04-17,78.93,78.94,78.099998,78.43,6492400
2018-04-18,78.58,78.68,78.019997,78.2,7349400
2018-04-19,75.39,75.72,74.2,74.95,16955600
2018-04-20,74.040001,74.92,73.74,73.8,14085000
2018-04-23,73.59,73.98,72.76,73.0,13653400
2018-04-24,73.059998,73.33,72.15,72.5,16551700
2018-04-25,72.41,72.75,71.95,72.3,14208800
2018-04-26,72.57,73.010002,72.37,72.75,11204300
2018-04-27,72.53,73.080002,72.21,72.81,8144800
2018-04-30,72.91,72.92,72.16,72.34,13076500
2018-05-01,72.050003,72.33,71.66,71.96,8103800
2018-05-02,71.94,72.010002,70.73,70.94,10830900
2018-05-03,70.81,71.72,70.74,71.36,9386500
2018-05-04,71.38,72.62,71.34,72.43,8107400
2018-05-07,72.67,73.22,71.89,71.98,6633600
2018-05-08,72.050003,72.12,71.11,71.44,8084100
2018-05-09,71.77,72.55,71.74,72.37,7528400
2018-05-10,72.94,73.34,72.69,73.15,7618500
2018-05-11,73.63,74.099998,73.050003,73.37,7586200
2018-05-14,73.78,73.78,73.089996,73.28,8646900
2018-05-15,73.31,73.41,72.6,72.95,11502800
2018-05-16,72.98,73.93,72.96,73.53,8325000
2018-05-17,73.52,74.0,73.4,73.96,8053600
2018-05-18,73.98,74.07,73.11,73.45,7042700
2018-05-21,73.75,74.25,73.42,74.059998,6428400
2018-05-22,74.46,74.94,73.83,74.029999,7744200
2018-05-23,74.019997,74.3,73.72,74.18,6592500
2018-05-24,74.080002,74.35,73.59,73.77,6508900
2018-05-25,73.9,74.62,73.75,74.31,7546500
2018-05-29,74.059998,74.7,73.77,74.050003,8905600
2018-05-30,74.33,75.019997,74.050003,74.89,8128600
2018-05-31,74.67,74.69,72.8,73.17,15526000
2018-06-01,73.33,73.74,72.86,73.45,7209300
2018-06-04,73.54,74.62,73.45,74.18,8743800
2018-06-05,74.28,74.38,73.6,73.97,6910100
2018-06-06,74.07,74.42,73.72,74.35,7002900
2018-06-07,74.18,76.39,74.099998,75.76,13476100
2018-06-08,75.85,77.21,75.74,77.18,13625300
2018-06-11,76.97,77.69,76.88,77.53,9049400
2018-06-12,77.82,77.89,77.11,77.24,8786000
2018-06-13,77.4,77.4,76.2,76.47,8022400
2018-06-14,76.56,76.56,75.7,75.99,8895200
2018-06-15,76.16,77.51,75.92,77.38,14943500
2018-06-18,76.86,77.099998,75.39,75.84,7384900
2018-06-19,75.59,76.68,75.57,76.33,8514000
2018-06-20,76.35,76.35,75.54,75.85,6603500
2018-06-21,75.53,77.050003,75.53,76.44,8691200
2018-06-22,76.79,77.63,76.77,77.43,11446400
2018-06-25,77.28,77.94,77.18,77.79,11300500
2018-06-26,77.79,78.31,77.36,78.0,9558500
2018-06-27,78.11,78.71,77.56,77.69,7873300
2018-06-28,77.86,78.32,77.66,78.050003,5714400
2018-06-29,77.93,78.54,77.29,78.059998,7679900
2018-07-02,77.5,78.31,77.42,78.13,6092800
2018-07-03,78.54,78.76,77.78,77.9,5897200
2018-07-05,78.14,79.25,78.12,79.21,7956100
2018-07-06,79.38,79.62,78.9,79.31,7244000
2018-07-09,78.46,78.83,77.78,77.86,9095900
2018-07-10,78.07,79.94,77.99,79.82,12773500
2018-07-11,79.63,79.84,79.029999,79.16,7851600
2018-07-12,79.34,79.52,78.57,78.89,8556800
2018-07-13,79.080002,79.47,78.9,79.31,6021300
2018-07-16,79.21,79.63,78.83,79.53,6931200
2018-07-17,79.66,80.5,79.55,80.029999,8983400
2018-07-18,79.72,80.21,79.33,79.72,9105100
2018-07-19,78.42,79.19,77.89,78.73,8010600
2018-07-20,78.32,79.059998,78.32,78.68,8234700
2018-07-23,78.49,78.94,78.24,78.51,5881600
2018-07-24,77.54,79.010002,77.54,78.99,8297100
2018-07-25,78.72,79.6,78.72,79.47,6208400
2018-07-26,79.56,80.77,79.47,80.089996,9771100
2018-07-27,79.67,80.83,79.46,80.58,7492900
2018-07-30,80.07,80.5,79.84,80.2,7090700
2018-07-31,80.39,80.98,79.43,80.88,9878200
2018-08-01,80.42,80.82,80.11,80.65,7556700
2018-08-02,80.8,82.22,80.59,82.0,9261700
2018-08-03,82.14,83.099998,81.92,82.33,7102800
2018-08-06,82.2,82.93,82.15,82.52,5669200
2018-08-07,82.41,82.68,81.73,82.64,6418000
2018-08-08,82.099998,82.8,82.099998,82.35,4891300
2018-08-09,82.44,82.44,81.3,81.4,5167400
2018-08-10,81.3,81.76,81.0,81.43,5566000
2018-08-13,81.7,82.080002,81.15,81.52,5068100
2018-08-14,81.39,81.72,81.23,81.31,6226900
2018-08-15,81.3,82.37,80.81,82.3,8753500
2018-08-16,82.46,84.0,82.31,83.69,12368000
2018-08-17,83.73,84.2,83.6,83.69,8409300
2018-08-20,83.89,83.95,83.31,83.64,6795800
2018-08-21,83.57,84.0,83.089996,83.9,8534500
2018-08-22,83.81,83.85,83.059998,83.39,5132600
2018-08-23,83.010002,83.6,82.84,83.24,4323200
2018-08-24,83.22,83.55,83.029999,83.36,5356000
2018-08-27,83.5,83.82,83.019997,83.44,3941500
2018-08-28,83.72,83.86,83.32,83.48,5405200
2018-08-29,83.51,83.76,83.29,83.49,4520400
2018-08-30,83.39,83.74,83.19,83.41,4549700
2018-08-31,83.35,83.53,82.39,82.95,6674900
2018-09-04,82.48,82.96,82.07,82.7,5800700
2018-09-05,82.11,83.47,82.11,83.29,7651900
2018-09-06,82.91,83.31,82.49,82.65,7541100
2018-09-07,82.099998,82.2,81.25,81.91,11110900
2018-09-10,82.58,83.099998,82.34,82.38,6783000
2018-09-11,82.13,82.42,81.63,82.010002,5210300
2018-09-12,81.9,83.18,81.7,83.11,5925200
2018-09-13,83.27,83.49,82.65,83.45,5328400
2018-09-14,83.47,83.67,82.97,83.61,5004100
2018-09-17,83.5,84.27,83.34,84.25,7098800
2018-09-18,84.29,84.29,83.58,84.0,6022800
2018-09-19,83.92,84.29,83.77,84.0,6157600
2018-09-20,84.29,85.64,84.23,85.36,10053000
2018-09-21,85.81,86.28,85.52,85.82,17402500
2018-09-24,85.63,85.71,84.23,84.27,6389400
2018-09-25,84.28,84.41,83.080002,83.12,5657200
2018-09-26,83.25,83.99,83.029999,83.26,6581000
2018-09-27,83.040001,83.63,82.81,82.86,6277600
2018-09-28,83.029999,83.29,82.79,83.23,5125800
2018-10-01,83.31,83.72,83.17,83.67,4899900
2018-10-02,83.48,84.44,83.37,84.36,7390900
2018-10-03,84.44,84.52,82.85,83.029999,7958700
2018-10-04,82.5,82.5,81.099998,81.92,7029900
2018-10-05,81.98,82.45,81.98,82.15,5454600
2018-10-08,81.98,82.74,81.75,82.4,7192300
2018-10-09,82.39,82.72,82.059998,82.2,6268100
2018-10-10,81.81,82.68,81.44,81.44,9295800
2018-10-11,81.64,81.97,78.67,78.87,12560300
2018-10-12,79.37,79.38,78.49,79.059998,9878700
2018-10-15,79.010002,80.54,78.92,80.13,9691500
2018-10-16,79.91,81.089996,79.9,81.010002,9462600
2018-10-17,80.76,82.18,80.38,81.86,10375300
2018-10-18,80.71,81.34,80.0,80.24,9869500
2018-10-19,84.86,87.76,84.86,87.3,30276400
2018-10-22,86.73,87.24,85.23,86.6,14124100
2018-10-23,86.010002,87.3,86.010002,87.16,16269500
2018-10-24,87.28,90.7,87.22,89.46,26703500
2018-10-25,88.11,89.33,87.31,89.0,14647000
2018-10-26,88.69,89.17,87.39,87.86,14335900
2018-10-29,88.29,89.42,87.44,88.24,12878900
2018-10-30,88.85,89.43,88.21,89.19,13844000
2018-10-31,88.77,89.32,87.27,88.68,13362400
2018-11-01,88.81,89.83,88.18,89.59,9732400
2018-11-02,89.88,89.95,88.98,89.81,11336000
2018-11-05,89.89,91.44,89.82,91.2,12270100
2018-11-06,90.86,91.53,90.43,91.51,8857800
2018-11-07,91.59,91.62,90.62,91.29,9019800
2018-11-08,90.95,91.53,90.67,91.36,6614400
2018-11-09,91.35,92.67,91.17,92.41,10713500
2018-11-12,92.21,93.45,91.75,92.7,12522100
2018-11-13,91.97,93.57,91.59,93.47,13438700
2018-11-14,93.42,93.9,92.99,93.49,11623000
2018-11-15,93.33,93.9,92.72,93.83,12506000
2018-11-16,93.82,94.81,93.67,93.82,13013500
2018-11-19,93.72,94.19,92.91,93.29,9458300
2018-11-20,93.24,93.79,91.86,92.099998,12074000
2018-11-21,91.66,92.37,91.24,91.41,8911800
2018-11-23,91.25,91.99,90.63,91.54,4399600
2018-11-26,91.15,92.4,91.15,91.94,8171400
2018-11-27,91.93,92.86,91.85,92.72,9023400
2018-11-28,92.63,93.22,92.21,93.010002,8093700
2018-11-29,92.86,93.3,92.66,92.82,6126900
2018-11-30,93.18,94.65,92.75,94.51,16291800
2018-12-03,94.67,94.67,92.26,93.32,13934700
2018-12-04,93.49,94.86,93.17,93.31,11123600
2018-12-06,92.7,93.63,91.080002,93.55,14199200
2018-12-07,93.59,93.78,92.14,92.45,7996800
2018-12-10,93.25,93.4,91.37,93.029999,9307600
2018-12-11,93.72,94.52,93.4,93.91,8743800
2018-12-12,94.21,94.55,93.099998,94.029999,9644000
2018-12-13,94.87,96.79,94.8,96.49,18541300
2018-12-14,96.45,96.9,96.019997,96.64,12657300
2018-12-17,96.0,96.5,92.4,92.77,12427600
2018-12-18,93.13,93.31,91.86,92.49,12250600
2018-12-19,92.55,93.35,91.29,91.76,10825600
2018-12-20,91.51,92.23,90.13,90.98,14439200
2018-12-21,90.61,93.17,90.36,90.97,24030000
2018-12-24,90.45,90.66,86.88,87.36,7396300
2018-12-26,87.42,90.089996,86.74,90.089996,8630900
2018-12-27,89.61,92.050003,88.2,92.019997,11360100
2018-12-28,92.56,93.28,90.84,91.18,9611800
2018-12-31,91.63,92.18,91.15,91.92,7239500
2019-01-02,91.029999,91.39,89.93,91.28,9843900
2019-01-03,90.94,92.5,90.38,90.64,9820200
2019-01-04,90.84,92.49,90.37,92.49,10565700
2019-01-07,91.91,92.5,91.4,92.12,9012500
2019-01-08,92.7,93.089996,91.82,92.46,9551300
2019-01-09,92.69,92.96,90.81,90.95,15015600
2019-01-10,90.89,91.54,90.61,91.17,11102300
2019-01-11,91.67,91.98,91.11,91.77,7166600
2019-01-14,91.5,91.91,90.85,91.15,7952000
2019-01-15,91.15,92.61,91.14,92.010002,7834500
2019-01-16,91.74,92.15,90.99,91.37,7964500
2019-01-17,90.71,91.56,90.35,90.64,8044500
2019-01-18,91.37,91.84,91.040001,91.42,9100300
2019-01-22,91.39,91.75,89.080002,90.44,13518500
2019-01-23,94.18,96.41,93.63,94.84,22869000
2019-01-24,94.29,94.56,93.19,94.3,12146400
2019-01-25,94.42,94.89,93.059998,93.6,10618000
2019-01-28,93.32,93.97,92.97,93.52,9765600
2019-01-29,93.79,94.12,93.099998,93.54,9769800
2019-01-30,93.61,94.66,93.57,94.52,7750200
2019-01-31,94.43,96.81,94.080002,96.47,16044400
2019-02-01,96.35,97.61,95.99,97.47,12720800
2019-02-04,97.21,98.22,96.72,98.029999,11887500
2019-02-05,97.99,98.019997,97.21,97.44,9772300
2019-02-06,97.25,98.32,97.12,97.92,8693900
2019-02-07,97.52,97.6,96.34,97.14,8732500
2019-02-08,97.010002,97.72,96.7,97.71,7483200
2019-02-11,97.49,98.39,97.43,98.27,8494100
2019-02-12,98.38,99.34,97.98,99.26,11238800
2019-02-13,99.29,99.7,99.010002,99.24,11587200
2019-02-14,98.7,98.82,97.84,98.46,7930100
2019-02-15,98.95,99.2,98.25,98.48,12069100
2019-02-19,98.56,100.0,98.47,99.99,10098200
2019-02-20,99.78,100.22,98.94,99.28,8947400
2019-02-21,99.099998,99.86,98.59,99.78,7444800
2019-02-22,99.69,100.4,99.4,100.25,7925400
2019-02-25,100.36,100.45,99.33,99.57,7436100
2019-02-26,99.84,100.18,99.63,99.83,7115300
2019-02-27,99.34,99.63,98.82,98.91,6013600
2019-02-28,98.91,99.2,98.080002,98.55,10575400
2019-03-01,98.61,98.78,97.83,98.44,7733200
2019-03-04,98.57,98.88,97.88,98.87,6895300
2019-03-05,98.91,99.68,98.91,99.089996,6274600
2019-03-06,98.86,99.099998,98.4,98.93,4622300
2019-03-07,98.97,99.6,98.25,98.55,8408600
2019-03-08,98.82,99.18,97.75,98.41,5144500
2019-03-11,98.79,99.68,98.51,99.58,7544400
2019-03-12,99.78,100.52,99.73,100.050003,7597500
2019-03-13,99.99,101.59,99.96,101.18,9883300
2019-03-14,100.94,101.78,100.72,101.32,8590200
2019-03-15,101.76,102.89,101.73,102.44,30802700
2019-03-18,102.059998,102.29,101.2,101.51,8442800
2019-03-19,101.91,102.14,101.29,101.9,7334100
2019-03-20,101.73,102.31,101.050003,101.72,7513800
2019-03-21,101.28,102.91,101.28,102.49,8221000
2019-03-22,102.48,103.15,99.010002,101.66,11035900
2019-03-25,101.66,102.34,101.26,101.96,6955500
2019-03-26,102.44,103.48,102.4,103.019997,6909400
2019-03-27,102.76,103.019997,102.040001,102.9,6037100
2019-03-28,103.31,103.68,103.11,103.55,6793700
2019-03-29,103.86,104.15,103.11,104.050003,7535400
2019-04-01,104.23,104.23,103.14,103.64,6626500
2019-04-02,103.61,104.019997,103.26,103.75,6088800
2019-04-03,103.58,103.89,102.75,103.69,5226500
2019-04-04,103.48,103.67,102.79,103.43,4786100
2019-04-05,103.61,103.69,103.17,103.65,4281800
2019-04-08,103.93,105.14,103.5,104.97,8468600
2019-04-09,104.55,104.76,104.14,104.66,5820300
2019-04-10,104.66,105.0,104.24,104.65,5394300
2019-04-11,104.58,105.050003,104.37,104.75,5078400
2019-04-12,104.75,105.059998,104.17,105.059998,6707900
2019-04-15,104.98,105.78,104.79,105.73,5639200
2019-04-16,105.98,106.5,105.65,106.42,8136100
2019-04-17,106.27,106.51,105.35,105.85,6778100
2019-04-18,106.019997,106.71,105.83,106.050003,7248900
2019-04-22,106.13,107.2,105.74,106.010002,9057200
2019-04-23,104.010002,104.11,102.13,103.16,15979800
2019-04-24,103.32,104.65,102.79,103.69,10094800
2019-04-25,103.099998,103.57,102.59,103.28,6085300
2019-04-26,103.95,105.88,103.91,105.86,7747400
2019-04-29,105.57,105.75,104.72,104.78,4787600
2019-04-30,104.86,106.62,104.66,106.48,8251300
2019-05-01,106.15,106.39,104.81,104.93,6733800
2019-05-02,105.2,105.76,105.050003,105.56,6270300
2019-05-03,105.99,106.41,105.58,106.080002,4793400
2019-05-06,105.12,105.82,105.040001,105.68,4890400
2019-05-07,105.029999,105.58,104.099998,104.7,6021700
2019-05-08,104.99,105.77,104.16,105.07,5392600
2019-05-09,104.67,105.040001,103.78,104.24,6901700
2019-05-10,103.98,106.15,103.92,106.010002,5815800
2019-05-13,105.14,106.59,104.85,106.11,7575500
2019-05-14,105.77,106.5,105.57,105.6,7004000
2019-05-15,105.61,107.0,105.5,106.7,5535600
2019-05-16,106.74,108.68,106.59,108.11,9284200
2019-05-17,107.27,108.0,107.26,107.45,6370200
2019-05-20,107.44,108.13,107.14,107.33,6565300
2019-05-21,107.47,107.54,106.29,106.37,5226400
2019-05-22,106.089996,107.050003,105.94,106.72,4889700
2019-05-23,106.68,107.029999,105.89,106.76,6175600
2019-05-24,107.15,107.44,106.54,106.69,4372100
2019-05-28,106.7,107.25,104.42,104.46,7615500
2019-05-29,103.96,104.81,103.7,104.19,7137300
2019-05-30,104.37,105.37,104.37,105.33,4729200
2019-05-31,104.89,104.9,102.41,102.91,10282300
2019-06-03,103.15,103.96,102.4,103.8,8532900
2019-06-04,104.010002,105.099998,103.85,104.68,6906400
2019-06-05,105.24,106.75,104.89,106.73,6481700
2019-06-06,106.85,107.68,106.33,107.38,6681600
2019-06-07,107.74,109.38,107.74,108.77,8063400
2019-06-10,108.32,109.019997,107.46,108.72,4767000
2019-06-11,108.94,109.6,108.87,109.38,8074400
2019-06-12,109.6,110.66,109.58,109.68,7687800
2019-06-13,109.98,110.95,109.86,110.91,8611400
2019-06-14,110.97,111.75,110.65,111.2,6438100
2019-06-17,111.16,111.21,110.24,110.99,6020000
2019-06-18,111.45,111.56,109.43,109.6,7731200
2019-06-19,109.5,110.73,109.26,110.42,7028000
2019-06-20,110.78,112.019997,110.5,111.74,7044200
2019-06-21,111.62,112.47,111.019997,111.2,13799400
2019-06-24,111.82,112.5,111.4,112.33,5518100
2019-06-25,112.11,112.63,111.31,111.72,6805600
2019-06-26,111.39,111.44,109.66,109.73,7170300
2019-06-27,109.92,110.27,109.29,109.78,5613300
2019-06-28,111.86,111.96,109.019997,109.65,12152000
2019-07-01,109.92,110.7,109.61,110.49,6775900
2019-07-02,110.61,111.5,110.29,111.48,6578200
2019-07-03,111.96,114.27,111.84,114.080002,6223300
2019-07-05,112.97,113.45,112.23,113.15,8694800
2019-07-08,113.34,114.23,113.3,114.050003,5317800
2019-07-09,113.9,113.91,112.32,112.91,7537700
2019-07-10,113.46,114.5,113.4,113.75,5600700
2019-07-11,113.66,114.4,113.44,114.38,4625300
2019-07-12,114.07,115.21,114.07,114.99,7058600
2019-07-15,115.07,115.88,114.79,115.48,6240700
2019-07-16,115.72,116.52,115.45,115.89,7644300
2019-07-17,115.73,116.29,115.73,115.94,7861700
2019-07-18,114.93,115.77,114.79,115.44,5828700
2019-07-19,115.5,115.95,115.010002,115.010002,6547000
2019-07-22,115.040001,115.45,114.58,115.3,4018800
2019-07-23,115.71,116.050003,113.84,113.85,8194600
2019-07-24,113.85,113.88,112.28,112.6,9635900
2019-07-25,111.48,112.98,111.38,112.77,7809400
2019-07-26,113.21,114.88,112.88,114.73,5559600
2019-07-29,114.73,116.21,114.62,116.0,7768700
2019-07-30,119.82,121.76,118.8,120.41,18788800
2019-07-31,119.66,120.68,117.07,118.040001,12641800
2019-08-01,118.56,119.17,116.73,116.73,11308600
2019-08-02,116.51,117.080002,115.69,116.44,12266100
2019-08-05,116.089996,116.3,112.83,113.080002,12974800
2019-08-06,113.65,115.0,113.18,114.28,9490600
2019-08-07,113.75,116.24,112.68,115.52,9507600
2019-08-08,115.52,117.49,115.34,117.44,7416600
2019-08-09,117.62,118.040001,115.85,116.78,6939500
2019-08-12,116.78,117.67,115.59,116.029999,4996200
2019-08-13,116.51,118.07,116.34,117.25,6722000
2019-08-14,116.46,117.94,115.66,115.79,10148300
2019-08-15,116.8,118.089996,116.44,117.39,7758000
2019-08-16,118.059998,119.54,117.6,119.18,8302400
2019-08-19,119.97,120.45,119.11,120.24,5867100
2019-08-20,120.050003,120.26,118.79,118.9,6744300
2019-08-21,119.27,119.65,118.68,119.2,4037400
2019-08-22,119.080002,119.79,118.7,119.42,4558400
2019-08-23,119.14,120.11,116.43,117.32,7336800
2019-08-26,117.75,119.6,117.22,119.32,5661500
2019-08-27,119.99,121.050003,119.78,120.55,6996300
2019-08-28,120.46,121.43,119.63,121.4,4600300
2019-08-29,121.79,122.0,120.32,121.18,5011500
2019-08-30,121.96,122.0,119.51,120.23,6007100
2019-09-03,119.79,121.54,119.63,121.36,4959300
2019-09-04,121.85,123.28,121.46,123.21,5586900
2019-09-05,123.24,123.43,122.18,122.76,7491900
2019-09-06,123.0,123.38,122.54,122.87,5306900
2019-09-09,122.71,122.78,121.78,122.17,7662400
2019-09-10,121.029999,121.18,119.58,119.88,9582200
2019-09-11,119.86,121.34,119.36,121.27,7565500
2019-09-12,122.65,123.21,121.62,122.77,6194300
2019-09-13,121.82,122.58,121.5,122.12,6777400
2019-09-16,121.81,121.96,119.019997,119.75,9626700
2019-09-17,119.63,121.99,119.44,121.16,6377100
2019-09-18,121.27,121.96,120.77,121.41,5684200
2019-09-19,121.39,122.23,121.24,121.9,4525800
2019-09-20,122.13,122.6,121.75,122.24,15362000
2019-09-23,122.2,123.77,121.97,123.22,6060400
2019-09-24,123.7,124.73,123.36,123.61,7633200
2019-09-25,123.56,123.83,122.95,123.019997,5812600
2019-09-26,123.64,125.0,123.53,124.31,6984800
2019-09-27,124.41,124.88,123.72,124.57,5589800
2019-09-30,124.57,125.36,124.13,124.38,5206900
2019-10-01,124.36,124.64,123.2,123.85,5415700
2019-10-02,123.2,123.65,120.21,121.080002,6755100
2019-10-03,121.67,122.54,120.84,121.74,5171000
2019-10-04,122.19,124.059998,121.99,124.0,4377900
2019-10-07,123.53,123.89,122.68,122.84,4749700
2019-10-08,122.66,122.93,120.88,120.93,5545300
2019-10-09,121.81,122.39,121.43,121.98,3775600
2019-10-10,121.33,122.19,120.8,121.94,3943400
2019-10-11,122.040001,122.059998,120.82,121.089996,6292200
2019-10-14,121.62,121.62,119.58,120.050003,7360200
2019-10-15,120.19,120.56,116.7,117.2,11113900
2019-10-16,117.67,117.77,116.51,117.53,7973100
2019-10-17,117.31,117.64,116.55,116.63,5956900
2019-10-18,116.55,117.75,116.17,117.47,9016700
2019-10-21,117.42,119.12,117.35,119.080002,6731600
2019-10-22,124.0,124.22,121.6,122.18,14410500
2019-10-23,121.99,123.73,121.84,123.0,8249300
2019-10-24,123.76,125.77,123.34,124.79,6725600
2019-10-25,124.82,124.82,123.17,123.25,6093300
2019-10-28,123.48,124.12,122.6,123.48,5459500
2019-10-29,123.2,124.56,123.099998,123.6,5659800
2019-10-30,123.99,125.17,123.5,124.94,4734500
2019-10-31,124.79,125.45,123.36,124.51,6399500
2019-11-01,124.83,125.14,123.25,123.87,6010200
2019-11-04,123.92,123.92,118.64,119.07,10351400
2019-11-05,118.83,119.59,118.24,118.9,9239600
2019-11-06,119.099998,120.35,118.66,120.32,6756300
2019-11-07,120.34,120.34,118.81,119.62,8909700
2019-11-08,119.85,120.59,119.16,119.7,4249900
2019-11-11,119.48,120.0,119.089996,119.33,3850400
2019-11-12,119.49,119.6,118.55,119.27,4759600
2019-11-13,119.9,121.050003,119.87,120.65,7262800
2019-11-14,120.62,121.17,120.11,120.5,5188300
2019-11-15,120.99,120.99,119.97,120.54,7108600
2019-11-18,120.25,122.56,120.17,121.89,7493700
2019-11-19,121.93,122.78,121.13,121.42,5989000
2019-11-20,121.42,122.38,120.93,122.29,6480000
2019-11-21,121.78,122.54,120.28,120.34,7094200
2019-11-22,120.23,120.61,119.39,120.29,4414900
2019-11-25,120.44,120.92,120.019997,120.51,5134300
2019-11-26,120.73,122.35,120.41,122.26,8235200
2019-11-27,122.42,122.44,120.96,121.76,3751400
2019-11-29,121.99,122.63,121.71,122.059998,2927300
2019-12-02,121.94,122.78,120.96,122.72,6146200
2019-12-03,122.31,122.96,121.8,122.95,6396200
2019-12-04,122.75,124.58,122.69,124.53,6857300
2019-12-05,124.27,124.63,123.66,124.62,7029200
2019-12-06,124.73,125.45,123.89,124.19,7150900
2019-12-09,124.31,125.14,124.18,124.87,7452800
2019-12-10,124.78,124.87,124.12,124.27,4740100
2019-12-11,124.27,125.27,124.07,124.66,4823300
2019-12-12,124.78,125.76,123.88,124.57,5897800
2019-12-13,124.21,125.74,123.79,125.47,5471600
2019-12-16,125.47,126.35,125.35,125.56,8281900
2019-12-17,125.59,125.98,124.31,125.31,8832200
2019-12-18,125.31,125.87,123.69,124.010002,8607600
2019-12-19,124.16,125.2,123.9,124.92,6629100
2019-12-20,126.15,126.6,125.029999,125.36,16250500
2019-12-23,125.52,125.82,124.69,124.9,6619500
2019-12-24,124.79,125.31,124.58,125.22,2022100
2019-12-26,125.099998,125.75,124.87,125.22,4760400
2019-12-27,125.56,126.3,125.39,126.089996,5192000
2019-12-30,125.76,125.98,124.14,124.47,3884300
2019-12-31,124.43,124.99,123.95,124.9,4798900
2020-01-02,124.5,124.73,122.94,123.41,8130800
2020-01-03,122.16,123.53,121.86,122.58,7970500
2020-01-06,122.57,123.19,122.38,122.75,6674400
2020-01-07,122.88,123.21,121.87,121.99,7583400
2020-01-08,122.19,123.43,122.0,122.51,5385100
2020-01-09,122.51,123.88,122.51,123.85,5944000
2020-01-10,123.9,124.32,123.3,123.97,3927100
2020-01-13,124.0,124.9,123.81,124.88,8409200
2020-01-14,124.65,125.2,124.48,124.69,7829700
2020-01-15,125.059998,126.12,125.010002,125.96,4843700
2020-01-16,126.11,126.78,125.59,126.07,6233700
2020-01-17,126.35,127.0,125.88,126.41,11315200
2020-01-21,126.41,126.62,124.84,126.089996,8553100
2020-01-22,126.33,126.68,125.83,126.31,7396700
2020-01-23,124.3,126.55,123.65,124.99,11096500
2020-01-24,125.22,126.79,124.77,125.14,9508600
2020-01-27,124.75,126.39,124.75,125.69,9338400
2020-01-28,125.93,126.98,125.72,126.029999,6200200
2020-01-29,125.91,126.07,125.029999,125.059998,5271000
2020-01-30,124.79,126.059998,124.42,125.95,5894400
2020-01-31,125.99,126.95,124.46,124.62,6612900
2020-02-03,124.66,125.95,124.49,125.11,6052300
2020-02-04,125.71,127.35,125.36,125.66,6512200
2020-02-05,125.91,127.059998,125.4,126.81,6125400
2020-02-06,126.9,128.089996,126.6,127.14,9102700
2020-02-07,127.19,127.27,126.050003,126.080002,5915100
2020-02-10,126.46,126.83,125.76,126.17,5216100
2020-02-11,126.27,126.27,124.029999,124.16,6105700
2020-02-12,123.68,123.97,122.85,123.45,6031700
2020-02-13,123.73,125.28,123.52,124.96,7159000
2020-02-14,125.29,126.15,124.79,126.14,5889100
2020-02-18,125.83,126.18,124.83,124.87,6767600
2020-02-19,124.85,126.47,124.65,125.44,4734000
2020-02-20,125.47,126.76,125.13,126.58,6094600
2020-02-21,126.13,128.070007,125.98,126.7,8723900
2020-02-24,125.26,126.59,123.14,123.3,7533900
2020-02-25,123.019997,123.96,120.88,121.43,8903200
2020-02-26,121.42,122.39,119.85,120.16,6894200
2020-02-27,119.12,119.92,113.43,113.5,13298900
2020-02-28,109.46,113.23,106.67,113.23,22784300
2020-03-02,113.19,119.79,112.55,119.56,12399800
2020-03-03,119.73,121.84,117.14,118.17,12510900
2020-03-04,119.88,124.69,119.6,124.5,9459300
2020-03-05,121.3,122.9,120.28,121.63,9363500
2020-03-06,118.029999,122.61,117.55,121.66,9817400
2020-03-09,115.27,120.029999,115.12,116.059998,13116500
2020-03-10,118.96,120.82,114.44,120.55,11419100
2020-03-11,117.6,118.44,110.68,111.59,16456000
2020-03-12,103.0,111.58,101.0,101.84,20988000
2020-03-13,106.5,114.63,105.41,114.07,17378700
2020-03-16,101.75,115.95,101.0,108.5,17367400
2020-03-17,111.45,119.7,110.77,118.24,19451400
2020-03-18,113.019997,121.5,112.089996,117.45,23139200
2020-03-19,116.61,118.0,109.79,110.83,16428100
2020-03-20,109.19,109.7,101.59,102.43,19922900
2020-03-23,100.19,103.75,94.34,97.7,17776800
2020-03-24,101.23,104.0,96.07,103.27,14625500
2020-03-25,100.51,104.7,98.6,100.92,13789100
2020-03-26,103.88,108.31,102.53,107.38,15796000
2020-03-27,106.49,114.29,106.49,110.17,16073100
2020-03-30,113.9,115.79,110.2,115.0,14571600
2020-03-31,113.5,114.29,108.95,110.0,21691000
2020-04-01,107.95,112.18,107.0,109.33,11095800
2020-04-02,107.69,114.99,107.5,114.4,9168800
2020-04-03,113.74,115.9,113.010002,115.080002,7768700
2020-04-06,117.0,119.0,114.58,117.81,16848400
2020-04-07,116.71,120.059998,112.5,112.77,14438400
2020-04-08,114.39,117.3,111.86,115.099998,12564500
2020-04-09,115.26,118.66,114.2,114.66,12747300
2020-04-13,113.61,116.75,113.16,115.95,7926700
2020-04-14,118.76,121.47,116.25,120.96,10474200
2020-04-15,120.86,123.42,119.59,121.22,14192900
2020-04-16,122.35,122.5,119.9,121.5,12020200
2020-04-17,122.45,124.99,120.54,124.69,15899800
2020-04-20,121.47,123.23,120.54,120.6,10832000
2020-04-21,119.5,120.3,118.43,119.68,9465400
2020-04-22,119.99,120.28,118.78,119.4,10259400
2020-04-23,118.65,119.67,118.050003,119.4,17277000
2020-04-24,119.099998,119.76,118.62,118.78,12751100
2020-04-27,119.19,119.19,116.9,117.45,10635700
2020-04-28,117.099998,117.91,116.17,116.89,9958000
2020-04-29,117.52,118.050003,115.080002,117.080002,8707900
2020-04-30,115.92,118.28,115.66,117.87,10026400
2020-05-01,117.6,118.37,116.32,116.82,7366400
2020-05-04,117.089996,117.2,115.0,115.77,5636000
2020-05-05,115.8,117.26,115.21,116.010002,5425200
2020-05-06,115.54,116.14,112.89,113.099998,7892200
2020-05-07,114.059998,114.14,111.82,112.17,8762800
2020-05-08,113.52,116.3,113.39,115.95,9279900
2020-05-11,115.75,116.010002,114.92,115.31,6947500
2020-05-12,115.2,115.9,114.14,114.55,6734400
2020-05-13,114.28,115.35,113.73,113.92,9312600
2020-05-14,113.54,114.45,111.25,113.81,9310000
2020-05-15,113.93,114.79,112.050003,114.61,10694800
2020-05-18,116.029999,116.99,114.71,116.21,10020800
2020-05-19,115.089996,115.64,112.34,112.44,8047600
2020-05-20,113.0,113.77,112.13,113.28,6593800
2020-05-21,112.8,113.2,111.43,111.62,6552700
2020-05-22,112.29,113.6,111.76,112.6,5571900
2020-05-26,114.15,114.15,111.68,112.029999,10432400
2020-05-27,112.5,113.97,111.82,113.89,8279700
2020-05-28,115.53,116.99,114.9,116.059998,6586700
2020-05-29,116.13,116.72,114.62,115.92,7868000
2020-06-01,116.0,117.5,115.26,117.25,5105600
2020-06-02,117.07,118.14,116.82,118.059998,6327900
2020-06-03,118.099998,119.19,117.95,118.53,6171000
2020-06-04,118.0,118.83,115.57,116.050003,6895800
2020-06-05,116.25,118.83,116.050003,118.33,7337800
2020-06-08,117.44,119.12,116.84,119.050003,6926700
2020-06-09,119.4,119.76,118.15,118.34,5563200
2020-06-10,119.0,119.89,118.11,119.23,6678200
2020-06-11,118.81,119.57,116.0,116.26,8937500
2020-06-12,116.59,118.050003,115.26,115.62,7998500
2020-06-15,114.55,117.28,113.76,116.69,8786000
2020-06-16,118.53,118.97,116.93,118.13,8165200
2020-06-17,118.39,119.11,117.44,117.93,6320800
2020-06-18,117.46,119.96,117.37,119.28,6274400
2020-06-19,120.49,121.82,118.83,118.92,17506200
2020-06-22,118.78,119.080002,117.34,117.75,5695600
2020-06-23,118.67,119.19,117.65,117.73,5340400
2020-06-24,117.22,117.96,116.28,116.42,6547800
2020-06-25,116.99,118.029999,116.029999,117.89,5489300
2020-06-26,117.59,118.47,115.040001,115.23,23201700
2020-06-29,116.51,118.050003,116.35,117.66,6866900
2020-06-30,117.97,119.99,117.8,119.57,7818000
2020-07-01,119.65,120.39,118.9,119.98,6501200
2020-07-02,121.0,122.57,120.53,120.88,6150900
2020-07-06,121.77,122.41,120.88,121.63,6023300
2020-07-07,121.3,123.25,120.89,122.22,6866300
2020-07-08,122.15,123.24,122.0,122.89,6494100
2020-07-09,122.82,123.98,121.81,122.48,5341000
2020-07-10,122.57,124.5,122.47,123.89,6752600
2020-07-13,124.0,125.59,123.34,124.050003,7681500
2020-07-14,123.99,125.66,123.5,125.089996,6272100
2020-07-15,125.98,126.9,124.26,124.5,8145000
2020-07-16,125.080002,125.52,123.91,124.76,3959300
2020-07-17,125.089996,126.07,124.83,125.63,4868600
2020-07-20,125.47,125.84,124.79,125.24,4242100
2020-07-21,125.49,126.64,124.92,125.07,5162300
2020-07-22,125.5,126.4,124.21,126.14,5929200
2020-07-23,126.12,127.18,125.6,126.16,6664800
2020-07-24,126.99,127.77,125.32,125.96,6014200
2020-07-27,125.71,126.64,125.54,126.32,6464600
2020-07-28,126.37,128.46001,126.29,127.88,7644400
2020-07-29,127.56,129.24001,127.36,128.31,6702000
2020-07-30,130.66,132.029999,129.64999,131.42,10400700
2020-07-31,130.66,131.21001,129.27,131.12,8487000
2020-08-03,130.47,131.92,130.47,131.28999,7769400
2020-08-04,130.77,133.92999,130.7,133.78999,7773700
2020-08-05,133.59,134.64999,133.12,133.44,5680000
2020-08-06,132.85001,133.37,132.12,132.71001,3974100
2020-08-07,132.89,133.64,132.45,133.55,4934900
2020-08-10,133.7,134.44,133.19,134.10001,5812700
2020-08-11,134.27,134.74001,132.78999,133.23,5329900
2020-08-12,133.77,135.97,133.7,135.46001,5920400
2020-08-13,135.080002,135.87,134.92999,135.78,4989500
2020-08-14,135.61,135.64,134.55,135.10001,5845200
2020-08-17,134.94,135.7,134.66,135.5,5603800
2020-08-18,135.81,137.52,135.42,136.50999,8670700
2020-08-19,135.53999,136.32001,135.5,135.77,6827700
2020-08-20,135.24001,136.98,135.19,136.85001,4352200
2020-08-21,136.60001,138.10001,135.91,137.44,5706600
2020-08-24,137.49001,138.78,137.2,138.50999,7420500
2020-08-25,139.0,139.14999,137.8,139.059998,4718300
2020-08-26,138.57001,139.32001,138.25,138.39,4746200
2020-08-27,138.84,139.69,138.17999,138.21001,6156100
2020-08-28,138.32001,138.91,136.95,138.77,4166300
2020-08-31,138.19,138.73,137.82001,138.33,5596800
2020-09-01,137.86,138.22,137.070007,138.17999,5671800
2020-09-02,138.11,141.44,137.61,140.50999,8384800
2020-09-03,140.74001,141.7,137.089996,138.25999,7277900
2020-09-04,137.81,139.19,136.12,137.96001,7437700
2020-09-08,138.52,138.64,135.039993,135.94,6847500
2020-09-09,136.42,139.56,136.27,138.14999,6002900
2020-09-10,138.12,138.72,136.50999,136.7,5242500
2020-09-11,137.69,138.66,137.16,138.14,4398000
2020-09-14,138.44,139.58,138.33,138.63,4767400
2020-09-15,138.78999,139.77,138.39,138.63,4046500
2020-09-16,139.57001,140.17,137.60001,137.7,6049900
2020-09-17,137.059998,137.88,136.19,137.52,4648500
2020-09-18,136.91,137.92999,136.25999,137.37,10192800
2020-09-21,137.0,137.47,134.7,136.71001,7092600
2020-09-22,136.49001,139.029999,136.24001,137.96001,4722800
2020-09-23,138.42,138.42,136.089996,136.31,6373700
2020-09-24,136.67,137.14999,135.71001,136.92,5708200
2020-09-25,135.89,137.99001,135.89,137.62,4969900
2020-09-28,138.56,139.94,137.78,138.0099945,5810800
2020-09-29,138.39,138.42,136.66,137.25999,4492100
2020-09-30,138.16,139.85001,137.81,138.99001,8727800
2020-10-01,139.58,139.99001,138.21001,139.24001,5713400
2020-10-02,137.92999,139.12,136.95,138.12,6077900
2020-10-05,138.72,139.64999,138.3,139.39,6333900
2020-10-06,139.42,140.77,138.81,139.61,6042900
2020-10-07,140.080002,141.39,139.37,140.7,4640900
2020-10-08,140.56,141.92999,140.36,141.64999,4569800
2020-10-09,141.84,143.64,141.7,142.92,6551700
2020-10-12,143.33,145.33,143.33,144.49001,5791500
2020-10-13,143.82001,144.84,143.46001,144.21001,4509400
2020-10-14,144.17999,145.10001,143.080002,144.039993,3860700
2020-10-15,143.059998,144.39,142.89,143.83,4997100
2020-10-16,144.42,145.87,143.92,144.39,6806100
2020-10-19,144.47,145.39,141.13,141.91,6427600
2020-10-20,145.61,145.69,141.89999,142.48,7582100
2020-10-21,142.49001,144.34,142.47,143.25,5649700
2020-10-22,141.49001,142.75,141.080002,141.45,4502900
2020-10-23,141.75999,142.88,141.75999,142.38,4278100
2020-10-26,141.5,142.050003,140.0099945,141.3,5315500
2020-10-27,141.94,143.34,141.64999,142.36,6806700
2020-10-28,140.45,140.94,137.31,137.66,8192200
2020-10-29,137.35001,139.089996,135.8,137.57001,5476900
2020-10-30,137.17999,137.99001,134.67999,137.10001,6422000
2020-11-02,138.50999,140.0,137.44,138.5,6682800
2020-11-03,139.32001,142.66,139.32001,141.22,6244200
2020-11-04,140.46001,143.0,140.27,140.64,5820600
2020-11-05,142.44,143.53,141.78,142.38,5673100
2020-11-06,142.67,144.070007,142.38,143.23,4702300
2020-11-09,146.14999,146.92,137.60001,137.99001,12664700
2020-11-10,138.10001,140.62,137.14999,140.25999,7854000
2020-11-11,141.85001,143.0,140.64999,142.070007,5554300
2020-11-12,142.28999,142.55,141.070007,142.14999,5631700
2020-11-13,142.21001,144.48,141.88,144.28,6466800
2020-11-16,144.78,144.78,141.25999,142.42999,7976600
2020-11-17,141.89,143.47,141.75,141.88,6396800
2020-11-18,141.99001,142.10001,139.66,139.7,6097100
2020-11-19,139.87,140.12,138.45,139.53,5284100
2020-11-20,139.53,140.35001,138.63,139.3,4726900
2020-11-23,139.32001,139.95,137.86,138.75999,4770600
2020-11-24,138.83,139.84,138.070007,138.31,7101800
2020-11-25,138.16,139.39,138.039993,138.67999,8411300
2020-11-27,138.59,138.89,137.53,138.61,4252200
2020-11-30,138.0,139.2,136.74001,138.87,11640400
2020-12-01,139.16,139.53999,138.16,139.37,7169700
2020-12-02,139.37,139.94,137.49001,138.36,6963000
2020-12-03,138.089996,138.35001,135.53999,137.34,8742500
2020-12-04,137.21001,137.86,135.87,137.47,6617200
2020-12-07,136.61,137.74001,136.56,137.67999,6918000
2020-12-08,137.020004,138.78,136.42999,138.050003,6493500
2020-12-09,137.83,138.039993,136.25,136.41,6773400
2020-12-10,136.52,136.92,135.039993,135.50999,6800500
2020-12-11,134.46001,136.8,134.2,136.50999,6548000
2020-12-14,137.020004,137.92999,135.77,135.85001,6485300
2020-12-15,136.39,137.53999,136.24001,136.64999,5397000
2020-12-16,136.71001,138.27,136.71001,137.27,5382500
2020-12-17,138.0099945,139.12,137.95,138.25,7405300
2020-12-18,138.25999,140.070007,137.45,139.039993,19988800
2020-12-21,137.96001,138.42999,136.22,137.52,6732400
2020-12-22,137.28999,138.070007,136.38,136.55,5023100
2020-12-23,137.39,137.55,136.13,136.34,6004200
2020-12-24,136.2,138.13,136.2,137.72,2588200
2020-12-28,138.14999,139.39,137.95,138.67999,3714700
2020-12-29,139.22,139.94,138.2,138.42,5139300
2020-12-30,138.60001,138.92,137.55,137.77,3261400
2020-12-31,138.31,139.28999,137.39,139.14,4076400
2021-01-04,139.66,139.86,136.35001,137.82001,8330900
2021-01-05,137.99001,138.92,136.27,138.7,6856400
2021-01-06,138.77,141.039993,138.60001,140.16,10578000
2021-01-07,139.75,140.13,138.039993,138.85001,7355400
2021-01-08,138.47,139.059998,137.0,138.78999,7448500
2021-01-11,138.75,139.44,137.60001,137.85001,7239900
2021-01-12,137.85001,138.25,136.24001,137.050003,6333500
2021-01-13,137.10001,138.070007,137.10001,137.25999,6078800
2021-01-14,137.42999,137.64999,135.28,135.8,6172800
2021-01-15,135.25,136.2,134.66,134.78,7757600
2021-01-19,135.7,136.36,133.56,133.60001,9184900
2021-01-20,132.53,133.8,131.25999,131.92999,12506600
2021-01-21,130.64999,131.99001,130.50999,131.0099945,8761600
2021-01-22,131.020004,131.47,129.99001,130.0,7202800
2021-01-25,129.95,133.0,129.89999,132.24001,9640000
2021-01-26,132.25,133.47,131.42999,133.089996,5996700
2021-01-27,132.39,133.10001,127.7,128.38,10826700
2021-01-28,127.84,131.64999,127.44,130.36,8242000
2021-01-29,130.19,130.28999,128.070007,128.21001,8344100
2021-02-01,129.0,129.66,128.2,128.97,6534200
2021-02-02,129.60001,130.72,128.69,128.78999,6825600
2021-02-03,128.95,129.2,127.75,128.95,7309400
2021-02-04,129.38,129.46001,128.58,129.029999,6613700
2021-02-05,129.12,130.10001,129.029999,129.57001,5063700
2021-02-08,129.92999,130.10001,128.11,129.17,7011200
2021-02-09,129.46001,129.94,128.23,128.67,5917800
2021-02-10,128.75,129.16,127.96,128.22,8594100
2021-02-11,128.53999,129.33,128.21001,128.33,6139200
2021-02-12,128.0,128.13,126.58,127.62,8407300
2021-02-16,127.97,128.17,126.99,127.92,8246000
2021-02-17,127.19,129.49001,127.11,128.46001,8845200
2021-02-18,127.81,129.85001,127.59,129.53,6936400
2021-02-19,129.35001,129.44,127.019997,127.12,8277900
2021-02-22,126.79,127.24,126.38,126.58,6975500
2021-02-23,127.78,129.92999,127.19,127.52,10145300
2021-02-24,127.35,128.24001,126.91,127.66,7263000
2021-02-25,127.49,128.99001,126.29,126.58,7790800
2021-02-26,126.54,126.93,121.82,123.53,17718800
2021-03-01,124.16,125.49,124.0,124.29,7740200
2021-03-02,123.87,124.86,123.43,123.9,10206500
2021-03-03,123.77,124.2,122.79,123.16,7537000
2021-03-04,123.099998,124.77,121.54,122.15,10228100
2021-03-05,122.76,126.33,122.55,125.98,10490900
2021-03-08,125.76,128.89999,125.32,127.31,9224700
2021-03-09,127.65,128.92,126.059998,126.18,8859700
2021-03-10,126.15,128.42,125.47,127.34,9070900
2021-03-11,127.13,127.85,126.72,126.91,6941500
2021-03-12,127.65,128.82001,127.65,128.14,6521900
2021-03-15,128.39,129.039993,127.19,128.56,7172600
2021-03-16,128.50999,129.98,128.50999,128.94,6485200
2021-03-17,129.11,129.84,128.35001,128.42,6192900
2021-03-18,128.21001,129.039993,127.040001,128.7,6871300
2021-03-19,129.10001,129.74001,127.9,128.0099945,20262100
2021-03-22,128.0099945,130.89,128.0099945,130.17999,8077600
2021-03-23,130.41,133.28999,129.99001,132.60001,9503800
2021-03-24,130.94,133.14,130.62,132.56,8318000
2021-03-25,133.089996,133.62,132.050003,133.48,7517300
2021-03-26,133.22,135.61,132.48,135.45,10821200
2021-03-29,135.0,137.60001,135.0,137.57001,11176000
2021-03-30,136.61,137.0,135.14,135.45,8090600
2021-03-31,135.67999,136.75,135.25999,135.42999,9202600
2021-04-01,135.050003,135.48,133.33,134.28,9117800
2021-04-05,134.96001,137.25,134.73,136.45,8279100
2021-04-06,136.0,137.020004,135.64,136.5,6180600
2021-04-07,137.12,137.33,136.25,136.74001,10244500
2021-04-08,136.89999,137.63,136.59,137.25999,6190300
2021-04-09,136.50999,137.27,135.56,136.37,5855400
2021-04-12,136.5,137.039993,135.71001,136.92,6440900
2021-04-13,136.020004,136.39,134.84,135.11,9161200
2021-04-14,135.52,135.78999,134.58,135.60001,7584000
2021-04-15,135.97,137.75999,135.87,137.24001,7945300
2021-04-16,137.61,137.89999,136.88,137.25,7708500
2021-04-19,136.94,137.080002,135.39,136.61,9149400
2021-04-20,134.84,138.59,133.53,137.75,10040500
2021-04-21,137.89,138.57001,136.60001,136.85001,8465900
2021-04-22,135.37,135.78999,134.059998,134.63,7338300
2021-04-23,134.92999,135.080002,133.25,133.94,6708300
2021-04-26,133.49001,133.75999,131.17,131.25999,9910600
2021-04-27,131.24001,131.89,130.28999,131.17999,8296800
2021-04-28,131.71001,131.85001,130.88,131.39999,6262800
2021-04-29,131.31,132.99001,131.31,132.50999,6786800
2021-04-30,132.75,133.67,132.25999,133.42,9188600
2021-05-03,134.029999,135.67999,134.029999,135.0,8070300
2021-05-04,134.98,135.83,134.21001,134.53999,9624000
2021-05-05,134.37,134.97,133.37,133.46001,8295900
2021-05-06,134.0099945,135.37,133.92,135.14,9771100
2021-05-07,135.080002,136.029999,134.75999,135.14999,6299100
2021-05-10,135.89,138.42,135.69,137.67,8852700
2021-05-11,138.49001,138.78999,136.47,136.99001,10973700
2021-05-12,136.49001,137.0,135.49001,135.53999,8853700
2021-05-13,135.89,138.53,135.39,137.72,8753600
2021-05-14,137.67,139.10001,137.67,138.0099945,5989500
2021-05-17,137.97,139.070007,137.61,137.73,7690700
2021-05-18,136.46001,137.83,136.14999,136.32001,9239100
2021-05-19,136.059998,136.83,135.59,136.60001,9806800
2021-05-20,136.78999,138.71001,136.72,138.0,8768200
2021-05-21,138.2,138.94,137.78,138.0,10161000
2021-05-24,138.0,138.8,137.73,137.96001,6981300
2021-05-25,138.050003,138.48,136.75,138.42999,8142400
2021-05-26,138.78999,138.86,137.87,138.12,8122900
2021-05-27,138.12,138.28,134.66,134.98,33095700
2021-05-28,135.14999,136.13,134.64,134.85001,10477100
2021-06-01,135.78999,136.0,132.48,132.88,9993900
2021-06-02,133.0,133.63,132.52,133.46001,8254100
2021-06-03,133.23,135.91,133.2,135.85001,11249800
2021-06-04,135.7,136.62,135.39999,135.95,6894400
2021-06-07,136.36,136.84,135.67999,136.42,8418000
2021-06-08,136.67999,136.75,134.75,134.84,6911500
2021-06-09,135.55,136.44,134.74001,134.78999,6200700
2021-06-10,135.020004,136.35001,134.62,135.78999,6515500
2021-06-11,135.75,135.87,133.89999,134.86,10641400
2021-06-14,134.98,135.029999,133.96001,134.91,6302000
2021-06-15,135.2,135.64,134.55,134.64999,5543400
2021-06-16,135.17999,135.58,132.64999,132.78,8936400
2021-06-17,132.82001,134.16,132.64999,133.99001,7875600
2021-06-18,133.34,133.35001,131.94,132.029999,13997600
2021-06-21,132.69,133.25999,132.39999,133.070007,8014800
2021-06-22,133.039993,134.020004,132.88,133.12,6550900
2021-06-23,132.95,133.36,132.32001,132.92999,5796000
2021-06-24,132.95,133.31,132.7,133.020004,6056700
2021-06-25,133.25999,135.53999,132.95,134.92,24504900
2021-06-28,134.89999,136.16,134.75999,135.32001,6065400
2021-06-29,135.50999,135.83,133.82001,134.39999,5792300
2021-06-30,134.58,135.28999,134.28999,134.92999,5776600
2021-07-01,135.42999,136.14,134.92,135.24001,5922300
2021-07-02,135.60001,136.64,135.42,135.89999,5572000
2021-07-06,135.52,136.3,135.36,135.98,6534400
2021-07-07,136.029999,137.59,136.029999,137.0,5532700
2021-07-08,136.99001,137.39999,135.89,136.98,7585200
2021-07-09,137.24001,137.64999,136.84,137.029999,5948700
2021-07-12,136.89999,137.47,136.42999,137.14,6807300
2021-07-13,136.39,137.57001,136.39,136.97,5603800
2021-07-14,137.0099945,138.23,136.37,137.98,5903600
2021-07-15,138.0099945,139.25999,137.7,139.16,7357100
2021-07-16,139.3,140.78,139.11,140.50999,9346300
2021-07-19,140.32001,141.87,138.81,140.44,9544100
2021-07-20,140.44,141.98,139.64,139.69,8136300
2021-07-21,139.95,140.2,138.99001,139.2,6954700
2021-07-22,137.28999,138.33,136.71001,137.8,6013800
2021-07-23,137.48,139.98,137.080002,139.78999,7906000
2021-07-26,139.62,140.82001,139.22,140.28,5925800
2021-07-27,140.14999,141.62,140.0,140.85001,7075400
2021-07-28,140.67,140.67,138.71001,138.75999,8520000
2021-07-29,139.75999,140.17999,138.73,139.48,5430500
2021-07-30,142.0,144.53999,141.55,142.23,14394300
2021-08-02,141.77,142.42999,140.8,141.88,7009500
2021-08-03,141.86,144.21001,141.52,143.95,8455700
2021-08-04,143.039993,144.089996,142.35001,142.42999,6628000
2021-08-05,143.35001,143.55,141.47,142.5,5363300
2021-08-06,143.029999,143.12,141.22,141.41,6030100
2021-08-09,141.95,142.59,141.7,142.17999,4743800
2021-08-10,141.91,142.50999,141.66,142.27,5253500
2021-08-11,142.74001,143.24001,142.47,142.62,4205000
2021-08-12,143.14999,143.14999,142.35001,142.95,4956100
2021-08-13,142.95,143.99001,142.69,143.64,4888800
2021-08-16,143.67,144.69,143.38,144.64,6040800
2021-08-17,144.39999,145.60001,143.89,144.88,7577000
2021-08-18,144.7,144.88,143.17999,143.3,7162000
2021-08-19,143.16,145.28,143.16,144.99001,5787200
2021-08-20,145.25,145.98,144.78,145.089996,5273800
2021-08-23,144.28999,145.34,144.23,144.35001,4522200
2021-08-24,144.0099945,144.14999,142.98,143.17999,4560400
2021-08-25,143.070007,143.13,142.25,142.67,3861500
2021-08-26,142.56,142.71001,141.47,142.42,4749400
2021-08-27,142.48,142.77,141.64,142.31,4741200
2021-08-30,142.60001,142.99001,142.050003,142.92999,3845800
2021-08-31,143.039993,143.53,142.050003,142.39,9642400
2021-09-01,142.33,144.19,142.23,143.84,6214200
2021-09-02,143.97,144.73,143.58,143.95,5392500
2021-09-03,143.75999,144.37,143.52,144.050003,5466400
2021-09-07,144.32001,144.5,143.28999,143.50999,6520600
2021-09-08,143.080002,144.94,143.0099945,144.60001,6897800
2021-09-09,144.57001,144.88,143.64999,143.99001,6354700
2021-09-10,144.059998,144.46001,143.32001,144.13,5750000
2021-09-13,144.85001,147.23,144.85001,145.67999,9952500
2021-09-14,146.13,146.36,144.95,145.42999,5831800
2021-09-15,145.35001,145.77,144.74001,145.12,6237100
2021-09-16,144.84,145.19,142.82001,144.11,6142100
2021-09-17,144.37,146.28,144.23,144.34,18737400
2021-09-20,144.22,144.85001,141.97,142.89,10238700
2021-09-21,142.98,144.53,142.88,143.11,6651300
2021-09-22,143.82001,144.35001,142.86,143.60001,6332500
2021-09-23,144.059998,144.69,143.49001,144.19,5171200
2021-09-24,143.8,144.45,143.089996,143.55,5009400
2021-09-27,143.14999,143.17,141.52,141.66,5749700
2021-09-28,141.050003,141.37,139.56,140.59,7015300
2021-09-29,140.27,142.67999,140.17999,142.020004,5460000
2021-09-30,142.64,142.74001,139.53,139.8,6934900
2021-10-01,139.92999,140.23,138.32001,139.58,5587200
2021-10-04,139.39,140.39999,137.60001,138.78999,5816000
2021-10-05,138.8,140.52,138.72,139.33,6902700
2021-10-06,138.99001,141.25999,138.62,141.19,5332900
2021-10-07,141.75,143.029999,141.75,142.32001,5334600
2021-10-08,142.28999,142.62,141.039993,141.73,6131800
2021-10-11,142.37,142.77,141.77,142.32001,5995600
2021-10-12,142.60001,143.039993,141.7,142.11,6734800
2021-10-13,142.39999,142.75999,141.029999,142.44,5689800
2021-10-14,142.83,144.31,142.81,144.050003,6777800
2021-10-15,144.52,144.87,143.67999,144.42,6923700
2021-10-18,143.55,143.7,142.10001,142.34,9119000
2021-10-19,139.080002,140.82001,138.8,140.66,9555300
2021-10-20,140.14999,141.96001,139.85001,141.21001,7352700
2021-10-21,140.86,141.16,139.17999,139.33,6545500
2021-10-22,139.39,141.0099945,139.32001,140.83,5265000
2021-10-25,140.41,140.92,139.050003,140.85001,5382100
2021-10-26,141.62,143.17999,141.24001,142.85001,6234900
2021-10-27,143.14,143.67999,141.69,141.83,9643500
2021-10-28,141.89,142.88,141.71001,142.67999,4538500
2021-10-29,142.16,143.48,142.020004,142.99001,6239500
2021-11-01,143.36,143.8,142.49001,142.64,5038900
2021-11-02,142.72,144.58,142.28,144.059998,9954300
2021-11-03,144.13,145.11,143.52,145.050003,7620100
2021-11-04,142.84,145.39,142.34,145.32001,6402500
2021-11-05,145.44,146.37,144.8,146.039993,6062700
2021-11-08,145.5,146.10001,144.020004,144.95,5854400
2021-11-09,145.029999,145.83,144.58,145.39,4873100
2021-11-10,145.74001,147.31,145.59,146.82001,7334900
2021-11-11,146.86,146.97,146.21001,146.39999,4096300
2021-11-12,146.74001,147.080002,145.98,146.56,5687400
2021-11-15,147.029999,147.75,146.47,147.39999,5510200
2021-11-16,147.39,148.59,147.0099945,147.19,7603900
2021-11-17,146.97,147.78,146.42,147.10001,4900200
2021-11-18,147.039993,148.080002,146.50999,147.12,5509300
2021-11-19,147.95,148.23,146.78999,146.82001,6274300
2021-11-22,146.97,148.94,146.83,147.8,6625400
2021-11-23,147.83,149.5,147.67,149.44,7912800
2021-11-24,148.77,148.88,147.67999,148.66,5665200
2021-11-26,148.58,149.72,147.31,147.47,6299800
2021-11-29,147.78999,149.66,146.78999,149.020004,7113300
2021-11-30,147.81,148.53999,144.12,144.58,11696400
2021-12-01,144.85001,147.87,144.85001,146.39999,8313500
2021-12-02,147.0099945,148.46001,146.94,147.25999,9468800
2021-12-03,148.020004,150.0,147.66,149.88,11200800
2021-12-06,150.19,152.39,150.19,152.14999,11935100
2021-12-07,151.95,152.58,151.27,151.75,7913400
2021-12-08,151.67,152.66,150.28,152.42999,8329300
2021-12-09,152.31,154.19,151.60001,153.32001,8334300
2021-12-10,153.85001,155.8,153.42999,155.46001,7172300
2021-12-13,155.3,158.33,154.91,157.67,8944000
2021-12-14,157.89999,158.63,156.66,158.25,8677500
2021-12-15,157.64,159.64,157.64,158.86,9152600
2021-12-16,158.73,161.32001,158.42,161.11,10852900
2021-12-17,160.66,161.72,157.31,157.46001,24349400
2021-12-20,156.60001,158.46001,156.57001,157.86,9202600
2021-12-21,157.64999,158.14999,156.78999,157.75999,6946000
2021-12-22,157.77,159.58,157.27,159.32001,6626300
2021-12-23,159.5,160.92,159.44,160.10001,5640900
2021-12-27,160.67,161.99001,160.61,161.97,4548600
2021-12-28,161.96001,163.38,161.94,162.84,5929400
2021-12-29,163.21001,164.98,163.080002,164.19,5346100
2021-12-30,164.39999,164.59,162.61,162.77,5911500
2021-12-31,162.86,163.73,162.46001,163.58,5327000
2022-01-03,161.69,162.94,159.88,162.89999,9317300
2022-01-04,162.28999,164.39,162.17999,163.47,9253800
2022-01-05,163.44,165.32001,163.39999,164.21001,9330200
2022-01-06,164.34,165.2,162.61,162.83,7556000
2022-01-07,163.13,163.53,161.95,162.74001,6098500
2022-01-10,162.50999,163.12,160.17,160.52,8055000
2022-01-11,160.22,160.22,156.91,158.66,11957900
2022-01-12,158.25999,159.36,157.83,159.0099945,7127500
2022-01-13,159.31,159.45,157.78,158.28999,6551000
2022-01-14,158.070007,160.49001,157.56,159.81,10708000
2022-01-18,158.53,158.53,156.039993,156.73,10988400
2022-01-19,157.61,164.19,156.97,162.0,14088300
2022-01-20,160.12,164.33,160.12,162.0,10799100
2022-01-21,163.0,165.35001,162.10001,162.62,10900400
2022-01-24,163.42999,164.12,158.72,161.3,14838100
2022-01-25,160.45,161.3,157.89,159.53999,9369600
2022-01-26,157.34,159.57001,156.38,158.14999,10707100
2022-01-27,158.73,161.35001,158.58,159.13,9083000
2022-01-28,158.61,160.95,157.32001,160.5,9494200
2022-01-31,159.35001,160.64999,158.87,160.45,8950100
2022-02-01,160.78999,161.3,157.73,159.74001,6284100
2022-02-02,160.14,162.84,159.47,162.60001,7558800
2022-02-03,161.98,164.98,161.62,164.14,10474500
2022-02-04,163.13,164.49001,161.41,161.53,8959900
2022-02-07,161.87,162.25999,159.67,160.32001,6430500
2022-02-08,161.12,161.27,159.64999,159.96001,5048700
2022-02-09,160.36,160.64,159.27,159.60001,8077400
2022-02-10,159.089996,159.5,156.64999,157.17,7033000
2022-02-11,158.0099945,158.58,155.58,156.28999,9341400
2022-02-14,156.14,157.059998,153.36,156.74001,9472200
2022-02-15,157.77,159.32001,156.11,156.82001,6659200
2022-02-16,156.83,158.78,156.27,158.0099945,9315700
2022-02-17,158.38,160.38,157.35001,159.82001,7925500
2022-02-18,159.5,161.059998,158.82001,159.89999,8063200
2022-02-22,160.11,160.88,156.66,157.92999,8179500
2022-02-23,158.3,158.60001,155.60001,155.96001,6273000
2022-02-24,155.64,155.98,150.56,151.75999,13145100
2022-02-25,152.33,158.94,152.25,158.24001,8888800
2022-02-28,156.28999,157.19,153.82001,155.89,8669200
2022-03-01,154.31,155.39999,152.34,153.31,8311900
2022-03-02,152.96001,155.080002,152.60001,153.78999,6111300
2022-03-03,153.77,155.86,153.77,154.36,7451200
2022-03-04,153.12,155.35001,152.55,155.14,8639100
2022-03-07,154.49001,154.52,151.14,152.84,8374500
2022-03-08,152.17999,152.95,146.58,146.78999,9517200
2022-03-09,148.83,150.47,147.81,148.77,7044100
2022-03-10,147.8,148.28,143.94,144.94,9221000
2022-03-11,145.39999,146.16,143.029999,143.22,7086100
2022-03-14,144.45,146.039993,143.35001,145.050003,7964600
2022-03-15,147.0099945,150.53999,146.89,150.27,9868400
2022-03-16,150.63,151.78999,148.039993,149.75999,6908900
2022-03-17,149.99001,150.47,148.5,150.23,6003800
2022-03-18,150.87,150.87,148.24001,150.14999,15570300
2022-03-21,150.44,151.42,149.24001,150.72,6937500
2022-03-22,153.42999,153.60001,150.52,151.88,7292100
2022-03-23,152.2,153.0099945,150.69,150.82001,5531900
2022-03-24,150.89,151.56,150.16,151.080002,4203100
2022-03-25,151.63,153.92,151.50999,152.83,5047700
2022-03-28,153.64,153.89999,152.63,153.88,4234000
2022-03-29,155.37,156.47,154.020004,155.46001,5643400
2022-03-30,152.5,154.42999,151.94,154.39,5779300
2022-03-31,154.10001,154.34,152.39999,152.8,7538600
2022-04-01,153.52,155.46001,152.059998,155.089996,5742600
2022-04-04,153.81,154.35001,151.25999,154.080002,5992000
2022-04-05,153.61,157.37,153.53999,154.62,7653000
2022-04-06,154.42,157.28999,153.94,156.83,8884700
2022-04-07,157.87,159.39,156.97,158.86,6889700
2022-04-08,159.7,160.53,158.92,160.10001,6045400
2022-04-11,159.95,161.21001,158.63,159.49001,6158400
2022-04-12,159.31,160.63,158.7,159.0099945,7221500
2022-04-13,159.080002,160.41,158.71001,159.46001,5247700
2022-04-14,159.98,160.3,158.45,158.57001,7806500
2022-04-18,158.48,158.98,156.53,157.059998,6034500
2022-04-19,156.77,160.029999,156.3,159.41,7897000
2022-04-20,160.5,164.48,160.0,163.64999,10196100
2022-04-21,163.82001,164.89999,162.42999,162.61,9365700
2022-04-22,163.24001,163.52,160.91,161.25,9394600
2022-04-25,161.7,163.28999,159.8,162.55,6986800
2022-04-26,162.67999,163.64,159.75,159.78999,7769500
2022-04-27,160.21001,161.45,159.11,159.36,6754900
2022-04-28,160.53999,163.71001,159.27,163.41,9306800
2022-04-29,162.47,162.95,160.2,160.55,10637000
2022-05-02,161.60001,162.0,156.19,158.38,10351600
2022-05-03,158.22,158.99001,155.0099945,156.21001,10344000
2022-05-04,155.83,157.55,155.14999,157.36,7771000
2022-05-05,156.3,157.28999,153.14,154.46001,8217100
2022-05-06,154.77,156.24001,153.87,156.0,7304800
2022-05-09,153.96001,156.75999,152.75,155.61,8540800
2022-05-10,155.55,156.62,153.94,154.78999,7447400
2022-05-11,154.029999,155.89999,152.35001,152.61,7692200
2022-05-12,153.52,153.61,149.88,151.99001,9600800
2022-05-13,152.58,153.73,150.42,153.62,5675500
2022-05-16,153.47,155.89999,152.029999,155.12,5971000
2022-05-17,155.13,156.75,153.070007,154.67999,6509100
2022-05-18,154.67,154.75999,144.53999,145.039993,9670700
2022-05-19,143.41,143.42,140.60001,141.7,9694100
2022-05-20,142.14999,142.45,139.17999,141.78999,7786900
2022-05-23,142.84,145.63,142.080002,145.050003,7134500
2022-05-24,144.89,147.94,144.82001,147.63,7207400
2022-05-25,147.11,147.14,143.5,145.21001,8217800
2022-05-26,146.48,147.38,145.039993,146.48,5702600
2022-05-27,146.97,148.72,146.63,148.72,6028800
2022-05-31,147.28999,148.99001,146.16,147.88,12416700
2022-06-01,148.0,148.12,144.71001,145.64,7036000
2022-06-02,145.97,147.25999,142.63,147.21001,6479800
2022-06-03,146.36,147.21001,145.12,145.89,4720700
2022-06-06,147.37,147.64,144.59,145.32001,4751100
2022-06-07,143.67,147.17999,143.42999,146.94,4918600
2022-06-08,146.3,146.42999,144.99001,145.11,4369600
2022-06-09,145.41,146.89,142.34,142.49001,4625700
2022-06-10,140.89,143.14999,139.45,141.95,6630800
2022-06-13,139.5,140.49001,137.63,138.14999,8549500
2022-06-14,137.50999,137.58,132.53999,133.84,9980200
2022-06-15,134.44,134.89999,129.5,132.50999,12178100
2022-06-16,131.029999,135.070007,130.60001,133.32001,9683300
2022-06-17,132.56,134.25999,131.42999,132.36,17113300
2022-06-21,134.62,137.0,133.42999,136.37,9017000
2022-06-22,135.67999,139.69,135.67,138.5,8374500
2022-06-23,139.050003,142.48,138.89999,142.3,6418300
2022-06-24,144.2,145.24001,143.12,144.35001,19440600
2022-06-27,144.12,144.75999,142.71001,143.25,5618500
2022-06-28,143.53999,144.089996,140.58,140.92,6077300
2022-06-29,141.60001,142.86,141.14999,142.2,5174600
2022-06-30,141.69,144.44,141.23,143.78999,7410100
2022-07-01,144.24001,146.25,143.39999,146.11,5937200
2022-07-05,144.58,146.10001,142.53999,144.7,5760900
2022-07-06,145.50999,147.49001,144.97,146.050003,5485200
2022-07-07,145.28999,146.19,144.60001,146.0,6623400
2022-07-08,145.99001,146.81,144.57001,145.020004,4294200
2022-07-11,145.14999,146.58,144.67999,146.039993,5482900
2022-07-12,145.86,146.92,144.37,144.75,5204400
2022-07-13,144.41,146.96001,144.21001,145.7,5075600
2022-07-14,143.75999,145.53,143.47,145.27,4867000
2022-07-15,145.34,145.7,144.10001,145.070007,6264600
2022-07-18,144.94,145.089996,143.17,143.31,6047500
2022-07-19,144.57001,145.0099945,143.64,144.039993,5943600
2022-07-20,144.0,144.22,140.64,141.55,8635300
2022-07-21,140.60001,141.36,138.95,140.77,8310200
2022-07-22,140.75999,143.17,140.67,143.020004,5292700
2022-07-25,142.8,144.42,142.53,143.99001,5262100
2022-07-26,142.69,144.49001,141.71001,144.27,5375700
2022-07-27,143.88,146.21001,143.53,145.64,5500000
2022-07-28,146.14,148.61,145.080002,148.059998,7115700
2022-07-29,141.42999,142.5,138.23,138.91,18694700
2022-08-01,138.34,143.94,138.27,142.89999,12590000
2022-08-02,143.11,143.72,141.77,141.95,7495000
2022-08-03,141.66,145.27,140.91,144.88,6811000
2022-08-04,144.85001,146.46001,144.0099945,144.64999,6124700
2022-08-05,143.75,144.84,142.77,144.72,4580300
2022-08-08,145.029999,146.47,144.73,145.27,4486800
2022-08-09,145.57001,145.94,144.49001,144.92999,3977300
2022-08-10,145.89,146.5,145.39,146.3,4641300
2022-08-11,146.81,147.28999,144.92999,145.25999,5954300
2022-08-12,145.91,146.73,144.96001,146.67,5038700
2022-08-15,146.87,148.77,146.75,148.56,6008000
2022-08-16,148.36,150.60001,148.36,149.92999,7093000
2022-08-17,149.10001,149.75,148.88,149.24001,4834600
2022-08-18,148.87,149.99001,148.52,149.77,3829000
2022-08-19,149.21001,150.63,148.72,149.73,6502500
2022-08-22,148.98,150.13,148.84,149.33,6380700
2022-08-23,148.42999,148.44,145.83,146.45,5268200
2022-08-24,146.61,147.25999,145.12,145.82001,5903200
2022-08-25,145.23,145.78,144.49001,145.7,5097600
2022-08-26,146.0,146.53,142.020004,142.28999,6086600
2022-08-29,141.3,142.69,141.020004,141.69,5272100
2022-08-30,142.41,142.41,139.91,140.17999,5203700
2022-08-31,140.39999,140.88,137.86,137.94,8406900
2022-09-01,137.83,139.75999,136.75999,139.64,7446500
2022-09-02,140.42,141.14999,136.55,137.16,7077800
2022-09-06,135.88,137.94,135.28999,135.63,8217200
2022-09-07,136.029999,137.75999,136.020004,137.67999,6609400
2022-09-08,137.0099945,138.49001,136.059998,137.86,7380500
2022-09-09,137.95,141.089996,137.3,139.96001,6434300
2022-09-12,139.41,141.8,139.11,141.10001,5818700
2022-09-13,140.78,141.42999,137.86,138.17999,6350200
2022-09-14,138.66,139.66,137.67,138.50999,6137800
2022-09-15,138.78,138.89,136.64,137.44,5320700
2022-09-16,137.44,139.059998,137.11,138.28,9321500
2022-09-19,138.2,138.46001,137.23,137.99001,6056000
2022-09-20,137.41,137.97,136.53,137.5,5589800
2022-09-21,138.080002,138.2,135.71001,135.73,6413900
2022-09-22,135.74001,137.070007,135.24001,136.21001,5061600
2022-09-23,135.67999,136.5,133.95,135.58,6523600
2022-09-26,135.58,136.82001,134.99001,135.71001,7396400
2022-09-27,135.96001,136.94,131.71001,131.98,7722200
2022-09-28,133.020004,133.020004,131.19,131.98,10455100
2022-09-29,131.87,131.87,128.25999,128.7,7128500
2022-09-30,129.0,129.039993,126.21,126.25,9431900
2022-10-03,127.25,129.10001,126.68,128.50999,8477700
2022-10-04,129.10001,130.87,128.7,130.10001,7211600
2022-10-05,129.2,130.089996,128.089996,129.2,5071100
2022-10-06,128.89,129.059998,126.35,126.48,5530800
2022-10-07,126.5,126.58,123.76,124.27,6095400
2022-10-10,123.37,124.25,122.18,123.76,6923300
2022-10-11,123.69,125.7,123.6,124.23,5516200
2022-10-12,124.84,125.81,124.41,124.43,6823500
2022-10-13,123.51,126.75,122.92,126.31,6910500
2022-10-14,126.75,127.019997,124.77,125.080002,5516800
2022-10-17,126.010002,128.28,125.86,127.34,6664600
2022-10-18,129.33,130.070007,127.66,128.37,7114200
2022-10-19,131.64,133.0,129.50999,129.56,9993700
2022-10-20,128.62,129.77,126.68,126.99,8168000
2022-10-21,126.54,128.95,126.48,128.58,6394600
2022-10-24,129.49001,130.44,128.35001,129.37,6946000
2022-10-25,129.60001,131.17999,128.47,130.86,6776000
2022-10-26,130.64999,132.57001,130.39999,131.78,6612800
2022-10-27,132.0,133.12,131.5,131.88,6676700
2022-10-28,133.17,135.50999,132.92,135.22,6996400
2022-10-31,135.2,135.67,134.25999,134.67,8346300
2022-11-01,134.7,136.28,133.84,134.88,6428300
2022-11-02,134.72,136.53999,132.81,132.94,7318100
2022-11-03,131.73,132.64,130.96001,132.029999,5204000
2022-11-04,133.32001,135.0,132.52,134.44,5555400
2022-11-07,135.35001,137.19,135.059998,136.5,6746800
2022-11-08,136.82001,137.52,135.8,136.81,5266200
2022-11-09,136.87,137.97,136.34,136.48,5690700
2022-11-10,139.46001,141.63,138.2,141.17999,8068700
2022-11-11,141.2,141.63,139.11,140.97,7175200
2022-11-14,140.50999,143.56,140.25999,140.98,8516200
2022-11-15,142.089996,143.2,139.7,140.49001,7732400
2022-11-16,141.5,142.91,140.98,141.74001,6193700
2022-11-17,141.11,141.69,139.86,140.87,5186300
2022-11-18,141.92,142.75999,141.27,142.57001,5671400
2022-11-21,143.059998,145.19,142.83,144.38,6377200
2022-11-22,145.42999,145.78999,144.84,145.62,5372900
2022-11-23,145.89999,146.63,145.57001,146.45,4296000
2022-11-25,146.78999,147.2,146.39999,146.72,2411100
2022-11-28,146.39,147.34,146.14,146.60001,6628200
2022-11-29,145.75,146.059998,144.53,145.48,5634200
2022-11-30,145.64999,149.16,145.13,149.16,12396800
2022-12-01,149.53,150.36,148.57001,149.25,6927400
2022-12-02,148.47,150.77,148.080002,150.61,4938300
2022-12-05,148.71001,149.67,148.27,149.089996,5402500
2022-12-06,149.72,150.080002,148.28,149.28,6866700
2022-12-07,149.0099945,150.42999,149.0099945,150.24001,6175500
2022-12-08,149.46001,151.38,149.0099945,151.32001,5187100
2022-12-09,150.7,151.95,150.22,150.92,5868200
2022-12-12,151.22,152.56,151.039993,152.47,6142400
2022-12-13,153.41,154.23,150.78999,152.24001,7680600
2022-12-14,152.78999,154.44,152.17,152.84,7385600
2022-12-15,151.72,152.0,149.74001,151.11,7117200
2022-12-16,150.36,151.070007,149.020004,150.44,19966400
2022-12-19,150.22,151.38,149.24001,150.39999,5881800
2022-12-20,149.32001,150.89999,149.27,150.46001,5646100
2022-12-21,150.75,152.63,150.72,151.84,5024700
2022-12-22,151.13,152.41,150.88,152.19,5904900
2022-12-23,152.31,152.92,151.67,152.62,3401800
2022-12-27,152.7,154.32001,152.66,153.95,4215100
2022-12-28,154.28,154.64999,151.89999,151.96001,4197500
2022-12-29,152.81,153.24001,152.14,152.59,3809100
2022-12-30,152.42999,152.67999,150.44,151.56,4532000
2023-01-03,150.95,151.71001,149.12,151.57001,6447300
2023-01-04,151.99001,153.39,151.23,152.23,7313400
2023-01-05,152.21001,152.48,150.13,150.34,5373800
2023-01-06,151.85001,154.46001,151.75,153.92,7882200
2023-01-09,153.44,154.8,152.0,152.039993,5727000
2023-01-10,152.10001,152.7,150.94,151.89,4716400
2023-01-11,152.32001,152.56,149.35001,150.66,8691300
2023-01-12,151.7,151.73,149.52,149.81,7801600
2023-01-13,149.61,151.050003,149.42,150.88,5535800
2023-01-17,150.78999,152.13,150.39999,150.44,9611800
2023-01-18,149.66,149.92999,146.039993,146.41,10461200
2023-01-19,143.31,146.22,142.24001,142.42,12683700
2023-01-20,142.32001,143.14999,140.14999,142.97,8603300
2023-01-23,143.36,143.7,140.69,141.050003,7473100
2023-01-24,140.69,142.38,139.81,141.82001,6822500
2023-01-25,140.39,141.75,138.73,141.72,6902600
2023-01-26,141.73,141.74001,140.74001,141.14999,5398600
2023-01-27,141.070007,141.36,139.28999,140.57001,6870800
2023-01-30,140.96001,142.12,140.28,141.0099945,6369300
2023-01-31,141.23,142.47,140.75999,142.38,9373400
2023-02-01,142.080002,144.10001,141.35001,143.19,7207900
2023-02-02,142.17,142.71001,141.21001,142.17,6444300
2023-02-03,142.78,143.38,141.17,142.61,5993100
2023-02-06,142.0099945,142.64,141.0099945,141.39999,6108100
2023-02-07,139.97,140.78999,138.78,140.020004,6278300
2023-02-08,139.059998,139.53999,138.41,138.57001,7123800
2023-02-09,138.88,139.33,137.0,137.050003,6547400
2023-02-10,136.95,138.3,135.83,138.25999,8108900
2023-02-13,138.94,140.45,138.74001,140.070007,5081600
2023-02-14,140.14,140.24001,138.62,139.28,5253500
2023-02-15,139.11,139.32001,138.070007,138.96001,5530300
2023-02-16,137.39,138.2,136.55,137.14,7595700
2023-02-17,136.59,140.039993,136.59,140.0099945,8034700
2023-02-21,138.87,140.89,138.87,139.91,6899500
2023-02-22,139.98,141.58,139.88,140.5,6126300
2023-02-23,140.23,141.14,139.10001,140.050003,5835400
2023-02-24,138.92999,139.42999,138.080002,139.25999,5260700
2023-02-27,139.61,140.47,138.53,139.14,5820900
2023-02-28,138.45,138.59,137.28,137.56,6709900
2023-03-01,138.050003,138.33,136.50999,137.66,7101800
2023-03-02,138.0,140.42999,137.78,139.92999,5924600
2023-03-03,141.19,141.24001,139.97,140.95,5259400
2023-03-06,140.73,141.14,139.94,140.35001,4943100
2023-03-07,140.42999,140.62,137.34,137.56,5606800
2023-03-08,137.2,137.69,136.60001,137.58,5518800
2023-03-09,138.14999,138.56,136.10001,136.57001,4467200
2023-03-10,136.95,137.99001,136.35001,137.19,5928000
2023-03-13,137.039993,141.32001,137.039993,138.14,8337100
2023-03-14,138.28999,140.11,137.39999,139.85001,9219700
2023-03-15,138.81,142.14999,138.81,141.83,8823500
2023-03-16,141.94,143.12,141.61,142.89,7063400
2023-03-17,142.5,143.39,141.53,142.92999,16018800
2023-03-20,143.5,145.39999,143.23,145.13,8379200
2023-03-21,144.91,145.23,142.84,144.080002,7753200
2023-03-22,144.039993,145.75,143.83,143.99001,5729100
2023-03-23,144.24001,145.12,143.19,143.78999,5788400
2023-03-24,144.3,146.75999,144.3,146.72,6144800
2023-03-27,146.89,147.42,145.87,145.95,5917200
2023-03-28,146.55,146.82001,145.8,146.36,4213800
2023-03-29,147.080002,147.28999,146.25999,146.81,4987700
2023-03-30,146.92,147.53999,146.3,147.45,4117700
2023-03-31,147.74001,148.69,147.57001,148.69,7685900
2023-04-03,148.42999,150.070007,147.089996,149.50999,5721700
2023-04-04,150.080002,151.71001,150.080002,150.23,6714300
2023-04-05,151.33,152.35001,151.14999,151.25999,6094800
2023-04-06,151.87,152.96001,151.42,152.22,5399700
2023-04-10,151.64999,151.67,149.50999,150.96001,4891800
2023-04-11,151.25999,151.44,150.52,150.66,6311800
2023-04-12,150.31,152.41,149.92999,151.070007,6137900
2023-04-13,150.89999,151.87,149.82001,151.77,5489500
2023-04-14,151.35001,151.59,150.50999,151.0,4478800
2023-04-17,151.17,151.47,150.34,151.050003,4296400
2023-04-18,150.98,151.59,150.10001,151.21001,4158400
2023-04-19,151.17,151.89999,150.71001,151.24001,3837600
2023-04-20,150.37,151.36,150.37,150.85001,5370900
2023-04-21,154.94,158.11,154.5,156.070007,14876900
2023-04-24,155.22,157.25,155.22,156.35001,8109800
2023-04-25,156.50999,157.94,155.78999,156.39,8341800
2023-04-26,155.3,156.0,154.34,154.58,4843700
2023-04-27,155.3,156.61,155.0099945,156.47,4805600
2023-04-28,156.28,157.37,155.75999,156.38,5754000
2023-05-01,156.029999,157.39999,155.8,156.57001,3844600
2023-05-02,156.59,156.92999,155.67,156.42999,5262900
2023-05-03,156.64,157.57001,155.42999,156.23,5775000
2023-05-04,156.10001,156.60001,155.089996,155.50999,4892600
2023-05-05,155.39999,156.31,154.69,156.029999,3988200
2023-05-08,155.35001,155.73,154.87,155.3,4950700
2023-05-09,155.85001,155.98,153.58,153.71001,4472100
2023-05-10,153.45,154.32001,152.44,154.029999,4754900
2023-05-11,154.81,154.89,153.39,154.39,3495300
2023-05-12,154.7,156.050003,154.39,155.96001,5252200
2023-05-15,156.61,156.75,154.64,156.0099945,5414900
2023-05-16,155.87,156.92,154.92999,155.74001,5591500
2023-05-17,156.25999,156.56,153.89999,155.080002,4286900
2023-05-18,153.31,153.64999,151.60001,152.53,6997600
2023-05-19,152.47,153.32001,151.84,153.17,4752700
2023-05-22,152.5,152.60001,148.83,149.16,7876200
2023-05-23,148.78999,148.88,147.070007,147.55,6116000
2023-05-24,147.59,148.2,146.089996,146.33,5755400
2023-05-25,145.49001,146.21001,144.35001,145.39,6510300
2023-05-26,145.33,146.0099945,144.73,145.39999,4716400
2023-05-30,143.86,144.039993,142.35001,143.17999,5561000
2023-05-31,143.16,143.98,141.89999,142.5,19854800
2023-06-01,143.25,144.12,142.45,143.96001,6091100
2023-06-02,144.50999,146.67999,144.39,146.52,6123500
2023-06-05,146.050003,147.85001,145.73,145.94,4753700
2023-06-06,146.070007,146.31,143.55,144.49001,4635900
2023-06-07,144.0099945,145.12,143.47,144.8,6194400
2023-06-08,145.34,146.64999,144.92,146.44,4863700
2023-06-09,145.67999,146.78,144.73,146.56,5569500
2023-06-12,147.0,147.0099945,144.55,145.41,5354000
2023-06-13,144.50999,145.67999,144.28,145.059998,5321200
2023-06-14,145.31,146.89,144.83,146.42,5693300
2023-06-15,147.17,148.97,146.53999,148.45,5863000
2023-06-16,148.92,150.089996,148.89999,149.53999,11243900
2023-06-20,149.75,150.28,148.11,148.16,5340700
2023-06-21,148.25999,149.60001,147.87,149.44,4649700
2023-06-22,150.35001,151.10001,149.48,149.95,6666800
2023-06-23,150.25,150.53,147.96001,148.46001,13843300
2023-06-26,148.10001,148.97,146.72,148.61,4353100
2023-06-27,148.44,150.17,148.39,150.020004,5445400
2023-06-28,149.33,150.3,147.96001,149.99001,6733300
2023-06-29,148.48,149.7,147.10001,149.38,7343000
2023-06-30,149.83,152.070007,149.78999,151.74001,7055600
2023-07-03,151.48,152.53,150.47,152.5,3996100
2023-07-05,151.63,152.46001,151.44,152.24001,8279800
2023-07-06,151.2,152.19,150.75999,151.99001,7958300
2023-07-07,151.71001,151.92,148.75,148.8,9163500
2023-07-10,148.94,150.32001,148.74001,148.86,5529200
2023-07-11,148.73,149.050003,146.96001,148.080002,5150300
2023-07-12,148.029999,149.39999,147.64,148.85001,6764600
2023-07-13,149.0,149.52,148.2,148.95,5561400
2023-07-14,149.27,150.63,148.73,150.050003,6128500
2023-07-17,149.64999,150.16,148.97,148.99001,4625300
2023-07-18,148.64,150.48,148.38,149.27,5355200
2023-07-19,149.55,150.82001,148.86,150.28999,6203600
2023-07-20,149.55,150.75,148.14,150.56,6445400
2023-07-21,151.14999,153.67,150.7,152.92999,9938100
2023-07-24,152.84,153.95,152.3,153.42,5549500
2023-07-25,153.48,153.86,152.45,153.78,5883800
2023-07-26,153.12,154.84,152.89,153.94,7013800
2023-07-27,154.16,154.60001,151.92,152.11,7191600
2023-07-28,154.66,157.48,154.60001,156.41,9397300
2023-07-31,156.39999,157.67999,155.059998,156.3,7955200
2023-08-01,155.88,157.17,155.87,156.25,5718800
2023-08-02,155.97,157.73,155.97,156.59,5636000
2023-08-03,156.75999,157.7,156.21001,157.0,5792700
2023-08-04,157.42999,157.73,155.14999,155.28,4782800
2023-08-07,155.67,157.14999,155.49001,156.92,4107400
2023-08-08,157.28,157.63,156.53,157.089996,4625500
2023-08-09,157.31,158.089996,156.77,156.89,4293200
2023-08-10,157.17,158.38,155.8,156.11,4307800
2023-08-11,156.42999,157.46001,155.78999,157.020004,3861200
2023-08-14,157.13,157.53,155.5,155.78999,4297600
2023-08-15,155.78999,155.97,154.46001,154.78999,6921100
2023-08-16,154.75999,155.73,152.87,153.21001,6356800
2023-08-17,153.21001,153.56,151.78999,152.11,6419500
2023-08-18,151.62,152.89,151.17,152.53999,5448200
2023-08-21,152.089996,152.78,151.25999,151.77,4504700
2023-08-22,151.42,152.14999,150.92999,151.83,4196000
2023-08-23,152.47,153.48,152.47,153.25,4522500
2023-08-24,152.55,154.67999,152.48,152.53999,4088900
2023-08-25,153.39999,154.080002,152.46001,153.53999,3541500
2023-08-28,153.71001,154.37,153.050003,153.78,3614700
2023-08-29,153.95,154.039993,152.029999,153.87,4034600
2023-08-30,154.10001,154.87,153.71001,154.039993,3712200
2023-08-31,154.12,155.16,153.83,154.34,5451400
2023-09-01,154.89999,155.28,153.56,154.50999,4126300
2023-09-05,153.8,154.85001,152.39999,152.44,5097000
2023-09-06,152.28999,152.45,151.53999,152.14,3877400
2023-09-07,152.49001,154.19,152.37,153.59,4824800
2023-09-08,153.42,153.46001,152.35001,152.92999,3384700
2023-09-11,153.33,155.10001,153.080002,154.75,4288500
2023-09-12,154.99001,155.14999,151.57001,152.029999,4537800
2023-09-13,151.98,153.59,151.66,153.089996,4040600
2023-09-14,153.85001,154.92,153.37,154.77,4606800
2023-09-15,154.029999,155.32001,153.23,153.47,10255600
2023-09-18,154.45,154.48,153.50999,154.050003,3536500
2023-09-19,153.75,154.059998,151.74001,153.60001,4704200
2023-09-20,153.77,154.78,153.36,153.47,5446400
2023-09-21,153.45,153.71001,152.070007,152.14,5096400
2023-09-22,152.44,153.34,151.38,151.58,6327000
2023-09-25,151.17999,151.28,150.020004,150.66,5527000
2023-09-26,149.98,150.36,148.78999,149.32001,6366500
2023-09-27,149.42,149.7,146.63,147.34,5403700
2023-09-28,147.82001,147.98,145.67999,146.34,6237100
2023-09-29,146.53999,146.77,144.82001,145.86,6675100
2023-10-02,144.78,145.60001,143.89999,145.19,5153800
2023-10-03,145.17,146.49001,145.0099945,145.49001,4670600
2023-10-04,145.59,146.31,144.92999,145.97,4727800
2023-10-05,145.67999,146.089996,143.69,143.8,5205700
2023-10-06,143.60001,144.56,141.45,144.089996,7406300
2023-10-09,143.36,143.97,141.60001,143.36,5062200
2023-10-10,143.98,145.22,143.72,144.78,5988900
2023-10-11,145.14,145.56,142.56,143.0,5469100
2023-10-12,142.78999,143.92999,141.66,143.32001,5965600
2023-10-13,143.19,145.029999,143.19,144.69,7078900
2023-10-16,145.86,147.059998,145.46001,146.070007,6509800
2023-10-17,146.11,146.82001,145.24001,146.25999,6160100
2023-10-18,150.059998,151.3,148.77,150.029999,10508500
2023-10-19,149.61,150.28,147.17999,148.25,8146000
2023-10-20,149.050003,149.88,147.92,148.050003,7283900
2023-10-23,147.86,149.5,147.56,148.14999,5981800
2023-10-24,148.12,150.070007,148.070007,149.89999,6322000
2023-10-25,149.64,151.19,149.12,150.60001,6172900
2023-10-26,151.050003,151.38,149.74001,149.8,7582100
2023-10-27,148.98,149.95,146.28,147.16,8131800
2023-10-30,147.89999,149.55,147.53999,149.25999,5412800
2023-10-31,149.46001,150.25999,148.64,150.029999,6762100
2023-11-01,150.67999,150.67999,149.21001,149.61,5896900
2023-11-02,149.53999,151.64999,148.91,151.44,5859200
2023-11-03,151.78999,152.28999,149.62,150.070007,6587700
2023-11-06,150.36,151.25,150.10001,150.94,6480800
2023-11-07,150.92,151.25,150.12,150.59,6003800
2023-11-08,150.96001,151.2,149.50999,150.0099945,4832600
2023-11-09,149.74001,150.35001,149.12,150.35001,6581500
2023-11-10,150.84,151.44,149.92,151.41,5387200
2023-11-13,151.45,152.89999,151.45,152.46001,6297500
2023-11-14,152.55,153.5,151.67999,152.12,7982600
2023-11-15,152.059998,152.39,150.38,151.42,7672600
2023-11-16,151.99001,152.89,151.31,152.83,7590500
2023-11-17,152.72,152.84,150.89,151.070007,8495600
2023-11-20,150.21001,151.029999,149.66,150.27,6856500
2023-11-21,149.85001,150.0099945,148.83,149.61,7310400
2023-11-22,150.10001,151.48,150.10001,151.020004,4372700
2023-11-24,151.17999,151.74001,151.029999,151.38,2132500
2023-11-27,151.52,151.64,150.74001,151.24001,6021300
2023-11-28,151.14999,152.77,151.14999,152.28999,6110400
2023-11-29,152.28999,152.45,150.99001,151.13,5342700
2023-11-30,150.89999,153.63,150.080002,153.52,9771300
2023-12-01,153.33,153.49001,152.23,152.66,5684600
2023-12-04,151.77,152.53,151.66,152.059998,6578300
2023-12-05,152.14,152.61,146.17999,146.75999,11895800
2023-12-06,147.0099945,147.16,145.64,146.64999,7610000
2023-12-07,146.57001,147.10001,146.020004,146.5,6119600
2023-12-08,145.92,146.24001,144.52,145.14999,6384000
2023-12-11,144.8,145.87,144.64999,145.82001,8471200
2023-12-12,145.86,146.23,145.080002,145.94,6069200
2023-12-13,145.86,148.64999,145.45,148.58,9055500
2023-12-14,148.46001,148.55,144.38,144.66,10565200
2023-12-15,143.17999,144.25,142.5,143.96001,14549700
2023-12-18,144.17,147.49001,144.14999,146.17,8421800
2023-12-19,145.67,146.34,145.39,146.17,5233600
2023-12-20,145.57001,146.070007,143.84,143.91,7663800
2023-12-21,144.52,144.78999,143.13,144.25999,6104700
2023-12-22,144.5,145.63,144.28999,145.28,4412800
2023-12-26,145.089996,146.17,144.97,145.94,3634900
2023-12-27,145.64999,146.31,145.36,146.059998,4569400
2023-12-28,146.0,146.0099945,145.039993,145.73,5023000
2023-12-29,146.0,146.96001,145.73,146.53999,5300900
2024-01-02,146.36,149.41,146.31,148.74001,7238400
2024-01-03,148.34,149.2,147.17999,147.84,7697500
2024-01-04,148.050003,149.27,147.77,148.64999,7067400
2024-01-05,148.72,148.87,146.55,147.42,5294200
2024-01-08,147.91,148.92,147.64999,148.69,8255300
2024-01-09,148.57001,149.39999,148.050003,149.3,9786800
2024-01-10,149.35001,150.0,149.25999,149.94,8591100
2024-01-11,150.050003,150.8,149.28999,150.50999,6659400
2024-01-12,150.95,151.3,149.89,150.60001,5684700
2024-01-16,150.14999,151.5,148.88,149.78999,8120100
2024-01-17,149.16,150.60001,149.0099945,149.94,6541400
2024-01-18,148.23,148.39999,146.92,148.14,6526200
2024-01-19,148.25,148.62,147.31,147.57001,7738600
2024-01-22,146.97,148.21001,146.28,147.86,11084100
2024-01-23,153.11,156.39999,152.89,153.98,19101600
2024-01-24,153.92999,154.23,152.089996,152.12,11592700
2024-01-25,152.39999,155.66,152.059998,155.62,10352500
2024-01-26,155.81,156.16,155.34,156.14,8356600
2024-01-29,156.67999,157.33,155.39999,156.16,8987400
2024-01-30,156.34,157.92,155.82001,157.49001,7794700
2024-01-31,157.99001,158.5,156.7,157.14,8870000
2024-02-01,156.77,159.3,156.62,159.17999,7601100
2024-02-02,158.97,159.60001,157.53,158.089996,7937700
2024-02-05,158.17,159.0,157.56,158.21001,6931900
2024-02-06,158.31,159.070007,157.87,158.96001,6185400
2024-02-07,159.10001,159.83,158.74001,159.12,7209300
2024-02-08,158.8,159.10001,157.77,158.64,6121600
2024-02-09,158.25999,158.34,156.96001,157.42,5978000
2024-02-12,157.36,157.61,155.49001,157.11,5482000
2024-02-13,157.75,158.97,155.48,156.27,6046800
2024-02-14,156.16,156.16,154.91,155.63,5727300
2024-02-15,156.3,157.42,156.14999,157.0099945,6249200
2024-02-16,157.039993,158.45,156.67,157.50999,6617600
2024-02-20,158.7,159.78999,158.13,158.50999,6622100
2024-02-21,159.19,160.39999,159.19,160.39999,7121000
2024-02-22,159.46001,161.089996,158.63,160.56,6619500
2024-02-23,160.60001,161.74001,160.16,161.029999,5486500
2024-02-26,161.029999,161.17,160.070007,160.22,4531900
2024-02-27,159.41,159.8,158.96001,159.3,3868200
2024-02-28,159.070007,160.12,158.64,160.050003,3802900
2024-02-29,159.92999,160.11,158.17999,158.94,8348100
2024-03-01,158.050003,159.029999,157.61,158.85001,4819800
2024-03-04,157.74001,159.75999,157.67,159.56,3841600
2024-03-05,159.46001,159.99001,158.78,159.32001,4481600
2024-03-06,159.67999,159.99001,158.91,159.57001,5405700
2024-03-07,159.95,160.91,159.47,160.62,4783900
2024-03-08,159.85001,161.25,158.28999,160.35001,5080200
2024-03-11,161.34,162.62,160.82001,161.55,5170900
2024-03-12,161.82001,162.52,161.23,161.92999,4229100
2024-03-13,162.38,162.73,161.33,162.3,5410500
2024-03-14,162.24001,162.62,161.13,161.5,5848100
2024-03-15,160.7,161.5,160.3,161.38,10956900
2024-03-18,161.48,162.72,161.0,161.21001,6086300
2024-03-19,161.8,162.17,161.17,161.83,6148100
2024-03-20,162.0099945,162.39999,161.47,161.99001,4870300
2024-03-21,162.089996,162.46001,161.12,161.86,5211500
2024-03-22,162.2,162.41,161.47,161.66,6393200
2024-03-25,161.17,161.66,159.73,160.19,7145600
2024-03-26,160.36,161.14,160.14,160.55,5842700
2024-03-27,161.36,162.74001,161.34,162.61,6599700
2024-03-28,162.82001,163.14,161.7,162.25,7191500
2024-04-01,161.78,162.070007,159.8,160.58,5971900
2024-04-02,159.64,160.71001,159.64,160.57001,6771200
2024-04-03,160.63,160.88,155.67999,156.14999,9601800
2024-04-04,156.88,157.080002,155.41,155.45,6801700
2024-04-05,155.28999,157.059998,154.69,156.10001,5120800
2024-04-08,155.97,156.7,155.63,156.039993,5476800
2024-04-09,156.27,156.75,155.7,156.66,4613800
2024-04-10,155.64999,157.58,155.64999,157.24001,7784900
2024-04-11,157.55,157.60001,155.77,155.84,8209800
2024-04-12,155.22,155.97,154.74001,155.33,6770500
2024-04-15,156.42,156.82001,155.33,155.45,5754000
2024-04-16,155.85001,156.94,155.67,155.95,6103300
2024-04-17,156.3,157.12,155.74001,156.96001,6621900
2024-04-18,156.34,157.63,155.96001,157.28999,7819300
2024-04-19,154.98,158.17999,153.52,158.14,12028400
2024-04-22,158.42999,161.28999,157.25,160.53999,8926300
2024-04-23,161.67999,162.10001,160.42,161.5,7707300
2024-04-24,161.2,162.86,159.42,162.60001,7217600
2024-04-25,162.97,164.32001,162.080002,162.55,7094600
2024-04-26,162.5,163.32001,160.49001,161.28999,5659800
2024-04-29,161.17,161.78999,160.41,161.66,4621000
2024-04-30,161.84,163.35001,161.60001,163.2,8106100
2024-05-01,163.28,164.24001,162.22,163.39999,7543000
2024-05-02,163.53999,164.49001,162.64,163.84,5647500
2024-05-03,163.53999,164.71001,162.16,164.46001,5581500
2024-05-06,164.78,164.98,163.25999,164.44,5472400
2024-05-07,164.98,166.039993,164.59,165.75999,6433000
2024-05-08,165.98,166.37,164.92999,165.070007,4579400
2024-05-09,165.050003,166.33,165.050003,166.039993,4671100
2024-05-10,166.089996,167.36,165.7,166.85001,4879400
2024-05-13,166.85001,167.64999,165.36,165.87,5725500
2024-05-14,165.53,166.070007,163.95,165.75999,6009800
2024-05-15,165.31,166.67999,165.12,166.50999,5102700
2024-05-16,166.92999,168.34,166.59,167.86,6793600
2024-05-17,167.67,168.0,166.88,167.64,4700800
2024-05-20,167.55,167.88,166.78999,167.31,3804600
2024-05-21,167.75999,168.53999,167.28999,168.35001,5147100
2024-05-22,168.0099945,168.42999,167.63,167.81,4536700
2024-05-23,167.28999,168.11,165.32001,165.49001,4729800
2024-05-24,165.85001,166.31,165.14999,165.33,3818300
2024-05-28,164.49001,164.75999,162.25999,163.11,6466200
2024-05-29,162.64999,162.74001,161.42,161.64999,4360400
2024-05-30,161.64999,162.7,161.48,162.58,4756500
2024-05-31,162.44,164.77,161.97,164.53999,10341400
2024-06-03,163.92999,166.24001,163.63,164.64999,5828400
2024-06-04,164.78999,167.12,164.39999,167.0099945,6277000
2024-06-05,167.0099945,167.0099945,164.98,166.050003,5243300
2024-06-06,165.83,168.58,165.080002,168.47,6302000
2024-06-07,168.39999,168.97,166.84,167.059998,4558200
2024-06-10,166.78,167.72,166.080002,167.35001,4110600
2024-06-11,166.97,167.5,166.020004,167.48,3947700
2024-06-12,167.5,167.64,164.22,165.17999,5474500
2024-06-13,164.47,167.0,164.47,166.41,4902200
2024-06-14,165.99001,166.92999,165.25,166.78999,3695000
2024-06-17,165.85001,168.71001,165.39999,167.5,6759400
2024-06-18,167.029999,168.64999,166.94,168.56,5112600
2024-06-20,168.37,168.78,166.86,167.67,8483600
2024-06-21,167.48,168.88,167.17999,168.25999,14682000
2024-06-24,168.75999,169.41,167.48,168.45,7565200
2024-06-25,168.63,168.91,165.89999,166.85001,8324000
2024-06-26,166.050003,167.81,165.66,167.45,5164000
2024-06-27,167.49001,168.10001,165.5,166.62,5007000
2024-06-28,166.0,167.24001,164.58,164.92,9253100
2024-07-01,165.59,166.21001,162.2,162.72,7638600
2024-07-02,162.58,164.039993,161.71001,163.89999,5449200
2024-07-03,163.21001,164.21001,162.98,163.83,2980500
2024-07-05,164.0099945,165.63,163.5,165.21001,6509200
2024-07-08,165.95,166.67,165.62,166.52,5144500
2024-07-09,166.63,166.75999,165.14,165.66,4393100
2024-07-10,165.89999,166.92,165.53999,166.8,5037100
2024-07-11,166.3,166.63,164.78,165.53999,5831500
2024-07-12,166.22,167.64,166.020004,166.61,4684600
2024-07-15,166.47,166.62,164.46001,164.58,5752500
2024-07-16,164.91,167.070007,164.61,166.95,6378300
2024-07-17,167.75,170.17,167.33,169.44,7982300
2024-07-18,168.8,170.92,168.28,168.44,5926300
2024-07-19,167.97,169.039993,167.13,167.96001,6597100
2024-07-22,167.92999,168.7,167.7,168.25,6383000
2024-07-23,168.11,168.42,166.32001,166.62,4863400
2024-07-24,166.32001,168.28,165.58,168.0,5907000
2024-07-25,168.32001,170.089996,166.87,166.89999,7338300
2024-07-26,167.25,169.32001,167.029999,169.11,5581600
2024-07-29,168.85001,170.53999,168.11,169.92999,6797800
2024-07-30,161.78999,162.38,158.039993,161.7,15746300
2024-07-31,160.81,162.86,159.21001,160.75999,9660900
2024-08-01,160.88,166.31,160.67999,165.69,12532700
2024-08-02,167.44,170.35001,165.14999,170.080002,11899000
2024-08-05,170.88,170.88,166.67,168.059998,10338800
2024-08-06,167.89999,170.33,167.85001,168.089996,7454900
2024-08-07,168.57001,171.72,168.0099945,170.020004,8385500
2024-08-08,169.42,171.56,169.0,170.87,6386900
2024-08-09,170.12,171.25999,169.64999,170.53999,5377300
2024-08-12,169.39999,169.64999,166.2,166.81,7208100
2024-08-13,167.34,167.8,166.46001,167.28999,3770000
2024-08-14,166.5,169.47,165.82001,168.8,5476600
2024-08-15,169.46001,169.67999,166.75,167.92,9491400
2024-08-16,167.82001,168.35001,166.8,167.89,5640800
2024-08-19,168.17999,169.24001,168.17,168.42,3885300
2024-08-20,168.77,170.56,168.11,170.41,4513600
2024-08-21,170.19,171.89,169.60001,170.16,4082000
2024-08-22,170.88,171.24001,169.14,170.14999,4097300
2024-08-23,170.050003,170.11,168.25,169.17,4771300
2024-08-26,168.7,170.97,168.7,170.35001,6472400
2024-08-27,170.83,171.10001,169.080002,169.25,4456400
2024-08-28,169.42,171.2,168.58,169.059998,5644800
2024-08-29,169.75,170.60001,168.94,170.029999,4413200
2024-08-30,170.16,171.88,169.69,171.53999,7301600
2024-09-03,171.029999,175.0,170.99001,174.52,10101400
2024-09-04,173.63,176.0,173.63,175.89999,7517500
2024-09-05,175.99001,176.55,174.67,175.47,6061900
2024-09-06,175.75999,177.039993,175.34,175.59,5785700
2024-09-09,175.53999,176.84,174.66,176.059998,6450200
2024-09-10,175.91,177.94,175.91,177.78999,6396300
2024-09-11,176.60001,177.0,173.63,173.92,6828200
2024-09-12,173.89999,174.61,172.44,173.47,4839800
2024-09-13,173.37,174.53999,172.8,174.080002,3918000
2024-09-16,174.71001,177.31,174.32001,177.24001,6892300
2024-09-17,176.63,176.97,175.36,175.88,4757100
2024-09-18,175.050003,175.89999,172.57001,173.92,5102900
2024-09-19,172.88,173.16,170.38,171.53999,8692000
2024-09-20,171.50999,174.53999,171.5,174.22,28647500
2024-09-23,174.0099945,175.19,172.59,173.77,10265000
2024-09-24,172.88,174.5,172.62,173.24001,5422400
2024-09-25,174.070007,174.67999,172.059998,172.25999,8916500
2024-09-26,171.5,174.61,171.36,173.21001,4957200
2024-09-27,173.0099945,174.45,172.58,173.55,4599500
2024-09-30,173.73,174.0,172.71001,173.2,6296600
2024-10-01,173.24001,174.0,172.2,173.039993,7130600
2024-10-02,172.0099945,172.45,171.080002,171.92,6212700
2024-10-03,171.37,171.37,169.77,170.12,4794300
2024-10-04,168.85001,170.089996,168.25999,168.88,6002800
2024-10-07,169.16,169.58,166.87,167.12,6325300
2024-10-08,166.85001,168.59,166.27,168.16,7473000
2024-10-09,168.38,169.81,168.0,169.27,8758800
2024-10-10,168.8,169.78999,168.37,168.95,6932300
2024-10-11,169.46001,171.41,168.97,171.089996,7036500
2024-10-14,171.020004,172.84,170.74001,172.50999,5909000
2024-10-15,172.89,174.91,172.82001,173.57001,7172200
2024-10-16,171.88,172.59,170.89,172.38,6117000
2024-10-17,172.17999,173.67999,171.75999,172.28,7045600
2024-10-18,170.3,172.21001,168.46001,171.28,8372500
2024-10-21,170.98,171.48,168.45,169.53999,5522500
2024-10-22,168.57001,170.73,168.57001,169.7,7511400
2024-10-23,169.55,170.17,168.73,169.58,4837800
2024-10-24,169.42,169.96001,168.92999,169.62,5861200
2024-10-25,168.92,169.39999,168.039993,168.22,4877900
2024-10-28,169.28,169.66,168.38,169.3,5753800
2024-10-29,168.86,168.86,166.83,167.17,5681000
2024-10-30,167.089996,167.32001,165.96001,166.16,5518100
2024-10-31,165.75999,167.039993,165.089996,165.17999,6056500
2024-11-01,165.31,166.35001,164.99001,165.10001,5454800
2024-11-04,165.72,166.27,164.58,165.080002,5130200
2024-11-05,164.33,166.32001,164.33,165.75999,4397400
2024-11-06,165.61,166.039993,159.81,161.050003,11473700
2024-11-07,161.96001,163.95,161.48,163.41,9056700
2024-11-08,164.020004,167.75,163.92999,167.71001,7506200
2024-11-11,167.0,168.52,165.78,166.029999,6364400
2024-11-12,166.14,167.059998,165.57001,165.84,6507500
2024-11-13,166.059998,166.8,165.67999,166.58,5412300
2024-11-14,166.71001,168.039993,166.50999,167.080002,7444300
2024-11-15,167.94,170.57001,166.88,169.53999,9939400
2024-11-18,169.11,171.45,168.83,170.75,6681000
2024-11-19,170.69,171.17,169.66,170.75999,5683700
2024-11-20,170.0099945,171.070007,169.50999,170.89,7081100
2024-11-21,171.66,173.50999,170.22,172.75,6240400
2024-11-22,174.14999,177.39999,173.88,176.28,10609800
2024-11-25,177.48,178.82001,176.89999,177.39,19357000
2024-11-26,177.2,179.46001,177.2,179.31,6276700
2024-11-27,180.0,180.42999,178.73,179.36,5522900
2024-11-29,178.7,179.63,178.28,179.25999,3823700
2024-12-02,179.12,180.16,178.0099945,179.7,5728200
2024-12-03,178.77,179.62,175.2,175.42,8127300
2024-12-04,174.17,175.14999,173.46001,175.11,6823500
2024-12-05,174.86,176.46001,174.45,176.029999,5022200
2024-12-06,175.37,176.74001,173.75,173.82001,5741200
2024-12-09,173.64,173.75999,170.42999,170.78999,7164300
2024-12-10,170.42,172.92999,169.92999,172.28,6219900
2024-12-11,173.0099945,173.39,170.39999,170.63,5237500
2024-12-12,171.42999,171.82001,170.020004,170.85001,4072800
2024-12-13,170.77,171.78999,170.12,171.059998,3884500
2024-12-16,171.45,172.78,171.10001,171.14,5943600
2024-12-17,170.67,171.95,170.020004,170.33,6069200
2024-12-18,169.75999,170.56,169.020004,169.080002,7517100
2024-12-19,169.0099945,170.10001,167.35001,169.19,8585200
2024-12-20,168.87,169.87,167.5,168.059998,21999300
2024-12-23,168.059998,168.67999,166.36,168.11,6983900
2024-12-24,167.62,169.17999,167.42,168.94,2460800
2024-12-26,168.31,170.3,168.070007,170.16,3629400
2024-12-27,169.42,170.75999,169.25999,169.53,4367900
2024-12-30,168.67,168.98,166.71001,167.089996,4354500
2024-12-31,167.36,168.080002,166.59,167.64999,3957600
2025-01-02,168.089996,168.71001,165.91,165.98,5401700
2025-01-03,166.25,166.5,164.25,165.13,5256600
2025-01-06,162.81,163.5,160.44,160.60001,8731700
2025-01-07,161.46001,162.61,160.74001,161.3,8447400
2025-01-08,160.99001,162.39999,160.57001,162.10001,4974800
2025-01-10,160.14999,161.21001,157.47,158.56,8501500
2025-01-13,159.35001,160.089996,158.41,158.84,6772200
2025-01-14,158.85001,160.070007,158.31,159.74001,5982200
2025-01-15,160.59,161.14999,159.34,159.64999,8059200
2025-01-16,159.62,160.58,159.14,160.5,5774400
2025-01-17,159.74001,161.75,159.60001,161.13,7262700
2025-01-21,160.96001,162.35001,160.96001,161.72,13914700
2025-01-22,167.10001,168.14,164.44,164.74001,14356700
2025-01-23,163.88,166.48,163.32001,166.14999,7614300
2025-01-24,165.91,165.91,163.2,164.12,6199800
2025-01-27,166.72,169.94,166.11,169.66,9170800
2025-01-28,168.91,169.59,166.11,166.19,6716300
2025-01-29,166.72,167.28999,165.88,166.23,4850300
2025-01-30,167.48,167.60001,165.92999,167.41,4136500
2025-01-31,166.0,166.62,165.21001,165.99001,5464700
2025-02-03,165.47,169.38,165.23,168.75999,8668600
2025-02-04,169.28999,169.28999,166.28,168.13,6410900
2025-02-05,168.089996,169.14,166.61,169.0099945,7536800
2025-02-06,169.37,169.92999,168.029999,168.88,4957900
2025-02-07,169.089996,169.12,167.87,167.97,4535600
2025-02-10,167.69,168.48,166.39999,167.53,7062900
2025-02-11,167.69,169.57001,166.5,169.42999,5438100
2025-02-12,168.35001,170.080002,167.97,169.58,6037400
2025-02-13,169.63,171.38,169.14,171.020004,6328300
2025-02-14,169.78999,170.0,162.3,162.89,13179500
2025-02-18,163.35001,165.75999,162.2,165.42999,7075300
2025-02-19,166.10001,166.87,165.24001,166.49001,7910700
2025-02-20,163.14999,167.78,162.8,167.21001,6162600
2025-02-21,167.44,170.55,165.92,170.23,9813700
2025-02-24,170.22,172.98,169.78999,170.53999,8564100
2025-02-25,171.28,173.95,170.8,172.64999,7314900
2025-02-26,172.28,172.64999,170.64999,171.3,5519000
2025-02-27,170.85001,173.089996,170.63,171.97,5467000
2025-02-28,173.58,174.64999,171.85001,173.84,10240100
2025-03-03,173.58,176.28999,173.50999,175.59,7615300
2025-03-04,176.75,179.99001,172.91,173.17999,12117600
2025-03-05,173.38,175.87,173.020004,174.61,6989100
2025-03-06,174.89,175.84,172.84,174.66,6702500
2025-03-07,174.089996,178.89,174.050003,175.95,9566700
2025-03-10,176.75999,179.99001,175.83,176.25999,11047000
2025-03-11,175.83,175.99001,172.32001,173.12,11032300
2025-03-12,169.7,171.83,167.77,168.37,10158800
2025-03-13,167.7,169.28999,167.28,168.59,6609000
2025-03-14,167.78999,168.59,166.62,167.97,6790500
2025-03-17,168.37,171.089996,168.13,169.75999,9931700
2025-03-18,170.070007,170.25999,167.58,167.71001,6099900
2025-03-19,167.87,168.75,167.11,168.57001,7569200
2025-03-20,168.89,169.21001,166.029999,167.55,8789200
2025-03-21,167.14,168.14,164.12,166.69,16027300
2025-03-24,166.42999,166.87,165.36,165.64999,6102100
2025-03-25,165.3,165.37,162.2,162.85001,8366700
2025-03-26,163.35001,166.82001,162.99001,166.58,7756000
2025-03-27,167.87,169.029999,166.62,168.71001,6211700
2025-03-28,169.38,169.71001,167.62,168.029999,5479100
2025-03-31,168.10001,171.14,168.10001,170.42,11520100
2025-04-01,170.57001,171.050003,169.059998,170.56,7021100
2025-04-02,170.070007,170.88,168.31,169.5,6274500
2025-04-03,174.23,174.8,170.73,172.39,9393300
2025-04-04,171.77,173.60001,163.47,163.75,13454200
2025-04-07,163.66,164.7,159.19,160.23,15708000
2025-04-08,162.31,163.28,156.71001,158.39,11541100
2025-04-09,157.36,164.67999,156.69,162.32001,10670200
2025-04-10,162.89999,165.070007,160.75,163.56,10581600
2025-04-11,163.37,168.020004,162.62,166.91,8602800
2025-04-14,167.039993,170.11,165.78,169.13,9877300
2025-04-15,169.14,170.16,168.28,168.47,8765000
2025-04-16,169.28999,169.67999,165.78999,166.39,5897500
2025-04-17,167.53,171.64999,167.35001,170.63,7208000
2025-04-21,169.89,169.95,164.28,165.75,8062400
2025-04-22,165.86,168.77,164.53999,167.88,7907400
2025-04-23,166.39999,166.61,163.11,165.73,9309200
2025-04-24,160.5,160.96001,156.58,159.53,20077700
2025-04-25,159.88,161.8,157.77,161.020004,12892800
2025-04-28,161.039993,162.56,160.39,161.85001,8127000
2025-04-29,161.28999,162.39,159.2,162.25999,8266200
2025-04-30,162.45,163.16,159.95,162.57001,12475500
2025-05-01,160.66,161.35001,159.050003,159.98,6792800
2025-05-02,160.92999,161.81,159.89999,160.52,5750200
2025-05-05,160.89,160.91,158.020004,158.83,7576200
2025-05-06,158.039993,159.71001,157.64999,159.25,7703800
2025-05-07,159.020004,160.050003,158.53999,159.28999,6430000
2025-05-08,158.38,160.0,158.0099945,158.64999,7230800
2025-05-09,158.020004,159.13,157.41,157.66,6453200
2025-05-12,157.42999,161.050003,156.69,160.89999,7378400
2025-05-13,160.020004,160.72,157.36,158.73,7780800
2025-05-14,158.12,159.16,157.57001,158.020004,5988900
2025-05-15,159.59,162.91,158.7,162.41,8727300
2025-05-16,162.64999,163.42999,161.85001,163.28,7100800
2025-05-19,163.47,165.14999,163.41,164.77,8119900
2025-05-20,164.61,166.0,164.60001,165.64,5576600
2025-05-21,164.82001,166.37,164.62,165.42999,6424200
2025-05-22,164.44,166.2,164.020004,165.029999,6245600
2025-05-23,164.83,166.22,163.48,165.86,5349800
2025-05-27,165.27,167.98,165.27,167.75999,11423800
2025-05-28,167.64999,168.84,167.059998,167.36,5385900
2025-05-29,166.74001,168.99001,166.44,168.56,4842500
2025-05-30,168.75,170.99001,168.60001,169.89,12587500
2025-06-02,169.020004,169.039993,166.23,167.78,7574400
2025-06-03,166.78,167.41,165.89999,166.85001,6223000
2025-06-04,166.69,168.050003,165.92,165.95,4939000
2025-06-05,165.42999,165.44,162.50999,162.8,10351800
2025-06-06,163.28999,165.24001,163.28,164.020004,5697700
2025-06-09,163.39,164.020004,162.070007,162.56,6544200
2025-06-10,162.69,163.50999,161.92,162.84,7680000
2025-06-11,162.63,162.77,161.69,162.11,5960100
2025-06-12,161.97,163.31,161.67999,163.17999,6509900
2025-06-13,162.75999,163.029999,159.91,160.28,7104500
2025-06-16,160.88,161.95,160.0099945,160.88,6332000
2025-06-17,160.059998,160.37,158.31,158.52,6809700
2025-06-18,158.55,158.64999,157.66,158.020004,7211200
2025-06-20,158.029999,159.34,157.85001,159.080002,16173400
2025-06-23,159.070007,161.19,159.0,161.029999,6588200
2025-06-24,161.17999,161.74001,159.64999,160.36,7470100
2025-06-25,159.82001,160.34,158.71001,158.97,5933700
2025-06-26,159.55,159.56,157.17,158.63,7410400
2025-06-27,158.67999,160.13,158.28999,159.86,19257000
2025-06-30,159.25999,159.89999,158.13,159.32001,11238200
2025-07-01,159.88,162.53,159.38,161.22,10664900
2025-07-02,161.14,161.35001,159.86,161.2,8848700
2025-07-03,161.78999,162.020004,159.78999,160.83,6999600
2025-07-07,160.89,161.17999,159.28999,160.5,7225700
2025-07-08,159.52,159.78,157.44,157.89,12034800
2025-07-09,158.10001,158.2,155.95,157.52,18770900
2025-07-10,157.75999,159.61,157.039993,158.49001,7200500
2025-07-11,158.050003,158.050003,156.44,157.050003,8053800
2025-07-14,155.58,155.8,152.86,153.75999,11491700
2025-07-15,153.56,154.050003,151.89999,152.67999,9142600
2025-07-16,152.74001,153.75999,152.27,153.73,8479000
2025-07-17,154.039993,155.75,153.88,155.62,8320000
2025-07-18,153.78,155.57001,153.63,155.10001,7337300
2025-07-21,155.070007,155.94,154.89,155.029999,6328400
2025-07-22,154.92,158.37,154.89999,158.32001,8187000
2025-07-23,158.22,158.88,157.67999,158.28,4804800
2025-07-24,158.87,159.020004,158.050003,158.81,7027400
2025-07-25,157.34,158.44,157.020004,158.3,5799900
2025-07-28,157.63,158.089996,156.23,157.11,7885000
2025-07-29,158.64999,158.64999,154.84,156.61,11466100
2025-07-30,157.0,157.0,152.050003,152.88,8162900
2025-07-31,151.8,152.0,149.91,150.47,11845400
2025-08-01,151.78,153.49001,150.52,150.64999,8594200
2025-08-04,150.25,151.46001,150.020004,150.75999,7679400
2025-08-05,150.71001,152.080002,150.32001,150.50999,6670100
2025-08-06,150.86,153.48,150.21001,152.86,7376200
2025-08-07,153.12,154.0099945,152.7,153.49001,6719000
2025-08-08,152.77,153.78999,152.57001,153.50999,5811000
2025-08-11,153.53999,155.39,153.31,154.98,7331700
2025-08-12,155.059998,155.53999,154.31,155.089996,6938000
2025-08-13,155.21001,157.0099945,154.95,155.41,5812400
2025-08-14,154.64,154.7,153.27,153.74001,6343700
2025-08-15,154.47,155.60001,154.21001,154.36,7121700
2025-08-18,154.42,156.92,154.17,155.72,8274500
2025-08-19,155.73,158.7,155.67,158.39999,7868100
2025-08-20,158.58,161.029999,158.41,159.50999,7840400
2025-08-21,157.92999,159.059998,157.17999,158.73,6417500
2025-08-22,159.38,160.67999,158.31,158.67,5797300
2025-08-25,158.39,158.7,155.89,156.14999,4692500
2025-08-26,155.92,156.7,155.34,155.97,6338000
2025-08-27,156.14999,157.13,155.78999,156.96001,4551200
2025-08-28,157.0,157.0099945,155.029999,155.64999,5857400
2025-08-29,156.089996,157.56,155.64999,157.039993,5318200
2025-09-02,157.36,158.86,156.98,157.99001,6432800
2025-09-03,157.64999,158.64,156.5,158.17,6592500
2025-09-04,158.52,159.75,157.81,159.19,6934900
2025-09-05,158.55,160.56,158.41,160.020004,6436200
2025-09-08,159.61,160.27,158.25,159.0099945,7178400
2025-09-09,158.61,159.87,158.2,159.46001,4984900
2025-09-10,158.60001,158.94,155.89,157.35001,6205500
2025-09-11,157.72,159.35001,157.39,158.63,5819500
2025-09-12,157.92999,159.13,157.78,157.89999,5957000
2025-09-15,157.88,158.52,156.2,156.83,5995000
2025-09-16,157.14,158.39,156.89,158.050003,6559600
2025-09-17,158.42999,161.67,158.42999,160.33,6764200
2025-09-18,158.14999,159.020004,157.16,157.32001,7651500
2025-09-19,157.61,157.62,155.97,156.039993,17224800
2025-09-22,156.080002,156.080002,153.050003,153.070007,8712900
2025-09-23,153.2,153.28999,150.97,152.5,8853400
2025-09-24,152.050003,153.63,151.78999,152.42,6483300
2025-09-25,153.23,153.88,151.78,152.14999,7511400
2025-09-26,152.23,152.67999,151.53,152.5,5721100
2025-09-29,152.42,153.72,151.78999,153.53,8139700
2025-09-30,153.46001,154.38,152.84,153.64999,7762600
2025-10-01,153.7,153.89,151.41,153.17999,7566000
2025-10-02,152.72,152.8,151.63,152.050003,6892100
2025-10-03,152.0,153.42999,152.0,152.27,5212600
2025-10-06,151.5,152.32001,150.39999,150.41,6737000
2025-10-07,150.75999,153.17,150.050003,152.53999,6844400
2025-10-08,152.78999,152.78999,150.63,150.69,5254700
2025-10-09,150.74001,150.87,149.58,150.58,6134500
2025-10-10,150.94,151.50999,149.45,149.69,7374000
2025-10-13,149.0,149.42999,146.97,147.49001,7511100
2025-10-14,147.57001,149.25,147.080002,149.16,8585300
2025-10-15,148.53,149.41,147.27,147.42,10003100
2025-10-16,148.0099945,150.39999,147.92,149.60001,8809700
2025-10-17,150.57001,152.029999,150.42999,151.39999,8612900
2025-10-20,151.59,152.39,151.3,151.96001,5601300
2025-10-21,151.96001,152.28,150.87,151.62,6013400
2025-10-22,151.3,153.46001,150.78999,152.2,6394400
2025-10-23,152.35001,153.3,150.58,152.21001,8205400
2025-10-24,156.39999,157.39999,151.53,152.49001,11968500
2025-10-27,151.61,151.75999,150.13,151.74001,7775300
2025-10-28,151.12,153.17,150.62,151.37,5819300
2025-10-29,150.66,150.97,148.47,148.77,7405500
2025-10-30,149.47,150.8,149.34,149.58,6760700
2025-10-31,148.71001,151.10001,148.53,150.37,7930300
2025-11-03,150.10001,150.22,147.77,148.020004,8946400
2025-11-04,148.60001,149.5,146.25,147.17,9295400
2025-11-05,146.87,147.42,145.64999,145.78999,11199900
2025-11-06,145.88,146.67999,144.46001,146.13,10024500
2025-11-07,146.95,147.94,146.0,146.98,8500100
2025-11-10,146.38,146.62,144.089996,145.5,10208100
2025-11-11,145.96001,148.64999,145.67,148.53999,7332500
2025-11-12,148.53,149.14999,147.50999,148.0099945,7851100
2025-11-13,148.17999,149.0,147.64,147.96001,7566800
2025-11-14,149.10001,149.38,147.61,147.67,9150800
2025-11-17,147.75,147.98,145.0099945,145.82001,9902300
2025-11-18,146.33,147.39,145.50999,146.99001,10735200
2025-11-19,146.96001,147.53999,145.86,146.99001,6367000
2025-11-20,146.64,148.66,146.13,148.19,9021300
2025-11-21,148.38,151.5,148.3,150.92,12018000
2025-11-24,150.10001,150.41,146.53999,146.98,13846900
2025-11-25,147.32001,148.64999,147.22,148.49001,10477700
2025-11-26,147.92,148.97,147.61,148.25,9238500
2025-11-28,147.8,148.71001,147.17999,148.16,4707200
2025-12-01,148.10001,148.89,147.35001,147.44,8240700
2025-12-02,145.28999,146.19,142.50999,145.86,16376800
2025-12-03,145.92,148.28999,145.86,146.71001,9125300
2025-12-04,146.67,147.42,144.5,145.36,10479300
2025-12-05,145.16,145.63,143.25,143.45,12791700
2025-12-08,142.91,142.91,138.14,138.34,17507500
2025-12-09,139.19,140.88,139.0,139.63,10375700
2025-12-10,139.64999,141.28,139.53999,139.82001,13650400
2025-12-11,141.0,141.84,140.36,140.75999,11798000
2025-12-12,141.0,143.11,140.84,142.84,10268800
2025-12-15,143.27,145.32001,143.2,145.13,13877700
2025-12-16,146.10001,146.53999,144.64999,145.21001,10251700
2025-12-17,146.69,148.45,146.45,147.81,9833300
2025-12-18,146.62,147.5,145.35001,145.52,12239900
2025-12-19,145.50999,146.050003,143.94,144.46001,19345600
2025-12-22,143.71001,144.39999,142.42,142.69,11731400
2025-12-23,142.49001,143.73,142.080002,143.17999,9541600
2025-12-24,142.89999,144.74001,142.83,144.49001,3259200
2025-12-26,144.31,145.64,144.31,144.74001,4711500
2025-12-29,144.8,145.070007,143.95,144.57001,7662100
2025-12-30,144.28999,144.46001,143.57001,144.050003,6006400
