DateTime,Open,High,Low,Close,Volume
2015-01-02,74.51,74.87,73.75,74.28,6662700
2015-01-05,73.71,74.5,73.63,73.93,12042800
2015-01-06,73.86,74.61,72.74,72.88,11094000
2015-01-07,73.37,74.47,72.96,73.73,10030700
2015-01-08,74.3,75.3,74.14,74.51,10937200
2015-01-09,74.57,74.87,73.64,74.42,9038900
2015-01-12,74.14,74.38,72.88,73.57,8749300
2015-01-13,73.96,75.050003,72.55,72.97,12584500
2015-01-14,72.46,73.0,71.44,72.22,13203500
2015-01-15,72.26,72.59,71.050003,71.38,10858400
2015-01-16,70.85,71.43,70.12,71.29,12372300
2015-01-20,71.75,73.21,71.18,72.48,12036700
2015-01-21,70.28,72.61,69.95,71.59,17008900
2015-01-22,71.86,72.089996,70.84,71.91,10450100
2015-01-23,72.010002,72.35,71.43,72.18,8142100
2015-01-26,72.17,72.9,71.72,72.61,9203700
2015-01-27,71.9,72.5,70.94,71.77,11398800
2015-01-28,72.5,72.5,70.85,70.99,15722100
2015-01-29,65.51,65.69,62.47,63.69,47115300
2015-01-30,63.040001,64.010002,62.39,62.46,26407800
2015-02-02,62.49,65.93,62.26,65.53,21130600
2015-02-03,65.78,67.040001,65.48,66.96,16354200
2015-02-04,66.59,67.71,66.12,66.96,13089600
2015-02-05,67.17,67.99,66.79,67.95,10650500
2015-02-06,67.81,67.95,66.07,66.35,11779500
2015-02-09,68.16,68.96,66.96,67.11,15651100
2015-02-10,69.089996,70.46,68.83,70.26,36081200
2015-02-11,70.57,70.95,70.0,70.21,13439300
2015-02-12,69.58,70.39,69.56,70.39,12798300
2015-02-13,70.49,70.93,70.27,70.88,8050200
2015-02-17,70.76,70.91,70.46,70.8,8764300
2015-02-18,70.34,70.88,70.11,70.54,8097400
2015-02-19,70.23,71.27,70.21,70.98,9785300
2015-02-20,70.83,71.72,70.59,71.52,8657300
2015-02-23,71.26,71.55,70.36,70.94,8617700
2015-02-24,70.74,71.47,70.37,71.37,10131900
2015-02-25,71.010002,72.23,71.010002,71.68,10578100
2015-02-26,71.87,72.27,71.61,72.010002,9838700
2015-02-27,71.81,72.57,71.2,72.51,10297400
2015-03-02,71.8,72.9,71.61,72.66,8979300
2015-03-03,72.010002,72.49,71.35,71.41,9236400
2015-03-04,71.099998,71.5,70.56,70.85,8476200
2015-03-05,71.2,71.27,70.69,70.93,6955800
2015-03-06,70.56,71.69,70.51,71.51,12022100
2015-03-09,71.64,72.87,71.64,72.71,12754700
2015-03-10,73.87,74.089996,71.86,71.89,29111600
2015-03-11,71.52,71.72,70.24,70.27,21690200
2015-03-12,70.0,70.55,69.2,69.37,16004300
2015-03-13,69.010002,69.64,68.32,68.64,13946800
2015-03-16,69.14,70.029999,68.91,70.0,11643400
2015-03-17,69.44,70.17,69.21,69.82,11540300
2015-03-18,69.6,70.49,69.059998,70.23,10245700
2015-03-19,70.23,70.59,69.78,69.83,6959800
2015-03-20,70.2,70.61,69.79,70.040001,22646600
2015-03-23,69.92,70.58,69.81,70.07,7700600
2015-03-24,69.99,70.23,68.97,68.97,9964700
2015-03-25,68.86,68.87,67.2,67.21,11980500
2015-03-26,66.54,67.45,65.68,67.16,13835900
2015-03-27,67.22,67.93,66.75,67.029999,8560400
2015-03-30,67.74,69.0,67.46,68.88,11404500
2015-03-31,68.16,69.54,68.16,69.34,13035300
2015-04-01,68.47,69.47,68.45,69.43,10455800
2015-04-02,69.52,69.61,67.76,67.97,14206200
2015-04-06,66.19,67.96,66.18,67.76,11906300
2015-04-07,67.72,68.12,67.26,67.32,13948000
2015-04-08,66.94,67.59,66.93,67.26,15783100
2015-04-09,67.42,69.089996,67.31,68.81,14169200
2015-04-10,68.67,69.2,68.47,69.16,10437900
2015-04-13,71.23,71.9,68.64,68.73,28612900
2015-04-14,69.16,69.2,68.6,68.97,12305100
2015-04-15,69.29,69.5,68.19,68.46,11923400
2015-04-16,68.16,68.25,67.73,67.91,10649900
2015-04-17,67.49,67.95,66.96,67.11,14011100
2015-04-20,67.25,68.8,67.19,68.64,12893800
2015-04-21,68.84,68.94,68.38,68.57,7839300
2015-04-22,68.76,69.21,68.25,68.94,13289500
2015-04-23,67.35,68.43,66.96,68.34,18341100
2015-04-24,68.029999,68.32,67.67,68.24,8757800
2015-04-27,68.77,69.68,68.61,69.23,11818400
2015-04-28,69.040001,69.82,69.010002,69.65,8272600
2015-04-29,69.19,69.34,68.0,68.67,7660400
2015-04-30,68.33,68.59,67.61,68.0,8319800
2015-05-01,68.31,68.54,67.96,68.42,7166200
2015-05-04,68.45,69.36,68.22,69.059998,7013800
2015-05-05,68.85,69.0,68.13,68.37,8660600
2015-05-06,68.2,68.85,67.5,67.81,7858200
2015-05-07,67.8,68.45,67.79,68.43,6514000
2015-05-08,68.85,69.41,68.55,69.41,7393300
2015-05-11,69.17,69.35,68.82,69.050003,6379200
2015-05-12,68.7,69.019997,68.099998,68.79,8070400
2015-05-13,69.23,70.5,69.0,69.73,12031200
2015-05-14,69.99,70.66,69.81,70.52,10945700
2015-05-15,70.61,71.089996,70.43,71.059998,9858600
2015-05-18,70.99,71.13,70.25,70.42,5352500
2015-05-19,70.33,70.42,69.47,69.62,7609100
2015-05-20,69.8,69.84,69.22,69.28,8420200
2015-05-21,69.63,70.95,69.029999,70.089996,27529700
2015-05-22,69.57,69.94,69.44,69.51,13177300
2015-05-26,69.53,69.62,68.75,69.36,14768600
2015-05-27,69.4,71.14,69.099998,71.019997,17559100
2015-05-28,70.95,71.32,70.51,70.6,11939000
2015-05-29,70.69,70.9,69.6,69.68,18256900
2015-06-01,69.51,69.9,69.11,69.42,8600500
2015-06-02,69.36,69.66,69.059998,69.35,12071300
2015-06-03,69.8,70.050003,69.45,69.86,6533300
2015-06-04,69.36,69.51,68.76,68.9,9909300
2015-06-05,68.96,68.96,68.22,68.26,8067900
2015-06-08,68.029999,68.2,67.25,67.28,9158400
2015-06-09,67.38,67.47,66.77,66.84,7611700
2015-06-10,66.91,67.69,66.91,67.31,12825900
2015-06-11,67.59,67.81,67.39,67.6,10609800
2015-06-12,67.059998,67.55,66.79,67.029999,6855600
2015-06-15,66.54,66.85,66.059998,66.63,6817500
2015-06-16,66.45,66.63,65.93,66.46,6746800
2015-06-17,66.69,67.080002,66.080002,66.55,9563600
2015-06-18,66.72,67.67,66.67,67.36,10443500
2015-06-19,67.41,67.51,66.64,66.88,13233700
2015-06-22,67.040001,67.63,67.0,67.36,11762800
2015-06-23,67.54,67.62,66.76,66.98,11791100
2015-06-24,67.080002,67.13,65.29,65.35,15282700
2015-06-25,65.51,65.87,65.019997,65.26,9838800
2015-06-26,65.38,65.56,64.6,64.67,34801400
2015-06-29,63.4,64.029999,62.58,62.62,16549700
2015-06-30,62.75,63.15,62.45,62.63,12697400
2015-07-01,63.099998,63.28,62.0099983,62.9,12669900
2015-07-02,63.0099983,63.65,62.99,63.11,11302800
2015-07-06,62.66,63.55,62.65,63.11,10068400
2015-07-07,63.27,63.38,61.48,62.8,13582600
2015-07-08,62.45,62.6,61.7,61.91,13827900
2015-07-09,62.85,63.43,61.85,61.86,12238900
2015-07-10,62.41,63.07,62.33,62.73,12906100
2015-07-13,63.0,63.7,63.0,63.43,11426600
2015-07-14,63.62,64.28,63.45,63.94,10282300
2015-07-15,63.31,64.2,63.3,63.88,8492000
2015-07-16,63.45,64.68,63.38,64.55,10385900
2015-07-17,64.11,64.65,64.010002,64.34,8953500
2015-07-20,64.63,64.63,63.74,63.79,11381000
2015-07-21,64.61,66.050003,64.45,65.14,17818900
2015-07-22,64.5,64.97,64.050003,64.19,22660300
2015-07-23,62.57,62.78,60.83,61.78,37879800
2015-07-24,61.86,62.2,61.31,61.64,18525500
2015-07-27,61.98,62.5,61.51,61.98,14749700
2015-07-28,62.34,63.41,62.22,63.099998,14090200
2015-07-29,63.080002,63.56,62.75,63.17,9779100
2015-07-30,62.99,64.78,62.8,64.41,12697200
2015-07-31,64.66,64.95,64.23,64.39,9611600
2015-08-03,64.35,64.71,64.080002,64.43,9847900
2015-08-04,64.41,64.82,63.22,63.45,12106800
2015-08-05,63.66,64.49,63.5,63.88,9451300
2015-08-06,63.75,64.11,62.65,62.84,12280300
2015-08-07,62.76,63.43,62.6,63.02,17441700
2015-08-10,62.5,63.33,62.5,63.15,17649600
2015-08-11,62.57,63.060001,62.34,62.55,13667000
2015-08-12,62.4,62.67,61.6,62.58,12672100
2015-08-13,62.5,62.6,61.95,62.029999,9402600
2015-08-14,61.79,62.55,61.79,61.91,9202800
2015-08-17,61.5,62.11,61.48,62.07,11549700
2015-08-18,61.57,61.85,61.3,61.32,10632100
2015-08-19,60.89,61.62,60.71,61.18,11577000
2015-08-20,60.85,61.34,60.15,60.15,13173500
2015-08-21,59.69,60.099998,57.56,57.61,19647300
2015-08-24,54.18,57.81,52.59,55.28,29486900
2015-08-25,56.62,56.92,53.74,53.88,21855400
2015-08-26,55.5,56.74,54.85,56.66,22001500
2015-08-27,57.07,57.45,56.17,57.36,18261600
2015-08-28,57.15,57.76,57.029999,57.45,12673300
2015-08-31,56.57,57.26,56.35,56.58,9898800
2015-09-01,55.25,55.91,54.69,55.02,13136600
2015-09-02,55.63,55.88,55.0099983,55.86,11629100
2015-09-03,56.22,56.76,55.47,55.55,10717900
2015-09-04,54.94,55.099998,54.14,54.29,11424700
2015-09-08,55.11,55.35,54.77,55.2,10938500
2015-09-09,55.85,55.89,54.16,54.32,12577200
2015-09-10,54.5,55.81,54.28,55.33,13997100
2015-09-11,55.049999,55.16,54.35,54.66,10793300
2015-09-14,54.75,54.98,54.07,54.31,9720700
2015-09-15,54.82,55.17,54.36,54.87,9265000
2015-09-16,54.81,55.53,54.68,55.2,8091900
2015-09-17,55.19,55.91,54.85,54.98,9698100
2015-09-18,54.25,54.96,54.02,54.45,26572500
2015-09-21,54.63,54.73,54.0,54.39,9289600
2015-09-22,53.78,54.23,53.58,53.94,9946800
2015-09-23,54.15,54.15,53.37,53.56,7243900
2015-09-24,53.18,53.53,52.39,53.27,13502000
2015-09-25,53.95,54.0,52.96,53.22,11661900
2015-09-28,53.049999,53.27,52.52,52.54,11773100
2015-09-29,52.5,52.91,52.17,52.43,9789900
2015-09-30,52.99,53.81,52.9,53.73,12849700
2015-10-01,53.6,53.82,53.0,53.18,9554900
2015-10-02,53.07,55.15,53.0,55.07,13192200
2015-10-05,55.58,56.49,55.57,56.23,9933200
2015-10-06,56.0,56.52,55.42,56.32,10336500
2015-10-07,56.56,57.35,56.040001,56.61,8952300
2015-10-08,56.49,57.68,56.32,57.66,8635200
2015-10-09,57.87,58.12,57.37,57.78,8883000
2015-10-12,57.63,58.080002,57.47,57.79,6913400
2015-10-13,57.19,58.080002,57.02,57.51,7377300
2015-10-14,57.52,59.14,57.51,58.63,12471600
2015-10-15,59.0,59.91,58.66,59.26,9055600
2015-10-16,59.48,60.0,58.91,59.91,8924900
2015-10-19,59.46,59.63,58.61,59.099998,10975200
2015-10-20,58.68,59.21,58.68,59.0,9102200
2015-10-21,59.28,59.77,58.89,58.97,6915400
2015-10-22,59.49,60.64,59.49,60.43,10913600
2015-10-23,60.63,61.19,60.49,60.73,9175600
2015-10-26,60.91,60.91,58.7,59.21,13381000
2015-10-27,58.91,59.35,58.77,59.28,9485900
2015-10-28,59.33,60.3,59.23,60.27,7738300
2015-10-29,59.67,60.23,59.58,60.0,5567700
2015-10-30,60.12,60.2,59.42,59.42,8630300
2015-11-02,59.7,60.76,59.51,60.64,8577200
2015-11-03,60.4,61.18,60.26,60.87,7704300
2015-11-04,60.89,61.0099983,60.07,60.26,10795900
2015-11-05,56.73,56.81,49.92,51.07,65856400
2015-11-06,51.63,53.7,51.63,53.42,31252900
2015-11-09,52.88,53.35,52.62,52.94,15092000
2015-11-10,52.53,52.99,51.95,52.27,13489500
2015-11-11,52.6,53.24,52.37,52.85,11026300
2015-11-12,52.75,53.19,52.52,52.58,10807000
2015-11-13,52.3,52.75,51.82,51.94,10439900
2015-11-16,51.96,52.86,51.96,52.77,9214000
2015-11-17,52.7,53.55,52.57,52.98,10686200
2015-11-18,51.94,51.94,47.52,48.0,45214500
2015-11-19,48.51,49.28,48.23,48.39,20547900
2015-11-20,48.8,49.77,48.5,49.62,17229800
2015-11-23,49.09,49.58,48.76,48.97,11632800
2015-11-24,49.029999,49.73,48.86,49.41,12090100
2015-11-25,49.41,49.65,48.85,49.099998,9967100
2015-11-27,48.67,48.85,48.47,48.54,3441600
2015-11-30,48.6,48.86,48.3,48.79,13716000
2015-12-01,48.75,49.32,48.6,49.3,9915800
2015-12-02,51.91,53.44,51.8,51.85,36745100
2015-12-03,52.16,52.24,50.37,51.4,25438100
2015-12-04,52.09,52.57,51.41,52.34,16177700
2015-12-07,52.31,52.54,51.89,52.43,10160700
2015-12-08,50.63,50.96,49.31,49.48,18917100
2015-12-09,49.64,49.98,48.42,48.59,16131000
2015-12-10,48.65,49.57,48.47,48.57,11619500
2015-12-11,48.2,48.36,47.34,47.46,12977600
2015-12-14,47.41,47.96,45.93,46.83,17157400
2015-12-15,47.71,48.81,46.8,48.02,20086900
2015-12-16,48.25,48.6,47.15,48.07,13308300
2015-12-17,49.32,49.6,47.54,47.54,15328000
2015-12-18,47.37,48.040001,47.02,47.43,46440200
2015-12-21,47.61,48.93,47.54,48.76,16779000
2015-12-22,48.53,49.19,48.43,49.07,10139800
2015-12-23,49.24,49.52,48.9,49.040001,9397900
2015-12-24,49.0,49.88,49.0,49.55,5338500
2015-12-28,49.45,49.81,49.23,49.58,8395600
2015-12-29,50.28,51.25,50.07,50.88,14371300
2015-12-30,50.88,51.25,50.36,50.41,8529300
2015-12-31,50.060001,50.44,49.89,49.99,7613400
2016-01-04,49.43,50.18,48.91,50.12,12571300
2016-01-05,50.46,50.6,49.07,49.14,13482300
2016-01-06,48.36,48.66,47.76,48.64,15783500
2016-01-07,47.78,48.0,45.98,46.14,20495600
2016-01-08,46.81,46.85,45.84,45.88,15285500
2016-01-11,46.36,46.53,45.33,46.07,13624900
2016-01-12,46.45,46.68,45.62,46.52,9290700
2016-01-13,47.22,47.97,46.07,46.099998,17285100
2016-01-14,46.21,48.0099983,45.84,47.73,21649400
2016-01-15,46.040001,46.51,45.13,45.82,17273300
2016-01-19,46.5,46.58,45.47,46.09,12680000
2016-01-20,45.5,46.18,44.39,45.93,14761500
2016-01-21,46.36,47.44,45.71,47.049999,12913700
2016-01-22,47.81,48.28,47.44,48.07,12154900
2016-01-25,47.97,48.39,47.52,47.58,9365800
2016-01-26,47.6,48.85,47.52,48.52,9273400
2016-01-27,48.0,48.58,47.16,47.53,12305000
2016-01-28,45.8,45.82,43.47,43.59,27935200
2016-01-29,44.049999,45.35,43.67,45.34,24039200
2016-02-01,44.71,46.41,44.39,46.11,13120400
2016-02-02,45.18,45.4,42.88,43.15,21079700
2016-02-03,43.6,45.0,43.31,44.73,16733600
2016-02-04,44.62,45.76,44.38,45.66,10798900
2016-02-05,45.45,45.6,43.77,44.02,10709800
2016-02-08,43.51,44.16,42.83,43.89,12799000
2016-02-09,43.65,44.060001,43.17,43.61,10339800
2016-02-10,44.0,44.52,42.9,42.96,10044600
2016-02-11,42.51,43.29,42.24,43.0,12537700
2016-02-12,43.35,44.76,43.080002,44.56,11696500
2016-02-16,45.6,46.83,45.4,46.73,13832500
2016-02-17,47.049999,48.53,47.0099983,48.41,14868200
2016-02-18,48.41,49.31,48.02,49.080002,13173100
2016-02-19,49.040001,50.040001,48.76,49.42,16196800
2016-02-22,50.080002,51.29,50.07,51.28,16793600
2016-02-23,51.0,51.0,50.11,50.42,9358700
2016-02-24,50.0,51.66,49.73,51.52,10966600
2016-02-25,51.5,51.79,50.9,51.64,8352400
2016-02-26,52.0,52.0,51.22,51.62,9528400
2016-02-29,51.17,51.53,50.71,50.79,12127300
2016-03-01,51.080002,52.11,51.060001,52.11,11977400
2016-03-02,52.39,52.98,52.24,52.85,15664800
2016-03-03,52.45,52.81,51.86,52.38,12365200
2016-03-04,52.33,52.9,51.9,52.66,12770300
2016-03-07,52.44,53.52,52.36,53.3,10171500
2016-03-08,52.89,53.21,51.98,52.46,11684300
2016-03-09,52.41,52.52,51.74,51.95,13964500
2016-03-10,51.91,52.37,51.17,52.02,9539100
2016-03-11,52.59,52.64,51.89,52.22,11404300
2016-03-14,52.24,52.41,51.74,52.09,7407200
2016-03-15,51.75,51.83,50.98,51.63,12887600
2016-03-16,51.63,51.63,50.91,51.3,21052300
2016-03-17,51.15,51.69,51.12,51.38,10190400
2016-03-18,51.69,51.87,51.23,51.59,28991500
2016-03-21,51.6,52.35,51.51,52.21,11796500
2016-03-22,51.84,52.32,51.79,52.02,6623200
2016-03-23,52.12,52.16,50.81,50.99,9194600
2016-03-24,50.63,50.9,50.13,50.86,7527300
2016-03-28,50.43,50.61,49.95,50.19,9065200
2016-03-29,50.0,50.94,49.67,50.69,10462600
2016-03-30,51.17,51.65,50.73,50.99,7142800
2016-03-31,50.87,51.43,50.83,51.14,7315800
2016-04-01,51.080002,51.11,50.0099983,50.88,9379800
2016-04-04,50.81,51.11,50.51,50.65,6289600
2016-04-05,50.44,50.53,50.0,50.07,6863300
2016-04-06,50.14,50.73,49.73,50.62,7631600
2016-04-07,50.4,50.45,49.77,50.029999,7532200
2016-04-08,50.37,51.15,50.25,50.56,5584800
2016-04-11,50.86,51.58,50.86,51.0,8637200
2016-04-12,51.049999,51.099998,50.2,50.82,6116900
2016-04-13,51.3,52.44,51.15,51.92,13813500
2016-04-14,51.85,51.89,51.24,51.82,7921400
2016-04-15,51.93,51.99,51.029999,51.060001,10143300
2016-04-18,51.09,51.73,50.94,51.55,7673100
2016-04-19,51.73,51.93,51.3,51.83,9306400
2016-04-20,51.93,52.54,51.81,52.09,11216900
2016-04-21,51.3,51.8,50.74,51.67,16728600
2016-04-22,51.71,53.09,51.68,52.64,14029800
2016-04-25,52.6,52.72,52.029999,52.43,6941200
2016-04-26,52.54,52.96,52.45,52.91,7600100
2016-04-27,52.029999,53.13,52.0099983,52.9,8256600
2016-04-28,52.48,53.28,52.040001,52.13,7795000
2016-04-29,51.83,52.0,50.11,50.52,11437400
2016-05-02,50.69,51.17,50.13,51.11,7123500
2016-05-03,50.67,50.92,50.19,50.73,7848600
2016-05-04,50.19,50.88,50.15,50.49,11981800
2016-05-05,50.74,51.27,50.43,51.13,10189100
2016-05-06,50.65,51.12,50.38,50.92,9434500
2016-05-09,51.0,51.6,50.79,51.2,7173600
2016-05-10,51.26,52.23,50.97,52.15,8199000
2016-05-11,51.83,52.53,51.69,52.15,8324100
2016-05-12,52.33,52.53,51.36,51.51,9516000
2016-05-13,51.46,52.080002,51.11,51.32,6975100
2016-05-16,51.32,52.17,51.12,51.91,6823600
2016-05-17,51.74,52.28,51.5,51.99,9386200
2016-05-18,52.07,53.34,52.0,52.79,10507200
2016-05-19,52.71,53.080002,52.26,52.76,8614000
2016-05-20,52.97,54.58,52.87,54.52,14003600
2016-05-23,54.2,54.86,54.15,54.18,9685300
2016-05-24,54.42,55.62,54.4,55.59,13097700
2016-05-25,55.7,56.27,55.69,55.98,9266500
2016-05-26,55.97,56.14,55.51,55.74,7020900
2016-05-27,55.33,55.39,55.02,55.27,5918200
2016-05-31,55.39,55.43,54.82,54.92,15093400
2016-06-01,54.5,54.97,54.45,54.79,12156800
2016-06-02,54.65,54.92,54.29,54.88,9036200
2016-06-03,54.99,55.0099983,54.47,54.94,10008100
2016-06-06,54.98,55.37,54.66,54.89,7905100
2016-06-07,54.94,55.18,54.67,54.84,5400200
2016-06-08,54.73,55.049999,54.67,54.94,6314800
2016-06-09,54.4,55.040001,54.19,54.98,8726200
2016-06-10,54.46,54.75,53.4,53.83,15791600
2016-06-13,53.6,53.9,52.74,52.83,12128900
2016-06-14,52.66,53.25,52.47,52.7,8887300
2016-06-15,53.049999,53.56,52.67,53.28,8832400
2016-06-16,52.97,53.47,52.48,53.42,5907500
2016-06-17,53.73,53.82,53.099998,53.55,14548800
2016-06-20,54.17,54.66,53.86,53.89,8680800
2016-06-21,54.25,54.25,53.6,53.88,6431700
2016-06-22,53.9,54.97,53.9,54.040001,8481600
2016-06-23,54.85,55.57,54.57,55.55,8952200
2016-06-24,53.0099983,53.82,52.12,52.12,17018500
2016-06-27,52.29,52.29,50.84,51.14,11642700
2016-06-28,51.7,52.56,51.53,52.51,7470400
2016-06-29,53.060001,53.84,52.75,53.55,7126900
2016-06-30,52.9,53.57,52.46,53.57,9254400
2016-07-01,52.99,53.39,52.84,53.0,6385000
2016-07-05,52.95,52.97,51.89,51.94,10626200
2016-07-06,51.57,52.53,51.16,52.37,7740700
2016-07-07,52.58,53.38,52.41,52.93,5763300
2016-07-08,53.49,54.33,53.32,54.19,6853900
2016-07-11,53.96,54.71,53.94,54.12,6941600
2016-07-12,54.45,54.74,54.21,54.62,7413700
2016-07-13,54.91,55.0,54.63,54.83,5676400
2016-07-14,55.19,55.37,54.56,54.88,6601500
2016-07-15,54.86,54.86,54.17,54.75,10236900
2016-07-18,55.14,55.65,54.98,55.35,9225900
2016-07-19,55.73,55.9,54.95,55.14,8164200
2016-07-20,55.36,55.95,55.040001,55.82,17204300
2016-07-21,59.8,60.47,59.13,59.93,33912300
2016-07-22,60.21,61.18,59.83,61.15,12505700
2016-07-25,60.96,60.97,60.15,60.73,9166200
2016-07-26,61.0,61.5,60.77,61.35,11272600
2016-07-27,61.82,62.66,61.65,62.51,13395100
2016-07-28,62.44,62.79,62.17,62.43,8514200
2016-07-29,62.6,62.82,62.24,62.58,8291000
2016-08-01,62.37,62.4,61.58,61.85,14606200
2016-08-02,61.74,61.95,60.02,60.6,14732800
2016-08-03,60.59,61.11,60.5,61.0099983,6448200
2016-08-04,61.11,61.23,60.73,60.98,5169600
2016-08-05,61.52,62.11,61.27,62.0,8320700
2016-08-08,62.049999,62.19,61.37,61.58,8410600
2016-08-09,61.91,62.44,61.83,61.99,5350300
2016-08-10,62.0,62.16,61.44,61.71,3836200
2016-08-11,61.89,62.16,61.67,61.74,4988300
2016-08-12,61.54,61.99,61.28,61.71,4947700
2016-08-15,61.8,62.49,61.8,62.43,6499000
2016-08-16,62.080002,62.5,61.76,62.07,7650600
2016-08-17,62.22,62.4,61.79,62.28,6812400
2016-08-18,62.35,63.040001,62.18,63.040001,7935900
2016-08-19,62.61,62.84,62.0099983,62.76,7093000
2016-08-22,62.7,62.87,62.35,62.83,5720900
2016-08-23,63.0,63.69,62.83,63.09,5970600
2016-08-24,62.92,63.24,62.47,62.61,6902400
2016-08-25,62.67,62.96,62.58,62.64,4916700
2016-08-26,62.89,63.51,62.65,62.97,7255600
2016-08-29,62.42,63.09,62.37,62.98,5354700
2016-08-30,63.0,63.51,62.71,62.94,5047600
2016-08-31,62.98,63.12,62.53,63.07,6516600
2016-09-01,62.87,63.5,62.51,63.47,6906300
2016-09-02,63.53,63.7,63.09,63.35,6325900
2016-09-06,63.12,63.39,62.88,63.09,5603000
2016-09-07,63.19,63.25,62.32,62.43,6281600
2016-09-08,62.029999,62.81,62.0099983,62.69,7698100
2016-09-09,62.0099983,62.29,60.5,60.52,10625600
2016-09-12,60.23,62.27,59.93,62.25,10158600
2016-09-13,61.82,62.2,60.94,61.29,8397100
2016-09-14,61.29,61.95,61.040001,61.59,5982400
2016-09-15,61.95,62.67,61.55,62.54,8871200
2016-09-16,62.88,63.44,62.37,62.99,14677700
2016-09-19,63.13,63.39,62.76,62.86,6759900
2016-09-20,63.27,63.3,62.53,62.7,5471400
2016-09-21,63.099998,63.64,62.91,63.57,7488600
2016-09-22,63.71,64.0,63.36,63.52,7895700
2016-09-23,63.0,63.57,62.67,62.75,7794700
2016-09-26,62.49,62.56,61.86,62.31,6207400
2016-09-27,62.53,63.36,62.44,63.31,5228300
2016-09-28,63.23,63.69,63.0,63.45,5251900
2016-09-29,63.28,68.83,62.71,67.45,43098800
2016-09-30,68.4,70.4,68.15,68.5,34879500
2016-10-03,68.080002,69.28,66.87,67.11,10153600
2016-10-04,67.7,67.7,66.56,66.68,9746400
2016-10-05,66.84,67.42,66.55,66.84,6362000
2016-10-06,66.8,69.32,66.23,67.54,12957200
2016-10-07,67.53,68.33,67.49,68.19,8398100
2016-10-10,68.34,68.58,67.059998,67.25,7029800
2016-10-11,67.0,67.089996,65.45,66.089996,8910600
2016-10-12,66.49,66.49,65.059998,66.059998,6615700
2016-10-13,65.55,66.059998,64.3,65.7,7236600
2016-10-14,65.94,66.59,65.45,65.7,6743100
2016-10-17,65.53,65.71,65.089996,65.19,6348200
2016-10-18,66.18,66.22,65.57,66.099998,5966900
2016-10-19,65.88,66.07,65.31,65.79,5414700
2016-10-20,65.48,68.17,65.48,67.34,13579000
2016-10-21,67.11,69.44,66.7,67.93,19676600
2016-10-24,68.4,68.45,67.48,68.059998,6669600
2016-10-25,67.9,68.25,67.48,67.71,5370000
2016-10-26,67.31,68.62,67.25,68.2,9241200
2016-10-27,70.8,71.62,70.0,70.089996,33941700
2016-10-28,70.52,70.53,67.66,68.4,17952700
2016-10-31,69.0,69.51,68.68,68.72,10108300
2016-11-01,69.0,69.35,67.54,68.34,8910100
2016-11-02,68.46,68.6,67.029999,67.089996,15183000
2016-11-03,67.69,68.57,65.93,66.95,15642500
2016-11-04,65.74,67.41,65.74,66.73,8584300
2016-11-07,67.72,68.58,67.39,68.46,9205300
2016-11-08,68.22,68.71,67.63,68.27,6696600
2016-11-09,66.63,68.089996,66.25,67.88,11604400
2016-11-10,67.81,68.21,64.32,66.31,17774400
2016-11-11,65.87,67.0,65.84,66.88,10239800
2016-11-14,67.42,67.42,65.93,65.93,8256800
2016-11-15,66.26,67.16,65.95,66.77,9615200
2016-11-16,66.71,66.71,65.65,66.3,9552200
2016-11-17,66.44,66.77,66.16,66.67,6982500
2016-11-18,66.68,67.46,65.94,67.31,9889300
2016-11-21,66.86,67.2,66.15,67.099998,7868900
2016-11-22,67.57,68.6,67.040001,68.31,9803600
2016-11-23,68.33,68.5,67.75,68.13,4820300
2016-11-25,68.16,68.42,67.71,68.29,4200100
2016-11-28,67.42,67.7,66.8,67.099998,8225200
2016-11-29,67.23,67.54,66.63,66.77,6544900
2016-11-30,66.8,68.31,66.5,68.13,12470000
2016-12-01,67.72,67.92,63.78,64.16,16563900
2016-12-02,63.95,66.33,63.95,65.84,9687000
2016-12-05,66.38,66.94,65.69,66.36,8708200
2016-12-06,66.65,67.48,66.5,67.45,6701800
2016-12-07,67.35,68.34,66.96,68.34,7202700
2016-12-08,68.42,69.18,68.37,68.55,5552600
2016-12-09,68.61,68.89,67.8,68.52,5551800
2016-12-12,68.37,68.65,67.92,68.47,5615200
2016-12-13,68.72,70.24,68.49,69.34,8494200
2016-12-14,68.64,69.18,67.35,67.56,9957700
2016-12-15,68.099998,68.77,67.31,68.029999,7162400
2016-12-16,68.49,68.49,66.3,66.46,18155600
2016-12-19,66.79,67.43,66.64,67.019997,7884700
2016-12-20,67.38,67.56,66.77,66.91,6685400
2016-12-21,67.07,67.35,66.82,67.16,5211400
2016-12-22,67.64,67.75,66.46,66.76,5900200
2016-12-23,66.89,66.94,66.52,66.86,3088100
2016-12-27,67.14,67.58,67.059998,67.25,3028200
2016-12-28,66.65,67.07,65.7,65.75,6547200
2016-12-29,65.5,66.080002,65.42,66.040001,3700800
2016-12-30,66.25,66.35,65.040001,65.2,5941900
2017-01-03,65.86,66.14,64.6,65.4,9519800
2017-01-04,65.67,65.95,65.26,65.47,6221700
2017-01-05,65.22,65.98,65.050003,65.55,5998900
2017-01-06,65.48,65.87,64.86,65.53,6749400
2017-01-09,65.53,66.27,65.49,65.65,4769200
2017-01-10,65.95,66.16,65.57,65.63,6076000
2017-01-11,65.75,66.11,65.42,66.099998,8349800
2017-01-12,65.35,66.18,65.050003,66.12,6113600
2017-01-13,66.25,67.080002,66.16,66.88,6177400
2017-01-17,66.71,66.97,63.15,64.19,22426300
2017-01-18,64.67,66.089996,63.81,65.13,15883200
2017-01-19,64.97,65.4,64.36,64.44,9429200
2017-01-20,65.19,65.74,62.62,62.88,20936900
2017-01-23,58.67,58.67,53.77,54.88,94436000
2017-01-24,55.02,55.77,54.7,55.0,41751800
2017-01-25,56.099998,56.98,55.5,56.9,27307900
2017-01-26,55.35,55.49,53.5,54.049999,37888200
2017-01-27,54.65,54.76,54.0,54.24,23474400
2017-01-30,54.39,54.4,53.55,53.61,14853900
2017-01-31,53.61,53.64,52.83,53.43,13995400
2017-02-01,53.64,53.82,52.86,53.15,16102100
2017-02-02,52.95,53.099998,52.37,52.66,14481200
2017-02-03,52.95,53.22,52.75,52.98,10965300
2017-02-06,53.31,53.41,52.82,52.88,8215100
2017-02-07,53.22,53.28,52.76,53.27,10374100
2017-02-08,53.39,53.39,52.72,52.89,9229000
2017-02-09,52.91,53.099998,52.76,52.88,7615100
2017-02-10,53.099998,54.28,52.93,54.0,14042200
2017-02-13,54.58,55.13,54.26,54.93,14516200
2017-02-14,55.43,55.52,54.82,55.48,13072000
2017-02-15,55.63,56.5,55.49,56.49,14149200
2017-02-16,56.58,56.9,56.45,56.88,11622900
2017-02-17,56.85,56.94,56.049999,56.46,12456600
2017-02-21,56.83,57.19,56.58,56.75,9878200
2017-02-22,56.78,57.099998,56.48,57.099998,8711500
2017-02-23,57.0099983,57.31,56.77,57.14,10152800
2017-02-24,57.02,57.23,56.5,57.22,10644800
2017-02-27,56.56,56.98,56.31,56.73,7127600
2017-02-28,56.49,56.52,55.89,56.48,10388200
2017-03-01,56.93,57.080002,56.27,57.0099983,11082400
2017-03-02,56.95,57.15,56.24,56.37,8451700
2017-03-03,56.52,56.57,56.0,56.44,6971400
2017-03-06,56.27,56.56,56.07,56.45,7241600
2017-03-07,56.6,56.82,56.19,56.73,7131700
2017-03-08,56.92,58.080002,56.8,57.77,13201700
2017-03-09,57.65,58.099998,57.4,57.97,9875600
2017-03-10,58.36,58.79,58.3,58.64,9752000
2017-03-13,59.029999,59.040001,58.2,58.46,7737900
2017-03-14,58.38,58.38,57.72,58.22,6276900
2017-03-15,58.42,58.75,58.18,58.52,9029500
2017-03-16,58.3,58.73,58.16,58.35,7206200
2017-03-17,58.57,58.61,57.51,57.55,20057800
2017-03-20,57.79,58.07,57.59,57.81,7498200
2017-03-21,57.93,58.099998,56.74,56.8,10092600
2017-03-22,56.73,57.13,56.099998,57.040001,9129700
2017-03-23,57.16,57.27,56.59,56.81,7718700
2017-03-24,57.47,57.47,56.64,56.92,5621400
2017-03-27,56.72,56.94,56.48,56.66,4726300
2017-03-28,56.67,57.61,56.67,57.38,5953500
2017-03-29,57.09,57.37,56.86,57.36,4042600
2017-03-30,57.36,57.65,57.19,57.2,6359000
2017-03-31,57.46,57.69,56.97,57.34,10065000
2017-04-03,57.26,57.34,56.040001,56.5,11343500
2017-04-04,56.3,56.91,56.25,56.68,7123900
2017-04-05,56.8,57.53,56.42,56.47,7857700
2017-04-06,56.44,56.73,56.14,56.53,5757800
2017-04-07,56.58,56.6,56.19,56.32,5229800
2017-04-10,56.43,56.81,56.27,56.52,6039800
2017-04-11,56.32,56.36,54.72,55.35,17301800
2017-04-12,54.64,54.65,53.12,53.39,24822200
2017-04-13,53.13,53.68,52.78,52.79,17014400
2017-04-17,52.99,53.13,52.75,52.89,10471700
2017-04-18,52.6,52.98,52.39,52.67,11262800
2017-04-19,53.0,53.099998,52.3,52.61,15441500
2017-04-20,53.22,53.4,51.4,52.66,24664600
2017-04-21,52.77,52.8,52.21,52.5,10951500
2017-04-24,53.0099983,53.25,52.75,52.81,10784400
2017-04-25,53.17,53.49,52.96,53.0,11688700
2017-04-26,53.2,53.3,52.91,53.040001,7373800
2017-04-27,53.24,53.34,52.91,53.21,6956200
2017-04-28,51.8,53.95,51.049999,53.74,34374100
2017-05-01,53.65,53.7,53.099998,53.6,12987700
2017-05-02,53.65,53.73,52.9,53.29,10445400
2017-05-03,53.41,54.77,53.25,54.49,18428300
2017-05-04,54.73,55.0,54.5,54.91,11993400
2017-05-05,54.93,55.0,54.7,54.93,9108800
2017-05-08,54.99,55.0,54.56,54.62,7033400
2017-05-09,54.69,55.19,54.63,55.15,8332900
2017-05-10,55.22,55.43,54.86,55.33,8517700
2017-05-11,55.25,55.3,54.41,54.68,13514700
2017-05-12,54.5,55.35,54.4,55.32,9107600
2017-05-15,55.080002,55.49,55.080002,55.4,10686100
2017-05-16,55.39,55.98,55.099998,55.95,9599300
2017-05-17,55.64,56.080002,55.3,55.36,14811300
2017-05-18,55.58,56.31,55.02,56.12,13125300
2017-05-19,56.49,57.79,56.2,57.67,16643800
2017-05-22,58.39,59.54,58.38,59.28,20771500
2017-05-23,59.38,59.89,59.13,59.22,14223400
2017-05-24,59.28,59.62,58.57,58.64,8592600
2017-05-25,58.65,58.95,58.26,58.45,9556500
2017-05-26,57.66,57.98,57.37,57.52,8261900
2017-05-30,57.28,57.74,57.17,57.34,11553700
2017-05-31,57.26,57.73,57.0,57.27,14082600
2017-06-01,57.45,58.65,57.35,58.62,11560100
2017-06-02,58.89,58.96,58.35,58.58,9538000
2017-06-05,58.5,59.049999,58.48,58.86,7960800
2017-06-06,58.6,58.91,58.18,58.2,7871500
2017-06-07,58.3,58.49,57.13,57.53,10126500
2017-06-08,57.77,58.15,57.61,58.12,10322200
2017-06-09,58.37,58.49,56.74,57.049999,13624800
2017-06-12,56.52,57.68,56.48,57.49,9985100
2017-06-13,57.95,58.07,57.5,57.54,7111500
2017-06-14,57.7,57.97,56.67,57.0099983,6740000
2017-06-15,56.42,57.17,56.4,56.93,5416600
2017-06-16,56.98,57.0099983,56.35,56.82,14555600
2017-06-19,56.96,57.66,56.91,57.61,7166200
2017-06-20,57.46,57.61,56.51,56.79,8181600
2017-06-21,56.79,56.84,56.12,56.33,8324900
2017-06-22,56.24,56.75,56.060001,56.47,5560100
2017-06-23,56.64,57.44,56.57,56.91,11847900
2017-06-26,57.09,57.69,56.21,56.56,7339100
2017-06-27,56.29,56.33,55.41,55.43,6814400
2017-06-28,55.4,56.32,55.18,56.16,7542400
2017-06-29,55.93,55.93,54.55,55.080002,8456900
2017-06-30,55.6,55.63,55.029999,55.22,8781900
2017-07-03,55.53,56.02,54.92,54.95,4379600
2017-07-05,55.0099983,55.56,54.78,55.45,6823800
2017-07-06,55.02,55.23,54.74,54.79,5663000
2017-07-07,55.040001,55.73,54.87,55.35,5356000
2017-07-10,55.37,55.89,55.19,55.64,5098100
2017-07-11,55.63,55.63,55.02,55.33,6124900
2017-07-12,55.79,56.31,55.72,56.2,6126800
2017-07-13,56.38,56.52,56.17,56.23,6219200
2017-07-14,56.5,56.93,56.15,56.81,4440100
2017-07-17,56.73,56.92,56.39,56.46,5123600
2017-07-18,56.34,56.38,56.0,56.29,7441000
2017-07-19,56.46,56.94,56.0099983,56.78,8783700
2017-07-20,55.11,55.43,53.46,53.97,35943900
2017-07-21,53.66,54.0,53.37,53.84,12113100
2017-07-24,53.75,53.88,53.09,53.22,8832200
2017-07-25,53.2,53.65,53.07,53.27,7112100
2017-07-26,53.29,53.35,52.74,53.14,7581500
2017-07-27,53.080002,53.37,52.23,52.49,14069200
2017-07-28,52.27,52.99,52.27,52.88,6644300
2017-07-31,53.099998,53.3,52.75,53.19,11302700
2017-08-01,53.3,53.43,52.91,53.41,9372100
2017-08-02,53.3,53.39,52.78,53.17,23084000
2017-08-03,53.16,53.34,52.75,52.95,8643500
2017-08-04,53.0,53.0,52.51,52.62,8677900
2017-08-07,52.5,52.85,52.49,52.7,6561800
2017-08-08,52.55,53.33,52.21,52.29,10462200
2017-08-09,52.049999,52.8,52.0,52.77,8085300
2017-08-10,52.54,52.75,52.11,52.34,10768000
2017-08-11,52.39,53.13,52.29,52.72,5894200
2017-08-14,53.040001,53.64,52.91,53.55,8118200
2017-08-15,53.66,54.080002,53.35,53.87,7876300
2017-08-16,54.060001,54.099998,53.26,53.31,7414900
2017-08-17,53.19,53.41,52.27,52.27,6589400
2017-08-18,52.26,52.42,51.9,51.92,6696400
2017-08-21,52.0,52.080002,51.5,51.98,5205700
2017-08-22,52.21,52.62,52.21,52.35,4443300
2017-08-23,52.3,52.41,51.78,52.23,5259300
2017-08-24,52.37,52.71,52.26,52.49,6198600
2017-08-25,52.78,52.85,52.02,52.029999,8684700
2017-08-28,51.77,51.81,51.46,51.81,4519000
2017-08-29,51.31,51.86,51.28,51.81,4980900
2017-08-30,52.23,52.29,51.56,52.12,4876200
2017-08-31,52.26,52.59,52.12,52.27,8215800
2017-09-01,52.53,52.77,51.93,52.049999,5301300
2017-09-05,51.86,51.9,49.83,50.029999,17811100
2017-09-06,50.19,50.77,49.83,50.45,16206900
2017-09-07,50.56,50.69,50.25,50.38,10035500
2017-09-08,50.35,50.45,48.92,49.64,12809400
2017-09-11,49.94,50.67,49.91,50.57,7473500
2017-09-12,50.6,51.07,50.52,50.9,4526800
2017-09-13,50.8,51.11,50.72,51.0099983,6191400
2017-09-14,50.97,51.59,50.67,51.48,7741300
2017-09-15,51.95,52.29,51.44,52.19,13177900
2017-09-18,52.24,52.37,51.96,52.25,6002700
2017-09-19,52.4,52.5,52.060001,52.3,5825200
2017-09-20,52.43,52.52,51.48,51.98,8400300
2017-09-21,51.86,52.2,51.71,52.029999,5750600
2017-09-22,51.82,52.23,51.78,52.09,4105100
2017-09-25,51.9,52.29,51.61,51.62,8178400
2017-09-26,51.75,51.87,50.85,51.13,9378800
2017-09-27,51.43,51.61,51.15,51.55,8200600
2017-09-28,51.38,52.040001,51.31,51.75,5732900
2017-09-29,51.91,52.040001,51.62,51.84,5371200
2017-10-02,52.09,52.16,51.7,51.88,4439200
2017-10-03,51.99,52.22,51.65,52.02,4378000
2017-10-04,51.93,52.12,51.67,51.96,4587700
2017-10-05,52.17,52.43,51.96,52.35,5179100
2017-10-06,52.16,52.63,52.16,52.49,4795300
2017-10-09,52.68,52.98,52.38,52.88,5817500
2017-10-10,52.95,53.9,52.9,53.87,8761700
2017-10-11,53.79,54.38,53.66,54.12,9427300
2017-10-12,53.88,54.18,52.96,53.0,7062300
2017-10-13,53.38,53.38,52.74,52.82,7005600
2017-10-16,52.98,53.0,52.31,52.38,5930900
2017-10-17,52.32,52.44,51.85,52.41,7662900
2017-10-18,52.54,52.67,52.02,52.21,6032600
2017-10-19,52.029999,52.4,52.0099983,52.29,6825200
2017-10-20,52.51,52.59,51.94,52.02,8845000
2017-10-23,52.3,53.78,52.13,53.39,9775400
2017-10-24,53.44,54.44,53.4,54.25,11415700
2017-10-25,53.98,54.43,53.48,53.84,7581500
2017-10-26,54.099998,54.39,53.67,53.8,5270800
2017-10-27,53.7,54.7,53.36,54.57,8962400
2017-10-30,54.16,54.77,54.080002,54.66,7081500
2017-10-31,52.26,52.49,50.02,51.0099983,29914100
2017-11-01,51.47,53.49,50.51,53.46,15624400
2017-11-02,53.6,55.68,53.6,54.84,17337800
2017-11-03,54.76,64.99,54.21,61.81,80964500
2017-11-06,64.54,65.33,62.15,62.52,58900800
2017-11-07,62.52,64.16,62.45,64.099998,23424600
2017-11-08,64.21,65.79,64.21,65.49,26515400
2017-11-09,64.91,65.33,63.93,64.6,15954900
2017-11-10,64.36,65.099998,63.92,64.57,9626200
2017-11-13,64.96,66.82,64.75,66.49,24411600
2017-11-14,66.16,66.8,65.55,66.0,14036700
2017-11-15,65.55,66.48,65.24,65.61,10565400
2017-11-16,65.77,66.54,65.43,66.11,12339800
2017-11-17,66.37,66.95,66.0,66.72,13334000
2017-11-20,66.18,66.85,65.95,66.47,9749400
2017-11-21,65.35,66.93,65.27,66.67,11215800
2017-11-22,66.37,68.26,66.24,68.13,15489400
2017-11-24,68.51,69.28,68.45,68.91,9233500
2017-11-27,68.6,68.92,68.040001,68.14,20404600
2017-11-28,67.59,68.41,67.22,68.38,12861300
2017-11-29,68.099998,68.2,66.029999,66.52,17022200
2017-11-30,66.51,67.099998,65.72,66.34,15555600
2017-12-01,65.2,66.12,64.6,65.49,15851100
2017-12-04,65.6,65.7,63.8,64.56,17325100
2017-12-05,64.85,65.029999,64.4,64.69,9661200
2017-12-06,64.64,65.68,64.36,64.98,6952300
2017-12-07,65.21,65.55,64.77,65.23,8755000
2017-12-08,65.6,65.6,63.88,64.24,9371900
2017-12-11,64.059998,65.26,64.0,65.18,12185000
2017-12-12,64.88,65.11,64.55,64.86,7021200
2017-12-13,64.98,65.43,64.83,64.9,6490400
2017-12-14,64.86,65.17,64.55,64.7,7122000
2017-12-15,65.33,65.42,64.5,64.76,18833000
2017-12-18,64.93,65.46,64.8,65.38,7440900
2017-12-19,65.11,65.48,64.43,64.5,7130000
2017-12-20,64.56,65.17,64.33,64.6,6933600
2017-12-21,64.75,64.96,64.34,64.39,5451100
2017-12-22,64.31,64.98,64.3,64.73,4444300
2017-12-26,64.49,64.94,64.2,64.3,4236500
2017-12-27,64.32,64.64,64.18,64.54,4899600
2017-12-28,64.69,64.73,64.35,64.38,2451300
2017-12-29,64.36,64.65,64.0,64.019997,6631800
2018-01-02,64.38,65.33,64.17,65.2,6329600
2018-01-03,65.22,66.059998,64.69,65.94,6844200
2018-01-04,66.18,66.53,65.91,66.029999,5060100
2018-01-05,66.040001,66.6,65.5,66.47,5421800
2018-01-08,66.25,66.53,65.94,66.27,4266900
2018-01-09,65.64,65.86,64.94,65.27,7632300
2018-01-10,65.48,65.74,64.88,65.26,6569300
2018-01-11,65.2,65.5,65.14,65.43,4233100
2018-01-12,65.61,65.9,65.080002,65.38,5007200
2018-01-16,66.23,68.65,66.029999,68.25,24478800
2018-01-17,68.52,68.9,67.24,68.019997,12559100
2018-01-18,67.75,68.18,67.49,68.050003,6797900
2018-01-19,68.040001,68.25,67.75,68.040001,8864300
2018-01-22,67.81,68.75,67.71,68.67,8566200
2018-01-23,68.6,68.9,68.24,68.34,7825600
2018-01-24,68.2,68.29,67.38,67.98,12383100
2018-01-25,68.14,68.37,67.29,67.42,9122200
2018-01-26,67.94,68.53,67.6,68.53,7919000
2018-01-29,68.16,68.3,67.24,67.32,9745300
2018-01-30,67.43,67.91,66.73,66.99,8059500
2018-01-31,67.55,68.38,67.46,68.25,13915600
2018-02-01,67.0,68.35,66.32,66.8,16838500
2018-02-02,66.18,67.040001,65.86,66.07,10971700
2018-02-05,66.3,66.55,60.5,61.73,35996000
2018-02-06,62.31,64.53,62.2,64.4,24458700
2018-02-07,64.22,66.12,64.019997,65.040001,15021200
2018-02-08,64.63,65.07,62.4,62.42,13451600
2018-02-09,62.95,64.32,61.46,63.99,23095000
2018-02-12,64.89,65.7,64.39,65.66,13692100
2018-02-13,65.23,65.76,64.98,65.7,7695900
2018-02-14,65.15,66.8,65.099998,66.59,10370900
2018-02-15,66.38,66.38,63.86,65.28,15548400
2018-02-16,64.77,65.83,64.6,64.85,11760300
2018-02-20,63.0099983,64.14,61.86,63.99,27494600
2018-02-21,63.12,63.86,62.65,63.4,14895600
2018-02-22,63.15,63.58,62.029999,62.18,11722300
2018-02-23,62.81,63.32,62.029999,63.32,6762200
2018-02-26,64.55,67.36,64.19,66.98,27374300
2018-02-27,67.0,67.63,66.010002,66.34,14326000
2018-02-28,66.7,66.72,64.91,65.0,9582100
2018-03-01,65.029999,66.24,64.33,64.96,10799200
2018-03-02,64.31,64.85,64.029999,64.74,10612700
2018-03-05,64.34,65.6,63.54,64.010002,15445500
2018-03-06,63.5,63.55,61.060001,62.14,23450400
2018-03-07,61.49,62.61,61.43,62.49,12602400
2018-03-08,62.65,62.74,61.57,61.82,8902100
2018-03-09,62.36,63.060001,62.12,63.029999,7655300
2018-03-12,63.049999,63.48,62.3,62.81,15801300
2018-03-13,59.77,61.4,59.13,59.7,38572700
2018-03-14,59.9,60.38,57.9,60.12,29759100
2018-03-15,60.029999,60.28,59.56,59.89,10494300
2018-03-16,60.6,61.49,60.48,60.62,25574500
2018-03-19,60.19,60.35,57.9,58.37,14131400
2018-03-20,58.99,59.09,57.95,58.26,10615400
2018-03-21,57.5,58.28,56.77,56.81,12231900
2018-03-22,56.24,56.83,55.52,55.58,13554600
2018-03-23,55.63,55.8,53.65,53.66,14713300
2018-03-26,54.58,56.14,54.25,56.13,12093900
2018-03-27,56.59,57.24,54.54,54.84,12243200
2018-03-28,54.81,55.97,54.46,54.7,12925500
2018-03-29,55.040001,55.93,54.62,55.41,8482500
2018-04-02,55.099998,55.24,53.07,53.81,16469600
2018-04-03,54.29,55.049999,53.62,54.78,7930700
2018-04-04,53.8,55.12,53.42,54.99,7496700
2018-04-05,55.49,55.5,54.44,55.040001,5823300
2018-04-06,54.42,54.77,53.11,53.12,8322200
2018-04-09,53.52,54.89,53.34,53.43,7608500
2018-04-10,54.58,55.0099983,54.22,54.77,12009000
2018-04-11,54.19,55.07,54.15,55.0099983,6205300
2018-04-12,55.47,55.65,55.02,55.2,7412700
2018-04-13,56.61,56.79,55.42,55.73,12588200
2018-04-16,55.94,55.99,54.57,54.77,7850500
2018-04-17,54.99,55.68,54.78,55.35,7089700
2018-04-18,55.14,55.62,54.88,55.23,4796800
2018-04-19,54.0,54.14,52.5,52.57,19179500
2018-04-20,52.81,52.89,51.32,51.44,11838200
2018-04-23,51.5,51.81,50.27,50.53,10961500
2018-04-24,50.88,51.29,49.38,49.94,11670000
2018-04-25,50.0,50.44,48.87,49.75,9619200
2018-04-26,49.52,50.59,48.56,50.47,13684000
2018-04-27,50.75,51.36,50.49,51.11,9443100
2018-04-30,51.25,51.82,51.0,51.0099983,9469600
2018-05-01,50.76,51.049999,50.040001,50.82,6780500
2018-05-02,51.24,51.25,49.92,50.26,8143000
2018-05-03,49.99,50.54,49.31,50.31,8609200
2018-05-04,50.18,52.6,49.92,52.49,9880600
2018-05-07,52.58,53.27,52.52,53.0099983,9571700
2018-05-08,53.040001,53.27,52.11,52.86,9930000
2018-05-09,52.86,53.33,52.2,53.17,7016100
2018-05-10,54.45,55.07,53.95,54.97,12267200
2018-05-11,54.76,55.79,54.62,55.23,9639100
2018-05-14,57.33,57.8,56.34,56.74,15400300
2018-05-15,56.5,56.61,55.22,55.64,12050500
2018-05-16,55.76,56.81,55.67,56.7,8675600
2018-05-17,56.49,57.38,56.39,56.95,11450700
2018-05-18,56.93,57.99,56.4,57.51,11999700
2018-05-21,57.68,58.27,56.77,57.71,14286400
2018-05-22,57.91,58.36,57.07,57.39,9432500
2018-05-23,56.91,58.86,56.83,58.82,11322500
2018-05-24,58.58,59.25,58.049999,59.080002,12487200
2018-05-25,58.85,60.0,58.81,59.96,11501500
2018-05-29,59.5,59.6,57.7,58.23,14696300
2018-05-30,58.41,58.65,57.66,58.39,9146000
2018-05-31,58.0,58.57,57.76,58.12,12813200
2018-06-01,58.34,58.73,58.0099983,58.61,8869700
2018-06-04,58.62,58.87,57.95,58.71,9696700
2018-06-05,58.86,59.6,58.76,58.98,6562700
2018-06-06,59.26,59.85,59.11,59.84,6236700
2018-06-07,62.0,62.65,60.22,60.64,14786100
2018-06-08,60.25,60.62,59.81,60.26,7035300
2018-06-11,60.17,60.42,59.82,59.93,7369500
2018-06-12,60.11,60.38,59.55,59.79,7153500
2018-06-13,59.67,60.23,59.12,59.22,9676300
2018-06-14,59.29,59.7,58.95,59.46,8372900
2018-06-15,59.87,59.95,58.92,59.86,13804900
2018-06-18,59.31,59.37,58.92,59.2,6946600
2018-06-19,58.28,58.74,57.85,58.7,7958300
2018-06-20,59.18,59.2,58.31,58.79,6526400
2018-06-21,59.21,59.21,58.39,58.75,6605400
2018-06-22,58.78,59.099998,58.43,58.5,8074100
2018-06-25,58.09,58.14,56.61,57.049999,8635900
2018-06-26,57.080002,57.15,56.31,56.45,8934700
2018-06-27,56.55,57.53,55.14,55.17,11832400
2018-06-28,55.12,56.46,55.09,55.9,11723600
2018-06-29,56.13,56.86,56.080002,56.12,11274000
2018-07-02,55.4,56.22,55.12,56.18,7299900
2018-07-03,56.41,56.53,55.25,55.33,3618900
2018-07-05,55.7,57.43,55.65,57.38,11728300
2018-07-06,57.46,58.07,57.029999,57.84,8806200
2018-07-09,58.060001,58.31,57.23,58.040001,4577100
2018-07-10,58.060001,58.47,57.95,58.37,6848900
2018-07-11,57.43,58.0099983,56.74,57.3,8702000
2018-07-12,57.85,58.49,57.31,58.32,8426400
2018-07-13,58.25,58.78,58.18,58.39,5266100
2018-07-16,58.42,58.84,58.060001,58.35,5907100
2018-07-17,57.92,58.91,57.62,58.91,7560300
2018-07-18,59.0,59.0,58.37,58.76,6795100
2018-07-19,58.71,59.59,58.65,59.31,8150200
2018-07-20,58.98,59.18,58.4,58.61,10859700
2018-07-23,58.4,59.21,57.82,59.080002,8011800
2018-07-24,59.35,59.62,58.45,58.85,6637600
2018-07-25,58.55,59.5,57.76,59.42,13143100
2018-07-26,63.049999,63.76,61.26,63.58,31025100
2018-07-27,63.22,63.51,62.22,62.69,13488800
2018-07-30,62.65,62.98,61.93,62.040001,9547700
2018-07-31,63.83,64.66,63.5,64.089996,22350800
2018-08-01,63.55,64.87,63.55,64.35,10706200
2018-08-02,63.96,65.040001,63.64,64.77,10618500
2018-08-03,64.74,65.61,64.67,65.4,7809400
2018-08-06,65.86,66.019997,65.33,65.73,10878400
2018-08-07,65.93,65.93,65.25,65.44,7810900
2018-08-08,65.21,65.55,65.12,65.16,7912200
2018-08-09,65.099998,65.3,64.92,65.080002,6629700
2018-08-10,64.65,64.94,64.49,64.82,8736000
2018-08-13,65.15,65.23,64.65,64.84,7092400
2018-08-14,65.089996,65.62,64.77,65.43,7844200
2018-08-15,65.14,65.82,64.55,65.68,13524800
2018-08-16,65.86,66.099998,65.53,65.76,9958800
2018-08-17,65.5,66.19,65.12,66.059998,15170500
2018-08-20,66.33,66.59,65.74,66.16,13966900
2018-08-21,66.089996,66.78,66.029999,66.55,12181400
2018-08-22,66.22,67.080002,66.21,66.84,13860300
2018-08-23,66.98,67.29,66.8,66.86,12038100
2018-08-24,67.0,67.36,66.94,67.15,16001400
2018-08-27,67.37,67.48,67.22,67.34,12578000
2018-08-28,68.56,70.49,67.92,69.78,24952700
2018-08-29,69.67,70.07,69.14,69.2,11874300
2018-08-30,68.97,69.16,68.0,68.14,12027500
2018-08-31,67.99,69.0,67.94,68.71,11166900
2018-09-04,68.74,70.11,68.71,69.98,13024100
2018-09-05,69.8,71.07,69.31,70.89,15310700
2018-09-06,70.85,71.35,70.19,70.36,11997700
2018-09-07,69.84,70.62,69.61,70.38,24421900
2018-09-10,70.67,72.75,70.5,72.32,14636000
2018-09-11,71.84,72.66,71.81,72.51,9501100
2018-09-12,72.089996,72.5,70.019997,71.75,12638300
2018-09-13,73.68,75.36,73.48,74.61,24617700
2018-09-14,74.53,76.040001,74.41,75.089996,13450700
2018-09-17,74.84,75.28,73.11,73.24,11558300
2018-09-18,73.8,76.5,73.51,74.72,11692000
2018-09-19,75.37,75.37,73.77,74.059998,12383200
2018-09-20,74.48,75.11,74.21,74.6,12013900
2018-09-21,74.83,74.87,73.13,73.7,23465400
2018-09-24,73.080002,73.85,72.8,73.58,15446100
2018-09-25,72.64,73.57,72.58,72.74,20741900
2018-09-26,72.68,73.26,71.58,71.76,11306000
2018-09-27,72.18,72.68,71.47,71.71,12498300
2018-09-28,71.51,73.26,71.25,72.029999,20080800
2018-10-01,72.46,73.43,72.099998,72.6,9340200
2018-10-02,72.4,73.91,72.27,73.35,9221200
2018-10-03,73.59,73.89,72.59,72.64,7079800
2018-10-04,72.0,72.7,71.86,72.38,8599500
2018-10-05,72.39,72.66,70.55,71.21,23411300
2018-10-08,70.78,71.6,70.56,70.93,10104600
2018-10-09,70.76,70.96,70.089996,70.13,10329200
2018-10-10,68.77,69.56,66.62,66.73,22296800
2018-10-11,66.35,66.99,63.61,64.29,25852600
2018-10-12,65.55,65.65,63.27,64.29,15760900
2018-10-15,64.23,65.2,64.010002,64.17,12314700
2018-10-16,64.78,66.39,64.62,66.12,15931400
2018-10-17,66.38,66.61,65.29,66.099998,14779100
2018-10-18,65.68,66.32,64.87,65.15,12218600
2018-10-19,65.45,66.21,65.0,65.36,10673000
2018-10-22,65.69,66.6,65.22,66.12,12890400
2018-10-23,63.66,66.92,63.57,66.38,13441000
2018-10-24,65.87,66.39,62.5,62.62,23384300
2018-10-25,63.81,63.83,62.35,63.2,20385700
2018-10-26,61.5,63.64,61.18,62.48,17049300
2018-10-29,63.5,63.69,61.27,62.17,14778300
2018-10-30,62.36,63.72,62.17,63.18,18865300
2018-10-31,62.91,63.52,62.07,62.89,12917500
2018-11-01,63.2,64.31,62.88,63.71,11003900
2018-11-02,63.94,63.96,62.34,63.33,13707900
2018-11-05,63.080002,63.8,62.66,63.47,13373800
2018-11-06,63.35,64.34,62.41,63.63,8774100
2018-11-07,63.5,63.75,62.28,63.21,18493500
2018-11-08,58.0,60.15,57.6,58.049999,32155200
2018-11-09,57.78,58.24,56.19,56.72,21745200
2018-11-12,56.37,56.5,54.43,54.49,24447800
2018-11-13,54.74,55.49,54.049999,54.16,20883800
2018-11-14,54.84,54.89,53.67,53.94,14071900
2018-11-15,53.83,55.54,53.53,55.39,18856300
2018-11-16,55.12,57.040001,54.99,55.88,57303300
2018-11-19,55.85,56.62,54.87,54.9,20321400
2018-11-20,54.2,55.43,54.07,54.92,20658300
2018-11-21,55.21,56.5,55.18,55.27,13015500
2018-11-23,54.77,55.75,54.75,55.25,4671900
2018-11-26,55.79,56.38,55.18,55.73,10373700
2018-11-27,55.59,56.23,55.35,55.57,9719000
2018-11-28,55.89,56.72,54.69,56.65,17483500
2018-11-29,57.89,59.049999,57.77,58.11,26949000
2018-11-30,58.22,58.47,57.02,58.26,18197800
2018-12-03,60.51,60.51,58.4,59.14,17114500
2018-12-04,58.99,59.48,57.22,57.73,15836500
2018-12-06,56.0099983,57.21,55.69,57.11,18203300
2018-12-07,56.61,57.12,55.73,55.99,17054700
2018-12-10,57.77,58.25,56.64,57.24,20484900
2018-12-11,58.45,58.66,56.83,57.35,13116300
2018-12-12,58.44,58.58,57.53,57.72,13246500
2018-12-13,58.14,58.38,57.56,58.09,8949900
2018-12-14,57.56,59.0,57.36,57.62,13551000
2018-12-17,57.59,58.34,56.67,57.0,16648200
2018-12-18,57.69,58.54,57.4,57.78,12384200
2018-12-19,57.54,58.5,56.060001,56.69,17376400
2018-12-20,57.22,57.94,56.060001,56.37,21742300
2018-12-21,56.26,57.28,54.69,54.85,38202300
2018-12-24,53.7,54.89,53.57,53.65,8275000
2018-12-26,54.25,56.0,53.51,55.96,18451600
2018-12-27,55.54,56.39,54.77,56.09,15804800
2018-12-28,56.33,57.53,56.24,56.81,12749600
2018-12-31,57.12,57.41,56.28,56.91,8877000
2019-01-02,56.2,58.0,55.92,57.4,9896600
2019-01-03,55.95,56.84,55.52,55.7,14422200
2019-01-04,56.5,56.83,55.21,56.6,14177300
2019-01-07,56.39,57.16,55.95,56.44,12352000
2019-01-08,56.71,56.88,55.61,55.95,12110000
2019-01-09,56.26,57.11,56.14,56.61,10971000
2019-01-10,56.19,56.99,56.099998,56.8,10958200
2019-01-11,56.47,58.17,56.33,57.5,12024300
2019-01-14,57.02,57.65,56.37,57.3,9449400
2019-01-15,57.32,57.4,55.56,55.73,17423400
2019-01-16,55.75,56.080002,55.16,55.27,13856000
2019-01-17,54.97,55.2,54.37,54.77,18365000
2019-01-18,55.39,55.9,54.99,55.27,28020000
2019-01-22,54.97,54.99,53.94,54.29,17867500
2019-01-23,52.92,53.57,51.22,51.77,33788600
2019-01-24,51.95,51.98,50.41,50.81,32782700
2019-01-25,50.93,52.029999,50.28,51.3,19516200
2019-01-28,50.32,51.29,50.24,50.64,24457600
2019-01-29,50.49,50.84,49.34,49.4,26266600
2019-01-30,49.68,50.87,49.21,50.17,18124100
2019-01-31,51.2,51.28,49.099998,49.52,24736300
2019-02-01,49.58,50.28,49.4,49.61,15533200
2019-02-04,49.71,49.8,49.47,49.69,10880000
2019-02-05,49.73,51.080002,49.72,50.73,15454200
2019-02-06,50.94,51.64,50.93,51.099998,11052900
2019-02-07,50.83,51.12,50.27,50.55,10623300
2019-02-08,50.24,50.68,49.91,50.29,12461200
2019-02-11,50.55,51.3,50.38,50.83,9971800
2019-02-12,51.3,52.18,51.02,51.66,16637600
2019-02-13,52.0,52.49,51.56,51.59,11004000
2019-02-14,51.5,51.77,51.09,51.57,17895000
2019-02-15,52.080002,52.36,51.6,51.98,12239500
2019-02-19,52.0,52.48,51.75,52.0099983,8258400
2019-02-20,52.25,52.92,52.14,52.45,12863700
2019-02-21,52.5,52.59,51.9,52.35,7826200
2019-02-22,52.69,53.15,52.64,53.12,13394500
2019-02-25,53.78,53.97,52.9,52.99,15341700
2019-02-26,53.080002,53.22,52.28,53.029999,11366700
2019-02-27,52.95,53.13,52.27,53.040001,10426200
2019-02-28,53.0,53.76,52.71,53.39,19000200
2019-03-01,54.0,54.4,53.71,54.2,12659000
2019-03-04,54.58,54.7,53.26,53.78,14021700
2019-03-05,53.9,54.23,53.7,53.94,10092800
2019-03-06,53.89,55.46,53.73,54.8,20521300
2019-03-07,54.83,55.049999,53.61,54.029999,13667300
2019-03-08,53.45,53.63,53.029999,53.53,10117100
2019-03-11,53.72,54.75,53.65,54.35,10738800
2019-03-12,54.66,55.31,54.54,54.84,9575300
2019-03-13,55.029999,55.94,55.0,55.39,9198900
2019-03-14,55.53,55.87,55.25,55.4,7306100
2019-03-15,55.0,57.34,54.92,56.6,27985600
2019-03-18,56.62,57.19,56.44,56.83,13089300
2019-03-19,57.17,57.68,56.78,56.97,9363700
2019-03-20,57.029999,57.69,56.75,57.16,8804800
2019-03-21,57.23,58.28,57.2,57.77,19542700
2019-03-22,57.68,58.09,56.75,56.82,10243500
2019-03-25,56.58,56.94,56.07,56.64,6929600
2019-03-26,57.15,58.39,56.67,58.0,16051800
2019-03-27,57.35,57.67,56.32,56.91,11934400
2019-03-28,57.029999,57.39,56.34,56.55,11064300
2019-03-29,57.0,57.56,56.94,57.029999,8529100
2019-04-01,57.64,58.15,57.11,57.81,12066500
2019-04-02,57.98,58.53,57.66,58.09,7614500
2019-04-03,58.2,58.29,57.18,57.68,11563400
2019-04-04,57.75,58.61,57.69,57.86,9905100
2019-04-05,57.98,58.19,57.69,57.99,12332600
2019-04-08,57.79,58.49,57.51,57.76,8942400
2019-04-09,57.57,57.66,57.029999,57.44,11713400
2019-04-10,57.71,57.86,56.099998,56.33,15976500
2019-04-11,56.44,56.9,55.79,55.9,13903800
2019-04-12,56.28,57.17,56.07,56.95,13483500
2019-04-15,57.14,57.67,57.029999,57.18,10712500
2019-04-16,57.46,71.029999,57.29,70.45,86755900
2019-04-17,78.82,82.52,76.49,79.080002,156019300
2019-04-18,78.72,80.2,78.019997,79.89,41621200
2019-04-22,79.83,82.5,79.34,81.97,33292500
2019-04-23,83.9,87.96,83.27,86.72,56973700
2019-04-24,87.040001,88.63,85.3,86.83,40290400
2019-04-25,86.17,86.32,84.52,85.07,20732200
2019-04-26,84.51,86.76,84.21,86.64,18860600
2019-04-29,86.4,87.98,85.84,87.25,17930000
2019-04-30,86.98,87.46,86.050003,86.13,17582400
2019-05-01,87.17,88.22,86.15,86.37,28211500
2019-05-02,87.5,90.34,86.15,87.14,40342000
2019-05-03,87.76,89.82,87.059998,89.29,21068400
2019-05-06,86.33,88.7,86.14,88.25,15682100
2019-05-07,87.2,88.15,84.78,85.2,21579500
2019-05-08,84.85,85.72,84.11,84.54,15500700
2019-05-09,83.37,84.84,82.26,83.78,14516000
2019-05-10,83.38,86.33,83.35,85.84,15955600
2019-05-13,83.24,84.85,82.99,83.89,16689000
2019-05-14,84.27,86.44,84.0,86.13,14353700
2019-05-15,85.55,87.0,84.89,86.26,11784800
2019-05-16,83.79,84.8,82.13,82.81,22498800
2019-05-17,80.49,83.12,80.0,81.5,19523400
2019-05-20,77.95,78.33,76.07,76.62,32679300
2019-05-21,78.91,79.040001,77.22,77.75,17282200
2019-05-22,69.13,71.74,67.97,69.31,66150700
2019-05-23,67.019997,68.27,65.9,68.26,31820700
2019-05-24,68.93,69.15,65.97,66.21,21420000
2019-05-28,66.64,67.71,65.24,65.37,22667300
2019-05-29,65.36,66.15,64.76,65.76,16312600
2019-05-30,65.97,67.07,65.93,66.59,11554600
2019-05-31,65.78,67.84,65.53,66.82,15060300
2019-06-03,67.089996,68.13,66.28,66.66,13620700
2019-06-04,67.61,68.5,66.7,68.45,15866700
2019-06-05,68.040001,68.33,65.83,67.019997,11779200
2019-06-06,66.92,67.97,66.27,67.59,10781700
2019-06-07,67.69,68.78,67.3,68.69,10495600
2019-06-10,69.0,71.46,69.0,70.54,15229200
2019-06-11,71.58,72.22,70.27,71.24,11839500
2019-06-12,69.53,70.37,69.2,69.59,9396200
2019-06-13,69.97,70.49,69.38,69.93,6790500
2019-06-14,68.35,69.12,67.9,68.72,12119500
2019-06-17,69.089996,69.98,68.9,69.11,9411100
2019-06-18,69.69,72.39,69.67,71.96,14508000
2019-06-19,72.37,72.62,70.8,71.8,11999300
2019-06-20,73.19,73.67,72.23,72.74,9871800
2019-06-21,72.31,73.17,72.31,72.72,15244500
2019-06-24,72.97,73.45,72.2,73.16,8893000
2019-06-25,73.23,74.14,72.52,72.55,8953400
2019-06-26,73.76,75.69,73.65,74.95,13808000
2019-06-27,75.34,75.9,75.17,75.43,11151900
2019-06-28,75.66,76.44,74.81,76.07,29217500
2019-07-01,80.67,80.76,77.080002,77.52,17693000
2019-07-02,77.28,77.48,76.62,77.010002,7075600
2019-07-03,77.07,77.23,76.050003,76.63,5290400
2019-07-05,74.2,76.72,74.099998,76.66,9220800
2019-07-08,75.98,77.029999,75.93,76.63,7924900
2019-07-09,76.44,76.84,75.84,76.55,7506500
2019-07-10,76.83,76.91,74.080002,74.36,15075700
2019-07-11,74.52,75.78,73.3,73.71,14298400
2019-07-12,74.25,74.98,73.66,74.9,8028100
2019-07-15,75.15,75.9,74.79,75.43,8898200
2019-07-16,75.11,76.5,74.55,75.67,9909600
2019-07-17,78.57,79.4,75.71,75.76,20602300
2019-07-18,74.97,75.35,74.050003,74.37,12580800
2019-07-19,74.42,75.71,74.42,75.0,14477400
2019-07-22,75.059998,76.62,75.059998,75.95,9645800
2019-07-23,75.34,75.59,73.31,74.12,14420400
2019-07-24,74.010002,76.42,73.68,75.87,14012700
2019-07-25,75.84,76.14,75.099998,75.35,7299500
2019-07-26,75.11,75.85,74.85,75.22,8262500
2019-07-29,75.16,76.32,74.67,74.97,8237500
2019-07-30,74.58,75.07,74.36,74.81,7397900
2019-07-31,74.83,75.28,72.76,73.16,14052800
2019-08-01,68.88,73.71,68.25,71.2,29729800
2019-08-02,70.44,71.53,70.010002,71.15,12649400
2019-08-05,69.97,70.84,68.56,68.8,13071800
2019-08-06,69.52,69.93,67.38,68.17,13189900
2019-08-07,67.26,69.6,67.12,69.4,8934900
2019-08-08,69.56,71.35,69.35,71.26,8367900
2019-08-09,70.51,72.19,70.19,71.5,8702200
2019-08-12,71.0,71.48,69.73,69.8,7364300
2019-08-13,69.89,72.47,69.31,72.18,10134800
2019-08-14,70.64,71.89,70.55,70.88,10336900
2019-08-15,71.44,72.19,70.59,71.16,9107000
2019-08-16,71.85,73.41,71.73,73.28,10090600
2019-08-19,74.58,75.53,74.14,74.87,9688400
2019-08-20,74.57,76.44,74.33,76.07,9387300
2019-08-21,76.5,77.19,75.99,76.7,11004100
2019-08-22,76.91,77.95,76.6,77.15,7198800
2019-08-23,76.12,79.099998,73.22,73.52,16479400
2019-08-26,74.9,75.089996,72.52,72.91,11153800
2019-08-27,73.68,74.38,73.2,73.97,7303100
2019-08-28,73.79,74.88,72.91,74.35,5678500
2019-08-29,75.22,77.029999,75.22,76.45,7348400
2019-08-30,77.18,78.050003,77.0,77.77,8465300
2019-09-03,76.77,76.99,74.7,75.12,7580700
2019-09-04,75.99,77.12,75.63,77.089996,4923700
2019-09-05,77.89,80.44,77.89,78.99,13480300
2019-09-06,78.96,79.080002,78.44,78.84,5128000
2019-09-09,79.040001,79.45,77.97,78.21,6885100
2019-09-10,78.029999,78.88,77.34,78.71,9373900
2019-09-11,78.17,79.91,78.12,79.9,6575700
2019-09-12,80.050003,80.050003,78.58,79.080002,5847100
2019-09-13,79.18,79.54,78.37,78.41,5343700
2019-09-16,77.58,78.49,76.91,78.040001,3756500
2019-09-17,77.61,78.79,77.51,78.69,4400800
2019-09-18,78.69,79.07,77.64,78.9,5147500
2019-09-19,79.24,80.0,78.21,78.23,5180900
2019-09-20,78.2,78.7,76.17,76.44,9122000
2019-09-23,76.67,77.91,76.059998,77.24,5815700
2019-09-24,78.080002,78.3,74.63,75.23,10177800
2019-09-25,75.029999,77.49,74.88,77.26,5571600
2019-09-26,77.16,77.69,75.94,77.35,3760300
2019-09-27,77.010002,78.2,76.21,76.63,5013200
2019-09-30,76.89,76.95,76.019997,76.28,4775800
2019-10-01,77.059998,78.059998,74.97,75.47,7043700
2019-10-02,75.26,75.71,73.77,73.99,5997500
2019-10-03,73.93,75.83,73.16,75.73,5419400
2019-10-04,76.32,77.56,75.84,77.49,4893600
2019-10-07,77.010002,77.55,76.27,76.34,4215500
2019-10-08,75.52,75.82,72.81,72.85,8489600
2019-10-09,73.91,74.8,73.56,74.35,5137500
2019-10-10,74.35,75.97,74.17,74.97,5580600
2019-10-11,76.19,77.82,76.010002,76.7,7280800
2019-10-14,76.65,77.37,76.28,76.3,4545300
2019-10-15,76.88,77.98,76.28,77.82,5222500
2019-10-16,77.49,78.32,77.28,78.23,6218000
2019-10-17,78.7,79.96,78.4,78.97,5916700
2019-10-18,78.62,79.22,77.67,77.68,6107000
2019-10-21,78.38,79.089996,78.010002,78.98,5119800
2019-10-22,78.93,79.07,78.24,78.47,4944500
2019-10-23,77.21,78.13,76.87,77.24,5785700
2019-10-24,78.059998,79.019997,77.59,78.99,5271200
2019-10-25,79.0,80.23,78.91,80.17,6712300
2019-10-28,80.55,83.13,80.54,83.050003,9949800
2019-10-29,82.75,82.85,81.44,81.66,4993600
2019-10-30,82.099998,82.25,80.85,81.44,3971000
2019-10-31,81.44,81.47,79.84,80.44,5693700
2019-11-01,81.59,83.65,81.25,83.58,8620300
2019-11-04,84.54,85.87,84.31,85.089996,8389200
2019-11-05,85.2,85.74,84.73,85.46,7280000
2019-11-06,85.34,85.61,84.22,84.63,9755300
2019-11-07,89.83,92.5,88.32,89.98,30254000
2019-11-08,89.98,94.11,89.6,94.029999,16371300
2019-11-11,91.71,92.52,90.89,91.84,11297700
2019-11-12,92.18,92.25,90.17,90.97,9332100
2019-11-13,90.7,91.9,89.62,90.47,9353200
2019-11-14,90.31,90.58,89.43,90.48,8793600
2019-11-15,92.6,93.94,90.58,90.81,25490200
2019-11-18,90.81,91.98,89.28,90.48,10360500
2019-11-19,91.25,91.39,86.68,87.96,18091300
2019-11-20,87.82,88.36,85.31,85.62,13045100
2019-11-21,84.79,86.3,84.55,85.11,10180400
2019-11-22,85.29,85.82,84.53,84.89,6166700
2019-11-25,85.76,86.29,85.080002,85.29,8964100
2019-11-26,85.25,85.55,84.14,84.63,11584500
2019-11-27,85.16,85.31,84.47,84.8,5215000
2019-11-29,84.51,85.099998,83.42,83.55,3882400
2019-12-02,83.98,84.29,82.31,82.45,7668800
2019-12-03,81.38,81.39,79.81,80.58,11126100
2019-12-04,80.92,82.44,80.45,82.080002,8477400
2019-12-05,82.65,83.44,81.78,82.59,6358300
2019-12-06,83.45,84.25,83.42,83.82,6860400
2019-12-09,84.0,85.3,83.84,84.92,8382900
2019-12-10,85.040001,85.33,83.69,84.12,8082200
2019-12-11,84.84,87.099998,84.76,86.99,9571500
2019-12-12,86.84,89.23,86.37,89.050003,12164600
2019-12-13,88.91,89.7,87.56,87.83,12269100
2019-12-16,89.28,90.46,88.35,88.43,8719100
2019-12-17,89.0,89.040001,87.68,88.32,7485900
2019-12-18,88.54,88.65,87.59,87.98,5860600
2019-12-19,88.36,88.7,87.62,88.49,7471400
2019-12-20,88.82,89.85,88.18,88.85,17538000
2019-12-23,89.010002,89.33,88.25,88.45,7274700
2019-12-24,88.62,88.81,87.98,88.77,2435200
2019-12-26,88.92,88.96,88.0,88.4,5070000
2019-12-27,88.9,88.95,88.089996,88.8,5808900
2019-12-30,88.71,88.78,87.31,88.43,6543100
2019-12-31,87.99,88.77,87.88,88.23,5173400
2020-01-02,89.050003,89.81,88.080002,88.69,8413900
2020-01-03,87.26,87.64,86.44,87.019997,8340300
2020-01-06,85.91,86.55,85.54,86.51,8381400
2020-01-07,87.040001,89.49,86.91,88.97,8377400
2020-01-08,88.9,89.47,87.92,88.71,7619900
2020-01-09,89.66,90.72,88.83,89.91,9155500
2020-01-10,90.51,92.39,89.87,90.26,9668300
2020-01-13,91.050003,92.73,90.55,90.97,10367800
2020-01-14,91.13,91.61,90.29,90.56,7800100
2020-01-15,90.75,91.18,89.25,89.67,7259100
2020-01-16,90.22,92.23,89.82,91.79,9295500
2020-01-17,93.0,96.17,92.95,95.91,23694400
2020-01-21,95.33,95.72,93.42,94.54,10868500
2020-01-22,95.26,95.39,92.71,92.97,8342300
2020-01-23,92.85,92.95,91.46,92.0,11282000
2020-01-24,92.68,93.25,88.83,89.65,9471700
2020-01-27,87.3,88.22,86.45,87.050003,9240200
2020-01-28,88.15,89.54,87.39,89.15,9187000
2020-01-29,88.66,89.019997,87.35,88.23,8158500
2020-01-30,87.31,87.86,86.19,87.78,8379400
2020-01-31,87.050003,87.17,85.040001,85.31,9503600
2020-02-03,85.55,86.58,85.16,86.48,7792700
2020-02-04,88.25,88.95,87.37,88.93,9236400
2020-02-05,90.99,91.14,89.27,90.91,14220900
2020-02-06,88.059998,90.78,86.19,90.61,21059000
2020-02-07,89.62,90.029999,87.38,87.42,10725100
2020-02-10,86.78,88.64,86.5,88.6,7481300
2020-02-11,89.37,91.47,88.9,90.0,9452800
2020-02-12,91.65,92.44,91.29,91.72,9824200
2020-02-13,91.029999,91.38,89.78,90.029999,8428300
2020-02-14,90.55,90.8,88.79,89.6,6256500
2020-02-18,87.83,89.0,87.53,88.029999,7248100
2020-02-19,88.92,90.62,88.65,90.56,7820900
2020-02-20,90.81,91.88,88.68,89.47,9754900
2020-02-21,88.56,89.029999,86.33,87.029999,12257600
2020-02-24,83.9,84.83,82.71,83.32,12158500
2020-02-25,83.94,84.4,79.64,80.22,14725000
2020-02-26,81.0,82.029999,79.089996,79.66,13125000
2020-02-27,77.13,78.19,75.33,75.94,17898300
2020-02-28,73.76,79.81,73.34,78.3,20843300
2020-03-02,79.019997,80.71,77.13,80.56,15043400
2020-03-03,80.82,82.65,77.83,78.56,16356200
2020-03-04,79.12,81.91,78.050003,81.8,9894900
2020-03-05,79.46,81.37,78.7,79.17,9396200
2020-03-06,76.33,78.080002,75.83,77.47,11536500
2020-03-09,72.4,76.099998,71.83,72.64,13898500
2020-03-10,74.8,79.040001,74.16,78.89,13615600
2020-03-11,76.29,77.79,73.72,74.62,13376500
2020-03-12,69.52,72.53,67.0,67.019997,19386200
2020-03-13,71.18,76.67,67.26,75.81,15971400
2020-03-16,68.28,71.17,64.46,64.48,16134700
2020-03-17,65.91,69.81,62.2,68.86,16864500
2020-03-18,63.56,65.56,58.0,61.19,18381200
2020-03-19,61.12,67.55,59.040001,65.0,17127400
2020-03-20,65.029999,67.98,60.79,60.91,16591500
2020-03-23,61.55,64.86,59.11,62.53,14920300
2020-03-24,66.0,67.62,62.19,65.46,18966800
2020-03-25,65.9,66.96,62.46,63.080002,15969800
2020-03-26,64.0,69.66,63.25,68.98,15820300
2020-03-27,66.5,69.12,65.93,66.59,9739100
2020-03-30,67.19,69.5,66.059998,69.029999,9880800
2020-03-31,69.3,70.36,66.66,67.65,13213900
2020-04-01,65.0,68.7,65.0,65.9,14167900
2020-04-02,65.87,68.26,65.31,68.019997,15432900
2020-04-03,67.68,68.69,64.55,65.23,8600700
2020-04-06,68.5,71.37,67.65,70.95,12153100
2020-04-07,73.66,74.9,70.86,72.73,11285600
2020-04-08,73.7,74.38,72.42,73.33,10695600
2020-04-09,74.62,74.84,70.0,71.58,15459400
2020-04-13,71.71,73.51,71.44,73.3,7896500
2020-04-14,75.0,77.67,74.97,77.55,11314100
2020-04-15,75.86,76.34,74.029999,75.99,9951700
2020-04-16,76.86,77.69,75.38,76.85,8819700
2020-04-17,77.32,78.25,75.48,76.17,9926000
2020-04-20,75.019997,76.23,74.099998,74.31,7217700
2020-04-21,73.31,73.97,71.75,71.84,9273800
2020-04-22,73.79,75.34,72.75,74.68,7365300
2020-04-23,75.0,76.17,73.76,73.81,7673800
2020-04-24,73.92,76.11,73.66,76.040001,6071300
2020-04-27,76.59,77.82,75.49,75.98,7219500
2020-04-28,77.11,77.78,75.16,75.29,6250500
2020-04-29,77.17,79.24,76.83,78.97,11950200
2020-04-30,80.27,80.87,77.28,78.67,17113500
2020-05-01,76.85,77.59,74.68,75.64,9742100
2020-05-04,75.16,75.94,74.089996,75.68,7202400
2020-05-05,76.75,78.81,76.56,77.63,7540800
2020-05-06,78.81,80.14,78.52,78.87,8179700
2020-05-07,79.7,80.17,78.26,78.83,7291800
2020-05-08,79.7,81.089996,79.36,80.56,7887200
2020-05-11,80.29,81.27,79.54,80.48,6604600
2020-05-12,81.29,81.79,78.4,78.42,7318100
2020-05-13,78.86,79.51,76.75,78.0,9584800
2020-05-14,77.5,80.0,76.47,79.87,9956800
2020-05-15,74.67,77.7,74.37,75.77,29597800
2020-05-18,77.27,80.18,77.21,79.94,13191000
2020-05-19,79.75,80.15,78.0,78.089996,8118400
2020-05-20,79.96,81.96,79.69,80.63,11379200
2020-05-21,79.47,80.089996,77.87,78.0,8141500
2020-05-22,78.26,78.76,77.29,78.7,5530400
2020-05-26,80.19,80.57,77.78,78.019997,10067300
2020-05-27,78.27,79.32,76.16,79.29,9125900
2020-05-28,80.24,81.48,77.73,78.11,11161700
2020-05-29,78.7,81.2,77.9,80.88,10558700
2020-06-01,79.89,80.48,79.24,79.73,6474800
2020-06-02,79.93,84.88,79.91,84.63,13255300
2020-06-03,84.95,85.95,83.62,84.11,13029300
2020-06-04,83.95,86.7,83.95,86.040001,12109000
2020-06-05,88.0,89.48,87.82,88.55,11882100
2020-06-08,89.0,91.5,88.34,91.37,9748300
2020-06-09,90.23,90.39,89.059998,89.75,7327700
2020-06-10,90.25,92.14,90.029999,91.010002,9079700
2020-06-11,88.62,89.059998,83.91,84.019997,15241700
2020-06-12,86.25,87.14,83.53,85.24,10113200
2020-06-15,83.67,86.57,83.099998,86.39,9852600
2020-06-16,89.9,90.44,87.76,89.52,12639800
2020-06-17,90.68,91.089996,89.3,89.94,7620300
2020-06-18,89.85,90.49,89.029999,89.92,5709500
2020-06-19,89.87,90.25,87.54,88.81,23213800
2020-06-22,88.72,89.44,87.61,89.13,8028000
2020-06-23,90.14,90.61,89.11,89.35,7778700
2020-06-24,89.17,89.83,87.42,89.14,8208800
2020-06-25,88.7,89.46,87.32,88.96,7062600
2020-06-26,89.07,89.73,87.54,88.019997,9126500
2020-06-29,88.21,89.15,86.68,89.010002,5870400
2020-06-30,89.2,91.93,89.0,91.21,9378500
2020-07-01,91.010002,91.3,89.58,89.78,6990600
2020-07-02,91.089996,92.5,90.8,91.87,8317300
2020-07-06,93.21,93.75,92.099998,92.92,6933100
2020-07-07,92.97,93.55,91.91,92.14,6722400
2020-07-08,93.27,93.6,92.34,93.53,6692700
2020-07-09,93.95,93.95,91.44,93.25,6287700
2020-07-10,93.0,93.52,91.56,92.51,5687600
2020-07-13,93.3,94.13,91.2,91.33,7606400
2020-07-14,90.86,92.62,89.2,92.38,6571000
2020-07-15,92.93,92.93,91.010002,92.55,6154100
2020-07-16,91.26,91.75,90.68,91.2,6178700
2020-07-17,91.68,92.46,91.0,92.23,5985700
2020-07-20,92.19,93.27,91.3,93.17,5407500
2020-07-21,93.55,93.85,91.81,92.31,7098600
2020-07-22,92.74,93.29,91.67,92.6,4366400
2020-07-23,92.91,92.97,89.23,89.67,9438500
2020-07-24,89.21,90.29,87.51,88.89,9520000
2020-07-27,90.019997,92.84,89.26,92.7,8021700
2020-07-28,92.17,92.59,90.57,91.45,5818400
2020-07-29,92.080002,93.62,91.74,93.029999,11453000
2020-07-30,102.42,107.69,100.7,107.19,42122500
2020-07-31,105.66,107.75,104.51,105.61,16765100
2020-08-03,107.4,113.0,107.029999,109.59,18899400
2020-08-04,109.49,111.019997,108.66,110.95,10205400
2020-08-05,111.0,112.46,110.080002,111.39,7967400
2020-08-06,111.23,111.36,109.93,111.059998,6392200
2020-08-07,110.010002,111.050003,106.0,108.25,11155900
2020-08-10,108.6,108.99,105.72,106.36,10087100
2020-08-11,106.2,112.010002,104.74,108.83,17803000
2020-08-12,110.39,116.25,109.65,115.79,18664700
2020-08-13,116.2,116.2,112.77,113.41,9958400
2020-08-14,113.3,114.52,112.57,113.74,6641000
2020-08-17,113.29,114.49,110.63,112.18,10283000
2020-08-18,112.91,113.38,111.52,112.029999,6387000
2020-08-19,112.33,113.47,110.75,111.040001,7747600
2020-08-20,110.0,110.98,109.67,110.66,7200300
2020-08-21,110.23,113.15,109.95,113.0,8546900
2020-08-24,114.37,116.0,113.27,115.91,10235000
2020-08-25,116.11,117.099998,114.44,115.95,6208000
2020-08-26,116.25,116.55,115.17,116.040001,7487400
2020-08-27,116.43,118.18,115.35,116.019997,8206200
2020-08-28,116.71,118.26,116.17,118.2,6280300
2020-08-31,118.33,121.059998,118.12,119.099998,9694600
2020-09-01,121.080002,122.57,119.51,122.010002,9091900
2020-09-02,123.26,123.93,121.81,123.18,9167700
2020-09-03,121.3,121.71,115.6,116.43,13560800
2020-09-04,115.69,117.82,112.38,115.97,11064300
2020-09-08,111.94,113.88,109.62,109.77,10245200
2020-09-09,113.48,115.77,112.3,114.019997,9708400
2020-09-10,115.15,115.81,111.57,112.44,6166300
2020-09-11,113.38,114.85,112.4,113.42,6740200
2020-09-14,115.24,115.43,112.65,113.46,5397300
2020-09-15,114.94,117.81,114.79,116.58,8773700
2020-09-16,118.0,118.0,114.54,114.56,6340100
2020-09-17,111.92,115.7,111.0,114.88,7418100
2020-09-18,115.040001,115.43,109.8,110.69,15443200
2020-09-21,109.16,112.14,108.3,111.92,8197600
2020-09-22,112.61,114.25,110.42,113.82,6911200
2020-09-23,113.64,113.93,110.07,110.57,6553300
2020-09-24,109.39,113.29,109.24,112.19,6849000
2020-09-25,113.55,115.75,111.8,114.5,11718000
2020-09-28,115.96,118.74,114.92,118.47,9043600
2020-09-29,118.14,119.25,117.2,117.38,5655700
2020-09-30,117.5,119.26,116.92,117.68,5829700
2020-10-01,119.93,120.21,117.7,119.52,5316800
2020-10-02,116.78,118.66,115.43,115.47,5834300
2020-10-05,116.9,120.65,116.73,120.52,5835900
2020-10-06,120.45,122.52,119.099998,119.54,7637000
2020-10-07,121.24,123.36,120.65,123.029999,7410300
2020-10-08,124.0,124.43,121.84,122.34,4757500
2020-10-09,123.93,125.89,122.79,124.87,11073400
2020-10-12,127.7,127.7,124.95,126.69,7893800
2020-10-13,127.47,128.17999,125.4,127.46,7605700
2020-10-14,129.080002,132.42,128.92999,129.88,13177100
2020-10-15,127.3,129.14,126.65,128.58,7376600
2020-10-16,129.7,130.19,127.74,129.029999,6625400
2020-10-19,130.13,131.96001,127.7,128.42,5765800
2020-10-20,129.17999,129.33,127.51,128.3,4409800
2020-10-21,128.039993,130.42,126.37,128.55,4344000
2020-10-22,129.50999,129.59,126.86,128.38,3895100
2020-10-23,128.59,129.10001,127.099998,128.88,3943100
2020-10-26,127.53,128.67,124.4,126.2,6065900
2020-10-27,126.51,126.96,125.19,125.91,5825500
2020-10-28,123.5,123.82,121.050003,121.58,8234800
2020-10-29,122.059998,127.69,121.89,126.44,7053300
2020-10-30,123.68,125.25,121.6,123.36,7811200
2020-11-02,124.5,126.17,122.41,123.97,5860300
2020-11-03,125.44,126.92,124.69,125.45,5832800
2020-11-04,129.32001,129.57001,126.07,128.97,12608900
2020-11-05,145.82001,148.8,141.83,145.41,27910900
2020-11-06,146.0099945,146.23,143.96001,145.0099945,7278500
2020-11-09,149.41,149.41,142.44,142.61,10666300
2020-11-10,140.14999,143.17,138.53,140.11,12019900
2020-11-11,144.5,148.089996,144.0,147.69,10222700
2020-11-12,147.57001,148.50999,143.070007,143.91,8580700
2020-11-13,145.53999,146.25,143.23,144.25999,5899200
2020-11-16,145.2,149.25,144.55,149.070007,7598500
2020-11-17,149.020004,149.85001,147.17999,148.74001,7438600
2020-11-18,149.24001,153.33,146.91,147.050003,12124500
2020-11-19,146.56,149.3,145.46001,147.53,7743700
2020-11-20,148.28,149.10001,145.94,146.029999,5551900
2020-11-23,142.35001,147.0,141.88,143.82001,11649400
2020-11-24,143.39,146.33,141.11,145.92999,10800800
2020-11-25,145.95,147.49001,144.039993,144.080002,6398900
2020-11-27,145.49001,146.42999,143.7,143.83,3878000
2020-11-30,144.63,147.28999,144.050003,147.17,8712500
2020-12-01,148.78999,152.39,147.78999,151.25999,11906100
2020-12-02,150.50999,151.49001,149.62,149.98,7800300
2020-12-03,151.039993,152.77,149.64,149.91,6355300
2020-12-04,150.3,158.089996,150.0,157.62,12759900
2020-12-07,158.55,158.97,156.71001,158.020004,7009300
2020-12-08,157.46001,159.28999,155.87,158.8,6088300
2020-12-09,158.60001,161.070007,155.55,156.020004,7947200
2020-12-10,154.42,157.85001,152.73,155.75,7522200
2020-12-11,149.24001,150.27,141.89,144.28,25923100
2020-12-14,144.89999,147.75,143.33,146.28999,12258500
2020-12-15,149.37,149.92,147.10001,148.36,6616400
2020-12-16,149.14,150.44,146.71001,149.74001,6610900
2020-12-17,150.87,151.23,148.38,149.53,7039000
2020-12-18,150.78999,150.78999,146.12,147.42,13288300
2020-12-21,145.0099945,147.36,144.41,146.8,7024600
2020-12-22,146.61,147.029999,144.72,146.34,5751500
2020-12-23,147.63,151.53999,146.87,146.96001,5186700
2020-12-24,147.8,148.89999,147.2,148.78999,2120200
2020-12-28,150.62,151.070007,147.44,147.74001,4576600
2020-12-29,148.97,148.99001,147.029999,148.49001,3543800
2020-12-30,149.12,151.61,148.92,149.95,3965600
2020-12-31,150.32001,152.56,150.10001,152.34,4941700
2021-01-04,153.0099945,155.14999,147.14,148.5,9827000
2021-01-05,148.64999,152.7,148.5,152.42999,8507200
2021-01-06,151.53,153.87,149.47,151.19,7174600
2021-01-07,152.33,156.42,152.25999,155.7,8482300
2021-01-08,157.23,157.53,154.53999,156.64,6252400
2021-01-11,156.10001,158.13,154.92,156.11,5147800
2021-01-12,156.64,156.87,153.96001,154.45,4385700
2021-01-13,155.19,157.92999,153.64999,157.42,5479900
2021-01-14,159.39999,163.17999,158.5,160.85001,10102400
2021-01-15,160.77,160.86,156.88,157.089996,8607400
2021-01-19,158.94,164.10001,158.45,163.77,8209000
2021-01-20,164.72,167.94,164.44,164.60001,7943300
2021-01-21,165.81,166.49001,163.34,164.75,6295700
2021-01-22,164.0,164.27,161.52,162.42,5062300
2021-01-25,164.32001,167.050003,161.73,164.39999,5370800
2021-01-26,164.2,164.64999,160.91,162.55,6554200
2021-01-27,158.49001,160.73,152.69,153.67,9854000
2021-01-28,156.28,158.97,153.11,155.55,8087400
2021-01-29,160.25,160.64,154.75,156.28,9502100
2021-02-01,157.37,162.39999,156.49001,161.58,8265100
2021-02-02,164.50999,165.38,161.3,164.78,6926500
2021-02-03,167.58,167.58,161.8,162.3,14156700
2021-02-04,150.17999,151.78,145.2,147.97,46141800
2021-02-05,148.85001,148.89999,144.62,145.84,24695400
2021-02-08,147.10001,147.60001,145.3,147.38,12181600
2021-02-09,147.55,148.5,145.89999,146.11,11681300
2021-02-10,147.62,147.75,144.37,145.5,11701300
2021-02-11,145.78,146.57001,143.53,145.56,11600200
2021-02-12,145.57001,151.39999,144.87,147.98,9155200
2021-02-16,149.0,149.74001,146.059998,147.16,10211900
2021-02-17,145.82001,146.89,143.42,144.75,11937200
2021-02-18,143.53999,144.7,142.96001,143.91,8404400
2021-02-19,144.78,145.85001,143.49001,144.94,10012500
2021-02-22,142.25,144.12,139.080002,139.46001,12763900
2021-02-23,136.38,138.48,134.44,137.12,14425300
2021-02-24,136.39999,141.17999,135.089996,141.10001,13146200
2021-02-25,139.56,140.83,135.020004,135.53,12701100
2021-02-26,136.75999,138.14999,134.7,136.19,11772600
2021-03-01,137.5,139.63,136.46001,139.49001,9421400
2021-03-02,140.0,140.10001,136.77,137.039993,8693200
2021-03-03,135.60001,136.17999,131.53999,131.66,14862700
2021-03-04,132.35001,134.2,126.58,127.8,15831100
2021-03-05,130.92,131.17,125.4,129.75,13292000
2021-03-08,129.0,129.77,122.99,123.2,15256100
2021-03-09,127.39,129.92,126.33,129.11,13130200
2021-03-10,130.67,131.10001,127.64,127.87,12492300
2021-03-11,131.0099945,133.24001,130.0099945,131.74001,11920200
2021-03-12,129.89999,130.33,127.62,129.98,9365700
2021-03-15,130.059998,131.75999,129.12,131.64,7807200
2021-03-16,132.89,135.44,132.28999,133.64999,10434700
2021-03-17,131.31,135.60001,129.67999,133.92,10781500
2021-03-18,132.44,133.60001,129.66,129.75,9579000
2021-03-19,129.78999,132.48,129.17,131.020004,17599900
2021-03-22,132.96001,135.55,132.60001,134.089996,9036900
2021-03-23,134.0,134.35001,131.41,132.52,7425700
2021-03-24,132.99001,133.059998,127.11,127.18,10962300
2021-03-25,126.66,127.64,124.39,127.28,10460800
2021-03-26,127.059998,133.35001,127.040001,132.99001,11071600
2021-03-29,132.53999,133.34,129.77,131.27,9750100
2021-03-30,130.17,131.24001,129.070007,130.11,7097300
2021-03-31,130.96001,133.52,130.57001,132.59,8361300
2021-04-01,134.5,138.42999,133.60001,137.78999,14069600
2021-04-05,139.039993,140.5,138.23,140.33,12562800
2021-04-06,139.85001,140.23,137.64,138.059998,9100000
2021-04-07,138.33,139.95,137.39999,139.42999,6958500
2021-04-08,140.0,140.37,138.81,140.34,7304900
2021-04-09,139.89999,140.67999,138.88,140.57001,6033200
2021-04-12,138.86,139.89,136.050003,137.44,10355500
2021-04-13,138.38,138.77,135.75,137.3,9225200
2021-04-14,137.080002,137.84,133.91,134.75,9967800
2021-04-15,136.0,137.99001,135.57001,137.84,11733200
2021-04-16,137.62,139.0099945,136.64999,138.21001,6583900
2021-04-19,136.89999,137.050003,134.089996,135.25,8728900
2021-04-20,134.55,134.78,132.78999,133.39999,7473700
2021-04-21,132.82001,136.37,132.5,136.19,7237900
2021-04-22,135.37,135.96001,132.47,132.97,8345100
2021-04-23,133.74001,136.11,133.53999,135.42999,7666600
2021-04-26,135.33,139.69,135.12,138.96001,9715400
2021-04-27,138.71001,139.38,136.98,138.0099945,9284500
2021-04-28,138.17,138.27,135.75,136.57001,13118100
2021-04-29,145.0099945,145.3,140.67,142.67999,20502100
2021-04-30,141.070007,142.089996,138.25999,138.8,11374600
2021-05-03,139.7,139.75999,136.87,137.42999,7920300
2021-05-04,136.0,136.0,132.42,134.12,11996300
2021-05-05,136.080002,136.45,134.11,134.64999,6285500
2021-05-06,134.49001,136.53999,133.10001,136.0,8352500
2021-05-07,136.94,138.69,136.28999,137.85001,6893700
2021-05-10,136.020004,136.67999,128.82001,128.94,19537200
2021-05-11,125.25,128.56,124.77,128.37,11948000
2021-05-12,126.029999,127.13,123.68,124.62,13529600
2021-05-13,127.12,128.48,125.87,127.11,10633000
2021-05-14,128.63,131.42,127.81,130.14999,9391100
2021-05-17,129.28999,129.83,127.71,129.8,5917400
2021-05-18,130.64,131.24001,128.78999,128.91,8651100
2021-05-19,127.19,130.83,126.45,130.66,8112900
2021-05-20,131.53,133.28,131.46001,132.64,9208400
2021-05-21,132.14,132.69,130.49001,131.46001,8674000
2021-05-24,131.33,134.0,131.33,132.91,8229300
2021-05-25,133.53999,134.3,132.8,133.75,7271400
2021-05-26,133.87,134.52,132.22,133.089996,6663300
2021-05-27,132.73,134.64,132.71001,133.64,7379300
2021-05-28,134.14999,135.64,133.95,134.53999,7042200
2021-06-01,135.10001,136.070007,133.53,133.94,7059600
2021-06-02,133.17999,134.73,132.47,133.82001,6026000
2021-06-03,132.64999,133.39,131.42,131.78,6644000
2021-06-04,132.53,135.050003,132.2,134.34,7416700
2021-06-07,133.7,133.77,132.64,133.32001,5563300
2021-06-08,134.059998,135.39,133.0,134.2,9657900
2021-06-09,135.10001,135.35001,132.78999,132.89,6717200
2021-06-10,133.050003,135.10001,132.58,134.22,5522300
2021-06-11,133.8,134.64999,133.64999,134.62,6529900
2021-06-14,135.2,137.31,134.78999,137.31,7912600
2021-06-15,137.14,137.38,135.23,135.58,5723600
2021-06-16,136.47,137.050003,133.66,134.95,7404700
2021-06-17,134.31,136.62,134.089996,135.35001,6618300
2021-06-18,134.55,134.58,132.24001,133.0,12753600
2021-06-21,133.050003,135.10001,132.66,133.96001,6371400
2021-06-22,134.22,135.31,133.28999,135.080002,5976400
2021-06-23,134.89,136.23,134.81,135.52,6613800
2021-06-24,136.62,138.50999,136.35001,137.92,7941700
2021-06-25,138.45,139.47,136.97,137.64999,7949200
2021-06-28,138.23,140.17,137.98,139.72,6645500
2021-06-29,139.63,142.95,139.25,142.62,6885400
2021-06-30,142.35001,143.63,141.84,142.92999,6449700
2021-07-01,142.91,143.020004,140.35001,140.8,6094100
2021-07-02,141.99001,142.67999,141.25,142.58,5399100
2021-07-06,143.0,143.17999,139.67999,141.19,7095200
2021-07-07,142.24001,142.36,139.059998,139.97,5034900
2021-07-08,137.72,138.87,135.60001,138.28999,7501100
2021-07-09,137.89,141.73,137.81,141.42999,7356800
2021-07-12,141.39999,143.020004,141.2,142.47,6786500
2021-07-13,142.44,142.66,140.42,141.17999,5657600
2021-07-14,143.5,146.34,142.5,143.75,11305700
2021-07-15,144.12,144.14,140.72,141.46001,6667400
2021-07-16,141.87,142.50999,139.53,139.71001,5914300
2021-07-19,138.32001,138.89999,136.81,138.78999,9371300
2021-07-20,139.020004,140.42,137.2,139.55,6020400
2021-07-21,139.64999,142.22,139.64999,142.17,6161900
2021-07-22,142.0,142.85001,141.5,142.44,3862600
2021-07-23,143.45,144.99001,142.029999,144.88,6310400
2021-07-26,143.95,144.38,142.24001,143.5,6253900
2021-07-27,142.49001,143.0,138.21001,140.92999,7575800
2021-07-28,141.27,142.91,140.14,142.44,9303400
2021-07-29,146.5,151.52,146.41,150.99001,19446900
2021-07-30,149.2,150.41,148.36,149.8,8404800
2021-08-02,150.0,152.28,148.21001,148.86,10823800
2021-08-03,148.91,149.58,146.56,147.95,6223400
2021-08-04,148.020004,149.2,147.33,148.22,5556400
2021-08-05,147.24001,147.47,144.57001,146.83,7169200
2021-08-06,146.13,148.23,145.92,146.28,5733300
2021-08-09,146.78999,147.72,145.75,146.92,4966600
2021-08-10,147.32001,147.5,142.39999,145.87,4197100
2021-08-11,146.059998,146.78999,144.39999,146.67999,6216000
2021-08-12,147.75999,148.0,146.39,147.14999,5777700
2021-08-13,147.0,149.31,146.92999,148.64,5764000
2021-08-16,148.39999,149.080002,146.72,148.13,4410800
2021-08-17,146.95,147.0,143.57001,144.41,7256800
2021-08-18,143.84,144.66,141.98,142.17999,6546500
2021-08-19,140.64999,141.45,138.96001,140.61,8661000
2021-08-20,140.61,142.25999,140.3,142.089996,6141000
2021-08-23,142.64999,144.61,142.35001,144.14,6936900
2021-08-24,144.59,145.59,143.84,144.46001,7066800
2021-08-25,144.46001,145.42999,143.47,143.87,5721600
2021-08-26,143.19,143.75999,141.62,142.38,6825100
2021-08-27,142.2,144.95,141.92,144.85001,6274500
2021-08-30,145.59,147.86,145.56,145.94,5263600
2021-08-31,146.8,147.53,144.56,146.69,7820500
2021-09-01,146.84,148.10001,146.22,146.45,6451400
2021-09-02,146.7,146.89,144.50999,145.12,6006700
2021-09-03,145.12,145.99001,144.23,144.63,5505800
2021-09-07,144.67999,144.75999,143.12,143.75,6361200
2021-09-08,143.36,143.62,141.49001,142.52,5981300
2021-09-09,142.47,143.53999,141.45,141.58,6190800
2021-09-10,143.13,146.0,142.53999,142.67999,6263300
2021-09-13,144.020004,144.73,142.029999,143.41,4312800
2021-09-14,144.47,144.81,140.62,141.14,6442100
2021-09-15,140.81,141.0,137.52,138.24001,11289100
2021-09-16,137.32001,138.96001,137.32001,138.39999,6719900
2021-09-17,137.81,138.0,133.14,133.60001,14550500
2021-09-20,131.47,133.12,130.61,132.75999,9647100
2021-09-21,133.59,133.91,131.28,131.75,6175300
2021-09-22,132.59,133.49001,131.98,133.0099945,5163000
2021-09-23,133.75,135.16,133.22,133.91,5918900
2021-09-24,133.11,134.55,132.8,133.88,4554600
2021-09-27,132.42999,134.039993,132.020004,133.48,4319500
2021-09-28,131.75,132.74001,129.7,129.89999,8851700
2021-09-29,130.59,131.45,128.89,129.28,7037200
2021-09-30,130.35001,131.080002,128.7,128.98,6976800
2021-10-01,129.8,130.020004,126.47,128.71001,6863700
2021-10-04,128.92,129.78999,125.92,126.68,8470300
2021-10-05,126.13,128.77,125.69,127.53,9244300
2021-10-06,126.55,128.27,126.07,128.059998,8513700
2021-10-07,129.25999,130.72,127.59,127.84,8010600
2021-10-08,128.59,128.59,126.21,126.55,6920500
2021-10-11,126.059998,127.23,124.88,124.94,6288200
2021-10-12,125.38,125.47,122.17,122.95,10531500
2021-10-13,125.2,126.32,123.52,125.040001,12373800
2021-10-14,126.16,129.3,125.99,128.66,10637900
2021-10-15,129.020004,130.48,128.67999,130.2,7609700
2021-10-18,129.32001,130.27,128.24001,130.12,5290000
2021-10-19,131.020004,132.8,130.32001,132.5,7330700
2021-10-20,132.5,133.0099945,131.25999,132.16,4804100
2021-10-21,132.0,133.25999,131.39999,133.050003,4579200
2021-10-22,132.89999,133.69,131.42999,131.62,5216200
2021-10-25,131.82001,133.17,131.3,131.92999,4876300
2021-10-26,132.89999,133.78999,131.070007,131.94,5802200
2021-10-27,131.94,132.36,130.50999,131.2,5090400
2021-10-28,131.99001,133.83,131.87,133.69,5016700
2021-10-29,132.86,133.67999,132.45,133.039993,5251100
2021-11-01,132.44,134.87,132.44,134.81,6903000
2021-11-02,134.55,135.73,134.12,135.23,7321900
2021-11-03,135.75,138.85001,135.039993,138.48,13216000
2021-11-04,156.32001,159.58,153.3,156.11,48321500
2021-11-05,157.070007,168.55,155.91,163.029999,27226600
2021-11-08,163.21001,167.71001,161.28,165.85001,14541400
2021-11-09,166.50999,169.52,164.38,166.74001,12353900
2021-11-10,165.089996,166.12,159.029999,159.8,11327100
2021-11-11,161.8,165.56,161.39,164.42,7624200
2021-11-12,165.0,166.020004,164.33,164.94,7371000
2021-11-15,166.5,169.94,165.81,168.50999,12350200
2021-11-16,168.11,183.73,167.059998,181.81,33338200
2021-11-17,180.78999,186.33,178.63,183.53999,21678900
2021-11-18,185.24001,188.72,182.75,186.32001,15542600
2021-11-19,184.69,186.60001,182.3,185.0,11889100
2021-11-22,181.11,188.77,180.98,181.39999,16062800
2021-11-23,180.34,181.33,177.020004,180.94,10696200
2021-11-24,179.52,180.78,177.33,180.71001,7886200
2021-11-26,175.67,180.25,175.059998,175.74001,7835900
2021-11-29,179.48,184.070007,179.0,183.74001,10440500
2021-11-30,183.22,186.81,180.34,180.56,19309200
2021-12-01,180.89,183.14999,175.32001,175.63,10637700
2021-12-02,172.089996,177.89,171.21001,177.029999,13101400
2021-12-03,178.039993,180.27,173.71001,176.50999,12111800
2021-12-06,176.88,176.98,172.27,175.45,8577500
2021-12-07,179.070007,184.78,178.5,183.72,9910100
2021-12-08,183.0099945,183.72,180.78,182.63,4799400
2021-12-09,181.77,187.84,181.50999,182.25999,9398900
2021-12-10,185.55,185.55,181.14999,183.88,6854800
2021-12-13,186.85001,191.3,183.11,183.32001,16346800
2021-12-14,181.2,183.89999,179.41,181.98,8542800
2021-12-15,183.97,189.78,179.98,189.28,11082000
2021-12-16,190.3,192.67999,176.11,178.14999,14873000
2021-12-17,175.73,180.12,175.020004,176.8,16232300
2021-12-20,174.28999,177.080002,173.46001,176.67,6306400
2021-12-21,179.38,180.14999,174.22,179.58,7702400
2021-12-22,179.0,181.52,177.63,181.38,5227200
2021-12-23,181.53,183.71001,181.38,182.74001,4918900
2021-12-27,183.21001,186.41,183.020004,186.33,4865900
2021-12-28,186.59,186.73,183.49001,184.82001,5399400
2021-12-29,184.67999,187.39,184.56,186.2,5417200
2021-12-30,185.88,186.52,182.31,182.73,4108400
2021-12-31,183.31,185.14999,182.60001,182.87,4113300
2022-01-03,182.91,186.88,182.24001,186.21001,5990200
2022-01-04,187.0,188.92999,181.0099945,187.23,8484200
2022-01-05,186.5,193.58,184.73,186.5,17141200
2022-01-06,184.52,188.47,183.0,185.95,9117700
2022-01-07,186.60001,188.36,180.12,180.41,7386200
2022-01-10,178.27,180.0,173.75999,179.67999,11159300
2022-01-11,179.19,185.64999,177.22,185.39999,9591000
2022-01-12,186.60001,189.46001,185.19,186.42,7317500
2022-01-13,188.7,191.58,183.28999,183.89,10190900
2022-01-14,182.8,190.089996,182.0099945,188.69,9587300
2022-01-18,185.87,186.0,178.27,178.86,10471200
2022-01-19,180.57001,181.21001,172.27,172.47,10082700
2022-01-20,174.53,174.99001,166.28999,166.5,9468500
2022-01-21,166.24001,172.039993,164.57001,164.92999,11898700
2022-01-24,162.17999,170.82001,158.60001,170.070007,17489100
2022-01-25,166.17,170.32001,161.2,165.45,10708500
2022-01-26,168.58,174.55,163.89999,167.0,10492200
2022-01-27,169.31,171.45,160.61,161.2,10743000
2022-01-28,162.0099945,166.94,157.38,166.81,10320800
2022-01-31,167.059998,175.95,165.8,175.75999,11273500
2022-02-01,176.44,177.42999,173.11,177.13,9724600
2022-02-02,180.94,188.64,180.25999,188.2,25646300
2022-02-03,180.8,192.10001,177.28999,179.10001,36120200
2022-02-04,178.99001,182.41,176.81,179.47,15708400
2022-02-07,179.67,180.64999,174.44,175.089996,10376300
2022-02-08,174.31,179.28999,173.98,178.59,10163900
2022-02-09,181.39999,184.0,178.95,183.95,9666900
2022-02-10,179.39999,181.99001,173.45,174.070007,14362200
2022-02-11,174.7,175.48,163.55,164.64,13572000
2022-02-14,165.35001,167.85001,162.48,165.13,8381700
2022-02-15,169.0,173.96001,168.25,173.0,11100000
2022-02-16,170.67999,173.21001,168.25999,172.60001,8340600
2022-02-17,169.88,170.77,166.7,166.8,8878900
2022-02-18,167.47,170.45,164.24001,167.64,9591700
2022-02-22,164.059998,169.96001,163.60001,165.89,9835500
2022-02-23,166.64999,169.16,161.32001,161.62,9749000
2022-02-24,156.89,168.36,155.78999,167.98,12567000
2022-02-25,167.61,171.089996,165.60001,170.92999,7350200
2022-02-28,168.3,172.99001,168.2,171.99001,10638900
2022-03-01,170.96001,171.84,161.72,163.69,10723300
2022-03-02,165.25,170.49001,164.35001,169.25,7299400
2022-03-03,170.67,170.83,164.5,165.35001,8553900
2022-03-04,163.85001,166.070007,159.89,162.25999,9057300
2022-03-07,162.32001,163.16,150.0,150.10001,13416100
2022-03-08,150.66,158.34,147.88,150.75999,11878400
2022-03-09,156.0099945,158.48,154.17,157.11,9276800
2022-03-10,154.039993,155.3,150.33,154.71001,8888800
2022-03-11,157.95,158.32001,152.020004,152.34,7394400
2022-03-14,150.8,151.28999,140.47,141.28999,16154200
2022-03-15,142.5,144.42999,139.050003,144.21001,13893000
2022-03-16,146.97,151.56,143.57001,150.45,11727700
2022-03-17,149.19,152.94,146.58,152.83,8602900
2022-03-18,152.52,156.029999,149.0099945,153.99001,18454200
2022-03-21,153.99001,157.71001,152.81,155.59,8986400
2022-03-22,155.45,159.94,154.77,157.61,7220500
2022-03-23,156.11,157.21001,152.58,152.87,7245600
2022-03-24,154.3,158.56,153.59,158.46001,9261000
2022-03-25,157.97,158.46001,155.17999,157.97,7198700
2022-03-28,156.5,158.5,154.050003,158.45,9470800
2022-03-29,161.21001,161.3,156.64999,161.070007,10212400
2022-03-30,159.39,160.27,151.78999,152.73,14777800
2022-03-31,152.89,155.14,151.029999,152.82001,13364200
2022-04-01,151.94,152.87,142.56,146.99001,19762100
2022-04-04,147.74001,154.13,146.66,153.81,12116000
2022-04-05,151.81,152.0099945,145.27,145.46001,15946100
2022-04-06,142.89999,143.0,137.46001,139.28,21054200
2022-04-07,139.78999,141.49001,136.92,139.22,10201200
2022-04-08,138.53999,139.96001,136.36,136.69,12992500
2022-04-11,134.28999,137.61,133.69,135.36,11210400
2022-04-12,137.92,140.16,135.5,136.089996,10591300
2022-04-13,137.53999,142.59,136.48,140.5,10440800
2022-04-14,141.050003,141.56,136.67999,136.91,8002600
2022-04-18,135.62,140.35001,135.56,139.32001,8785700
2022-04-19,138.83,141.39999,137.53999,141.050003,7213800
2022-04-20,143.21001,144.81,140.059998,140.34,7731600
2022-04-21,142.34,143.64,135.25999,136.11,8576500
2022-04-22,136.13,137.33,132.64999,132.81,8315100
2022-04-25,131.32001,136.81,130.91,136.56,9673200
2022-04-26,135.020004,136.35001,132.63,133.5,9262800
2022-04-27,130.82001,138.11,130.66,135.10001,13855900
2022-04-28,142.87,151.2,139.13,148.19,31111100
2022-04-29,145.81,147.5,139.52,139.69,13693100
2022-05-02,140.60001,145.66,139.16,145.27,13320900
2022-05-03,144.71001,145.69,142.75999,144.25999,7556800
2022-05-04,144.58,149.5,140.35001,149.050003,11038100
2022-05-05,146.98,146.98,139.17999,141.64,14561400
2022-05-06,141.25,144.10001,137.88,140.58,10080600
2022-05-09,137.99001,140.11,134.059998,134.92,11668100
2022-05-10,139.5,139.8,134.63,136.81,8841200
2022-05-11,135.029999,138.28999,131.89,132.3,11530900
2022-05-12,131.0,133.059998,127.82,131.77,10749800
2022-05-13,134.28999,135.99001,132.5,134.92999,9280700
2022-05-16,133.98,135.98,132.0,133.91,6378800
2022-05-17,137.25,140.0,136.7,139.69,9094100
2022-05-18,136.83,137.28,129.88,130.45,11992700
2022-05-19,130.45,133.39,129.48,130.57001,8419500
2022-05-20,132.88,133.28999,125.86,131.60001,11370100
2022-05-23,129.95,132.42999,128.14999,132.12,10023400
2022-05-24,130.34,130.34,126.050003,128.53,9157100
2022-05-25,127.8,132.070007,127.25,131.23,9766000
2022-05-26,130.0099945,136.0,129.86,134.84,7932800
2022-05-27,136.10001,140.14,136.10001,139.75999,9180800
2022-05-31,139.5,143.97,137.44,143.22,16007300
2022-06-01,142.55,143.91,138.17,140.020004,8514300
2022-06-02,140.25999,146.25,139.7,146.2,9589500
2022-06-03,142.17999,143.44,140.61,141.22,7458900
2022-06-06,144.95,144.97,139.92,140.44,7238700
2022-06-07,139.13,142.14999,138.49001,141.89,6062800
2022-06-08,140.75,141.75999,137.45,138.96001,6773000
2022-06-09,137.77,140.44,136.69,136.71001,7153200
2022-06-10,134.75,136.059998,132.42,133.2,8544700
2022-06-13,130.59,131.35001,126.6,128.66,12320900
2022-06-14,130.21001,131.92999,128.82001,130.25999,6794700
2022-06-15,131.67,133.28,128.21001,131.029999,7860000
2022-06-16,126.26,126.65,119.029999,120.82,16422800
2022-06-17,121.42,122.83,118.36,120.99,17273400
2022-06-21,123.77,126.12,123.72,124.39,9208500
2022-06-22,121.8,123.66,120.36,122.16,9081000
2022-06-23,122.75,122.93,118.23,120.089996,7908900
2022-06-24,122.38,125.37,121.76,125.099998,8128000
2022-06-27,126.2,130.039993,125.44,127.18,9947300
2022-06-28,129.78,136.45,126.6,131.60001,27081900
2022-06-29,130.080002,131.57001,126.9,130.23,9973300
2022-06-30,127.61,130.089996,125.33,127.74,9277900
2022-07-01,125.75,126.76,122.099998,123.53,7672800
2022-07-05,121.099998,126.17,120.36,125.83,8113100
2022-07-06,126.059998,128.23,125.059998,127.059998,6038400
2022-07-07,130.64999,134.71001,130.25999,134.39999,9408100
2022-07-08,132.52,136.39,131.62,136.0099945,8393200
2022-07-11,133.59,134.60001,131.32001,132.24001,5887200
2022-07-12,133.74001,135.35001,131.96001,132.95,5991300
2022-07-13,130.55,136.78,130.52,135.64,7200200
2022-07-14,134.94,142.35001,133.85001,141.89999,10718700
2022-07-15,143.75999,145.48,142.029999,144.37,11880500
2022-07-18,145.97,146.42999,140.82001,141.69,7856600
2022-07-19,144.14,148.47,143.17999,147.37,9686500
2022-07-20,147.42999,152.33,146.62,151.71001,8517400
2022-07-21,152.88,155.92,150.63,155.86,8060400
2022-07-22,155.66,156.66,152.35001,153.7,7200100
2022-07-25,152.8,154.039993,151.67,153.25,4928900
2022-07-26,152.62,152.7,149.81,149.97,5941800
2022-07-27,151.53,154.8,150.55,153.42,12863000
2022-07-28,149.78,149.99001,143.0,146.45,17051000
2022-07-29,144.60001,145.31,140.67,145.059998,11749400
2022-08-01,144.31,149.46001,144.070007,147.42999,7611400
2022-08-02,145.69,149.39999,144.84,147.029999,5946400
2022-08-03,147.66,150.34,146.59,149.16,6890200
2022-08-04,148.67999,151.16,147.71001,151.0099945,6254700
2022-08-05,148.57001,151.28,147.67,150.21001,5041300
2022-08-08,149.81,151.19,146.55,147.81,5553300
2022-08-09,145.59,146.5,141.31,142.50999,6770800
2022-08-10,145.85001,147.17999,143.69,146.99001,6840000
2022-08-11,148.31,151.64,147.020004,147.83,6243200
2022-08-12,148.0,151.47,147.17999,151.28999,4967500
2022-08-15,150.32001,152.7,148.39999,152.13,4502900
2022-08-16,151.45,152.49001,148.85001,150.029999,5270800
2022-08-17,148.23,149.63,146.36,148.53,5169600
2022-08-18,148.070007,152.91,147.75999,151.38,7808200
2022-08-19,149.28999,150.38,146.89999,147.60001,5400300
2022-08-22,145.3,145.81,141.10001,141.61,6736800
2022-08-23,142.089996,143.61,140.56,140.72,4499300
2022-08-24,140.25,141.71001,138.61,141.31,5113100
2022-08-25,142.34,147.0,142.020004,146.25,5618800
2022-08-26,146.16,147.36,138.050003,138.38,7918600
2022-08-29,137.81,139.13,136.11,137.080002,6852300
2022-08-30,137.8,138.3,132.94,134.41,6147400
2022-08-31,133.78999,134.17,131.3,132.27,8701100
2022-09-01,129.98,130.13,126.080002,129.92,8716300
2022-09-02,131.64,132.67,127.56,128.48,6121400
2022-09-06,128.84,129.52,126.21,126.67,6674200
2022-09-07,127.47,129.78,126.37,128.60001,5340100
2022-09-08,127.47,129.8,125.9,128.85001,6618800
2022-09-09,130.67999,132.61,130.31,132.050003,5097300
2022-09-12,133.0,134.22,132.32001,133.0,7081300
2022-09-13,128.38,129.89999,124.49,124.93,9610900
2022-09-14,126.27,127.9,125.5,127.53,7509300
2022-09-15,126.7,128.080002,124.23,124.98,7459600
2022-09-16,124.12,125.74,123.050003,124.95,13818500
2022-09-19,123.62,127.18,123.41,126.65,5922700
2022-09-20,125.74,126.55,123.89,124.77,5672700
2022-09-21,125.44,129.78999,124.5,124.62,8123700
2022-09-22,124.75,125.16,122.47,123.68,8753000
2022-09-23,122.34,122.68,119.050003,121.19,10681300
2022-09-26,121.54,123.18,119.59,119.74,6424600
2022-09-27,121.56,122.68,118.75,120.34,5544400
2022-09-28,118.58,120.45,117.78,118.93,11321200
2022-09-29,117.28,117.47,113.46,114.84,12125800
2022-09-30,113.76,116.28,112.92,112.98,7568100
2022-10-03,114.99,118.32,113.67,117.22,7481700
2022-10-04,120.4,122.45,120.32,122.37,6637200
2022-10-05,120.88,125.56,120.53,124.89,7070300
2022-10-06,124.51,127.21,124.4,125.28,6238600
2022-10-07,122.62,124.11,120.32,120.91,8618500
2022-10-10,120.59,121.040001,113.45,114.6,9512600
2022-10-11,112.0,112.49,108.65,110.029999,10758800
2022-10-12,110.32,110.8,108.38,108.64,6987900
2022-10-13,105.38,115.2,104.66,112.86,10455000
2022-10-14,114.63,114.99,109.79,109.95,7989800
2022-10-17,113.92,114.48,110.61,111.59,7886400
2022-10-18,114.95,116.089996,109.54,111.21,8908900
2022-10-19,110.86,113.67,110.75,112.85,5620200
2022-10-20,113.17,116.089996,111.72,111.98,7736400
2022-10-21,111.75,115.99,111.019997,115.74,7490100
2022-10-24,116.34,117.019997,114.24,116.38,6525700
2022-10-25,116.57,119.94,116.23,119.17,6205100
2022-10-26,118.040001,120.74,116.16,118.11,7342300
2022-10-27,119.32,120.6,114.38,114.7,8937200
2022-10-28,114.17,119.45,112.33,119.21,9418700
2022-10-31,118.13,118.38,115.4,117.66,6870800
2022-11-01,119.74,120.63,116.75,117.33,5749100
2022-11-02,118.71,118.79,112.25,112.5,13936300
2022-11-03,104.38,106.5,101.93,103.88,24706100
2022-11-04,106.61,107.5,104.33,106.69,11977900
2022-11-07,107.48,110.28,106.26,110.089996,7570800
2022-11-08,111.57,114.89,109.92,112.54,9383600
2022-11-09,111.46,113.51,110.27,110.43,9581300
2022-11-10,115.91,121.0,114.53,120.68,11673200
2022-11-11,118.99,122.16,118.99,121.43,9433800
2022-11-14,120.74,123.21,120.26,120.8,6971000
2022-11-15,125.65,128.13,123.42,126.019997,12470200
2022-11-16,123.2,123.84,119.96,120.73,9561700
2022-11-17,118.95,123.12,118.71,122.86,7273700
2022-11-18,124.040001,124.49,122.13,123.85,6436600
2022-11-21,121.089996,122.5,120.099998,120.2,8204200
2022-11-22,120.84,123.79,120.029999,123.65,7010200
2022-11-23,123.54,127.040001,123.29,125.15,5481500
2022-11-25,124.86,125.36,123.4,123.45,3153800
2022-11-28,122.16,123.45,118.85,119.54,7087500
2022-11-29,120.14,121.37,118.32,118.38,6277600
2022-11-30,118.75,126.6,118.07,126.49,12776700
2022-12-01,126.72,128.2,125.68,126.81,7924800
2022-12-02,123.71,125.82,123.12,125.66,6122200
2022-12-05,124.58,125.47,122.43,123.3,6091600
2022-12-06,122.82,123.0,118.57,119.78,5968000
2022-12-07,118.5,120.32,117.76,118.21,5427100
2022-12-08,118.98,122.35,118.18,121.75,7347600
2022-12-09,120.41,121.4,118.85,119.050003,6036000
2022-12-12,116.059998,121.25,116.059998,121.21,9008400
2022-12-13,126.98,127.95,121.82,123.49,9712700
2022-12-14,124.23,126.58,120.099998,121.71,9444100
2022-12-15,120.25,120.52,116.080002,116.64,10207800
2022-12-16,116.080002,116.66,113.35,114.53,12733900
2022-12-19,114.010002,115.16,111.51,112.61,7720200
2022-12-20,111.4,112.78,111.099998,112.099998,6260200
2022-12-21,112.76,114.96,112.69,114.59,5843800
2022-12-22,112.57,112.59,107.38,110.68,12051400
2022-12-23,109.7,110.92,108.21,110.84,5356700
2022-12-27,109.75,110.69,108.89,109.46,6158100
2022-12-28,108.87,110.27,106.82,106.97,5395600
2022-12-29,108.35,110.66,108.11,109.84,6668600
2022-12-30,107.97,110.059998,107.22,109.94,5642300
2023-01-03,111.35,111.74,107.13,107.2,8110400
2023-01-04,109.8,112.23,108.81,111.53,7614200
2023-01-05,109.93,110.92,109.13,109.4,7546000
2023-01-06,110.96,115.98,110.050003,115.34,10259300
2023-01-09,116.73,118.85,113.54,114.61,10291800
2023-01-10,114.019997,116.97,113.72,116.91,6384800
2023-01-11,117.44,118.5,115.17,118.39,7374400
2023-01-12,119.24,122.38,117.65,121.59,9527600
2023-01-13,119.82,121.42,119.72,120.24,8040400
2023-01-17,119.74,121.32,119.019997,120.28,6179500
2023-01-18,121.62,123.99,121.010002,122.040001,10960400
2023-01-19,121.059998,121.099998,117.42,117.58,8716200
2023-01-20,118.42,122.96,117.34,122.9,8895000
2023-01-23,126.54,132.059998,125.82,131.029999,13419500
2023-01-24,130.55,132.97,130.14999,130.7,7952400
2023-01-25,128.45,131.53999,127.7,131.17,6880300
2023-01-26,134.41,134.85001,131.16,133.96001,7413600
2023-01-27,131.49001,134.89,131.42,133.39999,6581900
2023-01-30,131.050003,132.39999,130.14999,131.63,9854300
2023-01-31,131.32001,133.64,131.32001,133.21001,7125100
2023-02-01,132.67999,139.94,132.67999,138.46001,10500600
2023-02-02,138.46001,139.16,134.8,135.85001,17673200
2023-02-03,131.16,138.39999,128.57001,135.020004,13187300
2023-02-06,132.27,134.88,131.86,132.92999,6830500
2023-02-07,133.14999,137.38,132.33,136.63,7664200
2023-02-08,135.31,136.28,131.75999,132.17,7151700
2023-02-09,133.89,135.23,129.92,130.53,5717500
2023-02-10,129.28999,129.94,127.62,128.99001,5319200
2023-02-13,129.46001,131.42999,128.39,130.84,5550400
2023-02-14,129.2,132.88,128.36,132.34,5579900
2023-02-15,130.60001,133.33,130.3,133.070007,3501100
2023-02-16,130.75,132.59,129.95,130.16,5788400
2023-02-17,129.5,129.81,126.96,127.72,6022500
2023-02-21,125.46,127.62,123.55,123.7,8164400
2023-02-22,124.32,124.97,122.92,123.95,5517800
2023-02-23,126.61,127.23,123.67,126.2,6440200
2023-02-24,124.24,124.71,123.18,124.34,7357200
2023-02-27,126.5,126.6,123.040001,123.42,7787200
2023-02-28,123.62,125.099998,122.92,123.53,6491800
2023-03-01,123.78,125.47,122.98,123.68,5530600
2023-03-02,122.16,124.26,120.86,123.78,5258900
2023-03-03,123.99,124.21,121.67,123.6,7052100
2023-03-06,124.28,125.17,122.029999,122.41,7031300
2023-03-07,122.48,122.5,118.28,119.19,8879700
2023-03-08,119.55,121.75,119.35,121.2,7633900
2023-03-09,121.28,121.92,116.94,117.22,8055500
2023-03-10,117.54,118.23,114.53,115.19,6884500
2023-03-13,113.76,116.24,113.28,114.43,7673700
2023-03-14,116.41,117.059998,113.92,116.55,8312100
2023-03-15,115.25,116.18,113.14,115.49,8596900
2023-03-16,117.0,120.83,115.91,120.51,11207800
2023-03-17,120.78,122.87,119.15,120.73,12304100
2023-03-20,120.77,122.019997,119.81,121.82,5945000
2023-03-21,122.99,125.07,122.15,123.8,6900600
2023-03-22,124.0,126.24,121.87,121.97,7072700
2023-03-23,123.94,127.0,122.099998,124.15,7353800
2023-03-24,123.63,124.93,122.25,124.76,6987200
2023-03-27,125.74,126.059998,123.32,123.6,4818000
2023-03-28,123.6,123.68,120.21,121.34,5272100
2023-03-29,123.42,125.96,123.25,125.089996,6410100
2023-03-30,127.080002,128.19,126.43,127.4,8156400
2023-03-31,126.65,127.97,126.29,127.58,6222400
2023-04-03,126.99,127.57,123.61,124.74,6367800
2023-04-04,124.93,125.22,121.81,122.3,6962700
2023-04-05,121.42,123.22,121.25,123.040001,6920900
2023-04-06,122.34,123.85,121.050003,123.0,5260600
2023-04-10,122.089996,124.58,121.68,124.29,5243700
2023-04-11,125.25,125.25,123.17,123.57,5001400
2023-04-12,124.41,124.5,120.15,120.27,5288300
2023-04-13,120.050003,121.66,119.12,121.13,6077100
2023-04-14,120.87,121.92,118.76,120.16,4833100
2023-04-17,119.13,119.84,118.17,119.38,6370200
2023-04-18,120.34,120.8,117.41,118.36,4829900
2023-04-19,117.25,118.69,116.45,118.54,4241900
2023-04-20,117.29,119.9,117.12,118.64,5125000
2023-04-21,117.87,118.19,116.55,117.76,4980700
2023-04-24,117.82,117.83,116.57,117.35,4097900
2023-04-25,116.74,116.84,113.68,114.050003,7045200
2023-04-26,114.29,115.099998,113.21,114.16,4671100
2023-04-27,113.88,114.31,112.15,113.92,6945700
2023-04-28,115.099998,116.9,113.73,116.8,8651300
2023-05-01,117.21,117.58,115.51,115.84,6208500
2023-05-02,116.13,117.059998,114.44,116.11,7081200
2023-05-03,116.66,116.82,112.6,112.83,11491700
2023-05-04,104.029999,107.12,103.5,106.58,22117500
2023-05-05,108.21,109.27,105.77,108.78,10736500
2023-05-08,108.38,108.83,106.87,108.31,6694400
2023-05-09,107.0,107.43,105.3,105.77,7804100
2023-05-10,107.0,107.48,105.14,106.46,7980100
2023-05-11,106.29,106.51,103.68,104.059998,10630500
2023-05-12,104.47,104.74,102.61,103.62,7632900
2023-05-15,103.76,106.4,102.89,106.28,7444900
2023-05-16,105.67,106.48,103.72,103.79,7027000
2023-05-17,104.19,105.45,103.58,104.81,9504700
2023-05-18,104.81,107.12,104.81,106.96,9142000
2023-05-19,106.95,107.12,105.52,105.86,5779700
2023-05-22,103.67,105.87,103.25,105.28,7912400
2023-05-23,104.07,105.64,103.47,103.56,7452500
2023-05-24,102.080002,103.14,101.58,103.019997,8193700
2023-05-25,101.93,104.11,101.47,104.019997,11677400
2023-05-26,104.94,111.28,104.82,110.35,15969900
2023-05-30,114.5,116.69,112.61,116.0,18291800
2023-05-31,113.56,114.0,111.6,113.41,14924000
2023-06-01,114.56,116.56,112.31,115.83,8616500
2023-06-02,117.24,117.4,114.69,115.62,7870900
2023-06-05,115.43,115.92,112.64,112.73,7769300
2023-06-06,112.58,116.79,112.24,116.36,7594500
2023-06-07,116.63,117.16,114.49,115.18,7555400
2023-06-08,115.6,116.64,114.099998,116.35,5793400
2023-06-09,117.49,120.85,117.38,119.11,13807000
2023-06-12,121.040001,122.31,119.77,122.14,9675100
2023-06-13,124.28,125.4,122.75,124.43,8873200
2023-06-14,124.35,124.43,121.5,123.4,7324600
2023-06-15,121.58,124.69,121.040001,123.61,8132600
2023-06-16,124.59,124.98,122.099998,122.68,12904100
2023-06-20,121.94,122.37,118.71,119.82,8667400
2023-06-21,118.61,119.019997,115.67,115.76,7925400
2023-06-22,116.010002,116.68,114.91,116.4,7283000
2023-06-23,114.089996,115.28,113.029999,113.43,11937500
2023-06-26,114.56,117.61,114.3,116.63,9377000
2023-06-27,116.74,119.94,115.65,119.79,7308900
2023-06-28,117.019997,118.099998,116.58,117.54,6384800
2023-06-29,117.56,118.15,116.88,118.059998,5138500
2023-06-30,119.6,119.86,118.38,119.040001,6562800
2023-07-03,119.27,120.48,118.46,120.089996,2662000
2023-07-05,119.019997,119.050003,117.099998,117.13,6249200
2023-07-06,115.16,116.2,113.62,115.22,7544600
2023-07-07,115.37,117.73,114.76,115.94,6106900
2023-07-10,116.47,118.28,116.47,117.12,6037000
2023-07-11,117.8,117.87,114.89,116.87,5786600
2023-07-12,117.56,119.23,117.099998,118.68,8371300
2023-07-13,120.0,123.42,119.88,123.12,9823000
2023-07-14,123.0,123.18,121.13,122.56,7889800
2023-07-17,122.33,124.46,120.76,123.4,6125000
2023-07-18,122.32,123.23,121.26,122.86,7484400
2023-07-19,125.34,127.099998,124.3,124.42,8866700
2023-07-20,123.52,124.6,120.23,120.72,9148600
2023-07-21,121.93,126.66,121.38,124.72,23699200
2023-07-24,124.72,125.6,123.17,124.099998,5859300
2023-07-25,124.2,125.98,124.2,125.07,5592100
2023-07-26,123.2,125.24,122.34,124.019997,5291800
2023-07-27,126.56,127.77,124.92,125.85,7917900
2023-07-28,128.3,129.92,127.56,129.48,11762200
2023-07-31,129.99001,132.97,129.10001,132.17,11029600
2023-08-01,131.92,132.39,130.24001,132.080002,7128700
2023-08-02,130.2,131.58,128.83,129.27,13711100
2023-08-03,116.97,119.11,114.89,118.7,29239600
2023-08-04,117.76,122.0,117.76,121.5,12651200
2023-08-07,122.21,122.74,117.92,119.34,7706500
2023-08-08,117.0,117.88,115.96,117.66,8934600
2023-08-09,117.23,118.11,116.52,116.57,5642500
2023-08-10,117.68,118.39,115.07,115.61,6224500
2023-08-11,114.13,115.46,113.72,114.61,5709500
2023-08-14,113.88,114.52,112.81,114.019997,8537500
2023-08-15,113.34,113.51,111.4,111.68,6843600
2023-08-16,111.35,111.92,110.050003,110.15,6426700
2023-08-17,110.19,111.13,109.66,110.080002,6250500
2023-08-18,108.82,110.52,108.5,110.099998,6382000
2023-08-21,109.84,110.96,109.0,110.68,6539800
2023-08-22,111.47,111.84,109.14,109.47,4588700
2023-08-23,109.34,111.53,108.85,111.17,6873900
2023-08-24,112.16,112.57,108.16,108.51,8698100
2023-08-25,108.89,110.52,107.76,110.32,6669900
2023-08-28,111.3,112.19,110.62,111.68,4316400
2023-08-29,110.52,113.99,110.52,113.78,6971400
2023-08-30,112.56,113.46,111.67,113.27,6490300
2023-08-31,112.43,115.16,112.43,114.53,7962500
2023-09-01,115.7,115.7,114.41,115.39,5307300
2023-09-05,114.91,117.059998,114.91,116.55,7294800
2023-09-06,116.0,116.72,113.63,114.68,7411900
2023-09-07,110.6,110.7,106.07,106.4,17947800
2023-09-08,106.17,107.07,105.51,106.14,9819300
2023-09-11,111.27,111.84,108.82,110.28,18771700
2023-09-12,109.58,112.74,109.51,111.23,9250100
2023-09-13,111.58,113.6,111.53,112.64,8131500
2023-09-14,113.77,114.74,113.0,114.040001,7138100
2023-09-15,113.97,115.19,112.46,113.14,12242700
2023-09-18,112.89,113.83,112.46,112.75,5065100
2023-09-19,112.2,112.34,109.91,110.72,5658800
2023-09-20,111.74,111.8,109.16,109.22,7073800
2023-09-21,107.98,109.59,107.85,107.96,7007200
2023-09-22,108.77,109.78,107.36,107.68,6965500
2023-09-25,106.84,110.48,106.71,110.43,6782500
2023-09-26,109.85,110.64,109.34,109.72,6559800
2023-09-27,110.73,110.81,107.43,109.19,7225000
2023-09-28,109.76,111.91,109.18,111.099998,4851300
2023-09-29,111.88,112.23,110.64,111.059998,4868600
2023-10-02,110.4,111.79,109.6,111.099998,5751500
2023-10-03,110.81,112.26,109.38,110.19,7750700
2023-10-04,110.8,111.07,108.8,109.85,7189400
2023-10-05,109.7,110.46,108.95,109.8,5089700
2023-10-06,110.87,111.33,108.050003,110.88,7929800
2023-10-09,110.32,111.98,109.48,111.8,4714500
2023-10-10,111.5,112.99,110.43,112.31,6253000
2023-10-11,112.28,112.64,109.58,111.12,6378600
2023-10-12,111.98,112.21,110.32,111.46,5371700
2023-10-13,111.72,111.97,108.54,108.66,6035600
2023-10-16,109.089996,111.080002,108.95,110.51,6254700
2023-10-17,108.81,112.27,108.019997,112.2,7334000
2023-10-18,111.059998,112.11,110.029999,110.98,7174500
2023-10-19,112.39,114.4,110.84,111.28,10511500
2023-10-20,111.52,111.61,108.63,108.63,7754600
2023-10-23,107.94,110.57,107.68,108.66,6679200
2023-10-24,109.3,110.33,108.44,109.39,8578600
2023-10-25,108.81,109.29,104.43,104.78,8571600
2023-10-26,104.75,106.47,104.33,105.62,8705200
2023-10-27,106.9,107.89,105.84,106.46,7292000
2023-10-30,106.71,109.33,106.18,107.83,6634000
2023-10-31,108.3,109.21,106.69,108.99,6485500
2023-11-01,109.17,111.19,108.7,110.89,12809900
2023-11-02,117.97,119.080002,114.45,117.36,22106100
2023-11-03,117.95,120.099998,117.36,119.52,10667600
2023-11-06,120.0,120.56,118.38,119.93,7756400
2023-11-07,119.85,121.080002,119.17,120.72,7898400
2023-11-08,121.4,122.059998,119.15,120.059998,7681900
2023-11-09,121.12,122.43,119.85,120.099998,9002700
2023-11-10,121.9,124.81,120.97,124.21,12191600
2023-11-13,124.0,124.55,122.63,123.85,7959200
2023-11-14,127.34,128.22,126.080002,127.36,11255400
2023-11-15,127.92,129.73,127.56,128.92,7789100
2023-11-16,129.089996,130.37,128.31,128.7,11655700
2023-11-17,129.3,129.78999,128.42,129.47,6543300
2023-11-20,129.44,130.12,129.020004,129.50999,7148600
2023-11-21,126.89,127.47,125.75,127.019997,14641800
2023-11-22,127.89,129.50999,127.16,127.5,6647400
2023-11-24,128.23,128.23,127.56,127.75,3708200
2023-11-27,127.27,129.020004,126.79,128.2,8586400
2023-11-28,127.2,127.31,125.67,126.59,8817900
2023-11-29,129.24001,130.60001,127.62,127.91,10608300
2023-11-30,129.27,129.39999,127.49,129.050003,11731800
2023-12-01,129.059998,130.27,128.50999,129.67,8861400
2023-12-04,129.33,130.050003,128.029999,129.95,7485000
2023-12-05,129.089996,130.85001,128.95,130.75,6231600
2023-12-06,131.98,132.14,129.66,129.96001,6912400
2023-12-07,131.33,133.33,130.39,132.94,7815700
2023-12-08,131.22,133.97,131.17999,132.97,7677700
2023-12-11,134.50999,136.60001,134.070007,136.10001,11010700
2023-12-12,135.98,137.23,135.5,136.67999,7380400
2023-12-13,136.38,138.99001,136.080002,138.8,7507700
2023-12-14,139.60001,142.75999,139.60001,141.5,11468900
2023-12-15,142.050003,143.49001,141.38,143.13,25049400
2023-12-18,142.50999,143.12,141.28999,141.64999,7832100
2023-12-19,142.029999,143.42999,141.44,143.23,5658400
2023-12-20,141.97,142.98,140.36,140.44,7264800
2023-12-21,141.8,142.69,140.99001,142.44,8361600
2023-12-22,143.25,144.39999,142.75,143.49001,4658300
2023-12-26,144.17,146.050003,143.96001,145.46001,4381200
2023-12-27,145.85001,146.22,145.039993,145.72,4470300
2023-12-28,146.17999,146.89,145.73,145.86,4928800
2023-12-29,145.41,145.62,143.78999,144.63,4838400
2024-01-02,142.19,142.2,138.78,140.23,8495800
2024-01-03,138.89,138.89,136.99001,137.60001,8133300
2024-01-04,135.44,137.33,134.94,136.17,6770300
2024-01-05,136.16,138.070007,135.85001,136.73,6826500
2024-01-08,136.99001,139.14999,136.64,139.029999,7729400
2024-01-09,137.53999,140.95,137.14,139.89,5856900
2024-01-10,139.89,140.029999,137.78999,139.31,5652500
2024-01-11,139.0,139.95,136.029999,139.029999,7374900
2024-01-12,142.12,142.66,139.16,140.2,6539600
2024-01-16,140.0,141.23,137.98,141.12,7483000
2024-01-17,139.62,139.63,137.35001,139.32001,6584700
2024-01-18,143.14999,145.64999,142.33,145.28999,12893000
2024-01-19,147.25999,152.77,146.74001,151.96001,16164100
2024-01-22,152.75,154.57001,151.87,152.87,10456100
2024-01-23,152.87,153.74001,151.41,153.5,6232300
2024-01-24,154.78999,156.32001,153.89999,154.37,8331900
2024-01-25,157.60001,157.98,153.67,154.47,7740900
2024-01-26,152.21001,152.98,150.38,150.72,7744700
2024-01-29,150.39999,151.24001,148.42,149.64,10770700
2024-01-30,148.0,148.8,145.57001,145.98,9132800
2024-01-31,145.34,150.16,144.34,148.50999,21184200
2024-02-01,140.87,143.91,140.089996,141.11,22810600
2024-02-02,140.64999,142.14,139.25999,141.69,10440800
2024-02-05,141.86,144.64999,141.21001,144.029999,8032600
2024-02-06,144.5,144.81,142.42999,144.10001,7286300
2024-02-07,145.16,145.95,143.63,145.89,7361900
2024-02-08,146.85001,148.61,146.28999,148.17999,9448700
2024-02-09,149.0,153.39999,148.35001,151.0,11981500
2024-02-12,150.38,154.75999,150.25,153.10001,11806300
2024-02-13,150.0,151.25,148.41,150.039993,8976300
2024-02-14,151.31,154.39,151.050003,153.94,8715100
2024-02-15,155.0,157.17,154.49001,155.98,9372400
2024-02-16,157.47,157.75999,152.60001,152.69,8427600
2024-02-20,151.89,152.89999,149.87,151.96001,8745500
2024-02-21,149.83,152.050003,148.89999,152.0099945,9769500
2024-02-22,154.77,155.50999,152.32001,154.75,11407500
2024-02-23,155.7,156.91,154.33,154.91,5953300
2024-02-26,156.0,157.48,155.78999,157.029999,6307600
2024-02-27,157.75,159.2,157.49001,158.3,6021400
2024-02-28,156.0,156.53999,154.96001,155.85001,5211000
2024-02-29,156.87,158.2,156.17999,157.78999,8321400
2024-03-01,159.39,164.0,158.070007,163.089996,10403500
2024-03-04,165.12,167.83,164.72,166.56,11865100
2024-03-05,164.73,165.59,160.23,161.45,9608800
2024-03-06,164.82001,169.25,164.33,167.89,12230500
2024-03-07,169.60001,177.59,169.42999,175.72,14495100
2024-03-08,174.82001,175.47,170.53999,170.57001,11306700
2024-03-11,169.0,171.98,168.12,171.12,7256300
2024-03-12,172.91,173.89999,170.58,173.080002,7642200
2024-03-13,171.22,171.5,168.60001,169.25,8730500
2024-03-14,169.60001,169.95,166.71001,168.45,8151000
2024-03-15,167.10001,168.77,165.85001,167.2,16413000
2024-03-18,170.91,171.46001,166.35001,166.92,6653700
2024-03-19,166.089996,166.46001,163.63,164.10001,7404400
2024-03-20,164.10001,168.17,163.83,167.67,5995800
2024-03-21,170.74001,172.92,169.63,170.85001,8497500
2024-03-22,169.55,171.89999,169.3,170.10001,5644900
2024-03-25,167.88,168.77,166.97,167.52,5682500
2024-03-26,168.050003,169.42,167.0,167.070007,5289900
2024-03-27,169.45,169.48,166.97,169.13,6309700
2024-03-28,169.10001,169.89,167.98,169.3,5324000
2024-04-01,168.27,172.8,168.21001,171.72,6679100
2024-04-02,170.47,171.39999,169.28,171.039993,7436300
2024-04-03,170.0,173.96001,169.33,173.91,6943200
2024-04-04,175.0,175.95,169.41,169.75999,9031200
2024-04-05,170.17999,172.24001,169.71001,171.53,5861900
2024-04-08,172.92999,174.39,172.36,173.62,4812000
2024-04-09,175.27,175.99001,173.37,175.57001,5030500
2024-04-10,172.42,173.71001,170.070007,170.86,6177400
2024-04-11,171.67,175.63,170.5,175.13,6262600
2024-04-12,172.28,173.39,170.96001,171.28999,8212100
2024-04-15,174.27,174.38,168.58,169.84,6570600
2024-04-16,169.5,169.57001,167.45,168.58,6390100
2024-04-17,169.22,170.19,163.77,164.32001,8082000
2024-04-18,162.36,164.10001,159.86,161.44,9209400
2024-04-19,161.28999,161.39,156.34,157.63,10287900
2024-04-22,158.039993,161.64,157.16,160.17999,7848700
2024-04-23,160.96001,162.25999,159.67999,161.35001,6616700
2024-04-24,163.87,165.92999,162.0,163.63,6130500
2024-04-25,164.080002,164.63,161.73,163.3,6230700
2024-04-26,162.89999,166.52,162.50999,165.66,7141300
2024-04-29,165.2,169.27,165.2,169.2,6623900
2024-04-30,169.23,169.24001,165.81,165.85001,6914200
2024-05-01,164.50999,169.64,163.78999,164.11,13113600
2024-05-02,175.47,181.69,175.28999,180.10001,25894800
2024-05-03,182.24001,183.19,177.8,179.64,10043900
2024-05-06,181.91,182.39999,180.39999,181.85001,6980100
2024-05-07,182.45,184.31,179.22,180.14999,8011100
2024-05-08,176.73,180.78999,176.62,180.55,6242600
2024-05-09,181.0,181.71001,179.44,180.53999,5513500
2024-05-10,182.0,183.55,181.24001,182.080002,4702500
2024-05-13,183.17999,184.73,182.89999,184.21001,6384800
2024-05-14,184.50999,189.28999,184.49001,188.97,7713400
2024-05-15,190.0099945,196.080002,190.0,194.61,11349100
2024-05-16,195.0,195.63,192.78,193.27,8173400
2024-05-17,192.89999,195.44,191.87,193.86,5799700
2024-05-20,194.0,199.99001,193.28,197.75999,8879700
2024-05-21,196.0099945,201.98,195.75999,200.85001,11498800
2024-05-22,202.92999,204.84,201.7,202.92999,11170100
2024-05-23,205.88,207.95,199.42,201.75999,14475100
2024-05-24,203.89,211.3,203.56,210.36,13799000
2024-05-28,217.23,217.42999,211.3,213.080002,12485400
2024-05-29,208.64999,210.66,206.7,208.25999,12552500
2024-05-30,208.0,209.37,203.82001,204.8,12263900
2024-05-31,208.0,209.050003,198.71001,204.050003,15064900
2024-06-03,209.56,210.98,202.41,205.91,12419500
2024-06-04,205.91,206.23,201.66,204.37,6629100
2024-06-05,206.92999,212.5,205.37,211.89999,11626300
2024-06-06,211.89999,212.24001,208.78999,209.44,7597200
2024-06-07,209.73,209.8,204.89,206.62,5714400
2024-06-10,205.28999,210.58,204.56,209.35001,6470500
2024-06-11,207.14999,209.45,204.78,208.52,8197500
2024-06-12,212.5,215.62,210.88,215.39,9502800
2024-06-13,216.36,218.36,213.0099945,217.81,10102800
2024-06-14,217.64,218.050003,213.64999,215.33,6438200
2024-06-17,217.089996,222.67,213.39999,222.22,12109100
2024-06-18,226.82001,230.63,226.0,227.089996,22037500
2024-06-20,224.2,225.89999,212.84,215.47,18701200
2024-06-21,211.75999,215.47,209.41,212.53,22741300
2024-06-24,206.91,207.029999,200.24001,200.84,16087700
2024-06-25,203.14,203.14999,199.17,202.17,12053700
2024-06-26,200.31,201.14999,195.7,197.33,10023800
2024-06-27,196.87,198.57001,193.84,195.14999,11936600
2024-06-28,196.0,203.94,195.61,199.17999,15547500
2024-07-01,199.47,200.67,196.080002,200.029999,6800600
2024-07-02,198.25,200.48,197.089996,200.16,5632900
2024-07-03,202.67999,204.86,200.44,203.81,4996200
2024-07-05,205.85001,206.75,203.98,205.75,6375200
2024-07-08,207.24001,210.44,206.14999,207.89,6920400
2024-07-09,206.48,208.55,204.66,207.12,5272600
2024-07-10,208.74001,209.24001,206.56,208.8,5159400
2024-07-11,210.020004,210.13,199.77,199.85001,8602200
2024-07-12,201.66,206.080002,200.25,202.42999,7217200
2024-07-15,203.0,209.24001,202.78999,208.17999,7463700
2024-07-16,210.0,211.089996,206.62,209.64,5998500
2024-07-17,199.73,200.0,190.56,191.60001,16156200
2024-07-18,193.78,193.89999,186.95,191.46001,9960600
2024-07-19,191.69,193.089996,185.75999,186.21001,9195700
2024-07-22,191.0,195.5,189.050003,194.97,7590000
2024-07-23,194.2,196.24001,192.14999,193.35001,5796700
2024-07-24,189.34,189.61,180.69,181.070007,13295300
2024-07-25,179.62,180.24001,173.27,175.39,12700100
2024-07-26,179.0099945,181.3,177.57001,180.050003,6567800
2024-07-29,181.5,182.64,177.85001,178.64,6051600
2024-07-30,179.34,179.39999,166.77,166.94,15338900
2024-07-31,175.58,181.080002,173.41,180.95,19222200
2024-08-01,171.75999,176.97,161.33,164.0,24795000
2024-08-02,160.52,164.25999,157.53,159.31,16618900
2024-08-05,153.27,162.82001,151.39,157.95,12733900
2024-08-06,158.42,163.63,156.5,158.72,9301000
2024-08-07,163.58,164.32001,155.5,156.12,9266900
2024-08-08,160.74001,165.59,157.87,164.95,9590900
2024-08-09,164.070007,165.89,161.98,164.48,4824600
2024-08-12,160.56,163.39,157.42,162.89,8548000
2024-08-13,164.3,169.56,163.28,169.47,11102100
2024-08-14,170.64,171.25999,164.72,167.14999,7208200
2024-08-15,171.75,174.64,170.61,173.34,10752100
2024-08-16,172.28999,173.38,170.63,172.17999,5435700
2024-08-19,171.57001,174.32001,168.74001,174.25999,6708100
2024-08-20,173.86,175.42999,171.14999,172.11,6222400
2024-08-21,172.99001,174.87,172.080002,174.22,6309500
2024-08-22,174.3,174.59,168.38,169.0,6743500
2024-08-23,171.75999,174.62,170.63,173.5,6823600
2024-08-26,171.97,172.38,168.53,169.49001,7437600
2024-08-27,169.17,174.44,168.27,173.92999,6498800
2024-08-28,174.38,175.72,169.63,171.85001,6534600
2024-08-29,173.42,176.36,168.92999,169.49001,12514200
2024-08-30,172.28999,175.46001,170.8,175.3,11110800
2024-09-03,171.89,172.16,162.0,163.24001,11620300
2024-09-04,163.0,168.24001,162.63,165.33,6737000
2024-09-05,163.080002,165.8,161.85001,163.7,5600000
2024-09-06,162.74001,163.19,157.13,158.19,10703000
2024-09-09,161.089996,162.37,158.57001,160.77,7494900
2024-09-10,160.0,162.059998,157.67999,161.67999,7918100
2024-09-11,162.36,166.89999,159.25,166.56,8275400
2024-09-12,165.88,166.31,162.89999,164.98,6045600
2024-09-13,165.81,168.3,165.44,167.73,4049900
2024-09-16,164.92999,167.34,163.78999,166.61,6510000
2024-09-17,168.88,169.5,166.080002,168.7,5828000
2024-09-18,169.52,172.42,167.7,168.3,5877600
2024-09-19,174.42,176.8,172.49001,173.92,10900000
2024-09-20,172.69,173.070007,164.3,168.92,27546400
2024-09-23,168.42,169.98,165.35001,165.96001,9810000
2024-09-24,167.42,169.36,165.98,166.95,9666800
2024-09-25,166.28,168.59,165.75999,168.27,5095500
2024-09-26,174.91,175.75,166.78,172.66,8475000
2024-09-27,173.0,173.45,169.83,170.13,5880700
2024-09-30,171.37,172.23,167.75,170.050003,8099700
2024-10-01,169.8,170.28999,164.080002,165.78,8277600
2024-10-02,166.14999,169.75,165.14999,168.32001,4484600
2024-10-03,165.95,169.53,165.66,168.92,6260200
2024-10-04,172.55,172.8,166.48,168.89999,6586500
2024-10-07,167.64,168.72,165.74001,166.94,4359300
2024-10-08,164.86,167.72,163.66,166.34,7843500
2024-10-09,165.95,170.3,164.67,170.22,5486500
2024-10-10,167.23,168.75,165.33,168.52,5048000
2024-10-11,168.0,170.42999,166.87,169.98,3801400
2024-10-14,171.34,178.87,170.89999,178.039993,9933600
2024-10-15,177.22,179.83,172.75,174.089996,12910400
2024-10-16,174.62,174.67,170.22,171.48,6495700
2024-10-17,175.62,175.62,171.020004,171.10001,6093200
2024-10-18,172.11,172.58,169.42,170.92,6432700
2024-10-21,169.64,170.17,166.070007,169.0099945,7297700
2024-10-22,169.0099945,173.48,168.23,173.17999,7313000
2024-10-23,169.34,172.64,164.3,166.60001,9788200
2024-10-24,166.61,168.94,165.53,168.10001,4933400
2024-10-25,170.28,173.17999,169.81,170.27,5496600
2024-10-28,169.42,173.14999,169.37,172.22,5024600
2024-10-29,172.2,176.57001,171.25999,176.0,6427700
2024-10-30,169.92,171.74001,167.53,167.62,8819700
2024-10-31,167.62,167.78,162.080002,162.77,10261200
2024-11-01,163.080002,166.080002,162.77,165.27,6498100
2024-11-04,165.059998,167.5,163.64,165.17999,4949800
2024-11-05,165.0,167.59,164.25,165.91,5373200
2024-11-06,169.25,178.45,168.67,172.99001,17661900
2024-11-07,180.27,182.10001,171.63,172.91,23586300
2024-11-08,172.089996,173.49001,168.75,170.91,10736600
2024-11-11,170.0,170.78999,166.089996,168.28999,7829500
2024-11-12,167.050003,167.33,161.86,163.41,8483300
2024-11-13,162.78999,162.94,159.75,160.42,7921700
2024-11-14,162.95,164.91,161.87,163.97,7012600
2024-11-15,163.0,164.33,159.60001,160.5,9737000
2024-11-18,162.60001,165.14,162.0,164.5,7816800
2024-11-19,164.029999,166.23,162.64999,164.71001,6176800
2024-11-20,164.0,164.2,152.95,154.27,14483000
2024-11-21,155.16,156.94,153.59,155.46001,10685800
2024-11-22,154.78999,156.88,153.73,156.78999,5709300
2024-11-25,158.94,159.64999,157.22,158.82001,9189800
2024-11-26,159.75,161.47,156.089996,156.92999,9489900
2024-11-27,156.92999,157.64999,154.46001,156.39999,6337900
2024-11-29,158.11,161.52,157.75,158.53,6112000
2024-12-02,158.38,163.37,158.38,163.029999,9812700
2024-12-03,161.5,163.86,161.32001,162.58,6961400
2024-12-04,164.48,165.0,162.24001,163.34,6721600
2024-12-05,162.59,164.45,159.92999,160.39,7279800
2024-12-06,160.39,160.39,157.24001,159.50999,9918400
2024-12-09,157.48,162.92999,157.47,160.74001,9481200
2024-12-10,160.77,161.49001,156.039993,156.46001,8683600
2024-12-11,157.28999,160.46001,156.97,159.83,7081800
2024-12-12,158.67,159.46001,156.92,158.24001,5796100
2024-12-13,158.24001,159.67999,156.62,158.53,8886700
2024-12-16,158.16,158.71001,154.020004,157.89,9951100
2024-12-17,156.49001,159.98,156.49001,157.92,7187400
2024-12-18,158.25,161.16,152.32001,153.050003,10295200
2024-12-19,154.029999,155.47,150.059998,150.39999,8414800
2024-12-20,149.58,154.57001,149.42999,152.89,17347100
2024-12-23,155.66,158.69,154.55,158.24001,8863200
2024-12-24,158.64,159.39999,157.53999,159.36,2839600
2024-12-26,157.39999,159.56,157.35001,158.53,3846900
2024-12-27,157.19,157.75,155.52,157.24001,7232500
2024-12-30,155.23,156.13,153.8,154.58,5356000
2024-12-31,154.72,155.84,153.21001,153.62,4423300
2025-01-02,155.0099945,157.50999,152.78999,153.64,5009100
2025-01-03,155.42,158.44,154.49001,157.83,5885800
2025-01-06,159.33,165.67,159.33,159.85001,9599800
2025-01-07,162.0,163.45,159.25,160.52,7666000
2025-01-08,160.050003,160.19,156.94,159.080002,7731900
2025-01-10,157.7,158.28,155.55,156.98,6236800
2025-01-13,155.22,157.37,154.8,157.13,5714700
2025-01-14,160.14,161.0099945,156.56,159.53,6476500
2025-01-15,162.10001,165.45,162.089996,164.41,9284000
2025-01-16,165.35001,165.84,161.28,161.42999,7188900
2025-01-17,165.38,165.61,163.10001,164.56,8097500
2025-01-21,166.0,168.67999,165.35001,167.27,7380500
2025-01-22,168.32001,172.089996,168.19,170.24001,7281700
2025-01-23,170.38,174.38,169.38,174.36,7172300
2025-01-24,175.10001,175.2,171.94,172.11,5825800
2025-01-27,172.10001,172.2,167.28,171.17999,15632600
2025-01-28,170.22,173.49001,169.81,171.55,8720200
2025-01-29,171.55,173.49001,170.22,171.71001,5118900
2025-01-30,172.34,173.53999,170.97,171.92999,6010600
2025-01-31,172.50999,176.78999,172.28999,172.92999,7809000
2025-02-03,168.88,172.58,168.059998,170.24001,7447100
2025-02-04,168.5,173.78999,168.5,173.039993,5457900
2025-02-05,173.0,177.0,169.89999,175.86,15197800
2025-02-06,167.84,169.49001,165.39999,169.32001,16293500
2025-02-07,169.83,171.3,166.059998,167.96001,7841700
2025-02-10,169.73,171.8,169.0,171.36,6237700
2025-02-11,169.64999,172.7,169.11,171.99001,6588100
2025-02-12,169.55,170.92999,168.24001,170.28999,5505700
2025-02-13,170.19,172.36,169.47,172.14999,6362200
2025-02-14,172.60001,172.82001,171.039993,172.23,4691300
2025-02-18,173.25999,173.72,171.24001,173.64,7292600
2025-02-19,173.99001,176.5,173.35001,175.22,6849600
2025-02-20,176.0,176.39,172.89999,173.7,6316400
2025-02-21,174.98,175.42999,165.21001,165.42999,12531900
2025-02-24,165.91,166.59,160.99001,161.10001,9827800
2025-02-25,161.66,163.33,159.44,161.22,8244900
2025-02-26,161.83,164.14,160.92999,162.10001,9161900
2025-02-27,162.34,163.25,154.10001,154.44,10807200
2025-02-28,155.10001,157.31,153.39999,157.17,10149500
2025-03-03,158.99001,160.080002,152.52,153.62,9601900
2025-03-04,155.27,157.2,151.35001,154.46001,8956800
2025-03-05,155.039993,159.14999,153.029999,158.49001,6786900
2025-03-06,154.11,157.88,154.089996,156.039993,7808100
2025-03-07,155.22,161.82001,155.22,161.22,8727600
2025-03-10,157.35001,159.25999,152.61,154.98,10139900
2025-03-11,154.85001,156.23,150.86,153.10001,8692900
2025-03-12,154.21001,155.86,151.92,152.8,7117400
2025-03-13,152.60001,155.63,150.42,151.94,5861700
2025-03-14,153.56,156.95,153.53999,156.58,5309400
2025-03-17,155.60001,158.72,155.44,157.95,5781000
2025-03-18,157.95,159.73,155.92,156.28999,6898400
2025-03-19,156.42999,160.50999,155.059998,158.25999,5871000
2025-03-20,158.0,159.12,156.52,157.95,5089300
2025-03-21,154.98,157.42,153.56,156.82001,10949300
2025-03-24,160.0,161.0,158.8,160.080002,6033400
2025-03-25,159.88,161.47,159.42,160.14999,3978200
2025-03-26,159.45,160.81,156.85001,158.39,5960300
2025-03-27,158.21001,159.25,155.75,157.97,6102000
2025-03-28,156.92,157.64,151.56,152.72,8918000
2025-03-31,150.81,153.85001,147.88,153.61,8613600
2025-04-01,152.39,153.32001,150.25999,153.050003,5708900
2025-04-02,150.78999,155.46001,150.37,154.080002,5377200
2025-04-03,147.0,147.39999,138.56,139.42,16465000
2025-04-04,134.34,135.86,126.68,127.46,19018600
2025-04-07,124.59,137.2,120.8,129.72,17938300
2025-04-08,131.13,135.28999,121.74,124.66,14965900
2025-04-09,125.16,144.86,124.19,143.59,21242600
2025-04-10,137.0099945,139.059998,129.28999,134.39999,14898800
2025-04-11,134.0,140.64999,131.11,139.25,10955300
2025-04-14,142.75,143.11,136.83,139.19,6930300
2025-04-15,139.46001,140.84,138.029999,138.60001,6346800
2025-04-16,133.67999,137.31,131.78999,135.74001,10417200
2025-04-17,137.38,138.14999,135.71001,136.66,7093100
2025-04-21,134.73,136.55,133.36,136.14,8128300
2025-04-22,136.75,139.10001,136.49001,138.74001,8228000
2025-04-23,142.58,143.88,139.78,140.46001,9073500
2025-04-24,142.78,147.82001,141.99001,147.21001,8810600
2025-04-25,146.080002,149.2,146.080002,148.56,5145600
2025-04-28,148.17999,149.3,145.44,147.62,5743500
2025-04-29,146.66,148.25999,145.52,146.88,6692000
2025-04-30,145.2,148.85001,143.88,148.46001,10851900
2025-05-01,138.78999,138.96001,134.87,135.21001,22836600
2025-05-02,137.85001,141.41,137.28999,139.81,13185600
2025-05-05,138.3,140.77,138.28999,139.44,7165300
2025-05-06,137.82001,140.8,137.46001,139.89999,6957900
2025-05-07,140.38,144.7,140.25,144.3,10196400
2025-05-08,145.64,147.5,143.89,145.10001,8489100
2025-05-09,145.66,146.98,144.60001,145.17999,6217100
2025-05-12,154.080002,154.36,149.83,152.12,11414600
2025-05-13,152.0099945,153.28999,150.96001,151.34,10160900
2025-05-14,151.92999,153.27,150.42999,152.98,6971200
2025-05-15,151.71001,153.39,150.17999,152.61,6941200
2025-05-16,152.87,153.059998,151.3,152.5,6668000
2025-05-19,150.55,153.82001,150.11,153.7,7241100
2025-05-20,153.039993,153.89,151.92999,153.82001,5269500
2025-05-21,153.58,156.13,150.83,151.31,9684500
2025-05-22,151.39,151.58,147.22,147.37,9539100
2025-05-23,143.42,146.49001,141.77,145.38,8994600
2025-05-27,147.55,149.35001,146.42999,148.63,9788800
2025-05-28,148.82001,149.49001,147.36,147.60001,7032300
2025-05-29,149.86,150.5,147.24001,148.34,5980700
2025-05-30,148.0,148.020004,143.48,145.2,13755600
2025-06-02,144.8,147.21001,144.48,146.63,6419500
2025-06-03,146.71001,149.78,145.50999,148.94,6164100
2025-06-04,150.0,150.050003,147.38,149.050003,7143800
2025-06-05,148.8,150.080002,147.0,147.56,5605500
2025-06-06,149.8,150.59,149.050003,149.24001,5794700
2025-06-09,151.81,156.12,151.17,155.41,10589400
2025-06-10,156.19,159.50999,155.070007,159.13,9068400
2025-06-11,160.0,162.14,157.7,159.48,8859900
2025-06-12,159.0,159.61,157.95,158.7,5689400
2025-06-13,156.34,157.17,154.44,154.72,8446400
2025-06-16,157.029999,158.45,155.64,156.87,8686300
2025-06-17,156.64999,157.58,154.39,154.46001,7146900
2025-06-18,155.0,156.10001,153.14999,153.63,6708700
2025-06-20,154.23,155.12,150.63,151.32001,15501900
2025-06-23,151.23,153.52,149.67999,153.14,6860700
2025-06-24,154.73,156.3,154.14999,155.71001,7692700
2025-06-25,156.10001,156.53,154.59,155.92999,5280100
2025-06-26,156.5,158.42,155.91,158.19,6278200
2025-06-27,158.64999,161.10001,157.57001,158.53999,22100300
2025-06-30,158.39,159.86,157.8,159.25999,7988200
2025-07-01,158.22,161.64999,157.98,159.39999,8942300
2025-07-02,159.67999,162.78999,158.8,162.32001,8916400
2025-07-03,163.039993,163.96001,162.089996,162.21001,4280800
2025-07-07,161.11,161.49001,157.57001,158.089996,7187400
2025-07-08,159.47,161.83,158.61,159.45,6879100
2025-07-09,159.39999,161.48,158.25,159.35001,4190100
2025-07-10,158.99001,160.28999,157.78999,159.089996,5674400
2025-07-11,159.0,159.17,157.14999,157.46001,5907700
2025-07-14,156.42,156.5,153.48,154.28999,7382600
2025-07-15,156.28999,156.71001,154.12,154.3,6467300
2025-07-16,154.3,154.5,151.53999,154.070007,7106700
2025-07-17,153.0,153.53,151.8,152.61,7018600
2025-07-18,153.039993,155.42999,152.73,154.8,7433900
2025-07-21,154.92,159.92999,154.91,158.97,7662300
2025-07-22,158.96001,159.039993,156.17,157.99001,6951600
2025-07-23,158.59,160.039993,156.92999,159.88,7296200
2025-07-24,158.35001,159.089996,156.78999,158.84,5014800
2025-07-25,158.89999,159.2,157.41,158.39999,4808200
2025-07-28,159.75999,161.96001,159.16,161.050003,9627300
2025-07-29,162.039993,163.60001,161.14,162.080002,9460900
2025-07-30,163.0,163.27,158.0,159.059998,14382500
2025-07-31,153.11,156.8,145.58,146.75999,24440100
2025-08-01,146.46001,149.17,145.78999,148.19,12706700
2025-08-04,148.50999,150.78999,147.070007,147.50999,8150200
2025-08-05,148.52,148.64999,145.67,146.71001,7794500
2025-08-06,146.64999,146.71001,144.11,145.84,8475700
2025-08-07,148.32001,148.32001,144.81,145.89999,6753500
2025-08-08,146.35001,148.020004,145.69,147.56,5028700
2025-08-11,148.57001,151.059998,147.71001,147.97,6215900
2025-08-12,148.78999,153.89999,148.57001,153.73,9304100
2025-08-13,153.97,157.11,153.63,156.59,7103300
2025-08-14,154.89999,158.64999,154.89999,158.089996,6294800
2025-08-15,158.039993,159.25999,156.69,157.85001,7583700
2025-08-18,157.78,159.75,157.24001,158.89999,4774400
2025-08-19,159.070007,159.42999,156.050003,156.25,6396500
2025-08-20,156.39,156.64,153.46001,155.44,7151700
2025-08-21,154.82001,155.2,153.050003,154.13,4997300
2025-08-22,154.83,159.89,154.56,158.0099945,7711500
2025-08-25,157.61,158.050003,155.39999,156.42,4653000
2025-08-26,157.66,159.96001,157.41,159.17,9173000
2025-08-27,158.36,159.97,157.8,159.77,4549900
2025-08-28,159.91,161.22,159.029999,160.8,8156300
2025-08-29,159.53,161.60001,159.39999,160.73,9949100
2025-09-02,157.82001,158.94,154.60001,158.78,7520300
2025-09-03,159.39999,159.57001,156.059998,157.28,6336400
2025-09-04,156.2,159.86,154.47,159.71001,7781200
2025-09-05,160.080002,163.49001,159.14999,159.84,7954200
2025-09-08,160.28999,160.28999,158.0099945,160.24001,7019700
2025-09-09,160.37,161.60001,157.57001,158.66,6126000
2025-09-10,158.62,159.21001,156.61,158.95,8256900
2025-09-11,159.19,162.070007,157.96001,161.50999,8360200
2025-09-12,161.33,162.33,159.58,161.83,5430600
2025-09-15,161.39999,162.67999,160.21001,161.22,5604800
2025-09-16,161.82001,165.0,161.5,164.14,7997500
2025-09-17,164.67999,166.37,163.23,165.25999,6057800
2025-09-18,166.88,168.86,166.23,168.13,10421200
2025-09-19,169.17,169.58,166.28999,166.85001,19444400
2025-09-22,166.85001,170.22,165.92,169.72,6196600
2025-09-23,169.82001,170.85001,168.3,169.53,5468400
2025-09-24,169.050003,174.44,168.67,173.55,9213700
2025-09-25,171.21001,171.97,167.94,169.67999,8093700
2025-09-26,169.67999,170.92999,168.13,169.2,4846000
2025-09-29,169.2,169.84,164.75999,165.3,7523100
2025-09-30,165.64,166.84,164.88,166.36,5593300
2025-10-01,165.8,166.77,164.49001,166.49001,6153000
2025-10-02,167.75,169.53999,167.17999,168.85001,5499500
2025-10-03,168.85001,171.75,168.74001,169.17999,5137900
2025-10-06,170.53999,170.88,167.72,168.62,8265800
2025-10-07,169.89999,171.98,165.14,165.46001,7147500
2025-10-08,166.24001,168.55,163.89,167.77,7302200
2025-10-09,167.37,167.61,163.23,165.66,6928400
2025-10-10,164.82001,165.089996,153.35001,153.59,15818600
2025-10-13,155.95,162.39,155.78,161.78,10311000
2025-10-14,159.3,164.27,159.25999,161.74001,8675200
2025-10-15,164.24001,164.24001,160.31,162.97,7334100
2025-10-16,164.49001,165.19,162.21001,164.080002,5686700
2025-10-17,162.86,163.78999,161.67,163.45,4833100
2025-10-20,163.34,167.64999,162.059998,167.039993,8194100
2025-10-21,166.8,169.24001,166.2,168.83,6176100
2025-10-22,167.49001,169.78,166.020004,169.27,10083800
2025-10-23,168.33,171.25,167.88,170.029999,6546400
2025-10-24,171.69,172.42,168.47,168.94,6256000
2025-10-27,168.95,205.95,168.82001,187.67999,81799300
2025-10-28,183.92999,185.91,179.41,181.029999,20323100
2025-10-29,182.0,183.49001,178.2,178.67,11614600
2025-10-30,178.67999,179.88,177.19,177.25999,7862900
2025-10-31,178.52,182.14999,176.83,180.89999,9452800
2025-11-03,182.95,183.45,179.089996,180.72,8535100
2025-11-04,177.48,179.34,172.28999,172.84,12323600
2025-11-05,174.75999,183.42999,174.32001,179.72,18845500
2025-11-06,177.8,178.50999,170.059998,173.2,16184700
2025-11-07,172.73,174.25,168.25,170.89,10614700
2025-11-10,173.75999,174.8,169.5,171.57001,10129300
2025-11-11,171.0,175.98,171.0,173.98,8419100
2025-11-12,175.0,177.42,174.88,176.67,8785800
2025-11-13,176.63,178.83,173.029999,174.5,9526100
2025-11-14,171.78,175.69,171.39999,173.98,7949900
2025-11-17,172.8,174.84,165.17,166.75,10211100
2025-11-18,164.89,166.78999,161.39,165.059998,11073200
2025-11-19,164.69,167.50999,164.11,166.11,8176500
2025-11-20,167.13,168.88,158.85001,159.59,12075400
2025-11-21,160.75,165.27,159.10001,163.3,10815000
2025-11-24,164.37,166.94,163.72,165.059998,12070100
2025-11-25,163.99001,164.97,161.87,163.3,7758100
2025-11-26,164.12,166.25,163.14999,165.14,7967700
2025-11-28,165.029999,168.19,164.13,168.089996,5068800
2025-12-01,165.91,169.029999,165.5,168.039993,6818300
2025-12-02,168.75,171.17,167.64,170.7,9159100
2025-12-03,170.89999,175.089996,170.35001,175.070007,7624300
2025-12-04,174.33,174.92999,173.23,174.35001,7245000
2025-12-05,174.74001,177.25,174.5,174.81,8400100
2025-12-08,174.74001,175.5,173.72,175.31,6690200
2025-12-09,174.5,176.35001,172.32001,176.0,7719100
2025-12-10,175.81,183.44,175.25,182.21001,11100100
2025-12-11,181.37,181.64,178.089996,181.27,6319200
2025-12-12,181.25,183.11,177.87,178.28999,8865800
2025-12-15,179.72,180.31,176.39,179.25999,6954700
2025-12-16,179.19,179.19,174.81,176.12,7136000
2025-12-17,176.12,177.48,172.050003,172.34,8501900
2025-12-18,175.71001,177.080002,173.53,174.19,8967500
2025-12-19,174.44,177.19,174.2,175.25,25223500
2025-12-22,177.56,178.32001,173.89999,174.22,6422100
2025-12-23,173.61,175.27,173.50999,174.75,4690400
2025-12-24,175.039993,175.49001,174.42,174.77,1645300
2025-12-26,175.0,175.5,174.35001,174.81,2442800
2025-12-29,174.0099945,175.19,172.78999,173.42999,3978400
2025-12-30,174.059998,174.39999,173.34,173.64999,3429300
