DateTime,Open,High,Low,Close,Volume
2015-01-02,101.5,102.62,100.010002,100.78,3060900
2015-01-05,100.3,100.45,98.75,99.12,4679000
2015-01-06,99.83,100.14,98.46,98.92,3468300
2015-01-07,98.96,100.3,98.92,99.93,3225800
2015-01-08,101.57,104.98,100.72,104.7,5346100
2015-01-09,104.42,104.63,102.9,103.72,3397600
2015-01-12,103.83,104.0,101.91,102.55,3051500
2015-01-13,103.94,105.6,101.84,103.07,3856500
2015-01-14,101.61,103.48,101.18,103.33,4725600
2015-01-15,103.56,104.59,103.13,104.46,5888900
2015-01-16,104.5,106.0,103.65,105.77,6045500
2015-01-20,106.2,106.38,104.5,105.62,6526800
2015-01-21,106.52,109.45,105.62,109.32,8293700
2015-01-22,109.75,114.12,109.33,113.85,8055200
2015-01-23,113.64,114.32,112.0,112.0,5256000
2015-01-26,112.0,112.0,110.76,111.61,4203400
2015-01-27,110.95,111.25,109.92,110.010002,4718300
2015-01-28,110.57,110.88,108.45,108.46,6633500
2015-01-29,108.15,109.58,106.74,109.39,4912300
2015-01-30,108.62,109.39,106.14,106.25,5397500
2015-02-02,106.73,107.34,105.07,107.29,4657100
2015-02-03,107.35,108.0,106.52,107.81,4192600
2015-02-04,106.83,108.74,106.75,107.92,4768900
2015-02-05,108.32,109.81,108.32,108.82,3297700
2015-02-06,108.59,109.4,107.19,107.6,3661400
2015-02-09,106.93,107.24,106.28,106.49,3909700
2015-02-10,107.26,109.46,107.13,108.97,5437400
2015-02-11,108.73,110.059998,108.38,109.85,3798500
2015-02-12,110.7,110.78,108.83,109.84,3378000
2015-02-13,109.69,109.84,108.68,109.44,3727600
2015-02-17,109.34,109.76,108.52,109.76,3430600
2015-02-18,109.76,110.22,108.95,109.77,2958700
2015-02-19,109.54,110.36,109.44,110.029999,2674800
2015-02-20,109.96,112.82,109.44,112.62,4647100
2015-02-23,112.99,116.49,112.85,116.4,7060000
2015-02-24,116.26,116.58,115.32,115.43,3582800
2015-02-25,115.82,115.82,113.72,114.050003,3845900
2015-02-26,114.41,114.62,113.37,113.66,3126800
2015-02-27,113.77,114.25,113.41,113.63,4016400
2015-03-02,113.63,114.85,113.63,114.4,2952200
2015-03-03,113.95,114.49,112.36,112.86,3163700
2015-03-04,112.25,113.97,111.65,113.82,3180900
2015-03-05,114.07,115.72,114.07,114.79,2941400
2015-03-06,115.16,115.16,112.61,112.88,3196900
2015-03-09,112.97,114.96,112.87,114.9,3942000
2015-03-10,114.26,114.41,112.46,112.46,3957900
2015-03-11,112.9,113.59,112.64,112.72,2593700
2015-03-12,113.32,115.050003,113.15,114.88,3258600
2015-03-13,114.44,115.39,113.53,115.25,3066800
2015-03-16,116.0,118.69,115.82,118.52,4692200
2015-03-17,118.080002,118.13,116.92,117.6,3303500
2015-03-18,117.43,120.52,116.73,119.96,5533500
2015-03-19,120.0,121.099998,119.82,120.76,4032500
2015-03-20,121.35,121.53,119.0,119.14,7195700
2015-03-23,119.48,120.48,118.59,119.040001,4576500
2015-03-24,118.9,119.64,118.080002,118.12,3054700
2015-03-25,118.85,119.75,116.51,116.54,3385500
2015-03-26,116.07,117.21,114.6,116.25,2856400
2015-03-27,116.059998,118.22,116.019997,118.010002,2608500
2015-03-30,122.32,123.76,120.53,121.0,5178500
2015-03-31,120.8,120.93,118.22,118.29,4573100
2015-04-01,119.52,119.52,116.54,117.45,4826200
2015-04-02,117.6,118.38,116.87,117.36,2497100
2015-04-06,116.019997,118.52,115.95,117.7,2544700
2015-04-07,119.45,119.83,117.27,117.35,2528500
2015-04-08,117.78,118.83,117.47,118.19,2627000
2015-04-09,117.83,118.76,117.6,118.55,2247200
2015-04-10,118.55,119.099998,117.97,119.0,2232600
2015-04-13,121.0,121.31,119.13,119.37,3961000
2015-04-14,119.34,120.18,118.52,119.92,3208800
2015-04-15,120.38,120.74,116.55,117.32,7344000
2015-04-16,121.93,122.32,120.52,121.6,7068000
2015-04-17,121.0,121.050003,117.74,118.71,4390000
2015-04-20,119.85,120.33,118.07,118.58,4650700
2015-04-21,119.0,119.63,118.76,119.28,3379800
2015-04-22,119.54,119.94,117.17,117.81,3846700
2015-04-23,117.48,118.58,116.96,118.26,3244300
2015-04-24,118.28,119.089996,118.019997,118.69,3139200
2015-04-27,119.18,119.41,116.07,116.24,5174300
2015-04-28,116.89,117.74,114.28,117.59,4144800
2015-04-29,116.22,117.32,112.040001,113.61,7122600
2015-04-30,113.53,114.33,111.12,111.4,6705600
2015-05-01,112.29,113.66,111.74,113.2,5805100
2015-05-04,113.7,114.93,113.45,114.56,3531500
2015-05-05,113.94,114.28,113.010002,113.37,3960400
2015-05-06,114.0,114.49,112.66,113.49,3369800
2015-05-07,113.15,115.14,113.11,114.76,3300200
2015-05-08,115.93,116.59,115.050003,115.68,3066000
2015-05-11,115.61,115.79,114.72,114.77,3376400
2015-05-12,114.23,115.080002,113.83,114.64,3844600
2015-05-13,114.62,116.3,114.62,115.86,3667700
2015-05-14,117.18,118.62,116.21,118.53,4771400
2015-05-15,118.78,119.35,118.31,119.33,3083800
2015-05-18,119.22,119.98,118.84,119.8,2824700
2015-05-19,119.82,121.13,119.69,120.55,3554900
2015-05-20,120.73,121.85,120.029999,121.24,3379200
2015-05-21,120.76,120.84,120.050003,120.46,2983500
2015-05-22,120.3,120.78,119.14,119.59,2945900
2015-05-26,119.22,119.59,117.7,118.24,3014500
2015-05-27,118.88,119.85,118.27,119.45,2887700
2015-05-28,119.31,119.82,118.29,119.62,2873600
2015-05-29,120.059998,121.62,117.74,120.21,6019900
2015-06-01,120.54,120.56,118.75,119.86,3876400
2015-06-02,119.49,119.68,117.41,117.75,4219500
2015-06-03,118.0,118.99,117.45,118.35,3438100
2015-06-04,117.92,117.97,116.029999,116.65,3300300
2015-06-05,116.33,116.75,115.36,116.53,2724500
2015-06-08,116.38,117.67,116.32,116.91,3271300
2015-06-09,116.93,117.38,115.79,116.99,3047300
2015-06-10,117.029999,118.88,116.73,118.55,4006400
2015-06-11,118.41,119.94,118.22,119.32,3815600
2015-06-12,118.84,119.0,117.5,117.65,3076600
2015-06-15,116.83,120.88,116.0,118.98,6809500
2015-06-16,119.14,122.18,119.0,121.55,7229400
2015-06-17,121.9,122.2,119.17,119.74,4805900
2015-06-18,120.39,121.38,119.92,120.89,3478300
2015-06-19,120.65,120.88,119.9,120.33,4178700
2015-06-22,121.63,122.23,119.94,120.25,4435600
2015-06-23,121.37,122.77,121.010002,122.74,4991000
2015-06-24,122.8,123.0,119.099998,119.17,4650500
2015-06-25,119.57,123.41,119.5,122.33,6149500
2015-06-26,123.79,124.11,122.73,123.25,16358200
2015-06-29,122.040001,123.029999,121.11,121.19,3604000
2015-06-30,122.42,122.94,121.0,122.0,4982600
2015-07-01,122.95,123.65,122.22,123.38,3269300
2015-07-02,123.82,123.88,121.019997,121.81,3682300
2015-07-06,119.6,123.099998,119.26,122.16,6522800
2015-07-07,122.36,122.8,117.81,120.7,6476200
2015-07-08,119.050003,119.99,118.4,118.78,4009800
2015-07-09,120.040001,120.56,119.31,119.34,3315600
2015-07-10,120.99,122.75,120.7,122.15,4033500
2015-07-13,123.099998,123.75,121.81,122.45,3766900
2015-07-14,122.18,125.2,122.0,125.0,4192400
2015-07-15,124.95,126.050003,123.81,125.86,5067300
2015-07-16,125.42,125.5,122.099998,124.93,7216600
2015-07-17,124.7,124.98,123.7,123.85,3702700
2015-07-20,124.050003,124.23,122.33,122.65,3199700
2015-07-21,122.57,122.72,120.34,120.86,4239100
2015-07-22,120.97,121.24,120.080002,120.61,3384700
2015-07-23,121.63,121.68,118.76,119.33,4896100
2015-07-24,119.12,119.72,117.58,117.94,3840600
2015-07-27,117.88,118.089996,116.66,117.88,3752300
2015-07-28,118.74,121.57,118.5,121.52,5216900
2015-07-29,121.82,122.11,120.62,121.52,3924400
2015-07-30,121.14,121.92,119.55,120.56,3732400
2015-07-31,120.47,122.72,120.47,121.4,3593000
2015-08-03,121.61,122.17,120.14,120.89,2541300
2015-08-04,121.58,121.63,120.23,120.84,2058200
2015-08-05,121.76,124.24,121.76,123.92,3831900
2015-08-06,124.37,124.64,121.8,122.040001,3014900
2015-08-07,121.71,121.86,120.26,121.82,2276300
2015-08-10,122.5,123.34,121.94,122.48,2480000
2015-08-11,121.27,123.019997,121.27,122.26,2756000
2015-08-12,121.26,121.78,119.050003,121.2,3005300
2015-08-13,121.33,121.99,120.29,120.52,3253400
2015-08-14,120.57,121.18,120.26,121.019997,2040500
2015-08-17,120.4,123.95,120.3,123.82,2951800
2015-08-18,123.88,126.21,123.82,125.5,4140200
2015-08-19,124.71,124.99,122.85,123.22,3411500
2015-08-20,122.24,122.42,119.79,119.79,3201600
2015-08-21,118.25,118.8,116.010002,116.28,5627800
2015-08-24,110.86,112.43,95.0,110.43,8824900
2015-08-25,113.0,114.59,109.8,109.98,8109900
2015-08-26,112.56,113.83,110.28,113.46,7503200
2015-08-27,115.25,117.83,114.96,117.77,5783700
2015-08-28,117.39,117.84,116.0,117.28,3333100
2015-08-31,117.21,118.78,115.16,115.7,4087000
2015-09-01,113.36,114.22,112.07,112.63,4658100
2015-09-02,113.83,114.6,112.53,114.23,4522100
2015-09-03,114.74,115.92,113.46,113.99,3137100
2015-09-04,112.5,113.07,111.26,112.36,3394900
2015-09-08,114.13,116.21,113.67,116.089996,3990600
2015-09-09,117.29,117.72,114.83,115.080002,3753500
2015-09-10,114.85,117.94,114.73,116.77,5525700
2015-09-11,116.17,118.87,115.86,118.7,3752500
2015-09-14,119.029999,119.5,117.15,117.8,2686500
2015-09-15,118.61,120.61,117.43,120.029999,3072100
2015-09-16,120.27,121.36,119.55,121.15,3475700
2015-09-17,121.5,125.12,120.9,123.26,5466500
2015-09-18,122.21,123.77,121.82,122.47,7458400
2015-09-21,123.49,124.27,121.39,123.94,3476700
2015-09-22,121.44,123.79,121.44,122.93,4566800
2015-09-23,123.0,124.21,122.040001,123.28,3131300
2015-09-24,122.35,122.63,119.27,121.089996,4735800
2015-09-25,122.18,122.41,115.23,116.37,8060200
2015-09-28,115.55,115.82,111.010002,112.7,5727000
2015-09-29,112.89,114.86,111.61,114.22,5142700
2015-09-30,115.39,116.92,114.88,116.010002,4638600
2015-10-01,115.94,116.71,114.91,116.61,3768300
2015-10-02,115.14,118.85,114.82,118.83,3521600
2015-10-05,119.67,120.34,118.13,119.65,3491200
2015-10-06,119.46,119.6,114.67,116.050003,4652000
2015-10-07,116.46,116.81,114.6,116.43,4282000
2015-10-08,116.43,116.94,114.9,116.080002,3646500
2015-10-09,115.99,119.47,115.96,119.27,4485100
2015-10-12,119.010002,123.07,118.56,122.51,5840000
2015-10-13,123.16,125.99,121.59,123.99,6655700
2015-10-14,123.85,125.0,120.84,122.07,5592200
2015-10-15,119.0,120.5,115.96,120.17,8012400
2015-10-16,120.85,120.85,118.58,119.98,4416500
2015-10-19,119.78,120.91,119.2,120.73,3707500
2015-10-20,120.64,121.57,119.69,120.42,3278400
2015-10-21,120.69,120.8,115.27,118.11,5305600
2015-10-22,118.21,119.029999,110.07,113.81,10475000
2015-10-23,114.45,116.62,114.040001,115.92,5497500
2015-10-26,115.92,117.0,115.0,116.53,3377100
2015-10-27,116.39,119.52,115.9,119.37,4008400
2015-10-28,119.76,120.14,115.91,119.78,4405500
2015-10-29,119.79,121.67,119.5,119.71,3257500
2015-10-30,119.93,120.37,117.78,117.78,4237800
2015-11-02,118.64,119.95,117.84,118.69,3874200
2015-11-03,118.17,118.46,116.25,117.66,2758200
2015-11-04,117.6,117.75,114.059998,114.64,5396100
2015-11-05,114.98,116.77,113.63,116.23,4009100
2015-11-06,115.23,115.8,114.010002,114.81,4106900
2015-11-09,114.13,114.64,113.010002,114.26,2755100
2015-11-10,114.27,116.2,114.029999,115.89,2842600
2015-11-11,116.35,116.86,114.35,114.54,2374200
2015-11-12,113.76,114.74,112.53,112.82,3341300
2015-11-13,112.49,113.019997,111.18,111.41,3767300
2015-11-16,110.9,114.14,110.79,113.82,2450000
2015-11-17,113.73,115.44,113.17,114.39,1981400
2015-11-18,114.25,117.53,113.75,117.25,3319900
2015-11-19,109.79,113.71,109.61,110.63,15731900
2015-11-20,110.89,114.44,110.6,112.97,7059400
2015-11-23,112.97,114.49,112.099998,112.16,3780400
2015-11-24,111.38,113.45,111.059998,113.19,3244800
2015-11-25,113.47,115.050003,113.0,114.41,2959200
2015-11-27,114.49,115.9,114.080002,114.34,1740400
2015-11-30,114.56,114.82,112.62,112.71,4605200
2015-12-01,113.53,116.37,113.050003,116.26,5467000
2015-12-02,116.24,119.38,116.11,117.64,6071100
2015-12-03,117.8,118.28,114.43,115.0,4286600
2015-12-04,115.59,118.25,115.24,117.74,3588200
2015-12-07,117.89,117.89,115.2,115.91,3164300
2015-12-08,114.95,116.35,113.95,115.88,3551900
2015-12-09,115.4,116.82,114.66,115.050003,3839100
2015-12-10,115.050003,117.050003,114.34,116.21,3202600
2015-12-11,116.21,117.34,114.62,115.98,3830800
2015-12-14,115.88,116.74,114.43,115.85,3867200
2015-12-15,116.87,118.5,116.66,117.61,3124100
2015-12-16,118.3,119.76,116.9,118.83,3516900
2015-12-17,118.83,121.089996,118.64,119.22,3945800
2015-12-18,118.61,118.86,115.82,115.82,7574800
2015-12-21,116.57,117.77,116.0,117.41,3185200
2015-12-22,118.19,118.34,116.21,117.44,2821600
2015-12-23,117.9,118.83,117.55,118.69,2479600
2015-12-24,118.53,119.18,118.29,118.34,900100
2015-12-28,118.26,118.61,117.38,118.33,1582600
2015-12-29,118.87,120.41,118.7,119.82,2027600
2015-12-30,120.029999,120.11,118.66,118.92,1747700
2015-12-31,118.64,119.37,117.36,117.64,2372500
2016-01-04,116.91,116.91,114.53,116.46,4991000
2016-01-05,116.72,117.89,116.21,116.68,2816800
2016-01-06,115.78,116.65,114.5,115.49,2677300
2016-01-07,113.63,114.089996,111.42,112.089996,5277200
2016-01-08,112.35,113.0,109.76,110.16,4422400
2016-01-11,110.51,110.62,108.19,109.58,4525800
2016-01-12,110.36,113.13,110.050003,112.26,4037800
2016-01-13,112.41,113.040001,108.93,109.23,3434300
2016-01-14,108.74,111.8,107.51,110.76,4238200
2016-01-15,109.080002,110.65,107.79,109.27,6357000
2016-01-19,111.49,114.16,109.6,112.58,7122800
2016-01-20,112.089996,115.74,110.15,114.79,8380700
2016-01-21,114.67,115.48,112.26,113.5,5413900
2016-01-22,114.67,115.15,113.89,114.33,3622200
2016-01-25,114.52,115.31,112.85,113.38,2908500
2016-01-26,112.91,114.18,111.76,113.96,4592500
2016-01-27,114.43,114.81,111.84,112.33,4720300
2016-01-28,112.29,113.25,110.61,111.38,3525600
2016-01-29,111.93,115.16,110.62,115.16,5280800
2016-02-01,114.83,116.15,114.11,115.89,4333500
2016-02-02,114.95,115.39,113.27,113.88,2997700
2016-02-03,114.37,114.37,110.3,112.75,3462300
2016-02-04,112.67,114.55,112.040001,114.2,3608300
2016-02-05,114.07,114.21,110.9,111.72,3330800
2016-02-08,110.5,111.12,108.83,110.019997,5050200
2016-02-09,109.37,112.28,109.14,111.16,3680200
2016-02-10,111.33,114.48,111.33,112.74,3023200
2016-02-11,111.32,111.69,110.089996,110.62,3955000
2016-02-12,111.2,111.91,110.21,111.82,2552100
2016-02-16,112.63,115.27,112.53,115.15,3445700
2016-02-17,115.5,118.39,115.2,118.3,4466000
2016-02-18,118.5,120.0,117.059998,117.45,3847100
2016-02-19,117.5,118.55,116.019997,117.68,4481400
2016-02-22,119.099998,122.14,118.96,121.27,5054800
2016-02-23,120.64,121.8,120.27,121.15,2804400
2016-02-24,119.93,120.32,117.83,120.2,2559700
2016-02-25,120.2,121.23,119.82,121.2,2281700
2016-02-26,121.48,122.26,120.89,121.33,2877500
2016-02-29,121.099998,121.82,118.97,119.099998,4526300
2016-03-01,119.49,122.22,119.37,121.67,3295600
2016-03-02,121.23,121.84,120.37,121.27,2670900
2016-03-03,120.86,121.86,120.089996,121.82,3064100
2016-03-04,121.32,122.19,120.74,121.8,2873900
2016-03-07,121.080002,122.74,120.9,121.76,2315400
2016-03-08,121.28,122.32,120.73,121.66,2522000
2016-03-09,121.88,122.12,120.45,121.099998,2094000
2016-03-10,121.2,122.76,120.41,122.089996,2638200
2016-03-11,122.47,125.32,122.25,125.099998,3766200
2016-03-14,124.8,126.019997,124.36,125.22,2856400
2016-03-15,124.54,125.47,124.080002,124.85,2610300
2016-03-16,124.39,125.55,124.099998,124.9,2140900
2016-03-17,124.61,124.96,122.22,124.53,3911400
2016-03-18,124.86,127.080002,124.53,126.72,6948400
2016-03-21,126.24,127.0,125.68,126.74,2667000
2016-03-22,126.65,128.82001,126.019997,128.020004,3984000
2016-03-23,128.14999,130.35001,128.020004,129.78999,6166400
2016-03-24,128.97,130.32001,127.17,128.59,4153900
2016-03-28,128.82001,129.5,128.0099945,128.92,1955100
2016-03-29,129.27,130.089996,128.53999,129.83,2463100
2016-03-30,130.089996,131.10001,129.39,129.67999,2578500
2016-03-31,129.64,129.97,128.28999,128.89999,3181800
2016-04-01,128.69,130.44,128.36,129.92,3901700
2016-04-04,130.5,130.7,128.88,129.49001,2812400
2016-04-05,128.95,129.46001,126.9,127.040001,4440000
2016-04-06,127.23,128.42,126.88,128.029999,3021400
2016-04-07,127.51,128.44,126.23,126.87,3186600
2016-04-08,127.19,128.14999,125.26,125.68,3642300
2016-04-11,125.83,126.94,125.83,126.33,3119200
2016-04-12,126.3,127.36,125.4,126.8,2887200
2016-04-13,127.65,128.66,127.27,127.76,2592400
2016-04-14,127.72,128.57001,127.56,127.98,1674600
2016-04-15,127.89,128.059998,126.22,127.33,2835200
2016-04-18,126.88,128.029999,126.6,127.81,2717400
2016-04-19,130.089996,131.3,129.12,130.5,4340100
2016-04-20,131.28999,135.11,130.89999,133.92999,7321000
2016-04-21,133.56,134.0,132.42999,132.96001,3786000
2016-04-22,133.72,134.33,133.050003,134.13,2782800
2016-04-25,133.71001,134.070007,132.59,133.78,2702100
2016-04-26,133.97,134.61,133.0,134.24001,2638000
2016-04-27,134.34,134.58,131.89999,132.8,3358800
2016-04-28,132.78999,134.39,131.69,132.070007,3332800
2016-04-29,131.059998,131.88,128.92999,131.67999,4161100
2016-05-02,132.61,132.92999,130.92,132.10001,2887700
2016-05-03,131.37,133.23,131.13,132.46001,3632300
2016-05-04,131.020004,132.41,130.59,132.029999,2909300
2016-05-05,132.050003,133.28,131.85001,132.31,2054700
2016-05-06,132.089996,132.28,130.60001,132.039993,2618600
2016-05-09,131.75,133.59,131.57001,132.67,2191800
2016-05-10,132.92,133.60001,132.58,133.57001,2223500
2016-05-11,133.74001,134.0,130.58,130.69,3450800
2016-05-12,131.0,131.28999,128.75,129.74001,3210400
2016-05-13,129.10001,130.029999,128.55,129.0,3137300
2016-05-16,128.75,130.86,128.53,130.64,2466000
2016-05-17,130.57001,131.22,128.99001,129.56,2294500
2016-05-18,129.11,131.27,128.92999,130.50999,2246400
2016-05-19,129.69,131.12,128.75999,130.0,2756000
2016-05-20,130.63,131.78999,130.2,130.94,2538100
2016-05-23,130.13,131.2,130.0099945,130.42,3036500
2016-05-24,130.75999,132.99001,130.31,132.59,2702400
2016-05-25,133.21001,134.3,132.78,133.42,2211300
2016-05-26,133.5,133.96001,132.66,132.98,1499300
2016-05-27,132.98,134.53,132.96001,134.0,1833400
2016-05-31,134.60001,134.75,133.48,133.67,3634100
2016-06-01,133.58,134.85001,133.020004,134.53,2618000
2016-06-02,134.25999,136.14999,134.0099945,136.039993,4015000
2016-06-03,135.61,137.12,135.14999,136.84,3625600
2016-06-06,136.92,138.39,136.50999,138.14999,2959900
2016-06-07,138.16,138.5,136.88,136.94,2943200
2016-06-08,137.27,140.89,137.0,140.39999,6180800
2016-06-09,140.49001,140.87,139.53999,140.67999,3682400
2016-06-10,140.25,140.39,138.64,139.24001,2805800
2016-06-13,139.0,140.13,138.080002,138.089996,2804300
2016-06-14,137.88,138.25999,137.34,137.87,2970700
2016-06-15,137.74001,138.17,137.050003,137.25999,2369400
2016-06-16,137.21001,138.89,136.38,138.66,3176100
2016-06-17,138.75999,138.85001,136.55,137.69,4430900
2016-06-20,139.22,139.84,138.14,138.52,3731700
2016-06-21,139.2,139.23,138.070007,138.19,2021400
2016-06-22,138.45,139.53999,137.63,137.89999,2375200
2016-06-23,139.35001,139.98,138.0099945,139.19,2646800
2016-06-24,135.66,138.62,135.14999,137.28999,4475100
2016-06-27,136.14999,137.39,135.48,137.11,3996200
2016-06-28,138.21001,139.089996,137.64999,138.71001,4160200
2016-06-29,139.8,140.67999,139.60001,140.52,3704500
2016-06-30,140.67999,141.31,140.24001,141.2,4730800
2016-07-01,141.16,141.78999,140.62,140.86,2882500
2016-07-05,140.14999,141.91,140.029999,141.56,3749300
2016-07-06,140.98,142.96001,140.97,142.38,4083300
2016-07-07,142.37,142.66,139.95,140.8,3515500
2016-07-08,141.7,141.78,139.55,141.27,3605500
2016-07-11,141.27,141.60001,140.0099945,140.32001,4084000
2016-07-12,140.89,140.95,139.37,139.86,4310100
2016-07-13,140.96001,141.59,139.92,141.48,3164700
2016-07-14,142.39,142.85001,140.47,140.84,3000700
2016-07-15,141.64999,142.78,141.059998,141.33,3748700
2016-07-18,141.75999,141.89999,139.62,140.75,4166300
2016-07-19,140.75,142.63,139.32001,142.59,5326200
2016-07-20,143.47,144.48,142.81,143.020004,5489800
2016-07-21,142.71001,143.73,142.13,142.87,3475100
2016-07-22,143.69,144.050003,142.92,143.69,2697500
2016-07-25,143.55,143.89,141.41,141.73,2725600
2016-07-26,141.94,142.19,141.020004,141.7,2668100
2016-07-27,141.17,142.34,139.91,141.67999,2684100
2016-07-28,141.36,143.029999,141.19,142.75999,2517000
2016-07-29,141.85001,143.89999,141.60001,143.2,3269700
2016-08-01,143.42,144.16,143.039993,143.50999,2494900
2016-08-02,143.81,143.97,142.34,143.17,2679100
2016-08-03,143.33,143.62,142.42999,142.88,1963600
2016-08-04,143.10001,143.48,142.25999,142.71001,1890900
2016-08-05,143.33,143.53999,142.39999,142.99001,2000100
2016-08-08,142.61,143.070007,141.86,142.13,1846400
2016-08-09,142.55,143.13,141.67999,141.82001,2140700
2016-08-10,141.87,142.34,140.92999,142.19,1866300
2016-08-11,142.24001,143.059998,141.44,142.63,1857500
2016-08-12,142.16,143.14,141.5,142.88,1787900
2016-08-15,142.96001,143.11,141.49001,141.62,2369600
2016-08-16,141.14999,141.62,140.33,141.080002,1688500
2016-08-17,141.28999,141.91,140.66,141.71001,1849100
2016-08-18,141.67,142.84,141.27,142.17,1572700
2016-08-19,141.64999,142.25,141.22,142.039993,1950200
2016-08-22,142.11,143.0,141.71001,142.089996,1587900
2016-08-23,142.73,142.87,141.75,142.0099945,2295500
2016-08-24,142.0,142.080002,139.50999,139.87,2529800
2016-08-25,139.75,139.75,137.029999,137.3,3891000
2016-08-26,137.67,138.3,135.99001,136.62,3082400
2016-08-29,137.2,138.039993,136.48,137.27,2315900
2016-08-30,137.27,137.69,136.24001,136.87,2026600
2016-08-31,136.55,136.82001,135.55,136.050003,2837300
2016-09-01,136.82001,136.98,135.35001,135.74001,2765400
2016-09-02,136.5,136.78,135.75999,136.61,2390500
2016-09-06,136.62,136.85001,135.63,135.97,2242400
2016-09-07,135.0,135.96001,134.2,134.99001,2816300
2016-09-08,134.47,135.62,134.41,135.44,2826700
2016-09-09,134.71001,135.14999,133.62,133.62,3322300
2016-09-12,132.71001,135.72,132.39,135.53,3457400
2016-09-13,134.24001,135.14999,133.37,133.95,3331500
2016-09-14,133.87,134.69,132.98,133.69,4592400
2016-09-15,133.029999,136.089996,132.88,135.61,3302900
2016-09-16,135.61,138.55,135.53,138.47,7421900
2016-09-19,138.67999,139.39,137.52,137.67999,3239500
2016-09-20,138.13,138.53,137.059998,137.47,2425700
2016-09-21,138.2,139.96001,137.99001,139.91,3506600
2016-09-22,140.49001,141.41,140.33,141.039993,3018300
2016-09-23,141.020004,141.78,140.36,140.50999,2802000
2016-09-26,139.95,140.17,138.89999,139.72,2636500
2016-09-27,139.99001,140.84,138.69,140.78999,3048600
2016-09-28,141.13,141.71001,139.66,140.41,1990400
2016-09-29,140.17999,140.28,137.84,138.32001,2201000
2016-09-30,139.17999,140.48,138.42,140.0,4164100
2016-10-03,139.35001,139.72,138.029999,138.49001,2724400
2016-10-04,138.69,139.36,137.16,138.16,2452600
2016-10-05,138.21001,138.92999,136.60001,137.60001,4625600
2016-10-06,137.31,137.49001,135.66,136.47,4025300
2016-10-07,137.21001,137.55,135.98,136.66,2568700
2016-10-10,136.97,138.35001,136.97,138.080002,2586000
2016-10-11,137.32001,137.69,134.37,134.75,3353600
2016-10-12,134.98,135.72,133.64,135.10001,4287900
2016-10-13,134.64999,134.64999,133.61,134.19,3425700
2016-10-14,134.78,135.50999,133.89,133.92,3452900
2016-10-17,134.059998,134.42999,133.029999,134.13,3602500
2016-10-18,139.2,143.95,137.87,143.39,10141900
2016-10-19,143.82001,146.36,142.82001,144.37,5796000
2016-10-20,144.49001,145.88,143.98,145.070007,5203700
2016-10-21,144.25999,145.44,143.75999,145.37,3331800
2016-10-24,146.0,146.22,144.020004,144.69,2930200
2016-10-25,144.88,145.38,143.60001,143.78,3095400
2016-10-26,143.75,143.78,141.89,142.23,3267600
2016-10-27,142.72,143.25,141.58,141.94,3358000
2016-10-28,141.66,142.35001,139.44,140.35001,4033600
2016-10-31,140.8,141.53999,139.97,141.33,3761100
2016-11-01,141.50999,141.50999,138.82001,139.42999,3391400
2016-11-02,139.020004,141.23,138.92999,138.98,3149700
2016-11-03,139.17999,140.34,137.64999,137.83,2989700
2016-11-04,138.45,138.89,137.69,137.71001,3520700
2016-11-07,139.60001,142.44,139.55,141.92999,3896600
2016-11-08,141.35001,143.61,141.0,142.89999,4389300
2016-11-09,139.53999,144.19,136.22,141.89999,8042400
2016-11-10,142.34,146.57001,142.0,146.13,6075500
2016-11-11,146.71001,147.5,146.0099945,146.42,4475400
2016-11-14,147.32001,152.92,147.039993,152.28,5740400
2016-11-15,153.50999,153.96001,151.50999,152.23,4910700
2016-11-16,151.99001,153.0,151.23,151.5,3899000
2016-11-17,151.82001,151.92,150.19,150.77,4683000
2016-11-18,151.050003,151.66,149.39999,149.45,5664800
2016-11-21,149.72,150.66,148.56,150.41,3867800
2016-11-22,151.080002,152.92999,150.56,152.25999,4992100
2016-11-23,152.0099945,153.74001,150.96001,153.53999,2697200
2016-11-25,153.92999,154.5,152.61,152.81,1664500
2016-11-28,152.74001,152.85001,150.0,152.11,5029600
2016-11-29,156.94,158.12,155.17999,157.59,5827400
2016-11-30,157.47,159.75999,157.070007,158.32001,7142400
2016-12-01,159.12,161.72,159.12,160.94,5250200
2016-12-02,161.0,162.52,160.56,160.73,3480000
2016-12-05,160.19,160.67,156.23,157.63,5854200
2016-12-06,158.17,158.23,156.25999,157.32001,3216700
2016-12-07,157.89,159.98,156.35001,159.39999,4552300
2016-12-08,159.41,160.24001,158.0,159.32001,3407500
2016-12-09,159.52,160.16,157.71001,160.12,4007200
2016-12-12,158.83,159.66,157.75,159.49001,3471200
2016-12-13,160.39999,161.71001,160.070007,160.53999,3868900
2016-12-14,161.14,161.8,158.72,159.86,3885700
2016-12-15,159.87,161.28999,159.42999,160.62,4422700
2016-12-16,161.38,164.0,161.19,163.94,7605300
2016-12-19,163.089996,163.94,161.22,161.53999,4732600
2016-12-20,161.71001,163.11,161.41,161.59,3131200
2016-12-21,161.42,162.28999,159.62,161.33,2767700
2016-12-22,161.39,161.88,160.27,161.58,2741700
2016-12-23,161.56,163.039993,160.55,163.029999,2044400
2016-12-27,163.25999,163.96001,162.45,162.64,1344000
2016-12-28,162.16,163.25,161.32001,161.44,1669100
2016-12-29,161.92,162.36,160.39,161.039993,2476300
2016-12-30,161.37,161.48,159.85001,160.039993,2855600
2017-01-03,161.13,162.27,159.14999,161.45,3539700
2017-01-04,162.35001,162.58,159.74001,161.91,2695200
2017-01-05,161.75,162.63,161.50999,162.17999,2961100
2017-01-06,161.75,162.94,161.11,162.41,3081300
2017-01-09,162.0,162.42999,160.78,161.95,3040800
2017-01-10,161.27,162.98,160.5,161.58,3500700
2017-01-11,161.3,162.94,160.61,161.89,3330600
2017-01-12,161.69,162.94,160.89,162.36,2555900
2017-01-13,162.16,162.74001,161.41,161.8,3183300
2017-01-17,162.61,162.97,157.50999,160.66,5475800
2017-01-18,161.059998,161.2,156.089996,157.74001,6591600
2017-01-19,157.74001,160.55,157.24001,158.7,4976900
2017-01-20,159.020004,159.8,157.81,158.66,3579100
2017-01-23,158.62,159.52,156.56,159.070007,4062600
2017-01-24,159.36,161.31,159.10001,160.42999,3514100
2017-01-25,160.82001,161.98,160.35001,161.24001,3605800
2017-01-26,161.86,163.58,161.25,162.75,4202400
2017-01-27,163.5,163.8,162.62,162.99001,3110400
2017-01-30,162.94,163.46001,161.31,162.089996,2784600
2017-01-31,161.62,162.19,160.0099945,162.10001,3037000
2017-02-01,162.75,163.89999,162.029999,162.71001,3718500
2017-02-02,162.52,163.25,160.25999,160.75999,4714000
2017-02-03,161.13,162.0,160.21001,161.87,2762300
2017-02-06,161.50999,162.53,160.22,160.50999,3479400
2017-02-07,161.050003,161.67999,159.53999,160.53,2942700
2017-02-08,160.0,160.63,159.41,160.31,2339700
2017-02-09,160.31,161.3,159.56,160.44,3056800
2017-02-10,160.12,161.59,160.10001,160.75,1905900
2017-02-13,160.69,162.020004,160.69,161.99001,3275800
2017-02-14,161.45,163.5,161.25,163.13,2969400
2017-02-15,162.58,164.89,162.58,164.28999,4537900
2017-02-16,164.78,164.97,162.33,163.64999,3191600
2017-02-17,159.0,160.16,156.49001,157.62,12033600
2017-02-21,157.62,160.82001,157.52,160.57001,5419000
2017-02-22,160.91,161.78,159.64,160.57001,2725300
2017-02-23,161.33,162.60001,160.69,162.60001,2459600
2017-02-24,162.67,163.089996,161.74001,163.059998,2715700
2017-02-27,163.16,165.46001,162.81,165.38,4071800
2017-02-28,165.47,166.75999,164.89999,165.38,4382100
2017-03-01,166.72,168.60001,166.35001,167.94,3514200
2017-03-02,168.32001,168.42999,166.96001,167.31,1889800
2017-03-03,167.31,168.45,166.62,168.2,2254400
2017-03-06,167.42999,169.35001,167.13,168.7,2576500
2017-03-07,168.45,169.36,167.92999,168.3,2702300
2017-03-08,167.50999,168.46001,166.8,167.91,2048200
2017-03-09,168.14999,169.070007,167.74001,168.0099945,3631400
2017-03-10,168.42,170.0,168.059998,169.98,3716600
2017-03-13,169.99001,170.92999,169.55,170.21001,3130200
2017-03-14,169.66,170.17999,168.5,169.059998,2522600
2017-03-15,169.36,171.97,169.28999,171.78,2807600
2017-03-16,172.070007,172.14,170.22,171.3,3138600
2017-03-17,171.089996,171.53999,169.59,169.7,5622900
2017-03-20,169.92999,170.24001,167.92,168.0,3928600
2017-03-21,168.67,168.82001,167.059998,167.7,4953100
2017-03-22,168.13,168.38,165.63,167.029999,2999800
2017-03-23,166.23,166.92999,164.77,165.28999,3947400
2017-03-24,166.13,167.39999,164.35001,165.0,5243900
2017-03-27,163.99001,165.11,163.31,164.60001,4383000
2017-03-28,164.58,166.070007,163.84,165.35001,7327100
2017-03-29,164.66,164.97,162.74001,163.44,5900400
2017-03-30,163.64999,165.92999,163.46001,164.99001,2993800
2017-03-31,164.64,165.10001,163.75,164.0099945,3496100
2017-04-03,164.62,166.14,164.25,165.59,3473700
2017-04-04,165.87,166.45,164.78999,164.97,2886000
2017-04-05,165.75999,167.25999,165.22,165.37,3541600
2017-04-06,165.45,166.020004,164.84,165.34,2923600
2017-04-07,164.96001,166.5,164.62,166.020004,2927800
2017-04-10,166.19,167.0,165.28,165.48,3234900
2017-04-11,164.89,165.84,164.60001,165.83,3172900
2017-04-12,166.32001,166.42,164.60001,165.56,2978700
2017-04-13,164.95,165.64999,164.67,164.96001,1979800
2017-04-17,164.99001,167.42,164.96001,167.17999,4396700
2017-04-18,170.059998,170.23,167.7,168.59,5526200
2017-04-19,169.59,171.19,168.69,169.25,4703400
2017-04-20,169.52,172.19,168.37,171.53999,3652100
2017-04-21,172.13,172.62,170.47,171.16,2982300
2017-04-24,172.66,173.16,171.7,172.33,2830300
2017-04-25,173.5,174.74001,173.19,174.039993,3394700
2017-04-26,174.089996,175.64999,173.98,174.38,2817500
2017-04-27,174.070007,176.070007,174.020004,174.63,2438600
2017-04-28,174.61,175.0,173.91,174.88,2010800
2017-05-01,175.0,176.14,174.089996,174.59,2709700
2017-05-02,174.91,175.37,170.27,174.14,4951000
2017-05-03,173.75,174.3,171.86,172.53999,3622200
2017-05-04,173.050003,174.21001,172.38,174.020004,2585200
2017-05-05,174.53999,174.88,173.31,174.12,2189000
2017-05-08,173.92999,174.56,173.57001,174.44,2505900
2017-05-09,174.10001,174.77,172.73,173.24001,1653700
2017-05-10,173.039993,173.64,172.46001,173.39,1568700
2017-05-11,172.75999,173.86,171.67,173.32001,1901300
2017-05-12,172.64,173.39,171.52,171.81,2335400
2017-05-15,171.78999,172.0,170.23,171.53,2831400
2017-05-16,170.67,171.0,167.25,168.12,4343700
2017-05-17,168.12,170.39,166.64999,168.86,4442300
2017-05-18,168.25,173.98,167.87,171.45,3908000
2017-05-19,172.3,172.95,170.25,172.59,3877300
2017-05-22,172.73,174.89999,172.60001,174.7,3480300
2017-05-23,174.44,175.52,173.71001,175.22,2471500
2017-05-24,175.45,176.10001,174.52,175.59,1612300
2017-05-25,176.32001,178.73,175.94,178.050003,3212200
2017-05-26,177.67999,178.89,177.0,177.5,1583600
2017-05-30,177.53999,178.080002,176.24001,176.59,2285700
2017-05-31,176.89,176.89999,174.92,175.17999,3320400
2017-06-01,175.78,179.58,175.19,179.58,2890600
2017-06-02,179.92,179.92,178.34,179.39,2610100
2017-06-05,179.53,180.32001,179.16,179.37,2640600
2017-06-06,179.19,181.059998,178.48,180.82001,3443900
2017-06-07,182.0,183.47,179.64999,183.21001,3783600
2017-06-08,183.21001,183.75999,180.98,181.69,3079900
2017-06-09,181.84,182.39999,180.86,181.46001,2392200
2017-06-12,181.46001,181.82001,176.42,179.25,3705600
2017-06-13,179.21001,181.39,179.14999,181.050003,2458500
2017-06-14,180.94,182.84,180.94,182.36,2039300
2017-06-15,181.75,183.5,180.089996,180.38,3078700
2017-06-16,180.83,182.46001,180.38,181.63,4473300
2017-06-19,182.3,183.020004,180.75999,183.020004,3887100
2017-06-20,182.75,183.42,182.22,183.27,2742600
2017-06-21,183.49001,185.11,182.71001,184.92,2866300
2017-06-22,184.89999,188.66,184.78,186.5,3841300
2017-06-23,186.27,186.27,184.14,185.25,3438500
2017-06-26,185.13,185.89,183.39,185.12,2327400
2017-06-27,185.72,186.8,184.22,184.60001,2682800
2017-06-28,185.67999,186.31,185.089996,185.7,2451200
2017-06-29,185.82001,186.089996,184.33,185.27,2193600
2017-06-30,185.14999,186.19,184.92999,185.42,2392000
2017-07-03,186.28999,187.53,185.74001,186.64999,2087000
2017-07-05,186.14,188.36,185.72,188.25,2587400
2017-07-06,188.12,188.19,186.14999,186.94,1844700
2017-07-07,187.35001,188.42999,187.0099945,187.96001,2252500
2017-07-10,187.33,188.0,186.14999,186.95,2612000
2017-07-11,187.0,187.66,185.089996,185.95,2664500
2017-07-12,186.78999,187.3,186.41,186.69,3342800
2017-07-13,187.0,187.28,185.32001,185.48,2379300
2017-07-14,185.81,187.13,184.77,186.89999,2716700
2017-07-17,187.070007,187.25,185.75999,186.35001,2444600
2017-07-18,186.95,187.2,183.86,186.85001,4235800
2017-07-19,187.50999,189.41,187.50999,189.19,3401600
2017-07-20,189.41,191.92,188.92,191.5,3099600
2017-07-21,191.38,193.0,190.60001,191.78,4911500
2017-07-24,191.78999,192.17,190.64,190.89,2356500
2017-07-25,192.13,192.48,190.3,190.39999,1960100
2017-07-26,190.020004,191.53,189.38,190.75,2683500
2017-07-27,190.24001,190.49001,188.46001,188.92999,2631400
2017-07-28,189.11,191.24001,187.60001,191.14999,1925000
2017-07-31,191.59,192.61,191.14,191.81,3767100
2017-08-01,193.39999,193.39999,191.62,192.23,3336800
2017-08-02,192.14,193.45,192.14,193.0,2463800
2017-08-03,193.25999,194.96001,193.0099945,194.77,2886100
2017-08-04,194.95,196.039993,194.60001,194.88,2892300
2017-08-07,194.81,195.41,193.89999,194.78,2074800
2017-08-08,194.67999,194.99001,194.080002,194.89999,1741000
2017-08-09,194.89999,195.36,194.17,194.83,2125900
2017-08-10,194.25999,194.39,192.39999,192.57001,2698600
2017-08-11,193.91,194.53999,192.66,193.020004,2210700
2017-08-14,194.60001,194.75,192.89999,193.71001,2322000
2017-08-15,194.47,195.0099945,193.81,194.5,1595200
2017-08-16,194.81,195.27,192.83,193.77,1881600
2017-08-17,193.75,194.24001,192.66,192.7,2440900
2017-08-18,192.84,193.2,190.63,190.82001,2858500
2017-08-21,190.88,192.31,190.88,192.029999,1930500
2017-08-22,192.14999,194.96001,191.56,194.78999,2021900
2017-08-23,194.5,194.59,193.72,194.24001,1547000
2017-08-24,194.55,195.070007,194.21001,194.75,1923700
2017-08-25,195.33,195.53999,194.14,194.36,1375000
2017-08-28,194.59,195.81,194.36,195.089996,2009900
2017-08-29,194.83,197.039993,194.33,196.73,2072200
2017-08-30,196.38,196.88,195.2,195.88,1506700
2017-08-31,196.92999,199.49001,196.39,198.89999,2990200
2017-09-01,199.78999,199.99001,198.36,199.75,2241800
2017-09-05,199.2,200.44,198.71001,199.31,2700800
2017-09-06,199.53999,199.99001,197.63,198.38,3040200
2017-09-07,197.77,199.48,197.070007,198.17,2684600
2017-09-08,198.42999,198.86,197.0,197.75,2206000
2017-09-11,199.25,200.42,198.78,199.58,3307900
2017-09-12,199.44,199.47,196.91,197.47,2554700
2017-09-13,197.8,200.75999,197.78,198.33,2394400
2017-09-14,197.95,198.38,197.089996,197.73,2378600
2017-09-15,198.52,199.71001,197.2,198.17999,4198700
2017-09-18,198.17,198.82001,197.50999,198.19,1915200
2017-09-19,198.44,198.60001,192.39,194.64999,3819000
2017-09-20,195.020004,195.84,194.059998,195.75,2788500
2017-09-21,195.63,196.13,194.89999,195.21001,1895000
2017-09-22,195.11,195.87,188.25,193.029999,5660200
2017-09-25,193.27,196.31,190.92,191.75,3105900
2017-09-26,192.31,194.36,192.039993,192.7,2775400
2017-09-27,193.2,195.62,191.74001,194.49001,3267200
2017-09-28,194.25,196.55,193.50999,196.10001,2088400
2017-09-29,195.82001,196.089996,194.48,195.85001,2646300
2017-10-02,196.59,197.91,196.33,197.44,2893600
2017-10-03,197.5,199.44,197.25999,198.63,2533800
2017-10-04,199.029999,200.73,198.42999,200.48,2286400
2017-10-05,199.92999,199.92999,196.56,197.89999,4069000
2017-10-06,197.89999,199.99001,197.50999,198.059998,3361900
2017-10-09,198.0099945,198.32001,195.78,196.3,3365400
2017-10-10,196.25999,196.42999,193.67,194.67999,2499100
2017-10-11,194.63,196.070007,193.59,195.25999,2935600
2017-10-12,195.0099945,195.36,192.73,192.92,2954700
2017-10-13,189.59,192.71001,186.0,192.52,5435000
2017-10-16,192.48,193.32001,191.36,193.2,2927400
2017-10-17,196.8,206.62,196.37,203.89,8949700
2017-10-18,203.8,207.8,203.67999,205.23,4796300
2017-10-19,205.47,205.75,202.7,203.25,3471800
2017-10-20,204.25999,208.21001,203.69,207.49001,5138800
2017-10-23,207.58,208.45,205.8,207.0099945,2261400
2017-10-24,206.38,208.23,205.88,208.14999,3459900
2017-10-25,208.32001,209.14,207.070007,207.56,2908300
2017-10-26,207.92,211.7,207.58,209.14999,4346000
2017-10-27,209.14999,212.77,208.55,212.60001,4385300
2017-10-30,212.21001,212.77,209.38,209.39,2477400
2017-10-31,209.39,210.52,207.8,210.22,3749600
2017-11-01,211.62,212.63,208.92,209.53,1902900
2017-11-02,210.11,211.49001,209.0099945,211.10001,2825900
2017-11-03,210.72,213.83,210.10001,212.87,2196900
2017-11-06,211.91,213.92999,211.8,212.12,2293700
2017-11-07,212.74001,213.53999,210.89,212.7,1845800
2017-11-08,212.080002,212.92999,210.7,210.77,2261100
2017-11-09,210.59,211.75999,209.13,211.56,1839700
2017-11-10,211.46001,211.81,210.2,211.070007,1384700
2017-11-13,210.31,213.53999,209.94,212.66,2662200
2017-11-14,212.21001,212.7,210.92,211.71001,1993900
2017-11-15,210.88,211.98,209.62,209.86,1816300
2017-11-16,210.38,212.0099945,209.89999,211.13,1919600
2017-11-17,210.46001,211.46001,209.14999,209.89999,1887500
2017-11-20,210.0,210.67999,209.58,210.25,2040400
2017-11-21,211.13,212.85001,210.75,212.60001,2327200
2017-11-22,212.25999,212.81,210.75999,211.22,2257800
2017-11-24,212.0,212.92999,211.0,212.50999,744000
2017-11-27,212.25,214.25,211.81,212.39999,2856300
2017-11-28,213.88,216.31,212.50999,216.14,2905700
2017-11-29,217.7,224.27,217.36,222.88,4247200
2017-11-30,223.83,228.75,222.28999,228.17,6846400
2017-12-01,228.89,229.22,221.080002,226.78,3325800
2017-12-04,229.25999,231.77,221.39999,221.42,5591500
2017-12-05,221.0,223.72,219.16,220.089996,3246300
2017-12-06,221.020004,221.96001,219.029999,219.94,2397500
2017-12-07,220.59,220.61,218.19,220.14999,2661600
2017-12-08,220.55,224.33,220.22,223.91,2233300
2017-12-11,222.50999,224.82001,222.039993,222.77,1599500
2017-12-12,221.39999,223.42,221.25999,222.49001,2294100
2017-12-13,221.74001,224.95,221.23,224.35001,3059400
2017-12-14,225.0,226.97,221.0099945,221.25,2811700
2017-12-15,223.75,223.75,220.63,221.82001,6293400
2017-12-18,222.60001,224.81,222.19,222.67,3194100
2017-12-19,222.99001,223.78999,220.85001,222.039993,2340200
2017-12-20,223.11,224.89,221.73,222.38,2633200
2017-12-21,223.12,223.94,221.37,221.69,2955300
2017-12-22,222.0,222.35001,218.45,220.0,1959700
2017-12-26,219.089996,220.42,219.089996,219.60001,1482400
2017-12-27,219.98,221.44,219.25,220.42,1861900
2017-12-28,221.46001,222.78999,220.14999,222.77,1452600
2017-12-29,223.95,223.95,220.46001,220.46001,2350200
2018-01-02,221.020004,222.45,220.0,221.16,3485000
2018-01-03,221.62,223.81,220.52,223.48,2417600
2018-01-04,224.34,226.10001,224.17,224.45,2749100
2018-01-05,225.19,229.050003,224.72,228.73,2432800
2018-01-08,228.13,228.71001,224.61,224.75999,2850800
2018-01-09,224.75999,226.63,223.3,225.88,2672200
2018-01-10,224.83,225.0099945,223.029999,224.2,2311600
2018-01-11,224.17999,225.92,223.7,225.39,2543600
2018-01-12,227.45,229.89999,226.52,228.64,3943800
2018-01-16,233.37,235.0,231.25,232.89999,6852600
2018-01-17,234.67,238.96001,233.85001,238.42999,5124800
2018-01-18,239.25999,243.89999,238.55,243.16,6234200
2018-01-19,244.17999,244.35001,241.070007,243.35001,4293600
2018-01-22,243.59,243.8,241.36,243.56,4012200
2018-01-23,242.99001,246.98,242.41,245.21001,3300000
2018-01-24,246.0099945,247.31,243.71001,244.85001,2733300
2018-01-25,244.75,246.19,243.89999,245.17999,2420500
2018-01-26,245.0,248.74001,244.46001,248.47,2615300
2018-01-29,249.28,250.78999,247.39999,247.41,2564700
2018-01-30,232.88,242.74001,232.10001,236.64999,11565500
2018-01-31,242.84,247.0,235.75999,236.78,5187400
2018-02-01,235.25999,237.82001,233.83,235.22,4268300
2018-02-02,233.0,236.3,231.19,231.88,3959900
2018-02-05,230.78999,233.11,208.48,220.020004,6290000
2018-02-06,212.2,226.50999,210.21001,225.17999,7064800
2018-02-07,222.33,229.28999,221.50999,225.82001,5589200
2018-02-08,225.33,226.63,216.25999,216.46001,4902400
2018-02-09,218.0,223.28,212.0099945,220.96001,6225300
2018-02-12,222.44,228.0,222.14999,225.69,4912000
2018-02-13,223.14999,227.12,222.39,226.64,3536800
2018-02-14,224.95,229.34,223.92,228.78,2878400
2018-02-15,229.27,230.0,221.74001,226.020004,4662700
2018-02-16,225.99001,230.55,225.7,229.37,3621700
2018-02-20,227.91,228.75,225.61,226.66,3172300
2018-02-21,226.14999,229.35001,225.11,225.13,3371900
2018-02-22,226.3,229.84,225.080002,227.089996,2767900
2018-02-23,227.89999,230.32001,225.91,230.16,2393900
2018-02-26,231.64,234.50999,229.7,234.059998,3307000
2018-02-27,234.39999,235.89,232.44,232.52,2899500
2018-02-28,234.42,234.75,226.089996,226.16,4368600
2018-03-01,225.7,229.28999,222.74001,224.45,3514600
2018-03-02,223.21001,225.82001,222.59,225.19,2613600
2018-03-05,223.37,229.42999,222.78999,228.38,2627300
2018-03-06,228.92,229.14999,223.89,226.17999,2652800
2018-03-07,224.35001,227.82001,223.75,227.27,3242200
2018-03-08,227.92999,227.99001,223.92,224.73,3500900
2018-03-09,226.11,226.52,222.5,225.42999,4834600
2018-03-12,226.21001,227.0,222.77,222.77,3117300
2018-03-13,223.53,228.059998,223.16,226.94,3343800
2018-03-14,227.13,229.39,225.020004,225.38,3048200
2018-03-15,225.83,230.75999,225.66,229.48,3330200
2018-03-16,229.66,231.27,227.75,227.86,5690300
2018-03-19,227.31,227.97,223.67999,225.050003,3407300
2018-03-20,225.16,227.60001,223.88,226.78,3429100
2018-03-21,226.45,227.44,222.82001,222.82001,3419800
2018-03-22,221.64999,221.66,215.10001,215.21001,5894800
2018-03-23,215.75,217.73,212.5,212.55,5741200
2018-03-26,215.19,219.41,214.7,219.070007,3561300
2018-03-27,220.32001,221.95,216.41,217.96001,3722100
2018-03-28,218.89,219.91,217.039993,218.5,3179500
2018-03-29,219.38,223.35001,214.0,214.0,5529400
2018-04-02,218.46001,222.99001,214.63,217.2,6220700
2018-04-03,220.34,225.10001,219.69,224.58,4652000
2018-04-04,220.69,229.48,220.42,228.78999,4674000
2018-04-05,229.46001,231.58,226.8,229.070007,3348100
2018-04-06,226.64999,228.19,221.82001,223.96001,3231700
2018-04-09,225.58,226.13,222.36,222.73,3031500
2018-04-10,225.39999,228.16,223.49001,226.78999,2737500
2018-04-11,224.27,225.39,221.69,221.89999,3482100
2018-04-12,224.039993,225.75,223.41,224.24001,2664500
2018-04-13,225.10001,226.13,223.080002,224.28,2496600
2018-04-16,227.11,231.85001,226.35001,230.32001,4510600
2018-04-17,239.31,241.67,236.080002,238.55,6180300
2018-04-18,239.0,239.74001,236.3,236.39999,2940100
2018-04-19,236.2,238.27,234.8,235.75999,2734900
2018-04-20,236.050003,237.10001,233.5,235.059998,2842000
2018-04-23,235.28999,236.21001,233.080002,234.34,3051700
2018-04-24,235.95,237.32001,232.56,234.22,2771200
2018-04-25,233.45,235.10001,230.44,234.89999,3118800
2018-04-26,235.73,237.84,234.33,237.029999,2252800
2018-04-27,237.63,240.53999,237.14999,240.17999,2301800
2018-04-30,241.0,241.0,236.39999,236.39999,3446900
2018-05-01,237.0,237.49001,234.36,236.85001,2633500
2018-05-02,235.38,236.21001,232.86,233.46001,3542700
2018-05-03,231.97,234.8,229.31,234.14999,2731600
2018-05-04,233.10001,236.64999,232.16,235.89999,1999900
2018-05-07,235.88,236.99001,232.63,233.78,3237800
2018-05-08,233.72,233.72,230.64999,232.029999,2698300
2018-05-09,233.050003,233.42,228.23,229.21001,3504200
2018-05-10,230.14999,234.28999,229.36,233.71001,2169000
2018-05-11,233.58,238.8,232.95,238.28,3044900
2018-05-14,238.89999,243.67,238.82001,242.89999,3893600
2018-05-15,241.86,242.22,238.67,239.5,2396600
2018-05-16,239.64999,241.81,238.57001,241.72,1906100
2018-05-17,241.49001,243.56,240.53999,242.96001,2418700
2018-05-18,243.37,244.75999,242.39,244.64,2283600
2018-05-21,245.0,249.17,244.84,247.89999,3040700
2018-05-22,248.0,248.050003,243.84,245.17999,2644100
2018-05-23,244.029999,245.5,241.64,244.25999,3047800
2018-05-24,244.57001,245.44,242.2,242.73,2610400
2018-05-25,242.95,245.58,242.44,244.95,1554900
2018-05-29,243.86,243.86,240.24001,242.17,2837800
2018-05-30,243.74001,245.75,242.63,244.94,2071900
2018-05-31,244.21001,244.75,240.67999,241.50999,2966100
2018-06-01,243.74001,243.74001,241.28999,243.35001,2371400
2018-06-04,244.0,245.24001,242.74001,244.63,2188900
2018-06-05,245.089996,245.11,241.91,244.42999,1531900
2018-06-06,246.32001,248.72,245.13,248.64999,2650300
2018-06-07,249.75999,250.0,248.25,248.98,2117200
2018-06-08,249.46001,251.5,248.070007,250.67999,3034600
2018-06-11,250.84,254.99001,250.39999,253.78,2775200
2018-06-12,253.2,253.94,250.17,253.58,2567200
2018-06-13,254.14,256.73001,252.48,252.87,3138300
2018-06-14,254.47,255.99001,253.66,255.33,2456600
2018-06-15,254.27,255.98,252.56,255.98,4772200
2018-06-18,254.0,255.0099945,252.14,254.87,1961900
2018-06-19,252.97,253.3,251.16,253.020004,2370200
2018-06-20,253.32001,253.73,251.88,252.81,2580400
2018-06-21,252.95,253.64999,250.92,251.89,2150300
2018-06-22,252.24001,255.11,251.19,254.37,2604000
2018-06-25,254.36,255.13,248.61,250.71001,3060800
2018-06-26,250.56,252.47,249.53999,249.77,2158000
2018-06-27,250.28999,251.75999,248.13,248.17,2481000
2018-06-28,247.13,248.0,242.23,244.89999,3556900
2018-06-29,244.89999,247.5,244.60001,245.34,2772600
2018-07-02,245.0,247.73,244.12,247.48,1793300
2018-07-03,248.3,248.75,246.74001,246.98,1248000
2018-07-05,249.11,250.92999,247.58,250.5,2182900
2018-07-06,251.0099945,251.73,249.42,250.75999,1572300
2018-07-09,252.13,254.0099945,251.050003,253.67,2039600
2018-07-10,254.17999,256.89999,253.75,255.53999,2012200
2018-07-11,255.14,256.0,253.74001,254.59,1486000
2018-07-12,256.17999,256.82001,254.92,256.049988,1592700
2018-07-13,256.39001,259.01001,256.019989,258.70001,2356200
2018-07-16,258.29001,258.45001,256.44,256.98001,3625400
2018-07-17,251.55,252.52,246.27,250.28999,6932300
2018-07-18,251.11,256.60999,250.44,255.42,3359800
2018-07-19,255.32001,256.5,251.85001,252.92999,2307600
2018-07-20,251.17,253.55,251.17,252.7,1959600
2018-07-23,252.91,255.23,252.42999,252.74001,1479600
2018-07-24,254.86,254.96001,252.0099945,253.75999,2476500
2018-07-25,254.81,255.27,252.77,254.86,3016900
2018-07-26,256.25,257.87,255.8,257.0,2021300
2018-07-27,257.79001,257.79001,255.39,255.95,1656800
2018-07-30,255.91,256.89001,253.11,253.84,1681500
2018-07-31,254.14,255.2,252.85001,253.22,2355900
2018-08-01,256.10001,256.10001,252.81,253.37,3006700
2018-08-02,253.5,256.29999,252.23,256.079987,1854400
2018-08-03,256.45001,257.56,254.3,257.22,1422300
2018-08-06,256.5,257.54001,255.47,256.76001,1398100
2018-08-07,257.64001,258.84,257.13,257.64999,1462800
2018-08-08,258.10999,259.5,257.92001,258.81,1494300
2018-08-09,259.91,263.019989,259.31,261.59,2315000
2018-08-10,260.48999,261.5,259.10999,260.35999,1625000
2018-08-13,261.0,262.54999,260.29999,260.91,1635100
2018-08-14,260.89001,264.29999,260.85001,263.48001,1941600
2018-08-15,261.98001,262.69,259.19,260.60999,2017700
2018-08-16,261.57001,263.75,261.45001,263.10001,2115900
2018-08-17,263.54999,264.13,261.72,262.32999,1969700
2018-08-20,263.0,263.48999,261.57001,262.39999,1786200
2018-08-21,261.85001,262.51999,260.73001,261.69,1559300
2018-08-22,261.95001,261.95001,260.25,260.73999,2148500
2018-08-23,261.019989,262.56,259.56,261.42001,1603500
2018-08-24,261.75,264.78,261.75,264.28,2238600
2018-08-27,265.0,267.45001,264.42001,267.079987,2614000
2018-08-28,268.54001,269.14001,267.32999,268.51001,2603900
2018-08-29,268.39001,269.32001,267.25,269.0,2880600
2018-08-30,269.45999,270.17001,268.10999,268.39001,2976300
2018-08-31,268.28,269.20999,267.20001,268.45999,2961500
2018-09-04,268.0,269.41,266.57001,268.51001,2097300
2018-09-05,268.56,268.79999,266.92999,267.64001,2230600
2018-09-06,267.60001,270.019989,266.94,269.64999,2556100
2018-09-07,269.64001,271.16,267.51001,268.28,2958000
2018-09-10,266.78,266.79999,258.75,259.73001,4146200
2018-09-11,257.92001,261.42001,257.48001,261.040009,2283300
2018-09-12,261.12,264.48999,260.85001,262.67001,2236300
2018-09-13,264.16,265.69,263.42001,265.48999,2734500
2018-09-14,265.39999,266.64999,263.28,265.31,2084600
2018-09-17,266.5,266.66,263.41,263.87,1940400
2018-09-18,262.92999,264.089996,262.0,263.29001,3557000
2018-09-19,264.47,265.60999,263.16,265.32999,2274300
2018-09-20,266.079987,267.94,266.059998,266.39001,2095000
2018-09-21,266.10001,267.84,265.85001,266.67001,5671600
2018-09-24,267.01001,269.53,266.67001,267.35999,2699800
2018-09-25,267.29999,267.32999,263.029999,263.51001,3789700
2018-09-26,264.5,265.48999,262.45001,262.91,2238000
2018-09-27,263.0,265.41,262.92999,264.64999,2761400
2018-09-28,264.38,266.19,263.85001,266.040009,2875100
2018-10-01,267.25,270.019989,267.019989,269.10001,3314500
2018-10-02,269.0,271.44,267.5,270.63,2777300
2018-10-03,272.0,272.070007,269.76999,270.89999,3002200
2018-10-04,271.0,271.62,267.31,268.32001,2186600
2018-10-05,268.64999,271.0,267.95001,269.20001,2045700
2018-10-08,268.84,269.64999,265.64999,269.01001,1865000
2018-10-09,269.19,271.95999,268.47,270.10999,2510100
2018-10-10,270.60001,271.42001,262.51999,263.079987,4267300
2018-10-11,262.0,264.39999,255.78,257.12,4558500
2018-10-12,259.70001,261.39001,256.85999,259.60999,4006300
2018-10-15,260.13,262.44,259.31,260.25,3583400
2018-10-16,269.69,272.81,265.0,272.57001,6453600
2018-10-17,270.19,271.0,265.63,267.29999,3985100
2018-10-18,267.35001,267.88,263.70999,266.81,3132100
2018-10-19,266.62,267.98001,263.89001,265.29999,3336600
2018-10-22,266.75,266.82999,260.059998,262.19,2618100
2018-10-23,259.72,265.51999,259.20001,264.85999,4081800
2018-10-24,264.01001,265.32999,255.92999,256.32001,5265600
2018-10-25,258.16,265.17999,253.37,264.23999,4675600
2018-10-26,261.5,262.39999,257.019989,258.17999,4830600
2018-10-29,259.72,262.040009,253.32001,256.51999,3697700
2018-10-30,256.69,259.69,253.98,258.28,4169200
2018-10-31,260.87,264.070007,260.22,261.35001,4230200
2018-11-01,262.92001,264.67999,259.76001,260.92999,2771300
2018-11-02,264.60999,266.38,259.56,261.01001,2593600
2018-11-05,262.14999,263.0,260.070007,261.01001,3287000
2018-11-06,260.70001,264.01001,260.70001,263.54001,2582400
2018-11-07,266.89999,276.75,266.89999,274.63,5796800
2018-11-08,276.0,278.0,274.70001,276.64999,3809100
2018-11-09,276.85999,278.0,274.19,276.54999,2904300
2018-11-12,276.0,277.79001,272.0,272.38,3140600
2018-11-13,272.57999,273.60001,268.14001,269.22,2516900
2018-11-14,269.29001,270.51999,263.35001,264.95999,3511900
2018-11-15,264.0,265.92001,260.85001,264.94,3657600
2018-11-16,264.98999,271.79999,264.92001,271.10999,3857800
2018-11-19,271.48001,272.26999,264.17999,266.049988,3670800
2018-11-20,265.62,266.78,260.39999,261.5,3617700
2018-11-21,262.59,264.63,260.45001,260.54999,3234300
2018-11-23,260.0,262.94,258.28,261.62,1159300
2018-11-26,264.62,268.29999,263.5,266.16,3879800
2018-11-27,265.57001,271.29999,265.029999,271.14999,3497300
2018-11-28,272.82001,282.39999,272.82001,280.95001,5044300
2018-11-29,280.42999,285.45001,280.31,282.54999,4177800
2018-11-30,282.98999,283.64001,279.070007,281.35999,6143200
2018-12-03,283.0,286.53,282.70999,286.32999,4178800
2018-12-04,286.14999,287.94,276.91,278.54999,4635500
2018-12-06,273.019989,276.94,265.25,276.85001,6694600
2018-12-07,273.76001,276.42001,267.28,269.17999,3506900
2018-12-10,268.59,269.0,260.23001,266.53,4061300
2018-12-11,269.57999,271.53,265.67001,267.22,3102800
2018-12-12,271.95001,274.56,270.48999,270.64001,3167900
2018-12-13,270.85999,273.32001,269.62,272.14999,2350400
2018-12-14,270.35999,270.57001,263.70999,265.019989,3360500
2018-12-17,261.040009,262.75,256.73001,258.070007,5806800
2018-12-18,259.70001,259.98999,248.2,252.97,5065500
2018-12-19,252.37,256.56,247.59,250.31,5468500
2018-12-20,248.5,249.0099945,240.050003,242.44,7311700
2018-12-21,240.73,247.5,237.45,238.34,12209700
2018-12-24,236.24001,237.89999,232.56,232.94,3091000
2018-12-26,232.7,243.37,231.81,243.35001,4159300
2018-12-27,239.10001,245.97,235.24001,245.97,4295800
2018-12-28,246.71001,249.78999,244.81,246.24001,3312700
2018-12-31,248.059998,250.28,246.94,249.12,3123200
2019-01-02,245.0,246.35001,241.47,243.49001,4063600
2019-01-03,243.48,243.48,236.13,236.85001,4623200
2019-01-04,239.8,243.46001,238.8,239.62,5367600
2019-01-07,240.39999,241.98,238.23,240.080002,4133000
2019-01-08,242.33,244.78999,239.71001,243.28999,3618600
2019-01-09,244.75999,246.63,242.059998,243.64,3425400
2019-01-10,242.080002,245.14,241.41,244.87,3374100
2019-01-11,243.45,247.75999,243.27,247.67,3967100
2019-01-14,246.59,249.92,246.11,248.059998,4955500
2019-01-15,250.0,256.92001,247.0,256.87,5325600
2019-01-16,258.73001,262.19,258.17001,261.45999,6069400
2019-01-17,260.98999,261.73999,257.89001,259.76999,3583600
2019-01-18,262.60001,266.26001,260.42001,265.5,4844800
2019-01-22,264.059998,267.5,263.73999,265.69,4052700
2019-01-23,267.75,269.47,263.67001,267.019989,2971100
2019-01-24,266.79999,268.16,264.26001,266.13,2927300
2019-01-25,268.79999,270.41,265.70001,268.049988,2809100
2019-01-28,266.89999,266.92999,264.60999,266.76999,2837300
2019-01-29,266.0,268.45001,265.44,267.34,2173000
2019-01-30,269.69,272.44,267.19,270.37,3659000
2019-01-31,270.48001,271.73999,268.98999,270.20001,4055100
2019-02-01,268.47,269.39001,266.029999,268.72,3946800
2019-02-04,268.31,268.69,264.26999,268.20999,3398900
2019-02-05,270.12,272.089996,265.84,266.31,3597000
2019-02-06,265.14001,269.92999,264.98001,269.5,2570000
2019-02-07,268.64001,270.57999,267.26001,269.0,2458200
2019-02-08,267.5,268.70001,260.32001,261.89999,4547000
2019-02-11,261.17001,261.17999,256.34,257.14001,4856200
2019-02-12,259.22,264.0,256.92001,263.5,4327900
2019-02-13,263.51999,266.29001,263.14999,263.79999,3066400
2019-02-14,263.23999,267.070007,262.70999,265.32999,3015300
2019-02-15,267.79001,271.13,266.62,271.13,3673700
2019-02-19,271.17001,272.48999,269.28,270.41,2486700
2019-02-20,269.20999,270.59,268.17999,269.51001,2802800
2019-02-21,269.47,269.94,265.10001,266.39999,2554300
2019-02-22,266.5,268.39001,265.95001,267.10999,3191100
2019-02-25,267.57999,268.17001,264.38,264.60001,3679100
2019-02-26,264.66,265.42999,262.79999,262.98001,3212900
2019-02-27,261.60999,261.60999,248.94,250.080002,8952900
2019-02-28,249.7,251.95,239.14999,242.22,11034300
2019-03-01,243.56,248.0,243.56,246.14999,6921300
2019-03-04,248.12,248.45,234.50999,236.020004,8646300
2019-03-05,236.53,243.2,234.94,241.42999,6924500
2019-03-06,241.74001,241.74001,237.029999,239.070007,4878700
2019-03-07,240.3,241.17999,235.55,236.7,5033500
2019-03-08,235.14999,239.41,234.64,237.28999,4921700
2019-03-11,239.21001,244.020004,236.42,243.14999,4539600
2019-03-12,244.95,247.48,243.74001,245.88,4235800
2019-03-13,247.96001,252.75999,247.080002,252.25,4881600
2019-03-14,253.0,255.059998,252.34,253.27,3865200
2019-03-15,254.34,254.74001,249.94,251.39999,6466200
2019-03-18,252.66,255.31,250.42,255.0,3927400
2019-03-19,255.95,259.25,255.14,257.13,4164800
2019-03-20,257.42999,257.69,249.97,250.5,4193500
2019-03-21,249.19,252.96001,248.66,252.020004,2699700
2019-03-22,250.57001,251.2,246.99001,247.089996,3777900
2019-03-25,247.42,247.42,240.78,246.86,4110900
2019-03-26,247.25999,247.89,241.72,243.39,4416200
2019-03-27,242.94,245.67999,238.16,241.71001,4819200
2019-03-28,242.59,242.85001,238.89,242.23,3601500
2019-03-29,244.28999,247.75999,241.87,247.25999,4294200
2019-04-01,249.71001,250.2,243.059998,245.53999,4809500
2019-04-02,245.50999,246.39999,242.8,244.41,4057100
2019-04-03,246.31,247.53999,244.59,245.84,2851400
2019-04-04,245.48,249.11,244.64,247.39,2255500
2019-04-05,248.95,249.31,245.17,248.78,3343000
2019-04-08,249.67999,249.67999,246.31,248.75,2195400
2019-04-09,247.57001,249.94,245.95,248.78999,2903800
2019-04-10,248.78,249.87,245.52,246.029999,2753700
2019-04-11,246.050003,246.92,232.67999,235.42,8223400
2019-04-12,236.5,236.78,220.77,223.22,13979400
2019-04-15,225.77,230.97,224.41,230.2,10021800
2019-04-16,238.0099945,238.0099945,215.82001,220.96001,27361400
2019-04-17,223.78999,224.24001,208.070007,216.84,22101400
2019-04-18,217.14,223.0,214.21001,221.75,13927200
2019-04-22,224.0,227.56,221.5,227.11,11191800
2019-04-23,228.25,231.94,226.10001,230.58,10261400
2019-04-24,230.089996,231.63,227.75,230.35001,6104100
2019-04-25,228.53,232.12,228.13,230.78999,5954500
2019-04-26,232.14,237.11,231.19,237.0,6186200
2019-04-29,237.39999,238.059998,234.16,237.45,5345300
2019-04-30,238.080002,238.080002,230.19,233.070007,7632300
2019-05-01,233.070007,234.62,230.35001,231.95,4823200
2019-05-02,230.89999,233.34,228.080002,232.45,5499200
2019-05-03,232.84,233.89999,227.17999,231.95,4323100
2019-05-06,228.17,240.57001,227.5,240.5,7180200
2019-05-07,239.19,243.14999,236.39999,238.050003,5104700
2019-05-08,238.0,240.81,235.53,239.14999,3768400
2019-05-09,236.60001,240.53999,235.67,237.97,4299500
2019-05-10,239.97,242.62,236.37,240.59,4374400
2019-05-13,236.45,240.10001,236.2,239.55,4684400
2019-05-14,240.64,240.99001,236.28,236.42999,5329700
2019-05-15,235.0,237.53,232.62,236.080002,5099700
2019-05-16,235.89,240.45,235.72,236.78999,4456400
2019-05-17,236.17,242.44,235.64999,241.38,4486400
2019-05-20,240.0,246.74001,239.77,245.99001,5390800
2019-05-21,247.0099945,251.17999,246.8,249.94,5345300
2019-05-22,249.10001,251.029999,248.71001,249.34,4038000
2019-05-23,247.98,248.14999,244.39,246.5,3934600
2019-05-24,247.25,249.36,245.50999,247.63,2973900
2019-05-28,248.5,249.3,241.98,242.059998,6172700
2019-05-29,239.85001,243.029999,237.89999,242.39999,3958400
2019-05-30,241.92,245.35001,241.34,243.5,2646600
2019-05-31,241.95,243.62,239.48,241.8,3285700
2019-06-03,241.49001,243.8,236.020004,236.56,4999400
2019-06-04,238.13,241.050003,234.83,240.75999,4992000
2019-06-05,243.17,245.78999,241.23,242.77,3194400
2019-06-06,243.13,243.94,241.73,241.82001,2630100
2019-06-07,242.89999,247.070007,242.19,246.77,2837400
2019-06-10,247.080002,249.67,245.99001,248.14,2331000
2019-06-11,248.52,250.69,245.73,245.87,3043000
2019-06-12,246.2,246.5,242.3,244.5,3251800
2019-06-13,244.82001,245.34,243.12,244.96001,3107800
2019-06-14,244.72,246.10001,242.78999,245.37,2165500
2019-06-17,246.0,247.10001,245.22,245.97,2270300
2019-06-18,247.5,249.34,245.14999,245.7,3482500
2019-06-19,246.0,251.37,245.50999,250.19,4204600
2019-06-20,251.60001,252.82001,247.39999,247.75999,3800800
2019-06-21,248.78,253.49001,246.89999,252.28,6323500
2019-06-24,251.33,252.63,247.86,249.64,3163800
2019-06-25,249.3,251.039993,247.42,247.66,3182700
2019-06-26,248.0,248.080002,243.13,243.47,3852900
2019-06-27,244.25999,248.14999,243.16,246.34,3366200
2019-06-28,246.5,246.75,238.64999,244.0099945,6727600
2019-07-01,245.95,246.17,240.72,242.64,4102700
2019-07-02,242.59,243.99001,239.53999,243.97,3863500
2019-07-03,244.32001,247.52,244.039993,245.21001,2559400
2019-07-05,244.39,248.75999,244.059998,246.99001,2965000
2019-07-08,246.41,247.98,244.88,247.84,1902500
2019-07-09,244.63,246.080002,243.69,246.0,2774800
2019-07-10,246.82001,249.11,245.48,247.48,2753000
2019-07-11,255.8,261.69,249.050003,261.16,10268800
2019-07-12,261.63,266.51999,261.63,265.89999,5336100
2019-07-15,265.059998,267.64999,264.25,265.95999,2611400
2019-07-16,265.32999,267.14001,263.19,264.66,3121600
2019-07-17,264.0,268.69,263.5,266.64999,3995200
2019-07-18,265.64001,266.51001,257.26001,260.60001,5825800
2019-07-19,261.10001,262.72,256.39999,256.64999,4413200
2019-07-22,258.14001,258.95001,254.53,255.32001,4104300
2019-07-23,254.47,256.10001,252.020004,255.0099945,2889300
2019-07-24,252.78999,252.83,245.13,251.13,4864000
2019-07-25,251.13,252.75,248.28999,248.7,3362800
2019-07-26,249.020004,253.88,246.50999,252.94,3362600
2019-07-29,252.84,255.3,252.34,253.82001,2005500
2019-07-30,252.66,255.059998,250.47,254.92999,1908800
2019-07-31,256.32001,257.16,248.48,249.0099945,3532400
2019-08-01,249.19,251.58,247.28,249.25,3613600
2019-08-02,249.69,251.57001,246.10001,250.050003,2677600
2019-08-05,248.13,249.94,242.59,245.059998,5812400
2019-08-06,245.92999,248.28,243.57001,248.28,3533000
2019-08-07,246.27,247.039993,241.25999,246.45,3205800
2019-08-08,246.19,247.67,243.37,247.62,2830700
2019-08-09,247.72,250.42,246.14,248.63,2535000
2019-08-12,246.78999,247.96001,243.029999,243.2,2667400
2019-08-13,241.67999,250.46001,241.50999,249.22,2763400
2019-08-14,246.73,248.41,243.0099945,243.2,3464300
2019-08-15,244.35001,245.25999,241.45,244.25,2513500
2019-08-16,245.38,247.11,244.17999,245.69,2810000
2019-08-19,247.49001,248.49001,244.089996,244.71001,2672300
2019-08-20,244.21001,244.60001,239.92,240.16,3201300
2019-08-21,240.19,241.89,239.3,240.35001,2761900
2019-08-22,240.35001,240.35001,232.67,232.94,4498200
2019-08-23,232.89999,235.10001,229.38,230.66,4826600
2019-08-26,232.52,234.56,230.46001,231.080002,2918300
2019-08-27,231.72,232.39999,222.60001,222.92999,4988100
2019-08-28,222.42,229.77,220.78,227.35001,4847600
2019-08-29,228.42,232.3,228.0099945,230.62,4052500
2019-08-30,233.67,235.050003,232.28999,234.0,3384100
2019-09-03,231.74001,232.17,228.47,230.62,3382300
2019-09-04,231.95,232.95,226.5,226.73,4526100
2019-09-05,230.0,231.50999,227.58,229.59,4256900
2019-09-06,230.17,231.96001,228.59,229.0,4183200
2019-09-09,229.0,232.0,228.56,230.67999,3895600
2019-09-10,231.45,234.28999,230.83,232.46001,4257600
2019-09-11,232.49001,234.25,228.58,234.21001,3168100
2019-09-12,235.0,236.39999,229.7,230.10001,4713700
2019-09-13,232.99001,236.56,231.53999,233.61,4523200
2019-09-16,232.82001,236.050003,232.14999,234.42999,2973600
2019-09-17,233.070007,233.99001,231.17,232.52,2392900
2019-09-18,230.8,233.13,229.23,230.61,2960500
2019-09-19,232.0,233.95,231.23,232.85001,2666700
2019-09-20,234.77,235.0,231.92,232.89,6220100
2019-09-23,229.77,230.78,228.32001,228.77,3281200
2019-09-24,229.38,229.84,222.92,225.0,5006800
2019-09-25,224.28,226.5,222.13,222.17,4658000
2019-09-26,223.039993,223.63,213.42999,215.48,10444400
2019-09-27,218.17999,218.88,215.020004,215.25999,4834900
2019-09-30,213.64,218.53,213.12,217.32001,5286300
2019-10-01,219.19,219.19,212.080002,217.21001,5523600
2019-10-02,216.14999,219.36,215.28,216.75,4921200
2019-10-03,215.63,216.36,213.050003,215.36,3375800
2019-10-04,216.84,219.86,215.14,219.8,3700500
2019-10-07,219.050003,222.53,218.99001,221.24001,3843200
2019-10-08,219.49001,221.98,218.39999,220.11,4817000
2019-10-09,221.71001,223.47,220.17,222.080002,4483100
2019-10-10,218.19,224.13,217.52,223.73,5252200
2019-10-11,225.53999,228.85001,221.59,222.070007,5891600
2019-10-14,221.63,223.34,219.89999,220.59,4075300
2019-10-15,232.69,239.84,231.089996,238.59,13397700
2019-10-16,236.28999,237.48,234.080002,236.99001,5368600
2019-10-17,238.69,244.61,237.27,243.67,6301200
2019-10-18,244.45,246.41,241.75999,245.34,4922100
2019-10-21,245.020004,245.60001,242.14999,243.92,3029200
2019-10-22,243.64,251.5,243.14999,249.48,5660800
2019-10-23,248.39,251.75,246.73,247.8,3706600
2019-10-24,248.029999,248.49001,243.91,244.50999,2546900
2019-10-25,243.91,246.080002,242.14999,244.91,2815100
2019-10-28,245.25999,248.39,244.92,247.050003,2957100
2019-10-29,247.039993,253.2,246.31,252.28999,3528900
2019-10-30,252.17,255.28,251.98,254.8,3299600
2019-10-31,254.38,255.72,249.91,252.7,3960400
2019-11-01,253.99001,256.32999,252.16,252.21001,2919600
2019-11-04,253.63,253.83,249.91,251.25,3186400
2019-11-05,253.74001,254.27,250.089996,250.3,5393400
2019-11-06,249.71001,251.99001,249.089996,250.52,3668600
2019-11-07,251.95,256.75,251.25999,256.45999,3646300
2019-11-08,256.76999,258.34,255.0,256.97,2200300
2019-11-11,255.050003,256.45999,253.33,254.089996,1765600
2019-11-12,253.59,255.75999,253.41,255.25,1892500
2019-11-13,254.87,256.88,253.19,253.57001,3289800
2019-11-14,253.8,256.079987,253.47,255.83,2101900
2019-11-15,256.10999,275.57001,255.36,269.39999,10136000
2019-11-18,269.0,278.45001,269.0,272.92999,6985200
2019-11-19,275.23999,275.35999,271.54999,274.23001,4002000
2019-11-20,272.25,276.029999,271.23999,275.56,4141600
2019-11-21,275.22,277.67999,273.91,276.54999,3309900
2019-11-22,276.53,277.76999,275.0,276.84,2802700
2019-11-25,277.78,283.0,277.01001,282.67001,4082900
2019-11-26,280.70999,282.25,280.16,281.39999,2998600
2019-11-27,281.01001,281.92999,278.69,280.67001,2323900
2019-11-29,278.10001,280.92001,277.32999,279.87,1520900
2019-12-02,281.78,282.0,278.57001,279.66,2517100
2019-12-03,276.97,278.42001,273.85001,276.89999,3239200
2019-12-04,281.62,281.84,278.64001,279.32001,2694200
2019-12-05,279.23999,282.82001,277.48001,282.0,3357300
2019-12-06,282.84,283.040009,279.10999,280.19,2828900
2019-12-09,280.76999,280.87,277.42001,277.54001,2697100
2019-12-10,277.60001,279.60001,274.01001,279.51999,2515300
2019-12-11,278.29999,280.66,278.029999,280.5,2751300
2019-12-12,281.029999,283.98999,280.040009,283.60999,2996200
2019-12-13,284.97,287.81,284.12,285.48001,3599300
2019-12-16,287.97,295.44,287.059998,292.029999,4663600
2019-12-17,291.23999,292.78,289.17001,290.47,4409100
2019-12-18,291.0,294.85999,290.98999,292.89999,3621600
2019-12-19,295.0,297.20001,293.62,294.62,2905900
2019-12-20,298.89999,300.0,292.51001,292.59,6608300
2019-12-23,293.42999,295.85001,292.81,295.089996,2098900
2019-12-24,295.26001,295.82999,293.56,294.54001,714000
2019-12-26,295.29999,296.26001,294.54001,295.64999,1050600
2019-12-27,296.01001,296.54001,295.01001,295.97,1547100
2019-12-30,296.049988,296.54001,293.45001,293.85001,1511700
2019-12-31,293.66,294.089996,291.14999,293.98001,2224200
2020-01-02,293.98001,295.70001,289.79001,292.5,2543400
2020-01-03,287.26999,291.88,284.35999,289.54001,2711400
2020-01-06,288.0,291.66,287.22,291.54999,3079100
2020-01-07,290.70001,291.48999,287.57999,289.79001,2492900
2020-01-08,291.5,297.38,290.040009,295.89999,3379200
2020-01-09,294.29001,297.20001,293.72,294.22,2838200
2020-01-10,296.070007,296.070007,292.20999,295.13,2477900
2020-01-13,294.37,294.45001,285.019989,285.85001,6994900
2020-01-14,285.60001,288.23999,284.25,288.23999,6056300
2020-01-15,289.019989,299.64001,289.0,296.41,6081300
2020-01-16,298.0,300.98999,295.92999,300.73999,3710300
2020-01-17,300.01001,300.70001,295.88,298.47,4632200
2020-01-21,296.89001,302.54001,296.01001,300.53,4962800
2020-01-22,301.98999,302.13,297.35001,300.59,3117600
2020-01-23,300.01001,300.57999,296.64999,299.45999,3169600
2020-01-24,298.34,299.92999,291.56,292.81,3678500
2020-01-27,288.0,288.079987,280.070007,284.089996,4399400
2020-01-28,283.91,288.37,283.29999,285.87,4341000
2020-01-29,284.0,286.19,280.89001,282.89999,3963800
2020-01-30,281.84,281.84,275.92001,280.98001,4211800
2020-01-31,278.17001,278.78,271.17999,272.45001,5532600
2020-02-03,275.13,276.85001,270.82001,274.019989,5646800
2020-02-04,277.28,283.5,276.88,280.84,4290200
2020-02-05,285.60001,297.0,285.44,295.73001,5761000
2020-02-06,297.0,297.26999,290.0,292.45999,3044000
2020-02-07,292.87,293.39001,288.91,289.22,3425900
2020-02-10,286.23001,289.29001,285.45001,287.029999,3147400
2020-02-11,286.85001,291.57001,285.89999,290.79001,2992200
2020-02-12,295.0,305.0,294.01001,303.48001,6701900
2020-02-13,300.14001,305.89999,300.14001,302.20001,3565500
2020-02-14,302.20999,303.97,297.31,298.78,2485600
2020-02-18,299.67001,303.35001,299.0,302.14001,3241700
2020-02-19,303.37,306.70999,302.73001,305.31,3021100
2020-02-20,303.20001,304.16,297.89001,302.13,2885500
2020-02-21,300.47,302.51001,298.60999,301.42999,2987100
2020-02-24,286.89001,288.98999,277.64001,277.79001,8790600
2020-02-25,280.14999,281.98001,262.01001,263.39001,8171200
2020-02-26,264.72,269.82999,258.70999,263.0,6806600
2020-02-27,258.42001,262.14999,252.070007,253.92,7604300
2020-02-28,246.2,257.10001,245.3,254.96001,9961000
2020-03-02,257.34,273.23999,250.32001,273.10999,8866300
2020-03-03,275.35001,280.35001,259.23001,261.39999,9188100
2020-03-04,290.0,295.84,282.20999,289.42001,14533000
2020-03-05,281.60001,289.42001,279.94,282.95999,5908400
2020-03-06,275.42001,284.97,271.89999,283.87,5361900
2020-03-09,264.45999,281.44,259.23999,273.44,8070700
2020-03-10,279.72,283.89999,272.5,280.0,7366000
2020-03-11,274.76001,285.23999,273.26001,277.78,7744600
2020-03-12,260.0,272.23001,250.0,250.41,10496600
2020-03-13,260.98999,273.22,242.27,272.040009,9308400
2020-03-16,243.92,245.67999,223.95,225.039993,10303500
2020-03-17,230.82001,248.75999,228.28999,244.22,9642200
2020-03-18,225.75,231.45,200.19,217.059998,12917500
2020-03-19,216.98,226.12,208.94,219.8,8065200
2020-03-20,223.17999,232.64,203.46001,206.59,9364100
2020-03-23,202.039993,205.75,187.72,194.86,10654500
2020-03-24,202.14,220.27,199.0,219.8,8894400
2020-03-25,219.089996,247.50999,216.0,234.49001,10014000
2020-03-26,234.029999,257.95999,232.3,255.39,7517600
2020-03-27,242.94,251.60001,238.24001,242.45,4879500
2020-03-30,242.64,254.089996,242.64,251.28,5329000
2020-03-31,243.48,254.53,243.0,249.38,5450000
2020-04-01,238.69,246.61,235.44,237.32001,4548800
2020-04-02,235.3,242.0,226.029999,240.44,4636800
2020-04-03,238.32001,239.34,227.27,229.49001,4650300
2020-04-06,240.0,249.28999,235.12,248.34,6365900
2020-04-07,259.81,266.70999,246.53999,248.039993,4984100
2020-04-08,247.69,269.16,246.25999,267.82999,6390200
2020-04-09,265.0,270.39999,261.60001,264.13,4923300
2020-04-13,262.059998,264.95999,258.17999,263.51001,2964900
2020-04-14,269.0,273.070007,267.0,270.5,4778900
2020-04-15,276.32999,282.98999,270.67999,281.67999,7841800
2020-04-16,283.44,300.0,280.01001,298.42999,7738900
2020-04-17,300.98999,304.0,287.10001,290.56,5857500
2020-04-20,285.29999,289.01001,281.26999,282.14001,4072600
2020-04-21,274.95001,280.0,273.25,274.19,3977500
2020-04-22,279.57999,283.82001,276.70999,277.019989,3663300
2020-04-23,279.059998,288.45999,278.54001,285.32999,4420500
2020-04-24,287.29001,291.89999,284.0,291.29001,3265000
2020-04-27,293.20999,296.85999,290.63,293.98001,3706200
2020-04-28,298.0,298.25,285.62,288.35999,3862900
2020-04-29,292.0,292.75,286.10001,287.64999,4258400
2020-04-30,286.64999,295.0,285.51999,292.47,7631700
2020-05-01,288.39001,289.0,279.60001,284.51001,3526100
2020-05-04,284.48999,287.94,282.10999,287.54001,2894200
2020-05-05,289.95999,296.0,287.29001,293.040009,2501300
2020-05-06,295.10001,297.67999,288.44,288.76999,2579200
2020-05-07,291.059998,292.29001,284.51999,285.0,3162300
2020-05-08,289.48999,290.0,285.66,287.0,3200000
2020-05-11,285.56,290.10001,285.26001,288.69,3490700
2020-05-12,291.76999,293.14999,287.70001,287.70001,4214300
2020-05-13,284.48999,286.39999,275.56,278.0,5474100
2020-05-14,275.92999,292.45001,275.64001,290.60999,5704600
2020-05-15,292.41,300.0,290.72,290.95999,12182800
2020-05-18,298.48001,299.72,292.019989,293.35999,4015100
2020-05-19,290.73999,294.63,288.88,289.049988,3059400
2020-05-20,292.89999,292.89999,286.70001,287.98999,3200600
2020-05-21,286.040009,290.13,284.92999,286.91,3604900
2020-05-22,287.29999,290.23999,284.79001,289.94,2922800
2020-05-26,296.5,297.029999,292.5,294.89001,4567800
2020-05-27,297.42001,303.79999,290.79999,303.76999,5618900
2020-05-28,305.95001,309.66,303.29001,303.97,4387700
2020-05-29,304.72,308.37,300.85001,304.85001,6251500
2020-06-01,304.019989,305.98001,300.56,305.92999,2894000
2020-06-02,305.57999,308.10001,301.73001,306.31,2756800
2020-06-03,307.85001,310.12,302.73999,305.35001,4360000
2020-06-04,303.17999,304.47,294.29001,298.079987,4374300
2020-06-05,304.0,314.28,300.5,311.85001,5554300
2020-06-08,308.64001,315.84,307.92999,309.48001,4635500
2020-06-09,309.89999,312.64999,307.32999,309.20999,3061500
2020-06-10,308.94,310.31,302.85999,305.75,3296100
2020-06-11,303.35999,303.35999,280.79999,283.73001,6638900
2020-06-12,290.64999,294.10001,278.70001,285.14999,5416800
2020-06-15,278.019989,287.0,273.70999,286.28,4494600
2020-06-16,295.44,297.57001,287.44,293.0,4245400
2020-06-17,295.10001,295.10001,291.23001,292.60001,2538000
2020-06-18,290.42999,291.78,286.60001,291.48001,2926600
2020-06-19,294.42999,296.51999,290.91,291.23999,5172800
2020-06-22,289.79001,293.0,286.26001,292.67001,2174100
2020-06-23,294.01001,299.28,291.070007,297.60001,4023400
2020-06-24,293.98999,297.10001,285.57001,289.17999,3399900
2020-06-25,288.28,296.78,286.059998,296.22,3112500
2020-06-26,295.14001,296.57999,285.82001,286.88,5043200
2020-06-29,288.45001,292.28,286.62,289.76001,2356700
2020-06-30,288.57001,296.45001,287.66,294.95001,2932900
2020-07-01,295.82999,300.39999,295.23999,297.73001,2303800
2020-07-02,300.5,303.079987,297.17999,298.26001,1971700
2020-07-06,303.0,303.48999,299.32999,302.81,2395000
2020-07-07,300.66,303.56,295.95001,296.64999,2075700
2020-07-08,297.35001,300.87,295.67999,298.35999,1987400
2020-07-09,295.10001,298.54999,287.5,291.16,3061700
2020-07-10,294.23999,294.23999,287.10001,291.23001,2391600
2020-07-13,292.089996,304.51999,291.76999,299.70999,4263300
2020-07-14,297.81,309.73999,296.70999,308.51999,4234900
2020-07-15,301.12,310.69,298.66,304.070007,5116900
2020-07-16,305.01001,310.85001,303.16,307.14999,3844500
2020-07-17,309.089996,310.97,306.25,306.53,3016500
2020-07-20,306.79001,308.60001,302.38,303.45999,2375500
2020-07-21,305.029999,307.0,303.10999,305.10999,2340200
2020-07-22,304.85999,306.91,301.81,306.70999,1935800
2020-07-23,308.20001,308.5,301.26999,302.97,2367700
2020-07-24,303.32999,304.28,299.23001,300.79001,2415700
2020-07-27,298.42999,302.13,297.37,298.60001,2060500
2020-07-28,297.89001,301.39999,297.20999,299.92999,2257400
2020-07-29,301.45999,309.75,300.0,306.67999,2672700
2020-07-30,301.67999,306.45999,298.89001,305.23001,2205300
2020-07-31,303.44,303.73999,298.049988,302.78,3913500
2020-08-03,303.59,304.91,299.20001,303.60999,2628500
2020-08-04,301.91,308.85999,300.070007,304.5,3594900
2020-08-05,306.82999,312.95999,305.019989,312.47,2982200
2020-08-06,312.0,316.23999,310.39999,314.059998,3305300
2020-08-07,313.34,319.0,313.34,317.029999,2600800
2020-08-10,317.0,320.47,315.57999,319.10001,2563600
2020-08-11,322.92001,324.57001,314.66,315.54999,3018200
2020-08-12,318.0,323.29001,317.64001,322.26999,2915800
2020-08-13,320.67999,321.87,317.84,321.51999,2159500
2020-08-14,320.54001,323.92999,318.73001,323.70001,1787200
2020-08-17,321.45001,323.79999,319.35001,320.51001,2772500
2020-08-18,321.98001,322.67001,315.70999,316.81,2520000
2020-08-19,316.76999,319.48999,315.17999,315.39999,2066700
2020-08-20,314.82999,315.28,312.01001,313.32999,2245600
2020-08-21,311.28,315.28,310.089996,314.14001,2488500
2020-08-24,316.81,316.89999,306.48999,308.84,2922200
2020-08-25,312.20001,312.35999,307.79999,312.22,1879300
2020-08-26,310.98001,311.35999,303.60999,308.82001,3178900
2020-08-27,310.41,314.76999,305.48999,311.67001,2321000
2020-08-28,312.34,315.82001,308.97,314.37,2883500
2020-08-31,314.89001,319.56,312.54001,312.54999,4341600
2020-09-01,310.16,314.72,310.0,312.82999,2487100
2020-09-02,312.56,321.28,312.56,320.23999,2846500
2020-09-03,322.0,323.82001,313.73001,316.23001,3872500
2020-09-04,316.48001,317.82999,306.63,312.0,2901000
2020-09-08,311.029999,311.45999,303.82999,307.25,2594500
2020-09-09,309.67999,315.32001,308.42001,312.019989,2195600
2020-09-10,312.73001,314.44,303.72,304.60001,2421200
2020-09-11,305.070007,306.45999,297.29001,301.48001,3085900
2020-09-14,303.01001,311.12,303.01001,308.57001,1795500
2020-09-15,310.049988,311.45999,306.049988,307.23001,1468300
2020-09-16,309.070007,312.25,306.20001,306.51999,3438200
2020-09-17,304.5,307.38,302.10999,304.98001,2394100
2020-09-18,305.01001,310.39001,303.76999,308.019989,3795400
2020-09-21,300.47,300.53,291.66,299.19,4124700
2020-09-22,298.44,300.62,292.92001,294.26001,3163600
2020-09-23,295.0,296.10001,291.82999,292.14001,3709900
2020-09-24,292.19,294.92999,289.64001,292.66,2869100
2020-09-25,291.25,303.26999,291.22,302.5,2455800
2020-09-28,306.39001,310.01001,302.82999,303.23001,2575700
2020-09-29,303.67001,305.5,300.67999,304.14999,1797800
2020-09-30,304.019989,314.51999,303.98999,311.76999,3497300
2020-10-01,312.91,315.17001,309.14999,313.070007,2731200
2020-10-02,312.10001,317.39001,308.35999,311.98001,2338000
2020-10-05,315.070007,318.42001,313.12,318.14999,1638600
2020-10-06,318.95001,320.29999,313.48999,314.45001,2434400
2020-10-07,315.82001,324.73999,315.82001,323.17001,2596600
2020-10-08,323.42999,325.35001,320.98999,322.41,2056700
2020-10-09,324.66,328.17001,323.92001,327.84,2028900
2020-10-12,329.12,333.56,329.01001,329.97,2424200
2020-10-13,328.5,333.70001,327.70999,331.42001,2713500
2020-10-14,322.070007,330.57001,320.20001,321.85001,4455400
2020-10-15,318.85001,326.97,316.32999,324.57001,3172200
2020-10-16,325.45999,332.35001,324.73001,329.89999,3293300
2020-10-19,328.54001,330.78,322.059998,324.22,2482100
2020-10-20,326.62,328.62,323.28,323.41,1988600
2020-10-21,323.41,326.48999,322.17999,322.79001,2139000
2020-10-22,322.32001,328.059998,322.25,325.73001,2100600
2020-10-23,329.16,335.64999,328.13,330.60001,2349500
2020-10-26,326.32001,327.75,318.54001,323.059998,2408500
2020-10-27,323.059998,323.5,319.42999,320.51001,2427700
2020-10-28,313.32999,317.81,307.44,308.0,3301400
2020-10-29,306.59,309.48001,301.45999,303.67999,3279200
2020-10-30,303.23001,307.17001,299.60001,305.14001,3556800
2020-11-02,312.64001,312.64001,307.35999,312.10001,4519000
2020-11-03,317.47,326.44,315.019989,321.35001,4043900
2020-11-04,345.23001,360.44,341.14001,354.56,10344900
2020-11-05,358.070007,360.98001,349.67999,354.39999,4786500
2020-11-06,350.35999,352.0,344.57001,347.45999,2994900
2020-11-09,366.31,367.95001,348.98001,350.0,4635300
2020-11-10,349.48999,355.89999,348.17001,353.69,3733200
2020-11-11,356.16,356.81,349.41,351.70001,2048200
2020-11-12,351.39999,360.51999,349.75,354.41,2907300
2020-11-13,356.85999,357.94,352.79001,355.67001,2442100
2020-11-16,358.95001,359.57999,351.01001,356.82001,2790100
2020-11-17,352.39001,353.35999,347.5,352.10001,2557600
2020-11-18,353.42999,354.049988,343.089996,344.51001,2722500
2020-11-19,342.29001,343.070007,334.32999,337.0,3935600
2020-11-20,335.0,337.66,331.70999,334.70001,3702000
2020-11-23,335.54999,336.26001,331.59,335.059998,2535700
2020-11-24,336.17999,340.0,334.42999,336.01001,3759700
2020-11-25,338.82001,338.82001,329.14001,333.19,3145100
2020-11-27,333.53,338.89999,331.84,337.94,1558600
2020-11-30,335.10999,337.94,330.29001,336.34,5265700
2020-12-01,344.76999,354.10001,339.92999,341.19,3817700
2020-12-02,341.76999,351.82999,341.5,347.56,2864300
2020-12-03,347.89999,352.76999,346.48999,348.67999,4169200
2020-12-04,346.0,351.47,345.75,349.89001,3255100
2020-12-07,348.72,349.89001,345.22,347.85999,2999400
2020-12-08,344.75,349.89999,344.079987,347.85999,2471200
2020-12-09,348.89001,349.41,341.60999,344.41,2600400
2020-12-10,345.16,345.45999,339.26001,339.64999,2896900
2020-12-11,338.13,338.88,334.32999,337.070007,3071700
2020-12-14,340.029999,343.23001,335.85999,336.13,2479000
2020-12-15,339.14001,341.01001,337.040009,339.67001,2616500
2020-12-16,336.82999,341.66,334.26001,339.34,2365600
2020-12-17,339.81,342.60001,337.31,341.67001,2525700
2020-12-18,342.51999,342.60999,334.0,338.38,8742700
2020-12-21,332.070007,336.95001,329.39999,336.079987,2892700
2020-12-22,335.16,336.98001,333.47,335.01001,2069700
2020-12-23,336.48999,341.64999,336.029999,337.59,2348100
2020-12-24,336.44,341.41,336.44,340.79001,1360600
2020-12-28,343.20999,347.79001,343.059998,345.95001,2308200
2020-12-29,347.98999,351.29001,345.0,347.35001,2275700
2020-12-30,347.079987,349.01001,344.47,344.98999,1866000
2020-12-31,345.040009,351.089996,344.049988,350.67999,1969000
2021-01-04,351.45001,352.079987,340.38,349.5,4203800
2021-01-05,348.69,351.35999,344.48001,344.79999,3160500
2021-01-06,337.10999,359.48999,335.10999,359.26999,6561400
2021-01-07,358.54001,366.45001,357.92001,365.029999,3366700
2021-01-08,367.0,367.48999,358.76001,363.39001,2947800
2021-01-11,362.62,364.29001,359.19,360.75,2695100
2021-01-12,357.94,360.079987,355.23001,357.37,2372500
2021-01-13,356.040009,356.81,351.23001,355.040009,1974500
2021-01-14,356.85001,358.81,350.42001,350.53,2919900
2021-01-15,349.12,353.049988,345.73999,351.29999,3777000
2021-01-19,356.20999,356.95999,351.56,352.19,3361300
2021-01-20,351.88,352.079987,345.82999,350.84,3036800
2021-01-21,350.81,360.89001,350.73999,355.0,3749800
2021-01-22,353.31,354.62,347.54001,347.54999,2585100
2021-01-25,347.14999,350.39001,344.60001,347.81,2506300
2021-01-26,350.51001,351.51001,342.57001,343.10999,2467500
2021-01-27,337.040009,338.0,329.01001,332.98999,4770900
2021-01-28,336.64001,346.57999,334.51001,338.14999,2769900
2021-01-29,336.53,339.019989,330.63,333.57999,3899200
2021-02-01,335.029999,338.14999,332.73999,334.0,3020200
2021-02-02,337.10001,344.64001,337.10001,338.72,2663700
2021-02-03,338.0,340.16,334.60001,337.89001,2537100
2021-02-04,332.32001,335.29001,328.39001,329.32001,5962200
2021-02-05,332.10999,333.48001,323.48001,324.51001,7227900
2021-02-08,327.01001,327.019989,323.81,324.34,4758200
2021-02-09,323.89999,331.040009,321.70999,329.63,4096900
2021-02-10,332.66,335.76001,329.76999,333.39999,4122700
2021-02-11,335.0,336.64999,331.5,333.070007,2776700
2021-02-12,331.67999,332.39999,327.88,328.23999,2760800
2021-02-16,327.35999,329.84,322.48001,324.62,4339000
2021-02-17,323.45999,328.60001,322.23999,326.85999,2620000
2021-02-18,325.89999,329.57999,325.20001,328.41,2383500
2021-02-19,328.75,328.85001,324.10999,324.57999,2313800
2021-02-22,321.5,329.049988,320.35001,327.64001,2688300
2021-02-23,329.98999,333.94,326.64001,329.51001,3225700
2021-02-24,328.48999,333.60001,326.040009,332.20999,3360500
2021-02-25,331.0,333.60001,327.35999,328.87,2780100
2021-02-26,330.54999,337.91,329.85001,332.22,5430000
2021-03-01,334.35999,338.91,333.67999,334.64999,4198900
2021-03-02,335.0,337.67001,333.89001,334.64001,2568900
2021-03-03,333.32001,338.16,332.78,332.87,3039700
2021-03-04,334.17001,340.84,332.67001,333.81,4991600
2021-03-05,335.029999,348.29001,335.019989,347.10001,4563100
2021-03-08,347.01001,354.0,345.60001,350.17001,3419900
2021-03-09,352.92001,361.25,351.34,351.98001,4277600
2021-03-10,353.91,354.48001,348.5,349.60001,3012300
2021-03-11,350.76001,355.97,349.87,353.10001,2520500
2021-03-12,353.17001,356.82001,351.98999,356.019989,2088700
2021-03-15,356.92001,357.94,351.54999,353.88,2343400
2021-03-16,353.53,355.35999,351.91,354.60001,2904200
2021-03-17,355.17001,358.070007,351.82999,352.17999,2633100
2021-03-18,352.87,364.32001,352.34,362.049988,3311600
2021-03-19,361.92001,370.45999,359.01001,365.57999,8572900
2021-03-22,365.0,368.57999,360.10999,366.85999,3505200
2021-03-23,368.85001,371.54001,367.22,368.5,3100100
2021-03-24,366.049988,373.79999,365.51001,370.60001,3407800
2021-03-25,370.60001,372.10999,363.39001,371.089996,3021500
2021-03-26,371.67999,377.059998,370.29001,376.48001,2959800
2021-03-29,376.35999,380.5,374.98999,379.059998,2740400
2021-03-30,377.54999,379.88,371.79999,373.56,3066000
2021-03-31,372.79999,377.0,371.79999,372.070007,3356500
2021-04-01,372.20001,372.69,365.76001,367.070007,2977700
2021-04-05,369.62,372.63,367.64001,370.17999,2709400
2021-04-06,368.78,369.79001,362.72,364.37,2698600
2021-04-07,364.19,365.88,360.54999,365.64001,2158900
2021-04-08,363.10999,366.91,363.10999,364.89001,2426700
2021-04-09,368.35001,376.60999,367.0,376.29999,2483200
2021-04-12,374.48001,379.82999,374.029999,376.28,3057300
2021-04-13,376.25,379.31,374.32999,374.5,2652300
2021-04-14,375.34,378.01001,374.57999,375.63,2805600
2021-04-15,380.0,392.35999,380.0,390.01001,4488300
2021-04-16,393.92001,393.92001,385.45999,391.01001,4532400
2021-04-19,390.0,393.39001,388.47,389.84,2965400
2021-04-20,389.85999,397.88,389.42001,396.53,3348100
2021-04-21,398.85999,401.48001,395.44,398.81,2473300
2021-04-22,398.44,398.76001,393.19,396.54001,2718600
2021-04-23,395.62,401.98999,394.5,400.31,2263200
2021-04-26,399.81,400.0,395.20999,395.85999,1642300
2021-04-27,394.66,396.32999,392.29999,394.5,1758500
2021-04-28,395.17999,396.98999,393.29999,394.59,1886500
2021-04-29,396.75,402.16,396.29999,401.54999,1996500
2021-04-30,401.0,401.85999,398.35001,398.79999,2328100
2021-05-03,401.0,406.76999,400.53,405.89999,2568500
2021-05-04,405.48001,412.47,403.5,411.34,3237200
2021-05-05,410.5,412.75,406.79999,412.5,2767600
2021-05-06,413.0,416.85001,412.56,414.97,3058700
2021-05-07,415.0,419.019989,414.070007,417.64999,1851000
2021-05-10,419.26999,425.98001,418.22,420.89001,2489300
2021-05-11,421.0,422.29001,410.60999,411.70001,3024000
2021-05-12,409.29001,410.85001,404.67999,405.37,2888100
2021-05-13,406.28,413.17999,404.32001,408.56,2637500
2021-05-14,410.98999,412.59,408.5,409.79999,2072900
2021-05-17,409.31,412.51001,408.57001,408.63,1583900
2021-05-18,409.69,412.95999,406.26999,410.38,2694800
2021-05-19,409.48999,410.72,404.25,409.5,2783100
2021-05-20,409.53,413.82999,408.32001,408.64001,2105800
2021-05-21,410.76001,418.63,409.45999,411.63,4295400
2021-05-24,412.37,413.89999,409.92001,410.95001,1883600
2021-05-25,411.85001,413.85999,408.89001,413.049988,2285600
2021-05-26,412.10001,415.29999,411.01001,413.20999,1903900
2021-05-27,414.92001,415.10999,410.38,412.70001,2041800
2021-05-28,412.70001,415.47,410.019989,411.92001,2367900
2021-06-01,413.73001,413.73001,406.16,406.72,2199600
2021-06-02,409.14001,409.14001,404.54999,405.85001,2232900
2021-06-03,403.5,409.76001,402.84,407.95999,2281200
2021-06-04,410.95999,411.0,404.64999,405.64001,2990900
2021-06-07,406.95999,407.20999,398.69,400.25,3353800
2021-06-08,400.72,402.75,398.75,401.73999,3051300
2021-06-09,403.32999,405.78,400.53,401.10001,1925700
2021-06-10,401.91,402.85001,398.47,401.48999,4033600
2021-06-11,403.35001,403.35999,394.78,397.89001,3094300
2021-06-14,397.29999,399.47,395.13,399.16,2674900
2021-06-15,399.95999,401.5,396.47,400.28,2845800
2021-06-16,401.10001,403.14999,396.67001,397.25,3330800
2021-06-17,396.0,398.070007,394.60999,397.35001,3532000
2021-06-18,387.28,392.66,387.25,389.37,5521400
2021-06-21,389.37,399.20001,389.22,398.070007,3839300
2021-06-22,400.60999,400.64999,397.82001,398.69,3964600
2021-06-23,397.82001,399.0,395.26999,395.56,2942100
2021-06-24,398.32001,402.16,396.84,398.87,3309100
2021-06-25,400.10001,409.98001,399.019989,404.95001,16928900
2021-06-28,404.95001,404.98999,397.92999,401.45999,3193300
2021-06-29,401.97,403.20001,397.48001,398.10001,2458800
2021-06-30,397.54001,401.39999,396.79999,400.44,2875600
2021-07-01,402.029999,405.20999,401.81,404.89001,2678100
2021-07-02,405.089996,409.87,403.88,409.35999,1982400
2021-07-06,408.67001,411.16,405.70999,410.26001,2615300
2021-07-07,410.35001,412.17999,407.20001,411.66,2270400
2021-07-08,408.60999,410.82999,405.079987,409.95001,2032300
2021-07-09,412.53,413.25,410.64001,412.10999,2078900
2021-07-12,411.019989,416.39999,410.31,416.040009,2802600
2021-07-13,416.38,419.69,415.70999,418.54001,2948900
2021-07-14,420.76999,422.53,413.35001,414.73999,3538700
2021-07-15,411.91,421.73001,407.20001,420.049988,3546500
2021-07-16,421.35999,422.29001,417.64001,419.70001,2625400
2021-07-19,417.23999,419.53,406.81,409.059998,3611300
2021-07-20,411.0,417.73001,410.60999,412.97,3186700
2021-07-21,417.059998,417.23001,410.82999,414.64001,1863700
2021-07-22,416.019989,416.82999,413.73001,415.76999,1421900
2021-07-23,417.89999,419.34,415.98999,417.70001,1611700
2021-07-26,416.82999,417.67001,410.89999,413.54001,2232600
2021-07-27,412.0,415.26001,409.45999,415.10001,2630600
2021-07-28,414.48999,414.48999,406.79999,409.17001,2446600
2021-07-29,411.28,412.57999,408.42001,412.079987,1597300
2021-07-30,410.76001,413.76999,410.25,412.22,1864200
2021-08-02,413.57001,416.44,412.81,415.57001,1806500
2021-08-03,415.82001,422.14001,415.079987,421.89999,2496500
2021-08-04,422.049988,423.66,419.70999,421.54001,1995400
2021-08-05,422.059998,422.25,407.89001,411.19,3598600
2021-08-06,412.01001,416.76999,412.01001,415.12,1944000
2021-08-09,414.95001,416.23001,410.35001,410.87,1509800
2021-08-10,410.51001,413.64999,408.57001,411.78,1441800
2021-08-11,413.029999,413.92999,407.51001,407.73999,1542600
2021-08-12,407.0,408.73001,404.29999,405.95999,1939900
2021-08-13,407.079987,410.049988,405.92001,409.67001,1537800
2021-08-16,409.84,417.42001,407.32999,417.20999,2377500
2021-08-17,417.10001,422.5,416.63,421.78,2258000
2021-08-18,421.35001,421.59,417.089996,417.32001,3037000
2021-08-19,415.38,428.35001,412.39999,427.89001,3204500
2021-08-20,428.35001,431.35999,426.91,429.70999,2401900
2021-08-23,430.56,430.56,424.89999,425.35999,2375900
2021-08-24,425.51999,425.94,421.72,423.41,1619300
2021-08-25,421.85001,423.62,419.45001,419.73999,1939000
2021-08-26,419.76999,421.39001,416.63,416.85001,1385400
2021-08-27,418.01001,420.35001,416.12,418.76001,1621600
2021-08-30,418.76001,420.57001,417.89001,418.29999,1284200
2021-08-31,417.0,420.73999,414.22,416.26999,4249100
2021-09-01,416.54001,419.87,411.23999,417.35001,2034400
2021-09-02,419.16,424.39999,418.23999,423.70999,3137400
2021-09-03,421.92999,424.0,420.60999,422.85999,1604800
2021-09-07,420.29999,422.26001,417.57999,421.23999,1920300
2021-09-08,421.19,422.87,414.20001,415.39001,2262500
2021-09-09,415.34,420.22,413.92999,414.54999,3508500
2021-09-10,415.56,416.0,402.59,403.91,4215800
2021-09-13,407.98001,416.81,406.45001,414.51999,3068200
2021-09-14,417.59,417.59,411.37,412.54001,2879800
2021-09-15,412.51999,421.42001,409.5,417.51999,3180600
2021-09-16,419.67001,423.39999,414.95999,416.84,2262700
2021-09-17,414.97,421.089996,414.97,420.16,4534200
2021-09-20,416.92001,419.29999,408.72,412.70001,2799800
2021-09-21,415.01001,418.78,412.20999,412.34,2382200
2021-09-22,404.94,412.0,404.94,408.70001,3629400
2021-09-23,409.79999,414.85001,407.51001,408.029999,2681600
2021-09-24,406.94,407.89001,405.23001,407.079987,1950400
2021-09-27,407.82999,412.14999,404.95999,405.26999,2608600
2021-09-28,402.60001,404.0,397.019989,398.62,3115400
2021-09-29,397.0,401.85001,395.79999,400.41,2056300
2021-09-30,401.48999,403.48999,390.45999,390.73999,3779900
2021-10-01,391.60001,393.69,383.12,392.42999,3146600
2021-10-04,391.62,395.14999,384.76001,387.01001,3074800
2021-10-05,389.34,396.01001,389.23999,393.42999,3269400
2021-10-06,390.75,394.78,385.84,394.25,2809200
2021-10-07,396.76001,408.17001,396.70999,404.70001,2813700
2021-10-08,406.41,409.12,402.64001,408.45999,2012200
2021-10-11,408.0,411.22,404.20999,404.98999,2164200
2021-10-12,405.10999,408.38,402.31,403.23999,2415700
2021-10-13,403.34,405.31,398.10999,403.54999,3021800
2021-10-14,425.66,433.5,417.79999,420.35999,6038800
2021-10-15,422.049988,430.48999,421.5,428.070007,3312000
2021-10-18,428.0,428.0,423.84,424.62,2232800
2021-10-19,426.82999,427.82001,423.39999,424.38,1616800
2021-10-20,427.0,435.53,426.84,435.089996,2764000
2021-10-21,435.5,442.5,435.079987,442.28,2465100
2021-10-22,440.84,449.29001,440.45999,449.16,2736200
2021-10-25,450.0,452.64001,446.44,449.48999,3553500
2021-10-26,450.48999,457.70999,447.59,454.64001,3103900
2021-10-27,454.64001,460.44,453.48001,453.48001,3520400
2021-10-28,453.0,457.89999,452.51999,455.44,1672600
2021-10-29,454.41,461.39001,453.059998,460.47,2497800
2021-11-01,461.82001,465.76001,451.17999,454.10999,2203100
2021-11-02,456.26001,456.44,450.38,452.040009,2600000
2021-11-03,450.42001,457.51999,447.040009,457.32999,2438200
2021-11-04,457.60001,458.51001,452.16,456.76001,2517300
2021-11-05,457.82999,461.51999,454.57999,455.81,2905000
2021-11-08,456.85001,464.19,454.31,462.62,2279900
2021-11-09,462.62,464.47,460.29001,464.35001,2657800
2021-11-10,465.39001,466.0,456.63,459.89999,2818200
2021-11-11,460.0,460.85001,455.44,457.39001,2246800
2021-11-12,460.67001,461.0,457.079987,458.98999,2609500
2021-11-15,458.0,458.20999,450.5,450.79999,2849600
2021-11-16,452.98999,458.35001,449.37,449.62,3383800
2021-11-17,450.39001,453.95999,448.73001,448.95001,2281500
2021-11-18,448.73001,452.81,447.10999,449.47,2073800
2021-11-19,448.13,449.45001,439.5,440.0,3536100
2021-11-22,442.82001,443.75,437.39001,437.54001,2598700
2021-11-23,436.01001,447.51999,436.0,447.13,2857000
2021-11-24,446.64001,450.98001,445.64001,450.16,2248800
2021-11-26,444.92001,448.17999,438.20999,439.91,2480600
2021-11-29,443.56,453.079987,440.54999,452.0,4079700
2021-11-30,447.059998,451.35001,441.25,444.22,7435400
2021-12-01,452.89001,455.92001,444.14001,444.34,4325500
2021-12-02,443.14999,447.89001,439.22,446.019989,4738700
2021-12-03,447.76999,454.44,445.17001,449.32001,3038300
2021-12-06,452.14999,461.78,451.51999,460.10999,4721500
2021-12-07,462.75,465.75,460.23001,464.73001,3105200
2021-12-08,466.089996,470.17001,462.48999,468.85999,3228300
2021-12-09,468.53,474.48001,467.35999,473.32001,2977400
2021-12-10,472.0,478.48001,471.01001,478.23001,2572300
2021-12-13,477.019989,480.26001,474.01001,478.14001,2724800
2021-12-14,479.75,483.040009,477.17999,479.45999,3018000
2021-12-15,480.60001,495.39999,480.14001,494.38,4188600
2021-12-16,494.01001,496.95999,490.10999,492.85999,4080800
2021-12-17,491.42001,493.13,486.38,487.12,5707200
2021-12-20,482.0,485.01001,475.26001,483.73001,3145600
2021-12-21,487.019989,489.0,482.20001,487.20999,2536000
2021-12-22,487.14999,495.45001,485.89999,494.13,1687500
2021-12-23,495.0,498.14999,492.81,495.38,1706500
2021-12-27,498.67999,500.29999,496.64001,499.5,1349400
2021-12-28,502.0,505.32001,500.39999,502.94,1495500
2021-12-29,504.78,507.22,502.0,505.57999,1573900
2021-12-30,507.92999,509.23001,503.64999,504.42999,1309800
2021-12-31,504.14001,506.87,502.040009,502.14001,1695400
2022-01-03,500.0,502.89999,493.049988,502.28,3033600
2022-01-04,503.20001,503.75,490.88,490.89999,3908100
2022-01-05,494.76999,497.0,489.69,489.69,3921100
2022-01-06,480.0,484.14001,463.12,469.64999,6555200
2022-01-07,467.69,467.97,455.54999,458.60001,5494200
2022-01-10,456.0,465.85999,454.44,465.0,5831800
2022-01-11,467.20001,470.45001,460.67001,469.0,3332800
2022-01-12,468.97,475.32001,466.34,473.72,3502300
2022-01-13,475.89001,476.54999,465.98001,467.42999,3005300
2022-01-14,469.89001,473.17001,465.079987,468.69,3665400
2022-01-18,465.17001,465.70999,458.35001,460.98999,3938800
2022-01-19,468.0,475.48999,461.51001,462.51999,4030900
2022-01-20,464.38,471.63,462.0,463.0,3228600
2022-01-21,463.5,470.79001,461.070007,461.17001,4273200
2022-01-24,458.070007,464.14001,448.13,462.26999,4780700
2022-01-25,454.070007,459.48999,447.26999,456.84,3428900
2022-01-26,458.45001,463.88,453.45001,458.42999,4435900
2022-01-27,458.079987,468.67999,457.01001,461.60001,3508100
2022-01-28,461.39999,466.28,455.079987,466.059998,3364400
2022-01-31,465.0,473.17999,464.39999,472.57001,3500500
2022-02-01,475.0,475.0,462.75,468.41,3148600
2022-02-02,469.059998,481.98001,469.059998,479.78,3026800
2022-02-03,498.64999,500.17999,483.57001,488.76999,4370900
2022-02-04,481.75,489.63,480.19,483.17001,3066400
2022-02-07,484.91,487.26001,481.29999,483.70001,2937200
2022-02-08,481.35001,495.67001,481.35001,493.41,3534700
2022-02-09,497.0,500.92999,496.29001,498.10001,2818100
2022-02-10,492.23999,494.22,485.070007,486.72,2626100
2022-02-11,484.67999,490.42999,476.44,478.13,2493800
2022-02-14,475.10999,477.73999,469.32999,474.39999,2549500
2022-02-15,475.94,481.17001,475.20001,478.23001,3001000
2022-02-16,475.5,481.73001,471.39999,480.049988,2651800
2022-02-17,478.17001,479.29001,468.89001,470.34,2403100
2022-02-18,470.25,474.92001,466.82999,467.81,2992300
2022-02-22,463.82999,467.19,457.82001,462.51001,3029800
2022-02-23,467.19,467.72,458.84,459.62,2840300
2022-02-24,449.51999,456.59,445.73999,455.89001,3933000
2022-02-25,456.64999,475.78,456.23001,475.75,3314400
2022-02-28,465.85001,477.31,465.60999,475.87,3918300
2022-03-01,470.89001,476.95999,467.73001,476.25,2917600
2022-03-02,478.19,487.17001,477.89001,485.38,3675900
2022-03-03,486.0,491.38,482.22,486.59,3139400
2022-03-04,480.69,499.66,477.48999,498.64999,4170100
2022-03-07,500.0,500.0,483.019989,486.87,4123300
2022-03-08,478.79999,484.48999,471.51999,473.45999,3849500
2022-03-09,482.57999,487.72,473.59,485.57001,3115500
2022-03-10,479.32999,493.70999,477.82999,491.44,2834800
2022-03-11,487.82999,493.79999,482.51001,482.87,2615000
2022-03-14,490.39999,495.59,485.28,487.92001,2704100
2022-03-15,490.0,499.94,487.31,497.91,3043000
2022-03-16,499.82999,505.5,490.01001,498.26001,3497100
2022-03-17,496.0,507.12,495.17999,507.019989,2357200
2022-03-18,508.73999,510.67999,501.56,506.12,5065600
2022-03-21,505.01001,513.0,504.35999,507.66,2617700
2022-03-22,509.26999,511.85001,504.84,505.32001,2752500
2022-03-23,502.26999,507.059998,501.32999,503.23001,2753200
2022-03-24,505.0,515.78003,503.85999,513.46002,2789200
2022-03-25,514.19,516.53003,509.23999,513.030029,2551100
2022-03-28,514.32001,517.14001,508.81,513.20001,2643000
2022-03-29,517.099976,519.59003,507.29999,510.73001,3478400
2022-03-30,515.10999,521.20001,512.47998,520.82001,3041200
2022-03-31,517.099976,521.89001,509.67001,509.97,3979700
2022-04-01,510.67999,514.78003,506.60001,512.59003,2344100
2022-04-04,512.21002,512.47998,504.53,510.019989,2657500
2022-04-05,510.0,524.72998,508.0,517.76001,3268600
2022-04-06,518.21997,533.52002,518.0,531.75,3955600
2022-04-07,530.0,538.28003,528.39001,536.95001,2867000
2022-04-08,539.0,548.96997,538.099976,545.96002,3986700
2022-04-11,543.59998,547.60999,536.64001,537.44,3574000
2022-04-12,535.40997,540.72998,530.78003,533.71002,3575700
2022-04-13,533.32001,538.28003,528.62,537.0,3012000
2022-04-14,538.5,553.28998,534.070007,534.82001,4211300
2022-04-18,537.90002,541.0,530.38,534.080017,2087100
2022-04-19,535.89001,542.47998,535.23999,537.70001,2207600
2022-04-20,542.14001,548.35999,539.0,546.01001,2986300
2022-04-21,545.5,548.0,536.030029,537.44,2539900
2022-04-22,532.059998,533.34998,520.17999,520.94,3453300
2022-04-25,520.40002,526.26001,511.73001,524.27002,3030400
2022-04-26,524.23999,526.26001,513.51001,513.78003,2895300
2022-04-27,514.90997,520.90002,509.82001,513.81,3353700
2022-04-28,516.76001,526.28003,513.16998,524.41998,2582700
2022-04-29,518.84998,519.90002,506.95999,508.54999,2873200
2022-05-02,510.81,513.51001,493.34,501.14999,3184300
2022-05-03,501.13,505.51999,497.48001,499.62,2763400
2022-05-04,499.5,509.76999,493.089996,507.62,4002600
2022-05-05,507.20999,510.67001,489.23001,494.72,3359700
2022-05-06,485.01001,501.57001,485.0,499.62,3260300
2022-05-09,490.39999,494.63,484.42999,486.42001,3862700
2022-05-10,493.81,496.35001,481.12,488.01001,4275500
2022-05-11,484.39001,500.51999,484.39001,486.14999,3936300
2022-05-12,486.10001,486.89001,471.42001,478.79999,3997600
2022-05-13,480.98001,487.0,475.81,485.39999,2453400
2022-05-16,485.41,495.56,484.14999,489.22,2338800
2022-05-17,494.0,494.72,488.45999,492.53,2289000
2022-05-18,488.26001,489.20999,468.35999,471.38,3240500
2022-05-19,464.32001,481.57999,463.32999,478.54999,3813800
2022-05-20,481.38,487.47,472.31,485.73001,3068200
2022-05-23,486.29001,495.73999,486.29001,492.079987,2279800
2022-05-24,490.79001,498.079987,488.66,497.56,2658100
2022-05-25,498.51999,502.31,491.26001,498.089996,3161600
2022-05-26,501.73999,507.26001,499.41,502.23001,2705800
2022-05-27,491.0,507.10999,489.39001,507.10999,3349100
2022-05-31,503.62,504.10999,495.66,496.78,4003100
2022-06-01,498.32001,501.38,487.78,492.54999,1765900
2022-06-02,494.0,496.14999,482.97,492.26001,2093500
2022-06-03,488.32999,491.67001,484.89999,485.60999,1756900
2022-06-06,489.42999,493.63,486.29001,490.17999,1781500
2022-06-07,489.5,497.60999,487.12,497.10001,2341900
2022-06-08,494.0,497.89999,488.54999,493.53,3268100
2022-06-09,492.88,496.45999,487.60999,489.42999,3148800
2022-06-10,484.79999,490.16,480.92999,484.63,2599900
2022-06-13,475.13,481.34,467.26001,469.70001,3764600
2022-06-14,467.5,469.17999,457.42001,461.75,3814200
2022-06-15,464.20001,469.019989,456.5,464.32999,2550700
2022-06-16,453.39999,457.81,450.67999,456.089996,3135600
2022-06-17,450.75,461.45999,449.70001,452.059998,5277400
2022-06-21,457.81,485.12,457.10001,480.32001,5726800
2022-06-22,475.72,495.92001,474.54001,489.67999,5061000
2022-06-23,494.95001,503.57999,491.95999,499.81,4687700
2022-06-24,499.44,499.76001,486.56,495.64001,15861100
2022-06-27,492.82999,511.89001,492.57999,505.66,3907100
2022-06-28,512.080017,518.60999,505.079987,508.44,4978200
2022-06-29,508.85001,518.70001,506.01001,515.71002,3823400
2022-06-30,513.54999,516.32001,509.72,513.63,3568900
2022-07-01,512.32001,517.53003,502.31,517.40002,2426600
2022-07-05,507.64001,511.0,492.25,505.23999,3029600
2022-07-06,505.64001,517.40997,504.29999,515.28998,2506700
2022-07-07,515.25,517.29999,512.22998,514.38,2385400
2022-07-08,512.31,528.37,511.01001,518.63,3092100
2022-07-11,514.85999,521.46997,511.81,516.95001,1743600
2022-07-12,513.25,519.14001,510.62,514.41998,2706500
2022-07-13,508.070007,511.85999,501.19,501.23999,3467700
2022-07-14,495.0,505.89001,492.28,502.42999,3765500
2022-07-15,526.059998,531.98999,515.45001,529.75,5742500
2022-07-18,531.0,532.15997,518.75,519.37,3212000
2022-07-19,521.090027,533.84003,520.59003,533.45001,2953500
2022-07-20,533.45001,534.049988,515.72998,519.46997,4327500
2022-07-21,519.39001,522.46997,511.14001,522.46002,2667600
2022-07-22,526.0,527.59998,518.40002,521.40997,1850300
2022-07-25,526.090027,532.89001,524.21997,529.46997,2337200
2022-07-26,533.79999,537.64001,531.030029,531.59003,2637800
2022-07-27,533.53998,537.85999,528.039978,534.60999,2268100
2022-07-28,537.48999,544.34003,531.73999,541.48999,2344500
2022-07-29,540.01001,543.84998,536.69,542.34003,2945700
2022-08-01,542.27002,543.65002,531.0,535.38,2335000
2022-08-02,537.54999,540.53003,531.71997,535.46002,2114200
2022-08-03,537.26001,543.62,535.69,540.65002,1802900
2022-08-04,539.28998,540.42999,532.76001,533.75,2368000
2022-08-05,530.0,535.5,527.56,535.059998,2373400
2022-08-08,539.90997,541.29999,533.41998,536.59998,1656400
2022-08-09,540.0,545.73999,536.38,537.26001,2147200
2022-08-10,540.26001,541.97998,533.81,537.71997,2291400
2022-08-11,538.23999,538.63,529.66998,532.85999,3006200
2022-08-12,535.60999,544.40002,534.45001,543.70001,1981000
2022-08-15,541.66998,547.21002,538.56,544.64001,1447300
2022-08-16,545.21002,547.44,542.39001,546.12,1773000
2022-08-17,545.23999,547.78998,541.57001,545.0,1471700
2022-08-18,545.01001,548.13,541.82001,545.21997,1486400
2022-08-19,545.5,553.13,544.82001,548.32001,2258000
2022-08-22,541.39001,549.52002,541.34998,544.57001,1672900
2022-08-23,543.28998,543.28998,533.21002,535.79999,2039600
2022-08-24,536.67999,539.85999,535.02002,536.46002,1761200
2022-08-25,535.01001,542.02002,531.25,541.57001,1965800
2022-08-26,542.26001,543.19,528.21997,529.25,1906700
2022-08-29,526.0,532.90002,522.87,529.77002,1594000
2022-08-30,530.40997,531.090027,521.78998,522.84003,2013400
2022-08-31,520.82001,527.099976,519.15997,519.33002,2891300
2022-09-01,519.33002,524.26001,515.090027,524.0,2085300
2022-09-02,529.62,529.78998,513.81,516.34998,1944200
2022-09-06,519.92999,527.45001,516.91998,517.67999,2711900
2022-09-07,517.0,523.5,514.67999,521.67999,2504400
2022-09-08,520.95001,528.48999,518.81,527.51001,1557500
2022-09-09,527.83002,527.83002,522.58002,524.34003,2495500
2022-09-12,525.0,535.02002,522.5,531.25,2792000
2022-09-13,524.0,525.26001,511.97,513.96002,3172500
2022-09-14,514.0,515.38,506.10001,509.76999,2648100
2022-09-15,516.29999,527.97998,514.14001,522.90997,3058100
2022-09-16,518.52002,522.82001,517.080017,521.02002,3981700
2022-09-19,518.59003,524.0,512.96997,523.54999,2130800
2022-09-20,524.23999,524.66998,514.81,522.79999,2421700
2022-09-21,525.030029,528.01001,512.02002,512.080017,2427700
2022-09-22,511.029999,520.96997,506.10999,517.46002,2285600
2022-09-23,513.56,514.65997,506.38,513.60999,2536900
2022-09-26,507.39001,512.57001,499.0,508.35999,2867400
2022-09-27,510.37,516.78998,503.57999,508.37,2583400
2022-09-28,506.48001,516.27002,500.79999,513.94,3027300
2022-09-29,514.77002,514.77002,502.47,508.82999,2392000
2022-09-30,511.10001,516.54999,504.84,505.040009,3116000
2022-10-03,507.079987,517.81,505.39999,515.51001,2562400
2022-10-04,518.34998,524.59003,516.83002,523.16998,3189800
2022-10-05,521.0,529.34998,520.13,527.070007,2281800
2022-10-06,528.33002,528.58002,516.73999,519.13,2187300
2022-10-07,514.16998,514.16998,501.059998,504.85001,3273700
2022-10-10,505.60001,506.31,495.019989,498.85999,2459100
2022-10-11,496.97,506.82999,495.17999,499.81,2844500
2022-10-12,502.13,508.25,498.20999,499.95999,2254300
2022-10-13,493.45001,513.46997,487.73999,509.91,3999700
2022-10-14,520.0,529.90997,511.92999,513.13,5628900
2022-10-17,517.73999,524.31,515.28003,521.88,3282300
2022-10-18,532.0,532.0,518.33002,522.21002,2345500
2022-10-19,521.73999,523.82001,514.59998,520.32001,2500500
2022-10-20,523.049988,529.41998,519.78003,520.88,2390800
2022-10-21,518.059998,536.53003,518.01001,533.72998,2896000
2022-10-24,538.070007,546.47998,537.79999,541.59998,2627100
2022-10-25,537.78998,543.91998,533.90002,540.21997,2411900
2022-10-26,541.38,547.64001,540.21002,543.16998,2863500
2022-10-27,546.52002,546.52002,539.76001,541.79999,2212100
2022-10-28,544.96997,553.0,543.69,551.23999,2761900
2022-10-31,555.0,558.099976,550.13,555.15002,2770400
2022-11-01,555.0,555.69,544.21997,547.31,3338900
2022-11-02,544.40997,554.58002,543.070007,543.42999,2696200
2022-11-03,541.73999,547.87,538.13,543.60999,2245300
2022-11-04,547.049988,547.76001,527.14001,538.16998,3513100
2022-11-07,538.16998,546.95001,535.46997,545.02002,2540300
2022-11-08,547.049988,554.79999,542.0,553.049988,2797000
2022-11-09,553.78003,554.60999,539.44,540.65997,2672600
2022-11-10,548.92999,551.70001,533.95001,544.16998,3426400
2022-11-11,546.28003,546.28003,509.64999,522.080017,7034300
2022-11-14,522.0,528.97998,513.40997,513.75,5238400
2022-11-15,512.81,516.64001,500.76999,503.01001,5103800
2022-11-16,505.89001,514.13,505.47,511.51999,3430800
2022-11-17,512.15997,526.97998,512.15997,515.31,4246300
2022-11-18,522.12,533.0,519.46002,530.0,3566000
2022-11-21,529.01001,531.95001,515.38,517.19,3349600
2022-11-22,519.94,524.65997,519.90997,523.090027,2567400
2022-11-23,525.0,530.44,523.0,529.71002,2238300
2022-11-25,534.0,540.84998,532.52002,537.62,1419200
2022-11-28,535.83002,539.58002,531.69,532.27002,2699900
2022-11-29,531.66998,532.96997,523.65002,528.0,3751000
2022-11-30,529.71997,548.080017,527.47998,547.76001,9688900
2022-12-01,552.35999,553.0,535.79999,536.90997,2997800
2022-12-02,532.83002,538.60999,532.44,536.15997,2346200
2022-12-05,531.48999,540.38,530.88,535.039978,2424800
2022-12-06,534.41998,540.59003,534.23999,539.32001,3097700
2022-12-07,540.84003,545.90997,539.63,542.90997,2849100
2022-12-08,544.85999,551.28998,543.78003,547.91998,2272300
2022-12-09,547.92999,548.48999,538.87,539.20001,2852400
2022-12-12,541.84998,546.080017,539.28003,545.85999,2714100
2022-12-13,550.56,550.98999,535.099976,538.21997,3369700
2022-12-14,541.92999,543.47998,531.57001,538.35999,2654600
2022-12-15,533.98999,534.070007,525.46997,527.67999,2963800
2022-12-16,525.15002,525.81,515.71997,523.70001,7109100
2022-12-19,524.59998,527.21002,520.92999,523.59998,1808100
2022-12-20,526.98999,526.98999,519.70001,520.21002,2086100
2022-12-21,523.63,527.88,518.099976,527.53998,2182000
2022-12-22,526.47998,529.01001,521.63,527.090027,1851600
2022-12-23,524.099976,531.31,522.90002,531.31,1292300
2022-12-27,533.92999,535.84003,529.84998,531.98999,1596700
2022-12-28,535.070007,538.15002,527.72998,528.45001,1694200
2022-12-29,532.53998,533.67999,528.85999,529.88,1379700
2022-12-30,530.0,530.5,524.84003,530.17999,1849600
2023-01-03,525.13,525.63,512.15997,518.64001,3525600
2023-01-04,518.64001,518.64001,500.60001,504.5,5070400
2023-01-05,501.01001,502.089996,488.5,489.95999,5497100
2023-01-06,491.59,492.87,487.54001,490.0,4841300
2023-01-09,492.41,499.98999,488.54001,490.059998,3702800
2023-01-10,488.85001,490.47,482.67999,486.0,3164000
2023-01-11,485.29001,495.60001,485.0,493.39999,4274200
2023-01-12,490.0,498.73001,485.22,495.67001,3726800
2023-01-13,486.10999,509.5,486.0,489.57001,5390100
2023-01-17,491.20001,492.94,483.78,485.079987,4495600
2023-01-18,488.049988,489.5,474.75,476.23999,4398200
2023-01-19,477.87,486.39001,477.39001,484.35999,4549600
2023-01-20,485.53,486.98999,479.0,486.72,3525900
2023-01-23,486.67999,490.10001,481.39001,485.81,3418700
2023-01-24,500.26001,500.26001,480.0,491.60001,3036300
2023-01-25,489.28,495.35999,485.73001,492.5,3037300
2023-01-26,492.5,496.45001,490.57999,492.48001,3005000
2023-01-27,493.37,493.37,484.47,486.049988,3177100
2023-01-30,487.81,495.25,484.79999,485.79001,3606900
2023-01-31,498.0,505.5,493.13,499.19,5567000
2023-02-01,499.95001,504.38,495.67001,497.0,3451200
2023-02-02,494.26001,495.0,463.89001,470.82999,11169900
2023-02-03,475.23001,478.78,469.75,472.019989,5440100
2023-02-06,472.0,478.97,471.01001,475.23999,4174200
2023-02-07,471.040009,478.079987,469.029999,476.88,3394600
2023-02-08,475.47,485.040009,475.10999,483.22,3466400
2023-02-09,485.63,489.70001,482.39999,485.73001,3664600
2023-02-10,489.13,495.66,488.75,494.25,3418100
2023-02-13,494.0,499.87,491.76001,495.35001,2589000
2023-02-14,494.29001,497.95001,489.089996,492.82999,2072600
2023-02-15,489.64999,491.82999,488.39001,491.25,2242500
2023-02-16,491.14999,494.0,487.26999,487.35001,2611500
2023-02-17,487.38,499.45999,487.35001,499.079987,3891500
2023-02-21,496.70001,501.39999,490.5,491.31,2877300
2023-02-22,492.81,493.89001,488.67001,488.89001,2982800
2023-02-23,486.66,493.32999,485.87,491.69,2511800
2023-02-24,489.57999,492.51001,483.01001,484.32999,2940400
2023-02-27,488.76999,490.94,481.95999,483.32001,3006200
2023-02-28,482.67001,483.35999,473.92001,475.94,3902100
2023-03-01,473.60999,478.41,472.0,475.22,2996900
2023-03-02,475.20999,480.42999,473.25,477.70001,2188800
2023-03-03,477.94,479.10001,474.22,478.56,2863300
2023-03-06,481.37,484.35001,479.0,480.78,3812700
2023-03-07,482.98001,483.82001,472.56,473.88,2589200
2023-03-08,471.75,475.39001,466.76001,470.60001,3036600
2023-03-09,473.95001,473.95001,463.75,464.91,2780400
2023-03-10,462.76999,468.85999,457.59,460.32999,3787500
2023-03-13,458.64999,470.37,458.64999,463.67999,2971600
2023-03-14,464.64999,469.84,459.049988,464.57999,3258200
2023-03-15,460.98999,468.88,459.23999,465.42999,3770200
2023-03-16,464.70999,473.39001,463.10001,472.019989,2940500
2023-03-17,471.39001,472.01001,466.29999,469.5,5290000
2023-03-20,470.0,479.82001,470.0,476.95999,3119400
2023-03-21,478.39001,481.45001,475.72,480.10001,3163300
2023-03-22,481.95001,485.73999,474.82001,475.51999,2632200
2023-03-23,477.41,480.67001,466.67001,469.91,3284900
2023-03-24,468.98001,476.88,467.59,475.98999,2533200
2023-03-27,485.54999,486.29001,478.59,481.89999,2271800
2023-03-28,482.0,483.79001,470.69,472.57999,2369500
2023-03-29,475.10999,475.88,464.95001,466.59,3733200
2023-03-30,466.57001,470.41,461.079987,470.059998,3324600
2023-03-31,471.51999,476.0,470.10001,472.59,3996700
2023-04-03,485.20001,496.13,483.48999,494.19,4729100
2023-04-04,493.029999,496.10001,491.84,493.25,2624700
2023-04-05,497.39001,511.73999,496.10001,509.23001,4964800
2023-04-06,511.0,514.23999,507.14999,512.81,3472600
2023-04-10,510.81,515.39001,508.089996,515.17999,2714500
2023-04-11,516.14001,522.21997,515.21997,520.96997,3065300
2023-04-12,524.97998,526.70001,520.039978,521.19,3422400
2023-04-13,523.90997,530.45001,520.5,526.22998,4224400
2023-04-14,522.0,527.23999,508.5,511.79001,4872000
2023-04-17,508.72,509.59,502.75,505.35001,3660900
2023-04-18,503.67001,506.98999,498.14001,504.48001,3232000
2023-04-19,500.64999,501.97,483.63,486.20001,5809100
2023-04-20,485.47,489.64999,483.26001,487.45999,3283000
2023-04-21,490.040009,490.73001,482.14001,483.82001,3165300
2023-04-24,483.41,490.22,482.64999,488.94,2322400
2023-04-25,492.67999,498.5,490.57999,491.92001,2937300
2023-04-26,485.87,487.70001,478.35999,482.95001,2930000
2023-04-27,482.20001,490.98001,482.20001,490.47,2473200
2023-04-28,488.69,493.95999,488.12,492.089996,2398400
2023-05-01,494.59,499.39001,491.81,495.70001,2105600
2023-05-02,495.25,496.70999,489.26999,493.39001,2152300
2023-05-03,494.39999,495.45001,488.029999,489.44,1749700
2023-05-04,487.049988,489.69,481.95001,487.28,2555700
2023-05-05,494.059998,500.85001,492.029999,494.28,2328500
2023-05-08,492.040009,494.35001,488.32001,492.62,1738500
2023-05-09,492.84,499.39999,490.29999,490.38,2038600
2023-05-10,489.39999,493.47,487.64001,490.070007,2018700
2023-05-11,488.0,490.12,485.66,488.76001,2384200
2023-05-12,488.76001,492.89999,487.75,491.23001,1536500
2023-05-15,491.39999,491.79001,483.70001,486.85999,2169700
2023-05-16,487.62,489.20999,479.01001,479.72,2178900
2023-05-17,480.0,485.39999,477.54001,484.81,2682000
2023-05-18,482.049988,482.54999,473.89001,479.23001,3040100
2023-05-19,479.57999,484.79999,477.81,478.82001,2317900
2023-05-22,480.44,482.20001,477.91,480.62,2242800
2023-05-23,476.17999,483.39001,472.54001,479.44,2874200
2023-05-24,480.60999,483.28,478.89001,480.82999,1904700
2023-05-25,477.63,481.76999,474.29999,477.70001,2684100
2023-05-26,478.059998,488.39001,478.0,481.51999,3135200
2023-05-30,476.67999,485.87,476.029999,479.85001,3180800
2023-05-31,478.12,487.39999,477.10999,487.23999,4944100
2023-06-01,487.79001,498.78,486.10999,493.63,3376600
2023-06-02,492.0,501.019989,490.35999,499.57999,3064500
2023-06-05,500.70001,502.89999,497.42001,498.19,2688800
2023-06-06,499.89999,499.89999,483.67001,487.57001,3816600
2023-06-07,489.95001,490.44,481.60001,482.13,4381700
2023-06-08,484.39001,491.82001,482.42999,490.23001,2725900
2023-06-09,489.98999,498.22,487.23001,493.62,3174100
2023-06-12,492.29999,494.45001,488.72,492.59,2207700
2023-06-13,490.87,494.66,488.66,491.31,3016600
2023-06-14,454.64001,460.63,445.67999,459.85999,14672400
2023-06-15,461.98999,472.0,460.91,465.89001,6798100
2023-06-16,466.14001,468.51999,457.92999,458.48999,7693900
2023-06-20,456.75,470.48999,456.75,469.39001,4597700
2023-06-21,468.95001,479.37,467.19,476.75,4886500
2023-06-22,478.17999,483.17999,478.0,479.049988,3179000
2023-06-23,478.32999,482.28,476.54999,477.0,4862000
2023-06-26,478.14001,481.31,473.0,479.059998,2968300
2023-06-27,478.13,483.17999,477.76999,482.56,3693200
2023-06-28,481.95999,482.12,473.98001,474.45001,3670100
2023-06-29,475.079987,479.70999,473.079987,476.44,2979300
2023-06-30,478.0,482.10001,475.12,480.64001,3970100
2023-07-03,478.10001,480.20999,476.29999,477.88,1915700
2023-07-05,476.029999,477.29001,470.59,471.22,5053100
2023-07-06,469.35001,472.39999,466.64999,469.35999,3913600
2023-07-07,465.0,468.60999,460.82001,461.57999,4128100
2023-07-10,460.0,463.10001,459.16,463.049988,4339200
2023-07-11,462.37,466.48999,461.14001,462.89001,3087500
2023-07-12,463.0,464.82001,451.25,451.70001,7287600
2023-07-13,452.0,454.89999,447.17999,447.75,7276800
2023-07-14,462.54999,485.0,460.10999,480.17001,11376300
2023-07-17,481.10999,484.60001,478.29999,484.079987,4582000
2023-07-18,489.32999,504.42001,487.5,500.0,8817900
2023-07-19,507.54001,514.65997,502.48001,503.70001,4956500
2023-07-20,506.66,508.67999,500.53,504.23999,2963100
2023-07-21,505.049988,510.41,504.51999,506.53,2886800
2023-07-24,505.32999,509.78,504.57001,508.67999,2279000
2023-07-25,510.0,512.5,507.28,510.92999,2730600
2023-07-26,511.54001,515.85999,506.63,508.0,3697200
2023-07-27,508.57001,510.5,503.13,505.23001,3028300
2023-07-28,505.20999,507.48001,497.28,502.91,2930000
2023-07-31,503.0,507.88,499.059998,506.37,2441600
2023-08-01,507.5,510.040009,502.48999,504.73999,2161200
2023-08-02,509.69,510.47,502.98999,504.79999,3220500
2023-08-03,502.89001,506.0,501.040009,504.85999,2442900
2023-08-04,510.0,510.89999,501.75,502.73001,2410500
2023-08-07,505.73999,513.59998,504.64999,510.73999,2430900
2023-08-08,503.0,508.17001,500.019989,505.85999,2422600
2023-08-09,504.0,505.73001,500.88,502.10999,1916900
2023-08-10,504.47,512.039978,502.78,503.48001,2179700
2023-08-11,505.63,510.67001,504.25,508.01001,2029300
2023-08-14,509.14999,513.5,508.25,510.92999,2127200
2023-08-15,511.57999,513.65002,506.26999,506.69,1817500
2023-08-16,508.0,510.5,502.82999,503.56,1454100
2023-08-17,495.48001,501.23001,491.82001,493.95999,3009500
2023-08-18,494.78,500.94,493.5,498.44,2364400
2023-08-21,497.51001,500.25,496.22,497.67999,1533500
2023-08-22,495.42001,496.79001,491.32999,492.34,2079700
2023-08-23,493.0,494.0,487.92999,489.44,2011400
2023-08-24,491.42999,495.42001,487.20999,488.10001,2311100
2023-08-25,489.92001,491.14999,484.64999,489.12,1923500
2023-08-28,490.48999,493.059998,489.13,491.28,1344500
2023-08-29,491.47,492.94,487.97,492.82999,2113700
2023-08-30,493.98999,496.70999,490.29001,491.53,2283400
2023-08-31,492.35999,493.82001,476.29001,476.57999,4927700
2023-09-01,479.0,480.64999,473.35999,476.23999,3165000
2023-09-05,478.0,484.60001,477.54001,480.81,3443300
2023-09-06,482.089996,483.16,476.38,476.94,2596100
2023-09-07,479.89999,487.10999,478.60001,484.81,2928000
2023-09-08,480.19,482.97,478.75,480.76999,1858400
2023-09-11,481.98001,483.84,478.0,479.38,2059200
2023-09-12,477.38,483.64001,472.12,479.89999,2195200
2023-09-13,481.42999,484.040009,479.45999,479.84,2197800
2023-09-14,482.63,485.26999,478.78,483.60001,2334300
2023-09-15,485.73999,489.82001,484.14001,486.70001,5327500
2023-09-18,488.41,488.73999,483.60001,486.059998,1997500
2023-09-19,483.76001,485.73001,476.54001,480.66,3230700
2023-09-20,482.75,495.10999,479.14001,492.13,3724800
2023-09-21,494.19,505.14001,493.079987,501.14001,4703900
2023-09-22,499.0,509.42999,498.029999,506.10001,4558500
2023-09-25,508.26001,510.94,506.63,510.28,2758500
2023-09-26,508.94,509.42001,504.38,505.45001,2420200
2023-09-27,506.23001,506.35999,501.049988,503.73001,2593700
2023-09-28,505.97,514.15002,505.01001,510.10001,2922000
2023-09-29,509.85001,509.88,503.79999,504.19,3006200
2023-10-02,505.53,514.84003,503.14001,514.57001,3550400
2023-10-03,513.29999,513.97998,508.35999,509.47,3143200
2023-10-04,509.48999,511.82001,506.60999,510.62,2801700
2023-10-05,511.62,518.21002,511.23001,516.22998,2790700
2023-10-06,516.45001,525.95001,515.97998,524.81,3645500
2023-10-09,521.15002,526.87,520.25,526.51001,2341600
2023-10-10,526.5,528.14001,523.080017,524.23999,2455700
2023-10-11,520.91998,525.59003,520.22998,524.13,2819300
2023-10-12,524.46997,528.58002,522.25,525.53998,2377300
2023-10-13,533.25,544.46002,532.0,539.40002,5245400
2023-10-16,543.17999,546.78003,536.12,538.030029,3827600
2023-10-17,539.94,542.42999,534.57001,536.65002,2586000
2023-10-18,543.039978,543.97998,535.40002,536.059998,2551400
2023-10-19,536.82001,538.34003,529.25,531.63,2351200
2023-10-20,531.0,534.42999,526.77002,527.030029,2810800
2023-10-23,527.030029,527.78003,520.28998,521.57001,2357700
2023-10-24,522.85999,530.66998,522.070007,525.0,1978200
2023-10-25,527.27002,532.35999,520.080017,530.21002,2380100
2023-10-26,525.70001,530.46997,522.52002,528.35999,2675800
2023-10-27,525.98999,527.73999,521.26001,524.65997,2585600
2023-10-30,525.0,531.82001,522.94,529.98999,2555400
2023-10-31,535.0,536.67999,531.62,535.56,2464200
2023-11-01,529.97998,535.83002,526.79999,531.59998,2747400
2023-11-02,532.0,536.84003,526.95001,536.13,2350900
2023-11-03,534.57001,535.97998,528.79999,530.90002,2739500
2023-11-06,531.63,536.02002,530.049988,533.46002,2684900
2023-11-07,535.35999,539.65002,531.52002,537.83002,2604800
2023-11-08,540.0,541.40002,534.14001,536.72998,1769200
2023-11-09,537.59998,540.90997,534.47998,539.0,1819600
2023-11-10,542.67999,542.67999,536.02002,541.21002,2480800
2023-11-13,541.15002,544.15002,537.90997,542.57001,1507900
2023-11-14,539.030029,542.66998,536.51001,540.46002,2454000
2023-11-15,540.049988,540.46002,531.70001,538.40997,2473700
2023-11-16,538.40997,544.85999,537.46997,539.82001,2360300
2023-11-17,540.27002,540.52002,528.34003,536.28998,2676900
2023-11-20,533.60999,536.34003,531.79999,535.099976,2518400
2023-11-21,537.77002,541.66998,534.19,539.59003,2115700
2023-11-22,542.96997,544.40002,540.26001,543.76001,2234500
2023-11-24,544.92999,547.59003,542.81,547.099976,1135000
2023-11-27,547.099976,550.89001,541.53003,543.59003,2675800
2023-11-28,545.63,545.82001,540.070007,540.53003,2859300
2023-11-29,530.0,541.85999,528.65002,534.97998,4550000
2023-11-30,535.78998,553.94,534.01001,552.96997,7121200
2023-12-01,550.41998,554.70001,545.15997,547.15997,3461700
2023-12-04,548.26001,551.87,543.039978,548.28003,2709200
2023-12-05,549.099976,552.53003,545.34998,550.26001,2645600
2023-12-06,547.56,551.88,547.099976,549.53003,2239700
2023-12-07,551.34998,551.51001,544.52002,548.27002,2511700
2023-12-08,550.21997,551.72998,544.53998,549.77002,2039900
2023-12-11,549.76001,550.0,539.059998,543.67999,3655300
2023-12-12,545.79999,547.48999,542.65002,545.71997,2706100
2023-12-13,544.0,549.41998,538.59003,549.01001,2876600
2023-12-14,544.29999,544.91998,529.40002,534.23999,5386800
2023-12-15,530.0,533.5,522.96002,531.12,9029700
2023-12-18,529.10999,531.46997,525.22998,526.54999,3260300
2023-12-19,524.59003,527.62,521.78003,524.039978,3645600
2023-12-20,523.84998,524.83002,515.87,515.92999,3847800
2023-12-21,518.88,520.82001,516.5,519.88,2491600
2023-12-22,519.88,523.01001,518.02002,520.31,1759500
2023-12-26,519.88,521.47998,517.96997,520.030029,1390800
2023-12-27,519.75,523.15997,519.35999,522.78998,1851800
2023-12-28,523.46997,527.87,522.94,524.90002,2001000
2023-12-29,525.97998,528.23999,523.91998,526.46997,2080100
2024-01-02,526.84003,539.65997,526.66998,539.34003,3415700
2024-01-03,543.039978,546.78998,539.47998,542.030029,2891400
2024-01-04,545.0,549.0,543.0,545.41998,2994400
2024-01-05,547.0,547.0,533.72998,537.38,2815400
2024-01-08,539.40002,540.25,528.0,536.52002,2648900
2024-01-09,538.0,539.60999,532.33002,538.37,2677000
2024-01-10,538.099976,541.20001,536.15002,537.64001,2180000
2024-01-11,536.13,540.15997,534.53003,539.67999,2814100
2024-01-12,518.85999,528.47998,513.13,521.51001,6325800
2024-01-16,523.71002,524.5,516.54999,519.15002,3736700
2024-01-17,521.28003,530.65997,520.0,524.94,3791300
2024-01-18,505.23001,516.84003,497.45999,516.34003,7367000
2024-01-19,515.0,517.54999,501.82001,503.56,6141600
2024-01-22,503.94,513.57001,496.5,512.98999,5922900
2024-01-23,512.5,518.080017,512.080017,515.52002,2672900
2024-01-24,517.90002,521.72998,512.95001,513.22998,2918800
2024-01-25,487.59,495.51001,479.0,493.39999,14671000
2024-01-26,493.28,503.69,489.89999,503.20001,6212200
2024-01-29,503.10999,506.51001,501.14999,504.54001,4554100
2024-01-30,504.54001,506.049988,499.22,503.60999,4931200
2024-01-31,504.51001,515.0,504.51001,511.73999,5358100
2024-02-01,508.82999,510.22,503.0,507.14001,4242600
2024-02-02,508.25,512.90997,505.39001,510.23001,3804500
2024-02-05,509.95999,514.20001,500.049988,502.95999,3646300
2024-02-06,503.94,510.94,502.45001,510.67001,2745400
2024-02-07,514.01001,521.0,512.69,519.39001,4109100
2024-02-08,520.63,522.15997,517.28003,520.090027,3343000
2024-02-09,518.98999,520.39001,516.28998,518.21997,2715400
2024-02-12,518.21997,518.98999,512.81,517.64001,3194000
2024-02-13,522.0,526.92999,514.21002,516.84998,3436000
2024-02-14,515.26001,518.53003,514.28998,516.94,1918500
2024-02-15,517.34003,521.75,515.79999,520.88,2292100
2024-02-16,522.29999,523.78998,518.89001,521.54999,2135500
2024-02-20,524.21002,525.37,519.40997,521.059998,2600200
2024-02-21,523.66998,523.69,517.53998,521.96997,2095900
2024-02-22,524.20001,526.73999,518.59003,526.5,3186800
2024-02-23,526.75,530.5,524.15997,527.23999,2502000
2024-02-26,528.32001,532.81,524.31,525.32001,2308900
2024-02-27,524.76001,525.59003,512.049988,513.41998,3780600
2024-02-28,495.44,498.54999,484.39001,498.28,9558600
2024-02-29,498.5,501.75,491.60001,493.60001,6833200
2024-03-01,489.42001,490.019989,477.25,489.53,7312200
2024-03-04,483.23999,487.040009,480.10001,481.87,5239800
2024-03-05,482.39001,482.89999,470.62,473.14999,5296200
2024-03-06,474.44,479.79999,468.19,472.60001,5577500
2024-03-07,474.0,481.19,473.60001,478.78,5102000
2024-03-08,478.32999,484.25,474.76999,476.57001,4672600
2024-03-11,477.0,490.31,476.0,489.14999,4410100
2024-03-12,488.13,492.28,487.35001,489.35001,4153800
2024-03-13,493.51999,496.0,485.32999,488.0,3669000
2024-03-14,488.72,489.67999,485.19,489.0,3378500
2024-03-15,487.45001,491.22,487.45001,490.82001,5712300
2024-03-18,492.10001,492.10001,486.38,487.049988,2970500
2024-03-19,489.67001,493.44,487.79001,493.32001,2511700
2024-03-20,492.47,494.60001,489.44,494.23001,3548200
2024-03-21,492.28,496.20001,491.28,491.69,3693400
2024-03-22,495.20001,495.82999,489.76999,490.070007,2847000
2024-03-25,490.60001,491.48001,484.070007,485.88,2786100
2024-03-26,488.13,493.34,485.23001,492.31,3113300
2024-03-27,493.70001,495.73001,491.31,493.10001,2653100
2024-03-28,495.0,495.87,489.29999,494.70001,3820000
2024-04-01,494.47,495.78,488.70001,489.70001,2928700
2024-04-02,459.60001,463.67999,449.60001,458.14001,11867000
2024-04-03,462.0,462.85001,455.54999,459.73999,4460400
2024-04-04,460.82001,461.72,451.92001,455.38,5182000
2024-04-05,450.69,457.75,450.01001,455.73999,5744400
2024-04-08,455.97,457.20001,453.59,456.0,4532300
2024-04-09,454.28,459.76001,452.45999,459.72,3521700
2024-04-10,455.48999,458.73999,449.78,450.049988,4493500
2024-04-11,450.39001,450.76999,441.48001,441.72,5844100
2024-04-12,440.34,442.23999,436.38,439.20001,6042900
2024-04-15,442.0,448.35001,441.98999,445.63,5376800
2024-04-16,476.76999,479.75,465.60001,468.89001,11816500
2024-04-17,478.60001,488.0,474.59,478.98999,8759800
2024-04-18,486.13,502.0,485.97,493.17999,8880400
2024-04-19,497.0,507.29999,495.56,501.13,6616000
2024-04-22,497.78,499.42001,490.64001,491.23001,4697700
2024-04-23,491.0,494.31,484.97,486.17999,3646700
2024-04-24,483.78,488.85999,480.70999,487.29999,3724400
2024-04-25,488.95999,497.13,487.53,493.85999,4329700
2024-04-26,492.0,497.23001,491.39999,495.35001,2727000
2024-04-29,495.70999,497.35001,487.76999,489.029999,2192100
2024-04-30,488.95999,489.70999,482.59,483.70001,3367500
2024-05-01,479.26001,489.19,477.070007,484.10999,2729200
2024-05-02,484.28,493.69,483.94,492.97,3561400
2024-05-03,490.85999,492.79001,485.78,492.45001,2487600
2024-05-06,492.48001,494.87,492.0,494.38,2029500
2024-05-07,496.0,501.64999,495.040009,500.95999,3752100
2024-05-08,504.17001,507.0,500.079987,503.20999,3078900
2024-05-09,502.14001,507.97,502.14001,507.029999,2342900
2024-05-10,509.0,513.58002,507.0,512.81,2784600
2024-05-13,512.049988,514.66998,507.31,511.73999,2454500
2024-05-14,514.58002,516.16998,507.29999,513.88,2949700
2024-05-15,514.83002,522.59003,514.83002,517.54999,2981200
2024-05-16,520.0,528.15997,519.51001,521.27002,3655800
2024-05-17,522.94,525.84998,520.01001,524.63,2657200
2024-05-20,524.63,524.63,516.53998,517.22998,2476200
2024-05-21,518.32001,524.71997,515.91998,523.54999,2521900
2024-05-22,522.82001,526.28003,520.65002,521.34998,2299100
2024-05-23,518.32001,520.22998,515.22998,516.83002,3055400
2024-05-24,516.10999,517.14001,507.51999,508.17001,2527800
2024-05-28,506.64999,506.64999,501.89999,503.67999,2912800
2024-05-29,492.34,493.89999,473.26999,484.72,7521600
2024-05-30,482.32001,486.029999,478.0,481.64999,5170500
2024-05-31,482.41,498.41,482.41,495.37,6694800
2024-06-03,494.13,498.67999,493.070007,497.44,2795100
2024-06-04,498.56,508.26999,494.59,505.48999,3178400
2024-06-05,508.70001,509.10001,498.79999,503.12,2464400
2024-06-06,503.64999,504.70001,497.28,501.92001,2419600
2024-06-07,502.040009,502.85999,490.42001,490.69,3416300
2024-06-10,491.0,495.39001,486.19,495.0,3332800
2024-06-11,490.85999,497.78,490.29001,496.22,4599700
2024-06-12,500.0,500.0,487.42001,493.070007,4048200
2024-06-13,490.28,502.0,484.38,497.29999,4951700
2024-06-14,496.82999,497.85001,491.73001,497.12,3188400
2024-06-17,491.32999,493.12,488.70001,489.23001,2407200
2024-06-18,490.70999,491.66,479.040009,481.049988,3692700
2024-06-20,480.040009,485.92001,478.10999,484.51999,5258100
2024-06-21,484.44,488.29999,480.59,482.59,6776000
2024-06-24,488.85999,490.89001,484.5,489.98001,5139800
2024-06-25,490.64001,490.64001,480.60001,484.5,3209900
2024-06-26,484.5,487.44,481.47,484.040009,3153100
2024-06-27,485.049988,488.98001,482.049988,486.44,2991900
2024-06-28,496.37,509.39999,489.41,509.26001,22734200
2024-07-01,506.75,508.91,492.89001,494.64999,4523100
2024-07-02,494.26001,498.47,493.39001,498.23999,3312000
2024-07-03,497.12,498.079987,486.51999,489.89001,2239200
2024-07-05,489.0,489.67001,484.5,488.01001,3499000
2024-07-08,489.19,493.88,486.17001,489.34,3450600
2024-07-09,488.32999,495.39999,486.089996,492.10999,3056800
2024-07-10,490.94,501.5,490.12,500.92999,3189800
2024-07-11,497.70001,508.73001,497.70001,504.35999,3535100
2024-07-12,506.92001,514.57001,503.42999,511.53,3570600
2024-07-15,524.23999,530.83002,513.79999,515.37,5128000
2024-07-16,533.90002,549.91998,527.13,548.87,11062000
2024-07-17,554.0,573.60999,551.29999,573.28003,10330800
2024-07-18,564.5,581.5,561.41998,564.34003,6834800
2024-07-19,567.12,569.90002,561.53998,565.33002,4290400
2024-07-22,563.049988,564.25,557.080017,558.53003,3377300
2024-07-23,558.78998,558.84003,552.81,554.70001,2785600
2024-07-24,560.0,561.13,553.02002,559.75,3156200
2024-07-25,562.0,569.89001,558.58002,559.67999,3102900
2024-07-26,560.0,579.13,560.0,569.71997,3201900
2024-07-29,565.71002,571.34998,561.76001,566.75,2965000
2024-07-30,566.90002,579.42999,565.98999,576.33002,4139100
2024-07-31,565.44,580.90002,562.32001,576.15997,4713200
2024-08-01,577.20001,587.5,567.099976,572.77002,3680800
2024-08-02,582.33002,591.53998,575.25,589.83002,5094000
2024-08-05,582.12,586.82001,566.76001,569.96002,4587400
2024-08-06,568.21002,577.52002,562.53003,568.34998,3216500
2024-08-07,566.60999,571.65002,557.030029,566.080017,4320700
2024-08-08,564.37,572.45001,564.37,566.23999,2860800
2024-08-09,564.53998,565.92999,557.63,558.76001,2976700
2024-08-12,562.32001,569.0,561.049988,565.28998,2532400
2024-08-13,569.98999,575.72998,569.0,574.23999,2369400
2024-08-14,575.23999,581.12,573.27002,579.66998,2344400
2024-08-15,579.66998,583.34003,573.51001,579.60999,2751800
2024-08-16,580.91998,581.65002,574.099976,577.67999,2728900
2024-08-19,578.080017,583.29999,577.070007,578.78003,1847900
2024-08-20,579.84998,583.81,575.5,580.65002,1677500
2024-08-21,581.51001,583.39001,577.42999,578.070007,2844300
2024-08-22,579.25,582.95001,570.62,578.71997,2282000
2024-08-23,581.0,585.21002,578.45001,584.51001,2376400
2024-08-26,588.049988,592.090027,585.73999,587.13,1800000
2024-08-27,589.46997,592.34003,583.78003,587.34998,1581900
2024-08-28,589.01001,592.84003,583.87,588.53998,1657000
2024-08-29,590.67999,592.60999,584.37,591.57001,1953200
2024-08-30,590.0,593.26001,586.59003,590.20001,2944700
2024-09-03,592.52002,600.65997,591.82001,598.67999,3175500
2024-09-04,600.0,607.94,597.88,604.17999,2935000
2024-09-05,604.19,606.0,589.66998,595.48999,2144800
2024-09-06,595.87,600.60999,592.26001,596.88,2926400
2024-09-09,598.32001,599.47998,575.27002,594.099976,3411400
2024-09-10,595.21002,604.79999,591.15002,599.030029,2863500
2024-09-11,589.14001,591.40002,578.96997,589.75,3563600
2024-09-12,588.53003,590.51001,583.21002,588.41998,3395800
2024-09-13,591.080017,597.67999,587.22998,594.32001,2241900
2024-09-16,595.0,598.78998,587.76001,589.14001,2548600
2024-09-17,586.01001,586.71997,576.39001,577.96002,3416000
2024-09-18,576.85999,584.52002,572.31,580.65002,2988300
2024-09-19,583.71997,584.83002,574.58002,577.070007,2945700
2024-09-20,571.70001,578.84003,569.65002,575.0,5398700
2024-09-23,576.48999,579.42999,572.0,573.40997,2386100
2024-09-24,570.82001,577.31,566.0,575.19,3188500
2024-09-25,577.87,581.10999,573.080017,576.31,2658800
2024-09-26,575.0,576.59998,570.90997,574.81,2751900
2024-09-27,577.67999,586.71002,576.59003,581.84998,2986200
2024-09-30,583.5,586.41998,578.73999,584.67999,3009700
2024-10-01,585.0,588.70001,580.77002,583.29999,2648400
2024-10-02,604.26001,604.52002,584.25,592.31,3667000
2024-10-03,590.60999,593.22998,584.37,592.75,2645800
2024-10-04,592.13,596.13,588.44,591.20001,2462600
2024-10-07,588.78998,592.44,583.33002,583.56,2591100
2024-10-08,588.059998,589.21002,579.56,581.58002,2231400
2024-10-09,582.15997,592.79999,580.60999,591.21997,2207700
2024-10-10,595.17999,598.95001,592.76001,597.70001,2143200
2024-10-11,596.48999,601.52002,596.20001,598.049988,1909700
2024-10-14,599.10999,608.63,597.38,605.40002,2447100
2024-10-15,552.02002,569.70001,543.0,556.28998,11939400
2024-10-16,557.01001,576.17999,555.12,571.34003,5103900
2024-10-17,560.58002,569.46997,558.71997,566.030029,5588700
2024-10-18,566.84998,570.95001,563.039978,569.60999,3687000
2024-10-21,569.64001,579.28003,568.70001,571.46997,3018000
2024-10-22,567.84998,573.039978,565.48999,569.85999,2593800
2024-10-23,572.13,574.14001,560.0,564.64001,2911900
2024-10-24,564.98999,571.70001,560.31,560.81,2590200
2024-10-25,566.15997,571.5,563.60999,564.56,2513700
2024-10-28,566.25,568.33002,562.81,565.23999,1826500
2024-10-29,562.82001,567.67999,560.65997,562.13,2600300
2024-10-30,561.25,570.31,560.95001,562.96002,2323600
2024-10-31,560.88,568.45001,560.88,564.5,2490000
2024-11-01,565.12,570.33002,563.90002,567.56,2548300
2024-11-04,566.73999,568.59003,555.41998,557.77002,2656600
2024-11-05,558.28003,568.73999,554.40002,567.030029,2608100
2024-11-06,603.90002,605.5,590.84998,596.69,6591300
2024-11-07,598.69,607.64001,596.15002,605.45001,5254300
2024-11-08,609.0,619.79999,605.20001,615.81,3875800
2024-11-11,616.90002,630.72998,613.91998,625.25,3003200
2024-11-12,619.58002,624.47998,613.78003,614.66998,2809400
2024-11-13,613.0,613.01001,603.059998,605.87,3409400
2024-11-14,603.47998,606.0,588.98999,593.15002,3079200
2024-11-15,591.91998,598.92999,589.95001,592.22998,3423900
2024-11-18,589.44,594.14001,585.32001,589.65002,2577100
2024-11-19,582.71997,586.84003,576.77002,577.0,3198300
2024-11-20,582.71002,602.64001,581.54999,600.5,3928600
2024-11-21,600.0,604.0,596.72998,597.48999,2722900
2024-11-22,598.56,601.26001,588.66998,590.87,3197900
2024-11-25,597.58002,609.84003,595.01001,605.83002,5146200
2024-11-26,608.23999,608.46997,598.88,606.78998,2693600
2024-11-27,611.030029,617.45001,606.70001,608.38,2269800
2024-11-29,608.79999,615.78003,606.62,610.20001,2010800
2024-12-02,614.0,614.0,600.77002,608.52002,3364900
2024-12-03,610.84998,615.75,604.82001,605.22998,2329900
2024-12-04,611.02002,622.83002,606.96997,610.78998,4147600
2024-12-05,605.64001,608.98999,573.89001,578.96997,5943700
2024-12-06,582.10999,582.10999,544.14001,549.62,13003600
2024-12-09,552.0,562.97998,544.64001,560.62,7684700
2024-12-10,562.0,567.75,557.030029,565.19,5360600
2024-12-11,555.65997,558.099976,532.66998,533.53003,10363000
2024-12-12,531.53003,534.0,514.19,515.76001,9403800
2024-12-13,515.64001,527.53003,510.72,520.47998,8202900
2024-12-16,518.0,521.70001,496.079987,498.5,8880000
2024-12-17,487.0,495.60001,475.82001,485.51999,14132700
2024-12-18,488.42999,506.54001,486.0,499.72,10147600
2024-12-19,500.14001,503.64999,486.23999,489.25,7418100
2024-12-20,489.29001,502.64001,488.73001,500.13,10956900
2024-12-23,500.76001,508.78,499.049988,506.34,4286000
2024-12-24,504.39999,506.10001,500.59,506.10001,1824400
2024-12-26,505.64999,512.21997,504.73001,511.14999,3387000
2024-12-27,509.42001,513.17999,507.79999,509.98999,3471800
2024-12-30,506.85999,509.73001,500.66,507.79999,5408600
2024-12-31,509.35001,511.0,503.34,505.85999,4214000
2025-01-02,508.0,512.10999,503.29001,504.51001,4234900
2025-01-03,506.35001,516.28998,505.38,513.0,3019500
2025-01-06,513.0,520.29999,509.82001,513.66998,4444800
2025-01-07,518.84998,519.5,511.22,514.25,3914500
2025-01-08,514.5,524.66998,509.51001,524.52002,4141700
2025-01-10,526.64001,535.45001,518.46997,520.69,5467500
2025-01-13,535.039978,547.40002,533.14001,541.14001,6472500
2025-01-14,539.65002,544.54999,536.54999,543.73999,3978300
2025-01-15,537.099976,546.28998,534.33002,543.41998,4103900
2025-01-16,530.34998,539.84003,510.0,510.59,9059900
2025-01-17,505.62,521.82001,502.79999,509.76001,7495700
2025-01-21,514.049988,525.0,512.82001,524.98999,5682100
2025-01-22,521.65997,524.44,516.0,519.71997,3756100
2025-01-23,527.87,531.47998,519.32001,529.77002,4580800
2025-01-24,528.10999,534.63,524.51001,532.51001,3671200
2025-01-27,539.97998,551.90997,539.97998,543.52002,4263000
2025-01-28,543.01001,546.5,537.84003,542.47998,3162700
2025-01-29,541.72998,543.47998,534.01001,538.099976,2737600
2025-01-30,539.46997,547.10999,535.0,545.57001,2924700
2025-01-31,543.23999,549.15997,541.40997,542.48999,4120500
2025-02-03,542.0,553.90997,541.070007,548.17999,4083600
2025-02-04,545.20001,548.81,541.51001,545.45001,2869900
2025-02-05,530.72998,540.70001,521.90997,539.81,4621600
2025-02-06,537.89001,539.099976,525.27002,530.039978,3926800
2025-02-07,529.20001,532.39001,525.39001,527.030029,3349100
2025-02-10,527.66998,534.15997,523.38,533.37,3143100
2025-02-11,535.0,547.53998,528.27002,533.91998,2631900
2025-02-12,539.84998,542.34998,525.51001,527.40002,3859200
2025-02-13,530.90002,534.33002,527.099976,531.17999,2835100
2025-02-14,529.0,533.20001,522.90997,523.51001,3705300
2025-02-18,510.94,516.0,497.0,500.73001,8759300
2025-02-19,501.32999,511.85999,498.14999,511.040009,4380300
2025-02-20,505.19,508.42999,500.23999,502.42001,4144300
2025-02-21,439.54999,469.70001,438.5,466.42001,19864900
2025-02-24,466.67999,468.0,457.0,461.51999,6919300
2025-02-25,460.76999,470.76001,450.070007,470.38,9101000
2025-02-26,464.64999,473.049988,458.20001,463.59,5108400
2025-02-27,466.17001,475.39999,465.019989,468.56,4216800
2025-02-28,467.0,476.35999,464.48001,474.95999,6146300
2025-03-03,474.37,477.26999,465.20999,467.049988,5700200
2025-03-04,469.75,479.20999,466.45999,474.60999,5864100
2025-03-05,471.070007,479.079987,471.01001,475.98001,3637100
2025-03-06,476.0,488.12,472.0,487.72,4964000
2025-03-07,483.82999,499.92001,483.37,493.48001,5434100
2025-03-10,492.28,497.85001,477.70999,480.22,5108900
2025-03-11,482.5,486.76999,477.14001,486.040009,4101000
2025-03-12,483.14001,487.60001,478.82001,481.10999,3680800
2025-03-13,479.45001,484.059998,475.0,481.51999,2876600
2025-03-14,481.0,489.45001,478.23999,488.64999,3915900
2025-03-17,487.51001,500.60999,485.95001,499.019989,5152300
2025-03-18,502.23999,505.97,497.82001,503.79999,3617600
2025-03-19,505.040009,506.35001,500.059998,503.20001,3317600
2025-03-20,505.25,514.39001,503.51001,511.29999,4965400
2025-03-21,511.67999,519.0,505.089996,516.84998,10244900
2025-03-24,515.080017,518.25,511.12,516.5,3840900
2025-03-25,518.28003,519.0,511.53,513.42999,3015100
2025-03-26,515.20001,522.95001,512.84998,518.20001,3253800
2025-03-27,516.28998,521.080017,512.95001,515.71997,2822200
2025-03-28,516.87,520.97998,515.049988,516.039978,2379100
2025-03-31,519.17999,528.12,518.59003,523.75,5238700
2025-04-01,525.73999,528.16998,520.95001,523.12,2962500
2025-04-02,522.95001,525.0,516.79999,523.20001,2378900
2025-04-03,529.98999,548.5,529.28998,540.44,6457900
2025-04-04,540.64001,551.73999,524.84003,525.049988,9919000
2025-04-07,513.40002,529.20001,503.59,524.70001,7356700
2025-04-08,582.16998,585.01001,547.46002,553.080017,11762300
2025-04-09,560.14001,589.40002,554.46002,578.5,12691900
2025-04-10,580.23999,601.88,580.0,594.40002,8646000
2025-04-11,588.91998,606.35999,586.53003,599.46997,6121500
2025-04-14,595.0,595.63,579.28998,587.059998,4839300
2025-04-15,592.23999,592.85999,582.01001,583.59003,3871300
2025-04-16,585.32001,594.81,582.96002,585.039978,4192100
2025-04-17,481.95001,489.79001,447.10001,454.10999,29060100
2025-04-21,449.76001,453.5,424.81,425.32999,13029900
2025-04-22,424.64001,431.5,417.12,427.17999,10156900
2025-04-23,427.070007,438.85001,423.75,427.95999,8345700
2025-04-24,427.57001,429.89999,423.64999,424.25,7629100
2025-04-25,423.56,423.56,412.019989,418.64001,9263800
2025-04-28,419.75,424.12,415.54999,420.0,6614300
2025-04-29,421.19,421.75,409.10001,409.23001,9909100
2025-04-30,409.029999,413.26001,401.0,411.44,9192800
2025-05-01,411.32001,411.98999,399.85999,400.67999,9316800
2025-05-02,399.95999,402.0,393.10999,399.92001,11392900
2025-05-05,399.12,409.70001,397.59,404.81,8157200
2025-05-06,402.79999,404.72,393.42001,394.51001,7858600
2025-05-07,395.35001,395.51999,385.70001,391.059998,8517200
2025-05-08,390.0,390.92001,385.37,385.54999,7218300
2025-05-09,385.67001,386.54999,378.54001,380.64001,8381100
2025-05-12,381.0,387.20999,376.84,378.75,11004800
2025-05-13,335.73999,342.0,309.10001,311.38,59478300
2025-05-14,321.45001,322.94,307.10999,308.01001,40029600
2025-05-15,274.89999,276.64999,248.88,274.35001,121849200
2025-05-16,279.29001,294.48999,269.14001,291.91,71094300
2025-05-19,304.76999,316.29001,297.25,315.89001,62524700
2025-05-20,320.92001,324.64001,312.57999,321.57999,41487000
2025-05-21,301.0,309.95999,300.070007,302.98001,45506900
2025-05-22,293.89001,305.67001,292.5,296.67001,27159600
2025-05-23,296.10001,299.70001,291.64001,295.57001,16873600
2025-05-27,299.5,299.95001,289.13,295.0,20144600
2025-05-28,294.0,303.78,293.28,298.10999,16114200
2025-05-29,296.79999,303.38,295.0,298.17001,16221100
2025-05-30,297.97,305.64001,295.84,301.91,16309300
2025-06-02,303.12,313.54999,300.97,304.72,19074400
2025-06-03,303.10001,305.72,300.01001,301.22,12805700
2025-06-04,303.54001,307.64001,300.20001,300.38,11255600
2025-06-05,300.38,302.42001,294.10999,295.84,13529000
2025-06-06,297.23001,304.39001,297.14999,303.22,12589000
2025-06-09,305.040009,307.39999,301.14001,303.19,12170300
2025-06-10,303.79999,305.12,300.59,303.79001,11384100
2025-06-11,302.67999,311.57999,302.23001,310.56,14711400
2025-06-12,311.39999,318.79999,308.51001,318.5,15957200
2025-06-13,315.89999,317.42001,311.91,313.53,13762400
2025-06-16,313.0,313.26999,304.79001,307.66,14240100
2025-06-17,307.45001,309.95001,305.51999,308.87,11593900
2025-06-18,307.54999,311.79001,306.23001,307.20001,12205600
2025-06-20,309.5,309.59,301.59,302.01001,16177900
2025-06-23,301.89999,302.47,295.51999,300.67999,12274700
2025-06-24,301.45001,305.82001,299.32999,305.62,8781400
2025-06-25,304.38,304.38,299.79999,302.019989,8722100
2025-06-26,302.57001,306.70999,301.29001,302.62,6532700
2025-06-27,302.95001,310.45001,302.20001,309.10999,15304400
2025-06-30,309.0,312.38,306.34,311.97,10074100
2025-07-01,311.97,326.54999,311.079987,326.14001,17865500
2025-07-02,320.73999,322.42001,306.42999,307.56,18177200
2025-07-03,309.84,312.25,308.23001,308.54999,6161100
2025-07-07,308.0,308.60999,301.20001,303.70999,9031200
2025-07-08,304.23001,308.29999,303.79999,307.70001,9613800
2025-07-09,303.19,303.60001,298.75,302.91,12816700
2025-07-10,303.059998,304.92999,296.60001,299.51001,11355600
2025-07-11,300.019989,304.12,298.0,304.10001,9808200
2025-07-14,301.64001,304.040009,299.0,300.57999,10681400
2025-07-15,299.70999,300.67999,291.029999,291.70999,16019000
2025-07-16,292.54999,295.98999,290.75,292.48999,9714000
2025-07-17,292.32999,293.0,283.82999,288.070007,14792700
2025-07-18,287.89001,288.070007,280.81,282.64999,14979700
2025-07-21,284.64001,286.5,281.20001,282.14001,10319200
2025-07-22,282.63,287.10999,282.0,285.13,14600300
2025-07-23,287.5,292.64001,284.95001,292.51001,13111100
2025-07-24,283.10001,289.20999,278.22,278.57999,22585200
2025-07-25,281.0,286.14001,279.94,281.059998,16486600
2025-07-28,283.5,285.0,279.69,282.12,15779400
2025-07-29,265.70001,272.91,260.54999,261.070007,41706000
2025-07-30,264.79999,266.63,258.12,266.040009,22371800
2025-07-31,261.39999,261.39999,247.75,249.56,29606900
2025-08-01,250.61,251.49001,234.60001,237.77,39989200
2025-08-04,238.24001,242.25,236.95,240.98,17427900
2025-08-05,241.16,252.070007,240.050003,251.0,23795900
2025-08-06,250.64,253.16,245.31,245.78,12946400
2025-08-07,246.42,248.75,239.5,244.67,11369900
2025-08-08,244.78999,251.080002,244.37,250.89,10185700
2025-08-11,253.87,258.39999,252.14,252.37,11779500
2025-08-12,254.020004,262.88,253.67,261.57001,12171800
2025-08-13,264.39001,272.19,262.89001,271.81,19480300
2025-08-14,272.10001,273.85001,267.0,271.48999,25011100
2025-08-15,301.70999,310.29999,294.70999,304.01001,68198500
2025-08-18,313.17999,316.39999,307.42001,308.48999,39600500
2025-08-19,308.89999,310.5,299.20999,304.23999,22348600
2025-08-20,306.39999,307.20001,295.70001,299.84,16679000
2025-08-21,302.29001,306.57001,297.79999,303.35001,13359000
2025-08-22,306.10001,310.67999,304.57999,307.42001,14930000
2025-08-25,308.48999,308.87,302.73001,304.85999,8917100
2025-08-26,304.31,308.95999,294.20001,300.42999,16303200
2025-08-27,300.54001,305.97,300.5,303.88,9982800
2025-08-28,304.25,304.47,299.39999,302.29001,11235000
2025-08-29,302.29999,310.0,300.91,309.87,12065400
2025-09-02,308.31,312.89001,307.29999,308.79999,10957100
2025-09-03,308.10999,309.59,303.70001,307.88,9654600
2025-09-04,306.10001,311.91,304.10001,310.38,7725700
2025-09-05,310.44,317.94,308.20001,315.39001,14126700
2025-09-08,319.70999,321.64999,313.79999,320.25,18438600
2025-09-09,332.5,351.70999,327.16,347.92001,46408900
2025-09-10,345.56,348.57001,341.39999,346.78,17804300
2025-09-11,349.0,360.98001,345.84,353.60999,18943500
2025-09-12,355.89999,362.31,352.45999,352.51001,14016200
2025-09-15,351.26001,351.70999,342.53,347.89001,11035900
2025-09-16,347.5,349.040009,338.32001,339.78,12695800
2025-09-17,337.69,343.0,337.69,341.60999,8467700
2025-09-18,343.53,344.92999,334.12,334.82001,11255600
2025-09-19,336.5,340.95999,333.84,336.69,13656800
2025-09-22,334.45999,342.48001,332.60001,341.29999,8903700
2025-09-23,341.0,352.70001,339.95999,347.69,12504100
2025-09-24,350.20001,354.5,347.84,351.81,9016300
2025-09-25,348.89999,350.19,343.60001,345.56,8104900
2025-09-26,347.92999,349.97,341.29999,344.079987,6774700
2025-09-29,343.98001,345.54999,341.45001,345.17999,6878900
2025-09-30,343.75,349.32001,342.32999,345.29999,7429700
2025-10-01,343.89999,348.70001,341.63,348.29999,8825500
2025-10-02,347.29001,355.079987,344.64999,353.72,8564200
2025-10-03,357.25,368.0,356.60999,360.20001,13494800
2025-10-06,361.029999,362.51999,357.10999,358.76999,7181700
2025-10-07,359.41,364.72,358.059998,363.66,7236200
2025-10-08,366.92999,374.63,365.79999,369.92001,9438300
2025-10-09,372.51999,376.22,366.079987,367.69,8759800
2025-10-10,369.39999,369.39999,352.51001,354.5,13141900
2025-10-13,354.73999,359.16,353.32001,358.66,5659400
2025-10-14,354.95001,362.32999,353.39999,359.92999,5974800
2025-10-15,359.39001,364.22,355.85001,361.14999,6579600
2025-10-16,361.84,362.0,354.39999,356.67001,5872100
2025-10-17,351.0,358.39001,350.82999,356.60001,8608400
2025-10-20,358.54001,365.57001,357.51001,364.48001,5996500
2025-10-21,365.14001,371.049988,361.5,365.37,6885300
2025-10-22,363.95999,364.0,358.0,361.48999,7833000
2025-10-23,355.57999,362.28,353.64001,360.45001,5756700
2025-10-24,361.37,365.42001,360.029999,362.5,5462100
2025-10-27,363.5,366.22,361.39999,365.98001,7766400
2025-10-28,380.67999,381.0,358.63,367.84,18858700
2025-10-29,364.28,366.14999,353.88,355.26001,11874900
2025-10-30,347.51999,354.54001,343.60001,344.75,11441900
2025-10-31,344.39001,346.28,337.12,341.56,8390800
2025-11-03,339.13,340.70001,326.60001,333.79001,11181400
2025-11-04,327.63,336.5,327.20001,330.82999,9646600
2025-11-05,326.29999,330.20999,324.22,327.73999,9697100
2025-11-06,328.92001,332.37,321.45001,321.56,7922100
2025-11-07,319.66,324.54999,314.16,324.20999,9402900
2025-11-10,319.98999,324.25,317.17001,321.57999,9283800
2025-11-11,323.29999,327.85999,319.88,327.45001,7157800
2025-11-12,328.45001,343.17001,327.079987,339.059998,10403300
2025-11-13,338.35001,339.029999,331.29001,332.51999,7788700
2025-11-14,326.95001,328.20999,320.48999,321.85999,8676500
2025-11-17,320.60001,327.88,319.42999,320.51999,6485400
2025-11-18,317.01001,317.5,308.76999,313.57999,9182100
2025-11-19,313.92999,315.0,304.53,309.089996,8181100
2025-11-20,310.81,314.75,310.0,311.54001,7337600
2025-11-21,311.91,323.84,311.44,319.97,8406300
2025-11-24,324.53,325.85001,317.62,319.049988,10773800
2025-11-25,321.12,328.0,320.89999,326.28,6149100
2025-11-26,326.59,335.19,325.89001,329.70999,5504200
2025-11-28,331.67001,332.059998,328.89001,329.76999,2464500
2025-12-01,327.16,330.059998,323.029999,323.20999,6154600
2025-12-02,323.37,328.70001,322.79999,324.54001,7978100
2025-12-03,326.0,341.41,325.01001,339.70999,9770000
2025-12-04,339.39999,341.26001,328.72,333.48999,8061600
2025-12-05,335.0,335.70999,328.51001,330.91,5906000
2025-12-08,328.70001,329.10001,322.82999,323.62,4782800
2025-12-09,323.16,326.35999,322.48001,323.60001,4628400
2025-12-10,322.75,328.73001,319.60001,328.37,5910500
2025-12-11,330.37,339.25,328.76001,336.73001,7513200
2025-12-12,337.5,344.98001,337.37,341.84,7979000
2025-12-15,340.98999,344.95999,337.0,341.10001,6447200
2025-12-16,340.42001,340.98999,331.029999,334.20001,6334000
2025-12-17,333.60999,335.51999,330.48001,331.63,4685600
2025-12-18,328.92999,330.17999,324.57001,328.14001,6354900
2025-12-19,328.059998,334.60001,326.070007,327.42001,10553000
2025-12-22,322.89999,329.79999,321.64999,325.16,7872400
2025-12-23,324.0,327.79999,323.76001,324.79999,4463300
2025-12-24,325.20001,328.98999,324.13,327.57999,2842700
2025-12-26,327.20001,331.89001,326.26001,331.82999,4359300
2025-12-29,330.89001,334.25,328.28,328.94,4346800
2025-12-30,329.73001,336.14999,329.51001,332.16,4432500
