DateTime,Open,High,Low,Close,Volume
2015-01-02,65.845,66.6875,65.6225,66.255,8389600
2015-01-05,65.8725,65.875,64.7175,64.7925,12751200
2015-01-06,64.9475,65.195,63.715,64.375,11070000
2015-01-07,64.61,65.285,64.3625,65.2375,9346800
2015-01-08,65.8,66.28,65.6575,66.1125,10443200
2015-01-09,65.9025,66.1175,64.9425,65.1325,10523600
2015-01-12,65.26,65.5,64.785,65.0049973,6425600
2015-01-13,65.505,66.4525,64.7775,65.195,10284000
2015-01-14,64.16,64.65,63.53,63.89,12225200
2015-01-15,64.1775,64.3675,63.09,63.2825,10569200
2015-01-16,62.975,63.775,62.875,63.7375,11137200
2015-01-20,64.055,64.9225,63.565,64.21,14933200
2015-01-21,64.040001,64.9075,63.625,64.32,9784000
2015-01-22,63.8625,64.75,63.3425,64.4,11566000
2015-01-23,64.63,65.1625,64.545,64.5725,6166800
2015-01-26,64.235,64.3225,63.45,64.1325,8552400
2015-01-27,63.4475,63.4475,62.145,62.7475,11027600
2015-01-28,63.1325,63.2525,61.575,61.59,11430800
2015-01-29,61.8825,62.2,61.2925,62.0,15668400
2015-01-30,65.099998,65.905,63.7275,63.7275,22151600
2015-02-02,64.077499,64.077499,62.425,63.835,13665200
2015-02-03,64.1775,65.1125,63.685,64.9475,15075600
2015-02-04,64.8975,66.6825,64.775,66.2225,22170800
2015-02-05,66.8125,67.95,66.475,67.95,16565600
2015-02-06,67.9375,68.1125,66.51,66.855,11242000
2015-02-09,66.8525,67.084999,66.32,66.365,7834400
2015-02-10,66.6875,66.9675,65.9075,66.1375,9396800
2015-02-11,66.245,66.575,66.0625,66.4975,8795600
2015-02-12,66.905,67.7275,66.765,67.7275,11641600
2015-02-13,68.1875,68.1875,67.195,67.4075,8476000
2015-02-17,67.87,67.9975,67.4675,67.7175,6810400
2015-02-18,67.7175,67.75,67.037498,67.28,6429200
2015-02-19,67.5175,67.5175,67.0,67.275,5654800
2015-02-20,67.26,68.25,66.765,68.25,9034800
2015-02-23,68.24,68.33,67.5625,68.2525,6654800
2015-02-24,68.4525,68.4525,67.7925,68.1175,9045200
2015-02-25,67.815,68.5575,67.815,68.2525,6842800
2015-02-26,68.3,68.625,68.0049973,68.4375,13459600
2015-02-27,68.3675,68.5475,67.8275,67.8275,7965200
2015-03-02,69.1775,69.5725,68.61,69.5725,11653600
2015-03-03,69.6625,69.6625,68.375,68.825,8807200
2015-03-04,68.7875,68.7875,68.0625,68.4375,8021200
2015-03-05,68.75,68.785,68.4375,68.5325,6756000
2015-03-06,68.35,68.62,67.3125,67.335,11590800
2015-03-09,67.63,68.052498,67.27,67.855,8902000
2015-03-10,67.41,67.465,66.3,66.3,11125600
2015-03-11,66.4075,66.845,65.7625,66.1875,12105200
2015-03-12,66.6,67.5,66.575,67.395,9530800
2015-03-13,67.21,67.21,66.125,66.2575,12578800
2015-03-16,66.7225,67.5125,66.6575,67.255,9849600
2015-03-17,67.014999,67.089996,66.035004,66.125,14290800
2015-03-18,66.022499,66.995,64.7525,66.9175,50658000
2015-03-19,66.83,67.19,65.75,66.81,15407500
2015-03-20,67.25,67.7,66.78,67.41,15372000
2015-03-23,68.029999,68.21,67.07,67.080002,8128000
2015-03-24,67.099998,67.69,66.84,67.099998,6534800
2015-03-25,67.099998,67.43,65.73,65.73,13054300
2015-03-26,65.25,66.3,65.019997,65.59,9487200
2015-03-27,65.52,65.81,65.15,65.54,6521100
2015-03-30,66.019997,66.32,65.5,65.66,11237100
2015-03-31,65.47,66.21,65.39,65.41,7400500
2015-04-01,65.45,65.52,64.45,65.18,7633000
2015-04-02,64.99,65.62,64.81,65.29,5083000
2015-04-06,64.73,65.64,64.41,65.2,8351200
2015-04-07,65.38,66.19,65.31,65.8,6660800
2015-04-08,65.89,66.84,65.8,66.5,6604200
2015-04-09,66.57,66.82,65.76,66.44,5408500
2015-04-10,66.69,66.69,65.93,66.34,4628500
2015-04-13,66.22,66.8,65.51,65.61,5059800
2015-04-14,65.52,65.94,64.88,65.53,5621800
2015-04-15,65.6,65.91,65.3,65.68,5347100
2015-04-16,65.53,66.010002,65.35,65.65,4121300
2015-04-17,65.099998,65.5,64.35,64.52,11212900
2015-04-20,65.0,65.21,64.58,64.72,5948900
2015-04-21,65.029999,65.83,64.99,65.35,9619700
2015-04-22,65.82,69.98,65.79,68.010002,20912400
2015-04-23,68.2,68.22,67.52,67.72,7193400
2015-04-24,68.13,68.18,67.31,67.48,6219900
2015-04-27,68.39,68.61,66.93,67.099998,7122400
2015-04-28,67.31,67.5,66.41,66.77,6297500
2015-04-29,66.86,68.46,66.78,67.34,9812400
2015-04-30,67.18,67.5,65.42,66.050003,11780600
2015-05-01,65.22,66.66,65.15,65.77,10142800
2015-05-04,66.050003,66.14,65.47,65.58,7426400
2015-05-05,65.77,66.39,65.6,65.96,8099800
2015-05-06,66.15,66.65,65.23,65.67,7084600
2015-05-07,65.58,66.78,65.54,66.58,6660300
2015-05-08,67.14,70.16,67.010002,69.47,18359000
2015-05-11,69.3,69.7,68.79,69.019997,10998500
2015-05-12,68.55,69.0,67.97,68.69,7438200
2015-05-13,68.75,68.88,68.19,68.65,5129800
2015-05-14,68.96,70.029999,68.85,70.0,6491100
2015-05-15,70.099998,70.69,69.31,69.57,7121000
2015-05-18,69.74,70.24,69.13,70.0,5553800
2015-05-19,70.14,70.56,70.0,70.16,4351000
2015-05-20,70.25,70.32,69.48,69.78,4870100
2015-05-21,69.55,69.87,69.28,69.37,6483800
2015-05-22,69.3,69.85,69.3,69.62,4511700
2015-05-26,69.31,69.5,68.31,68.54,6228100
2015-05-27,68.85,69.74,68.5,69.49,7064800
2015-05-28,69.48,69.78,68.8,69.56,3893900
2015-05-29,69.33,69.6,68.52,68.68,6678100
2015-06-01,69.13,69.45,68.43,69.11,6309400
2015-06-02,68.73,69.46,68.010002,69.040001,4457400
2015-06-03,69.26,69.5,68.89,68.95,4906400
2015-06-04,68.63,69.15,68.029999,68.21,6460000
2015-06-05,68.29,68.7,68.0,68.37,4413100
2015-06-08,68.19,68.29,67.62,67.68,4864300
2015-06-09,67.67,68.089996,67.53,67.95,4439700
2015-06-10,68.22,69.67,68.11,69.63,6807800
2015-06-11,69.7,70.019997,69.42,69.64,5238700
2015-06-12,69.43,69.74,69.019997,69.33,4900700
2015-06-15,68.72,68.99,68.17,68.57,5995100
2015-06-16,68.45,69.17,68.29,69.010002,5937400
2015-06-17,69.11,69.41,68.51,68.75,7818300
2015-06-18,68.9,69.84,68.88,69.5,7596800
2015-06-19,69.27,69.33,68.48,68.69,8728800
2015-06-22,69.32,69.44,68.9,69.089996,5511700
2015-06-23,69.099998,69.59,69.089996,69.42,3888700
2015-06-24,69.11,69.4,68.76,68.86,4670600
2015-06-25,69.38,69.38,68.51,68.62,4705100
2015-06-26,68.7,69.21,68.41,68.75,7025600
2015-06-29,67.99,68.49,66.69,66.72,9706700
2015-06-30,67.34,67.48,66.76,67.15,6811000
2015-07-01,67.94,68.3,67.53,67.85,6260800
2015-07-02,68.15,68.32,67.62,68.24,5053000
2015-07-06,67.55,68.12,67.36,68.12,5270600
2015-07-07,68.11,68.2,66.53,67.77,6500700
2015-07-08,67.010002,67.32,66.65,66.73,5973500
2015-07-09,67.65,67.94,67.019997,67.050003,4837800
2015-07-10,67.98,68.54,67.91,68.42,5110200
2015-07-13,69.050003,69.6,68.83,69.52,6832300
2015-07-14,69.97,70.3,69.47,70.099998,5635400
2015-07-15,70.13,70.28,69.69,70.019997,4506200
2015-07-16,70.43,70.59,69.97,70.57,6512500
2015-07-17,70.4,70.96,70.28,70.88,6287600
2015-07-20,71.29,73.0,71.23,72.7,10198500
2015-07-21,72.84,72.88,71.76,72.019997,10919600
2015-07-22,71.94,72.15,71.62,71.97,6303200
2015-07-23,72.2,72.25,71.2,71.75,10755700
2015-07-24,76.78,76.92,74.4,74.8,21196100
2015-07-27,74.28,74.71,73.58,73.86,10293800
2015-07-28,74.3,75.18,73.85,74.74,10054300
2015-07-29,74.95,76.43,74.67,76.010002,13746900
2015-07-30,75.89,76.76,75.24,76.38,6507000
2015-07-31,76.45,76.51,75.32,75.34,8526300
2015-08-03,75.59,76.040001,75.010002,75.77,5810800
2015-08-04,75.53,76.080002,75.029999,75.27,6957900
2015-08-05,76.050003,76.17,74.92,74.98,6976400
2015-08-06,75.3,75.42,73.55,73.58,7767800
2015-08-07,73.68,74.31,73.32,74.21,6484600
2015-08-10,74.89,75.18,73.85,74.38,6183500
2015-08-11,73.81,74.27,73.22,73.36,6476000
2015-08-12,72.87,73.83,72.39,73.54,7625100
2015-08-13,73.43,74.43,73.38,73.93,5992000
2015-08-14,73.85,74.4,73.45,74.22,3861500
2015-08-17,74.0,74.44,73.5,74.41,3473500
2015-08-18,74.26,74.73,74.010002,74.47,6325500
2015-08-19,74.2,74.96,73.67,74.4,5886900
2015-08-20,73.56,74.53,72.81,73.95,12082300
2015-08-21,72.5,73.62,70.96,71.19,15752200
2015-08-24,64.16,69.36,60.0,68.36,20950600
2015-08-25,71.69,71.8,66.6,66.97,14485000
2015-08-26,69.37,70.99,67.9,70.69,12220000
2015-08-27,71.94,72.49,70.8,72.4,9122200
2015-08-28,72.099998,72.67,71.6,72.46,6411400
2015-08-31,71.91,72.080002,70.82,71.3,8313300
2015-09-01,69.41,70.39,68.5,68.96,11491500
2015-09-02,69.94,69.95,68.7,69.62,9218000
2015-09-03,70.45,71.080002,69.99,70.4,9035200
2015-09-04,69.29,69.91,68.64,69.16,9469400
2015-09-08,70.75,71.010002,69.55,70.53,7984900
2015-09-09,70.75,71.38,69.43,69.6,9022200
2015-09-10,69.5,70.65,69.46,70.23,7244200
2015-09-11,69.86,70.81,69.46,70.76,6452100
2015-09-14,70.72,70.8,69.61,70.010002,7059300
2015-09-15,70.48,70.75,69.51,70.51,6962600
2015-09-16,70.45,71.11,70.050003,70.99,8207600
2015-09-17,71.3,72.32,70.5,70.96,7663300
2015-09-18,69.82,70.81,69.71,69.79,14508100
2015-09-21,70.62,71.32,70.22,70.78,12756500
2015-09-22,70.0,70.39,69.31,70.25,11394000
2015-09-23,70.16,71.15,69.9,70.95,10655800
2015-09-24,70.35,70.63,69.64,70.24,8406700
2015-09-25,71.19,71.46,70.21,70.69,7756600
2015-09-28,70.19,70.28,67.029999,67.2,15261200
2015-09-29,67.52,68.7,67.2,68.53,11326700
2015-09-30,69.32,69.66,68.26,69.66,9309200
2015-10-01,70.089996,70.77,68.98,69.99,8679900
2015-10-02,68.8,70.73,68.36,70.67,7460400
2015-10-05,71.059998,72.34,70.92,72.23,7286800
2015-10-06,72.22,72.54,71.83,72.080002,5782500
2015-10-07,72.68,73.23,72.45,73.22,6208900
2015-10-08,73.0,73.93,72.83,73.9,5713100
2015-10-09,74.040001,74.089996,73.4,73.98,5947800
2015-10-12,73.74,75.43,73.67,74.99,5586300
2015-10-13,74.46,75.25,74.15,75.0,7439400
2015-10-14,74.84,75.26,73.72,74.2,7568300
2015-10-15,74.96,75.41,74.58,75.34,6856200
2015-10-16,75.33,76.54,74.79,76.0,9117400
2015-10-19,75.93,77.33,75.93,76.99,9952600
2015-10-20,76.64,76.89,75.93,76.28,8148800
2015-10-21,76.94,76.94,75.31,75.46,7277900
2015-10-22,75.89,76.85,75.64,76.42,9093400
2015-10-23,77.46,77.63,74.95,77.07,11971300
2015-10-26,78.080002,78.31,77.089996,78.18,8019400
2015-10-27,78.029999,78.18,77.059998,77.52,9527400
2015-10-28,77.82,78.89,77.44,78.87,10850200
2015-10-29,78.59,78.71,77.93,78.51,7648600
2015-10-30,78.72,78.81,77.56,77.58,11186500
2015-11-02,75.19,76.21,74.53,75.22,29966000
2015-11-03,75.13,78.58,74.81,77.9,18899900
2015-11-04,78.37,78.83,77.9,78.35,8640800
2015-11-05,78.42,79.71,78.42,79.26,9392600
2015-11-06,79.57,79.57,78.32,78.75,8221600
2015-11-09,78.4,78.4,77.29,78.040001,10157300
2015-11-10,77.65,79.53,77.61,79.48,8440300
2015-11-11,79.85,80.25,79.17,79.18,8024400
2015-11-12,78.86,79.15,78.14,78.31,8939800
2015-11-13,78.019997,78.97,77.77,78.11,9913200
2015-11-16,77.79,78.91,77.58,78.9,7805000
2015-11-17,78.94,79.28,78.47,78.83,6942600
2015-11-18,78.96,80.5,78.74,80.46,7212400
2015-11-19,80.6,81.010002,79.85,80.15,6082200
2015-11-20,80.59,81.0,79.98,80.19,6764300
2015-11-23,80.59,80.78,79.56,80.11,5910600
2015-11-24,79.23,80.2,79.21,79.79,6040800
2015-11-25,79.78,80.089996,79.56,79.56,4268700
2015-11-27,79.64,80.15,79.61,79.84,3139500
2015-11-30,80.059998,80.13,78.96,79.010002,8874600
2015-12-01,79.53,79.93,78.77,79.91,6702100
2015-12-02,79.83,80.15,78.97,79.040001,7310000
2015-12-03,79.36,79.77,78.080002,78.29,8689600
2015-12-04,78.58,80.4,78.45,80.4,9944600
2015-12-07,80.13,80.49,79.07,79.55,15262400
2015-12-08,78.98,79.67,78.36,79.07,11344000
2015-12-09,78.83,79.75,77.4,77.88,15361500
2015-12-10,77.91,79.11,77.63,78.12,8717100
2015-12-11,77.14,77.14,75.52,76.11,15625800
2015-12-14,76.2,77.33,75.58,76.87,10361000
2015-12-15,78.37,79.45,78.21,78.62,11355300
2015-12-16,79.45,79.98,78.15,79.86,10497500
2015-12-17,79.98,80.28,78.63,78.69,7555300
2015-12-18,78.040001,78.19,76.28,76.32,16271200
2015-12-21,76.9,77.36,76.4,77.17,8442100
2015-12-22,77.43,77.49,76.66,77.38,5699100
2015-12-23,78.080002,78.66,77.56,78.56,6335900
2015-12-24,78.35,78.71,78.18,78.26,2188800
2015-12-28,78.040001,78.65,77.82,78.53,3680900
2015-12-29,79.0,79.39,78.9,79.21,4627100
2015-12-30,79.07,79.19,78.26,78.35,4230400
2015-12-31,78.24,78.8,77.55,77.55,6538300
2016-01-04,76.059998,76.38,75.010002,75.7,13476800
2016-01-05,76.25,76.51,75.54,76.27,8972700
2016-01-06,75.0,75.85,74.85,75.27,16092000
2016-01-07,73.76,75.089996,73.35,73.79,12470800
2016-01-08,74.059998,74.51,72.75,72.88,9977600
2016-01-11,73.11,74.080002,72.66,73.92,13069500
2016-01-12,74.52,75.0,74.019997,74.76,10236900
2016-01-13,75.27,75.39,72.99,73.099998,12659600
2016-01-14,73.15,74.52,72.66,73.8,10426200
2016-01-15,71.94,72.95,70.66,71.83,18470500
2016-01-19,72.94,73.019997,70.66,71.39,16009600
2016-01-20,69.96,71.41,69.040001,70.68,16586000
2016-01-21,70.72,72.33,70.099998,71.56,11931200
2016-01-22,72.67,73.18,72.13,72.7,8652600
2016-01-25,72.76,72.91,71.58,71.74,9126200
2016-01-26,72.18,72.27,71.55,71.88,7500200
2016-01-27,71.98,72.48,70.58,70.91,9020500
2016-01-28,71.42,71.85,69.33,69.33,15295600
2016-01-29,70.43,74.5,68.76,74.49,40427800
2016-02-01,74.080002,74.78,73.25,74.38,12623500
2016-02-02,73.5,74.21,73.13,73.4,9572700
2016-02-03,73.76,74.63,72.43,74.38,9941900
2016-02-04,74.099998,74.63,72.76,73.68,14735700
2016-02-05,73.56,73.61,70.55,71.54,12939400
2016-02-08,69.95,70.040001,66.3,67.77,30542600
2016-02-09,66.39,69.48,66.12,68.33,14882800
2016-02-10,69.14,71.029999,69.07,70.15,11369500
2016-02-11,67.79,69.07,67.43,68.47,13962100
2016-02-12,69.44,70.47,69.12,70.42,8710200
2016-02-16,71.41,71.75,70.4,71.099998,8780700
2016-02-17,71.73,72.12,71.3,72.029999,8494100
2016-02-18,71.89,72.25,71.019997,71.24,6938100
2016-02-19,71.029999,71.72,70.3,71.53,7750900
2016-02-22,72.28,73.19,72.099998,73.059998,7481500
2016-02-23,72.95,73.12,71.99,72.15,6177000
2016-02-24,71.25,72.19,70.38,71.85,7728600
2016-02-25,71.96,73.34,71.94,73.27,6840900
2016-02-26,73.74,73.91,72.69,72.73,6714100
2016-02-29,72.86,73.9,72.39,72.39,7786100
2016-03-01,72.99,74.64,72.9,74.64,8705300
2016-03-02,74.5,74.6,73.66,74.3,5739100
2016-03-03,74.48,74.5,73.36,73.91,6588300
2016-03-04,74.22,74.25,73.61,73.9,9475300
2016-03-07,73.39,73.45,71.35,71.94,16671900
2016-03-08,71.5,71.52,70.51,70.62,12394400
2016-03-09,71.0,71.080002,69.9,70.68,9291600
2016-03-10,71.14,71.4,69.58,70.22,10135100
2016-03-11,71.15,72.010002,70.68,71.63,9466400
2016-03-14,71.6,71.72,70.95,71.49,7916500
2016-03-15,71.18,71.91,70.66,71.91,6442800
2016-03-16,71.68,72.83,71.51,72.37,7561800
2016-03-17,72.28,73.67,72.17,73.14,7411700
2016-03-18,73.5,74.099998,73.13,73.78,15026200
2016-03-21,73.58,73.94,73.15,73.77,7397400
2016-03-22,73.24,73.65,72.93,72.96,6796800
2016-03-23,72.95,74.17,72.77,73.91,7287100
2016-03-24,73.65,74.16,73.41,74.14,6303900
2016-03-28,74.14,74.27,73.72,74.080002,7283300
2016-03-29,74.019997,75.59,73.92,75.38,10541500
2016-03-30,75.9,77.0,75.84,76.78,9691900
2016-03-31,76.62,76.92,75.95,76.48,7490800
2016-04-01,76.25,78.25,75.8,77.59,10183400
2016-04-04,77.97,78.31,77.53,77.83,6905800
2016-04-05,77.14,77.47,76.58,76.97,6012000
2016-04-06,77.080002,78.28,77.0,78.21,6220400
2016-04-07,77.71,77.98,77.19,77.58,7542100
2016-04-08,78.080002,78.62,77.81,78.029999,5327500
2016-04-11,78.36,78.78,77.77,77.82,5957200
2016-04-12,77.72,78.55,77.65,78.52,5962900
2016-04-13,79.029999,79.93,78.91,79.71,9187300
2016-04-14,79.76,80.67,79.31,80.33,11470300
2016-04-15,80.25,80.69,79.9,80.080002,7186700
2016-04-18,80.2,81.55,79.83,81.45,7761200
2016-04-19,81.5,81.73,80.37,80.75,8324700
2016-04-20,80.88,81.64,80.55,81.15,8521300
2016-04-21,81.5,81.67,80.68,80.79,9536900
2016-04-22,78.0,79.36,77.28,79.11,18216000
2016-04-25,78.69,78.84,77.82,78.14,11184600
2016-04-26,78.45,78.7,78.11,78.53,6071800
2016-04-27,78.41,79.0,78.17,78.76,6319400
2016-04-28,78.35,79.27,77.6,77.68,8322600
2016-04-29,77.52,78.010002,76.86,77.24,8092700
2016-05-02,77.81,78.47,77.16,78.46,7636800
2016-05-03,77.43,78.36,76.93,77.19,7666300
2016-05-04,76.56,77.38,76.35,77.07,8854000
2016-05-05,77.14,77.7,77.010002,77.36,6002300
2016-05-06,77.23,77.8,76.78,77.72,6172600
2016-05-09,77.69,78.36,77.58,78.22,9242300
2016-05-10,78.42,79.33,78.41,79.2,6802600
2016-05-11,79.14,79.33,77.29,77.3,8432500
2016-05-12,77.8,78.19,77.07,77.89,7512800
2016-05-13,77.71,78.28,76.83,76.83,7562700
2016-05-16,77.019997,78.059998,76.96,77.8,8597900
2016-05-17,77.57,77.92,76.52,76.79,7169900
2016-05-18,76.71,77.88,76.4,77.43,6288500
2016-05-19,76.87,77.25,76.22,76.88,5552200
2016-05-20,77.34,78.040001,77.18,77.67,6302100
2016-05-23,77.76,77.99,77.14,77.21,5934300
2016-05-24,77.66,79.5,77.66,79.38,7582300
2016-05-25,79.5,79.67,78.95,79.059998,5846700
2016-05-26,79.4,79.4,78.87,79.0,4284000
2016-05-27,78.84,79.66,78.84,79.66,4374600
2016-05-31,79.86,79.87,78.76,78.94,8639600
2016-06-01,78.69,79.32,78.57,79.22,4507000
2016-06-02,79.27,79.95,78.93,79.95,5627500
2016-06-03,79.55,80.2,79.16,79.94,7628000
2016-06-06,80.29,80.9,80.17,80.54,7620100
2016-06-07,80.7,81.0,80.54,80.6,5515700
2016-06-08,80.6,81.71,80.47,81.65,8860900
2016-06-09,81.23,81.54,80.98,81.26,6670900
2016-06-10,80.75,80.75,79.84,80.18,7859900
2016-06-13,79.0,80.18,78.38,78.4,10424600
2016-06-14,78.12,78.75,77.96,78.57,7891700
2016-06-15,78.57,78.84,78.050003,78.17,7424000
2016-06-16,77.89,78.52,77.14,78.35,9650800
2016-06-17,78.32,78.33,76.83,76.99,14602200
2016-06-20,78.3,78.38,77.32,77.34,9957500
2016-06-21,77.81,78.010002,77.15,77.33,9201000
2016-06-22,77.58,77.76,76.53,76.53,9626700
2016-06-23,77.76,78.24,76.87,78.23,13566200
2016-06-24,74.8,76.040001,74.45,75.050003,18375000
2016-06-27,74.18,74.58,73.25,73.34,16318400
2016-06-28,75.040001,75.5,74.49,75.16,14815200
2016-06-29,75.98,76.76,75.71,76.74,12178100
2016-06-30,76.99,77.14,73.8,74.17,24877300
2016-07-01,74.5,75.94,74.099998,74.48,13821400
2016-07-05,74.25,74.97,73.83,74.67,11081000
2016-07-06,74.12,74.75,73.83,74.059998,11263800
2016-07-07,74.32,75.29,74.27,74.51,8806700
2016-07-08,75.3,76.55,74.79,76.42,10975000
2016-07-11,76.81,77.19,76.39,76.52,8185900
2016-07-12,76.68,77.57,76.55,77.48,10245500
2016-07-13,77.68,77.78,77.2,77.46,6559200
2016-07-14,78.059998,78.54,77.69,78.14,6607400
2016-07-15,78.65,78.75,78.050003,78.3,8153400
2016-07-18,78.35,78.7,78.23,78.31,4864200
2016-07-19,77.75,78.89,77.63,78.72,9395500
2016-07-20,78.75,79.75,78.75,79.36,7922100
2016-07-21,79.44,79.73,78.4,78.79,9018000
2016-07-22,79.98,80.080002,78.33,79.91,12532400
2016-07-25,80.17,80.17,78.73,78.94,7979900
2016-07-26,78.98,79.059998,77.94,78.49,9673200
2016-07-27,78.46,78.79,77.53,78.53,10194400
2016-07-28,78.69,80.0,78.55,79.19,8709700
2016-07-29,79.24,79.35,78.0,78.050003,7777700
2016-08-01,78.31,78.53,77.73,78.26,8908800
2016-08-02,78.07,78.47,77.75,78.28,7910000
2016-08-03,78.28,78.71,78.21,78.71,7272700
2016-08-04,78.83,79.65,78.75,79.48,5954400
2016-08-05,79.73,80.24,79.66,80.14,6662500
2016-08-08,80.23,80.34,79.8,79.95,5119700
2016-08-09,79.96,80.48,79.95,80.059998,4455700
2016-08-10,79.97,80.22,79.51,79.68,5945500
2016-08-11,80.0,80.28,79.84,80.12,6577700
2016-08-12,79.8,80.080002,79.65,80.019997,4420400
2016-08-15,80.13,81.15,80.019997,80.91,6290300
2016-08-16,80.42,80.91,80.22,80.81,6182600
2016-08-17,80.71,80.86,80.4,80.84,4655400
2016-08-18,80.010002,80.59,79.91,80.27,7453900
2016-08-19,80.010002,80.47,79.74,80.47,8480900
2016-08-22,80.34,81.080002,79.96,81.059998,7954500
2016-08-23,81.37,81.76,80.8,80.8,10007800
2016-08-24,80.8,80.98,80.19,80.29,5028000
2016-08-25,80.29,80.52,80.0,80.32,5773700
2016-08-26,80.62,81.14,80.17,80.57,7932200
2016-08-29,80.54,80.99,80.54,80.87,4766700
2016-08-30,81.0,81.19,80.72,81.17,4128700
2016-08-31,80.95,81.2,80.71,80.9,7386100
2016-09-01,81.14,81.55,80.97,81.3,6240600
2016-09-02,81.57,82.15,81.5,82.0,6408900
2016-09-06,82.0,82.53,81.81,82.53,8140400
2016-09-07,82.48,83.26,82.36,83.24,9304700
2016-09-08,83.019997,83.63,82.59,82.97,7961100
2016-09-09,82.4,82.81,81.33,81.33,11563000
2016-09-12,81.34,83.13,81.18,82.97,9882700
2016-09-13,82.41,82.44,81.62,81.89,8834300
2016-09-14,81.46,82.22,81.45,81.49,10999500
2016-09-15,81.42,82.13,81.19,82.010002,10580300
2016-09-16,81.74,82.26,81.42,82.07,11702000
2016-09-19,82.43,83.040001,82.23,82.51,8361700
2016-09-20,82.97,83.23,82.32,82.48,6473300
2016-09-21,82.92,83.25,82.27,83.22,7536200
2016-09-22,83.42,83.79,83.2,83.36,6599400
2016-09-23,83.33,83.45,82.52,82.54,8283700
2016-09-26,82.15,82.26,81.69,81.81,8486800
2016-09-27,81.79,82.38,81.5,82.16,7969500
2016-09-28,82.38,83.010002,81.94,82.97,7974300
2016-09-29,82.72,83.059998,81.79,81.92,5885400
2016-09-30,82.16,83.040001,81.68,82.7,9776800
2016-10-03,82.42,83.11,82.3,82.86,8155400
2016-10-04,83.28,83.53,82.58,82.73,5772000
2016-10-05,82.96,83.45,82.9,83.35,6163400
2016-10-06,83.12,83.48,82.88,83.36,7687100
2016-10-07,83.49,83.7,82.64,82.88,8238100
2016-10-10,83.13,83.54,82.94,83.12,7371500
2016-10-11,82.68,82.79,81.57,82.040001,6227400
2016-10-12,81.84,82.54,81.82,82.25,3923600
2016-10-13,81.65,82.13,81.11,81.87,6810900
2016-10-14,82.040001,83.19,82.040001,82.45,6698100
2016-10-17,82.58,82.69,82.040001,82.15,8473700
2016-10-18,81.5,82.37,81.35,81.58,11680400
2016-10-19,81.65,82.87,81.65,82.81,8440900
2016-10-20,83.050003,83.099998,82.17,82.5,6945200
2016-10-21,82.019997,82.54,81.58,82.35,8043200
2016-10-24,83.27,83.59,82.71,83.17,16267000
2016-10-25,83.17,83.17,81.7,82.029999,15085900
2016-10-26,81.62,82.26,81.41,81.75,8748400
2016-10-27,81.96,82.27,81.61,81.92,7039200
2016-10-28,82.52,83.36,82.11,82.22,10919600
2016-10-31,82.44,82.9,82.36,82.51,10024000
2016-11-01,82.64,82.69,81.33,81.62,10881500
2016-11-02,80.89,81.38,80.52,80.58,9170900
2016-11-03,80.75,81.13,80.54,80.65,7563100
2016-11-04,80.65,81.24,80.33,80.36,7588100
2016-11-07,81.64,82.53,81.45,82.51,7277900
2016-11-08,82.39,83.16,82.15,82.88,7152000
2016-11-09,81.81,83.3,81.22,83.24,12158500
2016-11-10,83.3,83.96,81.42,81.87,17171600
2016-11-11,81.59,82.63,81.52,81.88,7368000
2016-11-14,82.019997,82.22,77.3,78.38,21773500
2016-11-15,78.23,79.54,77.8,78.57,18523400
2016-11-16,78.79,80.19,78.76,80.080002,9997700
2016-11-17,80.32,81.2,80.18,81.07,8081800
2016-11-18,81.15,81.5,80.53,80.82,7920800
2016-11-21,81.23,81.78,80.9,81.69,8942100
2016-11-22,81.69,81.69,79.26,79.93,18133900
2016-11-23,79.98,79.99,78.95,79.57,12802600
2016-11-25,79.99,80.37,79.74,80.13,6495700
2016-11-28,79.66,80.010002,79.050003,79.080002,11793100
2016-11-29,79.12,79.58,78.95,79.15,8575200
2016-11-30,79.45,79.45,77.28,77.32,15353900
2016-12-01,77.57,77.62,75.25,75.43,21053000
2016-12-02,75.4,76.25,75.17,75.72,13629600
2016-12-05,76.63,77.6,76.55,77.31,12119200
2016-12-06,77.94,77.97,76.71,77.11,13896600
2016-12-07,77.27,79.49,77.25,79.31,13919800
2016-12-08,79.68,79.87,78.97,79.28,13320100
2016-12-09,79.15,79.93,78.83,79.14,10728300
2016-12-12,78.99,79.029999,77.92,78.5,11942300
2016-12-13,78.81,79.5,78.25,79.2,12995100
2016-12-14,79.28,79.98,79.12,79.13,20146200
2016-12-15,79.37,80.39,79.13,79.5,14070900
2016-12-16,79.22,79.46,78.17,78.35,19141700
2016-12-19,78.040001,78.6,78.019997,78.099998,8699100
2016-12-20,78.41,78.58,77.69,78.36,6917400
2016-12-21,78.48,78.55,77.98,78.14,9343600
2016-12-22,78.019997,78.059998,77.19,77.9,12074000
2016-12-23,78.080002,78.48,77.9,78.15,6192900
2016-12-27,78.27,78.85,78.23,78.35,3776000
2016-12-28,78.4,78.65,77.97,78.3,7587100
2016-12-29,78.49,78.84,78.3,78.33,6241100
2016-12-30,78.43,78.54,77.94,78.019997,7127300
2017-01-03,78.76,79.91,78.49,79.5,13785200
2017-01-04,79.44,80.26,79.36,80.15,8033100
2017-01-05,80.34,81.53,80.22,81.089996,7805100
2017-01-06,81.3,82.49,80.94,82.21,8898300
2017-01-09,82.28,82.45,81.65,81.75,7305300
2017-01-10,81.7,81.9,81.13,81.31,6017500
2017-01-11,81.25,81.8,80.91,81.8,7499200
2017-01-12,81.050003,81.47,80.51,81.37,6884000
2017-01-13,81.019997,81.85,80.79,81.17,7291200
2017-01-17,80.76,81.49,80.76,81.26,6326500
2017-01-18,81.27,81.83,80.98,81.59,8512300
2017-01-19,81.79,81.85,81.41,81.73,6479400
2017-01-20,82.089996,82.28,81.61,81.84,9048500
2017-01-23,81.7,82.3,81.5,82.15,7414200
2017-01-24,82.4,83.49,81.85,83.23,8397500
2017-01-25,83.79,84.27,83.45,83.9,9360900
2017-01-26,83.92,83.92,83.080002,83.24,8428200
2017-01-27,83.32,83.8,82.92,83.77,5445900
2017-01-30,83.47,83.74,82.66,83.7,8792800
2017-01-31,82.13,83.28,82.099998,82.71,7479400
2017-02-01,82.9,83.089996,82.050003,82.44,7534400
2017-02-02,82.14,82.7,81.57,82.3,11142300
2017-02-03,85.74,86.82,85.11,86.080002,28079600
2017-02-06,86.07,86.099998,85.51,85.83,9665300
2017-02-07,85.96,86.35,85.67,85.78,8600300
2017-02-08,85.8,85.84,85.080002,85.089996,7587700
2017-02-09,85.37,85.77,84.88,85.58,6554700
2017-02-10,85.8,86.14,85.23,85.9,10432000
2017-02-13,86.2,86.7,86.0,86.44,6046300
2017-02-14,86.52,86.97,86.26,86.85,5952000
2017-02-15,87.019997,87.54,86.7,87.54,8049700
2017-02-16,87.55,87.68,86.79,87.41,8680600
2017-02-17,87.27,87.68,86.98,87.46,5887200
2017-02-21,87.51,88.040001,87.17,87.92,9301300
2017-02-22,87.61,88.15,87.51,87.8,8389900
2017-02-23,88.23,88.49,87.87,88.18,6040500
2017-02-24,87.36,88.43,87.3,88.43,5151300
2017-02-27,88.32,88.38,87.91,88.0,6131600
2017-02-28,88.16,88.38,87.76,87.94,8521900
2017-03-01,88.74,89.14,88.42,88.99,11131400
2017-03-02,89.0,89.13,88.099998,88.53,10544200
2017-03-03,88.31,88.91,88.18,88.79,5700600
2017-03-06,88.53,89.27,88.27,88.94,7347600
2017-03-07,88.99,89.3,88.85,89.059998,5688400
2017-03-08,89.17,89.3,88.87,88.96,5866800
2017-03-09,89.019997,89.5,88.71,89.11,5953900
2017-03-10,89.5,89.86,89.099998,89.73,12246700
2017-03-13,89.8,90.31,89.61,90.11,8944100
2017-03-14,89.93,90.029999,89.24,89.55,6009400
2017-03-15,89.75,90.099998,89.41,89.92,6350700
2017-03-16,90.31,90.33,89.47,90.040001,9174400
2017-03-17,90.25,90.63,90.17,90.24,8613400
2017-03-20,90.29,92.050003,88.97,89.18,9438000
2017-03-21,89.49,89.71,88.0,88.059998,11092100
2017-03-22,87.85,89.040001,87.85,88.52,7828600
2017-03-23,88.47,89.39,88.42,88.86,7710700
2017-03-24,89.059998,89.61,88.97,89.19,7597600
2017-03-27,88.31,88.99,88.07,88.95,5230000
2017-03-28,89.12,89.42,88.49,89.12,7045500
2017-03-29,88.99,89.39,88.56,89.18,4738000
2017-03-30,89.080002,89.099998,88.6,89.010002,6227100
2017-03-31,88.98,89.35,88.87,88.87,6429800
2017-04-03,89.14,89.46,88.4,89.36,9125800
2017-04-04,89.010002,89.33,88.66,88.78,4859900
2017-04-05,89.13,90.2,88.95,89.029999,7251600
2017-04-06,89.0,89.26,88.78,89.089996,8473900
2017-04-07,88.97,89.24,88.52,88.74,5439500
2017-04-10,88.62,89.25,88.52,88.86,5999400
2017-04-11,88.6,88.85,88.13,88.85,7058500
2017-04-12,88.7,89.21,88.56,88.68,5912500
2017-04-13,88.47,89.78,88.43,88.87,7242700
2017-04-17,89.089996,89.9,88.75,89.81,6122800
2017-04-18,89.64,89.92,89.24,89.73,6823500
2017-04-19,90.089996,90.62,89.6,89.75,7301300
2017-04-20,90.14,91.5,89.9,91.15,12178300
2017-04-21,92.77,92.8,91.019997,91.15,19442600
2017-04-24,92.15,92.5,91.010002,91.85,11705400
2017-04-25,91.99,92.35,91.58,92.11,7769200
2017-04-26,92.019997,92.48,91.75,91.82,11295200
2017-04-27,91.95,92.0,91.28,91.6,5856800
2017-04-28,91.39,91.55,90.98,91.22,6888500
2017-05-01,91.29,91.67,91.14,91.26,9042100
2017-05-02,91.62,92.75,91.53,92.54,11627700
2017-05-03,92.4,92.55,91.98,92.44,4909000
2017-05-04,92.7,92.85,92.25,92.62,5257000
2017-05-05,92.9,92.98,91.76,92.089996,8844500
2017-05-08,92.050003,92.16,91.52,91.92,5223600
2017-05-09,91.9,92.14,91.83,92.0,3969500
2017-05-10,91.7,92.41,91.68,92.25,6747600
2017-05-11,92.12,92.31,91.62,92.099998,7052200
2017-05-12,92.19,92.78,91.98,92.73,5898800
2017-05-15,92.73,93.42,92.72,93.23,7040100
2017-05-16,93.35,93.72,92.97,93.15,5497400
2017-05-17,92.48,92.76,91.71,91.76,8240200
2017-05-18,91.36,92.48,91.36,91.71,8239800
2017-05-19,91.98,92.81,91.71,92.48,9361300
2017-05-22,92.53,93.6,92.43,93.31,9186200
2017-05-23,93.56,94.07,93.47,93.86,7616100
2017-05-24,94.019997,94.99,94.019997,94.81,6825300
2017-05-25,95.089996,95.38,94.89,95.040001,7262400
2017-05-26,95.0,95.12,94.39,94.67,4133900
2017-05-30,94.66,94.88,94.34,94.72,6292700
2017-05-31,95.080002,95.53,94.46,95.23,9866000
2017-06-01,95.4,95.45,94.61,95.4,8911900
2017-06-02,95.41,96.19,95.41,96.15,8570200
2017-06-05,96.32,96.59,96.11,96.55,14510500
2017-06-06,96.27,96.6,95.56,95.79,7030300
2017-06-07,96.029999,96.22,95.76,96.089996,6720300
2017-06-08,95.87,96.12,95.29,96.089996,7720300
2017-06-09,96.089996,96.25,93.71,94.56,16887100
2017-06-12,93.69,94.040001,92.8,93.5,15610000
2017-06-13,94.0,95.34,93.97,95.080002,8700100
2017-06-14,95.32,96.0,94.95,95.32,6347000
2017-06-15,94.44,94.53,93.53,94.17,12793900
2017-06-16,94.31,94.44,93.74,94.17,14705100
2017-06-19,94.75,94.85,94.25,94.79,5984300
2017-06-20,94.79,94.96,94.33,94.38,5626700
2017-06-21,94.61,94.77,94.07,94.54,5611400
2017-06-22,94.49,94.51,93.87,93.95,5846500
2017-06-23,94.16,95.65,93.89,95.58,11637300
2017-06-26,95.8,96.27,95.099998,95.22,6970800
2017-06-27,95.15,95.34,94.63,94.9,6283600
2017-06-28,95.15,96.4,94.66,96.23,5571300
2017-06-29,95.79,95.79,94.010002,94.42,8872500
2017-06-30,94.38,94.62,93.78,93.78,9036600
2017-07-03,94.38,94.41,93.35,93.35,6197700
2017-07-05,93.75,94.4,93.72,94.010002,9339600
2017-07-06,93.45,93.97,93.19,93.25,8215700
2017-07-07,93.5,94.41,93.5,93.92,6175800
2017-07-10,94.15,95.37,94.15,95.089996,8851800
2017-07-11,95.080002,95.63,94.93,95.41,5554100
2017-07-12,95.98,96.45,95.63,96.18,5974800
2017-07-13,96.42,96.65,95.77,95.94,6721700
2017-07-14,96.14,97.37,96.12,96.93,6195800
2017-07-17,97.11,97.29,96.59,96.83,5914900
2017-07-18,96.85,97.75,96.61,97.58,7435000
2017-07-19,97.64,98.33,97.55,98.25,6390400
2017-07-20,99.11,99.14,97.93,98.11,8572900
2017-07-21,99.6,100.49,99.089996,99.6,17400200
2017-07-24,99.55,100.42,99.14,100.37,9186000
2017-07-25,100.65,100.85,99.8,99.99,6774900
2017-07-26,100.010002,100.99,99.86,100.85,7205400
2017-07-27,100.97,101.18,98.55,99.57,10543900
2017-07-28,99.12,99.59,98.51,99.15,6558800
2017-07-31,99.5,100.0,99.14,99.56,7576600
2017-08-01,100.36,101.07,99.96,100.87,6018100
2017-08-02,101.029999,101.28,100.24,101.28,5955600
2017-08-03,100.94,101.099998,100.33,100.59,5697500
2017-08-04,100.96,101.34,100.61,100.89,4618000
2017-08-07,100.92,101.54,100.59,101.49,7047100
2017-08-08,101.5,101.72,100.93,101.28,6283700
2017-08-09,100.76,101.3,100.6,100.97,6902100
2017-08-10,100.54,100.88,99.43,99.49,8560800
2017-08-11,99.55,100.3,99.53,100.089996,5268200
2017-08-14,100.98,102.11,100.75,101.87,5657600
2017-08-15,102.36,102.78,101.97,102.63,5386000
2017-08-16,102.76,103.93,102.64,103.32,13408300
2017-08-17,103.33,103.53,102.16,102.16,7381600
2017-08-18,102.080002,103.089996,101.94,102.51,5670900
2017-08-21,102.62,103.35,102.33,103.22,5395000
2017-08-22,103.44,104.2,103.14,104.07,5481000
2017-08-23,103.77,103.97,102.99,103.18,5057200
2017-08-24,103.32,103.5,102.64,103.22,4082300
2017-08-25,103.65,103.88,103.16,103.35,4467400
2017-08-28,103.65,103.83,103.26,103.78,3919900
2017-08-29,102.92,104.07,102.64,103.77,7135300
2017-08-30,103.7,104.0,103.52,103.73,8712700
2017-08-31,104.059998,104.19,103.029999,103.52,13766000
2017-09-01,104.040001,104.080002,103.44,103.9,4466800
2017-09-05,103.4,103.46,102.26,103.010002,6337500
2017-09-06,103.34,103.75,103.099998,103.18,6372200
2017-09-07,103.71,105.44,103.61,104.56,6508600
2017-09-08,104.33,104.77,104.059998,104.43,5787200
2017-09-11,105.48,106.15,105.15,106.15,6956000
2017-09-12,106.64,106.64,105.76,106.21,5212400
2017-09-13,106.26,106.26,105.24,105.83,6215700
2017-09-14,105.5,106.84,105.5,106.080002,8154000
2017-09-15,105.74,106.14,104.95,105.3,12622900
2017-09-18,105.35,105.52,104.62,104.83,7330300
2017-09-19,105.13,105.93,104.83,105.41,9754400
2017-09-20,105.5,105.77,104.46,104.97,8198600
2017-09-21,105.0,105.61,104.65,105.31,4777600
2017-09-22,105.21,105.68,105.059998,105.56,4959400
2017-09-25,105.5,105.65,102.75,103.019997,9395300
2017-09-26,103.11,104.019997,102.88,102.94,6263600
2017-09-27,103.07,104.12,102.9,103.89,8337400
2017-09-28,103.75,104.98,103.74,104.58,5947800
2017-09-29,104.75,105.43,104.69,105.24,7676300
2017-10-02,105.54,105.99,105.099998,105.44,4885600
2017-10-03,105.65,105.9,105.29,105.59,4411100
2017-10-04,105.71,105.74,104.9,105.31,4146800
2017-10-05,105.6,106.25,105.15,106.24,4396100
2017-10-06,106.29,106.96,105.87,106.73,4587000
2017-10-09,106.6,107.65,106.54,107.010002,4787000
2017-10-10,107.58,107.6,106.82,107.31,4015600
2017-10-11,107.7,108.59,107.6,108.44,6473100
2017-10-12,108.5,108.71,107.9,108.11,6496100
2017-10-13,108.5,109.26,108.4,108.66,5154600
2017-10-16,108.79,109.050003,107.16,108.3,5552200
2017-10-17,108.25,108.42,107.3,107.54,5979400
2017-10-18,107.62,108.0,107.46,107.8,4817300
2017-10-19,107.27,107.78,106.9,107.019997,10840200
2017-10-20,107.7,107.7,106.97,107.55,7848900
2017-10-23,108.050003,108.23,107.099998,107.53,6316700
2017-10-24,107.56,108.64,107.18,108.41,10511200
2017-10-25,109.41,110.61,108.0,109.49,13261300
2017-10-26,110.38,110.74,109.67,109.8,7380100
2017-10-27,110.07,110.13,108.69,109.71,7862700
2017-10-30,109.67,110.24,108.92,110.040001,5148600
2017-10-31,110.58,110.69,108.66,109.98,8002500
2017-11-01,110.5,111.4,110.42,111.07,6167300
2017-11-02,111.019997,111.37,110.2,110.98,5506600
2017-11-03,110.94,111.42,110.51,111.36,3757600
2017-11-06,111.36,112.15,111.2,111.92,4094700
2017-11-07,112.25,112.47,111.56,112.089996,3697900
2017-11-08,112.010002,112.91,111.82,112.47,4417800
2017-11-09,111.8,112.22,110.93,112.14,4334700
2017-11-10,111.71,111.98,111.28,111.88,4198900
2017-11-13,111.55,111.86,111.34,111.4,7185600
2017-11-14,111.080002,112.040001,110.81,111.98,5679600
2017-11-15,111.34,111.87,110.14,110.25,6895100
2017-11-16,110.75,111.44,110.57,111.019997,5655100
2017-11-17,110.69,110.91,109.7,109.82,8812400
2017-11-20,109.95,110.68,109.69,109.95,6873200
2017-11-21,110.45,111.49,110.3,111.45,6456500
2017-11-22,111.5,111.66,110.7,110.82,4067600
2017-11-24,111.31,112.16,111.14,111.97,3045600
2017-11-27,112.0,112.54,111.91,112.38,6620500
2017-11-28,112.6,113.62,112.56,113.36,6671300
2017-11-29,113.62,113.62,106.9,109.86,14505400
2017-11-30,110.5,112.59,110.029999,112.59,18533300
2017-12-01,112.38,112.44,109.76,110.73,13101800
2017-12-04,111.33,111.45,106.97,107.43,18909100
2017-12-05,108.89,109.24,106.6,108.58,12081500
2017-12-06,108.49,110.17,108.26,109.74,7532100
2017-12-07,109.77,111.41,109.45,111.4,7384900
2017-12-08,112.13,112.61,111.82,112.6,7594900
2017-12-11,112.5,113.35,112.16,112.37,7538600
2017-12-12,112.37,113.73,112.0,113.46,8754400
2017-12-13,113.75,114.37,113.19,113.31,8088900
2017-12-14,113.55,114.089996,112.92,112.92,9815600
2017-12-15,113.97,114.2,112.39,113.82,16388000
2017-12-18,114.69,114.75,113.25,113.55,8961800
2017-12-19,113.28,113.28,112.080002,112.14,7899400
2017-12-20,112.72,113.099998,111.99,112.12,6201900
2017-12-21,112.6,113.099998,112.32,112.41,8866400
2017-12-22,112.39,113.11,112.25,112.69,6190100
2017-12-26,112.07,113.44,112.07,112.99,3948900
2017-12-27,112.69,114.07,112.65,114.019997,7073100
2017-12-28,114.3,114.92,113.99,114.35,6937100
2017-12-29,114.75,114.89,114.019997,114.019997,5249000
2018-01-02,114.57,115.080002,113.95,114.51,6080900
2018-01-03,114.95,115.79,114.66,115.65,6946100
2018-01-04,116.25,117.36,116.029999,116.080002,7805300
2018-01-05,116.99,119.0,116.42,118.86,8590500
2018-01-08,118.61,120.48,118.07,119.34,6660700
2018-01-09,119.97,119.97,118.66,119.11,6562400
2018-01-10,118.69,119.050003,117.46,118.98,7490300
2018-01-11,118.8,119.98,118.68,119.84,5982100
2018-01-12,120.12,120.35,119.71,120.089996,5585800
2018-01-16,121.18,121.94,119.91,120.39,8803800
2018-01-17,121.2,122.16,120.73,121.98,7991500
2018-01-18,122.52,123.2,122.029999,123.11,8661000
2018-01-19,123.050003,123.65,121.92,122.7,8250700
2018-01-22,122.87,124.33,122.4,124.33,9355000
2018-01-23,124.6,125.51,124.21,124.65,5683300
2018-01-24,125.050003,125.45,123.71,124.55,6425200
2018-01-25,125.0,125.47,124.63,125.22,7166400
2018-01-26,125.77,126.38,124.76,126.32,5604900
2018-01-29,126.74,126.88,124.69,124.84,6257900
2018-01-30,123.82,124.29,122.84,123.55,8154400
2018-01-31,123.78,124.48,123.040001,124.23,7338200
2018-02-01,124.74,126.26,124.099998,125.72,11169700
2018-02-02,123.72,123.72,120.7,120.91,13937700
2018-02-05,118.7,121.13,115.010002,116.27,16623900
2018-02-06,115.2,120.3,113.25,119.97,19053300
2018-02-07,120.089996,122.46,119.21,119.65,9294000
2018-02-08,119.53,119.82,113.54,113.86,12673400
2018-02-09,114.55,117.21,111.019997,116.32,17695500
2018-02-12,117.79,118.84,116.88,118.47,11526300
2018-02-13,117.85,118.8,117.13,118.35,7803900
2018-02-14,117.62,120.95,117.5,120.83,9206400
2018-02-15,121.7,122.31,119.97,122.28,6921300
2018-02-16,121.63,122.99,121.57,121.85,6371400
2018-02-20,121.35,123.050003,121.019997,122.010002,6182800
2018-02-21,122.050003,122.83,120.41,120.43,7676100
2018-02-22,120.67,121.38,119.62,120.38,4994000
2018-02-23,121.57,122.96,121.22,122.93,5036900
2018-02-26,123.58,124.6,123.32,124.59,6270500
2018-02-27,124.7,125.3,123.35,123.37,7287200
2018-02-28,123.65,124.98,122.88,122.94,6780900
2018-03-01,123.26,124.0,119.62,120.4,8819600
2018-03-02,119.089996,120.98,117.86,120.77,7581900
2018-03-05,120.45,122.31,119.44,121.88,5810200
2018-03-06,122.83,123.24,120.67,121.059998,7464400
2018-03-07,120.029999,122.24,119.7,121.85,7254100
2018-03-08,121.96,122.82,121.17,122.22,6948900
2018-03-09,123.25,124.79,122.87,124.51,6397700
2018-03-12,124.75,124.98,123.48,124.24,8636000
2018-03-13,124.25,125.0,122.9,123.2,9479500
2018-03-14,124.040001,124.040001,121.9,122.58,7855000
2018-03-15,123.13,124.42,122.7,123.41,5861900
2018-03-16,123.85,125.050003,123.33,124.53,9447100
2018-03-19,123.94,124.31,122.28,123.21,17387800
2018-03-20,123.38,125.17,123.3,124.91,7779700
2018-03-21,124.9,125.44,123.07,123.22,7359500
2018-03-22,122.2,122.68,119.7,119.99,10501500
2018-03-23,119.89,120.33,116.76,117.0,10024300
2018-03-26,119.089996,120.74,117.8,120.64,8735400
2018-03-27,121.52,121.6,116.74,117.4,9008600
2018-03-28,116.93,118.07,116.029999,116.99,9420400
2018-03-29,117.68,120.59,117.040001,119.62,12918100
2018-04-02,119.27,119.83,116.76,118.39,9877100
2018-04-03,118.89,119.99,117.49,119.2,7084800
2018-04-04,116.9,120.12,116.71,119.81,8425700
2018-04-05,121.0,122.010002,120.37,121.19,6816000
2018-04-06,120.18,120.56,117.12,117.7,8383800
2018-04-09,118.63,120.67,118.63,118.79,7024800
2018-04-10,120.56,121.16,119.64,120.72,8947200
2018-04-11,119.99,121.66,119.62,119.78,5874900
2018-04-12,120.4,121.98,120.39,121.07,5666000
2018-04-13,121.73,122.47,120.65,120.75,9174300
2018-04-16,122.11,122.87,121.51,121.88,6903200
2018-04-17,122.91,124.26,122.52,123.8,5979600
2018-04-18,124.059998,124.87,123.38,124.48,5171000
2018-04-19,124.31,124.72,123.15,123.96,7294100
2018-04-20,124.059998,124.82,123.31,124.2,7479400
2018-04-23,124.3,124.97,123.9,124.46,8004300
2018-04-24,124.87,125.040001,120.55,121.27,9434400
2018-04-25,121.14,121.35,119.37,121.21,8001200
2018-04-26,125.14,127.59,123.78,127.080002,14345800
2018-04-27,126.44,127.059998,125.39,126.010002,6842700
2018-04-30,126.74,127.9,126.66,126.88,8449200
2018-05-01,126.86,127.57,125.51,127.51,6407300
2018-05-02,127.88,128.10001,126.0,126.38,8515300
2018-05-03,125.81,127.46,125.32,127.18,6778600
2018-05-04,126.33,128.36,126.07,128.16,5798400
2018-05-07,128.39999,129.52,128.25,129.25999,5737300
2018-05-08,129.14,129.97,128.31,129.89999,5044700
2018-05-09,130.0099945,131.0,129.59,130.84,6119400
2018-05-10,131.28999,131.75,130.72,131.0,6585800
2018-05-11,131.0,132.089996,130.23,131.82001,5437100
2018-05-14,132.42999,132.5,130.67,131.21001,5017000
2018-05-15,130.56,131.39999,129.89999,131.10001,5532300
2018-05-16,131.089996,131.39999,130.53999,130.89,5124200
2018-05-17,130.58,130.8,129.61,129.92999,4911700
2018-05-18,129.62,130.34,129.070007,129.92999,6082700
2018-05-21,130.95,131.50999,129.99001,130.66,5591800
2018-05-22,131.0,131.78,130.5,130.71001,6645500
2018-05-23,130.059998,131.91,129.8,131.88,6569100
2018-05-24,131.82001,132.21001,130.5,131.89,6035200
2018-05-25,131.88,132.10001,130.92999,131.28,7509600
2018-05-29,130.39,131.050003,129.059998,129.69,10401900
2018-05-30,130.2,131.10001,129.87,130.64,10631300
2018-05-31,130.64999,131.58,129.98,130.72,11086000
2018-06-01,131.84,132.50999,130.36,130.85001,8323400
2018-06-04,131.94,133.57001,131.42999,133.070007,7178000
2018-06-05,133.38,133.62,132.7,133.56,6198200
2018-06-06,134.0,136.31,133.61,136.28,8065800
2018-06-07,136.36,136.58,133.050003,133.84,8309200
2018-06-08,133.44,134.92,133.23,134.74001,5261000
2018-06-11,134.89999,135.19,133.81,133.91,7988700
2018-06-12,134.039993,135.13,133.53999,134.86,5743300
2018-06-13,135.17999,135.77,134.31,134.39999,4881600
2018-06-14,134.96001,135.7,134.75,135.0,6464100
2018-06-15,135.10001,135.73,134.0,135.10001,10044500
2018-06-18,134.37,136.31,134.12,136.2,8713300
2018-06-19,134.56,135.24001,133.57001,135.11,6557600
2018-06-20,135.52,136.69,135.5,135.5,7192000
2018-06-21,135.27,136.12,134.25999,134.53,8689800
2018-06-22,135.60001,135.85001,134.25999,135.33,6031900
2018-06-25,134.91,134.91,129.53,130.92999,10086200
2018-06-26,132.11,133.78999,131.61,132.55,7733900
2018-06-27,133.0099945,133.66,131.0099945,131.020004,7282100
2018-06-28,131.0,133.12,130.64999,132.74001,6576500
2018-06-29,133.28,134.19,132.45,132.45,7259000
2018-07-02,131.96001,133.050003,131.14999,132.5,7554400
2018-07-03,133.0099945,133.41,131.42,131.45,3621600
2018-07-05,132.13,133.33,131.83,133.28999,4729300
2018-07-06,133.58,134.28,132.5,134.089996,4839800
2018-07-09,134.94,135.97,134.78999,135.52,8960700
2018-07-10,135.57001,137.33,135.34,136.69,6561900
2018-07-11,136.63,138.81,136.60001,138.14999,10648700
2018-07-12,139.0099945,139.95,138.66,139.89999,11816100
2018-07-13,139.78999,140.029999,137.53999,139.42,7865700
2018-07-16,139.42,139.55,138.16,138.46001,4969900
2018-07-17,138.17999,139.91,137.42,139.64,5412600
2018-07-18,139.91,141.17,139.37,140.89999,7008600
2018-07-19,140.95,140.99001,139.92999,140.13,7937000
2018-07-20,140.0,141.47,139.92,140.99001,7153600
2018-07-23,140.66,140.97,139.64,140.029999,7723600
2018-07-24,140.99001,141.47,139.50999,140.029999,8336700
2018-07-25,140.34,142.77,139.89999,142.64,8376000
2018-07-26,141.61,142.78999,139.53,142.5,10520800
2018-07-27,143.080002,143.14,139.21001,140.71001,7014900
2018-07-30,140.13,140.42,135.31,136.48,12812400
2018-07-31,137.13,138.020004,135.63,136.74001,7683300
2018-08-01,137.74001,138.74001,137.41,138.25,7087700
2018-08-02,137.45,139.19,137.0,138.92,12300000
2018-08-03,139.28999,139.86,137.94,139.82001,4617500
2018-08-06,139.64999,140.25999,139.050003,139.71001,5143000
2018-08-07,139.98,140.69,139.87,140.28,10034500
2018-08-08,139.98,140.99001,139.83,140.67999,5389500
2018-08-09,140.73,141.24001,139.89999,140.0099945,5679300
2018-08-10,139.88,140.74001,139.25,139.73,6523500
2018-08-13,140.53,141.24001,139.83,140.21001,4817500
2018-08-14,140.3,140.99001,139.88,140.75999,5888700
2018-08-15,140.35001,140.69,138.84,139.92,5288400
2018-08-16,141.070007,141.49001,140.42,140.64999,5931700
2018-08-17,140.78,141.71001,140.57001,141.33,7699600
2018-08-20,141.53999,141.60001,140.7,140.94,4662200
2018-08-21,141.0,141.46001,139.8,140.039993,6854300
2018-08-22,139.85001,141.53,139.85001,141.14,4191700
2018-08-23,141.0099945,142.45,140.77,142.10001,4426800
2018-08-24,142.32001,144.38,142.32001,144.2,5714000
2018-08-27,144.99001,145.60001,144.71001,145.39999,7194900
2018-08-28,145.63,146.17,144.87,145.2,4925700
2018-08-29,145.46001,147.3,145.42,147.029999,5192900
2018-08-30,146.82001,147.71001,146.36,146.74001,7804600
2018-08-31,146.74001,147.64,146.5,146.89,5786600
2018-09-04,146.92999,147.86,146.67,147.8,7638100
2018-09-05,147.0,147.82001,142.55,142.67,11363400
2018-09-06,143.28999,144.7,142.53999,144.5,9589200
2018-09-07,143.99001,144.44,142.75,143.2,13626200
2018-09-10,144.13,144.44,143.21001,144.080002,5362700
2018-09-11,143.46001,145.52,143.25,145.49001,9895900
2018-09-12,145.85001,146.8,145.070007,146.57001,6964100
2018-09-13,147.14999,148.070007,147.089996,147.63,5803400
2018-09-14,147.91,148.37,147.35001,147.84,4928300
2018-09-17,147.83,147.89999,145.83,146.17999,7708600
2018-09-18,146.2,148.089996,145.95,147.63,5692100
2018-09-19,148.28,148.82001,147.25,147.42,7432300
2018-09-20,147.99001,149.49001,147.2,149.24001,7172700
2018-09-21,149.95,150.25999,149.35001,150.050003,15628100
2018-09-24,149.16,149.64999,147.27,149.11,6706700
2018-09-25,149.71001,149.96001,149.10001,149.58,4230700
2018-09-26,150.0,150.42,149.039993,149.27,5852400
2018-09-27,149.89999,150.64,149.56,150.020004,5868500
2018-09-28,149.81,150.37,149.55,150.089996,6035900
2018-10-01,150.89,151.56,150.61,150.78999,9802100
2018-10-02,150.84,150.84,149.17,149.67,8047500
2018-10-03,150.71001,150.71001,149.19,149.37,7521100
2018-10-04,149.17999,149.28,146.10001,146.75999,9208900
2018-10-05,146.64,147.41,144.39999,145.36,7085700
2018-10-08,145.0099945,145.0099945,140.17999,141.89,11637300
2018-10-09,141.46001,143.28999,141.12,142.31,10798000
2018-10-10,142.57001,142.69,135.21001,135.52,15450100
2018-10-11,134.089996,137.24001,132.25999,133.73,15657200
2018-10-12,138.48,140.98,137.42999,140.059998,12993300
2018-10-15,139.89999,140.059998,137.22,137.23,7953000
2018-10-16,138.71001,142.14,138.67999,141.74001,11059500
2018-10-17,142.34,142.86,140.73,142.45,9170600
2018-10-18,142.46001,142.46001,137.95,139.28999,10222600
2018-10-19,139.89999,142.19,139.38,140.080002,8696900
2018-10-22,140.97,141.53999,139.50999,140.64,6099500
2018-10-23,136.89,140.039993,135.59,139.12,10736100
2018-10-24,139.7,140.17999,134.0,134.25999,13849600
2018-10-25,135.45,140.89999,132.5,140.52,14985900
2018-10-26,137.98,139.87,136.059998,137.74001,12034900
2018-10-29,139.61,141.50999,132.27,134.33,12768200
2018-10-30,133.080002,134.86,129.78999,132.75999,15107600
2018-10-31,134.99001,139.12,134.99001,137.85001,13205300
2018-11-01,139.0,140.87,137.49001,140.83,16024000
2018-11-02,141.11,141.45,137.85001,139.78,17063100
2018-11-05,139.8,140.21001,138.070007,139.8,6280000
2018-11-06,139.8,140.91,139.72,140.78999,4732700
2018-11-07,142.34,144.89999,142.32001,144.78,20502100
2018-11-08,144.60001,145.46001,143.64999,145.23,5927400
2018-11-09,144.2,144.57001,142.36,143.92999,8339800
2018-11-12,143.42,143.64,139.17,139.72,11335100
2018-11-13,140.35001,141.89999,139.0099945,139.72,6287000
2018-11-14,142.020004,142.60001,138.41,139.49001,6613900
2018-11-15,138.85001,141.91,137.92999,141.84,8565000
2018-11-16,140.42,141.84,139.92,140.17999,8628000
2018-11-19,140.47,140.57001,134.25,134.75999,16253000
2018-11-20,130.31,134.53,129.53999,133.37,12720200
2018-11-21,134.36,135.78,133.63,134.42,7416300
2018-11-23,132.59,134.25,132.49001,132.87,3676000
2018-11-26,134.60001,136.52,134.25,135.94,9144600
2018-11-27,135.28,136.31,134.12,135.91,7877900
2018-11-28,137.070007,141.53999,136.87,141.38,11265100
2018-11-29,140.69,140.7,138.71001,139.10001,8751500
2018-11-30,139.0099945,142.25999,138.63,141.71001,11362800
2018-12-03,145.0,145.72,143.85001,145.0,11285600
2018-12-04,143.13,144.35001,138.5,138.64,13988900
2018-12-06,135.039993,141.11,133.48,141.050003,16391900
2018-12-07,140.82001,142.13,135.99001,137.11,14007700
2018-12-10,136.25,138.27,134.86,137.88,15744300
2018-12-11,139.94,140.050003,135.92,136.81,12466300
2018-12-12,139.3,140.88,137.75,137.8,10387200
2018-12-13,138.3,139.13,136.14999,137.53999,8780900
2018-12-14,135.69,136.72,134.55,135.089996,9351200
2018-12-17,134.21001,134.42999,130.69,131.39999,11796200
2018-12-18,132.28999,134.17,131.8,132.66,12761900
2018-12-19,132.92999,135.87,129.52,131.25999,13819000
2018-12-20,130.16,132.0099945,127.15,128.75999,18091700
2018-12-21,127.18,130.33,122.95,124.26,25448600
2018-12-24,122.080002,125.21,121.6,121.73,8617700
2018-12-26,123.019997,130.24001,123.0,130.23,13499500
2018-12-27,127.99,132.0099945,126.52,132.0099945,10883000
2018-12-28,133.080002,133.62,129.66,130.94,7381300
2018-12-31,131.67999,132.44,130.23,131.94,7976000
2019-01-02,130.0,133.74001,129.60001,132.92,8788000
2019-01-03,131.21001,131.28,127.88,128.13,9428300
2019-01-04,130.44,134.59,130.13,133.64999,11065800
2019-01-07,134.45,137.17,134.039993,136.059998,12928000
2019-01-08,137.97,138.19,135.96001,136.8,9243000
2019-01-09,138.3,139.48,137.62,138.41,9987600
2019-01-10,136.81,138.82001,136.36,138.67,12514900
2019-01-11,137.75,138.60001,137.41,138.059998,5860100
2019-01-14,136.99001,138.13,136.64999,137.10001,8666700
2019-01-15,136.96001,137.72,135.25,137.34,7594900
2019-01-16,138.39999,138.87,137.070007,137.34,7258000
2019-01-17,136.97,137.91,136.59,137.28,5864900
2019-01-18,138.31,138.60001,136.64,138.5,10263500
2019-01-22,137.89999,139.52,136.98,138.050003,8102300
2019-01-23,138.77,138.98,136.14999,137.0099945,5465800
2019-01-24,137.11,138.32001,136.52,137.7,4924800
2019-01-25,139.0,139.89999,137.7,138.67,9756300
2019-01-28,137.50999,137.50999,134.81,135.99001,9857200
2019-01-29,136.59,136.69,134.11,135.0,7457700
2019-01-30,136.10001,137.89999,135.50999,137.60001,8078100
2019-01-31,134.39,135.73,133.3,135.0099945,20095700
2019-02-01,135.39,140.35001,135.25999,140.14999,13248300
2019-02-04,139.78999,141.52,139.17999,141.5,11882700
2019-02-05,142.0,142.95,141.83,142.53,8455700
2019-02-06,141.96001,142.42,141.050003,141.49001,6146900
2019-02-07,139.92,141.059998,139.21001,140.17,10675300
2019-02-08,138.69,140.39999,138.52,140.38,5950700
2019-02-11,141.25999,142.28999,140.45,140.8,7600100
2019-02-12,141.78999,142.8,141.25,141.99001,6090000
2019-02-13,142.89,144.7,142.87,143.49001,6885600
2019-02-14,142.98,143.48,142.39999,143.16,6314000
2019-02-15,144.55,144.91,143.82001,144.91,6536000
2019-02-19,144.42,144.88,144.020004,144.44,8406700
2019-02-20,144.35001,144.84,143.52,144.73,5283100
2019-02-21,144.35001,145.029999,143.17999,144.0,8573400
2019-02-22,144.42,146.28,144.42,145.87,9680800
2019-02-25,146.91,147.2,145.81,146.059998,9731200
2019-02-26,145.2,147.39999,145.020004,147.039993,7332500
2019-02-27,146.5,147.49001,145.92,147.22,9731200
2019-02-28,147.25999,148.82001,147.23,148.12,6250200
2019-03-01,149.46001,149.92999,148.38,149.47,7016800
2019-03-04,150.070007,150.19,146.95,147.96001,6979700
2019-03-05,148.0,149.28999,147.83,147.95,9678600
2019-03-06,148.0,148.52,147.42,147.81,8186400
2019-03-07,147.25999,147.81,146.039993,146.83,8761700
2019-03-08,145.44,147.48,144.5,147.35001,5168100
2019-03-11,148.11,150.97,148.020004,150.67,9361500
2019-03-12,151.0,153.14,150.87,151.73,9465100
2019-03-13,152.3,154.039993,152.039993,152.47,8308900
2019-03-14,152.56,154.69,152.3,154.2,9364900
2019-03-15,153.72,156.82001,153.36,155.46001,20162000
2019-03-18,155.92,156.41,154.42,154.96001,9689400
2019-03-19,155.95,155.95,154.14,154.59,9236100
2019-03-20,154.34,154.87,152.71001,153.75,6391400
2019-03-21,153.32001,156.67999,153.31,155.8,7027100
2019-03-22,154.99001,155.67999,152.85001,153.070007,8119800
2019-03-25,152.36,154.059998,151.53999,153.029999,7568000
2019-03-26,153.77,155.60001,153.77,155.3,15594400
2019-03-27,155.47,155.86,153.36,154.22,12253800
2019-03-28,154.92999,155.080002,153.61,154.67,16902200
2019-03-29,155.73,156.28999,154.92999,156.19,12164400
2019-04-01,157.53,157.73,156.55,157.25999,6420100
2019-04-02,157.66,158.14999,156.75,157.78,6215100
2019-04-03,158.55,159.11,157.85001,158.46001,8209300
2019-04-04,158.53,158.69,156.53,157.64,5100200
2019-04-05,158.0,158.63,157.23,157.64999,4178300
2019-04-08,157.55,157.85001,156.32001,157.75,5604700
2019-04-09,156.56,157.99001,156.47,157.49001,6364100
2019-04-10,157.99001,158.78,157.52,158.56,3918600
2019-04-11,159.11,159.3,157.44,157.86,5771400
2019-04-12,158.71001,159.64,157.86,159.64,6745100
2019-04-15,159.83,160.48,159.19,160.44,8142800
2019-04-16,161.039993,161.10001,159.55,160.23,6021400
2019-04-17,160.87,161.070007,160.31,160.44,4609100
2019-04-18,160.92999,161.10001,159.0,160.16,7859400
2019-04-22,159.2,160.48,159.070007,160.39999,4602600
2019-04-23,161.0,161.88,159.87,161.66,6522900
2019-04-24,161.75,162.029999,160.64999,161.49001,7376500
2019-04-25,160.52,161.60001,158.55,161.020004,8862500
2019-04-26,161.25999,163.029999,160.39999,162.92999,7525400
2019-04-29,163.21001,164.5,163.10001,164.14999,10003600
2019-04-30,164.98,165.7,163.92,164.42999,6432700
2019-05-01,165.53999,165.74001,162.75,162.78999,5248100
2019-05-02,162.10001,163.080002,160.42999,161.12,6054900
2019-05-03,162.3,162.74001,161.17999,162.039993,4317500
2019-05-06,158.21001,162.64999,158.2,162.28,10442400
2019-05-07,160.95,161.78,158.67999,160.21001,6413600
2019-05-08,159.77,161.7,159.52,160.75999,5445900
2019-05-09,158.86,159.85001,157.17,159.81,6813700
2019-05-10,158.86,161.39999,157.27,160.71001,5192500
2019-05-13,157.19,158.72,156.42,157.33,9730000
2019-05-14,158.10001,161.52,157.94,160.21001,9756700
2019-05-15,159.32001,163.16,159.10001,162.78999,7547000
2019-05-16,163.45,165.60001,162.86,164.87,9745500
2019-05-17,163.28999,165.2,163.2,164.089996,4582500
2019-05-20,163.35001,164.74001,162.33,163.47,4747400
2019-05-21,164.58,164.86,163.19,163.86,9095700
2019-05-22,163.60001,165.63,163.45,164.24001,5416400
2019-05-23,163.5,164.25,160.82001,161.50999,6138000
2019-05-24,162.75,163.41,161.72,162.64,4105600
2019-05-28,163.39999,165.77,163.33,163.71001,10202300
2019-05-29,163.3,163.5,161.48,162.73,6456000
2019-05-30,162.8,163.5,161.94,162.75999,4750600
2019-05-31,160.91,162.13,160.56,161.33,5079000
2019-06-03,161.53999,162.83,156.75,158.60001,8034600
2019-06-04,160.28999,162.37,158.64999,162.33,6684800
2019-06-05,163.5,165.39999,162.69,165.39,7769300
2019-06-06,165.88,167.39999,164.94,166.92,13738500
2019-06-07,168.0,171.61,167.8,170.050003,10528800
2019-06-10,171.84,172.020004,170.50999,170.82001,7565900
2019-06-11,171.95,172.17999,168.42,170.31,6082900
2019-06-12,170.38,171.62,169.7,171.59,6772000
2019-06-13,172.14,172.2,168.72,169.35001,6901400
2019-06-14,169.77,170.64,168.84,169.66,4999900
2019-06-17,169.73,170.42,169.029999,169.56,6410200
2019-06-18,170.64999,170.67,167.55,169.28,6969300
2019-06-19,169.39,171.2,169.21001,170.69,6323900
2019-06-20,172.50999,173.94,171.75,173.74001,11474100
2019-06-21,173.27,174.81,173.16,173.44,11728200
2019-06-24,174.60001,174.73,172.72,173.85001,5554900
2019-06-25,174.81,174.94,170.59,171.28,9899900
2019-06-26,171.39,172.39,170.82001,171.059998,7129900
2019-06-27,172.12,172.39999,170.32001,171.23,5873400
2019-06-28,171.96001,173.55,170.52,173.55,8442700
2019-07-01,175.33,175.53999,172.74001,173.94,6103200
2019-07-02,174.10001,175.32001,173.3,175.28,5238100
2019-07-03,176.0,176.99001,175.72,176.87,4066600
2019-07-05,175.86,177.029999,174.50999,176.66,5840400
2019-07-08,176.3,176.61,175.39999,176.19,6720300
2019-07-09,175.42999,177.89,175.3,177.73,4894300
2019-07-10,178.58,180.25999,178.58,179.31,5110600
2019-07-11,180.12,180.94,179.46001,180.74001,6986600
2019-07-12,181.35001,181.35001,178.92,180.33,7196700
2019-07-15,180.56,181.070007,179.94,180.57001,4490400
2019-07-16,180.37,180.88,178.73,179.31,6800200
2019-07-17,179.56,180.21001,179.0099945,179.14999,3994200
2019-07-18,178.63,180.62,178.58,180.53,4736300
2019-07-19,181.84,181.84,179.14,179.24001,5327100
2019-07-22,179.64,180.98,179.14,180.57001,4862100
2019-07-23,180.89,181.27,179.059998,180.89999,7193000
2019-07-24,180.78999,183.42999,179.25,183.33,8169300
2019-07-25,183.87,183.99001,181.3,181.59,6085800
2019-07-26,182.41,183.82001,182.21001,183.69,5056300
2019-07-29,183.89,184.070007,182.73,183.21001,4621800
2019-07-30,182.53999,183.38,181.27,181.53,5236600
2019-07-31,181.78999,182.050003,176.059998,178.0,7981200
2019-08-01,179.19,182.39999,178.17,179.17,8417300
2019-08-02,178.0,178.27,174.69,177.42,8264600
2019-08-05,172.0099945,173.5,166.98,168.86,16858300
2019-08-06,171.78999,172.95,170.13,172.48,10281300
2019-08-07,171.5,175.73,170.34,175.32001,8292800
2019-08-08,177.46001,179.95,176.57001,179.89999,7602800
2019-08-09,179.67,180.10001,177.85001,179.050003,5373700
2019-08-12,177.44,178.64999,175.60001,176.34,7394400
2019-08-13,174.39,178.92,174.21001,178.61,6667700
2019-08-14,176.24001,177.25,173.16,173.50999,7293500
2019-08-15,174.25999,177.020004,173.52,176.27,6698000
2019-08-16,178.0,178.75,177.2,178.23,8312200
2019-08-19,180.42,180.42,178.12,179.74001,5285000
2019-08-20,179.42999,180.63,178.49001,179.24001,3793600
2019-08-21,180.69,181.69,180.24001,180.94,3695900
2019-08-22,181.95,182.33,178.61,180.089996,6659900
2019-08-23,179.55,180.5,174.24001,175.23,7051900
2019-08-26,176.41,177.67,175.35001,177.59,7754400
2019-08-27,178.32001,179.19,176.94,178.38,4022100
2019-08-28,176.99001,178.99001,176.029999,178.67,4401900
2019-08-29,180.39999,181.39,179.31,181.17,4679200
2019-08-30,181.99001,182.17999,179.67,180.82001,4061200
2019-09-03,180.52,181.25,179.10001,179.2,4644000
2019-09-04,180.89999,182.2,180.050003,181.77,4154800
2019-09-05,183.73,185.67999,183.38,184.73,6386800
2019-09-06,184.74001,186.71001,184.55,185.74001,7990900
2019-09-09,186.92,187.050003,179.50999,181.55,7290500
2019-09-10,179.41,179.7,173.81,176.35001,15255200
2019-09-11,177.39999,177.92999,174.45,174.98,9113600
2019-09-12,176.85001,179.41,176.67999,177.98,7748800
2019-09-13,178.64999,178.77,176.020004,177.27,6103200
2019-09-16,176.17,177.2,175.50999,176.11,4253600
2019-09-17,176.83,178.25999,175.039993,176.45,5924700
2019-09-18,177.089996,177.17999,172.83,175.28999,9542500
2019-09-19,176.2,177.41,175.61,175.96001,6964500
2019-09-20,177.39999,177.63,173.95,174.059998,12820400
2019-09-23,172.89999,175.25,172.78999,174.91,8803500
2019-09-24,176.11,177.2,173.39999,174.48,10039900
2019-09-25,173.8,175.67,172.39,175.28,7797300
2019-09-26,175.64999,176.45,174.61,175.64999,10419000
2019-09-27,176.7,176.83,172.36,174.0,9212600
2019-09-30,174.17,175.45,172.0099945,172.0099945,16464000
2019-10-01,173.020004,174.82001,172.82001,174.28999,8146200
2019-10-02,172.64,172.94,168.59,169.83,10596200
2019-10-03,169.91,173.14,168.63,172.87,7242800
2019-10-04,174.67999,176.52,174.44,175.98,6027600
2019-10-07,174.66,175.69,173.8,174.89999,5248300
2019-10-08,173.57001,174.64,171.88,172.42,5336500
2019-10-09,174.11,175.99001,173.64,174.88,6277300
2019-10-10,173.89,175.89999,173.59,174.88,4762400
2019-10-11,176.87,179.2,176.85001,177.059998,8754400
2019-10-14,177.38,178.41,177.11,177.36,7240900
2019-10-15,178.13,179.42999,177.55,178.75,4400200
2019-10-16,177.92,178.25999,176.27,177.87,6509000
2019-10-17,178.89,179.19,177.5,177.94,4887900
2019-10-18,177.89999,178.2,174.55,175.71001,6311900
2019-10-21,176.0,176.73,174.61,176.42999,4898200
2019-10-22,177.0,177.78999,170.78,170.86,10094700
2019-10-23,170.99001,172.17,170.17999,171.32001,7122300
2019-10-24,173.42,176.87,173.39999,176.16,7872600
2019-10-25,174.92999,179.14999,173.5,177.85001,10130100
2019-10-28,178.92999,180.17999,178.35001,179.84,10086500
2019-10-29,179.8,180.0,177.37,177.63,7572800
2019-10-30,177.78999,179.42,176.39,179.25,5374800
2019-10-31,179.25,179.7,178.0099945,178.86,6830800
2019-11-01,180.13,181.32001,179.56,180.92999,7000200
2019-11-04,182.080002,182.39999,178.81,178.95,7154800
2019-11-05,179.070007,179.56,175.17999,176.37,7447500
2019-11-06,176.37,178.19,176.14,176.77,6992500
2019-11-07,177.35001,180.64999,176.85001,178.42999,7227200
2019-11-08,178.38,179.45,177.8,178.97,3894100
2019-11-11,178.5,180.36,178.2,179.53999,3617300
2019-11-12,179.94,181.059998,178.88,179.74001,6118700
2019-11-13,179.39999,180.88,177.89999,179.41,6138300
2019-11-14,179.0,179.77,178.059998,179.75,9811000
2019-11-15,180.029999,180.67999,179.080002,179.77,7808800
2019-11-18,179.57001,180.32001,178.98,179.66,7173700
2019-11-19,180.39,182.98,180.2,182.77,8549900
2019-11-20,182.31,183.22,180.35001,181.66,6040500
2019-11-21,181.17,181.81,179.32001,179.89,5112200
2019-11-22,180.13,180.47,178.35001,179.47,6865600
2019-11-25,180.39999,181.35001,180.11,180.97,5457800
2019-11-26,181.46001,182.92,181.21001,182.55,7079000
2019-11-27,183.0,184.53999,182.25999,184.37,11452700
2019-11-29,183.92999,184.85001,183.36,184.50999,3139100
2019-12-02,184.24001,184.37,179.87,181.78999,6883200
2019-12-03,179.89999,182.14,179.66,181.89999,4543300
2019-12-04,182.66,182.66,180.47,180.60001,10650400
2019-12-05,181.25,182.029999,180.070007,181.89,4638600
2019-12-06,182.74001,183.28,181.34,182.17,14526700
2019-12-09,181.89999,183.25999,181.3,182.92,10233100
2019-12-10,182.55,183.14999,181.89999,182.25999,8625700
2019-12-11,183.070007,183.080002,181.19,182.0099945,7138800
2019-12-12,181.66,183.33,180.83,182.64,11192100
2019-12-13,182.5,185.52,182.039993,185.14,8558100
2019-12-16,186.33,186.82001,185.77,186.24001,8249900
2019-12-17,186.5,186.78,184.10001,185.52,10208700
2019-12-18,185.52,186.44,184.89999,184.89999,8968500
2019-12-19,184.5,186.58,184.5,186.53999,5854200
2019-12-20,187.60001,188.17,186.3,188.0,11259500
2019-12-23,188.14999,188.41,187.0,187.080002,5831700
2019-12-24,187.10001,188.020004,186.91,187.57001,2420900
2019-12-26,187.89,189.17999,187.7,189.16,5237000
2019-12-27,189.74001,189.89,188.47,189.39,5448600
2019-12-30,189.31,189.48,187.12,187.83,4833600
2019-12-31,187.059998,188.0,186.53999,187.89999,5273000
2020-01-02,189.0,191.14,188.72,191.12,8733000
2020-01-03,188.41,190.96001,187.92,189.60001,4899700
2020-01-06,188.0,189.21001,187.16,189.19,10109500
2020-01-07,189.59,190.10001,188.60001,188.69,4392300
2020-01-08,189.49001,192.5,188.8,191.92,5712000
2020-01-09,193.0,193.92,192.52,193.25,6748000
2020-01-10,193.5,194.57001,193.11,193.77,6586400
2020-01-13,194.44,195.60001,194.28,195.33,11290500
2020-01-14,196.74001,196.95,195.14,196.050003,6236500
2020-01-15,197.0,200.14999,196.32001,199.8,10831100
2020-01-16,201.0,201.5,199.78,200.95,9983700
2020-01-17,201.75999,204.75,199.98,204.7,12518900
2020-01-21,204.13,208.39,203.8,207.28999,14861700
2020-01-22,207.50999,210.13,207.28999,207.89999,8065000
2020-01-23,207.89999,208.39999,205.3,206.52,8520800
2020-01-24,207.42,207.99001,204.21001,205.0,7812900
2020-01-27,200.0,203.33,199.10001,201.69,7198900
2020-01-28,202.39,203.84,201.78,202.85001,7215700
2020-01-29,204.3,205.92,202.50999,204.86,7041700
2020-01-30,204.0,208.5,203.32001,208.21001,8571900
2020-01-31,201.49001,203.98,198.25999,198.97,16699600
2020-02-03,199.94,202.25999,199.85001,200.81,10885900
2020-02-04,203.5,204.92,202.23,203.56,10205900
2020-02-05,205.5,205.60001,199.95,202.81,8672400
2020-02-06,203.050003,204.63,202.48,203.039993,7001200
2020-02-07,201.98,203.83,201.089996,202.74001,5691100
2020-02-10,201.97,206.13,201.86,205.99001,6239500
2020-02-11,207.5,207.67,203.64,203.94,10231900
2020-02-12,205.0,208.14999,205.0,207.44,7355800
2020-02-13,206.62,208.47,206.050003,207.39999,9495300
2020-02-14,208.28999,210.78,208.0099945,210.28999,6548800
2020-02-18,210.0,211.5,209.36,211.2,7651500
2020-02-19,212.52,214.17,211.72,213.31,5927500
2020-02-20,212.13,213.69,208.28,211.45,8531900
2020-02-21,209.89999,210.22,207.42,208.81,9231500
2020-02-24,197.89,203.77,194.0099945,198.78999,13316800
2020-02-25,198.78999,199.89,187.72,188.39999,18539000
2020-02-26,190.0,193.50999,187.029999,187.21001,14214700
2020-02-27,182.12,186.34,180.0,180.0099945,17536600
2020-02-28,173.78999,182.33,172.98,181.75999,22659000
2020-03-02,186.32001,192.44,183.10001,192.33,17434500
2020-03-03,193.2,194.039993,184.5,185.73,15226400
2020-03-04,190.36,194.49001,186.17,194.28999,10789100
2020-03-05,191.24001,191.92,185.64,186.96001,10106900
2020-03-06,183.53999,185.99001,179.98,184.36,15183200
2020-03-09,171.21001,179.57001,168.31,171.13,20486400
2020-03-10,179.47,182.61,171.88,182.60001,16119400
2020-03-11,177.64999,178.73,170.2,172.95,14598200
2020-03-12,158.5,172.0,156.99001,160.080002,27467700
2020-03-13,168.72,176.32001,162.21001,175.83,19948900
2020-03-16,151.14,165.31,147.98,152.0099945,23692000
2020-03-17,155.75,163.7,149.25,157.89,22298000
2020-03-18,148.46001,150.67999,139.8,148.48,22787500
2020-03-19,146.92,157.25,141.47,152.25,19362800
2020-03-20,154.82001,158.25999,145.67,146.83,18692100
2020-03-23,141.33,143.35001,133.92999,135.74001,30344100
2020-03-24,144.84,155.25,143.58,154.53,24488300
2020-03-25,159.32001,168.17999,153.58,161.78,20619600
2020-03-26,162.080002,169.53,161.78999,168.88,17062900
2020-03-27,161.080002,167.10001,158.14999,161.56,14950700
2020-03-30,161.039993,165.87,160.69,165.57001,15714500
2020-03-31,166.42999,168.19,160.53999,161.12,20613100
2020-04-01,156.32001,158.070007,151.42,153.11,12595200
2020-04-02,152.53,158.35001,151.28999,157.39,14051100
2020-04-03,155.56,157.72,150.60001,151.85001,11994700
2020-04-06,160.020004,170.73,158.25,169.44,16479100
2020-04-07,177.75999,178.8,168.10001,168.59,15379000
2020-04-08,171.0099945,176.0,167.92999,174.94,11146500
2020-04-09,176.27,177.19,172.85001,173.69,12231800
2020-04-13,172.25999,172.32001,166.14999,168.99001,14043700
2020-04-14,173.089996,175.42999,170.83,174.62,9980500
2020-04-15,168.7,169.36,164.95,165.96001,12118700
2020-04-16,167.11,168.0,159.8,162.42,20308200
2020-04-17,169.64999,170.99001,164.95,169.53999,15375800
2020-04-20,167.33,167.42999,163.2,164.22,10505200
2020-04-21,162.0,162.57001,159.14999,160.53,10562100
2020-04-22,164.66,167.7,162.92,166.59,14502500
2020-04-23,167.88,170.41,166.21001,166.38,11411300
2020-04-24,168.44,168.75,164.0099945,167.32001,8391400
2020-04-27,168.64999,172.35001,168.55,171.75999,9903300
2020-04-28,175.0,175.0099945,170.38,171.25,8614400
2020-04-29,176.85001,182.25,176.10001,181.78999,12862800
2020-04-30,181.78,181.83,177.66,178.72,11331600
2020-05-01,174.45,179.64,174.27,175.57001,10109600
2020-05-04,172.95,176.94,171.72,176.14999,9386200
2020-05-05,179.089996,181.10001,178.25999,178.44,13513000
2020-05-06,179.72,180.50999,177.88,178.78,8540500
2020-05-07,181.75,184.98,181.71001,182.72,9262200
2020-05-08,185.029999,185.75,183.62,185.089996,6470100
2020-05-11,183.87,184.62,181.42999,183.56,8683100
2020-05-12,183.56,183.99001,179.37,179.47,8219700
2020-05-13,178.5,181.089996,175.039993,177.089996,13377100
2020-05-14,175.94,181.050003,173.82001,180.89999,9695100
2020-05-15,179.98,184.14,178.87,183.49001,10785900
2020-05-18,188.0,192.83,187.47,191.38,11802200
2020-05-19,191.14,194.5,189.23,189.36,7446800
2020-05-20,193.0,194.99001,192.41,193.86,9545600
2020-05-21,193.5,193.62,190.020004,190.62,11338100
2020-05-22,191.0,191.37,189.23,190.86,5807600
2020-05-26,195.8,196.27,192.75999,193.22,9662200
2020-05-27,194.31,194.31,188.52,192.82001,7650300
2020-05-28,193.53999,198.28999,192.71001,194.25999,8352200
2020-05-29,194.5,196.74001,193.28,195.24001,10211900
2020-06-01,194.71001,195.88,193.52,194.35001,6011300
2020-06-02,195.94,197.52,194.92,196.36,8462100
2020-06-03,198.0,198.14,195.57001,196.87,8879400
2020-06-04,195.98,196.46001,193.12,193.64,7829800
2020-06-05,196.2,199.77,195.48,199.61,8561200
2020-06-08,199.58,199.96001,197.13,199.60001,7628100
2020-06-09,198.36,201.67,198.24001,199.080002,6892300
2020-06-10,199.89999,202.17999,198.95,200.48,8405300
2020-06-11,195.14,196.36,188.75,188.88,11974600
2020-06-12,194.21001,195.0,187.85001,192.25999,11706300
2020-06-15,187.0,192.48,186.21001,191.75999,6752700
2020-06-16,196.86,198.38,191.8,192.88,11057200
2020-06-17,193.66,195.37,193.059998,193.56,5968900
2020-06-18,192.60001,194.25,192.11,193.91,5803200
2020-06-19,196.89,197.10001,191.37,192.2,11483300
2020-06-22,191.99001,196.36,191.28999,194.96001,6674500
2020-06-23,196.25,200.14999,195.82001,197.97,9866800
2020-06-24,197.020004,197.48,190.69,191.41,9453100
2020-06-25,191.10001,194.24001,189.89999,193.98,9936600
2020-06-26,193.10001,194.13,189.080002,189.27,11836000
2020-06-29,189.91,191.45,187.3,191.38,8020400
2020-06-30,191.49001,193.75,190.16,193.17,9040100
2020-07-01,193.85001,195.35001,192.66,193.78,6394100
2020-07-02,196.0,197.92,195.0,195.67,6299300
2020-07-06,198.73,199.17999,195.67999,197.75999,7292200
2020-07-07,196.81,198.89999,193.81,194.2,7660100
2020-07-08,195.080002,195.52,193.12,195.070007,8368000
2020-07-09,195.0,195.49001,189.95,192.21001,8548200
2020-07-10,191.64999,192.82001,189.44,192.55,7674200
2020-07-13,193.61,195.19,188.7,189.020004,8564100
2020-07-14,189.5,193.47,187.17999,193.33,8003900
2020-07-15,195.23,197.77,194.5,196.55,7681100
2020-07-16,195.33,195.71001,192.52,193.5,5064000
2020-07-17,194.83,195.57001,193.12,195.089996,6395000
2020-07-20,194.74001,199.48,193.67,198.47,6985300
2020-07-21,200.0,200.17,195.67999,196.48,7218700
2020-07-22,196.48,199.0,196.25,198.86,6823400
2020-07-23,198.44,200.95,196.42999,197.42999,6106700
2020-07-24,195.67,197.48,194.029999,195.14999,7160300
2020-07-27,195.16,197.81,194.2,196.91,5604700
2020-07-28,197.69,199.37,196.71001,196.74001,6897300
2020-07-29,193.089996,198.89,193.050003,198.58,9471300
2020-07-30,195.2,196.56,192.12,194.059998,10499400
2020-07-31,194.42,194.69,189.44,190.39999,14180800
2020-08-03,191.8,193.34,190.21001,190.69,11405200
2020-08-04,191.13,192.94,190.080002,192.28999,8204000
2020-08-05,193.56,198.17999,193.10001,196.10001,8876800
2020-08-06,195.98,198.92,194.78999,198.77,7480300
2020-08-07,197.59,197.98,195.3,196.36,5654000
2020-08-10,196.36,198.31,195.33,196.78999,5525400
2020-08-11,197.82001,202.89,196.34,197.77,11549600
2020-08-12,199.0,200.23,198.24001,198.74001,5432500
2020-08-13,197.13,199.94,197.029999,197.58,7014800
2020-08-14,197.0099945,198.070007,195.77,196.64,5014400
2020-08-17,197.3,200.46001,196.71001,199.42999,6256200
2020-08-18,199.98,200.10001,196.82001,199.0099945,6519900
2020-08-19,198.92,202.84,198.89999,200.99001,9467600
2020-08-20,199.89999,204.44,199.60001,204.14999,8849200
2020-08-21,204.5,205.14,203.34,204.13,9998300
2020-08-24,205.0099945,206.45,204.67,206.41,6159600
2020-08-25,207.19,208.2,205.53999,208.10001,5828300
2020-08-26,208.10001,210.8,207.3,210.25999,7035200
2020-08-27,211.21001,212.17999,209.050003,211.029999,8619600
2020-08-28,212.0,216.16,211.22,215.71001,7349800
2020-08-31,215.53999,215.96001,211.56,211.99001,9326900
2020-09-01,212.21001,213.89,211.12,213.35001,5642900
2020-09-02,214.13,217.35001,213.77,216.48,9863800
2020-09-03,214.92999,214.92999,207.089996,208.96001,11310200
2020-09-04,208.49001,210.5,200.14999,204.66,13243600
2020-09-08,200.78,202.25,199.21001,200.12,14186900
2020-09-09,204.35001,206.28999,201.95,204.059998,7532600
2020-09-10,204.86,207.0,200.45,201.53999,7243000
2020-09-11,201.58,202.41,198.91,200.67999,7439000
2020-09-14,203.35001,206.41,203.14,204.98,11730500
2020-09-15,206.75,208.21001,204.77,205.39,6328600
2020-09-16,206.74001,207.75,204.95,205.13,6135000
2020-09-17,202.85001,205.58,202.0,205.27,7474900
2020-09-18,205.47,205.72,201.72,202.61,9084100
2020-09-21,199.91,201.25,194.7,197.45,9656000
2020-09-22,198.089996,200.71001,196.8,200.56,7543100
2020-09-23,200.8,201.089996,194.57001,195.37,6310600
2020-09-24,195.14999,197.67,193.13,195.52,9865300
2020-09-25,195.020004,198.14,193.50999,197.25,5496100
2020-09-28,200.63,201.72,199.83,200.32001,5565300
2020-09-29,200.58,202.38,199.37,199.44,5513500
2020-09-30,200.85001,202.53999,198.89,199.97,9157600
2020-10-01,202.21001,205.2,201.64,203.35001,7234600
2020-10-02,200.0,202.83,199.39999,201.46001,6019700
2020-10-05,202.71001,203.64999,201.050003,203.53999,6090500
2020-10-06,204.11,205.10001,199.71001,200.45,5841100
2020-10-07,202.0,202.78999,199.99001,202.47,6713400
2020-10-08,204.0,204.3,202.23,202.98,3955600
2020-10-09,204.0,207.080002,203.67999,206.64,5562900
2020-10-12,206.94,207.97,205.73,206.39999,6622700
2020-10-13,203.38,205.21001,203.029999,204.32001,5621700
2020-10-14,204.71001,204.97,201.13,202.2,5320000
2020-10-15,201.0099945,204.7,197.60001,199.55,8885500
2020-10-16,199.99001,202.64999,199.41,200.25999,6385900
2020-10-19,200.85001,201.070007,196.5,196.97,7449600
2020-10-20,197.55,199.66,196.71001,197.7,7427000
2020-10-21,197.83,200.42,197.83,198.42999,6067200
2020-10-22,199.34,199.77,195.75999,197.99001,4908200
2020-10-23,199.75,199.88,196.020004,198.0099945,5877200
2020-10-26,196.0,196.42,190.72,193.070007,12608700
2020-10-27,193.0,193.7,189.22,190.059998,8690400
2020-10-28,183.98,184.7,179.34,180.87,17809500
2020-10-29,183.0,187.0,179.34,184.87,16820900
2020-10-30,182.66,184.22,179.23,181.71001,10252900
2020-11-02,184.50999,186.92,183.89,184.74001,8057100
2020-11-03,186.83,189.53,185.16,188.34,6467900
2020-11-04,192.89,196.88,191.53,193.97,8102700
2020-11-05,198.36,200.99001,197.28999,197.64,7132100
2020-11-06,197.35001,199.67999,195.42999,198.47,6180500
2020-11-09,214.69,217.64999,212.28,212.67999,17916900
2020-11-10,211.94,214.059998,210.55,213.31,7943600
2020-11-11,212.17,214.28,211.67,212.7,5337200
2020-11-12,211.42999,212.53999,207.14,208.25999,7302500
2020-11-13,209.91,211.28,207.3,210.48,6377500
2020-11-16,214.57001,215.089996,211.83,212.7,12083200
2020-11-17,210.56,212.089996,209.5,210.71001,7268800
2020-11-18,209.72,211.14999,207.67,207.83,6977900
2020-11-19,207.24001,208.73,205.53,207.57001,5657200
2020-11-20,207.13,208.11,203.81,203.88,9653500
2020-11-23,204.7,209.0,204.7,208.16,6101900
2020-11-24,210.85001,213.82001,209.39999,209.67999,10110800
2020-11-25,209.67,211.95,208.87,210.89,6772900
2020-11-27,212.0,212.029999,208.81,211.0,3512900
2020-11-30,209.53999,210.53999,206.60001,210.35001,7725500
2020-12-01,212.13,213.67,211.039993,211.2,8047900
2020-12-02,211.0,211.39999,208.48,210.17999,9728900
2020-12-03,209.78,211.11,207.61,208.050003,9203300
2020-12-04,209.74001,212.72,208.50999,212.67999,5720100
2020-12-07,211.97,214.5,211.8,212.64999,10624500
2020-12-08,209.95,213.13,209.89,212.77,8646200
2020-12-09,213.23,213.5,208.95,209.58,6251100
2020-12-10,208.50999,209.3,207.25,207.61,10492000
2020-12-11,205.36,206.89,204.5,206.24001,9227600
2020-12-14,207.85001,211.3,206.97,207.25,11967700
2020-12-15,208.53999,209.44,206.16,208.36,9796100
2020-12-16,208.48,209.13,207.14,208.27,7504400
2020-12-17,209.0,211.78,208.85001,211.17999,6517200
2020-12-18,211.020004,211.98,209.87,211.31,13298200
2020-12-21,208.27,209.8,204.78999,209.0099945,7576700
2020-12-22,208.39,208.39999,205.60001,205.84,7396200
2020-12-23,207.33,207.33,205.11,205.3,6523100
2020-12-24,206.64,208.82001,206.60001,208.7,3367900
2020-12-28,209.85001,213.46001,208.95,212.63,5816200
2020-12-29,214.61,215.24001,213.53999,214.37,6093400
2020-12-30,216.0,220.39,215.64999,218.36,8875100
2020-12-31,218.39999,219.82001,216.2,218.73,5922200
2021-01-04,220.25,220.25,214.24001,217.75999,10318300
2021-01-05,216.31,218.46001,213.64,214.50999,6869700
2021-01-06,213.8,216.17,212.070007,212.62,7206200
2021-01-07,212.2,215.22,212.2,213.81,10967900
2021-01-08,214.17,216.12,212.75,215.45,6513000
2021-01-11,213.96001,214.86,212.48,212.89,7353100
2021-01-12,212.34,212.78999,207.47,208.86,9331600
2021-01-13,209.41,211.0,208.63,209.35001,6688500
2021-01-14,210.57001,211.21001,201.73,201.86,12887500
2021-01-15,201.53999,203.25999,200.42999,201.59,8755000
2021-01-19,203.050003,204.17,200.070007,201.66,9772000
2021-01-20,203.029999,207.19,202.23,206.0099945,12675700
2021-01-21,206.050003,207.17,204.75,205.14,6513500
2021-01-22,203.99001,205.33,201.8,202.020004,7316200
2021-01-25,200.34,201.64,195.75,200.98,19282400
2021-01-26,201.75999,203.49001,200.97,202.0099945,9605300
2021-01-27,197.64,199.7,193.96001,194.97,13772400
2021-01-28,200.0,202.0,198.17,198.22,11041300
2021-01-29,197.82001,203.050003,192.81,193.25,21503000
2021-02-01,195.14,199.21001,195.020004,198.36,12970700
2021-02-02,200.85001,204.35001,200.0,202.61,11305100
2021-02-03,203.070007,203.50999,200.98,201.36,13458600
2021-02-04,203.24001,209.67999,203.10001,209.25,14534800
2021-02-05,209.98,210.13,208.66,208.77,10284000
2021-02-08,210.0,210.64999,205.91,206.89,8637100
2021-02-09,205.75999,207.63,203.7,206.52,7619400
2021-02-10,207.97,207.97,205.94,206.44,8467600
2021-02-11,207.33,211.59,207.19,210.66,8411100
2021-02-12,209.36,211.13,207.67999,209.96001,6911000
2021-02-16,210.66,211.050003,207.35001,207.89999,9652700
2021-02-17,205.25999,208.28,205.059998,207.50999,8373200
2021-02-18,205.88,209.7,204.96001,209.35001,7328600
2021-02-19,209.34,209.53,203.75999,204.73,15011500
2021-02-22,203.55,210.64999,203.11,208.32001,8337700
2021-02-23,207.39999,213.91,206.55,212.11,10571700
2021-02-24,212.36,220.53,211.28999,219.42999,12039000
2021-02-25,219.28999,220.45,212.58,213.75,11404300
2021-02-26,214.050003,215.21001,210.74001,212.39,11730000
2021-03-01,214.97,217.8,214.78999,216.63,6982000
2021-03-02,216.96001,217.92999,214.82001,215.77,6155200
2021-03-03,215.14999,217.19,212.86,214.85001,6484600
2021-03-04,215.97,217.020004,208.67,211.5,10658900
2021-03-05,213.73,216.10001,209.63,215.41,7582000
2021-03-08,216.98,226.13,215.81,220.27,14750400
2021-03-09,222.059998,225.0,220.19,220.36,9228600
2021-03-10,220.72,224.19,219.39999,223.17,7822900
2021-03-11,224.53,228.23,223.81,226.14999,10053400
2021-03-12,225.28,226.53999,223.42,224.36,8172400
2021-03-15,224.23,227.089996,221.74001,223.27,9306100
2021-03-16,223.71001,225.58,222.3,224.7,8949300
2021-03-17,225.050003,226.24001,221.75999,223.020004,8675600
2021-03-18,221.42999,222.52,219.58,220.66,9321800
2021-03-19,219.12,220.17,206.88,206.89999,32209700
2021-03-22,206.55,212.28999,206.23,208.0,11371600
2021-03-23,209.050003,209.96001,207.5,208.14999,8820700
2021-03-24,208.75,211.14,207.92999,208.070007,10101600
2021-03-25,207.67,208.82001,205.78,207.97,8390800
2021-03-26,208.25,213.7,207.7,213.53,7399900
2021-03-29,212.45,215.28999,211.12,214.50999,7792300
2021-03-30,213.0099945,214.14999,211.41,211.89999,5498000
2021-03-31,212.55,214.11,211.55,211.73,13180000
2021-04-01,213.78,217.74001,212.3,216.86,6138400
2021-04-05,218.60001,220.50999,217.31,219.039993,10440500
2021-04-06,217.62,219.39999,215.34,218.64999,7828100
2021-04-07,219.12,221.039993,218.64,219.27,5614300
2021-04-08,219.97,222.82001,218.11,220.7,11042000
2021-04-09,221.0,222.60001,219.50999,222.52,5724900
2021-04-12,220.24001,221.91,219.22,221.47,6315200
2021-04-13,221.0,221.62,220.22,221.020004,4764000
2021-04-14,221.0,223.10001,220.070007,221.98,4972600
2021-04-15,223.89,227.63,223.86,226.28,8698100
2021-04-16,227.17,227.8,225.75999,226.41,6829400
2021-04-19,225.75,227.58,225.080002,225.78999,6541600
2021-04-20,224.78,225.38,221.82001,223.28,5799100
2021-04-21,223.31,227.87,222.87,227.45,9490600
2021-04-22,227.3,230.92999,226.89,227.57001,7303000
2021-04-23,228.61,231.82001,227.71001,230.0,5345200
2021-04-26,230.77,232.95,229.52,230.34,5650000
2021-04-27,231.029999,231.16,228.99001,229.91,6642100
2021-04-28,230.95,236.27,230.67,233.45,10111400
2021-04-29,235.23,237.5,233.14999,236.86,7411400
2021-04-30,235.32001,235.92999,232.28999,233.56,10260200
2021-05-03,234.050003,235.74001,231.39,232.61,8174400
2021-05-04,231.60001,232.39,230.23,232.029999,5884500
2021-05-05,233.85001,233.85001,228.66,229.21001,6523200
2021-05-06,229.63,231.58,228.66,231.32001,6124100
2021-05-07,232.34,233.22,230.71001,232.12,4528700
2021-05-10,231.60001,232.0,225.16,225.97,9627400
2021-05-11,223.74001,226.42,222.039993,225.48,7633300
2021-05-12,223.63,225.0,220.31,220.63,7721300
2021-05-13,221.50999,224.89999,220.89,223.74001,6650100
2021-05-14,225.82001,227.50999,224.92,226.94,4777200
2021-05-17,226.17999,227.16,225.32001,226.44,5534200
2021-05-18,228.39,229.17999,225.42999,225.57001,6900000
2021-05-19,222.75999,224.85001,221.78999,224.59,9311900
2021-05-20,225.44,227.60001,225.24001,226.44,7478600
2021-05-21,226.88,229.31,226.55,226.77,5603900
2021-05-24,227.95,230.11,227.63,229.32001,4040100
2021-05-25,229.89999,230.19,228.42,229.020004,4689100
2021-05-26,228.050003,229.35001,226.38,227.070007,4295600
2021-05-27,227.75999,228.42,226.37,226.86,5969600
2021-05-28,227.59,229.42999,227.14999,227.3,5779700
2021-06-01,229.44,230.080002,226.28,226.63,5091500
2021-06-02,229.22,233.11,228.78,229.66,9081100
2021-06-03,229.0,230.39,227.77,228.11,6382400
2021-06-04,229.35001,230.7,228.73,230.14,5085700
2021-06-07,232.85001,234.67999,230.080002,231.32001,5421300
2021-06-08,232.14999,232.85001,230.16,232.050003,4170600
2021-06-09,232.5,234.85001,232.12,232.31,4659000
2021-06-10,233.10001,234.25999,232.13,233.95,4452500
2021-06-11,234.39,235.44,233.71001,234.96001,5378300
2021-06-14,234.7,235.22,231.57001,234.080002,5805800
2021-06-15,234.44,234.8,232.62,232.98,7093800
2021-06-16,233.62,234.17999,228.0,229.60001,8905400
2021-06-17,229.21001,233.34,229.21001,232.14999,6876700
2021-06-18,230.45,232.17999,229.22,230.41,8840000
2021-06-21,231.45,235.0099945,230.39999,234.32001,7298400
2021-06-22,234.3,236.089996,233.24001,235.92999,8858400
2021-06-23,235.45,235.92,233.94,234.67999,6814700
2021-06-24,237.0,238.25,235.41,236.24001,4611500
2021-06-25,236.39999,238.48,236.32001,237.32001,7825200
2021-06-28,238.0,238.37,231.86,234.089996,9301700
2021-06-29,234.57001,236.52,234.14999,235.95,11897700
2021-06-30,235.11,236.39999,233.82001,233.82001,7797100
2021-07-01,234.2,236.25,234.050003,235.14999,5329600
2021-07-02,235.83,238.78,235.82001,238.63,4383700
2021-07-06,239.5,240.61,237.21001,239.60001,8048700
2021-07-07,240.25999,241.039993,238.3,240.0,4366100
2021-07-08,236.97,237.070007,234.55,236.61,6388000
2021-07-09,238.75999,239.45,237.42,238.47,5615900
2021-07-12,237.58,238.50999,237.27,237.87,7010700
2021-07-13,238.25,242.48,238.25,242.35001,8079200
2021-07-14,243.22,246.81,242.82001,245.99001,8693400
2021-07-15,245.31,248.8,245.31,248.55,10135100
2021-07-16,249.99001,250.46001,247.52,248.12,8674500
2021-07-19,243.99001,244.45,238.89999,240.41,11474600
2021-07-20,240.64,244.21001,239.50999,242.7,7072300
2021-07-21,243.28999,246.89999,242.3,243.66,11241400
2021-07-22,243.78,245.35001,243.14999,244.14,10293600
2021-07-23,246.75999,250.0099945,246.75999,249.020004,6766000
2021-07-26,249.21001,250.36,247.7,250.25,4879000
2021-07-27,249.19,252.67,248.22,250.92999,7038300
2021-07-28,250.050003,251.5,245.91,246.94,9036500
2021-07-29,248.11,250.38,247.10001,247.92,7495300
2021-07-30,247.21001,248.46001,246.0,246.39,5804700
2021-08-02,246.24001,247.83,238.37,239.78,9989500
2021-08-03,240.63,241.39,234.029999,237.089996,9839000
2021-08-04,237.0,237.55,235.050003,236.67,8171800
2021-08-05,236.61,240.25,236.42999,240.21001,5337500
2021-08-06,240.0,242.60001,239.86,241.39999,4509700
2021-08-09,241.75,242.17999,238.050003,240.0,5226900
2021-08-10,240.50999,241.34,235.56,238.070007,7185700
2021-08-11,238.080002,238.36,234.58,235.059998,7375700
2021-08-12,233.89,234.11,231.020004,231.78999,9867000
2021-08-13,232.0,233.27,231.39999,232.64999,5445400
2021-08-16,232.21001,235.48,230.2,235.36,7575900
2021-08-17,235.0,235.67,233.22,234.53,6850500
2021-08-18,233.92,234.35001,231.47,231.63,4996500
2021-08-19,229.039993,232.42999,228.89999,231.57001,5761300
2021-08-20,231.87,232.16,230.3,231.36,5522200
2021-08-23,232.7,234.64999,232.0,234.14,6342000
2021-08-24,235.039993,236.19,233.95,234.24001,5081800
2021-08-25,235.0,235.0,232.080002,232.59,5277100
2021-08-26,232.13,232.63,230.14999,230.52,5889100
2021-08-27,231.020004,233.050003,230.23,232.69,6369000
2021-08-30,232.69,233.67,229.92,231.23,6448000
2021-08-31,230.91,231.84,228.66,229.10001,9405100
2021-09-01,229.10001,230.78,228.77,230.12,8177600
2021-09-02,230.42999,230.55,221.96001,224.17999,19708800
2021-09-03,224.0,227.3,223.35001,225.11,11532000
2021-09-07,226.74001,228.0,225.86,226.27,9662600
2021-09-08,227.38,230.22,227.039993,229.089996,10652600
2021-09-09,229.31,230.0,227.10001,227.49001,5853000
2021-09-10,229.85001,230.039993,224.82001,224.91,6715400
2021-09-13,225.53,227.2,223.41,224.63,6808100
2021-09-14,225.0,225.81,222.28,223.029999,6575700
2021-09-15,222.52,224.84,221.36,223.81,6535800
2021-09-16,223.86,225.2,222.75,224.33,5928500
2021-09-17,222.45,223.7,219.3,221.75,13787400
2021-09-20,216.96001,220.5,216.31,220.050003,8822600
2021-09-21,220.75,222.17,218.98,220.17,7033600
2021-09-22,221.39999,224.10001,221.10001,222.75,6005900
2021-09-23,225.0,228.7,224.36,228.31,7952700
2021-09-24,228.92999,231.95,228.62,231.59,6461200
2021-09-27,231.72,233.33,228.77,229.60001,6881100
2021-09-28,228.87,228.87,224.0,225.56,6951400
2021-09-29,226.8,229.020004,226.089996,226.67999,6432700
2021-09-30,227.58,228.78999,222.63,222.75,7128500
2021-10-01,224.17,231.56,223.47,230.46001,7925400
2021-10-04,230.0,230.33,220.81,224.73,10283400
2021-10-05,225.48,227.38,223.92,224.28,5814000
2021-10-06,222.039993,226.62,221.25,226.50999,5420900
2021-10-07,228.91,231.16,228.49001,230.55,6561900
2021-10-08,231.0,232.73,230.17999,230.27,3735200
2021-10-11,230.0099945,230.32001,224.87,225.11,5620200
2021-10-12,225.56,226.22,222.92,224.050003,5448200
2021-10-13,223.13,225.86,218.63,222.46001,9076000
2021-10-14,224.12,225.64999,223.059998,225.17999,5590500
2021-10-15,227.22,231.089996,226.73,230.99001,6355100
2021-10-18,230.17999,232.75999,228.14,230.64999,5580200
2021-10-19,231.95,233.64,230.67999,233.52,4409700
2021-10-20,233.46001,233.8,231.31,231.42,5401800
2021-10-21,230.7,230.83,226.3,230.24001,5982200
2021-10-22,230.28999,232.82001,228.71001,231.23,3788000
2021-10-25,233.45,234.86,232.28999,233.88,4938700
2021-10-26,235.53,236.96001,231.33,231.82001,7814500
2021-10-27,224.75,224.75,215.66,215.78,22958100
2021-10-28,219.25,219.99001,209.0099945,209.84,23199400
2021-10-29,209.21001,213.67,208.53999,211.77,14329800
2021-11-01,213.49001,215.25,211.45,212.46001,13210300
2021-11-02,213.16,213.35001,207.82001,209.14,14688700
2021-11-03,209.69,210.14999,206.73,208.10001,11486700
2021-11-04,209.16,212.36,207.87,208.78,11368200
2021-11-05,211.95,217.63,211.36,216.67,14273600
2021-11-08,218.37,221.61,218.14999,220.49001,13500100
2021-11-09,219.69,220.41,212.92,213.39,11535000
2021-11-10,213.55,216.95,213.33,215.56,10063600
2021-11-11,216.47,216.78,210.16,210.42,13546900
2021-11-12,211.5,213.58,211.42999,212.089996,7660500
2021-11-15,213.62,216.39999,211.81,212.3,9596900
2021-11-16,212.16,215.64999,211.66,215.17999,8719600
2021-11-17,205.95,207.31,199.46001,205.059998,38379600
2021-11-18,206.5,207.87,201.27,203.33,18292200
2021-11-19,202.039993,203.5,199.85001,200.86,18032600
2021-11-22,200.0,201.7,194.60001,195.58,21185800
2021-11-23,196.97,198.92,194.38,198.49001,14742700
2021-11-24,198.17,203.95,197.64,203.25,12026800
2021-11-26,193.32001,199.19,192.55,197.64999,10987600
2021-11-29,201.0,201.25,195.36,196.28999,14633500
2021-11-30,195.27,197.66,192.56,193.77,16023000
2021-12-01,196.029999,196.81,190.10001,190.16,13204900
2021-12-02,192.0,199.44,191.85001,198.28999,13976300
2021-12-03,198.27,198.47,194.039993,196.32001,10660500
2021-12-06,198.77,204.22,197.74001,202.67999,10722100
2021-12-07,206.0,207.94,205.89,207.37,11897200
2021-12-08,207.66,209.48,205.71001,208.99001,11749200
2021-12-09,208.52,212.2,207.17,211.39,10176800
2021-12-10,211.89999,214.25,210.86,213.39999,8882700
2021-12-13,212.45,213.32001,209.98,211.020004,8844300
2021-12-14,210.73,213.37,208.45,209.98,9832300
2021-12-15,209.39999,212.49001,207.86,212.31,10892500
2021-12-16,215.28999,216.27,211.61,214.37,8548400
2021-12-17,212.8,213.21001,207.78999,211.88,11578400
2021-12-20,209.089996,209.77,206.86,208.74001,9434400
2021-12-21,210.61,216.16,210.36,215.38,6993700
2021-12-22,213.85001,218.94,213.85001,217.96001,6003400
2021-12-23,218.44,218.52,216.62,216.62,4798200
2021-12-27,217.67999,218.12,214.88,217.63,4818400
2021-12-28,216.0099945,219.73,215.58,218.050003,4279800
2021-12-29,217.75999,218.94,217.33,218.17,3223100
2021-12-30,217.97,219.14999,217.14999,217.87,3812800
2021-12-31,216.81,217.98,215.49001,216.71001,4723300
2022-01-03,217.52,222.059998,217.0099945,221.42999,7694500
2022-01-04,222.0,226.78999,221.81,222.46001,10629300
2022-01-05,222.64,225.27,219.92,220.0,9594600
2022-01-06,217.8,221.91,217.55,219.75,7877500
2022-01-07,217.31,220.2,215.64,216.96001,10702100
2022-01-10,213.98,214.2,206.5,211.97,11978600
2022-01-11,211.42,214.95,208.74001,214.38,8803100
2022-01-12,214.48,217.58,213.81,215.71001,6923300
2022-01-13,216.85001,220.48,214.66,215.0,8867700
2022-01-14,214.17,218.25,213.71001,214.67,8838100
2022-01-18,215.88,216.91,214.33,215.71001,9099300
2022-01-19,213.0,218.23,212.11,214.67999,9399800
2022-01-20,214.72,219.60001,213.94,214.35001,8532700
2022-01-21,215.46001,215.60001,205.82001,205.92999,16200200
2022-01-24,202.17999,202.72,195.64999,201.85001,16054000
2022-01-25,199.62,205.38,196.99001,202.0,12125500
2022-01-26,204.28,210.86,203.67,205.87,10817600
2022-01-27,209.5,210.96001,205.85001,206.14999,12009800
2022-01-28,220.64,228.12,216.10001,228.0,26425300
2022-01-31,225.55,226.38,222.050003,226.17,12380600
2022-02-01,226.89999,234.61,226.42,232.36,12247200
2022-02-02,231.3,235.85001,230.0099945,235.42,10590500
2022-02-03,233.039993,233.49001,230.55,231.53999,9968000
2022-02-04,228.5,230.22,224.95,228.39,10848100
2022-02-07,228.0,229.92,226.0099945,227.16,5984500
2022-02-08,226.25999,228.5,224.75,227.94,7542000
2022-02-09,230.13,233.14999,230.12,230.87,7772800
2022-02-10,228.029999,229.95,224.87,225.59,6794600
2022-02-11,227.25,229.10001,223.53999,224.69,7535200
2022-02-14,223.28999,227.25999,222.81,225.34,8280800
2022-02-15,227.27,229.28999,224.91,227.82001,9461700
2022-02-16,227.5,229.88,225.60001,228.82001,9561300
2022-02-17,228.39999,228.81,224.17,224.61,8131200
2022-02-18,224.60001,225.74001,221.84,222.69,8121200
2022-02-22,221.020004,224.34,219.92,221.32001,9928800
2022-02-23,222.84,224.28,215.42,215.95,8669900
2022-02-24,203.37,217.86,201.45,217.3,13463400
2022-02-25,217.28999,220.67999,214.25,219.27,8463600
2022-02-28,216.0,218.64999,213.24001,216.12,8409400
2022-03-01,214.48,215.14999,207.28,208.97,9317800
2022-03-02,206.89999,210.53999,206.19,208.48,8865700
2022-03-03,210.55,211.5,206.56,207.23,8610000
2022-03-04,205.0,206.37,196.86,200.28999,10912300
2022-03-07,199.84,200.17999,190.050003,190.7,13412400
2022-03-08,190.0099945,196.42,186.67,191.71001,11070900
2022-03-09,196.5,200.5,195.24001,199.75999,8457600
2022-03-10,196.89999,199.94,196.3,197.97,7061600
2022-03-11,200.75,200.84,196.46001,196.71001,5432100
2022-03-14,198.42,204.42999,198.16,200.33,7994700
2022-03-15,202.089996,206.41,201.39999,206.14,8277700
2022-03-16,210.0,213.67,207.0,211.87,9232300
2022-03-17,209.92999,213.53999,208.72,213.45,6668500
2022-03-18,211.7,219.25999,210.28999,219.11,14620800
2022-03-21,216.34,218.059998,214.55,217.039993,6101500
2022-03-22,217.84,219.57001,217.17999,218.47,6259900
2022-03-23,215.3,217.28999,214.2,214.67999,6008000
2022-03-24,214.99001,217.66,214.0,217.31,5487000
2022-03-25,218.42,218.92999,215.69,218.42999,5051400
2022-03-28,218.5,220.98,217.50999,220.77,4316800
2022-03-29,224.84,228.81,223.78,228.12,8032500
2022-03-30,225.84,226.16,222.73,223.95,7084000
2022-03-31,223.91,225.92,220.44,221.77,10759500
2022-04-01,223.080002,226.63,222.23,226.36,6559600
2022-04-04,225.75999,229.24001,224.96001,227.74001,8521200
2022-04-05,226.83,228.99001,225.31,226.089996,4658000
2022-04-06,222.78,222.87,218.62,219.0099945,7430000
2022-04-07,218.31,218.67999,213.67999,216.14999,6995100
2022-04-08,214.81,219.41,213.080002,216.98,5438600
2022-04-11,215.25,217.3,213.41,214.75,6942700
2022-04-12,216.5,216.99001,210.7,211.39999,7446600
2022-04-13,210.42999,213.85001,207.17,213.27,8052900
2022-04-14,214.27,215.95,212.53,212.78999,8191600
2022-04-18,211.67,215.83,211.52,213.17,4744400
2022-04-19,213.10001,216.50999,212.44,215.7,5028800
2022-04-20,218.66,220.82001,217.39,217.78999,7178300
2022-04-21,219.50999,223.92,215.35001,216.45,8850300
2022-04-22,216.24001,216.56,207.95,208.17,6201100
2022-04-25,206.35001,210.53,205.33,209.95,6839400
2022-04-26,206.98,208.56,201.10001,201.10001,8155300
2022-04-27,217.37,221.8,213.050003,214.11,15955800
2022-04-28,220.39999,224.92999,219.27,220.66,10799100
2022-04-29,218.62,221.2,212.35001,213.13,7965000
2022-05-02,211.77,212.14,206.96001,211.53,8803700
2022-05-03,213.61,213.61,206.27,208.56,6616900
2022-05-04,209.35001,214.8,205.33,214.52,7191100
2022-05-05,212.27,214.58,203.070007,205.24001,7749600
2022-05-06,203.75,205.72,200.22,202.82001,8825300
2022-05-09,200.050003,200.75,192.080002,193.0,10314100
2022-05-10,196.71001,197.75,190.97,193.58,11016500
2022-05-11,193.49001,198.32001,191.39999,196.72,9427300
2022-05-12,194.53,196.059998,189.95,193.97,9308600
2022-05-13,197.0,200.53999,196.5,199.23,6684500
2022-05-16,197.32001,199.94,195.88,197.81,5161300
2022-05-17,202.85001,204.8,200.14999,204.0,7265600
2022-05-18,202.82001,205.46001,199.13,199.99001,8748200
2022-05-19,196.35001,200.42,193.31,197.37,9012400
2022-05-20,199.67,201.66,194.020004,199.029999,6966600
2022-05-23,200.88,207.96001,200.77,207.56,12187400
2022-05-24,203.91,204.67,199.029999,202.63,7458500
2022-05-25,200.59,204.95,200.47,203.84,5457200
2022-05-26,205.11,209.74001,204.67,208.55,9212300
2022-05-27,210.0,213.23,209.64,212.88,4897200
2022-05-31,210.38,214.35001,209.11,212.17,9586400
2022-06-01,212.050003,214.11,208.82001,209.92999,5246100
2022-06-02,211.89,215.25,211.080002,215.050003,5337200
2022-06-03,212.95,214.21001,211.27,212.64999,4352500
2022-06-06,215.45,217.58,212.089996,212.94,3965100
2022-06-07,211.12,214.97,210.72,214.5,4493300
2022-06-08,213.75999,215.57001,212.83,213.5,3646300
2022-06-09,212.59,213.71001,206.020004,206.11,5138600
2022-06-10,201.64999,203.42,199.17999,199.50999,5162500
2022-06-13,192.99001,195.89,191.080002,192.25999,7119200
2022-06-14,192.72,194.34,191.75,193.52,6441200
2022-06-15,195.98,198.83,192.23,196.16,6490000
2022-06-16,191.41,191.87,187.53,189.050003,9887200
2022-06-17,186.92999,191.31,185.91,190.0099945,15089300
2022-06-21,195.71001,196.73,193.73,194.39,6241600
2022-06-22,191.25,196.39,191.029999,193.82001,5138500
2022-06-23,196.14,197.46001,193.45,196.64,4752800
2022-06-24,197.73,205.64,197.50999,205.50999,7754800
2022-06-27,205.75,207.089996,202.61,203.56,6121200
2022-06-28,204.0,206.78999,197.5,198.12,4354200
2022-06-29,197.32001,200.64,197.32001,199.5,4324600
2022-06-30,195.37,198.85001,192.85001,196.89,7045200
2022-07-01,196.78999,199.8,194.71001,199.17999,4131800
2022-07-05,196.23,200.57001,194.14,200.53999,4110200
2022-07-06,200.0,202.50999,198.67,201.12,4111200
2022-07-07,202.53999,203.42999,200.039993,202.8,4650700
2022-07-08,202.32001,204.10001,200.46001,203.57001,3621800
2022-07-11,202.0,206.74001,202.0,205.059998,5353600
2022-07-12,203.25,208.12,202.75999,204.82001,6779500
2022-07-13,200.42999,205.57001,199.5,204.14999,7597300
2022-07-14,200.0,206.080002,197.98,205.91,5605500
2022-07-15,209.37,211.71001,207.17999,210.039993,7245700
2022-07-18,211.5,212.91,206.64,207.21001,4648900
2022-07-19,208.22,214.11,207.89999,213.66,4927100
2022-07-20,212.0,214.13,211.21001,213.37,4460300
2022-07-21,213.14999,216.89999,212.73,216.19,4801300
2022-07-22,217.92999,218.070007,212.12,213.7,5071500
2022-07-25,214.58,214.8,211.62,214.27,4357200
2022-07-26,213.85001,215.14999,211.75,212.49001,6141000
2022-07-27,210.77,216.85001,201.2,210.47,17432200
2022-07-28,210.64,212.72,207.92,211.35001,7477100
2022-07-29,212.0,214.16,209.83,212.11,6059700
2022-08-01,208.45,213.99001,207.56,211.36,8028400
2022-08-02,207.8,208.84,203.92999,206.25999,9939400
2022-08-03,207.99001,210.33,206.88,208.48,9520100
2022-08-04,210.53,214.88,208.55,213.47,6789700
2022-08-05,210.71001,215.95,210.5,215.87,5553700
2022-08-08,215.23,216.63,212.050003,213.32001,4063400
2022-08-09,212.0,213.45,209.75,210.25999,4596800
2022-08-10,214.83,214.84,211.31,212.10001,5746400
2022-08-11,213.28999,213.5,210.59,211.080002,6639600
2022-08-12,213.0,213.22,210.10001,211.33,6443700
2022-08-15,210.37,216.74001,210.37,216.42,5290600
2022-08-16,214.55,217.61,212.13,217.14,6564400
2022-08-17,215.0,216.17999,212.75,214.52,4902500
2022-08-18,213.87,216.0,212.42999,215.25,4516400
2022-08-19,214.11,215.23,212.39,212.82001,4178800
2022-08-22,209.94,211.25,208.2,208.61,5139500
2022-08-23,208.0,209.3,206.53,206.8,3525500
2022-08-24,206.63,208.35001,205.67999,206.67,4230800
2022-08-25,207.39,209.91,206.5,209.82001,4495000
2022-08-26,209.77,210.25999,202.7,202.89,5060200
2022-08-29,201.25,203.96001,200.62,202.33,4476200
2022-08-30,203.92,204.41,200.21001,201.38,3918200
2022-08-31,201.0,203.17,198.64,198.71001,6559000
2022-09-01,198.72,200.42999,196.66,200.13,5608300
2022-09-02,202.44,202.48,196.85001,197.75999,4508100
2022-09-06,197.89999,200.039993,196.39999,198.64,4547800
2022-09-07,198.71001,201.14,197.22,200.42,4098300
2022-09-08,197.39999,201.11,196.96001,200.71001,4377600
2022-09-09,202.070007,206.39999,201.35001,205.2,4885600
2022-09-12,206.5,207.19,204.95,206.63,3812300
2022-09-13,202.050003,203.47,198.87,199.67,5217900
2022-09-14,200.0,200.88,198.059998,199.41,4632800
2022-09-15,198.089996,200.31,194.53,195.37,6099300
2022-09-16,190.22,193.82001,188.22,193.3,9398200
2022-09-19,191.59,193.99001,190.71001,193.13,8133600
2022-09-20,191.10001,193.029999,190.28999,192.070007,5292500
2022-09-21,192.53,193.089996,187.0,187.020004,6705900
2022-09-22,186.35001,187.21001,184.66,185.78999,6604700
2022-09-23,183.47,184.58,182.23,183.96001,10755800
2022-09-26,183.039993,184.5,179.89999,180.59,9914600
2022-09-27,182.50999,184.85001,177.020004,177.87,9799600
2022-09-28,177.25999,180.10001,174.83,179.17999,9751000
2022-09-29,178.83,182.24001,178.73,180.059998,9105200
2022-09-30,180.059998,182.92,177.60001,177.64999,9472300
2022-10-03,179.34,183.36,178.14999,181.64999,8842300
2022-10-04,185.050003,186.21001,183.070007,185.64999,7081400
2022-10-05,183.34,188.82001,182.36,187.67,6119900
2022-10-06,186.64999,188.050003,185.25,185.59,5163000
2022-10-07,183.45,184.61,181.92999,183.83,5610300
2022-10-10,184.13,184.78,180.89999,182.17999,4743800
2022-10-11,180.37,181.64,178.19,179.14,6294500
2022-10-12,179.089996,180.59,178.22,178.24001,4884300
2022-10-13,175.0,185.37,174.60001,184.66,8426400
2022-10-14,186.78999,187.13,182.070007,182.62,6449400
2022-10-17,186.0,188.57001,182.85001,185.25,13952100
2022-10-18,189.49001,190.19,185.74001,187.17,5209200
2022-10-19,185.49001,187.64,184.75999,186.41,4927000
2022-10-20,186.46001,190.98,186.42999,187.22,5706700
2022-10-21,185.8,190.95,185.050003,190.37,7582500
2022-10-24,191.41,193.13,189.10001,190.71001,7299200
2022-10-25,190.87,195.23,190.72,194.38,11907200
2022-10-26,196.58,206.37,196.5,203.33,15450000
2022-10-27,203.32001,206.32001,201.59,204.28999,7946700
2022-10-28,205.0,211.52,203.31,209.34,8455600
2022-10-31,208.92,209.62,206.2,207.16,8674100
2022-11-01,208.91,209.97,205.33,206.92999,5919500
2022-11-02,205.75999,207.0,200.58,200.95,6985600
2022-11-03,198.28,198.85001,194.17999,194.75,8236200
2022-11-04,197.0,201.45,195.34,196.98,9680100
2022-11-07,198.32001,200.44,197.17,200.10001,7821300
2022-11-08,201.66,204.12,199.74001,201.78,6943700
2022-11-09,200.7,201.33,193.33,193.92999,7320200
2022-11-10,203.089996,205.75999,200.020004,205.57001,8048900
2022-11-11,206.0,206.42999,202.14999,205.0,9601000
2022-11-14,203.5,209.17,203.21001,206.86,5796100
2022-11-15,209.99001,213.73,207.50999,209.99001,7316100
2022-11-16,208.58,210.89,208.22,210.14,6125300
2022-11-17,207.96001,211.28,207.32001,210.99001,5385600
2022-11-18,213.17,214.17,209.74001,210.8,8028500
2022-11-21,210.3,210.55,205.89,206.32001,10450900
2022-11-22,207.53999,210.48,205.35001,210.33,5273100
2022-11-23,210.0,212.83,209.92,211.73,3807300
2022-11-25,211.71001,214.0,211.39,213.78999,1993500
2022-11-28,212.25999,214.47,210.64999,211.25999,10229400
2022-11-29,209.35001,210.14999,207.35001,209.059998,8986900
2022-11-30,208.22,217.0,208.0099945,217.0,13918100
2022-12-01,217.0,218.64999,215.3,217.0,11261500
2022-12-02,215.73,218.48,214.24001,217.66,5132800
2022-12-05,215.64999,216.91,213.050003,213.67999,9006300
2022-12-06,212.0,212.13,207.64,209.080002,5986000
2022-12-07,208.8,209.020004,205.13,207.81,7923800
2022-12-08,209.50999,210.3,207.75,209.10001,4896500
2022-12-09,207.91,210.52,207.52,208.7,4928400
2022-12-12,210.0,214.82001,209.47,214.59,5941700
2022-12-13,219.53999,219.98,212.62,213.039993,14585000
2022-12-14,212.85001,216.28,211.63,213.32001,7001700
2022-12-15,209.60001,211.82001,206.82001,207.91,10831800
2022-12-16,207.49001,208.39999,205.3,206.89,12472900
2022-12-19,206.63,207.47,203.95,204.82001,4893600
2022-12-20,203.88,206.53,203.55,205.36,5024900
2022-12-21,206.57001,207.96001,205.58,206.81,4086900
2022-12-22,205.75,206.64999,202.13,205.059998,5690300
2022-12-23,204.13,206.24001,203.52,205.83,3246000
2022-12-27,205.92,206.88,204.60001,206.28999,2904900
2022-12-28,206.67999,208.53,204.8,204.99001,3139200
2022-12-29,205.95,208.53,205.5,208.059998,3675500
2022-12-30,206.31,208.039993,205.7,207.75999,4159400
2023-01-03,209.28,212.33,206.16,207.39,4202800
2023-01-04,209.62,213.2,209.62,212.61,6606200
2023-01-05,213.8,214.16,210.46001,211.11,5246000
2023-01-06,214.0,218.14,213.089996,217.75,6829700
2023-01-09,219.070007,222.21001,218.35001,218.60001,6294500
2023-01-10,218.99001,222.39,218.17999,221.089996,10857000
2023-01-11,221.28999,222.17999,219.7,222.10001,5408200
2023-01-12,222.10001,223.81,220.61,223.62,4264400
2023-01-13,221.91,223.75999,220.14,223.059998,4283200
2023-01-17,222.38,224.39999,222.37,223.0,6101100
2023-01-18,224.080002,224.99001,219.44,219.46001,6558000
2023-01-19,218.10001,221.52,217.5,220.41,4853100
2023-01-20,221.14,224.42999,220.41,224.31,5211000
2023-01-23,224.60001,226.2,223.14999,224.17999,5501500
2023-01-24,222.020004,230.0,216.63,223.89,5274900
2023-01-25,221.62,224.97,221.17,224.89999,4729600
2023-01-26,226.0,227.080002,223.67,224.71001,7043400
2023-01-27,228.0,232.84,227.25,231.44,11382600
2023-01-30,230.2,230.42,227.92999,229.10001,5677400
2023-01-31,228.81,230.8,228.45,230.21001,11294200
2023-02-01,229.37,232.66,227.8,230.89999,5792700
2023-02-02,233.96001,234.3,228.37,229.56,7190000
2023-02-03,228.69,230.86,227.64,230.13,5243600
2023-02-06,228.7,230.25999,228.039993,229.44,3402400
2023-02-07,228.020004,232.13,227.95,231.32001,4042600
2023-02-08,230.34,231.86,229.99001,230.2,4978600
2023-02-09,232.41,232.48,229.13,229.35001,5238400
2023-02-10,228.96001,229.91,226.16,227.2,4509700
2023-02-13,226.88,229.83,226.27,228.88,4946700
2023-02-14,228.67,231.42,227.17,229.39,4829400
2023-02-15,227.59,229.070007,226.8,228.92,4407300
2023-02-16,226.070007,228.36,225.67,225.83,3865900
2023-02-17,224.17999,224.77,221.74001,223.56,4520200
2023-02-21,220.16,222.44,219.99001,220.62,7276100
2023-02-22,220.41,221.75,219.45,220.020004,4621800
2023-02-23,221.56,222.089996,218.92999,221.13,5533800
2023-02-24,218.48,220.24001,217.46001,219.55,4414400
2023-02-27,220.73,221.44,219.34,220.35001,4255300
2023-02-28,220.0,221.77,219.5,219.94,5385400
2023-03-01,219.46001,220.27,216.42999,218.36,4792700
2023-03-02,217.89,219.60001,217.089996,219.059998,5539300
2023-03-03,220.2,224.020004,219.89999,223.77,6055400
2023-03-06,223.92999,227.42,223.69,226.75,5737600
2023-03-07,226.75,227.38,223.080002,223.17,4386800
2023-03-08,221.96001,222.92999,221.17999,222.19,4194900
2023-03-09,221.39999,224.37,219.66,220.0099945,5066700
2023-03-10,219.029999,219.12,215.48,216.14,6638900
2023-03-13,214.63,217.85001,212.5,214.47,6810800
2023-03-14,218.0,219.87,216.039993,218.66,7985600
2023-03-15,214.41,216.91,213.67,216.37,8372200
2023-03-16,215.17,217.58,208.75999,217.45,13674600
2023-03-17,214.87,218.66,214.87,217.39,18801200
2023-03-20,217.0,220.55,216.84,218.14999,9817400
2023-03-21,221.34,222.50999,218.67999,221.95,8971400
2023-03-22,222.5,224.89999,219.92,220.039993,6700600
2023-03-23,220.44,225.25,220.25999,222.59,6427700
2023-03-24,220.67,221.33,218.25,221.039993,4791500
2023-03-27,222.59,224.080002,221.39,221.81,7210900
2023-03-28,222.82001,223.33,218.64999,220.33,6418400
2023-03-29,222.28999,223.55,220.92,223.3,4483000
2023-03-30,223.92,224.24001,221.21001,222.36,5383900
2023-03-31,223.60001,225.84,223.28999,225.46001,9509000
2023-04-03,225.23,229.16,224.12,229.0,6421500
2023-04-04,229.0,230.050003,226.83,227.66,5254700
2023-04-05,226.78,228.47,226.55,228.17,4813600
2023-04-06,226.16,226.73,224.67999,225.99001,4285200
2023-04-10,225.56,226.48,224.32001,226.42999,4952200
2023-04-11,227.0,229.14,226.2,228.45,4513300
2023-04-12,229.92999,231.59,227.33,227.81,4373000
2023-04-13,229.46001,232.84,228.8,232.69,7615500
2023-04-14,232.99001,234.99001,232.24001,234.020004,9781300
2023-04-17,234.020004,234.050003,230.94,233.48,4865000
2023-04-18,233.75,234.33,231.69,233.60001,4796200
2023-04-19,234.0,234.059998,231.85001,232.57001,3833900
2023-04-20,232.46001,234.67,231.5,234.60001,4925700
2023-04-21,235.0,235.57001,233.38,234.050003,6771500
2023-04-24,234.23,235.14999,231.50999,232.75999,9124100
2023-04-25,233.020004,235.020004,229.42999,229.59,6076500
2023-04-26,231.22,232.77,226.72,228.14999,8400400
2023-04-27,228.67,229.63,226.61,229.0099945,7128200
2023-04-28,228.64999,233.57001,228.059998,232.73,11627900
2023-05-01,232.87,234.59,231.50999,232.50999,4571100
2023-05-02,231.95,232.37,226.21001,226.98,5244000
2023-05-03,226.98,228.67,225.92,225.98,4093300
2023-05-04,224.84,226.059998,223.48,225.60001,5648700
2023-05-05,228.34,232.34,227.28999,231.78,6237000
2023-05-08,231.25,233.45,231.25,232.23,2938400
2023-05-09,231.080002,234.089996,230.82001,233.25999,4352100
2023-05-10,234.3,234.81,228.89999,231.27,5245000
2023-05-11,230.75,231.52,228.27,231.0099945,3818000
2023-05-12,232.0,232.73,229.82001,231.38,3430300
2023-05-15,231.19,232.83,230.55,232.81,2843200
2023-05-16,232.56,233.10001,229.63,230.47,4289700
2023-05-17,232.73,233.89,230.55,232.64999,4990100
2023-05-18,232.39999,234.14999,231.13,233.60001,6621900
2023-05-19,234.0,234.34,231.94,233.31,5399100
2023-05-22,233.31,233.87,231.17999,231.28,3987800
2023-05-23,229.27,229.49001,223.66,224.58,8537200
2023-05-24,222.55,223.10001,220.029999,222.25,6730800
2023-05-25,222.45,224.69,220.49001,223.38,6827600
2023-05-26,223.82001,226.21001,223.34,225.0099945,5067300
2023-05-30,225.0099945,225.47,219.75,221.64,6916000
2023-05-31,219.96001,221.53,216.14,221.029999,20460600
2023-06-01,222.73,226.71001,222.42999,226.5,7003600
2023-06-02,228.81,230.27,227.42,228.78999,5895500
2023-06-05,227.91,228.33,225.31,226.77,4858900
2023-06-06,226.69,229.25,226.16,228.22,6020100
2023-06-07,227.0,227.55,221.020004,225.27,8517200
2023-06-08,225.089996,225.14,222.41,223.050003,6248200
2023-06-09,223.64,225.17999,222.75999,223.56,6385000
2023-06-12,224.41,226.45,223.63,226.17,8621100
2023-06-13,225.62,227.14999,222.63,223.39999,6868700
2023-06-14,223.74001,225.47,222.58,223.44,9160700
2023-06-15,222.020004,227.11,221.37,226.17,12534000
2023-06-16,226.45,229.8,226.080002,228.91,13628500
2023-06-20,227.0,229.57001,226.17999,226.47,12312300
2023-06-21,226.12,228.63,224.98,227.25,7032100
2023-06-22,226.36,228.92999,225.5,228.39,6275500
2023-06-23,227.22,229.98,226.39,229.55,5422500
2023-06-26,229.44,230.10001,226.2,226.3,5165400
2023-06-27,227.48,228.61,226.52,227.34,4628500
2023-06-28,227.5,228.059998,226.020004,227.96001,5324500
2023-06-29,228.78999,234.7,228.60001,234.32001,7118900
2023-06-30,236.27,238.28,235.95,237.48,6879100
2023-07-03,237.0,238.39999,235.41,237.97,3087400
2023-07-05,234.41,240.0,233.99001,239.45,7601200
2023-07-06,238.27,239.60001,236.69,238.88,6441800
2023-07-07,236.73,238.44,236.13,236.45,5729200
2023-07-10,237.0099945,239.10001,236.5,238.16,4858900
2023-07-11,238.81,240.7,238.12,240.55,3857100
2023-07-12,241.55,243.95,241.23,242.21001,6116000
2023-07-13,243.78999,244.27,243.14999,243.31,5819600
2023-07-14,244.73,244.74001,241.96001,243.16,4940600
2023-07-17,243.11,245.37,243.0,243.99001,4328100
2023-07-18,243.10001,243.17999,237.67999,240.77,7674700
2023-07-19,241.25,242.59,240.12,241.42,4835500
2023-07-20,241.16,241.61,239.070007,239.62,4695000
2023-07-21,239.74001,240.35001,238.73,239.25,5426800
2023-07-24,239.67999,241.28,238.19,240.74001,6010000
2023-07-25,240.020004,240.8,238.56,238.69,4997500
2023-07-26,231.42,238.85001,227.67999,237.10001,7551400
2023-07-27,237.42,238.66,232.96001,234.44,8160100
2023-07-28,234.58,235.88,233.71001,235.75,6794800
2023-07-31,236.0,238.42,236.0,237.73,4799600
2023-08-01,237.14,240.73,237.0,239.78,4627300
2023-08-02,238.63,238.78999,236.78999,237.56,4868200
2023-08-03,236.0,239.050003,235.25,238.75999,5033800
2023-08-04,238.0,241.91,237.84,238.99001,5167700
2023-08-07,239.22,242.17999,239.21001,241.50999,5649800
2023-08-08,240.42,241.36,237.39,239.28999,5080600
2023-08-09,240.5,241.97,239.49001,239.75999,4055000
2023-08-10,240.62,243.95,240.089996,240.16,4778000
2023-08-11,240.0,240.72,238.42,240.039993,3606800
2023-08-14,240.72,243.33,240.25999,242.89999,4351100
2023-08-15,242.0099945,242.67,239.35001,239.83,3770100
2023-08-16,236.53,241.070007,236.020004,239.28999,3218600
2023-08-17,240.0,240.38,236.49001,237.37,4177600
2023-08-18,235.58,239.050003,235.3,238.17,4344800
2023-08-21,239.38,240.53,237.75999,239.46001,3573600
2023-08-22,240.0,241.42999,238.67,240.57001,3848700
2023-08-23,241.32001,242.53999,240.72,242.3,4947700
2023-08-24,242.25,243.56,239.36,239.47,4570700
2023-08-25,241.38,243.41,240.21001,242.57001,3541500
2023-08-28,243.0099945,245.23,242.60001,243.83,3741500
2023-08-29,243.5,245.83,243.39999,245.34,3975600
2023-08-30,246.42,248.23,246.050003,246.23,4573300
2023-08-31,245.59,248.020004,245.45,245.67999,5532600
2023-09-01,247.47,248.87,246.77,248.11,4111800
2023-09-05,248.35001,248.69,245.2,245.34,4459600
2023-09-06,245.42,246.66,244.21001,246.16,4520300
2023-09-07,245.5,247.39999,245.11,247.14,4007900
2023-09-08,247.78999,248.14,246.44,247.28999,3309100
2023-09-11,247.33,248.36,246.27,247.22,2995800
2023-09-12,246.94,247.75999,246.0099945,247.3,3499600
2023-09-13,247.14999,250.059998,246.61,247.83,5657000
2023-09-14,245.0,245.53999,238.75,241.5,12000000
2023-09-15,241.89999,244.10001,240.029999,241.070007,13051300
2023-09-18,240.94,245.23,240.77,244.66,4771600
2023-09-19,245.0,245.12,241.46001,243.56,4709000
2023-09-20,243.63,244.53,241.67,241.86,5756600
2023-09-21,240.77,240.78,236.27,236.61,6881500
2023-09-22,236.75,237.78999,234.88,235.080002,5935500
2023-09-25,235.38,235.47,232.21001,233.36,5921600
2023-09-26,231.92999,232.67,229.60001,229.64999,6193200
2023-09-27,230.25999,230.67999,227.92,229.5,6006700
2023-09-28,230.67,232.53999,229.67,231.66,4203900
2023-09-29,232.84,233.029999,229.64999,230.0099945,6044200
2023-10-02,229.24001,231.37,228.77,231.27,5175200
2023-10-03,230.47,231.75,227.78,228.81,5585700
2023-10-04,229.48,231.7,228.88,231.22,5430900
2023-10-05,230.41,234.19,230.22,233.48,6126200
2023-10-06,233.17,236.59,232.75,235.039993,6401000
2023-10-09,232.8,235.17,231.7,234.44,5372200
2023-10-10,234.89999,238.22,234.28,236.60001,4644000
2023-10-11,237.55,238.50999,234.89,235.67999,4760900
2023-10-12,236.71001,237.73,234.89,236.78,4472800
2023-10-13,236.39,238.64999,236.23,237.67,4966800
2023-10-16,239.0,240.71001,238.33,240.070007,6227300
2023-10-17,239.63,241.48,238.28999,241.2,4527600
2023-10-18,239.96001,240.83,236.99001,237.47,9528300
2023-10-19,237.47,237.92,233.41,233.81,5927400
2023-10-20,234.13,235.77,232.64,233.38,5748300
2023-10-23,231.36,234.46001,231.28,231.53,5071700
2023-10-24,232.89,236.53,232.89,234.64999,6844100
2023-10-25,232.25,238.48,231.28999,236.85001,10365300
2023-10-26,234.57001,235.61,230.36,231.28,6414500
2023-10-27,231.17,231.39,228.029999,229.27,5540900
2023-10-30,232.19,233.38,230.029999,233.080002,5170300
2023-10-31,233.57001,235.72,232.99001,235.10001,4828400
2023-11-01,236.14,239.039993,235.67999,238.58,4996200
2023-11-02,239.91,243.25,239.2,243.25,6286700
2023-11-03,245.12,245.32001,242.25999,243.60001,5029800
2023-11-06,244.0,244.78,242.61,243.49001,5254100
2023-11-07,243.41,245.070007,243.38,244.77,4219700
2023-11-08,243.49001,244.75,242.8,243.91,5117500
2023-11-09,244.33,244.48,240.97,241.64,4866600
2023-11-10,243.98,245.27,241.97,245.25,4094400
2023-11-13,245.0,245.67999,244.11,244.67,4088500
2023-11-14,246.17,247.92999,245.58,246.94,14092000
2023-11-15,246.81,248.24001,245.34,248.11,13258900
2023-11-16,248.59,249.45,247.27,248.57001,7051600
2023-11-17,249.45,250.24001,248.66,249.56,7238200
2023-11-20,249.61,250.92999,245.60001,249.97,8604200
2023-11-21,250.029999,253.34,250.029999,252.23,7213700
2023-11-22,253.0,254.53999,252.66,253.72,5701400
2023-11-24,254.19,254.7,253.5,254.3,1640900
2023-11-27,254.3,254.98,252.52,254.14,5478900
2023-11-28,253.85001,254.14999,251.61,252.94,5234900
2023-11-29,253.92,256.070007,253.52,254.23,4955100
2023-11-30,254.25,256.76999,253.17,256.67999,6874700
2023-12-01,255.78999,256.91,253.89999,256.45001,3939400
2023-12-04,255.91,257.39001,254.35001,254.44,5247500
2023-12-05,254.19,254.82001,252.14,254.61,4199100
2023-12-06,255.8,256.82999,253.53,254.28999,3874000
2023-12-07,254.89,256.14001,253.5,255.82001,3589300
2023-12-08,255.0,256.040009,253.87,255.74001,3732300
2023-12-11,255.0,257.63,255.0,256.51999,6479300
2023-12-12,257.29999,259.72,256.39999,259.56,5946600
2023-12-13,259.14999,262.48001,258.69,262.38,4859900
2023-12-14,263.19,263.25,256.39999,258.73001,8168700
2023-12-15,254.50999,258.37,254.45,258.029999,13373600
2023-12-18,258.70001,259.59,257.95001,258.37,6041100
2023-12-19,258.60999,260.34,257.20001,259.98999,8731200
2023-12-20,260.5,260.82001,257.079987,257.10999,7240900
2023-12-21,257.51001,259.98999,257.040009,259.54001,6246700
2023-12-22,260.0,261.20999,258.22,258.42999,5111500
2023-12-26,258.53,259.73999,258.53,259.16,2085100
2023-12-27,259.25,259.76999,258.31,258.92999,4034700
2023-12-28,258.54001,260.97,258.54001,260.39999,3020500
2023-12-29,260.57001,261.45999,259.67001,260.35001,4074600
2024-01-02,259.60999,260.089996,257.67001,258.87,5471000
2024-01-03,258.54999,258.85999,256.85999,257.98001,4148300
2024-01-04,258.070007,261.040009,258.0,259.60999,3843000
2024-01-05,260.78,261.45999,258.75,259.69,3748400
2024-01-08,260.94,262.62,259.95001,262.54001,4659000
2024-01-09,262.0,263.62,261.14001,263.32999,7055800
2024-01-10,264.97,265.37,262.85999,264.56,4355800
2024-01-11,265.45999,266.19,262.39999,264.029999,5599000
2024-01-12,265.13,265.54999,263.70999,264.17001,4656100
2024-01-16,263.51999,265.66,262.35001,265.23999,6196400
2024-01-17,264.42001,267.10001,264.39001,266.63,5118700
2024-01-18,267.88,268.78,266.42001,268.14001,6694300
2024-01-19,268.17999,271.14999,267.049988,270.89999,7224600
2024-01-22,272.23999,272.35001,270.35999,271.20001,5984300
2024-01-23,271.54999,271.87,269.91,271.26001,5883000
2024-01-24,272.57001,272.85999,271.079987,271.64999,5021700
2024-01-25,271.95001,272.78,270.79999,272.60999,6894900
2024-01-26,265.94,270.87,265.60001,267.94,8586500
2024-01-29,266.97,275.070007,266.70999,273.66,6574500
2024-01-30,274.59,278.64001,274.19,277.14999,6549000
2024-01-31,277.12,279.98999,273.17999,273.26001,6139300
2024-02-01,273.39001,277.19,273.35999,277.049988,7065000
2024-02-02,277.60999,278.5,275.67999,277.17999,4848700
2024-02-05,277.39999,278.0,275.13,275.57999,4899100
2024-02-06,274.79999,276.88,274.029999,276.76001,4400000
2024-02-07,279.38,279.54001,277.059998,279.39001,4785900
2024-02-08,279.54001,279.66,275.28,275.78,5833400
2024-02-09,275.0,277.17999,274.089996,276.42999,4618300
2024-02-12,276.42999,276.67001,274.23999,275.070007,3676200
2024-02-13,273.75,278.0,272.76001,275.81,5493800
2024-02-14,276.47,277.64001,274.70999,277.56,4218400
2024-02-15,277.64999,281.12,277.56,280.98001,4834800
2024-02-16,280.95999,281.12,277.87,278.56,6630100
2024-02-20,274.57001,276.84,273.34,275.14999,6157200
2024-02-21,274.63,276.97,273.53,276.76001,4771100
2024-02-22,279.17999,284.059998,278.98001,283.75,5100200
2024-02-23,284.72,285.95001,283.5,283.60001,5107700
2024-02-26,283.040009,285.35001,282.66,284.14999,3856900
2024-02-27,284.17001,284.17001,281.54001,283.17001,4145200
2024-02-28,282.10001,286.13,282.079987,285.63,4358800
2024-02-29,285.5,285.66,282.17999,282.64001,6633700
2024-03-01,283.20001,284.91,282.10999,283.16,3955400
2024-03-04,282.81,283.0,278.13,280.53,5920300
2024-03-05,280.26999,280.98999,277.67999,279.38,6227900
2024-03-06,280.0,282.0,279.31,280.42999,4535200
2024-03-07,280.88,281.17001,276.16,278.26001,5668500
2024-03-08,279.0,281.67001,278.82999,280.040009,3928800
2024-03-11,279.45001,280.76999,277.98999,280.56,4614000
2024-03-12,281.31,284.48001,280.29001,283.92001,7988700
2024-03-13,284.66,286.10001,283.82001,285.14001,5783800
2024-03-14,288.95999,289.040009,284.54999,286.41,5484500
2024-03-15,283.54999,285.63,282.64001,283.040009,9845000
2024-03-18,283.87,286.23001,283.25,285.049988,4095600
2024-03-19,286.66,288.059998,285.25,287.35001,6595200
2024-03-20,287.64001,289.87,286.72,289.28,6105000
2024-03-21,289.97,290.95999,287.89999,290.37,5057600
2024-03-22,290.0,290.48999,282.89001,283.26001,8743000
2024-03-25,283.01001,283.5,280.040009,281.20999,8519200
2024-03-26,284.13,284.13,278.41,280.60001,8752400
2024-03-27,280.25,281.25,276.98001,279.019989,5190700
2024-03-28,278.48999,279.79999,277.12,279.079987,5844400
2024-04-01,280.35999,280.89001,276.79001,278.28,5084000
2024-04-02,278.0,279.32999,276.98001,278.44,6912300
2024-04-03,280.48001,280.48001,276.56,276.95999,4536600
2024-04-04,278.35999,279.079987,273.56,274.0,4018600
2024-04-05,276.10001,277.95999,275.029999,277.14001,4388100
2024-04-08,276.25,277.98001,275.14999,277.76001,5542400
2024-04-09,277.63,278.0,273.32001,276.72,7314300
2024-04-10,275.42001,276.82001,274.12,274.48001,5276000
2024-04-11,274.0,276.48001,272.17999,275.67999,8102300
2024-04-12,275.54999,277.0,274.059998,275.95999,9037900
2024-04-15,277.89001,277.91,270.34,271.28,10267500
2024-04-16,270.54001,274.13,270.17001,271.35001,8237100
2024-04-17,273.29999,274.0,271.5,272.69,5940900
2024-04-18,272.57001,273.14999,269.85999,271.37,8231800
2024-04-19,271.47,272.0,268.29001,269.78,7826200
2024-04-22,270.95001,273.76001,269.35999,272.32999,6463700
2024-04-23,274.01001,274.89001,272.70999,274.10999,6438000
2024-04-24,282.57001,283.0,274.48999,275.019989,8807200
2024-04-25,272.97,276.22,270.48999,275.16,8064600
2024-04-26,275.01001,276.76999,273.82999,274.51999,6840600
2024-04-29,272.32001,274.47,271.089996,271.84,4128600
2024-04-30,270.53,272.079987,268.57999,268.60999,6376400
2024-05-01,268.14999,270.91,266.70999,267.32001,6119900
2024-05-02,269.35001,269.47,266.64999,267.60999,5061700
2024-05-03,269.0,269.45001,266.5,268.48999,3862000
2024-05-06,269.64999,272.78,269.57001,272.67001,3958700
2024-05-07,273.72,277.88,272.82999,276.45999,6377100
2024-05-08,277.79999,278.54999,274.92001,277.19,9029700
2024-05-09,276.79999,278.79001,276.39999,278.54001,8948800
2024-05-10,279.54999,281.029999,279.23999,280.73999,8986400
2024-05-13,281.45999,282.14999,279.10001,279.39001,10528400
2024-05-14,279.44,279.98999,274.26999,277.73999,18526100
2024-05-15,277.14999,281.73001,277.070007,281.5,21288400
2024-05-16,281.73999,282.38,279.26001,279.84,10341500
2024-05-17,280.049988,280.91,278.10001,280.10001,6177800
2024-05-20,279.22,280.26999,278.17999,278.54001,5460900
2024-05-21,278.0,278.42999,274.88,275.95001,6578200
2024-05-22,275.53,278.079987,275.12,275.57999,4202500
2024-05-23,275.23999,277.44,273.029999,274.23001,6115900
2024-05-24,275.01001,275.23999,273.35001,274.48999,4339700
2024-05-28,274.23001,274.45999,270.23001,270.98001,6212100
2024-05-29,269.0,271.14001,268.26001,268.85999,5469700
2024-05-30,268.70001,271.64001,268.31,271.29999,4903100
2024-05-31,271.44,272.76001,269.01001,272.45999,8910000
2024-06-03,273.089996,273.13,268.059998,270.38,4838800
2024-06-04,269.63,272.98999,269.31,272.42001,4188500
2024-06-05,273.53,274.92999,272.019989,274.5,5368700
2024-06-06,274.79999,277.14999,274.079987,277.040009,4862400
2024-06-07,277.70999,280.32999,276.85999,278.67001,4515600
2024-06-10,278.14001,278.56,273.38,275.040009,5213800
2024-06-11,274.54001,274.85999,272.22,274.67001,6244600
2024-06-12,276.76999,277.60001,269.89999,270.32001,7536600
2024-06-13,270.32001,271.85999,269.32001,271.19,7361200
2024-06-14,270.10001,271.54999,269.26999,270.66,8537300
2024-06-17,269.0,271.82999,269.0,271.17001,9258200
2024-06-18,271.29999,273.89999,271.29999,273.62,6707500
2024-06-20,273.19,278.040009,273.10001,276.82001,10164400
2024-06-21,277.17001,277.54001,274.57999,275.22,14790200
2024-06-24,275.32001,280.39001,275.26999,276.29999,24149600
2024-06-25,276.85001,277.92999,273.53,273.53,19897700
2024-06-26,272.91,274.45999,271.75,273.60001,12172000
2024-06-27,268.51001,270.59,266.5,266.59,10529100
2024-06-28,267.20001,268.60001,261.25,262.47,13957300
2024-07-01,263.79001,265.76999,261.29999,263.23999,7955800
2024-07-02,263.23999,268.23001,262.39999,268.23001,8697800
2024-07-03,269.070007,269.75,268.14999,268.98999,5017800
2024-07-05,269.0,270.54999,268.23999,270.35999,7986400
2024-07-08,270.25,271.44,265.97,266.39999,8561100
2024-07-09,267.0,267.54999,263.92001,265.44,6431300
2024-07-10,259.12,263.48001,258.51001,263.0,9635500
2024-07-11,262.13,263.63,260.76001,262.54999,8803600
2024-07-12,264.34,267.39999,263.66,265.73999,6627800
2024-07-15,265.67001,269.23999,265.25,268.45001,6845200
2024-07-16,268.51999,270.20999,267.37,269.25,7869900
2024-07-17,268.44,272.91,268.23999,272.70001,5324700
2024-07-18,272.29001,273.62,268.56,269.14999,5550800
2024-07-19,270.32001,270.95001,264.31,265.45999,6839900
2024-07-22,267.23001,268.39999,265.019989,267.70999,5313600
2024-07-23,267.53,267.70001,263.85999,264.79001,8109200
2024-07-24,256.070007,257.20001,253.13,254.17,13065900
2024-07-25,255.39,258.22,252.7,253.74001,8573300
2024-07-26,255.59,261.20001,255.59,259.45999,7062200
2024-07-29,260.32001,262.70999,258.57999,261.60001,6068100
2024-07-30,263.23001,264.29999,261.01001,263.10001,5941800
2024-07-31,264.54001,266.35999,264.25,265.67001,7642500
2024-08-01,266.32999,267.0,264.17999,265.92999,7269700
2024-08-02,263.82999,267.95999,262.88,266.57999,7017900
2024-08-05,261.45001,262.92001,254.50999,256.44,9631300
2024-08-06,256.5,260.48999,255.77,258.26001,21586800
2024-08-07,259.66,262.029999,256.31,256.51999,12908600
2024-08-08,258.13,260.45001,257.92001,259.82999,8223700
2024-08-09,259.17001,261.51999,259.01001,259.76001,7228100
2024-08-12,260.5,261.60001,259.23999,259.89001,26769400
2024-08-13,260.13,261.67999,259.26999,260.13,12005700
2024-08-14,260.87,261.5,258.73999,261.14001,8552300
2024-08-15,262.84,267.39001,262.84,266.79999,7397800
2024-08-16,266.85001,268.44,265.39001,267.38,5111100
2024-08-19,267.42001,268.31,265.23001,266.47,6555900
2024-08-20,267.0,268.040009,265.78,268.040009,6803600
2024-08-21,268.56,269.26999,267.39001,268.20001,6639700
2024-08-22,268.94,269.5,266.57001,267.94,4425200
2024-08-23,268.70001,269.20999,265.31,267.44,3697400
2024-08-26,267.72,270.37,267.67001,268.20999,4612200
2024-08-27,268.51999,270.95001,267.89001,270.72,6594100
2024-08-28,271.16,271.98001,267.67001,269.19,5455100
2024-08-29,270.98001,275.98999,270.45001,274.32001,5565100
2024-08-30,275.0,276.98999,274.26001,276.37,6296100
2024-09-03,276.37,282.089996,276.37,278.54001,7278300
2024-09-04,278.70999,281.64999,278.70001,280.48999,6107500
2024-09-05,281.0,281.5,277.41,278.62,6447400
2024-09-06,277.76999,280.28,277.42999,279.37,7187700
2024-09-09,282.089996,286.97,281.64999,285.60999,10933900
2024-09-10,285.92999,286.39999,283.57001,285.34,5314400
2024-09-11,285.019989,285.17001,278.29999,283.95999,6281800
2024-09-12,284.0,286.0,281.47,285.37,4161200
2024-09-13,286.48999,288.73999,285.54999,287.35001,4987600
2024-09-16,288.049988,290.89999,287.73999,290.48001,4458900
2024-09-17,290.89999,293.070007,290.079987,291.56,5135700
2024-09-18,291.84,292.019989,288.13,288.48001,5890000
2024-09-19,291.089996,291.48001,282.87,285.23999,10382100
2024-09-20,285.5,287.0,283.25,284.76999,27810900
2024-09-23,284.89999,288.88,284.62,288.63,6505600
2024-09-24,280.17999,281.0,272.70999,272.78,13690200
2024-09-25,274.19,274.25,268.23001,269.63,11671300
2024-09-26,270.5,273.23999,270.0,271.69,9552500
2024-09-27,273.16,277.98001,272.78,275.17001,6509600
2024-09-30,275.0,275.69,273.20001,274.95001,5969900
2024-10-01,276.97,279.059998,274.35999,277.60001,5781600
2024-10-02,276.57001,277.64001,275.37,277.0,4741600
2024-10-03,276.67001,277.69,275.84,276.85999,3036700
2024-10-04,277.35001,278.44,275.10001,277.92999,4259300
2024-10-07,277.60001,277.62,273.23999,273.79001,4339300
2024-10-08,274.70999,276.10001,274.01001,274.95999,4370900
2024-10-09,275.0,277.48999,274.42001,276.92999,4115800
2024-10-10,276.78,277.67001,275.35001,277.47,4063900
2024-10-11,276.040009,278.79999,275.37,277.84,4746300
2024-10-14,279.079987,281.37,277.98999,280.67999,3996600
2024-10-15,281.0,282.64001,278.82999,279.29001,5807000
2024-10-16,278.62,287.60001,278.35001,287.51999,9442700
2024-10-17,288.57001,290.92999,287.60999,290.39001,8815800
2024-10-18,289.92001,291.040009,288.079987,290.62,5350900
2024-10-21,289.60001,290.44,286.32999,286.85001,6313100
2024-10-22,285.049988,286.53,283.53,284.79001,5736500
2024-10-23,286.040009,286.059998,283.53,283.76001,5249300
2024-10-24,282.39001,283.62,281.73001,283.22,4679900
2024-10-25,284.0,285.089996,280.78,281.73001,4464600
2024-10-28,282.040009,284.64001,281.53,284.19,4306200
2024-10-29,284.26999,285.70001,281.35001,281.88,7534800
2024-10-30,292.34,295.78,288.32999,290.16,9606800
2024-10-31,292.089996,296.34,289.62,289.85001,7950200
2024-11-01,288.48999,292.67001,287.19,290.73999,5470700
2024-11-04,291.54999,293.14999,290.76001,291.85001,4281600
2024-11-05,291.70999,294.78,291.57999,293.29001,3753700
2024-11-06,306.32001,309.0,302.82001,307.39999,10320500
2024-11-07,307.5,307.63,304.42001,305.79999,6237300
2024-11-08,306.89001,311.14999,305.69,307.87,6240600
2024-11-11,310.089996,312.44,309.29999,310.92001,4674100
2024-11-12,309.040009,310.54999,308.10999,309.85001,4616400
2024-11-13,309.48999,310.95001,307.84,309.48001,4046400
2024-11-14,309.29999,311.29001,307.82999,308.25,4415800
2024-11-15,307.56,310.72,306.66,309.64001,5106300
2024-11-18,309.48001,312.41,308.70001,312.16,4585600
2024-11-19,310.0,312.23001,308.51001,311.85001,4885500
2024-11-20,311.85999,312.29001,306.22,307.39001,6349900
2024-11-21,307.29999,310.92001,306.64999,309.89999,5757100
2024-11-22,307.97,311.59,307.89999,309.92001,5919200
2024-11-25,311.85999,313.66,309.85999,313.19,14189300
2024-11-26,314.20001,314.5,311.54001,311.82001,7071500
2024-11-27,310.76999,316.37,309.48999,314.70001,5204300
2024-11-29,314.29001,316.25,313.70001,315.079987,3853300
2024-12-02,316.89999,317.42001,313.70999,316.64999,5597500
2024-12-03,317.10001,317.32001,312.76999,313.01001,5009900
2024-12-04,312.42001,312.85001,308.79999,309.89999,5981800
2024-12-05,309.98001,311.089996,308.82999,309.079987,5200100
2024-12-06,308.87,312.56,308.79999,311.01001,4302700
2024-12-09,311.82999,313.01001,307.64001,308.29999,5785300
2024-12-10,307.35999,312.98001,306.64001,312.38,4539500
2024-12-11,313.040009,315.54999,311.20999,313.79001,4321800
2024-12-12,314.82001,315.54999,313.42999,314.23001,3218500
2024-12-13,315.82999,316.95001,314.34,314.73999,4682200
2024-12-16,314.73999,317.56,314.10001,315.89001,6562500
2024-12-17,315.82001,318.84,315.14001,318.29999,8843900
2024-12-18,318.5,321.62,309.56,309.78,10479200
2024-12-19,311.82999,316.87,311.23001,314.88,8317100
2024-12-20,313.57001,320.0,312.28,317.70999,24387000
2024-12-23,315.64999,317.97,313.35001,317.22,7984600
2024-12-24,318.17001,321.54001,317.28,320.64999,2684100
2024-12-26,319.76999,321.45001,319.45999,320.91,2856000
2024-12-27,319.26999,321.5,317.56,318.66,3489200
2024-12-30,314.67999,317.10999,313.23001,315.31,3478500
2024-12-31,316.12,317.66,315.19,316.040009,3963800
2025-01-02,317.78,319.67999,312.41,314.39999,5369500
2025-01-03,314.17999,315.92001,312.01001,314.91,4271300
2025-01-06,315.01001,315.39001,312.070007,313.040009,6567300
2025-01-07,312.89001,315.19,311.32001,311.67001,4958600
2025-01-08,311.0,314.040009,310.20999,312.60001,5161600
2025-01-10,311.20001,311.85001,305.98999,307.70999,6660100
2025-01-13,305.0,306.92001,303.84,306.92001,9568400
2025-01-14,308.75,310.16,307.51999,309.089996,5107600
2025-01-15,313.67999,317.19,313.13,316.28,5222000
2025-01-16,315.75,319.17999,315.75,317.25,4606700
2025-01-17,317.5,320.59,316.70999,319.62,5805800
2025-01-21,320.31,324.57999,320.0,323.63,5653000
2025-01-22,324.76999,325.73999,322.38,323.56,5026500
2025-01-23,323.76001,328.51001,323.57001,328.20999,5297100
2025-01-24,328.019989,331.089996,327.81,330.20001,4327500
2025-01-27,330.0,335.48999,328.049988,334.54001,6636500
2025-01-28,334.67001,337.82999,332.89001,334.48001,5999600
2025-01-29,334.5,337.10999,334.5,335.88,5087300
2025-01-30,339.51001,344.44,339.0,343.049988,8081300
2025-01-31,346.47,351.25,341.70999,341.79999,8628100
2025-02-03,340.0,346.0,339.23999,345.82001,8004500
2025-02-04,344.60001,346.01001,342.54001,345.14999,5532600
2025-02-05,346.0,349.48001,345.25,349.44,4939100
2025-02-06,349.78,350.64999,346.60001,347.48001,4294500
2025-02-07,348.0,350.75,347.20999,348.019989,4261200
2025-02-10,348.70001,351.89999,347.70001,351.23001,6067000
2025-02-11,348.29999,352.12,346.25,350.72,5154800
2025-02-12,349.16,351.82999,347.48999,351.48999,6760100
2025-02-13,353.12,356.079987,350.73001,355.63,4279200
2025-02-14,354.42999,355.42999,353.22,353.81,5720300
2025-02-18,353.69,356.73999,352.39999,356.73001,5822000
2025-02-19,356.019989,357.14999,354.17999,355.23001,4152300
2025-02-20,355.23001,356.13,349.059998,350.48999,5697000
2025-02-21,350.48999,353.32001,347.48001,348.53,6924100
2025-02-24,348.76001,350.79999,347.35999,349.85999,5055900
2025-02-25,351.37,352.59,346.0,352.089996,6191900
2025-02-26,350.0,351.82999,348.98999,350.63,5960600
2025-02-27,351.89999,360.31,351.67999,355.73999,7298100
2025-02-28,354.70999,364.0,353.70999,362.70999,15857300
2025-03-03,363.0,366.54001,359.54001,361.82001,9099600
2025-03-04,360.10999,360.26999,350.39999,352.23001,8955800
2025-03-05,350.82999,354.10999,348.94,352.67999,8244200
2025-03-06,345.95999,348.87,340.39001,344.16,8611100
2025-03-07,340.87,346.39001,339.14001,345.32001,6358700
2025-03-10,339.94,345.01001,337.64001,341.48001,8204300
2025-03-11,338.41,339.60999,329.57999,332.14001,9776100
2025-03-12,335.97,336.16,329.10999,332.84,6295400
2025-03-13,330.98999,336.20001,327.70001,328.54999,7915300
2025-03-14,327.20999,332.76999,326.38,331.79999,7810600
2025-03-17,330.029999,336.10999,329.76001,334.54999,6149400
2025-03-18,335.29001,335.79999,332.29999,334.76999,7778300
2025-03-19,336.79999,341.029999,334.5,339.87,5614900
2025-03-20,339.0,342.23999,337.66,339.5,5432700
2025-03-21,337.37,339.42999,335.51999,335.66,17279700
2025-03-24,338.64999,345.22,337.64999,343.87,5675100
2025-03-25,344.56,345.53,340.67001,344.62,3931200
2025-03-26,345.98999,347.38,343.0,344.17999,6187100
2025-03-27,344.0,350.84,343.32001,349.85999,7254800
2025-03-28,349.19,351.62,341.60999,342.85001,5687600
2025-03-31,339.35001,351.85999,334.48999,350.45999,9950800
2025-04-01,350.44,350.45001,342.57001,346.35001,7473300
2025-04-02,343.44,348.20001,343.049988,346.32999,5682500
2025-04-03,333.89999,344.73999,331.0,339.39001,8792900
2025-04-04,330.0,334.64999,312.12,313.13,13201700
2025-04-07,302.070007,322.17999,299.0,312.32001,12163400
2025-04-08,322.23999,326.28,303.92999,308.26999,9569300
2025-04-09,305.64001,334.029999,305.64001,332.42999,11361800
2025-04-10,328.019989,330.16,313.26999,324.60999,8709800
2025-04-11,324.42999,336.98001,322.54001,333.39999,6804500
2025-04-14,336.41,339.60999,333.14001,335.17999,5011800
2025-04-15,336.72,339.39001,335.0,335.81,4386200
2025-04-16,335.0,337.22,328.85999,331.32999,5850600
2025-04-17,331.070007,334.32001,328.44,329.60999,5655900
2025-04-21,329.0,329.14999,316.64999,320.10001,6362300
2025-04-22,323.85999,332.56,322.39001,331.39999,5435500
2025-04-23,337.23999,341.25,333.20001,334.37,8906000
2025-04-24,333.28,336.76999,331.25,335.70999,8055200
2025-04-25,334.76001,336.37,332.17001,335.17001,4452800
2025-04-28,336.78,339.34,335.019989,337.51001,5422900
2025-04-29,338.5,342.26999,336.45999,341.51999,5519500
2025-04-30,334.44,346.51999,333.23999,345.5,9526700
2025-05-01,345.57999,345.72,340.12,342.45001,5849900
2025-05-02,347.22,350.089996,346.12,347.60001,6113700
2025-05-05,347.0,351.049988,346.12,348.64001,3865300
2025-05-06,346.39999,349.64999,345.76001,347.70001,3438500
2025-05-07,348.70001,351.14999,347.20999,349.85001,5454000
2025-05-08,352.0,355.32999,350.95001,351.26999,4156400
2025-05-09,351.82999,353.79999,350.67001,352.54001,3086600
2025-05-12,359.14001,361.89001,351.13,355.85001,7985400
2025-05-13,355.51999,358.87,354.57999,356.14001,5406200
2025-05-14,356.67001,358.41,355.20999,356.45999,6207600
2025-05-15,356.89001,363.73001,356.67999,362.29999,5826100
2025-05-16,362.95001,366.19,360.89001,365.12,5838100
2025-05-19,363.019989,369.14999,362.32001,367.89999,5081500
2025-05-20,367.78,368.25,364.69,366.84,5281400
2025-05-21,363.72,365.98999,358.079987,358.29999,6125500
2025-05-22,357.76001,360.0,356.56,357.97,4936600
2025-05-23,353.75,356.0,352.22,353.54001,5345900
2025-05-27,355.41,360.0,354.48001,359.29999,6316000
2025-05-28,359.34,360.91,358.040009,359.73001,3299000
2025-05-29,360.35001,363.040009,358.72,362.39999,4591000
2025-05-30,361.35001,367.040009,361.35001,365.19,8726900
2025-06-02,362.76999,365.45999,359.95999,365.32001,3845700
2025-06-03,364.57999,366.88,361.5,365.85999,5221300
2025-06-04,366.70999,369.66,366.31,368.0,4202300
2025-06-05,370.0,371.0,365.92999,366.76999,6881900
2025-06-06,369.01001,371.0,367.54999,370.22,5008500
2025-06-09,369.79001,369.79001,362.049988,366.66,4999900
2025-06-10,367.0,371.44,366.67999,370.70001,4109300
2025-06-11,370.0,375.51001,369.38,373.31,5562700
2025-06-12,372.23001,374.17001,369.54999,371.39999,4874000
2025-06-13,361.51001,363.01001,345.0,352.85001,14181700
2025-06-16,356.48999,360.22,354.32999,355.48001,7234700
2025-06-17,353.48999,359.60001,353.32001,357.84,5559600
2025-06-18,357.85001,358.48001,338.040009,340.38,15008600
2025-06-20,338.95001,340.0,334.92001,338.57001,19332100
2025-06-23,337.5,344.29999,335.63,343.75,7553300
2025-06-24,351.51999,354.56,347.92001,351.63,10172000
2025-06-25,350.45001,351.29001,345.26001,345.26001,6836300
2025-06-26,343.78,346.91,342.029999,346.029999,8829500
2025-06-27,346.59,352.01001,345.66,348.60999,6601900
2025-06-30,349.35001,355.60999,349.059998,355.049988,7080100
2025-07-01,353.82001,357.0,351.42001,355.47,6653400
2025-07-02,354.60001,356.35999,350.0,354.22,5131400
2025-07-03,354.59,359.0,353.60999,358.85999,3702800
2025-07-07,358.92001,359.66,354.48999,356.64001,5138000
2025-07-08,356.67999,358.28,353.25,354.54999,6966800
2025-07-09,355.070007,357.76001,353.75,357.76001,7297100
2025-07-10,356.82999,357.62,353.45001,355.88,6121300
2025-07-11,352.51001,353.81,344.39001,347.92999,7580200
2025-07-14,347.39001,351.97,345.01001,350.5,5598900
2025-07-15,348.12,350.20999,346.76001,347.019989,4891700
2025-07-16,347.29001,350.67001,345.79999,349.89999,5544200
2025-07-17,350.0,351.37,348.48001,349.81,4747100
2025-07-18,349.5,349.5,347.16,349.049988,4927600
2025-07-21,349.059998,353.64999,348.39999,350.94,5216300
2025-07-22,351.10001,354.48001,350.20001,351.85999,4614200
2025-07-23,353.0,355.78,351.20999,355.29001,4385600
2025-07-24,354.82001,357.17999,353.85999,353.97,5887200
2025-07-25,354.0,357.64999,353.01001,357.040009,3915400
2025-07-28,356.38,358.32001,354.73001,355.47,3921000
2025-07-29,356.29001,358.32001,350.81,351.29001,7402300
2025-07-30,351.70001,356.62,347.23001,350.91,12129700
2025-07-31,348.92999,352.82001,345.089996,345.47,8641700
2025-08-01,344.10001,346.17001,338.10001,339.35001,8658700
2025-08-04,341.70001,344.38,340.0,342.14999,7335300
2025-08-05,342.14999,342.45999,335.54999,337.42999,7295600
2025-08-06,338.29999,341.42999,335.42999,339.73999,5944100
2025-08-07,341.42999,342.14999,328.70001,332.089996,8797100
2025-08-08,333.67999,337.38,332.73001,336.78,6073900
2025-08-11,336.73001,337.85999,334.51001,335.89999,5715800
2025-08-12,335.20001,338.64999,334.81,336.73999,5682800
2025-08-13,336.98001,343.48001,336.78,342.54999,5693400
2025-08-14,342.94,346.079987,341.67001,345.48999,6224000
2025-08-15,346.25,348.35999,342.85999,344.47,4946600
2025-08-18,343.84,345.73001,340.95001,342.73999,3999600
2025-08-19,342.56,346.34,341.89001,342.45001,4457200
2025-08-20,343.39999,347.44,342.85001,343.92999,5834400
2025-08-21,342.89001,344.51999,339.72,343.69,6073600
2025-08-22,345.22,351.20001,345.22,350.040009,4973200
2025-08-25,349.60999,350.72,347.5,348.82001,8019800
2025-08-26,348.69,353.39999,347.45001,351.17999,5876200
2025-08-27,350.70999,353.42999,349.84,350.35001,5531100
2025-08-28,350.60001,351.040009,348.60001,349.85999,4987100
2025-08-29,350.45999,352.63,349.0,351.78,3671900
2025-09-02,349.31,350.17001,346.079987,350.070007,4940300
2025-09-03,349.34,350.89001,347.26001,350.87,4176400
2025-09-04,350.73001,352.63,349.14999,350.98999,4324000
2025-09-05,351.38,352.62,340.20001,343.22,5448300
2025-09-08,342.34,344.38,341.0,342.29999,4711600
2025-09-09,341.69,346.32001,341.29001,343.98999,4646200
2025-09-10,342.60999,342.60999,336.44,338.12,6557900
2025-09-11,338.73001,343.53,337.87,343.48999,5157600
2025-09-12,341.22,343.19,339.17001,339.42999,3518300
2025-09-15,340.60999,342.70999,338.39001,339.049988,4367500
2025-09-16,336.23999,340.54001,333.47,340.029999,5527700
2025-09-17,339.94,346.20001,339.51999,346.20001,5763500
2025-09-18,344.73001,345.26999,338.17999,338.17999,7526600
2025-09-19,340.45001,342.69,338.25,341.60999,13674300
2025-09-22,339.01001,344.85999,338.66,344.35999,5621800
2025-09-23,344.59,345.26001,337.63,338.70001,10142700
2025-09-24,339.13,339.89999,337.92001,338.67999,5207400
2025-09-25,338.35001,340.20001,334.51001,334.92999,5398700
2025-09-26,337.23001,339.5,336.23001,337.37,9619200
2025-09-29,337.38,340.64001,335.54999,340.16,7217800
2025-09-30,339.82001,345.60999,338.51001,341.38,8164400
2025-10-01,340.31,349.35999,340.31,347.82999,8381000
2025-10-02,346.22,347.17999,343.56,345.95001,5198000
2025-10-03,346.10999,353.16,346.0,349.84,5199700
2025-10-06,350.01001,351.12,344.35001,349.28,4735600
2025-10-07,350.059998,354.44,350.059998,352.42001,5044600
2025-10-08,353.78,355.0,351.10001,351.35999,3927500
2025-10-09,351.47,352.87,345.57999,347.040009,4434800
2025-10-10,347.63,350.39999,343.25,343.64999,6296200
2025-10-13,343.72,347.66,340.73001,343.29999,4030700
2025-10-14,341.0,350.01001,340.22,348.38,5731000
2025-10-15,348.38,350.079987,344.0,345.69,3778200
2025-10-16,345.0,345.69,334.17001,335.39999,6241500
2025-10-17,337.76999,343.45001,337.0,341.89001,6267100
2025-10-20,341.89999,344.95999,338.94,344.41,4665000
2025-10-21,343.12,349.64999,343.0,347.20999,4121800
2025-10-22,347.82001,348.17001,344.5,345.35999,5074400
2025-10-23,346.20001,347.14999,344.45999,345.95999,7217200
2025-10-24,348.20001,349.079987,345.32001,347.38,3576700
2025-10-27,349.0,349.51999,345.01001,347.82001,5400300
2025-10-28,348.57999,349.89001,346.5,346.89999,7445400
2025-10-29,346.0,350.98001,339.0,341.28,8361700
2025-10-30,342.22,349.72,341.79001,345.029999,6411800
2025-10-31,342.079987,343.0,338.17001,340.73999,7301600
2025-11-03,341.0,341.20999,334.82001,336.89999,5538000
2025-11-04,336.48001,340.32001,334.25,340.29999,5920200
2025-11-05,340.13,342.10999,336.35999,340.040009,4984600
2025-11-06,338.59,338.64999,333.70999,336.95999,8507900
2025-11-07,336.73001,338.29001,334.85001,336.019989,5318400
2025-11-10,336.64999,338.67999,334.32001,334.85001,5295800
2025-11-11,335.5,339.089996,333.20001,338.92001,4453300
2025-11-12,338.25,344.26001,337.39999,338.88,6389600
2025-11-13,339.040009,341.45999,335.60001,336.079987,4961700
2025-11-14,335.89001,336.079987,329.029999,330.019989,6422300
2025-11-17,331.16,333.35999,324.92999,325.75,6494800
2025-11-18,324.5,325.0,318.0,321.17999,9170400
2025-11-19,321.51999,324.57001,319.87,324.12,7066700
2025-11-20,324.12,328.39999,323.14001,323.76999,6510300
2025-11-21,325.38,331.079987,324.29001,327.98001,8930000
2025-11-24,329.23999,330.73001,326.0,329.29999,9337100
2025-11-25,328.89999,336.059998,328.89999,334.53,5854300
2025-11-26,334.53,335.70999,333.059998,333.79001,4309900
2025-11-28,333.42999,335.019989,332.0,334.44,4586200
2025-12-01,332.94,333.29999,330.14001,330.39001,7082300
2025-12-02,331.45001,332.79999,327.20999,329.62,8201900
2025-12-03,329.60999,332.35001,329.35001,329.60999,6296700
2025-12-04,331.28,332.38,324.28,327.10001,6277500
2025-12-05,326.82999,334.10999,326.39999,331.23999,5266600
2025-12-08,329.88,331.34,324.70999,326.84,6059400
2025-12-09,326.60999,328.23001,325.070007,326.5,4325400
2025-12-10,326.64001,328.76001,325.29999,325.73001,5467500
2025-12-11,332.60001,347.32001,330.059998,345.63,12953600
2025-12-12,348.0,349.84,345.97,347.82999,6942300
2025-12-15,347.82999,348.45001,343.82999,346.89001,7004600
2025-12-16,346.0,347.62,343.72,345.10999,7269300
2025-12-17,345.54999,347.79001,343.67999,344.41,7263500
2025-12-18,345.17001,347.53,344.26999,346.01001,6805000
2025-12-19,346.049988,349.91,346.049988,349.25,18623900
2025-12-22,350.0,353.44,349.59,352.089996,5043500
2025-12-23,352.0,356.38,352.0,353.38,3703200
2025-12-24,353.38,355.98999,353.01001,355.14001,2023600
2025-12-26,355.10001,356.73001,353.70999,355.0,2017000
2025-12-29,355.48999,356.54999,353.79999,354.60999,3989900
2025-12-30,354.0,354.87,352.66,353.62,3366500
