DateTime,Open,High,Low,Close,Volume
2000-01-03,44.375,45.0,39.0,40.5,653900
2000-01-04,38.0625,39.5,35.1875,35.1875,400900
2000-01-05,35.5,39.9375,35.5,39.4375,290800
2000-01-06,39.5,40.25,37.0,37.0,172100
2000-01-07,36.5,40.75,36.5,39.75,173400
2000-01-10,42.0,42.375,40.5,41.625,171600
2000-01-11,38.75,39.6875,37.1875,37.1875,230900
2000-01-12,37.3125,42.0,37.3125,42.0,268800
2000-01-13,41.75,41.9375,38.5,39.4375,202000
2000-01-14,39.6875,40.5,37.125,37.375,208700
2000-01-18,37.625,37.875,35.5,36.0625,277800
2000-01-19,34.75,35.25,33.8125,33.8125,324200
2000-01-20,34.875,39.25,34.875,38.125,420400
2000-01-21,39.25,39.375,36.75,36.875,125100
2000-01-24,36.75,36.875,31.5,33.375,169500
2000-01-25,33.5,34.75,32.625,33.4375,105600
2000-01-26,34.375,35.0,34.0,35.0,179500
2000-01-27,37.75,37.75,35.75,36.125,157800
2000-01-28,35.1875,37.75,35.0625,37.4375,329800
2000-01-31,37.4375,39.0,35.0,38.5625,126400
2000-02-01,38.1875,38.25,37.125,37.375,86900
2000-02-02,37.625,37.875,36.875,37.1875,68400
2000-02-03,37.375,39.0,37.375,38.625,99300
2000-02-04,40.0,40.25,39.375,39.6875,135100
2000-02-07,39.875,40.375,39.8125,40.0,57500
2000-02-08,41.0,47.75,41.0,47.75,295300
2000-02-09,49.625,49.625,42.5625,43.125,178900
2000-02-10,44.75,47.75,44.5,45.375,281400
2000-02-11,45.75,45.875,42.8125,44.25,191300
2000-02-14,45.75,46.5,44.0,45.125,135300
2000-02-15,44.75,45.75,43.125,44.25,133900
2000-02-16,43.75,45.0,43.4375,44.8125,56800
2000-02-17,45.0,46.9375,45.0,45.5625,134000
2000-02-18,45.8125,46.0,44.25,44.75,79500
2000-02-22,45.125,45.5625,42.25,44.375,182900
2000-02-23,45.0,45.125,43.0,43.875,82800
2000-02-24,43.9375,44.75,41.8125,42.0,128400
2000-02-25,41.75,41.9375,39.25,39.875,178100
2000-02-28,39.5,39.5,38.5,39.125,69600
2000-02-29,39.25,42.9375,39.25,42.9375,198600
2000-03-01,42.6875,44.5,41.5,41.9375,102000
2000-03-02,42.0,42.375,41.25,42.0625,141800
2000-03-03,42.5,42.625,41.125,41.4375,114100
2000-03-06,41.3125,42.375,40.0,41.75,129500
2000-03-07,43.0,44.0,42.125,43.875,349100
2000-03-08,44.625,45.625,44.125,44.3125,133200
2000-03-09,45.0,45.875,44.875,45.8125,299200
2000-03-10,45.75,45.875,43.0625,43.5625,131500
2000-03-13,42.75,42.75,40.75,40.875,111900
2000-03-14,42.5,43.5,41.875,42.625,393400
2000-03-15,43.125,43.875,41.875,41.9375,94600
2000-03-16,42.125,42.25,41.25,41.25,48400
2000-03-17,41.5,41.625,40.5,40.5,27800
2000-03-20,40.375,41.75,40.1875,40.875,57400
2000-03-21,40.5625,42.1875,40.5625,41.875,78200
2000-03-22,43.0,43.5,42.75,42.9375,211500
2000-03-23,48.0,50.75,46.625,48.375,371700
2000-03-24,50.75,53.1875,49.375,50.8125,308700
2000-03-27,52.0,52.0,48.125,48.5,182700
2000-03-28,47.9375,48.0,44.3125,44.375,105900
2000-03-29,44.6875,46.5,44.5,44.5,145100
2000-03-30,43.875,43.9375,40.125,40.625,93200
2000-03-31,41.5,43.0,41.5,42.3125,105500
2000-04-03,42.125,42.125,39.0,39.0,79000
2000-04-04,39.5,39.5,32.125,35.5,200000
2000-04-05,33.75,36.875,33.4375,36.875,202500
2000-04-06,37.25,38.25,35.75,36.0,93400
2000-04-07,36.4375,36.9375,35.25,36.0,104400
2000-04-10,36.9375,37.5,36.0625,36.125,64000
2000-04-11,35.5625,35.5625,33.875,33.875,101900
2000-04-12,33.625,34.125,32.5,32.5,99900
2000-04-13,32.75,33.0,32.0,32.375,92400
2000-04-14,32.25,34.75,30.0,30.0,357600
2000-04-17,30.1875,30.9375,30.0,30.9375,152300
2000-04-18,31.0,35.0,30.9375,35.0,188500
2000-04-19,35.0,35.0,32.75,32.75,128100
2000-04-20,32.75,33.375,32.6875,33.0,107700
2000-04-24,32.0,32.25,31.5,31.8125,60000
2000-04-25,31.6875,32.5,31.5,32.1875,105800
2000-04-26,33.0,33.9375,33.0,33.125,118700
2000-04-27,31.875,34.5,31.875,34.0,89300
2000-04-28,34.0,34.6875,33.5,33.5,32600
2000-05-01,33.625,33.875,33.5,33.6875,15700
2000-05-02,33.75,33.75,33.0,33.0625,71900
2000-05-03,32.9375,33.0625,30.9375,30.9375,71400
2000-05-04,32.1875,32.1875,30.875,30.9375,75700
2000-05-05,31.125,32.9375,31.125,32.0,61600
2000-05-08,32.0,33.0,31.6875,32.875,61800
2000-05-09,33.0,34.0,33.0,33.875,117300
2000-05-10,34.0,34.0,30.5,31.1875,67000
2000-05-11,31.3125,31.375,29.0,29.875,154200
2000-05-12,29.875,30.0,29.3125,30.0,54200
2000-05-15,29.625,29.625,29.0625,29.4375,48900
2000-05-16,29.6875,30.5,29.6875,30.5,72100
2000-05-17,30.375,30.375,29.0625,29.1875,128700
2000-05-18,29.1875,29.5,28.8125,29.25,56000
2000-05-19,28.125,28.25,25.5,25.75,157500
2000-05-22,25.625,25.6875,21.25,22.4375,205800
2000-05-23,22.5,22.5625,21.625,21.9375,181600
2000-05-24,21.75,23.25,21.75,23.0,76700
2000-05-25,23.5,26.375,23.5,25.4375,202300
2000-05-26,25.5625,25.8125,24.4375,24.75,117500
2000-05-30,24.5625,27.125,24.5625,26.9375,157900
2000-05-31,26.9375,26.9375,25.8125,25.9375,69500
2000-06-01,25.9375,26.875,25.8125,26.3125,135700
2000-06-02,26.75,28.125,26.5,27.375,149300
2000-06-05,27.375,29.125,27.375,28.875,115200
2000-06-06,29.25,30.125,27.5,27.8125,143700
2000-06-07,27.8125,29.25,27.5625,28.0,136700
2000-06-08,28.625,29.25,28.625,29.125,79700
2000-06-09,30.0,30.25,29.0,29.25,51400
2000-06-12,29.125,29.125,28.375,28.375,8400
2000-06-13,28.25,28.5625,25.5,26.4375,71300
2000-06-14,27.125,27.9375,27.125,27.9375,36700
2000-06-15,27.9375,28.5,27.9375,28.25,64400
2000-06-16,28.25,28.25,27.75,28.125,80400
2000-06-19,28.125,28.25,27.625,27.625,47700
2000-06-20,27.375,27.375,25.875,26.0,44300
2000-06-21,26.0,27.0,25.4375,27.0,55600
2000-06-22,26.75,26.875,25.5,25.6875,139900
2000-06-23,25.75,25.75,24.5625,24.875,64500
2000-06-26,23.0,24.125,23.0,23.25,224300
2000-06-27,23.125,23.125,21.5,21.875,224900
2000-06-28,22.0,23.4375,21.6875,21.9375,139500
2000-06-29,22.0,22.0,20.625,20.75,220300
2000-06-30,22.0,23.8125,21.625,22.125,672200
2000-07-03,22.375,22.375,22.0,22.0,146700
2000-07-05,22.0,22.0625,21.1875,21.4375,370900
2000-07-06,21.4375,21.9375,21.375,21.875,392500
2000-07-07,22.0,23.75,21.9375,23.5,234100
2000-07-10,23.5,24.125,23.5,23.5625,116000
2000-07-11,23.25,23.875,23.0,23.6875,94500
2000-07-12,23.5625,24.25,23.5625,23.75,177300
2000-07-13,24.375,24.375,23.6875,23.8125,139000
2000-07-14,24.0625,24.0625,23.375,23.75,99900
2000-07-17,23.9375,23.9375,22.75,23.0,80600
2000-07-18,23.0,23.0,21.8125,22.0625,287000
2000-07-19,21.75,21.75,20.8125,21.5,227000
2000-07-20,21.5,22.3125,21.125,22.0625,477100
2000-07-21,22.25,22.5,21.25,21.25,155800
2000-07-24,21.5,22.0,21.375,21.4375,171700
2000-07-25,21.625,23.875,21.625,23.0625,507500
2000-07-26,23.0625,24.0,22.875,23.375,244200
2000-07-27,23.8125,24.25,23.8125,24.0625,193500
2000-07-28,24.25,26.0625,24.25,24.9375,189000
2000-07-31,25.5,26.8125,25.375,26.625,183000
2000-08-01,26.75,26.875,25.75,26.25,133600
2000-08-02,26.25,28.0,25.875,27.9375,280200
2000-08-03,27.9375,27.9375,26.5,26.875,151600
2000-08-04,27.125,28.0625,27.125,28.0625,101300
2000-08-07,28.0,28.125,27.875,28.0,116400
2000-08-08,27.875,28.375,26.5,27.25,153300
2000-08-09,28.25,29.5,28.25,29.125,160300
2000-08-10,29.0,29.25,28.75,29.0,287800
2000-08-11,29.125,30.0,29.0,30.0,345700
2000-08-14,30.1875,33.5,30.1875,32.0625,173200
2000-08-15,32.0625,32.125,28.375,29.75,426300
2000-08-16,29.9375,31.1875,29.8125,30.75,114400
2000-08-17,30.5,31.4375,30.375,31.25,74300
2000-08-18,30.875,30.875,29.875,29.875,106700
2000-08-21,29.75,29.9375,27.0625,28.0625,182600
2000-08-22,28.4375,29.25,28.4375,28.75,79100
2000-08-23,29.0,29.0,28.125,28.4375,58600
2000-08-24,29.0,30.9375,29.0,30.75,183800
2000-08-25,31.25,31.3125,30.75,30.75,114000
2000-08-28,30.75,30.9375,29.5625,29.5625,42900
2000-08-29,30.375,30.625,29.875,29.9375,82200
2000-08-30,29.875,29.9375,29.125,29.1875,49200
2000-08-31,28.875,28.875,28.3125,28.375,49900
2000-09-01,28.5,29.8125,28.5,29.8125,118300
2000-09-05,29.6875,29.6875,27.875,28.0,126700
2000-09-06,27.5,29.5,27.0,28.9375,204200
2000-09-07,28.6875,28.6875,27.125,27.625,392100
2000-09-08,27.6875,27.9375,27.5,27.5,140400
2000-09-11,26.625,26.6875,25.75,26.0,156700
2000-09-12,25.875,25.875,24.5,25.0,657000
2000-09-13,21.75,22.625,20.0,21.0,552700
2000-09-14,22.75,23.4375,22.0,22.3125,584000
2000-09-15,22.25,22.25,20.375,20.875,160800
2000-09-18,20.0,20.125,18.5,18.6875,204600
2000-09-19,19.0,19.5,18.4375,18.8125,215600
2000-09-20,18.125,18.75,17.8125,18.0,119300
2000-09-21,17.5625,17.6875,16.875,16.875,160100
2000-09-22,15.25,17.4375,15.25,17.375,200500
2000-09-25,18.5,18.875,17.8125,18.8125,212900
2000-09-26,18.75,18.75,17.125,17.125,101300
2000-09-27,18.0,18.875,18.0,18.125,283700
2000-09-28,17.8125,19.5,17.8125,19.25,187000
2000-09-29,19.5,19.625,19.25,19.25,121300
2000-10-02,19.4375,19.5,19.0,19.4375,79900
2000-10-03,19.5625,19.75,19.5,19.5625,73500
2000-10-04,19.3125,19.3125,18.3125,18.5625,97500
2000-10-05,18.5625,18.5625,17.75,17.8125,40200
2000-10-06,18.0,18.375,17.875,17.875,41200
2000-10-09,17.75,17.75,17.1875,17.375,35600
2000-10-10,18.0,19.375,18.0,18.875,121100
2000-10-11,18.875,19.0,17.5,17.5,104100
2000-10-12,17.375,17.5,16.375,16.375,221700
2000-10-13,16.0,17.5,16.0,17.4375,284000
2000-10-16,17.4375,17.4375,17.0,17.0,295000
2000-10-17,17.125,17.25,16.5,16.5625,75400
2000-10-18,15.75,15.875,15.375,15.5625,162900
2000-10-19,16.0,17.0625,16.0,17.0,91900
2000-10-20,17.0,19.1875,17.0,18.8125,346300
2000-10-23,18.625,18.875,18.1875,18.1875,86700
2000-10-24,18.625,19.375,18.5,19.375,299100
2000-10-25,19.125,19.125,17.8125,17.8125,208600
2000-10-26,18.0,18.5,18.0,18.125,173800
2000-10-27,18.25,20.1875,18.25,20.1875,125200
2000-10-30,19.75,19.75,19.3125,19.375,165800
2000-10-31,19.4375,19.5625,19.4375,19.5,91500
2000-11-01,19.75,19.875,18.0625,18.0625,76700
2000-11-02,18.125,19.5,18.125,19.5,99600
2000-11-03,19.25,19.25,18.6875,18.75,27400
2000-11-06,19.0,19.125,18.875,19.0,6800
2000-11-07,18.875,19.375,18.8125,19.1875,34000
2000-11-08,19.0625,19.4375,19.0625,19.1875,28200
2000-11-09,19.0625,19.0625,18.375,18.375,27600
2000-11-10,18.4375,18.4375,18.1875,18.1875,13600
2000-11-13,18.0,18.0,17.0,17.1875,83000
2000-11-14,17.3125,18.0625,17.3125,18.0,154600
2000-11-15,18.4375,18.4375,18.0,18.0,33600
2000-11-16,18.0625,18.125,17.9375,17.9375,31900
2000-11-17,18.0625,18.375,17.75,17.75,17700
2000-11-20,17.6875,17.6875,16.8125,16.875,41300
2000-11-21,16.6875,16.6875,15.75,16.0,89200
2000-11-22,16.25,16.25,15.5,15.5625,47800
2000-11-24,15.8125,15.8125,15.5625,15.6875,27600
2000-11-27,15.8125,16.3125,15.8125,16.0,59500
2000-11-28,16.25,16.25,14.5625,15.125,98700
2000-11-29,15.375,15.375,14.8125,14.8125,78400
2000-11-30,14.875,14.875,12.0625,12.1875,191700
2000-12-01,12.5,12.75,12.25,12.5,211900
2000-12-04,12.6875,12.6875,12.375,12.5625,72400
2000-12-05,13.375,14.875,13.25,14.875,209500
2000-12-06,15.5,15.5,14.6875,14.75,145600
2000-12-07,14.6875,14.8125,14.4375,14.5625,305400
2000-12-08,15.0,16.0625,15.0,16.0,106800
2000-12-11,16.25,16.875,16.125,16.6875,73900
2000-12-12,16.6875,16.6875,16.3125,16.5,19500
2000-12-13,16.75,16.75,16.3125,16.75,78100
2000-12-14,16.5,16.625,16.25,16.25,67600
2000-12-15,16.0625,16.0625,14.625,15.0625,178500
2000-12-18,15.5,15.75,15.3125,15.5625,70500
2000-12-19,16.0,16.125,15.6875,15.6875,72600
2000-12-20,16.0,16.0,15.0,15.0625,201300
2000-12-21,15.0625,15.125,14.6875,15.125,106800
2000-12-22,15.25,15.25,15.0,15.125,71500
2000-12-26,15.0625,15.1875,15.0,15.0625,23300
2000-12-27,15.0,15.0,13.5625,13.75,123500
2000-12-28,14.0,14.3125,14.0,14.0625,64900
2000-12-29,13.75,14.9375,13.5,14.875,73000
2001-01-02,14.75,14.75,14.125,14.5625,59600
2001-01-03,14.375,15.375,13.9375,15.1875,53500
2001-01-04,15.1875,15.6875,15.1875,15.625,70500
2001-01-05,16.0,16.1875,15.5,15.75,253000
2001-01-08,15.6875,15.9375,15.5625,15.75,36600
2001-01-09,15.5,16.75,15.5,16.6875,65400
2001-01-10,16.875,17.5625,16.875,17.5625,99200
2001-01-11,17.875,18.5625,17.8125,18.25,33900
2001-01-12,18.375,18.5625,17.875,18.375,129500
2001-01-16,18.9375,18.9375,17.5625,17.6875,32000
2001-01-17,18.1875,18.75,18.1875,18.3125,69200
2001-01-18,18.125,18.25,18.0,18.0625,39800
2001-01-19,18.3125,18.3125,17.8125,17.875,30800
2001-01-22,17.625,17.625,17.0625,17.375,72700
2001-01-23,17.625,18.0,17.4375,18.0,19900
2001-01-24,18.0,18.375,17.9375,18.0,77900
2001-01-25,18.125,18.8125,18.0,18.0,78000
2001-01-26,18.125,18.6875,18.125,18.625,100800
2001-01-29,18.68,18.68,18.3,18.38,54300
2001-01-30,18.37,18.38,17.26,17.51,61800
2001-01-31,17.6,17.9,17.6,17.67,61500
2001-02-01,17.4,18.21,17.02,18.14,70500
2001-02-02,17.78,17.88,17.58,17.65,157500
2001-02-05,17.65,17.65,16.66,16.8,54800
2001-02-06,17.05,18.09,17.05,17.72,184100
2001-02-07,16.95,17.52,16.76,17.52,25000
2001-02-08,17.67,18.3,17.67,18.14,72100
2001-02-09,18.13,18.23,17.85,18.01,88400
2001-02-12,18.0,18.69,18.0,18.62,34200
2001-02-13,18.8,19.3,18.8,19.12,69700
2001-02-14,19.1,19.1,18.26,18.45,29700
2001-02-15,18.46,18.8,18.35,18.75,74400
2001-02-16,18.35,18.35,17.59,17.59,50900
2001-02-20,17.59,17.6,17.36,17.37,59700
2001-02-21,17.12,17.52,17.0,17.0,72400
2001-02-22,17.2,17.2,16.49,16.56,22900
2001-02-23,16.2,16.2,15.0,15.77,89400
2001-02-26,15.77,15.88,15.7,15.7,22800
2001-02-27,15.6,15.6,15.05,15.28,43800
2001-02-28,15.5,15.6,15.34,15.42,17400
2001-03-01,15.41,15.5,15.3,15.5,29800
2001-03-02,15.35,15.36,15.24,15.36,13200
2001-03-05,15.5,16.06,15.37,16.06,21600
2001-03-06,16.7,18.28,16.7,18.12,70600
2001-03-07,18.5,18.8,18.1,18.17,134000
2001-03-08,18.05,18.92,17.3,17.3,53500
2001-03-09,17.58,17.8,16.77,17.0,14800
2001-03-12,16.9,16.9,15.75,15.95,61800
2001-03-13,15.75,17.32,15.5,17.32,62700
2001-03-14,16.25,16.3,15.7,16.25,88600
2001-03-15,16.45,16.55,16.32,16.54,17300
2001-03-16,16.4,16.4,16.22,16.25,68800
2001-03-19,16.2,16.9,16.16,16.8,37600
2001-03-20,16.4,17.48,16.31,16.87,41300
2001-03-21,16.67,16.67,15.95,15.95,72500
2001-03-22,15.74,15.74,15.37,15.49,32200
2001-03-23,15.29,15.6,14.9,15.5,101000
2001-03-26,15.4,15.65,15.0,15.13,48300
2001-03-27,15.2,15.2,15.05,15.2,14100
2001-03-28,15.1,15.1,14.75,14.75,21900
2001-03-29,14.7,14.7,14.38,14.38,28000
2001-03-30,14.53,14.53,12.99,13.7,62600
2001-04-02,13.71,13.79,13.4,13.49,98700
2001-04-03,13.5,14.0,13.2,13.2,222700
2001-04-04,13.2,13.35,12.85,12.85,76300
2001-04-05,13.0,13.36,12.5,13.35,179900
2001-04-06,13.25,13.25,12.76,12.94,14500
2001-04-09,13.05,13.1,12.85,12.94,9800
2001-04-10,13.0,13.32,12.96,12.97,319200
2001-04-11,13.2,14.09,13.2,14.09,95400
2001-04-12,14.19,14.95,13.9,14.91,52700
2001-04-16,15.4,15.4,14.75,14.75,24000
2001-04-17,14.25,14.45,14.1,14.15,38500
2001-04-18,14.35,15.05,14.35,14.85,188000
2001-04-19,14.87,14.95,14.12,14.94,164000
2001-04-20,14.7,14.7,14.35,14.5,19700
2001-04-23,14.5,14.5,13.95,14.1,22300
2001-04-24,14.15,14.35,14.15,14.25,83300
2001-04-25,14.22,15.5,14.22,15.48,46600
2001-04-26,14.9,15.1,14.35,15.0,69400
2001-04-27,15.1,15.25,15.1,15.21,18600
2001-04-30,15.3,15.9,14.85,15.6,70400
2001-05-01,15.5,15.66,15.5,15.66,5400
2001-05-02,16.15,16.85,16.15,16.24,62700
2001-05-03,16.05,16.05,15.1,15.15,50900
2001-05-04,15.12,15.7,15.12,15.7,21200
2001-05-07,15.75,15.99,15.7,15.7,23800
2001-05-08,15.8,16.0,15.8,15.97,68600
2001-05-09,15.87,15.95,15.65,15.65,32400
2001-05-10,15.7,15.7,14.49,14.49,102900
2001-05-11,14.5,15.25,14.5,14.9,31900
2001-05-14,15.1,15.1,14.9,15.0,31900
2001-05-15,15.0,15.0,14.95,15.0,21400
2001-05-16,14.9,16.0,14.8,15.99,19900
2001-05-17,15.9,15.9,15.5,15.5,43000
2001-05-18,15.2,15.3,15.2,15.25,131900
2001-05-21,15.25,15.45,15.18,15.19,55200
2001-05-22,14.9,15.25,14.9,15.25,51900
2001-05-23,15.0,15.0,14.9,15.0,152000
2001-05-24,14.9,14.94,14.89,14.9,20700
2001-05-25,15.0,15.0,14.9,15.0,175000
2001-05-29,15.05,15.1,14.92,15.0,150700
2001-05-30,15.0,17.2,14.95,17.15,232600
2001-05-31,17.1,18.0,17.1,17.28,171700
2001-06-01,17.27,18.6,17.2,18.25,189400
2001-06-04,18.3,18.9,18.19,18.35,69100
2001-06-05,18.35,18.5,18.2,18.36,168700
2001-06-06,18.32,18.32,17.55,17.65,130800
2001-06-07,17.4,17.42,17.2,17.32,58800
2001-06-08,17.2,17.3,17.2,17.25,15500
2001-06-11,17.05,17.25,17.0,17.16,85900
2001-06-12,16.7,16.9,16.7,16.8,75200
2001-06-13,16.48,17.5,16.48,17.45,86000
2001-06-14,17.0,17.2,17.0,17.05,62600
2001-06-15,16.75,17.01,16.75,17.01,130000
2001-06-18,16.35,16.7,16.35,16.52,134500
2001-06-19,16.25,16.83,16.25,16.57,236300
2001-06-20,16.05,16.2,16.05,16.2,96400
2001-06-21,16.25,16.7,16.25,16.69,77200
2001-06-22,16.42,16.8,16.42,16.74,126300
2001-06-25,16.0,16.35,15.8,15.83,130700
2001-06-26,15.75,16.0,15.75,16.0,50300
2001-06-27,16.0,16.15,16.0,16.08,51900
2001-06-28,16.08,16.2,16.08,16.13,20300
2001-06-29,16.13,16.43,16.1,16.4,22800
2001-07-02,16.41,16.45,16.33,16.44,19200
2001-07-03,16.4,16.45,16.0,16.01,64800
2001-07-05,16.0,16.0,15.29,15.39,95500
2001-07-06,15.25,15.31,14.95,15.15,87100
2001-07-09,15.12,15.24,15.04,15.24,75100
2001-07-10,15.24,15.3,15.05,15.11,66700
2001-07-11,15.0,15.0,14.05,14.2,30000
2001-07-12,14.5,14.8,14.5,14.8,15900
2001-07-13,14.95,16.0,14.95,15.9,66300
2001-07-16,15.92,15.92,15.8,15.83,54900
2001-07-17,15.6,15.8,15.2,15.8,30000
2001-07-18,15.6,15.65,15.05,15.31,92500
2001-07-19,15.39,15.6,15.33,15.35,89700
2001-07-20,15.5,15.79,15.49,15.7,113200
2001-07-23,15.45,15.75,15.2,15.7,58600
2001-07-24,15.45,15.5,15.3,15.3,29800
2001-07-25,15.0,15.14,14.95,15.05,25500
2001-07-26,15.25,15.25,15.05,15.14,29100
2001-07-27,14.6,14.7,14.35,14.35,233400
2001-07-30,14.47,14.6,14.47,14.5,117800
2001-07-31,14.6,14.7,14.5,14.68,96700
2001-08-01,14.95,15.06,14.9,15.04,34300
2001-08-02,15.0,15.2,15.0,15.2,76300
2001-08-03,15.3,15.35,15.0,15.31,156900
2001-08-06,15.35,15.43,14.99,15.0,126600
2001-08-07,15.0,15.1,14.96,15.09,20700
2001-08-08,15.15,15.22,15.11,15.16,17200
2001-08-09,15.21,15.24,15.11,15.19,61300
2001-08-10,15.25,15.53,15.18,15.48,31200
2001-08-13,15.47,15.55,15.21,15.22,29300
2001-08-14,15.29,15.49,15.27,15.46,26900
2001-08-15,15.22,15.6,15.22,15.45,29300
2001-08-16,15.5,15.71,15.1,15.2,124100
2001-08-17,15.2,15.3,15.05,15.05,27000
2001-08-20,15.15,15.58,15.0,15.57,26000
2001-08-21,15.52,16.2,15.52,16.2,92500
2001-08-22,18.25,18.25,17.5,17.94,384100
2001-08-23,17.99,18.1,17.65,18.0,169700
2001-08-24,18.0,18.15,17.81,18.14,129300
2001-08-27,18.14,19.75,18.1,19.75,171400
2001-08-28,19.15,19.15,18.05,18.1,249200
2001-08-29,18.02,18.2,17.95,17.95,108700
2001-08-30,17.94,17.95,17.3,17.61,119400
2001-08-31,17.52,17.71,17.2,17.5,135700
2001-09-04,17.4,17.87,17.29,17.77,131000
2001-09-05,17.62,18.31,17.6,18.21,144100
2001-09-06,18.24,18.24,17.51,17.62,67900
2001-09-07,17.6,17.63,17.47,17.57,101800
2001-09-10,17.45,17.45,16.75,16.8,91000
2001-09-17,16.52,16.52,15.83,15.99,136500
2001-09-18,15.99,16.0,15.8,15.82,86700
2001-09-19,15.75,16.2,15.65,15.9,154000
2001-09-20,15.7,15.75,15.2,15.54,137600
2001-09-21,15.35,16.15,15.1,15.92,83400
2001-09-24,15.92,16.21,15.83,15.95,77600
2001-09-25,15.9,16.25,15.9,16.21,131500
2001-09-26,16.25,16.25,15.84,15.84,83000
2001-09-27,15.9,16.4,15.85,16.14,66300
2001-09-28,16.6,16.75,16.2,16.42,175000
2001-10-01,16.48,16.48,16.0,16.05,155200
2001-10-02,16.0,16.14,15.95,16.12,138000
2001-10-03,15.9,16.28,15.85,16.28,148100
2001-10-04,17.45,17.45,16.05,16.4,214500
2001-10-05,16.3,16.42,16.2,16.42,119900
2001-10-08,16.42,16.42,16.05,16.2,150300
2001-10-09,16.45,16.7,16.4,16.54,157100
2001-10-10,16.5,18.1,16.5,18.1,117800
2001-10-11,18.45,18.9,17.52,17.99,149400
2001-10-12,17.9,18.4,17.87,18.17,86200
2001-10-15,18.18,18.74,17.5,18.65,159300
2001-10-16,18.65,18.84,18.51,18.81,164200
2001-10-17,18.85,19.2,18.75,18.75,155600
2001-10-18,18.76,19.15,18.75,19.15,143700
2001-10-19,19.15,19.45,19.1,19.25,305100
2001-10-22,19.0,19.2,18.9,19.12,73500
2001-10-23,19.14,19.14,18.85,18.85,79700
2001-10-24,18.86,18.88,18.6,18.6,40100
2001-10-25,18.7,18.75,18.61,18.74,30700
2001-10-26,18.95,19.6,18.74,19.6,384700
2001-10-29,19.55,20.5,19.3,20.28,482400
2001-10-30,19.9,20.04,19.31,19.9,475500
2001-10-31,19.8,20.0,19.71,19.8,162400
2001-11-01,20.0,20.15,19.77,20.02,203300
2001-11-02,20.15,20.15,19.71,19.71,80200
2001-11-05,19.76,20.2,19.76,20.11,167000
2001-11-06,19.95,20.7,19.95,20.62,107100
2001-11-07,20.9,21.9,20.8,21.71,511000
2001-11-08,22.5,24.25,22.5,23.33,488100
2001-11-09,23.4,24.9,22.85,24.6,583600
2001-11-12,24.75,25.75,23.4,25.75,463300
2001-11-13,26.0,26.45,25.13,26.15,641300
2001-11-14,26.0,26.0,22.7,23.38,577800
2001-11-15,22.21,22.85,21.55,21.81,395600
2001-11-16,22.05,22.3,20.8,21.47,447900
2001-11-19,22.1,23.62,21.9,23.62,436200
2001-11-20,23.95,26.5,23.55,25.73,829200
2001-11-21,25.55,25.56,24.3,24.73,413100
2001-11-23,25.5,28.2,25.0,27.98,314700
2001-11-26,27.98,27.98,25.65,26.7,1163500
2001-11-27,26.9,27.3,24.45,24.86,763500
2001-11-28,23.8,24.5,22.25,23.64,459500
2001-11-29,24.05,25.24,23.8,24.8,505300
2001-11-30,25.05,26.2,24.2,25.71,398800
2001-12-03,25.8,25.92,24.41,25.87,320900
2001-12-04,26.5,27.19,26.15,26.65,475100
2001-12-05,26.7,28.6,26.6,27.95,751600
2001-12-06,27.95,27.95,26.3,27.1,315800
2001-12-07,26.65,26.9,25.5,26.0,445600
2001-12-10,25.0,26.15,25.0,25.67,242800
2001-12-11,25.66,25.66,25.04,25.2,320300
2001-12-12,25.0,25.0,24.01,24.55,348600
2001-12-13,24.5,24.5,23.18,23.41,198400
2001-12-14,22.5,23.15,22.31,22.88,497200
2001-12-17,23.2,24.19,23.2,23.8,267500
2001-12-18,24.25,24.65,23.25,23.95,181300
2001-12-19,23.2,24.0,22.65,23.97,219600
2001-12-20,23.4,25.4,23.4,24.92,230300
2001-12-21,24.85,25.88,24.2,24.88,149200
2001-12-24,24.7,24.99,24.3,24.92,30700
2001-12-26,24.8,25.84,24.8,25.7,89400
2001-12-27,25.85,26.28,25.0,26.15,117100
2001-12-28,26.1,26.3,25.02,26.17,136600
2001-12-31,26.6,26.6,25.53,25.82,127600
2002-01-02,26.05,26.95,25.85,26.65,142200
2002-01-03,26.5,27.31,26.5,26.97,222500
2002-01-04,28.0,28.05,27.5,28.0,266300
2002-01-07,28.0,28.59,27.52,28.32,293000
2002-01-08,28.36,28.36,27.5,27.56,132900
2002-01-09,27.5,28.25,26.1,26.85,353600
2002-01-10,27.0,27.73,26.9,27.36,188600
2002-01-11,27.5,29.8,27.48,29.6,538400
2002-01-14,29.3,29.35,27.85,28.5,383000
2002-01-15,28.0,28.48,27.3,27.42,123500
2002-01-16,27.5,28.2,27.25,28.0,130400
2002-01-17,28.01,29.25,28.01,29.01,185300
2002-01-18,29.1,29.2,28.3,28.68,110400
2002-01-22,28.92,29.74,28.8,28.85,291000
2002-01-23,28.48,30.7,28.3,30.47,385600
2002-01-24,30.0,31.25,29.21,31.08,411100
2002-01-25,30.9,30.98,29.75,30.5,294700
2002-01-28,29.75,30.39,29.7,29.8,262600
2002-01-29,30.05,31.0,29.0,29.5,257600
2002-01-30,29.5,29.8,28.5,29.7,309900
2002-01-31,29.75,30.85,29.4,30.65,269800
2002-02-01,30.0,30.1,29.35,29.76,184000
2002-02-04,29.7,29.74,28.4,28.7,193400
2002-02-05,28.45,29.0,27.5,28.5,364400
2002-02-06,28.4,28.45,26.8,27.0,392200
2002-02-07,26.0,27.44,25.3,27.0,391400
2002-02-08,27.3,27.9,27.0,27.64,390000
2002-02-11,28.18,29.05,27.4,28.91,239000
2002-02-12,28.92,28.92,28.25,28.47,216600
2002-02-13,28.4,28.85,28.25,28.26,117200
2002-02-14,28.48,28.85,27.87,28.21,121700
2002-02-15,28.18,28.18,27.75,27.76,46600
2002-02-19,27.79,27.79,27.01,27.43,218300
2002-02-20,27.43,28.67,27.43,28.55,336100
2002-02-21,29.1,30.2,28.6,28.95,296700
2002-02-22,28.9,30.3,28.9,30.21,128600
2002-02-25,30.35,30.6,29.8,30.53,62200
2002-02-26,30.35,30.5,29.6,30.25,288600
2002-02-27,30.4,30.4,29.23,29.5,83500
2002-02-28,29.6,29.68,29.15,29.55,110000
2002-03-01,29.75,31.35,29.65,31.15,168300
2002-03-04,31.25,32.2,31.25,32.0,221600
2002-03-05,31.8,32.96,31.4,32.3,151900
2002-03-06,32.6,33.95,32.25,33.84,393200
2002-03-07,34.75,34.75,33.3,33.4,324900
2002-03-08,33.51,33.8,32.4,32.92,195000
2002-03-11,32.9,32.9,31.59,32.42,346500
2002-03-12,31.9,32.6,31.8,32.1,295500
2002-03-13,32.0,32.15,31.12,31.79,123700
2002-03-14,31.8,32.42,31.5,32.05,438000
2002-03-15,32.15,32.35,31.75,32.35,226100
2002-03-18,32.31,33.67,32.0,32.65,159600
2002-03-19,32.85,32.99,32.58,32.93,62900
2002-03-20,33.1,33.2,29.5,30.25,276000
2002-03-21,30.1,31.6,30.1,31.59,331700
2002-03-22,31.85,31.85,30.73,31.09,149200
2002-03-25,30.5,31.54,30.26,30.4,184900
2002-03-26,29.8,30.65,29.8,30.25,224500
2002-03-27,30.45,31.25,30.45,30.71,49900
2002-03-28,30.95,32.5,30.95,32.17,119500
2002-04-01,32.05,32.05,31.03,31.28,65800
2002-04-02,31.6,32.75,31.5,31.57,160800
2002-04-03,31.6,31.7,30.66,31.25,258100
2002-04-04,31.25,31.9,31.0,31.65,121300
2002-04-05,31.51,32.24,31.51,31.76,153100
2002-04-08,31.73,31.85,31.06,31.3,86300
2002-04-09,31.25,31.25,30.4,30.5,294400
2002-04-10,30.65,30.85,28.7,29.8,487400
2002-04-11,29.81,29.81,27.3,27.68,594200
2002-04-12,27.71,29.25,27.71,28.3,241300
2002-04-15,28.2,29.0,27.5,27.75,380700
2002-04-16,27.5,28.74,27.3,27.58,566100
2002-04-17,27.65,28.77,27.5,28.76,269600
2002-04-18,29.25,29.25,28.88,29.02,241400
2002-04-19,28.98,28.99,28.6,28.9,99400
2002-04-22,27.25,28.1,26.0,26.4,516400
2002-04-23,26.4,27.75,26.02,26.1,695900
2002-04-24,25.75,26.6,25.75,25.9,323000
2002-04-25,26.15,26.2,24.8,25.25,405100
2002-04-26,25.25,25.75,24.0,24.55,251900
2002-04-29,24.4,25.25,24.0,24.45,624700
2002-04-30,24.2,24.4,23.6,23.7,629400
2002-05-01,23.8,23.9,22.26,22.3,408100
2002-05-02,22.35,23.35,22.35,23.05,875500
2002-05-03,23.5,24.6,23.35,24.2,414500
2002-05-06,24.0,25.22,23.9,24.55,349300
2002-05-07,24.95,25.09,24.31,24.59,416100
2002-05-08,25.25,26.1,24.62,24.63,462700
2002-05-09,24.75,24.95,24.0,24.25,399400
2002-05-10,24.5,24.75,23.25,23.4,250000
2002-05-13,23.5,24.25,23.5,24.06,451400
2002-05-14,25.0,25.84,24.62,25.0,215800
2002-05-15,25.0,25.9,24.95,25.55,572700
2002-05-16,25.5,26.45,25.5,26.4,249000
2002-05-17,26.32,27.0,26.32,26.85,275200
2002-05-20,26.85,26.85,25.0,25.31,369900
2002-05-21,24.55,25.77,24.55,25.64,212700
2002-05-22,25.4,26.8,25.37,26.53,292600
2002-05-23,27.4,28.08,27.0,28.04,669100
2002-05-24,27.85,28.03,27.75,28.0,181200
2002-05-28,28.0,28.0,27.02,27.5,286800
2002-05-29,27.4,27.4,26.3,26.73,252300
2002-05-30,28.3,28.4,27.05,27.61,322600
2002-05-31,27.75,29.2,27.75,28.69,286600
2002-06-03,29.5,29.6,27.6,27.6,194500
2002-06-04,27.57,28.3,27.3,27.69,111600
2002-06-05,27.8,28.17,27.63,28.07,134000
2002-06-06,28.3,28.3,26.6,26.61,125200
2002-06-07,26.0,27.15,25.8,27.0,167900
2002-06-10,27.0,28.0,26.82,27.6,219500
2002-06-11,28.0,28.95,27.4,28.27,214000
2002-06-12,28.27,29.01,28.27,28.75,193300
2002-06-13,28.61,28.8,27.95,28.27,106100
2002-06-14,27.6,27.99,27.1,27.79,209300
2002-06-17,27.25,27.71,26.95,27.7,121000
2002-06-18,27.9,27.9,27.2,27.53,154000
2002-06-19,27.4,27.4,26.58,26.8,146600
2002-06-20,26.54,26.54,24.48,24.98,404500
2002-06-21,25.0,25.61,24.5,25.22,208700
2002-06-24,25.15,25.15,23.35,24.46,91700
2002-06-25,24.55,24.81,23.95,24.2,125300
2002-06-26,23.68,24.6,23.1,24.2,112800
2002-06-27,24.36,25.25,24.1,25.25,123600
2002-06-28,25.15,26.19,24.9,25.5,204600
2002-07-01,25.47,25.88,24.52,24.98,140500
2002-07-02,25.0,25.35,24.15,24.4,88500
2002-07-03,24.2,24.95,24.2,24.74,122800
2002-07-05,25.25,26.25,25.17,26.25,72200
2002-07-08,26.2,26.45,25.95,26.3,131200
2002-07-09,26.2,26.2,25.75,25.95,100600
2002-07-10,25.75,26.4,25.5,25.55,197700
2002-07-11,25.4,27.3,25.0,27.3,274700
2002-07-12,27.13,27.13,26.72,26.83,85100
2002-07-15,26.75,26.99,25.55,26.06,227800
2002-07-16,26.0,26.28,25.61,25.86,237600
2002-07-17,26.35,26.59,26.0,26.32,131300
2002-07-18,26.5,26.6,25.8,25.92,146500
2002-07-19,25.7,25.7,25.05,25.05,131900
2002-07-22,24.81,24.83,23.14,23.45,170900
2002-07-23,23.4,23.55,22.61,22.61,188300
2002-07-24,22.3,23.19,21.55,23.05,344100
2002-07-25,23.1,23.1,20.62,21.5,161100
2002-07-26,21.1,21.7,21.05,21.34,151600
2002-07-29,22.05,22.93,22.0,22.63,409700
2002-07-30,22.2,22.6,21.6,22.6,151400
2002-07-31,22.75,23.01,22.13,23.01,81300
2002-08-01,23.01,23.35,22.35,22.6,123900
2002-08-02,22.57,22.65,21.93,22.65,176500
2002-08-05,22.4,22.6,21.37,21.96,129700
2002-08-06,22.15,23.09,22.15,22.91,129100
2002-08-07,23.0,23.2,22.4,23.11,162000
2002-08-08,23.0,24.45,23.0,24.0,128600
2002-08-09,23.8,24.55,23.35,24.2,91500
2002-08-12,24.21,24.3,23.92,23.99,102400
2002-08-13,23.9,24.59,23.9,24.15,161200
2002-08-14,24.1,24.99,24.01,24.96,166200
2002-08-15,25.2,25.75,25.2,25.3,136800
2002-08-16,25.13,26.0,25.13,25.51,46700
2002-08-19,25.45,25.85,25.45,25.52,39600
2002-08-20,25.3,26.64,25.3,26.11,246700
2002-08-21,26.06,27.5,26.06,26.73,220100
2002-08-22,26.6,26.92,25.8,26.0,238000
2002-08-23,25.6,25.65,25.16,25.38,173800
2002-08-26,25.2,25.55,24.98,25.17,269500
2002-08-27,25.75,26.15,24.72,24.95,403600
2002-08-28,25.3,25.3,23.2,23.29,288100
2002-08-29,23.45,24.42,22.86,24.02,546200
2002-08-30,23.8,23.95,23.54,23.86,85700
2002-09-03,23.3,24.05,23.2,23.64,337000
2002-09-04,23.64,24.25,23.64,24.24,251000
2002-09-05,24.25,24.25,23.62,23.85,108700
2002-09-06,24.0,24.4,23.45,24.03,146100
2002-09-09,24.1,24.2,23.91,24.01,238300
2002-09-10,24.01,25.09,24.01,25.06,303500
2002-09-11,25.25,25.99,25.2,25.97,214000
2002-09-12,25.81,25.81,25.25,25.26,151000
2002-09-13,25.25,25.76,25.2,25.49,80000
2002-09-16,25.6,25.81,25.25,25.26,73800
2002-09-17,25.85,25.85,25.0,25.17,253200
2002-09-18,25.05,25.1,24.75,24.91,134300
2002-09-19,24.9,24.9,23.93,23.97,186900
2002-09-20,23.91,25.1,23.91,25.02,207300
2002-09-23,24.75,24.75,23.3,23.94,219100
2002-09-24,22.75,23.82,22.75,23.55,132800
2002-09-25,23.4,25.15,23.4,24.75,152100
2002-09-26,24.6,25.14,24.6,25.03,147900
2002-09-27,24.65,24.75,23.86,24.57,75800
2002-09-30,24.45,24.45,23.46,23.68,107500
2002-10-01,23.69,24.86,23.65,24.65,219900
2002-10-02,24.65,25.7,24.54,25.31,191800
2002-10-03,25.4,26.65,25.4,25.94,291500
2002-10-04,26.5,26.5,24.82,25.16,239400
2002-10-07,25.13,25.5,24.55,24.55,122600
2002-10-08,24.75,25.57,24.7,25.49,35900
2002-10-09,25.0,25.1,24.13,24.13,128700
2002-10-10,24.17,25.1,24.06,24.85,160900
2002-10-11,24.9,25.45,24.9,25.31,276300
2002-10-14,25.2,25.25,24.7,24.97,80700
2002-10-15,25.75,26.8,25.55,26.78,218300
2002-10-16,25.25,26.7,25.25,26.54,101800
2002-10-17,27.22,27.22,26.5,27.09,147600
2002-10-18,26.9,27.06,26.8,26.97,105200
2002-10-21,26.9,27.54,26.7,27.05,125500
2002-10-22,26.95,27.14,26.55,27.0,119500
2002-10-23,27.1,27.17,26.85,26.92,142000
2002-10-24,26.7,26.74,25.92,26.4,167900
2002-10-25,26.49,27.2,26.12,27.0,127500
2002-10-28,27.19,27.45,26.68,26.79,123400
2002-10-29,26.9,26.97,26.5,26.88,143600
2002-10-30,27.3,27.88,27.05,27.8,191500
2002-10-31,27.9,28.65,27.9,28.29,186300
2002-11-01,28.1,28.74,27.7,28.49,164400
2002-11-04,28.75,29.99,28.75,29.32,434500
2002-11-05,29.55,29.7,28.55,28.95,217200
2002-11-06,29.0,29.14,28.8,29.14,123300
2002-11-07,29.0,29.14,28.58,29.11,129300
2002-11-08,28.65,29.13,28.43,29.13,114300
2002-11-11,29.2,29.39,28.66,28.73,145800
2002-11-12,28.6,30.34,28.55,30.11,231200
2002-11-13,29.8,29.85,29.4,29.52,269500
2002-11-14,29.5,30.09,29.26,29.75,379400
2002-11-15,30.0,30.39,29.55,30.22,92700
2002-11-18,30.7,31.62,30.67,31.44,261300
2002-11-19,30.85,30.85,29.95,30.01,253800
2002-11-20,30.15,30.65,29.77,30.09,328800
2002-11-21,31.8,34.78,31.8,34.55,1163900
2002-11-22,34.51,34.58,33.6,34.19,422000
2002-11-25,34.3,36.0,34.2,35.9,553900
2002-11-26,35.81,36.2,34.77,34.99,415000
2002-11-27,35.0,35.69,34.76,35.5,452700
2002-11-29,35.75,35.75,34.8,35.06,122700
2002-12-02,36.0,36.4,35.62,36.02,458300
2002-12-03,36.15,36.15,34.43,34.95,532100
2002-12-04,34.91,34.91,32.8,34.17,475200
2002-12-05,34.25,34.8,33.6,34.15,194100
2002-12-06,34.0,34.15,33.6,33.89,97900
2002-12-09,33.3,33.78,32.52,33.0,251700
2002-12-10,32.75,33.05,32.7,33.0,269900
2002-12-11,32.9,32.9,31.15,31.95,431000
2002-12-12,32.07,32.23,31.52,31.99,183000
2002-12-13,32.0,32.0,30.58,31.75,341500
2002-12-16,31.75,33.6,31.75,33.39,546800
2002-12-17,34.05,34.39,33.62,33.86,354400
2002-12-18,33.4,33.4,32.0,32.25,225800
2002-12-19,32.3,32.99,31.9,32.62,100100
2002-12-20,32.4,33.23,32.4,33.0,89800
2002-12-23,33.0,33.7,32.91,33.32,89700
2002-12-24,33.25,33.48,33.0,33.0,35100
2002-12-26,33.1,33.7,33.01,33.05,38500
2002-12-27,33.12,33.19,32.54,32.65,119800
2002-12-30,32.4,32.45,31.44,31.68,103600
2002-12-31,31.7,32.24,31.7,32.02,53500
2003-01-02,32.2,32.8,32.15,32.76,101200
2003-01-03,32.9,33.98,32.7,33.85,146800
2003-01-06,33.86,35.32,33.86,35.01,181600
2003-01-07,35.0,35.9,35.0,35.65,151300
2003-01-08,35.4,36.0,35.33,35.45,251400
2003-01-09,35.4,37.98,35.4,37.8,596700
2003-01-10,37.0,37.0,35.08,35.6,434600
2003-01-13,36.3,36.35,35.6,36.0,172800
2003-01-14,36.05,36.63,36.0,36.25,190400
2003-01-15,36.55,36.55,35.5,36.02,158700
2003-01-16,36.02,36.65,35.5,35.7,131100
2003-01-17,35.6,35.6,33.0,33.88,354100
2003-01-21,33.0,33.05,31.6,32.03,352600
2003-01-22,30.0,32.48,30.0,32.3,523000
2003-01-23,32.4,32.94,31.9,32.19,299100
2003-01-24,32.23,32.23,31.37,31.37,257200
2003-01-27,30.8,31.92,30.76,31.54,232800
2003-01-28,31.98,32.2,31.53,31.77,158100
2003-01-29,32.11,32.11,31.08,31.81,178500
2003-01-30,31.7,32.45,31.7,32.0,231200
2003-01-31,31.05,32.3,31.05,31.9,150300
2003-02-03,31.98,32.65,31.5,31.53,75600
2003-02-04,31.18,31.98,30.87,31.98,76700
2003-02-05,32.0,32.8,31.8,32.21,154500
2003-02-06,32.0,32.65,31.37,32.0,162600
2003-02-07,32.35,32.53,31.81,31.85,77200
2003-02-10,32.0,32.34,31.72,31.98,194800
2003-02-11,31.87,32.5,31.87,32.5,418700
2003-02-12,32.5,33.66,32.5,33.65,306000
2003-02-13,34.0,34.29,33.65,34.0,346100
2003-02-14,34.0,34.5,33.82,34.18,143100
2003-02-18,34.23,34.65,33.55,33.8,179000
2003-02-19,33.5,33.75,33.28,33.71,119000
2003-02-20,33.95,34.0,33.65,33.96,50400
2003-02-21,34.2,35.75,34.02,35.36,285200
2003-02-24,35.5,36.25,35.15,35.26,198900
2003-02-25,35.1,35.91,35.1,35.8,394200
2003-02-26,36.4,36.4,35.6,35.96,213000
2003-02-27,36.15,36.7,36.11,36.57,113700
2003-02-28,36.84,37.98,36.8,37.38,313500
2003-03-03,37.9,38.79,37.8,38.4,409800
2003-03-04,38.45,38.45,36.7,37.48,328700
2003-03-05,37.5,37.97,37.15,37.96,376700
2003-03-06,38.0,38.15,37.25,37.75,139900
2003-03-07,37.6,37.75,37.4,37.46,231300
2003-03-10,37.36,37.36,35.6,36.25,423900
2003-03-11,36.25,36.25,35.15,35.21,298400
2003-03-12,35.4,35.4,34.27,35.07,261200
2003-03-13,36.0,36.9,35.5,36.74,209400
2003-03-14,36.98,37.23,36.2,36.56,130900
2003-03-17,36.57,37.9,36.15,37.36,164900
2003-03-18,38.15,38.15,37.3,37.35,207700
2003-03-19,37.14,37.64,37.07,37.48,126600
2003-03-20,37.48,37.74,37.03,37.66,145700
2003-03-21,37.9,39.85,37.9,39.2,325600
2003-03-24,38.25,38.25,36.6,36.85,298500
2003-03-25,36.75,37.45,36.75,37.21,180200
2003-03-26,37.75,37.85,37.25,37.79,322500
2003-03-27,35.5,35.99,33.88,33.93,1291600
2003-03-28,34.0,34.84,33.91,34.7,424300
2003-03-31,34.6,34.93,33.85,34.5,197000
2003-04-01,34.75,35.56,34.75,35.56,235800
2003-04-02,36.48,36.48,35.4,35.41,203500
2003-04-03,35.4,35.51,34.9,34.91,156700
2003-04-04,34.87,35.64,34.78,35.47,100800
2003-04-07,36.0,36.95,36.0,36.31,408700
2003-04-08,36.32,36.99,35.88,36.85,189300
2003-04-09,36.99,37.77,36.99,37.76,483800
2003-04-10,37.74,37.74,36.3,36.54,164900
2003-04-11,37.0,37.03,36.4,36.95,90600
2003-04-14,37.7,38.5,37.43,37.92,361200
2003-04-15,38.2,38.2,36.58,37.05,398900
2003-04-16,37.15,37.75,37.15,37.49,168400
2003-04-17,37.25,37.75,37.05,37.66,170900
2003-04-21,37.8,38.88,37.8,38.5,155800
2003-04-22,38.55,38.89,37.75,38.73,60200
2003-04-23,38.9,40.55,37.8,38.21,977200
2003-04-24,38.23,39.45,38.23,38.91,592900
2003-04-25,39.5,39.5,38.82,39.39,78100
2003-04-28,39.5,41.65,39.5,41.23,392200
2003-04-29,41.4,41.8,40.0,40.53,311100
2003-04-30,40.25,40.4,39.19,39.94,245000
2003-05-01,40.05,40.49,39.85,40.21,93700
2003-05-02,40.02,40.96,39.9,40.76,83800
2003-05-05,40.85,41.65,40.65,41.42,67200
2003-05-06,41.17,41.17,40.5,40.54,84700
2003-05-07,40.75,41.48,39.6,39.98,179600
2003-05-08,39.05,39.5,38.98,39.29,168000
2003-05-09,39.15,40.5,39.15,40.2,166400
2003-05-12,40.97,42.2,40.65,41.85,222700
2003-05-13,41.75,43.4,41.75,43.12,312200
2003-05-14,43.37,44.73,42.24,42.58,248200
2003-05-15,43.13,44.2,43.1,43.4,198700
2003-05-16,43.36,43.36,42.1,42.6,160500
2003-05-19,42.0,42.0,40.8,41.56,262300
2003-05-20,40.9,41.6,40.11,40.78,312500
2003-05-21,40.75,40.76,39.75,40.06,182800
2003-05-22,40.2,42.15,40.18,41.38,296800
2003-05-23,41.05,43.5,41.0,42.99,278700
2003-05-27,42.9,44.55,42.9,44.25,300100
2003-05-28,44.3,44.52,43.55,43.78,127900
2003-05-29,44.35,46.3,44.35,44.85,334900
2003-05-30,45.0,46.06,44.75,45.03,215300
2003-06-02,45.1,46.1,44.76,45.25,103500
2003-06-03,44.9,45.1,43.92,44.0,349400
2003-06-04,44.0,44.0,43.12,43.14,330500
2003-06-05,42.47,43.9,42.26,43.69,239300
2003-06-06,44.0,45.35,44.0,44.15,210500
2003-06-09,42.75,43.65,42.41,42.41,243600
2003-06-10,42.7,43.0,41.52,41.9,256700
2003-06-11,42.05,43.64,42.05,43.12,100400
2003-06-12,43.9,44.2,43.45,44.0,152400
2003-06-13,43.8,44.2,42.9,43.93,115400
2003-06-16,44.18,44.99,43.84,44.8,212800
2003-06-17,45.1,45.82,44.65,45.3,318400
2003-06-18,45.95,46.89,45.42,46.35,272700
2003-06-19,46.45,46.5,45.2,45.31,130400
2003-06-20,45.4,45.48,44.65,44.93,98800
2003-06-23,44.6,44.6,43.0,43.21,173000
2003-06-24,43.5,44.61,43.19,44.35,139400
2003-06-25,44.36,46.5,44.36,45.95,166600
2003-06-26,46.3,46.6,45.35,46.6,212400
2003-06-27,46.45,47.4,46.0,46.8,186200
2003-06-30,48.0,48.0,45.75,46.44,189900
2003-07-01,46.44,46.44,45.42,45.98,232400
2003-07-02,46.2,48.2,46.2,47.78,256800
2003-07-03,47.5,47.5,46.9,47.21,172200
2003-07-07,47.72,47.85,47.55,47.75,139500
2003-07-08,47.95,49.09,47.7,48.96,301200
2003-07-09,48.9,48.9,47.3,47.75,314300
2003-07-10,46.55,46.8,45.6,46.2,309500
2003-07-11,46.25,46.43,45.83,46.03,432700
2003-07-14,46.6,47.35,46.25,46.6,155800
2003-07-15,47.4,48.11,47.1,48.0,289400
2003-07-16,47.8,47.8,43.75,44.9,782900
2003-07-17,41.65,43.3,39.5,40.8,1149000
2003-07-18,41.6,42.53,40.52,42.35,705500
2003-07-21,42.5,43.58,42.5,43.52,322000
2003-07-22,43.95,44.25,43.0,44.1,352900
2003-07-23,43.85,44.4,43.35,44.25,189100
2003-07-24,45.05,45.64,45.0,45.23,209900
2003-07-25,45.45,46.19,45.35,45.73,140300
2003-07-28,46.2,46.26,45.25,45.73,139700
2003-07-29,45.05,45.3,44.65,44.78,151200
2003-07-30,44.55,44.95,43.77,43.77,197500
2003-07-31,44.2,44.8,44.2,44.76,212900
2003-08-01,44.85,45.22,44.43,45.11,108600
2003-08-04,45.11,45.11,43.51,44.3,165900
2003-08-05,44.3,46.3,44.15,45.73,428900
2003-08-06,45.7,46.25,45.52,46.17,244700
2003-08-07,47.6,47.6,46.44,46.5,405300
2003-08-08,46.3,46.91,45.88,46.05,72800
2003-08-11,46.25,47.51,46.25,46.9,315600
2003-08-12,47.01,47.5,47.01,47.49,178400
2003-08-13,47.59,48.0,47.3,47.82,217900
2003-08-14,47.75,49.9,47.75,49.5,271200
2003-08-15,49.6,49.85,49.1,49.75,66700
2003-08-18,50.3,52.74,50.26,51.7,523300
2003-08-19,51.98,52.35,50.75,51.37,178600
2003-08-20,50.5,51.55,49.7,51.5,241500
2003-08-21,51.75,53.85,51.4,52.9,337200
2003-08-22,54.0,54.0,52.51,52.54,170200
2003-08-25,53.0,53.9,52.5,52.95,163200
2003-08-26,52.89,55.1,52.65,53.4,413300
2003-08-27,54.2,54.99,54.0,54.96,246400
2003-08-28,55.4,55.4,53.69,54.48,624400
2003-08-29,55.0,55.0,53.2,53.98,464000
2003-09-02,55.0,56.03,54.73,55.47,578900
2003-09-03,55.48,57.19,55.25,57.04,357900
2003-09-04,58.0,58.09,55.84,55.9,311700
2003-09-05,55.9,55.9,54.5,55.34,214300
2003-09-08,55.15,56.2,55.0,55.87,127200
2003-09-09,56.1,56.6,54.1,54.36,483000
2003-09-10,53.6,54.2,53.05,53.06,232100
2003-09-11,53.05,55.07,53.05,55.02,248800
2003-09-12,55.0,55.75,54.5,55.0,139700
2003-09-15,55.45,56.82,55.0,56.61,215800
2003-09-16,56.95,57.95,56.8,57.61,248000
2003-09-17,58.5,58.55,56.4,56.9,258200
2003-09-18,58.75,58.85,58.08,58.67,336400
2003-09-19,58.95,59.33,58.7,58.95,195800
2003-09-22,58.75,58.75,58.15,58.61,109600
2003-09-23,58.65,60.6,58.65,60.6,167300
2003-09-24,61.3,62.58,61.2,62.21,458000
2003-09-25,62.0,62.3,61.2,61.2,277200
2003-09-26,61.05,61.5,59.6,61.08,284100
2003-09-29,61.36,63.44,61.36,63.26,288100
2003-09-30,63.0,63.1,60.76,60.86,286800
2003-10-01,61.11,62.98,60.8,62.89,564900
2003-10-02,63.2,65.35,63.2,65.22,409000
2003-10-03,66.0,67.2,64.83,66.37,389400
2003-10-06,67.75,68.79,67.25,68.4,358700
2003-10-07,68.3,69.38,67.65,69.1,570300
2003-10-08,68.1,69.55,68.0,68.19,627500
2003-10-09,68.7,68.75,66.6,66.85,508200
2003-10-10,67.1,67.56,66.05,66.93,436800
2003-10-13,67.1,68.7,67.1,68.2,383500
2003-10-14,69.2,69.9,68.81,69.2,438400
2003-10-15,69.01,69.45,68.51,69.05,169300
2003-10-16,69.15,70.25,68.8,69.82,152500
2003-10-17,69.83,69.97,68.7,68.9,227700
2003-10-20,68.45,68.9,66.81,67.43,250600
2003-10-21,66.5,66.7,64.8,66.15,357900
2003-10-22,65.0,65.25,62.51,62.7,604700
2003-10-23,62.1,64.5,62.1,63.92,539400
2003-10-24,64.25,66.95,63.5,66.7,292800
2003-10-27,64.0,66.05,63.2,65.75,634100
2003-10-28,66.75,68.0,66.2,68.0,374200
2003-10-29,68.0,68.0,65.08,65.17,479600
2003-10-30,64.25,64.35,61.5,62.13,1324300
2003-10-31,62.4,66.0,62.4,65.02,671700
2003-11-03,65.3,67.72,65.0,67.0,662810
2003-11-04,66.9,66.98,65.0,65.72,339691
2003-11-05,64.0,65.5,63.9,64.63,393900
2003-11-06,65.0,66.9,64.9,66.2,239600
2003-11-07,66.4,68.01,66.01,66.02,251600
2003-11-10,67.0,68.4,66.14,68.11,436400
2003-11-11,67.5,67.75,65.2,66.03,372700
2003-11-12,66.05,66.5,64.6,65.73,421700
2003-11-13,65.6,67.0,65.4,66.99,173600
2003-11-14,66.2,66.48,64.97,65.1,253700
2003-11-17,64.3,65.42,63.61,63.73,297600
2003-11-18,63.61,64.25,61.15,61.15,688500
2003-11-19,60.47,60.99,58.25,58.95,998500
2003-11-20,58.6,62.45,58.27,62.2,937000
2003-11-21,62.75,62.75,61.39,61.8,415000
2003-11-24,62.65,66.15,62.52,65.5,430100
2003-11-25,65.3,66.75,65.2,66.42,257500
2003-11-26,67.8,68.34,67.32,67.86,308000
2003-11-28,67.8,69.5,67.51,69.36,172000
2003-12-01,69.73,71.2,69.12,70.03,251200
2003-12-02,70.06,70.65,69.1,69.52,624600
2003-12-03,70.4,70.7,68.75,68.84,326700
2003-12-04,68.75,69.51,67.73,67.92,191000
2003-12-05,67.75,68.8,67.29,68.05,137200
2003-12-08,68.25,69.3,68.24,68.5,129000
2003-12-09,69.0,70.5,68.52,68.53,164200
2003-12-10,68.2,68.3,65.09,65.87,316600
2003-12-11,66.0,67.65,65.4,66.49,422100
2003-12-12,66.75,66.75,64.15,64.74,419000
2003-12-15,66.7,66.8,64.56,64.6,383800
2003-12-16,64.45,64.45,62.5,63.0,306000
2003-12-17,63.1,65.41,63.1,65.1,315100
2003-12-18,65.6,66.45,64.51,65.49,324400
2003-12-19,67.25,68.01,65.48,65.8,339100
2003-12-22,65.6,66.97,65.4,66.65,125000
2003-12-23,66.4,67.6,66.3,67.36,171500
2003-12-24,67.2,67.6,67.0,67.35,47000
2003-12-26,67.5,67.69,67.3,67.65,17100
2003-12-29,66.15,67.95,66.05,67.74,179500
2003-12-30,67.5,69.5,67.5,69.2,236700
2003-12-31,70.75,73.65,70.75,73.44,637700
2004-01-02,74.2,75.1,73.2,74.35,310000
2004-01-05,75.25,79.2,75.01,78.85,523500
2004-01-06,77.0,78.1,75.95,77.4,596000
2004-01-07,77.6,77.85,76.66,77.79,174600
2004-01-08,78.0,80.14,77.82,78.25,345500
2004-01-09,78.5,79.6,78.04,78.2,187500
2004-01-12,78.5,79.2,77.2,78.19,285500
2004-01-13,77.96,78.19,75.97,75.97,482900
2004-01-14,74.98,75.51,68.89,70.85,1998200
2004-01-15,70.75,71.62,68.96,70.26,1445400
2004-01-16,71.0,71.35,69.7,71.13,434300
2004-01-20,72.7,74.95,72.5,74.17,539700
2004-01-21,75.75,77.74,73.97,75.5,514700
2004-01-22,77.0,78.03,75.13,75.74,576500
2004-01-23,75.96,78.83,75.96,78.08,624900
2004-01-26,77.25,77.39,76.12,77.36,204400
2004-01-27,77.15,78.24,76.85,77.93,272400
2004-01-28,77.85,78.25,76.35,76.7,554800
2004-01-29,76.7,77.21,75.6,75.82,511000
2004-01-30,75.4,76.1,74.4,75.4,278100
2004-02-02,73.75,77.2,73.75,75.68,343900
2004-02-03,75.55,77.54,74.8,76.93,446400
2004-02-04,75.55,75.7,71.9,72.33,1197700
2004-02-05,73.3,74.4,70.91,71.5,566700
2004-02-06,70.0,73.0,69.5,72.6,944200
2004-02-09,72.9,75.7,72.3,73.31,731900
2004-02-10,73.75,74.5,71.8,72.21,451400
2004-02-11,72.1,73.7,71.5,73.05,520100
2004-02-12,73.85,76.16,73.6,75.2,558000
2004-02-13,75.4,76.84,74.5,75.21,641000
2004-02-17,80.0,82.6,79.65,81.49,1225200
2004-02-18,84.0,84.38,81.85,83.5,893700
2004-02-19,83.6,85.0,82.35,82.81,305500
2004-02-20,83.0,83.01,81.5,82.2,316000
2004-02-23,82.03,82.75,80.1,81.05,199900
2004-02-24,80.1,82.61,79.2,81.9,470100
2004-02-25,83.0,83.69,81.9,82.19,204300
2004-02-26,82.13,83.6,82.1,83.37,249900
2004-02-27,83.75,86.68,83.75,84.83,305600
2004-03-01,86.25,89.5,86.0,88.67,300100
2004-03-02,88.68,89.7,86.78,86.89,337200
2004-03-03,85.5,87.24,85.5,86.71,177600
2004-03-04,87.9,89.5,87.25,88.95,308900
2004-03-05,88.99,91.42,87.8,90.57,359600
2004-03-08,90.8,92.4,90.5,91.75,458100
2004-03-09,92.9,95.19,92.88,94.37,460900
2004-03-10,93.25,93.7,90.59,91.0,491300
2004-03-11,90.5,90.5,88.35,88.58,293800
2004-03-12,89.4,89.65,87.1,88.3,307500
2004-03-15,88.75,88.75,85.05,85.14,428900
2004-03-16,86.2,88.91,86.2,88.39,380100
2004-03-17,88.59,90.65,88.59,90.48,267100
2004-03-18,90.94,91.65,89.3,90.5,327800
2004-03-19,92.3,93.45,91.85,92.58,449400
2004-03-22,91.65,91.65,87.75,88.9,366800
2004-03-23,89.4,90.0,88.35,88.57,231700
2004-03-24,89.0,89.5,86.81,88.35,335300
2004-03-25,89.26,98.4,89.26,98.22,1253400
2004-03-26,97.95,98.25,96.15,97.36,449000
2004-03-29,100.5,101.4,98.3,98.31,806300
2004-03-30,100.5,100.63,97.85,100.0,328700
2004-03-31,101.0,105.05,100.6,103.95,427700
2004-04-01,103.0,103.7,101.7,102.93,350500
2004-04-02,104.75,105.71,103.75,103.8,275400
2004-04-05,104.0,105.5,103.68,104.95,333100
2004-04-06,104.05,105.4,103.2,103.79,317600
2004-04-07,105.0,105.8,103.46,105.17,495900
2004-04-08,107.0,107.5,106.5,107.0,302700
2004-04-12,108.2,109.21,107.9,108.92,287300
2004-04-13,109.15,109.15,101.24,103.6,795500
2004-04-14,102.5,104.35,102.33,102.49,307600
2004-04-15,102.49,104.25,102.49,103.59,201400
2004-04-16,103.2,103.2,100.2,101.21,201300
2004-04-19,101.4,108.82,100.9,106.87,505400
2004-04-20,106.77,107.9,103.96,104.01,320900
2004-04-21,102.25,102.25,97.2,97.98,913200
2004-04-22,98.0,99.84,96.6,99.27,402100
2004-04-23,100.0,101.28,99.01,100.66,495700
2004-04-26,100.55,102.95,97.9,98.39,345900
2004-04-27,97.1,99.25,97.1,97.55,248700
2004-04-28,97.89,98.15,92.39,93.62,396700
2004-04-29,92.5,93.7,88.0,90.0,717000
2004-04-30,91.1,92.78,89.61,89.84,373700
2004-05-03,90.01,91.2,83.7,85.82,706200
2004-05-04,87.5,98.5,87.5,97.26,1037500
2004-05-05,95.74,96.79,93.84,95.11,309200
2004-05-06,93.1,94.6,89.8,91.67,369600
2004-05-07,89.25,90.25,85.65,86.78,695700
2004-05-10,83.5,86.9,81.67,86.9,472000
2004-05-11,86.76,90.78,86.76,89.0,442800
2004-05-12,89.1,91.4,85.74,89.2,551500
2004-05-13,89.55,93.11,88.25,92.84,532900
2004-05-14,92.83,93.0,90.17,91.45,254200
2004-05-17,92.0,92.95,89.0,89.58,319800
2004-05-18,91.0,92.5,90.05,92.4,484200
2004-05-19,94.0,97.25,92.69,94.12,582400
2004-05-20,93.1,94.67,92.3,93.0,306800
2004-05-21,94.5,95.8,93.0,95.19,347300
2004-05-24,95.25,98.97,95.25,98.67,371100
2004-05-25,96.7,100.1,95.55,99.8,477700
2004-05-26,99.65,101.3,98.74,99.7,462200
2004-05-27,98.9,98.9,95.01,95.99,601300
2004-05-28,96.0,96.01,91.75,92.26,549900
2004-06-01,90.4,93.5,89.7,92.9,523300
2004-06-02,93.35,95.25,93.15,93.95,290400
2004-06-03,92.6,93.1,91.25,91.35,343800
2004-06-04,93.25,93.63,91.82,92.25,187500
2004-06-07,93.75,96.95,93.5,96.5,467000
2004-06-08,96.4,96.61,95.23,96.48,203200
2004-06-09,96.0,96.23,92.08,92.72,471300
2004-06-10,93.05,93.63,91.15,92.91,201900
2004-06-14,93.02,93.02,89.75,90.25,223400
2004-06-15,89.01,91.93,89.0,90.62,287600
2004-06-16,91.0,91.8,89.2,89.99,276400
2004-06-17,91.59,97.51,91.59,95.95,666800
2004-06-18,95.55,97.7,94.2,96.51,355500
2004-06-21,98.2,98.22,96.26,97.2,289000
2004-06-22,96.28,96.49,94.55,95.64,242700
2004-06-23,94.6,95.85,94.05,95.06,257700
2004-06-24,95.2,97.25,94.86,95.01,250400
2004-06-25,94.97,96.18,94.728,95.15,123800
2004-06-28,95.11,96.48,94.4,95.01,198400
2004-06-29,94.8,95.0,94.35,95.0,314100
2004-06-30,95.27,96.8,95.27,96.45,199200
2004-07-01,96.45,96.45,91.0,91.88,444600
2004-07-02,91.9,93.0,90.6,92.15,193500
2004-07-06,91.45,91.46,88.9,89.86,378800
2004-07-07,90.25,90.9,88.5,89.25,417000
2004-07-08,89.25,89.5,87.3,87.9,448000
2004-07-09,88.0,89.15,86.52,87.12,407200
2004-07-12,86.0,86.9,84.95,85.42,748200
2004-07-13,86.99,88.62,86.99,88.31,269700
2004-07-14,87.3,89.58,87.05,88.0,279900
2004-07-15,89.9,91.6,89.85,90.51,483300
2004-07-16,91.75,91.75,90.0,90.03,308700
2004-07-19,90.15,91.03,89.07,89.1,194600
2004-07-20,88.88,88.88,85.5,87.78,291900
2004-07-21,87.3,88.02,84.67,84.93,389100
2004-07-22,85.24,85.24,79.8,82.12,879800
2004-07-23,83.3,83.85,81.2,83.75,400500
2004-07-26,82.9,84.65,82.01,84.3,434400
2004-07-27,84.31,86.8,83.0,86.26,381700
2004-07-28,85.0,87.14,81.76,87.0,1034400
2004-07-29,87.25,88.88,86.11,86.52,437000
2004-07-30,88.5,88.83,86.63,87.33,366200
2004-08-02,87.0,89.99,86.3,89.1,494600
2004-08-03,89.45,89.65,86.3,86.46,359800
2004-08-04,86.46,88.47,85.65,87.62,476000
2004-08-05,88.5,88.5,83.65,84.5,492300
2004-08-06,83.0,87.14,81.75,85.66,697600
2004-08-09,87.0,87.55,84.05,84.11,400700
2004-08-10,84.15,85.63,84.15,85.06,285200
2004-08-11,83.35,84.05,82.82,83.15,389400
2004-08-12,84.25,84.98,83.64,84.5,314600
2004-08-13,84.35,85.74,84.32,84.56,282200
2004-08-16,86.45,89.66,86.05,89.25,503400
2004-08-17,91.99,95.71,91.5,93.8,1507400
2004-08-18,91.81,93.01,91.38,92.82,625000
2004-08-19,91.85,95.0,91.85,94.62,367800
2004-08-20,94.36,96.0,94.0,95.68,204000
2004-08-23,94.5,96.92,94.1,95.83,361200
2004-08-24,96.7,97.05,95.76,96.82,264200
2004-08-25,95.6,98.05,95.6,97.17,361500
2004-08-26,95.5,96.45,94.63,95.21,305100
2004-08-27,95.8,96.0,94.7,95.38,187700
2004-08-30,95.7,96.4,94.91,95.65,123400
2004-08-31,97.85,98.74,96.6,98.24,459000
2004-09-01,98.1,102.87,97.55,101.6,835200
2004-09-02,101.6,101.75,99.8,100.8,551400
2004-09-03,100.78,106.26,100.78,103.62,709700
2004-09-07,105.0,106.6,103.0,105.62,540500
2004-09-08,105.8,106.1,103.6,104.49,318200
2004-09-09,104.84,105.74,104.0,104.29,199100
2004-09-10,104.05,104.75,103.13,104.33,341500
2004-09-13,105.0,110.0,104.87,108.75,764500
2004-09-14,110.0,110.56,104.7,106.85,701700
2004-09-15,107.0,107.0,104.1,105.04,330700
2004-09-16,104.75,105.7,102.8,103.0,396100
2004-09-17,103.0,104.0,101.94,102.61,424700
2004-09-20,100.65,102.37,99.5,102.3,410600
2004-09-21,102.95,105.12,102.7,103.82,291400
2004-09-22,103.5,104.11,101.5,102.69,196300
2004-09-23,102.75,104.27,101.1,103.7,223800
2004-09-24,103.5,104.7,103.4,104.38,154500
2004-09-27,103.85,104.13,101.34,103.34,211400
2004-09-28,103.45,105.75,102.76,105.04,179800
2004-09-29,104.81,106.08,103.97,105.7,184700
2004-09-30,106.2,109.5,106.17,108.55,316500
2004-10-01,110.0,114.95,109.97,114.81,584500
2004-10-04,116.85,116.85,114.7,115.07,393600
2004-10-05,114.8,115.0,112.6,113.45,355700
2004-10-06,114.05,114.6,112.62,113.53,270300
2004-10-07,113.65,114.2,112.2,113.4,422600
2004-10-08,113.4,116.16,113.24,114.75,289300
2004-10-11,114.6,116.4,114.6,115.28,193200
2004-10-12,113.45,114.3,111.08,111.77,506100
2004-10-13,112.0,112.73,108.5,109.1,399900
2004-10-14,109.0,109.4,106.3,107.34,412800
2004-10-15,107.25,109.45,107.25,108.97,280900
2004-10-18,109.1,111.15,109.1,109.85,329300
2004-10-19,110.7,112.22,108.14,108.5,271000
2004-10-20,108.35,108.35,104.3,106.28,467800
2004-10-21,106.75,109.1,106.38,109.0,282600
2004-10-22,109.18,110.7,108.53,109.79,326000
2004-10-25,108.25,108.8,106.05,106.2,279000
2004-10-26,106.32,109.64,106.32,108.91,276900
2004-10-27,109.8,114.49,109.22,114.21,522700
2004-10-28,113.2,113.9,111.45,111.5,301500
2004-10-29,111.4,114.7,111.4,114.25,226900
2004-11-01,113.75,114.89,113.52,114.11,166700
2004-11-02,113.6,118.5,113.59,116.88,439000
2004-11-03,119.75,119.86,116.15,116.45,188300
2004-11-04,115.1,118.65,115.04,118.21,271400
2004-11-05,117.5,120.1,116.9,117.91,347700
2004-11-08,118.5,121.4,118.39,121.32,209900
2004-11-09,121.4,122.73,120.1,121.48,227500
2004-11-10,120.4,120.41,115.8,118.79,434900
2004-11-11,118.8,119.05,116.5,118.1,241700
2004-11-12,118.6,119.9,118.46,119.0,233300
2004-11-15,120.05,122.15,120.0,121.2,237900
2004-11-16,119.25,120.5,118.74,118.9,238300
2004-11-17,119.25,120.2,117.75,118.7,343300
2004-11-18,118.79,126.7,118.51,126.53,975700
2004-11-19,123.75,124.1,121.11,122.32,576700
2004-11-22,120.0,124.25,119.98,123.0,263200
2004-11-23,42.5,42.9,39.85,39.93,1688500
2004-11-24,39.98,40.58,39.89,40.15,855600
2004-11-26,40.01,40.3,38.51,39.26,634900
2004-11-29,39.41,39.41,37.9,38.5,1103500
2004-11-30,38.56,39.35,38.45,38.97,561500
2004-12-01,38.45,39.23,37.92,38.35,688400
2004-12-02,38.45,40.0,38.45,39.5,859900
2004-12-03,39.9,40.0,38.8,38.9,822300
2004-12-06,38.91,41.25,38.85,40.91,1052300
2004-12-07,40.3,41.1,38.45,38.5,1280400
2004-12-08,31.01,31.95,28.05,30.1,14052100
2004-12-09,28.07,29.25,26.57,27.12,8325900
2004-12-10,29.0,31.13,28.6,30.5,7831400
2004-12-13,30.35,31.43,30.35,30.55,2782100
2004-12-14,31.05,31.99,30.0,30.02,3603700
2004-12-15,30.0,31.35,29.1,30.76,3725200
2004-12-16,30.0,32.11,30.0,31.4,2832400
2004-12-17,30.95,31.96,25.0,29.42,7859200
2004-12-20,28.85,30.0,28.16,29.37,1854000
2004-12-21,32.3,32.31,30.5,30.65,2759700
2004-12-22,31.05,31.35,30.75,31.06,2014700
2004-12-23,31.3,32.0,31.25,31.57,1109500
2004-12-27,31.3,32.01,30.95,31.81,996600
2004-12-28,31.52,31.99,31.35,31.6,788100
2004-12-29,33.65,34.7,33.3,33.76,2434100
2004-12-30,33.9,36.4,33.55,35.79,2710000
2004-12-31,37.25,37.3,36.0,36.15,1474300
2005-01-03,36.0,36.35,34.77,34.84,989000
2005-01-04,34.78,34.95,33.1,33.43,1068700
2005-01-05,33.15,34.1,32.76,33.69,1085600
2005-01-06,33.73,34.05,32.91,33.11,827200
2005-01-07,33.2,33.4,32.51,32.72,1518500
2005-01-10,32.5,33.85,32.458,33.55,1079200
2005-01-11,33.6,33.65,32.73,32.77,934300
2005-01-12,33.2,33.8,33.05,33.19,1301100
2005-01-13,33.25,33.9,33.13,33.21,929100
2005-01-14,33.95,35.38,33.75,35.2,1611500
2005-01-18,33.19,34.53,33.09,34.0,2547400
2005-01-19,34.5,34.7,34.0,34.03,847700
2005-01-20,33.2,33.55,33.2,33.46,919300
2005-01-21,33.9,34.14,33.2,33.38,1274200
2005-01-24,33.9,33.96,33.14,33.18,1000300
2005-01-25,33.4,33.71,33.16,33.25,874400
2005-01-26,33.35,33.72,33.3,33.62,641100
2005-01-27,33.85,35.0,33.82,34.82,1189500
2005-01-28,35.5,36.07,35.21,35.99,1114100
2005-01-31,36.15,36.39,35.6,36.15,1286500
2005-02-01,36.45,37.55,36.15,37.23,1489400
2005-02-02,37.7,38.0,36.5,37.31,1319500
2005-02-03,37.6,37.6,35.8,36.15,1446800
2005-02-04,36.35,38.0,36.35,37.98,1256700
2005-02-07,37.96,37.96,36.95,37.03,717500
2005-02-08,37.3,38.2,37.11,37.87,727300
2005-02-09,37.8,38.0,37.32,37.35,611600
2005-02-10,37.15,37.5,36.8,37.04,853800
2005-02-11,37.0,37.42,36.83,37.19,416000
2005-02-14,37.4,38.05,37.4,37.7,607000
2005-02-15,37.44,37.77,37.24,37.43,718100
2005-02-16,37.48,37.48,36.72,36.82,967400
2005-02-17,36.97,37.07,36.54,36.55,651100
2005-02-18,36.85,37.89,36.8,36.93,972400
2005-02-22,36.95,37.03,36.19,36.29,693700
2005-02-23,36.31,36.75,36.28,36.58,449400
2005-02-24,37.18,39.08,36.92,38.67,1190500
2005-02-25,39.0,39.8,38.3,39.71,1178500
2005-02-28,39.71,40.15,39.2,40.05,1177000
2005-03-01,39.95,39.95,38.75,39.31,811400
2005-03-02,39.3,39.3,38.56,38.75,967100
2005-03-03,38.72,39.09,38.5,38.6,574200
2005-03-04,38.75,39.19,38.59,38.85,411400
2005-03-07,38.85,39.54,38.57,38.95,438500
2005-03-08,39.02,39.33,38.63,38.82,331300
2005-03-09,38.88,39.65,38.2,38.87,839800
2005-03-10,38.6,38.89,38.1,38.38,728400
2005-03-11,38.7,39.39,38.38,38.65,699400
2005-03-14,38.75,38.76,37.38,37.49,716300
2005-03-15,37.57,37.78,36.48,36.73,594300
2005-03-16,35.5,36.09,35.1,35.58,1393500
2005-03-17,35.77,36.32,35.25,35.89,639800
2005-03-18,35.6,35.99,35.49,35.71,517400
2005-03-21,35.85,35.85,34.75,35.06,1165100
2005-03-22,35.55,36.65,35.27,35.34,764900
2005-03-23,34.8,35.12,34.45,34.49,821800
2005-03-24,35.45,35.98,35.09,35.36,811100
2005-03-28,35.27,35.82,35.26,35.31,326600
2005-03-29,35.0,35.48,34.58,34.72,430900
2005-03-30,34.1,34.45,33.8,34.29,1094700
2005-03-31,35.0,35.2,34.34,34.35,859400
2005-04-01,34.9,35.44,34.1,34.3,749100
2005-04-04,33.6,34.72,33.541,34.38,539400
2005-04-05,34.73,35.35,34.63,35.01,634400
2005-04-06,35.7,36.83,35.7,36.2,1052500
2005-04-07,36.5,37.02,36.21,36.94,1085000
2005-04-08,36.96,37.76,36.93,37.43,685200
2005-04-11,36.85,36.89,35.92,36.47,778000
2005-04-12,36.35,36.7,35.75,36.18,1017500
2005-04-13,36.24,36.24,35.28,35.4,801300
2005-04-14,35.4,36.06,35.0,35.5,1445200
2005-04-15,35.75,35.869,34.65,34.8,1493300
2005-04-18,34.4,34.7,34.22,34.27,933200
2005-04-19,34.45,35.39,34.45,35.34,745700
2005-04-20,35.3,35.33,34.01,34.26,638200
2005-04-21,34.56,35.72,34.56,35.7,425400
2005-04-22,35.5,35.7,34.7,34.9,379500
2005-04-25,35.0,35.83,34.89,35.24,520700
2005-04-26,35.92,35.92,35.13,35.21,504200
2005-04-27,34.0,34.64,33.61,34.51,776500
2005-04-28,34.25,34.25,32.54,32.73,1028700
2005-04-29,33.35,33.77,32.34,32.72,1034100
2005-05-02,32.9,33.2,32.41,32.6,270600
2005-05-03,32.42,32.94,32.1,32.69,517700
2005-05-04,32.7,33.77,32.7,33.53,646800
2005-05-05,33.8,34.18,33.4,34.0,489400
2005-05-06,34.0,34.53,33.9,34.09,343000
2005-05-09,34.05,34.43,33.95,34.27,242200
2005-05-10,34.22,34.34,33.29,33.41,415300
2005-05-11,33.18,33.57,32.21,32.78,816600
2005-05-12,32.6,33.93,31.7,32.83,1986600
2005-05-13,33.5,33.75,32.85,33.34,1584600
2005-05-16,33.2,33.2,32.2,32.97,1224100
2005-05-17,32.93,34.0,32.93,33.75,1265400
2005-05-18,34.0,34.45,33.98,34.4,1576600
2005-05-19,34.8,35.98,34.5,35.82,1924100
2005-05-20,35.8,36.2,35.5,36.04,1436700
2005-05-23,35.95,36.66,35.4,36.14,1484900
2005-05-24,36.38,36.65,36.0,36.35,1006000
2005-05-25,36.4,36.4,34.61,34.61,1913900
2005-05-26,35.25,36.78,34.75,35.7,2442700
2005-05-27,36.0,36.3,35.67,35.92,419800
2005-05-31,36.5,37.35,36.1,37.0,2299100
2005-06-01,37.04,37.15,35.7,36.49,1768400
2005-06-02,36.49,36.6,33.8406,34.59,2486100
2005-06-03,34.2,35.25,33.97,34.33,1817500
2005-06-06,34.44,34.68,33.65,33.75,938400
2005-06-07,33.75,34.25,33.66,33.73,793800
2005-06-08,33.9,34.1,33.43,33.54,869600
2005-06-09,33.25,33.66,32.96,33.21,1018400
2005-06-10,33.6,34.01,33.14,33.24,1068000
2005-06-13,33.27,33.42,33.0,33.17,692100
2005-06-14,33.55,33.8,33.33,33.47,746200
2005-06-15,33.57,33.77,32.99,33.31,775900
2005-06-16,33.3,33.42,32.81,32.81,672000
2005-06-17,33.0,33.48,32.87,33.34,773500
2005-06-20,33.35,33.49,32.97,33.46,593500
2005-06-21,33.3,33.85,33.15,33.45,928700
2005-06-22,33.99,34.55,33.55,33.86,1028000
2005-06-23,34.15,34.15,33.59,33.78,682900
2005-06-24,33.6,33.78,33.11,33.26,374800
2005-06-27,33.15,33.25,33.0,33.08,528200
2005-06-28,33.08,33.78,33.08,33.5,324200
2005-06-29,33.48,33.63,33.15,33.41,209900
2005-06-30,33.4,34.24,33.4,34.01,1207800
2005-07-01,34.4,35.22,34.36,34.92,759100
2005-07-05,34.81,36.08,34.43,36.01,1009800
2005-07-06,36.25,37.3,36.25,37.26,1092800
2005-07-07,36.9,37.15,36.5,37.06,792100
2005-07-08,37.0,38.51,37.0,38.28,1366700
2005-07-11,38.95,39.3,37.7,37.91,1348700
2005-07-12,37.7,38.19,37.1,37.4,501300
2005-07-13,37.55,37.7,37.47,37.56,238100
2005-07-14,37.57,37.81,36.96,37.17,444900
2005-07-15,37.0,37.18,36.53,37.05,370000
2005-07-18,36.9,36.9,36.33,36.38,382700
2005-07-19,36.55,36.74,36.21,36.55,427300
2005-07-20,36.0,36.97,36.0,36.9,269300
2005-07-21,36.85,37.76,36.5,37.68,549200
2005-07-22,37.8,39.31,37.8,38.68,993900
2005-07-25,38.9,38.97,38.1,38.29,518000
2005-07-26,38.2,38.2,37.47,37.69,396800
2005-07-27,37.8,38.25,37.8,38.2,415700
2005-07-28,39.1,39.1,38.47,38.92,502000
2005-07-29,39.25,39.25,38.06,38.45,574500
2005-08-01,38.3,38.91,38.16,38.19,406400
2005-08-02,38.0,39.04,38.0,38.76,454600
2005-08-03,38.95,38.95,38.07,38.38,415200
2005-08-04,38.2,38.7,37.85,38.69,382800
2005-08-05,38.59,38.95,38.4,38.57,548400
2005-08-08,39.08,39.7,38.25,38.25,781500
2005-08-09,38.3,38.62,37.94,38.25,524800
2005-08-10,38.0,39.64,38.0,39.5,1016200
2005-08-11,39.3,39.63,39.01,39.36,735400
2005-08-12,39.6,39.6,38.5,38.8,412100
2005-08-15,38.7,38.94,37.87,38.18,556300
2005-08-16,38.45,38.7,38.2,38.5,469100
2005-08-17,38.5,39.1,38.33,38.7,516100
2005-08-18,39.1,39.98,38.8,39.78,1055900
2005-08-19,39.93,40.11,39.78,40.03,561900
2005-08-22,40.05,40.5,39.95,40.31,644000
2005-08-23,40.8,41.1,40.26,40.4,1009700
2005-08-24,40.41,40.84,40.1,40.15,1060300
2005-08-25,41.35,41.54,40.96,41.43,1886300
2005-08-26,41.9,41.9,41.2,41.58,710500
2005-08-29,41.8,41.86,41.31,41.63,287600
2005-08-30,41.4,41.84,40.96,41.48,797900
2005-08-31,41.48,41.5,40.91,41.2,567200
2005-09-01,41.27,41.7,41.2,41.36,405200
2005-09-02,41.5,43.34,41.5,43.07,1448500
2005-09-06,42.95,43.4,42.6,43.1,936100
2005-09-07,43.04,44.56,43.04,44.25,1806900
2005-09-08,44.94,44.95,44.58,44.73,1248300
2005-09-09,44.9,44.94,44.15,44.28,1307900
2005-09-12,44.24,44.72,42.8,44.46,1655800
2005-09-13,44.3,44.5,43.46,43.49,910200
2005-09-14,43.57,44.0,43.52,43.89,818300
2005-09-15,44.2,44.28,43.57,43.95,743600
2005-09-16,44.38,44.5,43.7,43.9,1026800
2005-09-19,43.6,44.69,43.6,44.0,840600
2005-09-20,44.15,44.2,43.53,43.58,814300
2005-09-21,43.12,44.06,43.12,43.8,577300
2005-09-22,43.63,44.1,43.63,43.96,897800
2005-09-23,43.95,44.1,43.62,43.64,655900
2005-09-26,44.2,44.8,43.95,44.2,736300
2005-09-27,44.7,46.17,44.58,45.67,1502100
2005-09-28,46.0,46.07,45.22,45.34,552700
2005-09-29,45.6,45.7,44.88,45.0,547400
2005-09-30,45.0,45.3,43.82,44.32,744900
2005-10-03,44.6,44.67,44.12,44.16,500800
2005-10-04,43.5,44.85,43.5,43.8,619900
2005-10-05,43.4,44.0,42.12,42.91,988000
2005-10-06,41.5,41.99,40.98,41.0,963900
2005-10-07,40.99,41.79,40.99,41.32,665200
2005-10-10,42.15,42.15,41.02,41.28,560200
2005-10-11,41.45,42.34,41.2,41.23,562400
2005-10-12,40.6,40.8,39.65,40.2,928400
2005-10-13,39.18,39.75,38.77,39.55,890200
2005-10-14,39.2,39.26,38.39,38.59,693100
2005-10-17,38.68,39.62,38.53,39.48,483200
2005-10-18,39.45,39.61,38.77,38.92,443200
2005-10-19,38.5,39.8,37.52,39.56,983300
2005-10-20,39.32,39.44,38.01,38.2,813300
2005-10-21,38.15,39.19,38.15,38.87,475000
2005-10-24,39.5,40.67,39.2336,39.57,711300
2005-10-25,39.4,39.7,38.8,38.88,470500
2005-10-26,38.95,39.98,38.87,39.41,478400
2005-10-27,39.5,39.72,38.48,38.49,492300
2005-10-28,38.95,39.99,38.95,39.69,727100
2005-10-31,40.7,40.95,40.0,40.03,1270300
2005-11-01,40.15,40.5,39.84,40.2,389300
2005-11-02,40.37,41.43,40.37,40.9,890900
2005-11-03,41.5,42.7,41.5,42.2,1000200
2005-11-04,42.55,42.75,41.92,42.21,478200
2005-11-07,42.0,42.16,41.0,42.1,612300
2005-11-08,42.05,42.47,41.97,42.29,355500
2005-11-09,42.35,42.57,42.0,42.21,305600
2005-11-10,42.59,42.75,41.37,42.18,618700
2005-11-11,42.5,42.68,41.97,42.08,355100
2005-11-14,42.3,42.5,42.11,42.2599,299100
2005-11-15,42.1,42.51,41.68,41.8,484700
2005-11-16,41.81,43.41,41.81,43.38,621100
2005-11-17,43.7,44.77,43.66,44.08,1127800
2005-11-18,44.68,44.68,43.9,44.25,416900
2005-11-21,44.5,45.29,44.34,45.12,766300
2005-11-22,45.0,45.06,44.05,44.17,943900
2005-11-23,44.24,44.25,42.3,43.51,1306600
2005-11-25,43.9,45.39,43.79,45.0,559400
2005-11-28,45.0,45.44,44.68,45.0,1050200
2005-11-29,45.0,45.6,44.9,45.39,1036900
2005-11-30,45.39,45.94,45.09,45.34,1166200
2005-12-01,45.7,46.3,45.48,45.95,659300
2005-12-02,45.8,46.55,45.51,46.24,482800
2005-12-05,46.3,46.64,46.1726,46.5,310500
2005-12-06,46.5,47.13,46.38,46.8,642800
2005-12-07,46.95,47.61,45.07,45.4901,1073800
2005-12-08,46.8,46.81,44.8,45.28,812900
2005-12-09,45.3,45.6,44.65,44.93,475200
2005-12-12,45.01,45.17,43.47,43.55,793800
2005-12-13,43.58,43.59,42.64,43.44,698800
2005-12-14,43.3,43.64,42.65,43.13,946300
2005-12-15,43.05,43.28,42.68,42.95,453200
2005-12-16,42.95,43.1,42.55,42.63,387500
2005-12-19,42.76,43.42,42.7,43.05,537100
2005-12-20,42.97,43.6099,42.86,43.03,288800
2005-12-21,42.94,44.19,42.94,43.34,364800
2005-12-22,43.6,44.56,43.54,44.14,368500
2005-12-23,44.85,44.85,44.09,44.17,157400
2005-12-27,44.2,44.37,43.6,43.81,178800
2005-12-28,43.65,44.48,43.65,44.18,253800
2005-12-29,44.3,45.18,43.97,44.85,384900
2005-12-30,44.7,44.93,44.22,44.28,199300
2006-01-03,44.24,45.91,44.15,45.8,459800
2006-01-04,45.9,47.02,45.9,46.58,399700
2006-01-05,47.05,47.53,46.8327,47.06,572600
2006-01-06,47.25,47.36,46.95,47.25,343200
2006-01-09,47.9,47.94,46.64,47.179,423000
2006-01-10,47.22,47.28,46.6,46.66,469600
2006-01-11,46.95,48.72,46.91,48.15,1005700
2006-01-12,48.9,48.95,47.97,48.5,645900
2006-01-13,48.7,49.6,48.64,49.41,945200
2006-01-17,49.4,49.41,47.5,48.3,1134900
2006-01-18,47.5,47.85,46.5,47.13,1031100
2006-01-19,47.75,49.18,47.75,49.01,788900
2006-01-20,49.5,49.5,47.83,48.5,1009600
2006-01-23,48.49,48.75,47.56,48.75,524000
2006-01-24,48.9,49.49,48.55,48.94,554400
2006-01-25,49.25,49.35,47.77,48.05,793900
2006-01-26,48.1,48.13,46.8,47.4,894400
2006-01-27,47.6,47.87,46.5,46.82,831900
2006-01-30,45.5,46.52,45.49,46.0,822200
2006-01-31,46.15,47.1,45.98,46.86,903600
2006-02-01,46.98,47.42,46.79,47.03,299800
2006-02-02,47.07,47.52,46.38,47.34,596100
2006-02-03,46.9,46.95,46.0,46.3,544800
2006-02-06,46.65,46.9,46.34,46.53,433300
2006-02-07,46.83,46.84,45.46,45.91,668900
2006-02-08,45.55,45.75,44.75,45.46,948200
2006-02-09,45.49,46.27,44.84,44.86,917800
2006-02-10,44.55,44.97,44.21,44.73,780300
2006-02-13,46.25,46.3,44.24,44.33,844100
2006-02-14,44.4,44.4599,43.1,44.15,1420500
2006-02-15,44.25,46.35,44.2,45.44,1079200
2006-02-16,45.4,46.2,45.37,45.96,397000
2006-02-17,45.76,46.75,45.6,45.61,605800
2006-02-21,45.26,45.59,44.83,45.01,840100
2006-02-22,45.2,46.06,44.54,45.0,656300
2006-02-23,44.75,45.49,44.75,45.15,355700
2006-02-24,45.4,45.55,44.55,45.17,234200
2006-02-27,45.1,45.48,45.06,45.24,273300
2006-02-28,45.29,45.3,44.11,44.15,756900
2006-03-01,44.11,44.8,44.11,44.65,417800
2006-03-02,44.75,45.34,44.63,44.96,499000
2006-03-03,44.99,45.05,44.0,44.36,788400
2006-03-06,44.3,44.81,44.1,44.47,479000
2006-03-07,44.0,44.01,43.08,43.85,1056900
2006-03-08,43.5,43.51,42.31,42.96,1392400
2006-03-09,42.95,43.25,42.31,42.5,461500
2006-03-10,42.54,42.9,41.63,41.85,1056300
2006-03-13,42.2,42.81,42.14,42.14,1162300
2006-03-14,42.26,43.16,41.91,42.52,1353600
2006-03-15,41.95,42.57,41.64,42.18,1252100
2006-03-16,42.08,42.45,41.86,42.16,1366800
2006-03-17,42.45,43.02,42.45,42.85,829800
2006-03-20,43.6,46.38,43.6,45.38,2349400
2006-03-21,45.6,45.85,44.9,45.03,759200
2006-03-22,45.25,45.799,45.11,45.42,528700
2006-03-23,45.48,46.12,45.48,45.93,442400
2006-03-24,45.5,45.85,44.76,45.34,776600
2006-03-27,45.15,45.26,43.97,44.66,1548800
2006-03-28,43.85,43.9,42.67,43.06,1188000
2006-03-29,43.06,43.21,42.53,42.87,793300
2006-03-30,42.95,43.4,42.38,42.88,472600
2006-03-31,42.94,43.0,42.58,42.93,907000
2006-04-03,43.22,43.8,43.07,43.2,730200
2006-04-04,43.24,43.5,42.94,43.0,357800
2006-04-05,42.93,43.59,42.87,42.97,915100
2006-04-06,43.0,43.6,42.52,43.31,536200
2006-04-07,43.75,45.0,43.63,44.26,934100
2006-04-10,44.5,45.13,44.28,44.6,766600
2006-04-11,44.6,44.6,43.88,44.22,707000
2006-04-12,44.33,45.41,44.33,44.91,691900
2006-04-13,44.9,45.25,44.36,45.1,319300
2006-04-17,45.12,45.68,44.6,45.03,535200
2006-04-18,46.0,46.15,45.44,45.62,534500
2006-04-19,46.0,46.7,45.7,46.5,902900
2006-04-20,47.37,47.43,46.65,47.09,697000
2006-04-21,47.38,47.43,46.45,46.73,1320700
2006-04-24,46.9,47.17,46.67,46.95,1079200
2006-04-25,46.92,47.1,46.57,46.88,329200
2006-04-26,47.1,47.74,46.79,46.8,593300
2006-04-27,46.31,46.65,45.7,46.15,842100
2006-04-28,46.55,46.76,46.3701,46.53,783600
2006-05-01,46.59,46.95,46.59,46.6,419200
2006-05-02,46.6,47.01,46.46,46.6,790600
2006-05-03,46.7,46.71,45.75,45.99,420500
2006-05-04,46.36,48.49,46.36,47.89,1525000
2006-05-05,49.73,49.91,48.96,49.57,1413000
2006-05-08,49.97,50.81,49.87,50.6,931000
2006-05-09,50.71,51.1,50.15,50.89,699500
2006-05-10,50.88,50.92,49.4,49.86,1377900
2006-05-11,50.4,50.65,49.16,49.31,864400
2006-05-12,49.4,49.43,47.23,48.44,888700
2006-05-15,46.5,47.15,45.96,46.67,1167900
2006-05-16,46.72,47.24,46.43,46.6,575700
2006-05-17,46.46,46.47,43.86,44.5,1786500
2006-05-18,44.46,44.7,43.01,43.2,1449000
2006-05-19,42.5,43.0,40.97,42.73,1866300
2006-05-22,41.2,41.69,38.07,38.61,3042100
2006-05-23,41.72,42.01,39.67,39.78,1735300
2006-05-24,39.5,39.5,37.5,38.69,1640500
2006-05-25,40.2,40.94,39.47,40.85,835300
2006-05-26,41.0,43.42,41.0,42.8,2161900
2006-05-30,42.78,43.0,41.11,41.27,962200
2006-05-31,41.25,41.96,40.7,41.89,1269500
2006-06-01,42.93,44.3,42.41,43.82,1610300
2006-06-02,44.48,48.03,43.72,47.86,3708300
2006-06-05,48.0,48.24,47.12,47.4,3992400
2006-06-06,46.9,46.95,45.2,45.63,3320000
2006-06-07,44.3,45.89,44.3,45.32,1348000
2006-06-08,43.9,44.1,42.5,43.87,2004100
2006-06-09,43.85,44.1,43.23,43.61,1056900
2006-06-12,43.6,43.6,41.95,42.01,1106400
2006-06-13,40.5,41.29,39.93,40.28,1763600
2006-06-14,40.25,42.05,39.5,41.8,1618000
2006-06-15,41.88,43.76,41.84,43.48,1382300
2006-06-16,43.33,43.34,42.25,42.29,1334700
2006-06-19,42.95,42.95,41.05,41.3,1024400
2006-06-20,41.01,41.38,40.61,41.19,1124200
2006-06-21,41.2,42.37,40.58,42.33,982700
2006-06-22,41.99,42.6,41.08,41.75,396200
2006-06-23,41.5,42.18,41.2,42.1,310100
2006-06-26,41.85,42.42,41.72,42.25,412100
2006-06-27,42.39,43.64,42.29,43.24,1440800
2006-06-28,43.45,44.14,43.11,43.62,967000
2006-06-29,44.0,45.67,43.86,45.45,1229400
2006-06-30,45.5,46.11,45.27,45.82,648900
2006-07-03,46.45,46.61,45.11,46.44,349100
2006-07-05,46.49,46.49,44.98,45.75,729200
2006-07-06,45.6,46.73,45.55,46.3,414200
2006-07-07,46.34,46.34,45.4,45.65,563700
2006-07-10,45.4,45.96,45.25,45.73,505900
2006-07-11,45.75,45.94,45.05,45.78,421900
2006-07-12,45.7,46.04,45.28,45.43,387300
2006-07-13,45.4,45.49,44.09,44.85,866600
2006-07-14,44.61,44.76,43.99,44.36,1052200
2006-07-17,44.27,44.33,43.68,43.97,542300
2006-07-18,43.98,44.04,42.82,43.92,934000
2006-07-19,44.0,45.19,43.94,44.72,919500
2006-07-20,44.93,44.98,43.68,43.98,957700
2006-07-21,44.05,44.47,43.86,44.01,736100
2006-07-24,44.2,46.12,44.2,45.81,548400
2006-07-25,46.06,46.37,45.6,46.17,456700
2006-07-26,46.17,46.42,45.88,46.37,630700
2006-07-27,47.35,47.65,46.9,47.23,1007700
2006-07-28,47.19,48.77,46.8,48.56,804900
2006-07-31,48.22,48.67,47.56,48.25,541700
2006-08-01,48.15,48.43,46.86,47.8,401000
2006-08-02,48.95,49.75,48.21,49.04,822100
2006-08-03,48.88,49.49,48.19,49.18,632700
2006-08-04,49.5,50.34,49.5,49.79,588300
2006-08-07,49.72,50.06,49.48,49.48,313200
2006-08-08,49.59,49.96,48.64,48.84,429800
2006-08-09,49.01,50.99,49.0,50.26,1063100
2006-08-10,50.2,50.79,49.84,50.67,410300
2006-08-11,50.68,51.08,50.15,50.84,494200
2006-08-14,50.7,50.97,49.17,49.48,658400
2006-08-15,49.69,49.97,49.26,49.55,540500
2006-08-16,50.1,50.48,49.91,50.01,506400
2006-08-17,49.99,50.05,48.75,49.01,684500
2006-08-18,48.6,48.85,48.01,48.39,692100
2006-08-21,48.4,50.65,48.35,50.37,1381000
2006-08-22,51.33,51.33,49.9,50.4,1216900
2006-08-23,50.47,50.55,49.92,50.41,756700
2006-08-24,50.54,50.55,49.98,50.27,628400
2006-08-25,50.3,50.4695,49.98,50.27,774900
2006-08-28,50.26,51.16,50.17,51.15,606000
2006-08-29,51.6,54.6,51.35,54.34,3001300
2006-08-30,54.4,54.9,53.79,54.45,2071500
2006-08-31,54.85,55.1,54.03,54.39,1148800
2006-09-01,55.1,57.9,55.1,57.35,3122300
2006-09-05,58.2,60.03,57.89,59.92,2417200
2006-09-06,59.9,59.9,58.04,58.79,1214100
2006-09-07,58.15,58.89,58.0,58.56,775700
2006-09-08,58.62,60.79,57.8,59.95,1650900
2006-09-11,59.9,59.91,57.84,58.03,1396900
2006-09-12,58.3,59.92,58.3,59.65,1233100
2006-09-13,59.65,61.2,59.64,61.09,698000
2006-09-14,61.06,61.15,60.0,60.48,832000
2006-09-15,61.5,63.15,61.12,62.61,1238500
2006-09-18,63.0,63.35,62.57,62.83,1247400
2006-09-19,62.58,63.36,61.75,62.11,1571900
2006-09-20,62.19,63.0,61.08,61.96,1201800
2006-09-21,62.4,63.51,62.39,62.78,1214100
2006-09-22,62.44,62.44,60.38,61.8,1078700
2006-09-25,61.62,61.99,59.9,61.09,1465000
2006-09-26,60.39,61.14,59.8,60.11,2014500
2006-09-27,60.32,61.99,60.09,61.66,1302500
2006-09-28,61.67,61.789,60.65,60.92,462500
2006-09-29,60.96,60.96,59.57,60.59,491000
2006-10-02,61.09,61.09,59.3601,59.92,626100
2006-10-03,59.0,59.6,58.36,59.1997,617200
2006-10-04,59.15,61.23,58.91,61.16,836700
2006-10-05,60.9,63.14,60.5,62.6,1030800
2006-10-06,62.51,62.51,61.1,61.74,410100
2006-10-09,61.75,62.0,61.16,61.67,652400
2006-10-10,61.48,62.489,60.54,61.01,623400
2006-10-11,61.13,61.13,59.85,60.37,673200
2006-10-12,60.55,62.29,60.55,62.12,1017900
2006-10-13,62.17,63.8,61.57,63.16,742800
2006-10-16,63.65,64.16,62.78,63.63,690900
2006-10-17,63.5,63.5,61.77,62.26,630100
2006-10-18,62.54,63.4,62.5,62.75,508600
2006-10-19,63.06,63.25,62.67,63.14,271500
2006-10-20,62.38,63.25,61.5,63.16,378100
2006-10-23,62.5,63.8699,62.28,63.6198,393600
2006-10-24,63.79,65.57,63.53,65.2,664700
2006-10-25,65.57,66.3,65.03,66.0,581100
2006-10-26,67.0,67.0337,65.5501,66.1,409600
2006-10-27,66.0,66.0,64.9,65.11,216800
2006-10-30,64.95,65.0,63.801,64.97,309500
2006-10-31,64.58,66.0,64.2601,65.97,332200
2006-11-01,65.9,66.229,64.51,64.7,410700
2006-11-02,64.65,65.3,63.77,64.76,559800
2006-11-03,64.6,64.71,63.77,64.14,332500
2006-11-06,64.4,65.46,64.4,64.95,454100
2006-11-07,65.35,65.5,64.7,64.76,426400
2006-11-08,64.61,65.69,63.3,65.53,665500
2006-11-09,66.25,66.49,65.57,65.93,477700
2006-11-10,66.05,66.39,65.51,65.91,245300
2006-11-13,66.15,67.8,66.09,67.11,485600
2006-11-14,67.3,67.98,66.33,66.66,660700
2006-11-15,66.65,67.35,66.28,67.22,548500
2006-11-16,67.25,67.93,67.11,67.3,532600
2006-11-17,67.58,67.63,66.09,66.43,281000
2006-11-20,66.79,68.4897,66.74,68.26,565700
2006-11-21,68.55,70.4,68.55,69.55,661600
2006-11-22,70.0,70.9,69.66,69.93,192900
2006-11-24,69.92,70.7,69.6096,70.2699,222200
2006-11-27,70.48,70.5126,68.05,68.08,431500
2006-11-28,68.07,68.42,67.37,68.25,341400
2006-11-29,70.62,73.94,70.62,72.99,1786000
2006-11-30,74.1,77.33,73.7,75.9,2410700
2006-12-01,77.0,77.62,76.1285,77.18,1073300
2006-12-04,76.95,82.72,76.55,81.68,1629000
2006-12-05,81.0,82.29,80.55,81.9857,856900
2006-12-06,82.0,82.61,81.11,81.18,727800
2006-12-07,81.001,82.14,80.35,81.8701,1236900
2006-12-08,81.85,82.14,81.15,81.8,484200
2006-12-11,80.25,81.51,79.35,81.12,845500
2006-12-12,82.1,82.15,78.66,79.99,1135000
2006-12-13,80.1,80.19,76.85,77.15,1021900
2006-12-14,75.7,77.95,73.7,76.0,1323800
2006-12-15,75.75,77.08,75.75,76.55,731900
2006-12-18,76.7,77.91,75.96,76.95,781700
2006-12-19,76.8,77.68,75.07,76.97,656200
2006-12-20,76.99,77.59,76.79,76.9,536100
2006-12-21,77.0,77.26,76.46,77.14,385500
2006-12-22,77.35,77.35,76.0,76.76,420900
2006-12-26,77.1,77.52,76.86,77.41,190700
2006-12-27,77.7,80.17,77.65,79.7,584500
2006-12-28,80.53,81.7,80.05,80.11,676700
2006-12-29,80.5,80.83,78.724,78.92,396600
2007-01-03,80.95,80.95,78.72,79.09,567300
2007-01-04,79.09,79.13,76.65,78.45,483700
2007-01-05,78.3,78.34,75.08,75.31,708400
2007-01-08,77.0,77.97,76.11,76.89,646100
2007-01-09,77.09,77.49,73.73,73.99,1100700
2007-01-10,73.2,75.52,73.0,75.23,597100
2007-01-11,75.05,77.89,74.52,77.0,879000
2007-01-12,77.75,77.86,76.14,76.83,406400
2007-01-16,77.75,78.13,76.13,76.29,502300
2007-01-17,76.45,78.98,76.0,78.03,555400
2007-01-18,77.95,79.0,76.84,76.95,371400
2007-01-19,77.93,79.04,76.36,78.63,545600
2007-01-22,78.8,83.88,78.78,82.08,1319800
2007-01-23,83.0,85.25,82.27,84.87,917400
2007-01-24,85.7,87.47,85.05,86.75,822300
2007-01-25,86.75,86.75,84.12,84.55,500800
2007-01-26,85.39,85.4,83.31,85.02,447400
2007-01-29,85.3,86.59,84.08,84.51,432800
2007-01-30,84.43,86.65,84.09,86.16,517300
2007-01-31,86.5101,86.9,84.2,85.44,351800
2007-02-01,86.85,88.67,86.17,86.87,479000
2007-02-02,86.7,86.94,85.7,86.77,453200
2007-02-05,87.02,87.81,86.29,87.28,253800
2007-02-06,87.66,89.13,87.05,87.85,415300
2007-02-07,87.57,88.32,86.01,87.88,340100
2007-02-08,86.0,86.61,85.97,86.0714,446800
2007-02-09,86.55,87.22,85.2,85.5,579300
2007-02-12,85.6,86.25,83.8,84.72,710348
2007-02-13,85.59,86.65,84.86,85.99,970682
2007-02-14,86.4,88.27,86.18,87.88,431297
2007-02-15,88.0,88.11,85.81,86.0,629500
2007-02-16,86.06,87.44,85.6625,86.24,416200
2007-02-20,86.5,90.54,85.53,90.07,1340400
2007-02-21,90.19,90.19,85.78,86.38,1076100
2007-02-22,86.75,87.89,85.5,86.1,642900
2007-02-23,86.65,87.5,85.81,86.41,519200
2007-02-26,86.7,87.26,85.24,86.07,300500
2007-02-27,83.57,85.0,78.22,79.05,1210000
2007-02-28,79.0,82.5,77.26,80.5,1088100
2007-03-01,79.01,82.17,75.41,80.22,1839726
2007-03-02,79.96,82.57,79.14,81.53,1146600
2007-03-05,78.17,80.0,75.37,77.89,2522501
2007-03-06,79.42,84.5,79.42,83.5,2273400
2007-03-07,83.01,85.16,82.62,83.75,1731000
2007-03-08,86.25,89.69,85.77,88.9,1701500
2007-03-09,89.5,90.99,86.86,87.62,1002800
2007-03-12,88.7,89.68,86.79,87.84,1140500
2007-03-13,87.85,87.97,83.42,83.88,1285600
2007-03-14,83.85,85.96,81.76,85.5,1283600
2007-03-15,85.48,87.93,83.93,87.42,1293100
2007-03-16,85.95,88.57,85.75,88.04,1251900
2007-03-19,88.4,96.95,88.4,94.0,3368200
2007-03-20,95.93,95.93,92.0,93.54,1535600
2007-03-21,94.05,96.15,94.05,94.99,1960500
2007-03-22,95.0,96.45,94.42,95.33,877700
2007-03-23,95.01,96.97,95.0,96.67,593300
2007-03-26,96.2,96.83,94.6,96.83,928400
2007-03-27,96.61,96.87,95.27,95.97,701425
2007-03-28,95.35,98.3,94.75,97.38,1477800
2007-03-29,98.01,99.17,95.05,96.23,1573700
2007-03-30,97.3,97.49,94.55,94.69,748600
2007-04-02,95.2,97.73,95.2,97.502,794600
2007-04-03,98.8,98.85,97.68,98.15,597100
2007-04-04,98.0,98.9,96.62,98.61,914800
2007-04-05,97.4,97.74,96.5,96.9,677600
2007-04-09,98.81,100.39,97.93,99.69,796000
2007-04-10,99.85,99.99,96.02,96.46,1269880
2007-04-11,96.01,97.38,93.94,94.5,1392800
2007-04-12,91.37,96.61,91.37,96.3334,2019610
2007-04-13,96.25,97.5,95.42,96.4,1048100
2007-04-16,96.79,98.03,96.0,96.49,467900
2007-04-17,96.53,98.28,95.72,96.35,917800
2007-04-18,95.75,97.55,94.51,96.86,793000
2007-04-19,95.75,96.64,94.4,96.61,877162
2007-04-20,98.0,99.08,96.24,96.25,961100
2007-04-23,96.5,97.69,94.74,95.8,1175700
2007-04-24,96.2,96.92,95.85,96.25,991300
2007-04-25,97.59,97.61,96.21,96.39,520600
2007-04-26,96.25,97.0,96.22,96.47,619800
2007-04-27,96.6,101.91,96.35,98.47,1026662
2007-04-30,97.4,97.75,95.69,96.76,815386
2007-05-01,96.53,97.59,96.25,96.78,852100
2007-05-02,97.7,102.75,97.69,101.8,1748890
2007-05-03,102.25,104.05,100.26,102.23,912460
2007-05-04,102.3,104.05,101.1,102.55,712190
2007-05-07,103.25,105.98,103.17,105.21,659860
2007-05-08,104.01,104.49,101.49,102.26,714300
2007-05-09,102.26,105.1,102.09,104.15,672052
2007-05-10,102.0,102.0,97.0,97.31,1392476
2007-05-11,96.5,100.95,96.5,100.8,1161700
2007-05-14,100.06,103.5,99.01,102.7,1006300
2007-05-15,100.42,102.7,100.0,101.16,1097300
2007-05-16,101.35,101.77,99.14,99.93,720030
2007-05-17,99.25,100.13,98.64,99.12,454420
2007-05-18,100.04,100.04,97.76,99.6,468470
2007-05-21,103.3,104.5,100.82,102.0,806807
2007-05-22,101.5,102.08,99.25,99.93,1173697
2007-05-23,101.49,102.0,99.75,100.45,830533
2007-05-24,99.25,101.0,99.05,99.7,1209215
2007-05-25,103.9,105.0,102.32,103.48,1165313
2007-05-29,102.01,103.0,100.1,102.3,960600
2007-05-30,101.8,103.25,100.0,103.09,891200
2007-05-31,103.6,104.45,102.46,102.91,612600
2007-06-01,102.82,104.36,101.36,103.98,736159
2007-06-04,102.1,102.6,101.15,101.63,640880
2007-06-05,101.58,103.15,100.99,101.7,414316
2007-06-06,100.66,102.0,100.25,100.86,367580
2007-06-07,100.4,100.4,96.14,97.31,1128694
2007-06-08,95.0,97.85,94.5,97.29,631997
2007-06-11,97.5,100.63,97.19,99.66,502912
2007-06-12,98.0,100.04,97.28,98.12,523400
2007-06-13,98.62,102.26,98.62,101.65,720125
2007-06-14,101.3,104.0,101.3,103.63,630009
2007-06-15,104.48,107.15,102.71,107.05,1176800
2007-06-18,109.88,112.4,107.38,108.34,777350
2007-06-19,109.3,109.94,106.54,108.4,582900
2007-06-20,109.24,109.65,104.59,104.99,592100
2007-06-21,106.25,106.99,104.62,105.88,580800
2007-06-22,104.8,105.79,103.2,104.36,356400
2007-06-25,104.65,107.57,102.29,106.35,676300
2007-06-26,106.55,107.69,104.43,104.83,483532
2007-06-27,104.15,106.29,102.51,106.26,509300
2007-06-28,105.5,107.68,103.76,104.45,586872
2007-06-29,104.5,107.03,103.6,105.19,742466
2007-07-02,106.05,107.98,106.02,107.97,524400
2007-07-03,108.25,110.9,108.18,110.13,305500
2007-07-05,110.49,110.96,108.82,110.51,477880
2007-07-06,111.1,112.04,109.65,111.74,371675
2007-07-09,112.84,114.75,111.55,111.88,503494
2007-07-10,110.13,110.99,107.4,108.21,714096
2007-07-11,108.51,110.86,107.24,110.27,510800
2007-07-12,110.59,114.04,110.59,112.58,806700
2007-07-13,113.35,118.58,113.0,117.07,1084200
2007-07-16,117.97,118.47,112.03,112.5,984900
2007-07-17,114.39,114.7,111.89,113.0,465510
2007-07-18,111.51,113.09,111.04,111.7,528400
2007-07-19,111.25,113.21,111.16,112.89,713600
2007-07-20,113.24,113.24,112.05,112.34,418400
2007-07-23,113.0,113.0,110.06,111.39,746800
2007-07-24,109.35,112.46,107.15,107.69,898443
2007-07-25,108.95,110.31,105.0,105.84,758700
2007-07-26,105.0,105.0,98.57,100.4,962600
2007-07-27,99.0,105.65,98.5,101.29,1199631
2007-07-30,101.0,105.03,101.0,104.48,574257
2007-07-31,109.0,109.0,105.24,105.7,799100
2007-08-01,105.51,107.76,103.57,106.08,900978
2007-08-02,107.3,109.32,106.25,108.7,458500
2007-08-03,109.2,110.23,105.7,105.87,391000
2007-08-06,106.18,106.8,103.75,105.44,465900
2007-08-07,104.95,107.62,104.76,106.83,517400
2007-08-08,107.0,113.65,107.0,112.03,695900
2007-08-09,105.8,109.97,105.8,106.84,659100
2007-08-10,106.0,107.87,103.05,105.75,746900
2007-08-13,109.5,110.63,106.12,106.24,567200
2007-08-14,105.87,107.65,103.37,103.73,399500
2007-08-15,103.18,104.19,97.96,99.58,672130
2007-08-16,96.03,96.47,90.08,95.38,2005000
2007-08-17,100.5,102.99,97.89,99.83,1529300
2007-08-20,101.0,102.17,98.75,100.44,613400
2007-08-21,100.94,102.71,97.69,102.42,482000
2007-08-22,21.0,21.74,20.75,21.16,1625800
2007-08-23,22.0,22.19,20.66,20.99,1720860
2007-08-24,20.97,22.34,20.97,22.28,2060200
2007-08-27,22.28,22.96,22.08,22.55,1912430
2007-08-28,22.48,22.58,21.48,21.51,2021300
2007-08-29,22.0,23.29,21.82,23.13,3572200
2007-08-30,24.15,24.87,23.5,24.72,7413300
2007-08-31,25.55,25.55,23.79,24.4,4787700
2007-09-04,24.31,25.37,23.95,25.25,3347000
2007-09-05,24.99,25.23,24.06,24.62,2657000
2007-09-06,25.23,25.67,24.75,25.47,2679400
2007-09-07,24.65,25.15,24.26,24.72,1938900
2007-09-10,24.94,25.44,24.55,25.2,2281200
2007-09-11,25.5,25.85,25.23,25.55,2229400
2007-09-12,25.59,27.15,25.59,26.36,4401220
2007-09-13,26.85,27.71,26.85,27.53,3390400
2007-09-14,27.2,27.24,26.63,26.98,2964700
2007-09-17,27.0,27.24,25.95,26.6,2319400
2007-09-18,26.99,27.8,26.43,27.55,3420800
2007-09-19,28.2,29.0,26.5,27.22,4375100
2007-09-20,27.0,27.3,26.5,27.27,3102100
2007-09-21,27.65,28.75,27.01,27.5,2003900
2007-09-24,27.99,28.15,27.25,27.62,1957700
2007-09-25,27.3,27.39,26.63,27.02,1762000
2007-09-26,27.5,27.7,27.0,27.35,2627900
2007-09-27,27.5,27.75,27.18,27.37,3620555
2007-09-28,27.75,27.75,26.82,27.02,2357500
2007-10-01,27.01,28.26,26.86,28.0,3136900
2007-10-02,28.27,28.5,27.36,27.5,2429800
2007-10-03,27.46,27.74,26.18,26.22,2753900
2007-10-04,26.4,28.0,26.4,27.26,3458800
2007-10-05,27.9,29.24,27.77,28.76,5166000
2007-10-08,29.12,29.23,28.57,29.0,2373900
2007-10-09,29.17,29.8,29.0,29.44,3620500
2007-10-10,29.96,30.29,29.11,30.1,3592300
2007-10-11,30.52,32.06,29.13,30.13,4819400
2007-10-12,30.35,31.41,30.14,31.26,2887500
2007-10-15,31.85,32.01,30.8,31.1,1753900
2007-10-16,31.0,31.0,29.4,30.18,2289200
2007-10-17,31.15,31.16,30.3,30.89,2153800
2007-10-18,30.3,31.22,30.23,31.03,1856100
2007-10-19,30.99,31.23,29.2,29.27,2607900
2007-10-22,28.88,29.27,26.56,29.12,3530800
2007-10-23,30.0,30.59,29.51,30.59,1940000
2007-10-24,31.49,31.5,29.18,30.64,2640800
2007-10-25,31.03,31.23,30.26,31.14,2207600
2007-10-26,31.7,33.69,31.7,32.97,3651600
2007-10-29,33.5,35.0,33.17,34.87,2981500
2007-10-30,34.69,34.69,32.89,32.95,3400100
2007-10-31,34.0,34.59,32.06,32.99,3188300
2007-11-01,31.94,32.0,30.2,31.21,3656300
2007-11-02,31.25,31.75,30.5,31.39,2689000
2007-11-05,31.2,31.2,29.87,30.45,3116461
2007-11-06,31.47,31.95,30.85,31.89,2034600
2007-11-07,31.5,32.01,30.45,30.51,2143525
2007-11-08,30.5,32.9,30.43,32.8,4942803
2007-11-09,32.72,32.72,31.16,31.46,5867254
2007-11-12,31.0,31.6,28.6,29.79,4195356
2007-11-13,29.78,31.45,29.25,30.7,4139439
2007-11-14,31.9,31.9,29.65,29.85,5243345
2007-11-15,30.46,30.46,29.2,29.65,2935736
2007-11-16,29.8,31.25,29.3,30.69,2804763
2007-11-19,30.5,30.7,29.72,30.1,3247000
2007-11-20,30.69,32.12,29.9,31.58,4968607
2007-11-21,30.5,31.75,30.43,31.06,2338699
2007-11-23,30.77,33.17,30.77,32.81,2095140
2007-11-26,32.85,34.5,32.85,34.03,5399925
2007-11-27,34.5,34.57,33.36,34.46,5260995
2007-11-28,35.0,36.34,34.51,35.98,5232733
2007-11-29,36.21,36.21,32.5,34.23,5869557
2007-11-30,35.5,35.5,33.51,33.64,4336740
2007-12-03,34.0,34.27,32.75,34.09,3067140
2007-12-04,33.56,35.02,33.56,34.48,2731434
2007-12-05,35.1,38.05,35.1,37.24,5097694
2007-12-06,37.8,38.0,36.77,37.53,4514777
2007-12-07,38.3,39.5,37.76,38.95,3622050
2007-12-10,39.42,41.65,39.26,40.59,4646802
2007-12-11,40.19,40.2,36.82,37.0,6780739
2007-12-12,38.19,39.82,37.8,38.57,4219370
2007-12-13,37.99,38.8,36.31,37.84,2583725
2007-12-14,37.37,38.73,37.19,38.58,2877658
2007-12-17,37.8,38.73,35.21,35.76,2773451
2007-12-18,36.77,37.95,35.51,37.54,3577914
2007-12-19,37.6,38.43,36.9,37.61,2575876
2007-12-20,38.4,39.95,38.2,39.24,3556836
2007-12-21,40.5,42.51,39.68,42.07,4772586
2007-12-24,42.79,45.47,42.3,44.9,3164431
2007-12-26,45.35,45.48,43.33,44.83,2703540
2007-12-27,44.09,44.3,42.39,42.61,4624209
2007-12-28,43.07,43.47,42.17,42.53,2917380
2007-12-31,42.12,43.1,40.25,41.5,2069158
2008-01-02,42.57,44.39,41.95,43.63,3863501
2008-01-03,44.34,44.34,43.05,43.67,3160133
2008-01-04,42.91,43.08,40.64,40.84,3162741
2008-01-07,41.52,42.67,39.31,40.6,3681740
2008-01-08,41.48,42.49,40.87,41.3,4354962
2008-01-09,40.77,41.97,39.59,41.25,3446007
2008-01-10,41.23,42.4,40.9,41.92,2818473
2008-01-11,41.99,42.49,40.6,40.99,1410306
2008-01-14,41.22,41.85,41.0,41.06,3255079
2008-01-15,40.85,41.27,37.67,37.93,3945662
2008-01-16,36.4,37.45,34.1,35.14,8634625
2008-01-17,34.16,36.84,32.72,33.26,6015834
2008-01-18,34.2,35.0,32.51,33.97,5727427
2008-01-22,30.35,33.73,29.47,32.35,8361552
2008-01-23,30.32,32.47,28.99,31.91,6755932
2008-01-24,33.47,34.36,32.88,34.17,4697086
2008-01-25,35.84,36.0,32.9,33.08,5197198
2008-01-28,31.92,33.82,31.3,33.76,4502031
2008-01-29,33.76,34.74,33.35,34.23,4157288
2008-01-30,34.29,34.49,33.45,33.8,4438282
2008-01-31,32.99,34.69,32.1,34.38,3846226
2008-02-01,35.06,36.24,34.1,35.8,3916123
2008-02-04,35.99,36.7,35.75,35.87,2809499
2008-02-05,35.68,35.68,33.02,33.19,4768866
2008-02-06,33.86,34.37,33.05,33.25,2673122
2008-02-07,32.41,33.95,31.38,33.13,4250441
2008-02-08,32.65,33.95,31.75,33.68,2001706
2008-02-11,33.9,34.92,33.44,34.8,2433161
2008-02-12,35.87,37.5,35.68,36.59,4428655
2008-02-13,36.71,37.5,36.2,36.91,2531002
2008-02-14,37.46,37.46,35.36,35.49,2802392
2008-02-15,35.01,36.9,35.01,36.66,2358330
2008-02-19,37.57,38.6,34.4,37.88,3886952
2008-02-20,37.47,38.13,36.92,37.96,3316655
2008-02-21,38.83,39.0,37.92,38.14,3144894
2008-02-22,38.42,38.87,36.54,37.67,2554787
2008-02-25,37.05,37.6,36.55,36.9,2696189
2008-02-26,36.99,38.05,36.09,37.68,4070061
2008-02-27,37.5,38.05,36.14,36.55,2443362
2008-02-28,36.04,37.05,35.83,35.92,2501909
2008-02-29,35.99,35.99,34.61,34.77,3042771
2008-03-03,34.5,34.97,33.05,34.66,2160082
2008-03-04,33.74,35.11,33.28,34.06,3229685
2008-03-05,33.61,36.1,33.61,34.93,2826516
2008-03-06,35.42,35.42,33.69,33.88,2120502
2008-03-07,33.08,34.35,32.5,32.83,3045946
2008-03-10,32.81,33.0,31.17,31.28,2771505
2008-03-11,32.23,34.72,32.23,34.7,4430121
2008-03-12,33.4,33.66,32.15,32.16,4958248
2008-03-13,31.45,32.59,29.7,32.02,3733932
2008-03-14,32.68,33.37,31.01,31.79,2483621
2008-03-17,30.51,30.51,29.19,29.76,4940958
2008-03-18,30.97,32.1,30.55,32.05,3720646
2008-03-19,31.82,32.0,29.66,30.04,3858640
2008-03-20,30.51,30.63,29.04,29.76,5010437
2008-03-24,30.11,31.61,30.11,30.95,3172661
2008-03-25,31.34,31.34,30.03,30.57,2552006
2008-03-26,30.64,30.8,28.51,28.8,4508323
2008-03-27,30.46,30.5,29.26,30.02,5874867
2008-03-28,30.04,30.04,29.0,29.2,4540902
2008-03-31,29.1,30.33,28.81,29.84,4103856
2008-04-01,30.26,31.75,30.19,31.06,5066439
2008-04-02,32.1,33.27,31.84,32.22,5627996
2008-04-03,31.79,32.15,31.16,31.78,3893700
2008-04-04,32.29,32.63,31.59,32.15,3190742
2008-04-07,32.55,33.48,32.5,32.56,5057917
2008-04-08,32.62,33.09,31.96,32.7,2669690
2008-04-09,32.99,33.07,32.12,32.22,1981826
2008-04-10,31.91,32.45,31.58,32.38,2291339
2008-04-11,31.4,31.88,30.96,31.17,3366997
2008-04-14,31.24,31.63,30.64,30.92,1817359
2008-04-15,31.04,31.75,30.85,31.35,1682471
2008-04-16,31.95,32.5,31.19,31.44,4130266
2008-04-17,31.01,31.59,29.89,30.0,4901015
2008-04-18,30.5,31.5,30.24,31.05,3016086
2008-04-21,31.24,31.53,30.15,30.5,2171553
2008-04-22,30.5,31.07,29.5,29.64,3605716
2008-04-23,29.75,30.29,29.29,29.64,2338963
2008-04-24,29.51,30.27,29.12,29.58,2428631
2008-04-25,30.13,30.13,28.88,29.31,2797334
2008-04-28,29.27,30.0,29.27,29.36,1467446
2008-04-29,29.01,29.73,29.01,29.18,1657573
2008-04-30,29.07,30.47,29.0,30.11,2701899
2008-05-01,30.49,30.64,29.85,30.27,1851472
2008-05-02,30.31,31.34,30.1,30.35,3240404
2008-05-05,30.67,30.67,29.65,29.93,1172919
2008-05-06,29.87,31.28,29.87,31.12,3126554
2008-05-07,31.68,33.81,31.31,33.0,8459443
2008-05-08,33.21,34.13,32.85,33.54,4183001
2008-05-09,33.11,33.67,32.78,33.54,1909929
2008-05-12,33.58,33.72,32.15,32.54,2686267
2008-05-13,32.9,33.45,32.25,32.57,2497978
2008-05-14,32.83,33.05,32.31,32.48,2907200
2008-05-15,32.45,33.1,32.0,32.53,2462484
2008-05-16,32.37,33.57,32.37,33.51,2895832
2008-05-19,34.0,36.25,34.0,34.77,7012972
2008-05-20,34.2,35.19,34.0,34.56,3461509
2008-05-21,35.32,36.04,35.2,35.64,4370741
2008-05-22,35.71,36.01,34.75,35.35,3531105
2008-05-23,35.34,35.34,34.66,34.82,2284438
2008-05-27,35.05,35.05,34.05,34.4,3251465
2008-05-28,34.14,36.04,34.14,36.01,4161223
2008-05-29,36.2,36.49,35.07,35.75,4106036
2008-05-30,35.85,36.42,35.23,35.32,3067397
2008-06-02,35.36,35.95,34.51,35.0,2027795
2008-06-03,35.2,35.77,33.22,33.9,3030289
2008-06-04,34.6,34.7,31.97,32.59,4675657
2008-06-05,32.74,33.4,32.71,33.32,2923756
2008-06-06,32.55,32.99,31.59,31.73,4106946
2008-06-09,32.0,32.26,31.09,31.26,2589402
2008-06-10,31.0,31.3,30.05,30.88,5624085
2008-06-11,31.0,31.21,30.08,30.3,2006568
2008-06-12,30.18,31.13,30.13,30.63,1785623
2008-06-13,31.23,31.51,30.31,31.07,1429269
2008-06-16,30.85,31.6,30.82,30.97,1811242
2008-06-17,31.15,32.2,31.1,31.42,2260999
2008-06-18,31.61,31.61,30.52,31.17,2277117
2008-06-19,30.53,31.19,30.3,30.93,1887172
2008-06-20,30.48,30.79,30.0,30.23,4205943
2008-06-23,30.21,30.32,29.59,29.78,2067832
2008-06-24,29.51,30.25,29.2,29.76,1933827
2008-06-25,29.71,31.18,29.71,30.76,2793386
2008-06-26,30.49,30.49,29.22,29.34,2737063
2008-06-27,29.06,30.03,29.06,29.75,3662198
2008-06-30,29.09,30.25,29.03,29.65,4285066
2008-07-01,29.06,29.2,27.01,27.84,10415033
2008-07-02,27.95,28.31,25.78,26.21,8878593
2008-07-03,26.5,27.41,26.5,27.06,5197268
2008-07-07,27.31,27.83,26.47,26.95,3226984
2008-07-08,26.49,27.71,26.48,27.67,2381496
2008-07-09,27.87,28.03,26.5,26.74,3463912
2008-07-10,26.82,26.98,26.04,26.4,3314472
2008-07-11,26.01,26.78,25.05,26.3,3572289
2008-07-14,26.99,26.99,25.84,26.1,2080504
2008-07-15,25.51,27.15,25.28,26.35,2126734
2008-07-16,26.01,27.45,25.8,27.3,3596758
2008-07-17,27.8,27.95,27.0,27.07,3741168
2008-07-18,27.31,27.76,27.14,27.2,3110229
2008-07-21,27.9,28.31,27.44,28.1,3200789
2008-07-22,28.0,28.08,27.35,27.91,1956659
2008-07-23,28.09,28.16,27.61,27.72,5478525
2008-07-24,27.37,27.84,25.55,25.67,4884849
2008-07-25,25.35,25.71,23.59,24.99,5512489
2008-07-28,24.6,25.51,24.09,24.21,3363259
2008-07-29,23.94,24.5,23.85,24.41,3685220
2008-07-30,24.66,25.84,24.51,25.69,3047843
2008-07-31,25.8,26.39,24.99,25.2,2988210
2008-08-01,25.13,25.69,24.14,24.51,2527113
2008-08-04,24.53,24.57,22.91,23.05,4213513
2008-08-05,23.09,24.64,22.5,24.15,5626549
2008-08-06,23.78,24.77,23.78,24.63,3145031
2008-08-07,24.73,25.45,24.15,24.26,3161681
2008-08-08,23.29,24.16,22.35,24.03,4855110
2008-08-11,24.06,25.93,23.5,24.17,5163789
2008-08-12,24.99,25.66,23.25,23.44,4435160
2008-08-13,23.81,23.88,22.76,23.04,3598636
2008-08-14,23.15,24.68,23.07,24.37,3352181
2008-08-15,24.6,24.98,24.02,24.44,2504700
2008-08-18,24.79,24.88,23.51,23.71,1620674
2008-08-19,23.19,23.19,21.66,22.5,4041000
2008-08-20,22.21,23.61,22.21,23.27,2628988
2008-08-21,23.24,23.44,22.35,23.22,1965394
2008-08-22,23.64,23.76,23.08,23.6,2139026
2008-08-25,23.81,23.81,22.51,22.66,2407097
2008-08-26,22.13,22.67,21.66,22.56,4038438
2008-08-27,22.26,24.03,22.26,23.1,4821163
2008-08-28,23.59,25.05,23.44,24.2,4008498
2008-08-29,23.81,24.03,23.06,23.98,3103684
2008-09-02,24.82,24.98,23.54,24.64,4587966
2008-09-03,24.32,24.43,23.4,23.59,3216550
2008-09-04,23.27,23.27,21.26,21.34,7284093
2008-09-05,21.0,22.08,20.42,22.02,5114838
2008-09-08,22.63,22.9,21.26,21.67,2880960
2008-09-09,21.51,21.51,19.08,19.26,5023860
2008-09-10,20.0,20.91,19.28,20.75,4604104
2008-09-11,19.8,20.69,19.42,20.5,7155642
2008-09-12,20.26,23.96,20.25,23.08,9122532
2008-09-15,21.48,22.22,20.01,21.31,6663785
2008-09-16,18.47,21.49,17.0,21.07,12283495
2008-09-17,19.77,20.23,17.41,18.59,8656218
2008-09-18,19.14,24.25,17.5,22.25,9645124
2008-09-19,24.18,25.5,20.05,23.21,7622158
2008-09-22,22.43,22.74,21.43,21.61,4210166
2008-09-23,21.29,21.99,19.6,19.69,3820071
2008-09-24,20.67,20.92,19.62,19.95,2609306
2008-09-25,19.81,21.45,19.76,21.28,2902069
2008-09-26,19.85,20.59,19.64,20.3,2070228
2008-09-29,20.0,20.0,16.84,17.64,5690738
2008-09-30,17.98,20.47,17.77,20.19,5997374
2008-10-01,20.93,21.3,19.1,20.86,7596729
2008-10-02,19.67,20.48,18.15,18.57,3970411
2008-10-03,18.14,19.2,17.4,17.47,3965392
2008-10-06,16.01,16.02,12.47,13.53,12793956
2008-10-07,13.7,14.53,13.02,13.12,6079203
2008-10-08,12.06,14.5,11.09,13.9,8863319
2008-10-09,14.01,15.65,12.7,12.84,8328312
2008-10-10,11.34,13.91,10.71,13.02,9238083
2008-10-13,14.4,18.01,13.99,17.78,9491578
2008-10-14,18.96,18.98,15.75,16.23,5380635
2008-10-15,16.15,16.15,13.31,13.68,6574129
2008-10-16,14.0,14.23,11.66,13.05,7452346
2008-10-17,12.62,14.98,12.12,14.12,10211512
2008-10-20,14.4,14.9,13.77,14.41,3148237
2008-10-21,13.65,14.08,12.33,12.42,6095049
2008-10-22,11.68,11.78,9.73,10.05,10386950
2008-10-23,10.26,10.63,7.81,8.93,14886480
2008-10-24,7.01,7.88,6.39,7.39,16589918
2008-10-27,7.2,9.07,6.5,8.99,14158982
2008-10-28,9.44,10.07,7.77,9.92,12397437
2008-10-29,9.89,12.54,9.0,12.0,13024607
2008-10-30,13.05,14.0,12.63,13.56,12936913
2008-10-31,13.83,14.83,13.05,14.54,7798613
2008-11-03,14.31,15.47,14.24,15.36,4203121
2008-11-04,16.16,19.16,15.6,18.77,6905376
2008-11-05,17.22,17.48,15.29,15.51,7319897
2008-11-06,14.7,15.5,13.6,13.89,5767173
2008-11-07,14.32,15.91,13.93,15.85,6073038
2008-11-10,16.7,16.7,13.81,14.39,4696365
2008-11-11,13.75,13.75,10.33,10.67,12412900
2008-11-12,9.88,10.42,8.05,9.77,12496453
2008-11-13,9.54,11.3,8.76,11.26,12546344
2008-11-14,10.49,10.84,9.05,9.38,12591539
2008-11-17,8.98,10.11,8.81,9.48,5019765
2008-11-18,9.58,9.74,8.6,8.94,5719959
2008-11-19,8.7,8.7,7.54,7.61,5996749
2008-11-20,7.5,7.66,6.78,6.97,11750013
2008-11-21,7.52,7.76,6.75,7.65,9610657
2008-11-24,8.6,9.14,8.08,8.72,12011869
2008-11-25,9.01,9.44,7.95,8.4,9960960
2008-11-26,8.14,9.56,7.88,9.5,7585038
2008-11-28,9.38,9.65,8.77,9.48,3615730
2008-12-01,8.5,8.67,8.0,8.0,6345940
2008-12-02,8.48,8.86,8.11,8.7,5981423
2008-12-03,7.86,8.99,7.83,8.86,5020013
2008-12-04,8.65,8.97,7.79,8.06,10086518
2008-12-05,8.01,8.47,7.33,8.36,9252912
2008-12-08,9.0,9.4,8.16,9.27,11139152
2008-12-09,8.95,9.6,8.7,8.83,8169492
2008-12-10,9.16,9.59,8.89,9.49,9952328
2008-12-11,9.31,9.77,8.82,9.0,10255196
2008-12-12,8.48,9.21,8.3,9.01,5047594
2008-12-15,9.25,9.25,8.15,8.28,5037467
2008-12-16,8.43,8.97,8.35,8.89,7854982
2008-12-17,8.56,8.73,8.06,8.17,6859084
2008-12-18,8.21,8.44,7.34,7.41,6454396
2008-12-19,7.64,7.98,7.11,7.57,7487568
2008-12-22,7.88,7.88,7.23,7.56,5866211
2008-12-23,7.36,7.99,7.36,7.93,4733018
2008-12-24,7.64,7.64,6.89,7.1,4660427
2008-12-26,7.06,7.4,7.01,7.36,1843199
2008-12-29,7.35,7.59,7.15,7.28,2330760
2008-12-30,7.43,7.52,7.21,7.4,3391229
2008-12-31,7.49,7.54,7.09,7.13,3671692
2009-01-02,7.38,8.25,7.19,8.18,4769943
2009-01-05,8.33,8.9,7.87,8.81,7608853
2009-01-06,9.18,9.49,8.82,9.02,6602283
2009-01-07,8.77,9.01,8.13,8.28,3339397
2009-01-08,8.37,8.64,7.92,8.61,2446346
2009-01-09,8.8,8.8,8.1,8.31,2047545
2009-01-12,8.34,8.42,7.68,7.77,3082630
2009-01-13,7.75,8.0,7.5,7.71,2811180
2009-01-14,7.4,7.49,6.86,7.05,7106597
2009-01-15,6.98,7.49,6.6975,7.26,7085373
2009-01-16,7.31,7.49,6.56,6.72,7968206
2009-01-20,6.7,6.7,5.92,5.99,5899332
2009-01-21,6.04,6.35,5.9,6.25,6425585
2009-01-22,6.14,6.45,5.88,6.28,4553454
2009-01-23,6.05,6.88,5.86,6.72,3962144
2009-01-26,6.52,7.15,6.52,6.9,5087652
2009-01-27,6.78,7.4,6.76,6.78,4462317
2009-01-28,7.27,7.5,6.9,7.43,5245868
2009-01-29,7.04,7.17,6.2,6.21,7406612
2009-01-30,6.68,6.74,6.0,6.08,5393502
2009-02-02,6.0,6.01,5.25,5.47,8846057
2009-02-03,5.56,5.76,5.09,5.17,9133654
2009-02-04,5.39,5.54,5.01,5.29,10172576
2009-02-05,5.2,5.59,4.97,5.44,9283217
2009-02-06,5.66,5.92,5.65,5.77,11189730
2009-02-09,5.87,6.42,5.87,6.11,7517879
2009-02-10,6.1,6.67,5.82,6.0,8319345
2009-02-11,6.17,7.15,5.84,6.31,11701126
2009-02-12,6.3,6.68,5.72,6.065,10827976
2009-02-13,6.18,6.61,6.12,6.52,7141196
2009-02-17,5.79,5.86,5.27,5.47,9919850
2009-02-18,5.46,5.75,5.25,5.7,5091914
2009-02-19,5.96,6.15,5.86,5.97,6465063
2009-02-20,5.48,5.74,5.33,5.62,4985515
2009-02-23,5.74,5.75,5.17,5.19,4021460
2009-02-24,5.25,5.91,5.176,5.9,5656491
2009-02-25,5.79,5.88,5.25,5.42,8534184
2009-02-26,5.55,5.66,5.23,5.295,10451037
2009-02-27,5.14,5.44,4.95,5.26,5007166
2009-03-02,5.19,5.5,4.84,4.91,6403784
2009-03-03,4.99,5.18,4.84,4.995,6114498
2009-03-04,5.11,5.61,5.08,5.33,8286449
2009-03-05,5.1,5.21,4.85,4.91,7427322
2009-03-06,5.21,5.21,4.85,4.98,4879122
2009-03-09,4.91,5.11,4.81,4.98,5102460
2009-03-10,5.18,5.8,5.11,5.63,7153571
2009-03-11,5.54,5.97,5.27,5.46,5944465
2009-03-12,5.27,5.27,4.9,5.09,13387098
2009-03-13,5.27,5.83,5.14,5.66,11806436
2009-03-16,5.47,6.17,5.46,5.64,11508493
2009-03-17,5.65,6.04,5.51,6.0,7023297
2009-03-18,5.94,6.33,5.9,6.18,12182372
2009-03-19,6.5,7.09,6.47,6.97,14848714
2009-03-20,6.85,7.01,6.45,6.48,7283302
2009-03-23,6.94,7.46,6.75,7.43,6932420
2009-03-24,7.25,7.25,6.61,6.83,12983522
2009-03-25,7.19,7.3,6.6,6.88,6073393
2009-03-26,7.07,7.47,6.93,7.46,8675387
2009-03-27,7.0,7.23,6.76,6.84,11287587
2009-03-30,6.7,6.7,6.25,6.48,5673745
2009-03-31,6.66,6.8325,6.53,6.55,5041676
2009-04-01,6.68,7.48,6.43,7.34,7240414
2009-04-02,7.63,8.47,7.63,7.98,11030329
2009-04-03,8.03,8.15,7.6,8.1401,6051161
2009-04-06,7.76,7.93,7.51,7.85,5216985
2009-04-07,7.53,8.17,7.53,8.02,5255739
2009-04-08,8.07,8.86,7.93,8.86,7638355
2009-04-09,9.28,9.99,9.05,9.8,10937802
2009-04-13,9.75,9.84,9.3,9.6,5083297
2009-04-14,9.44,9.44,8.58,8.7,9282919
2009-04-15,8.52,9.1,8.52,9.06,5932492
2009-04-16,9.21,9.48,9.08,9.28,5162573
2009-04-17,9.33,9.79,9.2121,9.55,4373907
2009-04-20,8.91,9.14,8.7,8.9,7941824
2009-04-21,8.87,9.34,8.55,9.16,4484643
2009-04-22,9.01,9.6,8.91,9.41,5691572
2009-04-23,9.6,10.09,9.48,9.9801,5297792
2009-04-24,9.73,10.86,9.67,10.62,6132404
2009-04-27,10.42,10.48,9.2,9.32,7140526
2009-04-28,9.13,9.7,9.01,9.51,4737106
2009-04-29,9.69,10.21,9.67,9.97,3995749
2009-04-30,9.84,10.35,9.37,9.42,6558593
2009-05-01,9.12,9.97,9.12,9.83,3013505
2009-05-04,9.99,10.62,9.99,10.57,3653788
2009-05-05,10.6,10.8,10.18,10.74,4480527
2009-05-06,11.04,11.04,10.11,10.58,3119600
2009-05-07,10.54,10.8,9.35,10.05,8611673
2009-05-08,10.3,10.95,10.1,10.89,7147387
2009-05-11,10.43,10.99,10.15,10.82,5593237
2009-05-12,11.19,11.77,11.08,11.46,8952626
2009-05-13,10.97,11.02,9.88,10.09,10597410
2009-05-14,9.82,11.3,9.82,11.28,6993550
2009-05-15,11.38,11.44,10.45,10.62,5155441
2009-05-18,10.63,11.2,10.63,11.04,3483435
2009-05-19,11.32,11.69,11.08,11.24,3893165
2009-05-20,11.4,12.36,11.4,11.95,7344926
2009-05-21,11.75,11.75,10.98,11.24,4196947
2009-05-22,11.44,12.46,11.31,11.98,5220636
2009-05-26,11.73,12.24,11.43,12.07,5725556
2009-05-27,11.87,12.75,11.81,12.39,6952722
2009-05-28,12.48,13.5,12.48,13.49,8127140
2009-05-29,13.68,13.94,13.1,13.2,14889137
2009-06-01,13.45,14.17,13.45,13.95,4932779
2009-06-02,13.29,13.95,13.29,13.66,5911707
2009-06-03,13.32,13.43,12.23,12.66,6734315
2009-06-04,12.88,13.42,12.665,13.26,5019487
2009-06-05,13.58,13.85,13.38,13.54,3754072
2009-06-08,12.87,12.9,12.11,12.6,7356725
2009-06-09,12.15,12.48,11.53,11.99,9943449
2009-06-10,12.22,12.94,12.21,12.44,10477828
2009-06-11,12.69,12.965,12.25,12.86,4949173
2009-06-12,13.05,13.05,12.4,12.89,4518881
2009-06-15,12.54,12.54,11.83,12.09,4565054
2009-06-16,12.24,12.4,11.5,11.54,4691310
2009-06-17,11.36,11.57,10.75,10.94,6838590
2009-06-18,10.85,11.64,10.59,11.34,5605724
2009-06-19,11.37,12.1,11.19,11.3,4217401
2009-06-22,10.88,10.94,9.78,9.8,7027683
2009-06-23,10.24,10.74,9.96,10.65,7190154
2009-06-24,10.91,11.64,10.6,11.17,6962448
2009-06-25,11.08,11.57,10.5,11.37,8199533
2009-06-26,11.44,12.37,11.44,12.17,7582578
2009-06-29,11.99,12.19,11.66,11.93,3900456
2009-06-30,11.55,12.16,11.49,11.73,4121945
2009-07-01,11.92,12.33,11.8,12.18,3024120
2009-07-02,11.59,11.94,11.45,11.47,3802570
2009-07-06,11.07,11.37,10.69,11.37,3315802
2009-07-07,11.14,11.47,11.0,11.05,3551345
2009-07-08,11.0,11.23,10.17,10.4199,6106123
2009-07-09,10.54,10.89,10.27,10.49,4828207
2009-07-10,10.34,10.35,9.84,10.11,5875559
2009-07-13,10.35,10.35,9.63,9.99,6796748
2009-07-14,10.36,10.71,10.31,10.59,7923359
2009-07-15,11.0,11.48,10.78,11.39,6066327
2009-07-16,11.3,11.84,11.25,11.75,4927991
2009-07-17,11.89,12.04,11.4,11.88,4767692
2009-07-20,12.15,12.77,12.15,12.7,5768516
2009-07-21,13.0,13.22,12.38,12.73,6316497
2009-07-22,12.12,12.99,12.08,12.83,3051172
2009-07-23,12.93,13.52,12.93,13.41,5061406
2009-07-24,13.42,13.5,13.15,13.16,3217069
2009-07-27,13.49,13.61,12.88,13.16,3571087
2009-07-28,12.76,13.15,12.61,12.93,3236416
2009-07-29,12.82,12.82,12.18,12.31,2899999
2009-07-30,12.81,13.11,12.7,12.89,2302823
2009-07-31,12.81,13.64,12.69,13.48,3573570
2009-08-03,13.95,14.6,13.72,14.57,4066800
2009-08-04,14.42,14.48,14.06,14.3,3902115
2009-08-05,14.38,14.58,13.92,14.19,2053107
2009-08-06,14.3,14.33,13.76,14.01,2207549
2009-08-07,14.24,14.74,14.0,14.46,3329353
2009-08-10,14.23,14.625,14.01,14.57,1912750
2009-08-11,14.16,14.53,14.01,14.09,3039264
2009-08-12,13.61,14.27,13.57,13.76,3303969
2009-08-13,14.26,14.73,13.84,14.61,2963446
2009-08-14,14.37,14.64,14.06,14.2,1918962
2009-08-17,13.79,13.97,13.08,13.26,2846286
2009-08-18,13.14,13.84,13.14,13.79,1634861
2009-08-19,13.36,13.95,13.2,13.79,1905247
2009-08-20,14.02,14.11,13.75,13.98,2397803
2009-08-21,14.16,14.8,14.15,14.73,4983583
2009-08-24,14.93,15.23,14.82,15.16,3872373
2009-08-25,15.22,15.37,14.89,14.94,2834122
2009-08-26,14.73,15.12,14.38,15.06,4065263
2009-08-27,15.64,15.8,14.56,15.25,6976548
2009-08-28,15.6,16.0,15.22,15.86,3661636
2009-08-31,15.37,15.6,15.2,15.43,5292688
2009-09-01,15.57,15.75,14.73,14.82,5394723
2009-09-02,14.56,15.1,14.51,14.93,3530027
2009-09-03,15.21,16.08,14.92,15.97,4816667
2009-09-04,16.1,16.48,15.75,16.45,3848997
2009-09-08,17.35,17.5,16.84,16.93,6552839
2009-09-09,16.87,17.3,16.62,17.07,4465973
2009-09-10,16.82,17.23,16.65,17.22,2907525
2009-09-11,17.42,17.92,17.25,17.88,6672574
2009-09-14,17.52,17.71,17.1,17.48,3823962
2009-09-15,17.49,17.99,16.9,17.37,4638958
2009-09-16,17.56,17.91,17.14,17.9,3314197
2009-09-17,17.66,17.905,17.33,17.65,5283993
2009-09-18,17.74,18.02,17.38,18.0,3929030
2009-09-21,17.01,17.32,16.66,17.05,5632844
2009-09-22,17.3,19.34,17.25,19.05,9587960
2009-09-23,19.08,19.08,18.06,18.4,8556072
2009-09-24,18.46,18.5,17.35,17.58,5976920
2009-09-25,17.28,17.9,17.26,17.73,3382896
2009-09-28,17.9,18.52,17.7,18.13,2789165
2009-09-29,18.36,18.74,18.04,18.65,3448130
2009-09-30,18.91,19.07,18.12,18.71,6068113
2009-10-01,18.62,19.07,18.09,18.13,3611140
2009-10-02,17.56,18.28,17.21,17.97,4431944
2009-10-05,19.23,19.9,19.2,19.74,8537482
2009-10-06,19.93,19.98,19.04,19.17,9800754
2009-10-07,19.15,19.46,18.41,18.52,5970301
2009-10-08,19.12,19.28,18.78,18.85,4226529
2009-10-09,18.47,19.56,18.36,19.36,2975214
2009-10-12,19.74,19.88,19.29,19.75,3739373
2009-10-13,19.77,19.95,19.11,19.35,3618676
2009-10-14,19.76,20.14,19.76,20.0999,8397204
2009-10-15,19.92,20.055,19.41,20.01,3889689
2009-10-16,19.77,19.91,19.48,19.82,3804263
2009-10-19,19.92,20.85,19.92,20.78,5385208
2009-10-20,20.99,21.0,20.05,20.22,3250471
2009-10-21,19.96,21.05,19.81,20.35,3832928
2009-10-22,20.42,20.45,19.75,20.3,2734480
2009-10-23,20.66,20.9,19.8,19.85,3729394
2009-10-26,19.85,20.6,18.83,18.9501,4348782
2009-10-27,18.89,19.16,17.63,17.98,6930286
2009-10-28,17.6,17.71,16.13,16.56,10639354
2009-10-29,17.08,18.89,17.08,18.75,8154714
2009-10-30,18.37,18.83,17.29,17.91,7351167
2009-11-02,18.24,18.99,18.01,18.41,3480114
2009-11-03,18.08,18.87,17.81,18.87,2891509
2009-11-04,19.16,19.57,18.955,19.17,2612317
2009-11-05,19.8,19.8,19.21,19.74,2461466
2009-11-06,19.58,19.78,19.19,19.49,1961444
2009-11-09,19.97,21.05,19.87,20.53,3641504
2009-11-10,20.64,20.97,20.39,20.62,2191753
2009-11-11,20.89,21.0,20.56,20.62,2142951
2009-11-12,20.46,20.9,20.3,20.55,2496229
2009-11-13,20.42,20.95,20.15,20.92,3070362
2009-11-16,21.21,22.55,21.2,22.44,5858504
2009-11-17,22.19,22.31,21.71,22.24,3423999
2009-11-18,21.53,21.77,20.77,21.01,4530015
2009-11-19,20.88,21.04,19.99,20.58,3247854
2009-11-20,20.21,20.8,20.21,20.64,1469055
2009-11-23,21.26,21.65,20.85,21.17,4158428
2009-11-24,20.7,20.73,19.87,19.92,4334382
2009-11-25,20.19,20.25,19.03,19.53,4264007
2009-11-27,18.65,19.56,18.63,19.18,2158082
2009-11-30,19.19,19.67,18.9,19.09,3014048
2009-12-01,19.5,20.3,19.48,19.73,3251655
2009-12-02,19.88,20.229,19.63,19.86,3059491
2009-12-03,19.99,20.3,19.035,19.13,3107082
2009-12-04,19.57,20.0,18.95,19.54,3006909
2009-12-07,19.39,19.62,18.94,18.99,2121516
2009-12-08,18.91,18.97,17.78,17.83,4235246
2009-12-09,18.25,18.25,17.5,17.8,3539768
2009-12-10,18.05,18.39,18.01,18.24,2396418
2009-12-11,18.57,18.57,17.78,18.0301,2352816
2009-12-14,18.75,19.37,18.51,19.19,3546076
2009-12-15,19.12,19.31,18.4018,19.02,3541396
2009-12-16,19.56,19.94,19.2,19.79,3044917
2009-12-17,19.37,19.37,18.82,19.31,3483712
2009-12-18,19.49,20.06,19.28,19.33,2667083
2009-12-21,19.72,19.97,19.03,19.28,2346384
2009-12-22,19.42,19.6,19.1,19.2,1244148
2009-12-23,19.21,19.82,19.11,19.55,2292376
2009-12-24,19.69,19.88,19.49,19.69,444955
2009-12-28,19.64,19.79,19.36,19.4,1143765
2009-12-29,19.51,19.56,18.91,18.92,2226485
2009-12-30,18.75,18.77,18.13,18.64,2052720
2009-12-31,18.8,18.9,18.54,18.58,630012
2010-01-04,18.97,19.73,18.76,19.71,2712945
2010-01-05,19.82,20.68,19.82,20.28,3386711
2010-01-06,20.11,20.75,19.98,20.44,2563366
2010-01-07,20.31,20.8,20.17,20.69,1788112
2010-01-08,20.54,20.59,20.25,20.37,2294571
2010-01-11,20.71,21.3,20.71,21.16,2825625
2010-01-12,20.64,20.6901,20.13,20.26,1914778
2010-01-13,20.5,20.83,20.0,20.58,3062428
2010-01-14,20.73,20.97,20.18,20.26,2311944
2010-01-15,20.25,20.53,19.51,19.94,3632625
2010-01-19,20.0,21.25,19.99,20.59,3439021
2010-01-20,20.44,20.44,19.7,20.06,2337904
2010-01-21,20.085,20.23,19.01,19.17,3258764
2010-01-22,18.81,19.5,18.64,19.1,3651192
2010-01-25,19.51,19.6,18.96,19.0,1680777
2010-01-26,18.56,19.16,18.42,18.7,1690378
2010-01-27,18.45,18.83,18.12,18.6,2226416
2010-01-28,18.73,19.25,18.1,18.32,2386273
2010-01-29,18.61,18.98,18.02,18.14,2109103
2010-02-01,18.32,19.11,18.27,19.01,2153149
2010-02-02,19.08,19.78,18.82,19.7,2108144
2010-02-03,19.74,20.11,18.83,18.9,3019170
2010-02-04,18.44,18.5,17.4,17.49,5027896
2010-02-05,17.45,17.88,16.28,17.19,6483550
2010-02-08,17.59,17.59,16.6,16.75,5665527
2010-02-09,17.03,17.5,16.86,17.31,5781285
2010-02-10,17.31,17.52,16.72,17.4,2507468
2010-02-11,17.2,18.19,17.13,18.1,2636733
2010-02-12,17.72,18.5,17.41,18.45,2329032
2010-02-16,18.7,19.15,18.48,18.87,2390118
2010-02-17,19.02,19.02,18.43,18.6,2176047
2010-02-18,18.37,18.72,18.35,18.65,2906030
2010-02-19,18.26,18.59,18.26,18.38,1260963
2010-02-22,18.31,18.66,18.26,18.47,1202344
2010-02-23,18.32,18.32,17.7475,18.06,1962580
2010-02-24,17.92,18.34,17.68,18.33,1692016
2010-02-25,17.7,18.31,17.52,18.23,1590721
2010-02-26,18.4,18.73,18.09,18.55,2182113
2010-03-01,18.6,18.85,18.19,18.64,2880901
2010-03-02,18.83,19.08,18.46,18.58,3592519
2010-03-03,18.81,19.0,18.26,18.38,3667894
2010-03-04,18.42,18.65,17.81,17.92,4386433
2010-03-05,18.3,18.61,18.07,18.46,2595962
2010-03-08,18.47,18.58,18.25,18.33,1931370
2010-03-09,18.27,19.5319,18.27,19.29,4478968
2010-03-10,19.06,20.38,19.01,20.27,6337976
2010-03-11,19.95,19.98,19.44,19.58,4939115
2010-03-12,19.8,19.9,18.94,19.14,4172213
2010-03-15,19.06,19.36,18.2,18.36,6341426
2010-03-16,18.54,18.98,18.33,18.6,5474438
2010-03-17,18.66,18.71,17.52,17.99,17003547
2010-03-18,17.595,17.7,16.7,16.74,31473539
2010-03-19,17.03,17.85,17.0,17.8,14631403
2010-03-22,17.55,17.92,17.22,17.7,4217234
2010-03-23,17.71,17.75,17.375,17.61,4642039
2010-03-24,17.33,17.8095,17.31,17.47,2813332
2010-03-25,17.64,17.88,17.28,17.28,8345989
2010-03-26,17.51,17.98,17.5,17.89,6440584
2010-03-29,18.12,18.74,17.97,18.62,6554243
2010-03-30,18.63,19.15,18.41,19.05,5682874
2010-03-31,18.9,18.91,18.24,18.36,6953477
2010-04-01,18.64,18.91,18.52,18.88,4001083
2010-04-05,18.96,19.28,18.91,19.12,2768420
2010-04-06,18.67,19.14,18.52,18.78,5331626
2010-04-07,18.21,18.48,18.06,18.19,5682961
2010-04-08,17.89,18.06,17.58,17.76,9278992
2010-04-09,17.71,18.0,17.36,17.93,8697323
2010-04-12,17.9,18.11,17.05,17.6,9416845
2010-04-13,17.37,17.4,16.63,16.64,6614071
2010-04-14,16.71,16.95,16.15,16.46,5913142
2010-04-15,16.86,17.65,16.8,17.0,20829186
2010-04-16,16.76,16.9,15.82,16.8,8215811
2010-04-19,16.021,16.689,16.021,16.689,1107109
2010-04-20,16.785,16.977,16.745,16.825,1280282
2010-04-21,16.823,16.841,16.145,16.347,1631680
2010-04-22,18.95,18.97,17.96,18.1,4629899
2010-04-23,18.05,18.9,17.71,18.5,5173134
2010-04-26,18.75,18.86,18.01,18.1,2556968
2010-04-27,17.76,18.19,17.53,17.65,1566408
2010-04-28,17.75,17.88,17.25,17.5,2535453
2010-04-29,17.84,18.0,17.6,17.6,2300929
2010-04-30,17.69,17.8,17.24,17.43,2683004
2010-05-03,17.49,17.86,17.3,17.72,1133195
2010-05-04,17.56,17.56,16.8,17.21,2262871
2010-05-05,16.87,16.87,16.0,16.27,3802472
2010-05-06,16.04,16.43,12.32,15.2,3690168
2010-05-07,15.13,15.9,13.94,15.46,10310645
2010-05-10,16.67,17.3,16.4,16.8,6375247
2010-05-11,16.65,16.65,15.93,16.01,3294532
2010-05-12,16.14,16.94,16.1,16.7,3249613
2010-05-13,16.57,16.84,16.3,16.34,1841054
2010-05-14,16.1,16.3,15.57,15.7301,3500180
2010-05-17,15.68,15.99,15.2,15.52,2641630
2010-05-18,15.74,15.92,15.05,15.12,2284624
2010-05-19,15.01,15.36,14.8,15.31,2133866
2010-05-20,14.56,15.15,14.56,14.72,6478448
2010-05-21,14.12,15.55,14.12,15.0,2036102
2010-05-24,15.04,15.3,14.34,14.36,1977046
2010-05-25,14.08,14.93,13.2,14.9,4210801
2010-05-26,15.16,15.95,14.95,15.16,8292110
2010-05-27,15.84,16.26,15.39,16.07,2240435
2010-05-28,15.99,16.04,15.24,15.66,3322144
2010-06-01,15.32,15.84,15.25,15.4,2571904
2010-06-02,15.35,16.3,15.3301,16.08,3100992
2010-06-03,16.54,16.6,15.84,15.96,2305709
2010-06-04,15.48,16.0,15.31,15.54,2808267
2010-06-07,15.5,15.8302,15.05,15.18,1404702
2010-06-08,15.12,15.23,14.5,15.0,2640487
2010-06-09,15.15,15.45,15.02,15.14,1616824
2010-06-10,15.56,15.82,15.33,15.8,1842319
2010-06-11,15.62,16.15,15.61,15.94,951998
2010-06-14,16.19,16.38,15.93,16.05,1955101
2010-06-15,16.2,17.07,16.03,16.96,2421562
2010-06-16,16.67,17.4,16.67,17.06,3040651
2010-06-17,16.93,16.94,16.42,16.7,2444228
2010-06-18,16.69,17.15,16.5,17.05,2984785
2010-06-21,17.15,17.44,16.45,16.6,2512206
2010-06-22,16.26,16.99,16.25,16.8,3548965
2010-06-23,16.7,16.85,16.45,16.78,1082572
2010-06-24,16.6,16.9,16.26,16.3501,1548603
2010-06-25,16.5,16.5494,16.09,16.44,1177655
2010-06-28,16.53,16.65,16.38,16.59,878641
2010-06-29,16.21,16.39,15.67,16.08,1852452
2010-06-30,15.76,16.45,15.69,16.19,1534831
2010-07-01,15.93,16.42,15.22,15.59,3055440
2010-07-02,15.67,15.86,15.25,15.37,692565
2010-07-06,16.14,16.56,15.31,15.51,2607648
2010-07-07,15.75,16.14,15.6,16.1,1531818
2010-07-08,16.1,16.18,15.8,16.1,1988792
2010-07-09,16.06,16.15,15.79,15.95,1788814
2010-07-12,15.91,15.95,15.5,15.67,1123509
2010-07-13,15.99,16.03,15.61,15.78,2132090
2010-07-14,15.64,15.88,15.46,15.62,1001113
2010-07-15,15.65,15.65,15.3,15.38,1690284
2010-07-16,15.47,15.62,15.19,15.43,2809811
2010-07-19,15.24,15.87,15.24,15.58,2455477
2010-07-20,15.7,15.76,15.29,15.64,1253269
2010-07-21,15.67,16.15,15.64,15.68,1838101
2010-07-22,16.21,16.34,15.75,16.04,3215670
2010-07-23,15.95,16.95,15.78,16.73,2966485
2010-07-26,16.35,16.88,16.28,16.54,1738036
2010-07-27,16.8,16.95,16.03,16.3,1727083
2010-07-28,15.88,16.39,15.8,16.39,1659312
2010-07-29,16.39,16.475,16.16,16.25,709927
2010-07-30,16.2,16.3795,16.06,16.28,2404946
2010-08-02,16.56,17.43,16.3,16.8,5554256
2010-08-03,16.8,17.26,16.71,17.0,2036161
2010-08-04,17.37,17.84,17.25,17.34,3441398
2010-08-05,17.38,17.58,16.85,17.06,3106674
2010-08-06,17.08,17.65,17.08,17.52,2613122
2010-08-09,17.72,17.72,17.3,17.46,1073337
2010-08-10,17.0,17.4,16.79,17.35,1455501
2010-08-11,16.81,17.09,16.74,16.8,641441
2010-08-12,16.07,16.09,15.35,15.46,6273862
2010-08-13,15.39,16.01,15.31,15.74,2831892
2010-08-16,15.89,15.99,15.5,15.51,2103031
2010-08-17,15.73,15.9,15.11,15.51,2951710
2010-08-18,15.57,15.7,15.27,15.6,2093226
2010-08-19,15.6,15.67,14.9,15.12,3022085
2010-08-20,15.05,15.1,14.64,14.72,5449043
2010-08-23,14.82,14.91,14.5,14.56,3222976
2010-08-24,14.42,14.57,14.08,14.37,4013742
2010-08-25,14.57,15.04,14.33,14.99,2777514
2010-08-26,15.13,15.35,14.9,15.0,1779088
2010-08-27,15.25,15.25,14.88,15.06,1222442
2010-08-30,14.88,14.99,14.7,14.86,554389
2010-08-31,14.65,15.09,14.61,14.94,2012974
2010-09-01,15.25,15.34,15.02,15.18,1041189
2010-09-02,14.88,15.11,14.71,14.95,4396756
2010-09-03,15.01,15.2,14.74,14.92,1993233
2010-09-07,14.96,15.02,14.75,14.87,1895324
2010-09-08,14.76,14.9,14.45,14.82,2595975
2010-09-09,14.87,15.07,14.64,14.83,2281120
2010-09-10,14.89,14.95,14.71,14.89,867338
2010-09-13,15.02,15.1,14.86,15.01,2953051
2010-09-14,14.95,14.99,14.67,14.79,2909695
2010-09-15,14.67,14.7998,14.46,14.57,5423952
2010-09-16,14.56,14.63,14.41,14.45,5032166
2010-09-17,14.27,14.735,14.1,14.59,5397558
2010-09-20,14.46,14.87,14.4,14.79,4015060
2010-09-21,14.51,14.8,14.49,14.79,1481033
2010-09-22,14.8,14.9,14.57,14.57,1421923
2010-09-23,14.42,14.64,14.35,14.45,1547426
2010-09-24,14.51,14.55,14.3,14.4,3523937
2010-09-27,14.27,14.54,14.25,14.53,2480252
2010-09-28,14.66,14.66,14.39,14.51,1553626
2010-09-29,14.58,14.64,14.46,14.51,1655335
2010-09-30,14.73,14.92,14.61,14.82,2093386
2010-10-01,14.88,14.99,14.61,14.73,3250174
2010-10-04,15.0,15.39,14.15,14.39,8159707
2010-10-05,14.5,14.59,13.87,14.09,15256778
2010-10-06,14.34,14.35,13.85,13.94,5098453
2010-10-07,13.85,14.39,13.85,14.22,3412041
2010-10-08,14.24,14.63,14.09,14.41,2929040
2010-10-11,14.36,14.49,14.18,14.47,1962354
2010-10-12,14.41,14.5,14.25,14.48,2303231
2010-10-13,14.65,14.95,14.55,14.81,4587296
2010-10-14,15.0,15.0,14.57,14.82,2915964
2010-10-15,15.0,15.0,14.67,14.91,2212280
2010-10-18,15.0,15.0,14.63,14.94,2366034
2010-10-19,14.64,14.86,14.61,14.82,3908916
2010-10-20,14.8,14.84,14.5,14.83,3274696
2010-10-21,14.9,14.92,14.5,14.63,3333696
2010-10-22,14.9,14.92,14.62,14.7,2249068
2010-10-25,14.79,14.99,14.75,14.93,2687733
2010-10-26,14.82,15.22,14.73,15.1,2228403
2010-10-27,15.13,15.14,14.8,14.85,2392862
2010-10-28,15.0,15.0,14.7598,14.93,2630962
2010-10-29,15.09,15.34,15.04,15.33,3067666
2010-11-01,15.38,15.48,15.24,15.4,4932212
2010-11-02,15.55,15.55,15.33,15.43,2604593
2010-11-03,15.4,16.0,15.39,15.82,7125962
2010-11-04,16.16,16.25,15.92,16.24,7334031
2010-11-05,16.26,16.38,15.99,15.99,5041607
2010-11-08,15.9,16.17,15.2,15.71,6140826
2010-11-09,16.24,16.36,15.74,15.87,3212132
2010-11-10,15.54,15.82,15.48,15.69,2696122
2010-11-11,15.7,15.72,15.48,15.57,3409115
2010-11-12,15.52,15.7,15.24,15.45,3265204
2010-11-15,15.38,15.89,15.1,15.64,1847809
2010-11-16,15.6,15.65,15.26,15.39,2921307
2010-11-17,15.47,15.77,15.42,15.55,1664478
2010-11-18,15.67,15.87,15.55,15.79,1767814
2010-11-19,15.73,15.79,15.56,15.78,1093175
2010-11-22,15.7,15.8,15.5,15.68,2539118
2010-11-23,15.65,15.65,15.23,15.39,3383317
2010-11-24,15.26,15.52,15.26,15.39,1756340
2010-11-26,15.26,15.67,15.16,15.41,1504121
2010-11-29,15.34,15.6,15.2,15.46,4970701
2010-11-30,15.4,15.68,15.25,15.66,2680402
2010-12-01,15.67,15.79,15.36,15.46,1992882
2010-12-02,15.26,15.55,15.18,15.48,2709952
2010-12-03,15.46,15.47,14.99,15.08,3901051
2010-12-06,14.85,15.02,14.48,14.56,7384868
2010-12-07,14.69,14.8,14.5,14.7,3216396
2010-12-08,14.78,14.84,14.55,14.63,2197504
2010-12-09,14.8,14.8,14.26,14.41,4434698
2010-12-10,14.5,14.51,14.28,14.37,3479529
2010-12-13,14.51,14.51,14.2,14.27,3315371
2010-12-14,14.34,14.38,14.14,14.23,2781861
2010-12-15,14.28,14.44,14.24,14.42,2595322
2010-12-16,14.51,14.55,14.35,14.54,1878751
2010-12-17,14.5,14.84,14.4,14.84,2741245
2010-12-20,15.01,15.33,14.98,15.23,5233456
2010-12-21,15.14,15.24,14.69,14.75,4569156
2010-12-22,14.75,15.01,14.64,14.92,2591771
2010-12-23,14.7,14.87,14.62,14.7,2512542
2010-12-27,14.75,14.9,14.65,14.88,1358359
2010-12-28,14.95,14.99,14.8,14.96,1633968
2010-12-29,15.0,15.05,14.8,14.93,1904288
2010-12-30,15.0,15.09,14.97,15.05,2110848
2010-12-31,15.1,15.14,14.98,15.06,2573779
2011-01-03,15.09,15.34,15.05,15.31,2675604
2011-01-04,15.36,15.52,15.32,15.5,3128604
2011-01-05,15.4,15.7,15.26,15.665,2299297
2011-01-06,15.76,15.76,15.46,15.51,2188288
2011-01-07,15.6,15.65,15.19,15.36,2325987
2011-01-10,15.34,15.53,15.19,15.47,1356507
2011-01-11,15.47,15.59,15.34,15.44,1610946
2011-01-12,15.55,15.7,15.49,15.67,2580471
2011-01-13,15.58,15.75,15.25,15.32,2218701
2011-01-14,15.29,15.59,15.17,15.36,2431649
2011-01-18,14.98,15.1,14.315,14.62,9185897
2011-01-19,14.35,14.74,14.26,14.45,5982130
2011-01-20,14.47,14.55,13.2,14.17,9990462
2011-01-21,14.18,14.46,13.71,13.75,6698267
2011-01-24,13.96,14.27,13.78,14.25,5590084
2011-01-25,14.2,14.26,14.05,14.24,2347559
2011-01-26,14.26,14.43,14.15,14.35,3522375
2011-01-27,14.4,14.51,14.31,14.34,3780006
2011-01-28,14.22,14.37,13.8,13.97,2285478
2011-01-31,13.92,14.12,13.83,13.86,1956121
2011-02-01,13.98,14.17,13.81,14.13,6191120
2011-02-02,14.03,14.25,14.0,14.24,2612233
2011-02-03,14.2,14.26,14.11,14.12,1319562
2011-02-04,14.28,14.285,14.1,14.24,1786664
2011-02-07,14.28,14.45,14.16,14.29,1853468
2011-02-08,14.22,14.41,14.13,14.4,2447456
2011-02-09,14.39,14.48,13.89,13.93,5490375
2011-02-10,13.9,14.16,13.85,13.97,3466400
2011-02-11,14.0,14.46,13.92,14.37,2135563
2011-02-14,14.09,14.46,14.09,14.29,1869304
2011-02-15,14.19,14.34,14.16,14.2,1192247
2011-02-16,14.34,14.52,14.23,14.36,4337537
2011-02-17,14.4,14.52,14.36,14.43,2740538
2011-02-18,14.69,14.69,14.18,14.25,2346800
2011-02-22,14.15,14.2,13.88,14.0325,4130255
2011-02-23,14.01,14.03,13.665,13.75,2461640
2011-02-24,13.78,13.91,13.73,13.9,2077578
2011-02-25,13.92,14.0,13.66,13.93,1325389
2011-02-28,13.92,14.16,13.88,14.1,1338083
2011-03-01,14.12,14.2,13.99,14.08,3347537
2011-03-02,14.17,14.2,13.93,14.0,2859182
2011-03-03,13.955,14.04,13.88,14.04,4006309
2011-03-04,14.11,14.37,13.97,14.36,2839299
2011-03-07,14.41,14.6,14.12,14.19,1888858
2011-03-08,14.49,14.81,14.21,14.64,1622415
2011-03-09,14.86,14.9,14.57,14.63,1414647
2011-03-10,14.47,14.55,14.25,14.3,904653
2011-03-11,14.68,14.7,14.27,14.62,1494341
2011-03-14,14.53,14.62,14.2,14.28,2491102
2011-03-15,13.73,14.0,13.59,13.96,3821876
2011-03-16,14.15,14.15,13.53,13.65,3940996
2011-03-17,13.9,13.98,13.64,13.93,3161398
2011-03-18,14.0,14.15,13.69,13.72,4235405
2011-03-21,13.94,14.2,13.78,13.94,2475383
2011-03-22,13.92,13.99,13.83,13.93,2375163
2011-03-23,13.99,14.03,13.87,13.98,1458326
2011-03-24,14.09,14.25,13.98,14.03,2318826
2011-03-25,14.14,14.195,13.89,13.93,2200730
2011-03-28,13.8,13.88,13.63,13.7,4361602
2011-03-29,13.7,14.25,13.635,14.15,4836969
2011-03-30,14.05,14.2225,13.94,14.07,2343608
2011-03-31,14.13,14.14,13.99,14.14,1049165
2011-04-01,14.21,14.55,14.2,14.51,2516750
2011-04-04,14.55,14.62,14.41,14.53,1143158
2011-04-05,14.53,14.6,14.41,14.45,1547169
2011-04-06,14.55,14.56,14.09,14.12,2011129
2011-04-07,14.2,14.26,14.11,14.14,2717822
2011-04-08,14.25,14.48,14.21,14.46,1866211
2011-04-11,14.56,14.6,14.28,14.31,1411722
2011-04-12,14.21,14.34,14.04,14.17,1930656
2011-04-13,14.36,14.49,14.31,14.39,1570861
2011-04-14,14.38,14.42,14.15,14.39,1703453
2011-04-15,14.31,14.6,14.26,14.55,1922155
2011-04-18,14.3,14.35,14.04,14.14,1739757
2011-04-19,14.4,14.41,14.07,14.16,1367563
2011-04-20,14.4,14.43,14.2,14.28,1434399
2011-04-21,14.43,14.43,14.27,14.29,955762
2011-04-25,14.35,14.35,14.1699,14.22,438444
2011-04-26,14.28,14.4,14.2,14.35,1224630
2011-04-27,14.28,14.57,14.26,14.51,3144727
2011-04-28,14.49,14.6,14.28,14.55,1985832
2011-04-29,14.53,14.6,14.47,14.57,1997361
2011-05-02,14.46,14.74,14.46,14.66,1279803
2011-05-03,14.55,14.6,14.37,14.39,1650506
2011-05-04,14.35,14.38,14.04,14.13,2280405
2011-05-05,14.01,14.1,13.91,13.98,3000200
2011-05-06,14.15,14.25,14.01,14.22,2722955
2011-05-09,14.24,14.36,14.185,14.29,1724995
2011-05-10,14.33,14.44,14.2,14.39,1152461
2011-05-11,14.26,14.35,14.18,14.33,1809317
2011-05-12,14.24,14.27,14.05,14.13,1826253
2011-05-13,14.2,14.2,13.84,13.99,2876713
2011-05-16,14.0,14.15,13.86,14.09,1971452
2011-05-17,13.99,14.08,13.91,13.95,2592037
2011-05-18,14.04,14.07,13.95,14.03,1316394
2011-05-19,13.99,14.06,13.93,14.05,2127706
2011-05-20,13.98,14.03,13.9,13.93,2302608
2011-05-23,13.76,13.78,13.6,13.62,1860081
2011-05-24,13.76,13.91,13.65,13.82,2491499
2011-05-25,13.84,13.89,13.73,13.75,875751
2011-05-26,13.9,13.9,13.65,13.8,1205415
2011-05-27,13.77,13.93,13.7,13.79,1595425
2011-05-31,13.99,14.1,13.81,14.07,2220838
2011-06-01,13.98,14.32,13.88,14.06,3222112
2011-06-02,14.1,14.16,13.95,14.14,1996817
2011-06-03,13.93,14.08,13.87,14.06,1588729
2011-06-06,14.0,14.01,13.79,13.8,1229742
2011-06-07,13.8,13.97,13.8,13.85,914586
2011-06-08,13.89,13.98,13.77,13.86,1618186
2011-06-09,13.9,14.15,13.9,14.04,2323568
2011-06-10,13.86,13.99,13.57,13.66,1859701
2011-06-13,13.65,13.73,13.38,13.42,2868363
2011-06-14,13.57,13.64,13.33,13.4,3659680
2011-06-15,13.32,13.43,13.1,13.36,2457928
2011-06-16,13.35,13.35,13.03,13.17,2921192
2011-06-17,13.27,13.39,13.15,13.21,3057942
2011-06-20,13.23,13.34,13.01,13.11,2390277
2011-06-21,13.21,13.36,13.03,13.19,2377594
2011-06-22,13.16,13.18,13.0,13.01,3458227
2011-06-23,13.0,13.03,12.76,12.87,2661156
2011-06-24,12.93,12.95,12.67,12.68,1645717
2011-06-27,12.63,13.0,12.63,12.97,1724279
2011-06-28,12.8,13.01,12.8,12.87,2286501
2011-06-29,12.91,12.99,12.84,12.85,1055806
2011-06-30,12.86,12.9,12.54,12.75,18932968
2011-07-01,12.86,12.89,12.67,12.79,3959676
2011-07-05,12.79,12.96,12.71,12.76,3351743
2011-07-06,12.81,12.98,12.77,12.95,5409763
2011-07-07,13.0,13.31,12.93,12.96,3809565
2011-07-08,12.82,12.9,12.67,12.84,2407429
2011-07-11,12.66,12.74,12.26,12.43,4953004
2011-07-12,12.4,12.44,12.09,12.16,4270997
2011-07-13,12.24,12.43,12.205,12.265,2391228
2011-07-14,12.34,12.36,11.9879,12.01,2932316
2011-07-15,12.12,12.15,11.8,11.9,3244740
2011-07-18,11.86,11.94,11.75,11.83,3130272
2011-07-19,11.88,12.05,11.78,12.01,3079963
2011-07-20,12.04,12.08,11.91,12.05,2152540
2011-07-21,12.24,12.28,12.06,12.23,2516948
2011-07-22,12.22,12.35,11.95,12.32,4122178
2011-07-25,12.29,12.625,12.29,12.52,4164672
2011-07-26,12.55,12.75,12.46,12.68,3279062
2011-07-27,12.62,12.69,12.48,12.52,2740320
2011-07-28,12.49,12.5718,12.44,12.47,2378207
2011-07-29,12.37,12.56,12.24,12.39,3297455
2011-08-01,12.59,12.63,12.26,12.53,3307481
2011-08-02,12.35,12.46,12.17,12.17,3783784
2011-08-03,12.25,12.3,11.89,12.29,3753355
2011-08-04,12.0,12.15,11.68,11.75,4648283
2011-08-05,11.85,11.92,11.41,11.76,4481537
2011-08-08,11.32,11.4,10.71,10.95,7626888
2011-08-09,10.85,11.0,10.21,10.8,8491368
2011-08-10,10.56,10.65,10.02,10.15,7086201
2011-08-11,10.18,10.36,9.99,10.29,7668102
2011-08-12,10.4,10.48,10.26,10.41,3084404
2011-08-15,10.54,10.96,10.5,10.93,2099412
2011-08-16,10.76,11.18,10.75,10.94,2332523
2011-08-17,10.92,11.25,10.9,11.11,2703695
2011-08-18,10.85,10.95,10.43,10.68,3756284
2011-08-19,10.55,10.8,10.48,10.49,2844093
2011-08-22,10.67,10.8,10.59,10.6,1465142
2011-08-23,10.67,10.94,10.53,10.92,2225249
2011-08-24,10.84,11.18,10.8,11.11,1768626
2011-08-25,11.1,11.2,10.73,10.83,2934364
2011-08-26,10.67,10.955,10.4,10.73,3667787
2011-08-29,10.9,11.0602,10.82,11.01,3390529
2011-08-30,11.0,11.2,10.9,11.09,2903615
2011-08-31,11.2,11.6,11.17,11.44,3734831
2011-09-01,11.55,11.655,11.33,11.44,3170608
2011-09-02,11.3,11.4,11.22,11.24,2381938
2011-09-06,10.93,10.93,10.59,10.87,4496689
2011-09-07,11.23,11.23,10.22,10.57,7450261
2011-09-08,10.51,10.8,10.46,10.68,4386477
2011-09-09,10.53,10.54,10.23,10.26,2770044
2011-09-12,10.42,10.45,10.0,10.26,3035403
2011-09-13,10.32,10.44,10.09,10.22,3083607
2011-09-14,10.31,10.54,10.24,10.47,2849906
2011-09-15,10.58,10.6,10.46,10.54,1338127
2011-09-16,10.42,10.56,10.34,10.43,2136462
2011-09-19,10.14,10.57,10.14,10.54,3766871
2011-09-20,10.63,10.74,10.48,10.58,3174938
2011-09-21,10.63,10.69,10.23,10.26,2475854
2011-09-22,9.91,9.97,9.5,9.65,4120974
2011-09-23,9.59,9.83,9.44,9.74,3211643
2011-09-26,9.78,9.95,9.63,9.93,3306369
2011-09-27,10.17,10.29,9.96,10.04,3993576
2011-09-28,10.03,10.09,9.65,9.69,3761974
2011-09-29,9.83,10.0,9.8,9.93,2955483
2011-09-30,9.7,9.7998,9.315,9.53,4466335
2011-10-03,9.57,9.63,9.29,9.31,2535374
2011-10-04,9.07,9.16,8.83,9.15,5008123
2011-10-05,9.1,9.46,8.98,9.42,4019532
2011-10-06,9.39,9.85,9.36,9.79,2127581
2011-10-07,9.89,9.89,9.61,9.68,2923633
2011-10-10,9.99,10.1,9.89,10.03,2812112
2011-10-11,10.01,10.01,9.82,9.87,3336425
2011-10-12,9.98,10.39,9.94,10.22,4004076
2011-10-13,10.23,10.26,9.98,10.08,4178293
2011-10-14,10.22,10.25,10.0108,10.16,3713655
2011-10-17,10.1,10.15,9.89,9.95,2844485
2011-10-18,9.97,10.43,9.91,10.33,3909388
2011-10-19,10.34,10.53,10.28,10.33,2593334
2011-10-20,10.29,10.44,10.145,10.34,1700328
2011-10-21,10.48,10.84,10.43,10.71,2370491
2011-10-24,10.78,11.19,10.76,11.12,3084744
2011-10-25,10.97,11.0,10.79,10.92,2239373
2011-10-26,11.04,11.47,10.9899,11.36,3327996
2011-10-27,11.53,11.83,11.47,11.73,2727592
2011-10-28,11.7,11.7,11.41,11.49,3147792
2011-10-31,11.33,11.4,10.92,10.96,3844220
2011-11-01,10.7,10.73,10.23,10.57,3529615
2011-11-02,10.76,10.95,10.64,10.89,1820334
2011-11-03,11.0,11.3,10.91,11.27,1858581
2011-11-04,11.18,11.36,11.04,11.31,1327074
2011-11-07,11.31,11.47,11.15,11.39,3010949
2011-11-08,11.39,11.44,11.16,11.31,1885371
2011-11-09,10.7,11.19,10.7,10.79,3567465
2011-11-10,10.97,10.97,10.76,10.86,2496489
2011-11-11,11.1,11.38,11.01,11.28,1644176
2011-11-14,11.2,11.22,10.81,11.0,4389943
2011-11-15,10.9,11.16,10.9,11.05,2438697
2011-11-16,11.04,11.3103,11.03,11.12,2666810
2011-11-17,11.18,11.26,10.97,11.04,2881456
2011-11-18,11.07,11.31,11.0,11.175,1808754
2011-11-21,10.95,11.05,10.82,10.96,3016549
2011-11-22,10.94,11.47,10.94,11.38,4853694
2011-11-23,11.17,11.3,11.09,11.25,2839658
2011-11-25,10.93,11.35,10.77,11.25,2422479
2011-11-28,11.57,11.75,11.41,11.72,3469904
2011-11-29,11.36,11.59,11.28,11.39,2674342
2011-11-30,11.72,11.92,11.61,11.92,3259972
2011-12-01,11.95,12.15,11.81,11.82,2435871
2011-12-02,11.9,11.96,11.52,11.54,3119345
2011-12-05,11.75,12.0,11.71,11.81,2636677
2011-12-06,11.74,11.78,11.14,11.16,4902147
2011-12-07,11.16,11.21,10.97,11.03,3718320
2011-12-08,10.86,10.9,10.29,10.41,5484998
2011-12-09,10.42,10.59,10.32,10.34,1976811
2011-12-12,10.25,10.26,9.81,10.0,2235871
2011-12-13,10.12,10.15,9.67,9.76,2598540
2011-12-14,9.68,9.76,9.48,9.6,1889421
2011-12-15,9.65,9.74,9.45,9.49,1705759
2011-12-16,9.45,9.65,9.35,9.39,3272313
2011-12-19,9.46,9.69,9.32,9.39,2333329
2011-12-20,9.61,9.75,9.29,9.57,2974966
2011-12-21,9.5,9.55,9.35,9.49,2189745
2011-12-22,9.52,9.63,9.43,9.54,1712134
2011-12-23,9.52,9.56,9.455,9.5,1085741
2011-12-27,9.54,9.68,9.425,9.46,855888
2011-12-28,9.46,9.54,9.27,9.38,827798
2011-12-29,9.55,9.59,9.27,9.46,1137055
2011-12-30,9.41,9.6,9.35,9.48,856957
2012-01-03,9.75,9.88,9.71,9.78,1316143
2012-01-04,9.74,9.755,9.5,9.56,1485332
2012-01-05,9.53,10.02,9.53,10.01,3099699
2012-01-06,10.0,10.11,9.825,9.9,1285647
2012-01-09,10.07,10.24,10.05,10.12,1410371
2012-01-10,10.25,10.42,10.15,10.19,879156
2012-01-11,10.38,10.49,10.23,10.36,1379425
2012-01-12,10.44,10.7,10.21,10.41,1071551
2012-01-13,10.33,10.5,10.26,10.49,1185079
2012-01-17,10.74,10.74,10.43,10.47,1563079
2012-01-18,10.29,10.62,10.28,10.58,1084018
2012-01-19,10.7,10.73,10.33,10.35,1834488
2012-01-20,10.42,10.42,10.07,10.26,1624283
2012-01-23,10.31,10.44,10.23,10.28,1057146
2012-01-24,10.22,10.315,10.16,10.27,1217514
2012-01-25,10.2,10.45,10.19,10.37,2304833
2012-01-26,10.46,10.58,10.2,10.38,1703862
2012-01-27,10.36,10.43,10.27,10.34,633219
2012-01-30,10.15,10.54,10.15,10.52,1848181
2012-01-31,10.66,10.85,10.55,10.65,2279064
2012-02-01,10.9,10.94,10.69,10.86,1882571
2012-02-02,10.93,11.02,10.8,10.99,2250558
2012-02-03,11.11,11.29,11.05,11.27,1880098
2012-02-06,11.15,11.36,11.06,11.36,1505276
2012-02-07,11.31,11.38,11.145,11.34,1343332
2012-02-08,11.38,11.49,11.28,11.3,2020793
2012-02-09,11.36,11.44,11.285,11.37,828602
2012-02-10,11.17,11.24,11.11,11.15,1183291
2012-02-13,11.36,11.36,11.22,11.25,602599
2012-02-14,11.22,11.27,11.1445,11.26,504280
2012-02-15,11.29,11.99,11.23,11.97,3808384
2012-02-16,11.79,11.92,11.475,11.79,3393754
2012-02-17,11.79,12.26,11.7305,12.2,2254422
2012-02-21,12.21,12.28,11.81,12.03,1777295
2012-02-22,11.96,12.12,11.85,12.11,1327177
2012-02-23,12.05,12.23,12.0,12.1994,1287082
2012-02-24,12.34,12.545,12.25,12.49,1850458
2012-02-27,12.35,12.43,12.25,12.39,1020491
2012-02-28,12.36,12.37,12.14,12.15,2240696
2012-02-29,12.26,12.33,12.09,12.18,1399729
2012-03-01,12.24,12.32,12.14,12.32,1391211
2012-03-02,12.34,12.34,12.12,12.15,1333132
2012-03-05,12.17,12.2,11.98,12.14,1547935
2012-03-06,11.92,11.92,11.64,11.71,2123543
2012-03-07,11.73,12.02,11.73,11.99,1965281
2012-03-08,12.13,12.15,11.91,12.05,1728637
2012-03-09,11.9,12.09,11.84,11.85,1274156
2012-03-12,11.76,11.86,11.62,11.82,2521042
2012-03-13,11.76,11.77,11.18,11.3,5442663
2012-03-14,11.25,11.485,11.23,11.38,3080158
2012-03-15,11.5,11.5,11.32,11.43,2384309
2012-03-16,11.42,11.51,11.04,11.05,5986536
2012-03-19,11.05,11.29,10.82,10.88,4871073
2012-03-20,10.75,10.9,10.39,10.43,4655181
2012-03-21,10.86,10.89,10.5,10.86,2764477
2012-03-22,10.67,11.23,10.65,11.22,3892961
2012-03-23,11.25,11.27,11.03,11.15,2696791
2012-03-26,11.23,11.25,11.0,11.01,2372155
2012-03-27,11.02,11.13,10.86,10.95,1579135
2012-03-28,11.17,11.2799,10.95,11.19,4451734
2012-03-29,11.23,11.28,10.96,11.25,2719839
2012-03-30,11.27,11.3,11.09,11.16,1237587
2012-04-02,11.36,11.51,11.14,11.2508,1729196
2012-04-03,11.18,11.23,10.96,10.99,1880264
2012-04-04,10.94,11.135,10.82,11.09,4009936
2012-04-05,11.03,11.12,10.68,11.1,2979642
2012-04-09,11.03,11.06,10.91,10.91,821050
2012-04-10,10.94,10.94,10.57,10.57,1470049
2012-04-11,10.59,10.77,10.54,10.61,864664
2012-04-12,10.77,10.86,10.6,10.75,2461885
2012-04-13,10.63,10.73,10.465,10.48,1774317
2012-04-16,10.54,10.62,10.38,10.46,1151399
2012-04-17,10.54,10.61,10.44,10.44,1020450
2012-04-18,10.34,10.42,10.29,10.29,966554
2012-04-19,10.29,10.36,10.18,10.21,1699153
2012-04-20,10.23,10.31,10.18,10.19,759626
2012-04-23,10.09,10.14,9.8,9.82,2340794
2012-04-24,9.87,10.03,9.86,9.97,2257151
2012-04-25,10.1,10.28,10.1,10.26,1641896
2012-04-26,10.16,10.27,10.1,10.14,716084
2012-04-27,10.15,10.17,9.94,10.16,1199917
2012-04-30,10.17,10.19,10.05,10.18,814515
2012-05-01,10.21,10.36,10.09,10.28,680348
2012-05-02,10.27,10.27,10.02,10.14,814537
2012-05-03,10.11,10.16,9.77,9.815,931099
2012-05-04,9.75,9.89,9.41,9.65,1819363
2012-05-07,9.64,9.75,9.42,9.71,680904
2012-05-08,9.61,9.65,9.305,9.6,1130355
2012-05-09,9.47,9.5,9.31,9.41,816760
2012-05-10,9.49,9.6,9.42,9.48,696202
2012-05-11,9.32,9.71,9.31,9.48,905273
2012-05-14,9.29,9.36,9.05,9.07,2379157
2012-05-15,9.15,9.56,9.04,9.07,2051606
2012-05-16,9.1,9.23,9.02,9.16,818269
2012-05-17,9.15,9.15,8.68,8.72,2938795
2012-05-18,8.71,8.87,8.6,8.71,2360087
2012-05-21,8.69,8.83,8.65,8.77,2029492
2012-05-22,8.74,8.83,8.63,8.69,2221759
2012-05-23,8.67,8.69,8.375,8.64,1883206
2012-05-24,8.66,8.78,8.58,8.74,1717934
2012-05-25,8.69,8.69,7.05,7.3,8887160
2012-05-29,7.78,8.22,7.78,8.12,6027147
2012-05-30,7.68,8.08,7.45,7.54,5599054
2012-05-31,7.64,7.69,7.32,7.38,3249182
2012-06-01,7.31,7.36,7.1,7.22,2863772
2012-06-04,7.25,7.35,7.11,7.23,1196281
2012-06-05,7.13,7.38,7.1,7.2526,1786353
2012-06-06,7.33,7.79,7.33,7.63,2543161
2012-06-07,7.65,8.11,7.65,7.93,2776617
2012-06-08,7.9,7.96,7.79,7.93,2004155
2012-06-11,7.94,8.02,7.65,7.66,984230
2012-06-12,7.63,7.96,7.56,7.96,1813720
2012-06-13,7.92,7.94,7.52,7.55,1396192
2012-06-14,7.5,7.83,7.5,7.67,1441164
2012-06-15,7.77,7.93,7.6,7.7899,1703368
2012-06-18,7.72,8.1,7.69,8.0,1247143
2012-06-19,8.02,8.2,8.0101,8.14,997621
2012-06-20,8.1,8.2,7.96,8.11,1365917
2012-06-21,8.02,8.08,7.6901,7.72,1274481
2012-06-22,7.73,7.9,7.645,7.82,990362
2012-06-25,7.71,7.73,7.45,7.6,996357
2012-06-26,7.7,7.93,7.55,7.8,1783694
2012-06-27,7.74,8.06,7.67,8.01,1784004
2012-06-28,7.91,8.0008,7.73,7.835,966201
2012-06-29,8.05,8.25,7.99,8.115,928125
2012-07-02,8.21,8.25,7.92,7.965,1605714
2012-07-03,8.05,8.22,8.0,8.19,812193
2012-07-05,8.15,8.23,7.63,7.92,2836544
2012-07-06,7.85,7.87,7.62,7.785,1543530
2012-07-09,7.7,7.79,7.6222,7.78,856165
2012-07-10,7.79,8.0,7.75,7.76,1296194
2012-07-11,7.75,8.07,7.75,8.03,1226522
2012-07-12,7.86,8.03,7.85,7.95,1581320
2012-07-13,7.92,8.12,7.85,8.1,757055
2012-07-16,8.1,8.215,7.97,8.2,901970
2012-07-17,8.05,8.44,8.01,8.37,1461235
2012-07-18,8.32,8.56,8.3,8.46,1148908
2012-07-19,8.53,8.83,8.48,8.72,2138344
2012-07-20,8.58,8.68,8.51,8.52,1537588
2012-07-23,8.13,8.16,7.86,7.93,5130608
2012-07-24,7.98,8.04,7.77,7.82,3340660
2012-07-25,7.91,7.975,7.82,7.89,1536015
2012-07-26,8.12,8.28,7.93,8.26,1026797
2012-07-27,8.02,8.5,8.02,8.48,691400
2012-07-30,8.32,8.56,8.32,8.49,881543
2012-07-31,8.45,8.54,8.27,8.38,1435115
2012-08-01,8.4,8.9,8.4,8.705,3946098
2012-08-02,8.6,8.76,8.54,8.7,1801726
2012-08-03,8.86,9.11,8.71,8.96,4070385
2012-08-06,9.0,9.08,8.96,9.01,797728
2012-08-07,9.05,9.12,8.89,8.97,1439285
2012-08-08,8.94,9.15,8.87,9.12,724115
2012-08-09,9.05,9.3,9.05,9.21,582754
2012-08-10,9.23,9.47,9.14,9.42,1518034
2012-08-13,9.31,9.46,9.23,9.27,867564
2012-08-14,9.32,9.4499,9.29,9.37,2102466
2012-08-15,9.71,10.45,9.3,10.2,5646007
2012-08-16,10.24,10.5,9.822,10.03,6026500
2012-08-17,10.04,10.89,10.04,10.8,4415281
2012-08-20,10.59,10.71,10.26,10.46,2277026
2012-08-21,10.54,10.61,10.36,10.41,1426304
2012-08-22,10.4,10.48,10.34,10.36,1812774
2012-08-23,10.37,10.4,10.24,10.31,710998
2012-08-24,10.28,10.46,10.2019,10.38,1418299
2012-08-27,10.45,10.45,10.29,10.39,628596
2012-08-28,10.47,10.67,10.36,10.46,880503
2012-08-29,10.46,10.505,10.38,10.49,836613
2012-08-30,10.35,10.43,10.29,10.43,1848193
2012-08-31,10.5,10.66,10.47,10.63,2498694
2012-09-04,10.6,10.7,10.525,10.66,1299886
2012-09-05,10.55,11.02,10.491,11.0,2704077
2012-09-06,11.03,11.425,11.0,11.33,3614658
2012-09-07,11.28,11.7,11.22,11.7,3814474
2012-09-10,11.51,11.64,11.45,11.53,2147888
2012-09-11,11.45,11.77,11.45,11.74,3486495
2012-09-12,11.65,11.775,11.635,11.71,1862608
2012-09-13,11.67,12.05,11.61,12.0,2796286
2012-09-14,12.02,12.07,11.825,11.95,2962007
2012-09-17,11.93,11.961,11.72,11.825,1775514
2012-09-18,11.78,11.98,11.7,11.96,1732243
2012-09-19,11.98,11.995,11.81,11.87,1704505
2012-09-20,11.73,11.8,11.55,11.66,1535537
2012-09-21,11.04,11.76,11.04,11.69,1353044
2012-09-24,11.58,11.67,11.5,11.52,1524558
2012-09-25,11.49,11.66,11.3892,11.6,1756748
2012-09-26,11.53,11.61,11.3217,11.53,2547290
2012-09-27,11.71,11.97,11.7,11.78,2771102
2012-09-28,11.55,11.96,11.48,11.89,3042044
2012-10-01,11.84,11.95,11.81,11.87,2995456
2012-10-02,11.97,12.11,11.76,12.05,1892879
2012-10-03,12.04,12.4,11.93,12.27,3783491
2012-10-04,12.14,12.24,11.95,11.98,1488535
2012-10-05,12.01,12.05,11.68,11.76,1570870
2012-10-08,11.75,11.75,11.385,11.6,1376355
2012-10-09,11.57,11.57,11.36,11.39,1193214
2012-10-10,11.38,11.4,11.17,11.26,1020359
2012-10-11,11.4,11.44,11.24,11.345,877716
2012-10-12,11.29,11.46,11.27,11.38,521312
2012-10-15,11.42,11.5187,11.17,11.25,1268725
2012-10-16,11.2,11.31,10.7,11.04,3128023
2012-10-17,11.06,11.12,11.0,11.04,1406379
2012-10-18,11.06,11.18,10.95,11.14,1696530
2012-10-19,11.22,11.22,11.03,11.1,722681
2012-10-22,10.98,11.39,10.98,11.325,1427386
2012-10-23,10.87,11.18,10.79,10.88,769912
2012-10-24,10.96,10.99,10.68,10.75,833809
2012-10-25,10.8,10.86,10.69,10.72,598640
2012-10-26,10.68,10.75,10.56,10.71,552078
2012-10-31,10.75,11.05,10.72,11.03,1516374
2012-11-01,11.12,11.39,10.972,11.39,2788692
2012-11-02,11.34,11.4,11.2,11.32,1525665
2012-11-05,11.24,11.26,11.05,11.2,656203
2012-11-06,11.19,11.3,11.11,11.3,530173
2012-11-07,11.22,11.24,11.05,11.07,1187922
2012-11-08,11.05,11.27,10.85,10.86,1667009
2012-11-09,10.46,10.85,10.28,10.7,1110025
2012-11-12,10.57,10.83,10.53,10.695,324944
2012-11-13,10.61,10.8,10.44,10.72,808790
2012-11-14,10.89,10.96,10.67,10.95,1286861
2012-11-15,10.76,10.98,10.63,10.67,1321250
2012-11-16,10.71,10.71,10.47,10.62,576709
2012-11-19,10.73,10.81,10.57,10.74,896084
2012-11-20,10.76,10.83,10.64,10.8,536468
2012-11-21,10.85,10.85,10.67,10.69,712772
2012-11-23,10.79,11.12,10.7,10.76,1075926
2012-11-26,10.76,10.81,10.49,10.51,1138101
2012-11-27,10.55,10.595,10.07,10.1106,2464593
2012-11-28,10.07,10.26,9.9,10.225,2038655
2012-11-29,10.3,10.3,10.14,10.25,1160407
2012-11-30,10.46,10.705,10.36,10.57,3478694
2012-12-03,10.57,10.635,10.33,10.33,1211942
2012-12-04,10.28,10.81,10.28,10.8,1483426
2012-12-05,10.79,10.855,10.62,10.72,1044676
2012-12-06,10.7,10.84,10.6209,10.83,846200
2012-12-07,10.79,11.0,10.6,10.98,780384
2012-12-10,11.0,11.3,10.91,11.27,1284048
2012-12-11,11.24,11.35,11.21,11.25,954137
2012-12-12,11.22,11.22,11.04,11.06,1348053
2012-12-13,10.95,11.22,10.93,11.1,711747
2012-12-14,11.03,11.245,10.97,11.0,1583568
2012-12-17,11.22,11.4,11.09,11.38,1406073
2012-12-18,11.37,11.5,11.27,11.5,878655
2012-12-19,11.5,11.5,11.25,11.26,942996
2012-12-20,11.39,11.44,11.2,11.21,963287
2012-12-21,11.12,11.159,10.75,10.8325,2371373
2012-12-24,10.18,10.7,10.1,10.55,888168
2012-12-26,10.51,10.95,10.42,10.73,1444886
2012-12-27,10.68,10.79,10.57,10.76,1299531
2012-12-28,10.7,10.76,10.4,10.42,677797
2012-12-31,10.41,10.52,10.26,10.5,542204
2013-01-02,10.72,10.82,10.58,10.69,597197
2013-01-03,10.72,10.87,10.53,10.76,756107
2013-01-04,10.6901,10.96,10.68,10.96,362476
2013-01-07,10.99,11.0,10.9,10.97,663499
2013-01-08,10.89,10.94,10.5,10.58,1398401
2013-01-09,10.62,10.88,10.536,10.71,499100
2013-01-10,10.71,10.8415,10.62,10.69,619377
2013-01-11,10.82,10.83,10.53,10.6,413155
2013-01-14,10.68,11.12,10.64,10.76,1046317
2013-01-15,10.76,11.0,10.64,10.99,1245771
2013-01-16,10.99,11.79,10.92,11.76,5005151
2013-01-17,11.8,12.035,11.75,11.89,3048223
2013-01-18,11.99,11.99,11.7,11.9,2019282
2013-01-22,12.06,12.12,11.97,12.1,3024379
2013-01-23,12.01,12.16,11.99,12.09,767496
2013-01-24,12.16,12.29,12.0,12.2,2166729
2013-01-25,12.27,12.28,12.0,12.02,1415872
2013-01-28,12.13,12.18,11.91,12.02,749741
2013-01-29,12.08,12.14,11.76,11.92,1188617
2013-01-30,11.98,12.06,11.84,11.9,465226
2013-01-31,11.94,12.08,11.86,12.0,1388953
2013-02-01,12.11,12.27,12.04,12.22,725326
2013-02-04,12.1,12.44,12.0,12.27,1401417
2013-02-05,12.22,12.44,12.22,12.36,1836799
2013-02-06,12.23,12.36,12.15,12.31,779993
2013-02-07,12.22,12.28,12.11,12.17,624769
2013-02-08,12.25,12.41,12.14,12.35,1127573
2013-02-11,12.38,12.6,12.23,12.56,1424974
2013-02-12,12.55,12.6,12.32,12.36,1004442
2013-02-13,12.43,12.44,12.31,12.39,1261729
2013-02-14,12.34,12.43,12.08,12.19,606888
2013-02-15,12.17,12.36,12.16,12.27,658089
2013-02-19,12.29,12.48,12.27,12.38,798387
2013-02-20,12.31,12.39,12.01,12.1,838016
2013-02-21,11.95,11.95,11.62,11.79,1596787
2013-02-22,11.91,12.13,11.8,12.12,1114585
2013-02-25,12.06,12.17,11.78,11.78,997883
2013-02-26,11.71,11.81,11.55,11.61,1173359
2013-02-27,11.68,11.84,11.56,11.81,1496837
2013-02-28,11.85,12.0,11.77,11.94,1054419
2013-03-01,11.81,12.0,11.71,11.96,855429
2013-03-04,11.95,12.04,11.75,11.8,1321277
2013-03-05,11.9,12.16,11.85,12.12,1844986
2013-03-06,12.31,12.68,12.22,12.49,3267331
2013-03-07,12.79,12.82,12.38,12.4,1890818
2013-03-08,12.55,12.59,12.19,12.24,1212626
2013-03-11,12.29,12.38,12.18,12.25,819862
2013-03-12,12.31,12.44,12.03,12.09,986951
2013-03-13,12.12,12.16,11.86,12.02,833554
2013-03-14,12.0,12.06,11.91,11.99,990357
2013-03-15,11.91,11.98,11.67,11.77,2340457
2013-03-18,11.55,11.63,11.4,11.45,1355610
2013-03-19,11.57,11.67,11.42,11.57,1170334
2013-03-20,11.68,11.9101,11.46,11.77,1165375
2013-03-21,11.74,11.83,11.68,11.72,561050
2013-03-22,11.79,11.88,11.7,11.85,509695
2013-03-25,11.89,11.92,11.6,11.68,853117
2013-03-26,11.64,11.73,11.44,11.635,668288
2013-03-27,11.52,11.81,11.41,11.8,1697159
2013-03-28,11.65,11.95,11.64,11.89,1832449
2013-04-01,11.86,12.0,11.78,11.94,2074275
2013-04-02,12.06,12.47,12.06,12.27,1548423
2013-04-03,12.39,12.39,11.88,11.89,1853050
2013-04-04,11.82,11.92,11.51,11.54,2756640
2013-04-05,11.45,11.755,11.41,11.685,1319196
2013-04-08,11.66,11.74,11.56,11.73,450432
2013-04-09,11.81,12.11,11.68,11.94,1245946
2013-04-10,12.0,12.095,11.91,11.99,837755
2013-04-11,11.98,12.08,11.91,12.03,560905
2013-04-12,11.9,12.3,11.895,12.29,1147392
2013-04-15,12.15,12.27,11.95,11.99,1541697
2013-04-16,12.0,12.2,11.99,12.14,1309230
2013-04-17,12.08,12.09,11.935,11.99,1149023
2013-04-18,12.27,12.43,11.94,12.36,3275612
2013-04-19,12.48,12.6,12.3,12.41,4020222
2013-04-22,12.45,12.46,12.135,12.3,1855251
2013-04-23,12.34,12.38,12.16,12.22,2686224
2013-04-24,12.25,12.33,12.17,12.24,2170609
2013-04-25,11.44,11.65,11.385,11.53,2770245
2013-04-26,11.49,11.55,11.27,11.27,1117864
2013-04-29,11.28,11.29,11.06,11.09,1862047
2013-04-30,11.09,11.155,10.905,10.96,2774476
2013-05-01,10.99,11.0,10.86,10.91,1538365
2013-05-02,10.98,10.99,10.6,10.73,1314826
2013-05-03,10.78,10.93,10.67,10.7005,2763885
2013-05-06,10.79,10.84,10.695,10.71,1876668
2013-05-07,10.81,10.89,10.655,10.8,1545598
2013-05-08,10.82,11.2699,10.82,11.2,1386548
2013-05-09,11.22,11.32,11.08,11.12,675254
2013-05-10,11.18,11.32,11.15,11.3,682472
2013-05-13,11.22,11.26,11.17,11.23,720833
2013-05-14,11.25,11.34,11.18,11.3,762755
2013-05-15,11.31,11.38,10.71,10.95,1932807
2013-05-16,10.94,10.94,10.65,10.7,1087424
2013-05-17,10.63,10.72,10.63,10.7,812358
2013-05-20,10.71,10.88,10.62,10.82,585558
2013-05-21,10.79,10.95,10.75,10.91,531934
2013-05-22,10.86,10.94,10.54,10.62,1209224
2013-05-23,10.57,10.58,10.36,10.47,1574556
2013-05-24,10.34,10.48,10.34,10.4,1265589
2013-05-28,10.48,10.55,10.37,10.43,1092755
2013-05-29,10.38,10.43,10.25,10.29,970788
2013-05-30,10.29,10.4,10.08,10.09,1423719
2013-05-31,10.12,10.18,9.81,9.95,1540528
2013-06-03,9.91,10.0,9.83,9.92,1721469
2013-06-04,9.9,10.03,9.79,9.83,1101188
2013-06-05,9.88,9.92,9.69,9.75,962239
2013-06-06,9.79,9.82,9.56,9.64,1660496
2013-06-07,9.67,9.92,9.66,9.91,1427665
2013-06-10,9.89,10.06,9.87,9.96,1645015
2013-06-11,9.93,9.989,9.77,9.9,762843
2013-06-12,9.95,9.96,9.805,9.9,710326
2013-06-13,9.83,10.08,9.78,10.05,709950
2013-06-14,9.99,10.265,9.95,10.24,679399
2013-06-17,10.37,10.44,10.19,10.2,619077
2013-06-18,10.24,10.45,10.17,10.37,598291
2013-06-19,10.3,10.58,10.28,10.28,1753550
2013-06-20,10.12,10.14,9.8,9.99,1674823
2013-06-21,10.0,10.09,9.7,9.84,1176151
2013-06-24,9.67,9.82,9.61,9.69,1507970
2013-06-25,9.77,9.89,9.7,9.75,1039484
2013-06-26,9.79,9.94,9.79,9.84,801676
2013-06-27,9.94,10.29,9.94,10.2,1074569
2013-06-28,10.22,10.22,10.02,10.06,1443893
2013-07-01,10.15,10.17,9.99,10.08,732906
2013-07-02,10.09,10.166,9.88,9.96,865346
2013-07-03,9.93,10.04,9.79,9.79,801311
2013-07-05,9.89,9.99,9.78,9.97,1442631
2013-07-08,10.03,10.13,9.87,9.9,630828
2013-07-09,10.02,10.0499,9.75,9.88,882542
2013-07-10,9.94,10.09,9.82,9.96,1005367
2013-07-11,10.14,10.31,10.1,10.15,840152
2013-07-12,10.16,10.38,10.15,10.37,671524
2013-07-15,10.45,10.565,10.44,10.44,777703
2013-07-16,10.45,10.45,10.33,10.4,496383
2013-07-17,10.41,10.495,10.34,10.41,659251
2013-07-18,10.35,10.465,10.28,10.36,482005
2013-07-19,10.32,10.53,10.3,10.45,1304942
2013-07-22,10.4,10.48,10.2,10.4,555012
2013-07-23,10.4,10.64,10.35,10.63,679305
2013-07-24,10.64,10.64,10.48,10.54,495438
2013-07-25,10.5,10.58,10.33,10.36,665451
2013-07-26,10.36,10.4426,10.22,10.28,752240
2013-07-29,10.29,10.4,10.14,10.15,643556
2013-07-30,10.25,10.295,9.98,10.04,1292932
2013-07-31,10.04,10.08,9.91,10.02,982364
2013-08-01,10.07,10.18,9.96,10.07,765947
2013-08-02,10.08,10.08,9.97,10.0,706321
2013-08-05,10.0,10.05,9.85,9.98,738367
2013-08-06,9.96,9.96,9.78,9.87,1145476
2013-08-07,9.98,10.63,9.9,10.32,2621641
2013-08-08,10.58,10.68,10.31,10.65,2103540
2013-08-09,10.71,10.83,10.58,10.7,1405884
2013-08-12,10.67,10.81,10.55,10.62,1289697
2013-08-13,10.65,10.8,10.61,10.73,535883
2013-08-14,10.74,10.81,10.68,10.71,701027
2013-08-15,10.66,10.8,10.63,10.74,627807
2013-08-16,10.75,10.84,10.665,10.84,683303
2013-08-19,10.75,10.78,10.6815,10.77,765202
2013-08-20,10.71,10.82,10.7,10.82,595930
2013-08-21,10.89,10.89,10.7,10.75,1078684
2013-08-22,10.82,10.94,10.75,10.8,790765
2013-08-23,10.84,11.1,10.82,11.01,489093
2013-08-26,11.08,11.2,11.055,11.06,502824
2013-08-27,10.95,10.98,10.78,10.79,853654
2013-08-28,10.84,10.99,10.81,10.82,906888
2013-08-29,10.8,10.83,10.78,10.78,680248
2013-08-30,10.77,10.88,10.71,10.74,1265329
2013-09-03,10.8,10.81,10.67,10.71,1112370
2013-09-04,10.78,10.8,10.69,10.72,732039
2013-09-05,10.79,11.08,10.79,11.02,1437035
2013-09-06,11.03,11.0801,10.78,10.93,934206
2013-09-09,10.95,11.1599,10.92,11.05,481233
2013-09-10,11.2,11.26,11.0101,11.22,849220
2013-09-11,11.25,11.37,11.1,11.37,850862
2013-09-12,11.28,11.3,11.11,11.15,745277
2013-09-13,11.26,11.26,11.07,11.17,749292
2013-09-16,11.21,11.34,11.131,11.2,2357100
2013-09-17,11.26,11.29,11.13,11.17,1147317
2013-09-18,11.24,11.35,11.14,11.245,1293928
2013-09-19,11.23,11.36,11.2,11.28,1172146
2013-09-20,11.36,11.36,11.15,11.29,1554024
2013-09-23,11.27,11.3,11.14,11.16,595929
2013-09-24,11.15,11.4,11.15,11.28,1101710
2013-09-25,11.32,11.32,11.17,11.25,1019306
2013-09-26,11.25,11.29,11.18,11.21,631004
2013-09-27,11.19,11.305,11.16,11.26,1096963
2013-09-30,11.24,11.76,11.15,11.76,3517200
2013-10-01,11.81,12.56,11.71,12.46,4238689
2013-10-02,12.46,12.6,12.29,12.57,1841415
2013-10-03,12.57,12.57,12.27,12.4,1502289
2013-10-04,12.44,12.44,12.34,12.39,1406485
2013-10-07,12.01,12.5,12.0,12.45,1243517
2013-10-08,12.4,12.45,12.22,12.3,1030821
2013-10-09,12.35,12.41,12.27,12.35,1203020
2013-10-10,12.34,12.51,12.26,12.48,1864339
2013-10-11,12.48,12.48,12.23,12.28,2707789
2013-10-14,12.29,12.4,12.28,12.365,1910316
2013-10-15,12.35,12.4,12.27,12.37,1424987
2013-10-16,12.43,13.21,12.43,12.88,2815620
2013-10-17,12.8,13.04,12.75,12.93,1966988
2013-10-18,12.99,13.14,12.94,13.12,1540171
2013-10-21,13.04,13.17,12.995,13.17,1730439
2013-10-22,13.56,13.94,13.54,13.8,7661937
2013-10-23,13.71,14.14,13.65,14.11,4514750
2013-10-24,14.08,14.12,13.91,14.01,3015986
2013-10-25,14.0,14.26,13.92,14.25,4849442
2013-10-28,14.27,14.38,13.88,14.08,52959465
2013-10-29,14.14,14.34,14.01,14.215,5313285
2013-10-30,14.23,14.56,14.11,14.545,3909050
2013-10-31,14.39,14.55,14.26,14.39,4710852
2013-11-01,14.71,14.74,14.17,14.29,2877901
2013-11-04,14.4,14.55,14.35,14.52,2435819
2013-11-05,14.34,14.385,14.06,14.315,3381772
2013-11-06,13.62,14.14,13.35,13.5,5120800
2013-11-07,13.5,13.5,13.27,13.4,2641414
2013-11-08,13.56,13.5799,13.28,13.49,2394173
2013-11-11,13.44,13.55,13.1,13.14,2618970
2013-11-12,13.04,13.12,12.67,12.74,2515106
2013-11-13,12.6,12.83,12.55,12.83,2973637
2013-11-14,12.6,12.72,12.27,12.465,2415122
2013-11-15,12.41,12.4799,12.27,12.41,2325807
2013-11-18,12.46,12.6,12.34,12.4,1670438
2013-11-19,12.33,12.45,12.23,12.31,1982592
2013-11-20,12.3,12.34,12.03,12.05,1789477
2013-11-21,12.16,12.27,12.08,12.19,1613512
2013-11-22,12.3,12.4,12.17,12.37,1864745
2013-11-25,12.47,12.47,11.975,12.005,1333573
2013-11-26,12.07,12.25,11.98,12.14,2071742
2013-11-27,12.19,12.21,12.12,12.175,1033726
2013-11-29,12.32,12.35,12.18,12.28,836205
2013-12-02,12.13,12.305,12.04,12.24,1594745
2013-12-03,12.16,12.38,12.07,12.35,3408399
2013-12-04,12.17,12.2,12.01,12.05,2134656
2013-12-05,12.0,12.04,11.73,11.74,2768750
2013-12-06,12.05,12.23,11.87,12.05,2022351
2013-12-09,12.06,12.1,11.9,11.95,1671770
2013-12-10,11.95,12.3,11.9,12.05,2116752
2013-12-11,12.1,12.13,11.96,11.98,1634345
2013-12-12,11.98,12.14,11.945,12.09,1276451
2013-12-13,12.28,12.3,12.07,12.135,1239582
2013-12-16,12.2,12.43,12.02,12.27,1135732
2013-12-17,12.1,12.465,12.075,12.34,1366619
2013-12-18,12.38,12.47,12.072,12.33,2078358
2013-12-19,12.27,12.35,12.12,12.23,1192990
2013-12-20,12.12,12.32,12.11,12.28,3513572
2013-12-23,12.45,12.82,12.43,12.63,1730104
2013-12-24,12.82,12.83,12.63,12.78,694989
2013-12-26,12.84,12.9,12.74,12.79,487710
2013-12-27,12.95,12.99,12.76,12.97,1017083
2013-12-30,12.86,12.91,12.745,12.805,854960
2013-12-31,12.88,13.0,12.81,12.94,620935
2014-01-02,12.87,12.9,12.68,12.79,894670
2014-01-03,12.65,12.85,12.3609,12.4,2131170
2014-01-06,12.5,12.56,12.3,12.315,1578962
2014-01-07,12.33,12.63,12.31,12.51,984144
2014-01-08,12.41,12.52,12.305,12.345,1319494
2014-01-09,12.3,12.31,11.86,12.07,2016244
2014-01-10,12.23,12.35,11.95,12.04,1594391
2014-01-13,11.95,12.25,11.95,12.25,5037780
2014-01-14,12.28,12.69,12.17,12.45,2629203
2014-01-15,12.57,12.62,12.31,12.49,2761498
2014-01-16,12.55,12.55,12.3,12.38,1488668
2014-01-17,12.38,12.5,12.33,12.42,3098788
2014-01-21,12.5,12.55,12.3,12.34,1178444
2014-01-22,12.37,12.45,12.27,12.38,2000463
2014-01-23,12.26,12.43,12.231,12.42,1634294
2014-01-24,12.35,12.35,11.58,11.59,3147732
2014-01-27,11.53,11.7,11.39,11.63,2883839
2014-01-28,10.99,10.99,9.875,10.13,9683151
2014-01-29,9.9,10.0,9.62,9.65,4328002
2014-01-30,9.74,9.85,9.585,9.67,3785418
2014-01-31,9.5,9.77,9.5,9.69,2217796
2014-02-03,9.56,9.65,9.37,9.44,3089975
2014-02-04,9.52,9.61,9.47,9.49,2429300
2014-02-05,9.48,9.6,9.36,9.45,1884861
2014-02-06,9.52,9.67,9.4,9.6,1742662
2014-02-07,9.78,10.1825,9.62,10.03,3282178
2014-02-10,10.03,10.11,9.85,9.99,2056126
2014-02-11,10.02,10.02,9.91,9.98,2401635
2014-02-12,9.89,10.03,9.89,9.975,1430536
2014-02-13,9.99,10.1,9.86,10.03,2860426
2014-02-14,9.8,10.255,9.76,10.19,1615407
2014-02-18,10.25,10.25,10.03,10.12,1049326
2014-02-19,10.14,10.24,9.94,10.0,1978962
2014-02-20,10.03,10.25,9.9,10.23,1852122
2014-02-21,10.3,10.42,10.185,10.33,1994685
2014-02-24,10.35,10.4,10.26,10.33,1449063
2014-02-25,10.26,10.33,10.11,10.21,1490072
2014-02-26,10.04,10.164,9.95,10.07,1512521
2014-02-27,10.17,10.24,9.98,10.21,1218851
2014-02-28,10.39,10.4,10.0,10.16,2141251
2014-03-03,9.3,9.66,9.05,9.65,3858590
2014-03-04,9.98,9.98,9.7,9.82,5078971
2014-03-05,9.8,9.92,9.715,9.8,2408846
2014-03-06,9.86,9.86,9.41,9.5,3285244
2014-03-07,9.53,9.53,8.94,8.99,3185217
2014-03-10,8.99,9.17,8.9,9.085,1185935
2014-03-11,9.15,9.17,8.84,8.86,1432878
2014-03-12,8.5,8.81,8.2901,8.78,2826251
2014-03-13,8.86,8.92,8.515,8.545,3914058
2014-03-14,8.36,8.8,8.36,8.76,2258418
2014-03-17,8.76,8.93,8.68,8.75,2980836
2014-03-18,8.86,9.075,8.57,8.97,3259032
2014-03-19,9.02,9.14,8.892,9.065,2740514
2014-03-20,9.06,9.14,8.965,8.98,1210886
2014-03-21,9.13,9.21,8.8,8.88,4657373
2014-03-24,8.81,8.95,8.52,8.57,3015776
2014-03-25,8.61,8.8,8.6,8.64,2717444
2014-03-26,8.8,9.0,8.79,8.87,1952096
2014-03-27,8.86,9.01,8.75,8.785,1260713
2014-03-28,8.89,9.0,8.67,8.725,1757812
2014-03-31,9.0,9.13,8.8569,9.02,1771792
2014-04-01,9.1,9.18,8.99,9.04,1442448
2014-04-02,9.02,9.07,9.0,9.05,1537361
2014-04-03,9.11,9.18,8.86,8.92,1719811
2014-04-04,9.09,9.23,8.54,8.545,3413398
2014-04-07,8.52,8.565,8.19,8.45,2851740
2014-04-08,8.34,8.64,8.34,8.48,1624536
2014-04-09,8.6,8.62,8.32,8.41,1559025
2014-04-10,8.43,8.53,8.16,8.22,2794606
2014-04-11,8.15,8.44,8.1319,8.29,1599152
2014-04-14,8.16,8.32,8.16,8.19,1446131
2014-04-15,8.16,8.2,7.86,7.95,2996892
2014-04-16,8.04,8.32,8.01,8.295,3740771
2014-04-17,8.31,9.095,8.31,9.0,7502917
2014-04-21,9.73,9.73,9.11,9.26,5290405
2014-04-22,8.97,9.18,8.93,9.045,2224853
2014-04-23,8.98,8.98,8.76,8.8,1670583
2014-04-24,8.77,8.81,8.62,8.66,2261035
2014-04-25,8.65,8.72,8.13,8.18,4573575
2014-04-28,8.4,8.4,8.2001,8.31,3251614
2014-04-29,8.4,8.43,8.29,8.33,2439683
2014-04-30,8.36,8.43,8.27,8.4,3516363
2014-05-01,8.39,8.43,8.34,8.37,1067510
2014-05-02,8.52,8.52,8.28,8.29,2415263
2014-05-05,8.26,8.27,7.9799,8.05,3429027
2014-05-06,8.2,8.28,8.08,8.14,5066275
2014-05-07,8.2,8.58,8.2,8.33,5776460
2014-05-08,8.26,8.48,8.055,8.08,6961580
2014-05-09,8.1,8.3,8.061,8.21,1858544
2014-05-12,8.33,8.39,8.25,8.3,3808693
2014-05-13,8.34,8.36,8.18,8.25,2140826
2014-05-14,7.9,7.98,7.61,7.805,7793693
2014-05-15,7.91,7.94,7.53,7.595,3954374
2014-05-16,7.61,7.765,7.525,7.73,2251406
2014-05-19,7.75,7.9,7.68,7.89,2407736
2014-05-20,7.89,7.955,7.8,7.83,1771760
2014-05-21,7.74,7.95,7.74,7.9,1959773
2014-05-22,7.82,7.93,7.82,7.905,1003435
2014-05-23,7.94,8.26,7.93,8.115,5248063
2014-05-27,8.16,8.29,8.01,8.27,3582216
2014-05-28,8.23,8.41,8.17,8.3,2138052
2014-05-29,8.29,8.4,8.265,8.355,1341469
2014-05-30,8.51,8.51,8.2,8.36,2333755
2014-06-02,8.35,8.53,8.29,8.47,3176064
2014-06-03,8.45,8.45,8.36,8.39,1179216
2014-06-04,8.73,8.9799,8.63,8.66,5692753
2014-06-05,8.64,8.88,8.57,8.8,3168192
2014-06-06,8.95,8.95,8.76,8.9,3029125
2014-06-09,8.84,9.2,8.77,8.93,3994526
2014-06-10,8.95,9.0,8.74,8.88,2449180
2014-06-11,8.9,8.91,8.67,8.715,1428063
2014-06-12,8.7,8.79,8.61,8.79,1609556
2014-06-13,8.73,8.73,8.41,8.44,2430753
2014-06-16,8.41,8.47,8.22,8.32,2577034
2014-06-17,8.26,8.47,8.19,8.37,1833536
2014-06-18,8.36,8.48,8.34,8.46,1521090
2014-06-19,8.51,8.72,8.51,8.61,3353694
2014-06-20,8.7,8.7,8.4,8.55,6697073
2014-06-23,8.6,8.73,8.41,8.685,2557163
2014-06-24,8.6,8.8,8.43,8.48,2187487
2014-06-25,8.42,8.65,8.35,8.5,3407127
2014-06-26,8.56,8.59,8.38,8.57,842712
2014-06-27,8.57,8.57,8.42,8.5,930909
2014-06-30,8.44,8.465,8.32,8.395,1322893
2014-07-01,8.4,8.5,8.33,8.44,1178225
2014-07-02,8.45,8.58,8.45,8.57,928180
2014-07-03,8.57,8.85,8.55,8.82,2205781
2014-07-07,8.78,8.85,8.585,8.64,2289010
2014-07-08,8.64,8.71,8.53,8.67,2040198
2014-07-09,8.64,8.77,8.56,8.7,1224552
2014-07-10,8.56,8.7,8.45,8.68,1686900
2014-07-11,8.74,8.74,8.57,8.67,1304679
2014-07-14,8.66,8.66,8.42,8.575,1650310
2014-07-15,8.51,8.64,8.405,8.44,1357109
2014-07-16,8.57,9.0,8.46,8.98,3995089
2014-07-17,8.71,8.84,8.59,8.695,6339954
2014-07-18,8.78,8.78,8.44,8.54,4989001
2014-07-21,8.49,8.5,8.08,8.1,3346509
2014-07-22,8.2,8.29,8.1,8.12,1531207
2014-07-23,8.14,8.195,8.02,8.15,1167925
2014-07-24,8.26,8.38,8.23,8.285,1173805
2014-07-25,8.31,8.4,8.28,8.33,1599592
2014-07-28,8.28,8.44,8.24,8.4,1840092
2014-07-29,8.32,8.38,8.16,8.255,2181508
2014-07-30,8.27,8.41,8.205,8.375,1767902
2014-07-31,8.3,8.4,8.25,8.35,1509595
2014-08-01,8.36,8.36,8.055,8.155,2410649
2014-08-04,8.14,8.265,8.05,8.195,1881885
2014-08-05,8.1,8.2,7.92,8.09,2852111
2014-08-06,8.06,8.2894,7.865,8.205,1867947
2014-08-07,8.01,8.22,7.9,8.0,3602262
2014-08-08,7.93,8.23,7.9,8.19,1901693
2014-08-11,8.25,8.32,8.21,8.235,1472066
2014-08-12,8.19,8.31,8.1,8.31,1181094
2014-08-13,8.29,8.445,8.29,8.325,1145945
2014-08-14,8.34,8.495,8.34,8.45,1037573
2014-08-15,8.57,8.64,8.36,8.53,2191795
2014-08-18,8.54,8.62,8.43,8.6,1155257
2014-08-19,8.55,8.61,8.51,8.59,911052
2014-08-20,8.6,8.66,8.51,8.62,856720
2014-08-21,8.66,8.72,8.62,8.645,738100
2014-08-22,8.7,8.7,8.51,8.57,880620
2014-08-25,8.57,8.65,8.565,8.59,733391
2014-08-26,8.57,8.73,8.51,8.71,1264287
2014-08-27,8.75,8.92,8.73,8.89,1976284
2014-08-28,8.69,8.785,8.595,8.73,1410150
2014-08-29,8.85,8.85,8.48,8.53,1994548
2014-09-02,8.48,8.63,8.42,8.56,2172707
2014-09-03,8.74,8.83,8.66,8.75,3198692
2014-09-04,8.81,8.91,8.7,8.895,1706901
2014-09-05,8.99,9.14,8.96,9.0,2701370
2014-09-08,8.92,8.97,8.78,8.79,2056060
2014-09-09,8.73,8.95,8.67,8.86,2132454
2014-09-10,8.86,8.89,8.61,8.755,2162505
2014-09-11,8.71,8.75,8.54,8.56,1502702
2014-09-12,8.5,8.635,8.482,8.62,1739644
2014-09-15,8.6,8.65,8.35,8.38,1839602
2014-09-16,8.47,8.55,8.39,8.45,2109550
2014-09-17,8.49,8.61,8.4,8.47,2670127
2014-09-18,8.55,8.58,8.37,8.41,1245118
2014-09-19,8.46,8.46,7.92,7.97,7627745
2014-09-22,7.9,8.02,7.89,7.96,2958229
2014-09-23,7.99,8.12,7.91,8.03,2898749
2014-09-24,8.05,8.13,8.0,8.04,1817773
2014-09-25,8.0,8.06,7.63,7.705,4309836
2014-09-26,7.55,7.74,7.55,7.63,2972697
2014-09-29,7.6,7.68,7.12,7.155,3957361
2014-09-30,7.16,7.24,7.05,7.22,3521137
2014-10-01,7.24,7.28,6.9,6.9,3005806
2014-10-02,6.95,6.95,6.58,6.66,3866750
2014-10-03,6.71,6.83,6.61,6.65,2965475
2014-10-06,6.74,6.85,6.55,6.62,2819378
2014-10-07,6.56,6.585,6.38,6.39,2823717
2014-10-08,6.36,6.52,6.18,6.39,3735740
2014-10-09,6.38,6.455,6.0,6.02,4714656
2014-10-10,5.96,6.02,5.72,5.73,3979157
2014-10-13,5.79,6.025,5.72,5.81,3091588
2014-10-14,5.91,6.095,5.83,5.86,3010556
2014-10-15,5.74,5.92,5.62,5.87,4459006
2014-10-16,5.62,5.85,5.62,5.735,3786932
2014-10-17,5.77,6.14,5.75,5.825,4397838
2014-10-20,5.83,5.92,5.76,5.86,1877664
2014-10-21,5.86,6.0,5.8,5.99,1984518
2014-10-22,5.98,6.1,5.92,5.995,2557436
2014-10-23,6.02,6.07,5.93,6.01,1574442
2014-10-24,6.06,6.061,5.949,6.0,1080470
2014-10-27,5.95,6.03,5.87,5.94,1263772
2014-10-28,5.94,6.38,5.94,6.33,2901014
2014-10-29,6.31,6.38,6.04,6.2,2111514
2014-10-30,6.23,6.44,6.2,6.42,2362909
2014-10-31,6.61,6.61,6.295,6.48,2113548
2014-11-03,6.49,6.54,6.34,6.435,1582743
2014-11-04,6.42,6.42,6.26,6.36,1561823
2014-11-05,6.4,6.4,6.31,6.365,1423056
2014-11-06,6.42,6.42,5.73,5.915,3463078
2014-11-07,5.97,6.005,5.78,6.0,2356717
2014-11-10,6.05,6.12,5.79,5.88,2780983
2014-11-11,5.89,5.93,5.7,5.85,1867943
2014-11-12,5.82,6.09,5.75,5.99,2007477
2014-11-13,5.91,6.0,5.81,5.91,1704404
2014-11-14,5.96,5.98,5.65,5.89,2832423
2014-11-17,5.84,5.9,5.68,5.85,2000869
2014-11-18,5.89,5.95,5.7,5.85,1708428
2014-11-19,5.83,5.88,5.7,5.745,1623596
2014-11-20,5.7,5.815,5.66,5.8,899249
2014-11-21,5.95,6.0,5.87,5.97,2333676
2014-11-24,5.95,6.06,5.89,6.055,907483
2014-11-25,5.87,6.0,5.8,5.875,1043841
2014-11-26,5.89,5.91,5.76,5.78,1161192
2014-11-28,5.75,5.75,5.23,5.25,2690269
2014-12-01,5.24,5.24,4.74,5.12,5048060
2014-12-02,5.13,5.17,4.97,5.0,2485325
2014-12-03,5.02,5.17,4.95,5.05,1250349
2014-12-04,5.0,5.03,4.71,4.73,1973809
2014-12-05,4.72,4.78,4.57,4.64,2637943
2014-12-08,4.56,4.56,4.26,4.29,3416446
2014-12-09,4.18,4.3,4.09,4.15,3780059
2014-12-10,4.08,4.13,3.97,4.0,3293571
2014-12-11,3.97,4.01,3.9,3.93,1756560
2014-12-12,3.72,3.89,3.68,3.735,2290851
2014-12-15,3.73,3.73,3.36,3.375,3045264
2014-12-16,3.2,3.4,3.09,3.29,5132470
2014-12-17,3.3,4.19,3.3,3.66,10025604
2014-12-18,4.36,4.37,3.83,3.89,6967690
2014-12-19,3.88,4.13,3.78,4.12,7648078
2014-12-22,4.19,4.3,4.08,4.2,2341279
2014-12-23,4.26,4.35,4.1,4.34,3229751
2014-12-24,4.28,4.39,4.04,4.075,1251843
2014-12-26,4.15,4.195,4.02,4.19,1223980
2014-12-29,4.2,4.39,4.14,4.36,3085013
2014-12-30,4.37,4.445,4.2,4.43,2754159
2014-12-31,4.4,4.46,4.05,4.175,2218543
2015-01-02,4.14,4.29,4.105,4.275,1323940
2015-01-05,4.28,4.38,4.02,4.03,2312791
2015-01-06,4.02,4.165,3.97,4.06,2304707
2015-01-07,4.12,4.29,4.02,4.035,2680087
2015-01-08,4.13,4.35,4.04,4.08,4341707
2015-01-09,4.05,4.17,3.88,3.9,2306163
2015-01-12,3.88,3.92,3.71,3.81,1654289
2015-01-13,3.78,4.05,3.78,3.84,2027791
2015-01-14,3.81,3.96,3.68,3.765,2625808
2015-01-15,3.76,3.85,3.7,3.72,1812743
2015-01-16,3.73,3.78,3.61,3.68,1935996
2015-01-20,3.73,3.92,3.62,3.89,3240347
2015-01-21,3.85,4.01,3.81,3.98,2545727
2015-01-22,4.05,4.05,3.89,3.94,2862519
2015-01-23,4.0,4.04,3.9,3.94,2307499
2015-01-26,3.88,3.93,3.77,3.81,1273735
2015-01-27,3.81,3.82,3.61,3.62,1836340
2015-01-28,3.64,3.73,3.44,3.445,2460232
2015-01-29,3.37,3.46,3.35,3.43,1871696
2015-01-30,3.56,3.6693,3.4,3.6,3024998
2015-02-02,3.59,4.15,3.52,4.11,6364977
2015-02-03,4.2,4.7,4.16,4.68,5000524
2015-02-04,4.72,4.72,4.17,4.37,2934337
2015-02-05,4.4,4.75,4.34,4.56,2241238
2015-02-06,4.68,4.68,4.45,4.49,1801991
2015-02-09,4.49,4.73,4.42,4.46,1454718
2015-02-10,4.47,4.58,4.35,4.54,3089911
2015-02-11,4.5,4.64,4.46,4.63,3090787
2015-02-12,4.8,4.88,4.66,4.87,2453486
2015-02-13,4.97,5.37,4.9,5.37,5417097
2015-02-17,5.31,5.4,4.98,5.23,2523193
2015-02-18,5.26,5.42,5.08,5.18,1755052
2015-02-19,5.1,5.24,4.92,5.23,2144334
2015-02-20,5.28,5.28,5.08,5.21,1746558
2015-02-23,5.09,5.17,4.87,4.95,2018373
2015-02-24,4.97,5.01,4.6401,4.81,2947886
2015-02-25,4.83,5.19,4.81,5.135,3059420
2015-02-26,5.05,5.34,5.04,5.23,2455839
2015-02-27,5.29,5.48,5.21,5.47,2686152
2015-03-02,5.4,5.485,5.235,5.3,2004856
2015-03-03,5.25,5.59,5.23,5.515,4058253
2015-03-04,5.35,5.5,5.295,5.5,1506695
2015-03-05,5.43,5.705,5.31,5.58,1978148
2015-03-06,5.65,5.9,5.39,5.49,2997037
2015-03-09,5.53,5.54,5.3,5.38,1195426
2015-03-10,5.26,5.5,5.04,5.49,4121467
2015-03-11,5.42,5.48,5.25,5.41,1018226
2015-03-12,5.48,5.48,5.315,5.37,1460464
2015-03-13,5.11,5.43,5.11,5.28,2420021
2015-03-16,5.27,5.34,5.18,5.27,1669566
2015-03-17,5.21,5.35,5.09,5.35,1552426
2015-03-18,5.24,5.62,5.24,5.54,1247241
2015-03-19,5.46,5.5,5.245,5.27,1084173
2015-03-20,5.49,5.5272,5.34,5.34,4607177
2015-03-23,5.38,5.6,5.36,5.39,1412054
2015-03-24,5.3,5.55,5.2801,5.55,1144499
2015-03-25,5.49,5.69,5.49,5.62,2696992
2015-03-26,5.61,5.64,5.26,5.27,1497141
2015-03-27,5.27,5.31,5.19,5.2,1103505
2015-03-30,5.33,5.36,5.21,5.35,837796
2015-03-31,5.29,5.39,5.24,5.24,1186192
2015-04-01,5.19,5.33,5.19,5.23,1948800
2015-04-02,5.28,5.53,5.26,5.365,1383761
2015-04-06,5.38,5.79,5.38,5.765,1555547
2015-04-07,5.7,5.93,5.7,5.86,1948852
2015-04-08,5.87,5.91,5.66,5.7,1193723
2015-04-09,5.74,5.88,5.67,5.84,1847189
2015-04-10,5.91,5.97,5.66,5.7,1229803
2015-04-13,5.71,5.9,5.66,5.79,966588
2015-04-14,5.83,5.94,5.76,5.85,725200
2015-04-15,5.81,6.14,5.81,5.87,2675896
2015-04-16,5.87,6.08,5.7,5.95,2026727
2015-04-17,5.75,5.9,5.63,5.68,2439897
2015-04-20,5.64,5.8,5.63,5.65,1409288
2015-04-21,5.67,5.8,5.6012,5.74,1076136
2015-04-22,5.75,5.85,5.685,5.76,691591
2015-04-23,5.83,5.97,5.75,5.9,1427960
2015-04-24,6.0,6.0,5.68,5.75,1499149
2015-04-27,5.73,5.89,5.73,5.84,1848358
2015-04-28,5.78,5.88,5.73,5.75,1322259
2015-04-29,5.72,5.88,5.67,5.72,1566610
2015-04-30,5.71,5.75,5.625,5.68,1208990
2015-05-01,5.6,5.67,5.39,5.44,1884605
2015-05-04,5.51,5.52,5.33,5.33,1321761
2015-05-05,5.42,5.51,5.33,5.335,2644402
2015-05-06,5.33,5.45,5.26,5.27,1874500
2015-05-07,5.26,5.31,5.19,5.24,1574102
2015-05-08,5.31,5.46,5.26,5.4,1068918
2015-05-11,5.43,5.435,5.24,5.27,1502261
2015-05-12,5.65,5.8,5.42,5.55,4948373
2015-05-13,5.65,6.05,5.65,5.79,4023799
2015-05-14,5.89,6.04,5.76,6.04,2471780
2015-05-15,6.07,6.49,5.92,6.345,4436889
2015-05-18,6.11,6.36,6.08,6.35,2565821
2015-05-19,6.1,6.26,5.905,6.13,2070345
2015-05-20,6.2,6.2,5.96,6.13,2532000
2015-05-21,6.15,6.32,6.11,6.31,1150991
2015-05-22,6.13,6.33,6.13,6.24,1165303
2015-05-26,6.23,6.23,6.03,6.15,2067991
2015-05-27,6.13,6.355,6.03,6.29,2240284
2015-05-28,6.29,6.3,6.13,6.145,1656216
2015-05-29,6.09,6.22,5.99,6.205,2648549
2015-06-01,6.27,6.27,6.05,6.135,1730888
2015-06-02,6.14,6.34,6.12,6.305,1893003
2015-06-03,6.29,6.5,6.22,6.38,2811483
2015-06-04,6.32,6.36,5.91,5.98,2694382
2015-06-05,5.83,5.94,5.5,5.585,3880003
2015-06-08,5.56,5.66,5.3,5.33,2307234
2015-06-09,5.36,5.38,5.22,5.245,1613015
2015-06-10,5.29,5.42,5.29,5.35,2222649
2015-06-11,5.29,5.36,5.25,5.29,1152940
2015-06-12,5.24,5.33,5.21,5.24,1058313
2015-06-15,5.17,5.35,5.09,5.32,2151674
2015-06-16,5.28,5.34,5.24,5.26,496377
2015-06-17,5.23,5.32,5.175,5.185,1572064
2015-06-18,5.22,5.56,5.21,5.53,2272414
2015-06-19,5.58,5.6,5.35,5.39,2999812
2015-06-22,5.58,5.65,5.46,5.52,2008114
2015-06-23,5.45,5.54,5.39,5.4,1205082
2015-06-24,5.37,5.415,5.22,5.235,1338467
2015-06-25,5.29,5.34,5.14,5.15,1078239
2015-06-26,5.25,5.25,5.09,5.11,1339691
2015-06-29,5.15,5.15,4.92,4.95,2341559
2015-06-30,4.94,5.0,4.85,4.975,1890143
2015-07-01,5.19,5.2,5.0,5.05,1981478
2015-07-02,5.03,5.15,5.03,5.05,1520541
2015-07-06,5.0,5.06,4.78,4.86,2734778
2015-07-07,4.82,4.96,4.5,4.93,3063536
2015-07-08,4.83,4.9,4.55,4.625,2270752
2015-07-09,4.75,4.91,4.75,4.795,1500666
2015-07-10,4.84,4.96,4.83,4.85,1253407
2015-07-13,4.9,5.07,4.88,5.06,1680025
2015-07-14,5.06,5.21,5.02,5.1,1972648
2015-07-15,5.03,5.15,4.9,4.93,1217836
2015-07-16,4.99,5.18,4.92,5.17,1331610
2015-07-17,5.19,5.19,5.08,5.15,2093814
2015-07-20,5.08,5.1,4.93,5.035,1340865
2015-07-21,5.08,5.2,5.02,5.2,1076943
2015-07-22,5.22,5.22,5.05,5.21,1158311
2015-07-23,5.19,5.27,5.125,5.25,1424785
2015-07-24,5.25,5.29,5.08,5.29,1258346
2015-07-27,5.25,5.25,5.05,5.08,1382911
2015-07-28,5.11,5.15,4.97,5.14,1627854
2015-07-29,5.06,6.0,5.06,5.94,5434566
2015-07-30,5.86,5.9,5.665,5.76,1811092
2015-07-31,5.75,5.81,5.73,5.77,1454495
2015-08-03,5.76,5.82,5.55,5.61,2272667
2015-08-04,5.68,5.95,5.67,5.71,2077061
2015-08-05,5.86,5.9,5.77,5.83,1205780
2015-08-06,6.15,6.2,5.34,5.44,4441329
2015-08-07,5.43,5.78,5.4,5.75,2349487
2015-08-10,5.8,5.97,5.62,5.96,2321711
2015-08-11,5.94,5.94,5.72,5.835,1782654
2015-08-12,5.75,5.76,5.51,5.68,2772689
2015-08-13,5.61,5.64,5.51,5.565,830845
2015-08-14,5.48,5.52,5.305,5.43,1434530
2015-08-17,5.44,5.44,5.33,5.4,804148
2015-08-18,5.43,5.5,5.3,5.49,718262
2015-08-19,5.45,5.48,5.14,5.24,2493999
2015-08-20,5.13,5.24,5.01,5.03,2345790
2015-08-21,4.94,4.97,4.5,4.51,3529911
2015-08-24,4.1,4.47,4.1,4.22,5760017
2015-08-25,4.3,4.59,4.27,4.3,6246991
2015-08-26,4.39,4.62,4.29,4.54,4298787
2015-08-27,4.47,4.835,4.4101,4.71,3695176
2015-08-28,4.59,4.73,4.56,4.63,3006009
2015-08-31,4.61,4.84,4.52,4.67,2055130
2015-09-01,4.56,4.82,4.455,4.47,2774255
2015-09-02,4.54,4.59,4.4,4.59,1781344
2015-09-03,4.7,4.86,4.55,4.65,1441648
2015-09-04,4.5,4.63,4.465,4.51,1676477
2015-09-08,4.67,4.72,4.6,4.7,947764
2015-09-09,4.75,4.81,4.53,4.58,989821
2015-09-10,4.6,4.83,4.57,4.67,2048729
2015-09-11,4.6,4.71,4.39,4.69,2259428
2015-09-14,4.69,4.69,4.55,4.65,1299691
2015-09-15,4.7,4.93,4.66,4.885,1630588
2015-09-16,4.88,5.0,4.83,4.915,1327601
2015-09-17,5.03,5.08,4.83,4.96,1339599
2015-09-18,4.89,4.91,4.67,4.9,4331385
2015-09-21,4.9,4.98,4.81,4.98,1348694
2015-09-22,4.85,4.94,4.59,4.67,1779676
2015-09-23,4.68,4.77,4.5404,4.59,2498852
2015-09-24,4.54,4.64,4.46,4.55,3497084
2015-09-25,4.41,4.64,4.41,4.53,1948546
2015-09-28,4.49,4.52,4.17,4.2,1578570
2015-09-29,4.27,4.33,4.08,4.09,1543558
2015-09-30,4.12,4.275,4.11,4.11,2302736
2015-10-01,4.13,4.22,3.87,3.91,2109445
2015-10-02,3.78,4.07,3.77,4.05,1815560
2015-10-05,4.16,4.23,4.02,4.08,1245334
2015-10-06,4.08,4.14,3.94,4.04,2092304
2015-10-07,4.06,4.16,3.88,4.115,2465107
2015-10-08,4.1,4.17,3.965,4.15,1223044
2015-10-09,4.1,4.26,4.0,4.08,1645956
2015-10-12,4.12,4.12,4.0,4.03,632697
2015-10-13,4.0,4.04,3.89,3.95,1308038
2015-10-14,3.99,4.01,3.9,3.995,1173065
2015-10-15,4.0,4.11,4.0,4.095,804063
2015-10-16,4.15,4.31,4.08,4.295,1371083
2015-10-19,4.2,4.235,4.15,4.2,603504
2015-10-20,4.21,4.21,4.005,4.03,1125650
2015-10-21,4.0,4.16,3.63,3.76,4529189
2015-10-22,3.77,4.06,3.71,3.995,1574829
2015-10-23,4.11,4.12,3.92,4.01,1992552
2015-10-26,3.98,4.04,3.83,3.905,982321
2015-10-27,3.85,3.9,3.755,3.895,975985
2015-10-28,3.96,4.06,3.86,4.05,1855973
2015-10-29,4.0,4.03,3.8399,3.86,1271454
2015-10-30,3.85,3.9,3.61,3.775,2560944
2015-11-02,3.83,3.83,3.615,3.665,1264849
2015-11-03,3.6,3.665,3.48,3.5,4030275
2015-11-04,3.58,3.605,3.32,3.405,3902475
2015-11-05,3.49,3.71,3.32,3.71,4265177
2015-11-06,3.55,3.61,3.365,3.52,2171350
2015-11-09,3.52,3.56,3.31,3.36,2235341
2015-11-10,3.46,3.58,3.37,3.58,2413574
2015-11-11,3.6,3.68,3.44,3.49,2003356
2015-11-12,3.48,3.53,3.4,3.49,1690165
2015-11-13,3.41,3.46,3.3,3.37,2229749
2015-11-16,3.43,3.43,3.24,3.29,3391650
2015-11-17,3.36,3.635,3.22,3.6,4819668
2015-11-18,3.61,3.79,3.57,3.67,3325339
2015-11-19,3.67,3.77,3.61,3.645,1746003
2015-11-20,3.72,3.8,3.6301,3.71,2873636
2015-11-23,3.7,3.75,3.39,3.44,4241459
2015-11-24,3.4,3.43,3.275,3.37,8556538
2015-11-25,3.41,3.655,3.41,3.6,2212093
2015-11-27,3.55,3.71,3.41,3.43,1546475
2015-11-30,3.47,3.6,3.44,3.6,4361497
2015-12-01,3.53,3.59,3.38,3.4,2194936
2015-12-02,3.43,3.47,3.33,3.35,2241500
2015-12-03,3.35,3.43,3.265,3.27,2709545
2015-12-04,3.22,3.43,3.22,3.425,2882539
2015-12-07,3.35,3.37,3.25,3.28,3651967
2015-12-08,3.22,3.375,3.2,3.33,5120767
2015-12-09,3.37,3.37,3.23,3.28,2995668
2015-12-10,3.27,3.29,3.19,3.205,2411929
2015-12-11,3.09,3.2,3.05,3.12,3418330
2015-12-14,3.08,3.15,3.0,3.045,4878401
2015-12-15,3.11,3.42,3.08,3.3,6245505
2015-12-16,3.3,3.41,3.086,3.165,3591099
2015-12-17,3.16,3.19,2.89,3.015,8305233
2015-12-18,3.1,3.37,2.945,3.25,58633912
2015-12-21,3.27,3.46,3.26,3.45,2638644
2015-12-22,3.43,3.54,3.39,3.47,2044391
2015-12-23,3.51,3.54,3.41,3.51,2228958
2015-12-24,3.5,3.56,3.46,3.5,591255
2015-12-28,3.4,3.44,3.24,3.305,1374451
2015-12-29,3.35,3.37,3.24,3.305,1782316
2015-12-30,3.26,3.3,3.21,3.27,1478997
2015-12-31,3.28,3.34,3.255,3.29,1090664
2016-01-04,3.16,3.305,3.135,3.285,1697490
2016-01-05,3.3,3.42,3.255,3.415,2289058
2016-01-06,3.3,3.34,3.21,3.235,2302434
2016-01-07,3.15,3.22,3.105,3.125,3654898
2016-01-08,3.18,3.22,3.055,3.1,2514416
2016-01-11,3.14,3.14,2.93,2.965,1622488
2016-01-12,3.05,3.09,2.91,2.94,1881912
2016-01-13,2.97,3.06,2.95,2.98,1823777
2016-01-14,2.92,3.21,2.92,3.18,1760927
2016-01-15,2.99,3.12,2.91,2.985,1931165
2016-01-19,3.02,3.04,2.9,2.91,1664451
2016-01-20,2.88,2.915,2.71,2.91,2764050
2016-01-21,2.87,3.09,2.78,3.03,2135023
2016-01-22,3.12,3.17,3.05,3.135,2234782
2016-01-25,3.09,3.17,2.99,3.01,988611
2016-01-26,3.03,3.15,2.99,3.11,1157882
2016-01-27,3.09,3.195,3.035,3.045,1524570
2016-01-28,3.19,3.25,3.025,3.095,1591719
2016-01-29,3.12,3.34,3.09,3.3,2019198
2016-02-01,3.28,3.3,3.2,3.23,2492501
2016-02-02,3.16,3.2,3.1,3.13,4046455
2016-02-03,3.16,3.46,3.1,3.45,5683676
2016-02-04,3.51,3.53,3.305,3.5,2992777
2016-02-05,3.48,3.53,3.38,3.46,2184194
2016-02-08,3.4,3.47,3.29,3.43,2493056
2016-02-09,3.34,3.385,3.23,3.29,1321679
2016-02-10,3.33,3.45,3.19,3.41,2003029
2016-02-11,3.29,3.38,3.225,3.345,2240152
2016-02-12,3.4,3.45,3.335,3.41,1210542
2016-02-16,3.41,3.52,3.35,3.37,1847344
2016-02-17,3.4,3.885,3.4,3.79,3436772
2016-02-18,3.85,3.88,3.635,3.725,1416010
2016-02-19,3.69,3.7,3.58,3.64,674390
2016-02-22,3.72,3.8,3.61,3.68,1765116
2016-02-23,3.66,3.69,3.58,3.595,543205
2016-02-24,3.54,3.7,3.5,3.695,1717834
2016-02-25,3.71,3.74,3.63,3.69,592013
2016-02-26,3.73,3.78,3.61,3.63,1653844
2016-02-29,3.66,3.75,3.525,3.545,2157907
2016-03-01,3.59,3.775,3.58,3.745,1425906
2016-03-02,3.75,3.76,3.59,3.735,1556415
2016-03-03,3.72,3.79,3.66,3.72,2164837
2016-03-04,3.74,3.8,3.7,3.72,2414680
2016-03-07,3.72,3.92,3.71,3.92,1724152
2016-03-08,3.88,3.88,3.77,3.79,999329
2016-03-09,3.8,4.0,3.76,3.99,1176906
2016-03-10,4.03,4.03,3.86,3.93,1667867
2016-03-11,3.96,4.07,3.895,3.96,1190758
2016-03-14,4.0,4.115,3.895,3.98,1635852
2016-03-15,3.95,3.99,3.795,3.83,725924
2016-03-16,3.83,4.0,3.82,3.97,866093
2016-03-17,4.02,4.15,3.96,4.075,1658862
2016-03-18,4.07,4.19,4.01,4.14,4159653
2016-03-21,4.08,4.14,4.02,4.07,706172
2016-03-22,4.02,4.06,3.985,4.02,617726
2016-03-23,3.98,4.0,3.83,3.83,989554
2016-03-24,3.81,4.05,3.72,4.015,1215542
2016-03-28,4.05,4.07,3.99,4.06,1257271
2016-03-29,3.99,4.01,3.83,3.96,1245032
2016-03-30,3.99,4.07,3.92,3.945,1270408
2016-03-31,3.97,4.27,3.97,4.255,1649240
2016-04-01,4.18,4.205,4.08,4.2,2474743
2016-04-04,4.29,4.29,4.09,4.105,902551
2016-04-05,4.08,4.08,3.88,3.94,1192629
2016-04-06,3.93,3.96,3.825,3.85,1011143
2016-04-07,3.82,3.9,3.74,3.76,1061631
2016-04-08,3.75,3.99,3.66,3.92,948241
2016-04-11,3.98,4.0599,3.915,3.95,1190420
2016-04-12,3.98,4.1,3.95,4.06,1503385
2016-04-13,4.12,4.17,4.08,4.09,2357787
2016-04-14,4.1,4.14,4.02,4.03,937630
2016-04-15,4.01,4.04,3.9,3.95,760734
2016-04-18,3.9,3.92,3.8,3.84,1256930
2016-04-19,3.92,4.07,3.9,3.99,1037676
2016-04-20,4.0,4.01,3.91,3.945,850535
2016-04-21,3.93,3.96,3.865,3.87,507420
2016-04-22,3.87,3.91,3.81,3.81,538160
2016-04-25,3.81,3.86,3.69,3.705,708272
2016-04-26,3.74,3.82,3.7,3.73,423459
2016-04-27,3.74,3.78,3.625,3.71,593001
2016-04-28,3.73,3.84,3.71,3.77,660630
2016-04-29,3.78,3.825,3.68,3.79,1199226
2016-05-02,3.81,3.81,3.72,3.75,470217
2016-05-03,3.7,3.72,3.62,3.66,846205
2016-05-04,3.64,3.685,3.525,3.53,733652
2016-05-05,3.58,3.63,3.52,3.54,700750
2016-05-06,3.5,3.56,3.39,3.43,1490323
2016-05-09,3.4,3.44,3.36,3.4,634692
2016-05-10,3.41,3.7,3.38,3.65,1576376
2016-05-11,3.63,3.7,3.56,3.61,606261
2016-05-12,3.53,3.79,3.53,3.74,988164
2016-05-13,3.77,3.79,3.545,3.71,767151
2016-05-16,3.78,3.78,3.57,3.59,513171
2016-05-17,3.59,3.65,3.51,3.585,674139
2016-05-18,3.56,3.59,3.49,3.495,880968
2016-05-19,3.45,3.54,3.35,3.36,864613
2016-05-20,3.39,3.5,3.37,3.42,724015
2016-05-23,3.41,3.47,3.33,3.41,407103
2016-05-24,3.44,3.52,3.42,3.51,442848
2016-05-25,3.53,3.64,3.53,3.63,563325
2016-05-26,3.63,3.83,3.61,3.81,1155053
2016-05-27,3.8,3.9,3.77,3.82,1082792
2016-05-31,3.8,3.81,3.64,3.8,1160446
2016-06-01,3.77,3.775,3.68,3.77,413452
2016-06-02,3.72,3.87,3.7,3.85,411662
2016-06-03,3.85,3.85,3.67,3.72,1500681
2016-06-06,3.72,4.02,3.72,4.02,1298068
2016-06-07,4.0,4.0,3.85,3.965,1548184
2016-06-08,4.0,4.11,3.9593,4.07,1143043
2016-06-09,4.0,4.02,3.95,3.99,494889
2016-06-10,3.92,3.94,3.74,3.8,1534221
2016-06-13,3.76,3.86,3.7,3.72,974248
2016-06-14,3.68,3.72,3.6,3.62,882510
2016-06-15,3.61,3.73,3.61,3.64,533073
2016-06-16,3.58,3.69,3.525,3.64,915732
2016-06-17,3.66,3.75,3.66,3.715,1579337
2016-06-20,3.74,3.76,3.67,3.74,763264
2016-06-21,3.75,3.84,3.68,3.78,421740
2016-06-22,3.79,3.84,3.77,3.8,844042
2016-06-23,3.84,3.87,3.7624,3.84,548364
2016-06-24,3.66,3.7,3.52,3.53,957892
2016-06-27,3.38,3.4599,3.31,3.35,1035147
2016-06-28,3.49,3.6,3.45,3.51,877011
2016-06-29,3.53,3.82,3.52,3.81,1485049
2016-06-30,3.8,3.88,3.72,3.88,407372
2016-07-01,3.9,3.91,3.76,3.81,338794
2016-07-05,3.81,4.02,3.81,3.95,1626897
2016-07-06,3.92,3.995,3.82,3.99,1196735
2016-07-07,3.99,4.04,3.94,3.95,1236718
2016-07-08,4.02,4.02,3.96,3.99,1482446
2016-07-11,4.0,4.1,4.0,4.06,1586834
2016-07-12,4.1,4.12,4.0,4.03,1088241
2016-07-13,4.03,4.03,3.94,4.0,1045334
2016-07-14,4.0,4.06,3.96,4.03,691447
2016-07-15,4.07,4.09,4.02,4.04,1024134
2016-07-18,4.08,4.1,4.0,4.065,710107
2016-07-19,4.05,4.1,4.03,4.08,338367
2016-07-20,4.09,4.09,3.99,4.0,669662
2016-07-21,3.99,4.2,3.99,4.14,1233981
2016-07-22,4.14,4.195,4.08,4.11,422739
2016-07-25,4.11,4.12,4.03,4.045,534243
2016-07-26,4.07,4.07,3.87,3.99,989161
2016-07-27,3.99,4.12,3.99,4.08,703973
2016-07-28,4.09,4.1,4.045,4.06,251892
2016-07-29,4.08,4.14,4.04,4.08,482594
2016-08-01,4.05,4.25,4.01,4.145,1113821
2016-08-02,4.16,4.175,4.01,4.07,521314
2016-08-03,4.06,4.115,4.01,4.1,511360
2016-08-04,4.14,4.295,4.1,4.24,1321147
2016-08-05,4.3,4.46,4.28,4.45,1813875
2016-08-08,4.45,4.51,4.34,4.37,932409
2016-08-09,4.41,4.51,4.39,4.45,560541
2016-08-10,4.44,4.49,4.31,4.395,473019
2016-08-11,4.41,4.485,4.35,4.48,484502
2016-08-12,4.45,4.51,4.41,4.41,562765
2016-08-15,4.43,4.48,4.34,4.44,704654
2016-08-16,4.41,4.49,4.37,4.42,437363
2016-08-17,4.42,4.49,4.31,4.34,549480
2016-08-18,4.33,4.43,4.3,4.36,306322
2016-08-19,4.33,4.37,4.3,4.355,510390
2016-08-22,4.34,4.37,4.26,4.31,541663
2016-08-23,4.37,4.37,4.235,4.25,819173
2016-08-24,4.21,4.3,4.18,4.25,494018
2016-08-25,4.24,4.33,4.16,4.18,517579
2016-08-26,4.22,4.36,4.13,4.18,673441
2016-08-29,4.21,4.38,4.17,4.33,546424
2016-08-30,4.3,4.36,4.28,4.31,767215
2016-08-31,4.28,4.32,4.22,4.27,577812
2016-09-01,4.31,4.31,4.1,4.19,627133
2016-09-02,4.24,4.45,4.17,4.34,1394681
2016-09-06,4.16,4.3,4.15,4.25,738051
2016-09-07,4.25,4.34,4.18,4.18,687435
2016-09-08,4.15,4.27,4.14,4.185,641769
2016-09-09,4.14,4.15,3.88,3.89,1447612
2016-09-12,3.75,3.7741,3.57,3.62,6464772
2016-09-13,3.56,3.61,3.36,3.41,9022265
2016-09-14,3.43,3.45,3.32,3.33,6943132
2016-09-15,3.35,3.68,3.32,3.62,10625876
2016-09-16,3.41,3.53,3.32,3.41,92669029
2016-09-19,3.48,3.49,3.39,3.4,16318528
2016-09-20,3.4,3.45,3.38,3.42,8652993
2016-09-21,3.45,3.54,3.44,3.54,11563152
2016-09-22,3.55,3.6,3.52,3.56,11519748
2016-09-23,3.57,3.59,3.53,3.53,4929809
2016-09-26,3.55,3.58,3.5,3.56,4006665
2016-09-27,3.57,3.57,3.5,3.5,2961145
2016-09-28,3.53,3.57,3.4601,3.57,8047193
2016-09-29,3.56,3.59,3.46,3.5,7490512
2016-09-30,3.53,3.545,3.48,3.48,4633225
2016-10-03,3.5,3.53,3.46,3.5,1939933
2016-10-04,3.52,3.52,3.48,3.48,2789759
2016-10-05,3.5,3.52,3.41,3.43,2246736
2016-10-06,3.49,3.49,3.42,3.44,3492459
2016-10-07,3.44,3.48,3.38,3.38,3958541
2016-10-10,3.43,3.47,3.38,3.395,2694598
2016-10-11,3.37,3.4,3.3,3.3,5335211
2016-10-12,3.3,3.35,3.29,3.33,2343653
2016-10-13,3.31,3.35,3.29,3.34,973352
2016-10-14,3.34,3.37,3.27,3.28,2010400
2016-10-17,3.27,3.28,3.19,3.21,5331102
2016-10-18,3.25,3.27,3.185,3.25,2307151
2016-10-19,3.26,3.28,3.21,3.25,3331248
2016-10-20,3.26,3.29,3.17,3.18,9969864
2016-10-21,3.17,3.23,3.145,3.2,4833577
2016-10-24,3.22,3.22,3.12,3.14,4127019
2016-10-25,3.2,3.29,3.19,3.22,4564087
2016-10-26,3.2,3.25,3.17,3.17,3112143
2016-10-27,3.22,3.23,3.15,3.15,1826009
2016-10-28,3.16,3.24,3.15,3.215,2335317
2016-10-31,3.22,3.36,3.205,3.34,3226732
2016-11-01,3.38,3.42,3.33,3.38,4419219
2016-11-02,3.34,3.34,3.26,3.3,2993418
2016-11-03,3.38,3.49,3.3,3.47,7226513
2016-11-04,3.49,3.49,3.38,3.39,2314385
2016-11-07,3.45,3.46,3.38,3.41,1702513
2016-11-08,3.41,3.45,3.35,3.42,1453475
2016-11-09,3.43,3.51,3.43,3.46,2676604
2016-11-10,3.5,3.51,3.37,3.41,2815019
2016-11-11,3.37,3.409,3.315,3.37,2586728
2016-11-14,3.42,3.42,3.32,3.33,1616445
2016-11-15,3.35,3.36,3.27,3.32,2751492
2016-11-16,3.31,3.38,3.31,3.325,1206996
2016-11-17,3.37,3.37,3.27,3.28,2396690
2016-11-18,3.31,3.33,3.28,3.3,2086620
2016-11-21,3.32,3.3501,3.27,3.27,1798083
2016-11-22,3.29,3.31,3.23,3.23,2283021
2016-11-23,3.23,3.35,3.21,3.34,2321059
2016-11-25,3.35,3.36,3.31,3.34,497567
2016-11-28,3.33,3.33,3.26,3.305,877473
2016-11-29,3.27,3.29,3.26,3.28,1051867
2016-11-30,3.32,3.41,3.32,3.35,2636670
2016-12-01,3.39,3.43,3.37,3.4,2308423
2016-12-02,3.37,3.44,3.345,3.415,1214319
2016-12-05,3.43,3.5,3.419,3.48,2805050
2016-12-06,3.49,3.515,3.47,3.51,2383551
2016-12-07,3.53,3.655,3.52,3.65,5958926
2016-12-08,3.63,3.75,3.63,3.665,6303994
2016-12-09,3.65,3.67,3.605,3.64,2814713
2016-12-12,3.71,3.95,3.71,3.85,13610582
2016-12-13,3.92,3.98,3.89,3.975,7221104
2016-12-14,3.96,3.96,3.83,3.845,3193202
2016-12-15,3.85,3.87,3.695,3.75,3653306
2016-12-16,3.79,3.855,3.74,3.79,7581386
2016-12-19,3.8,3.855,3.7899,3.8,2291192
2016-12-20,3.82,3.86,3.74,3.79,2005874
2016-12-21,3.83,3.86,3.805,3.835,1645141
2016-12-22,3.96,3.96,3.78,3.82,1828992
2016-12-23,3.8,3.83,3.735,3.8,1994043
2016-12-27,3.78,3.86,3.77,3.84,1179895
2016-12-28,3.85,3.9,3.83,3.83,1283492
2016-12-29,3.85,3.91,3.78,3.785,4873456
2016-12-30,3.81,3.89,3.78,3.85,3194786
2017-01-03,3.91,4.0,3.84,3.94,7958958
2017-01-04,3.95,4.07,3.91,4.065,8850937
2017-01-05,4.1,4.14,3.99,4.07,5803854
2017-01-06,4.05,4.12,4.025,4.11,2884451
2017-01-09,4.1,4.17,4.05,4.1,5339421
2017-01-10,4.13,4.13,4.03,4.04,4267439
2017-01-11,4.06,4.11,4.0,4.05,3001356
2017-01-12,4.07,4.11,3.99,3.995,3325389
2017-01-13,3.97,4.03,3.955,3.96,4084155
2017-01-17,3.98,4.0,3.91,3.93,5742221
2017-01-18,3.96,4.0,3.91,3.93,5388393
2017-01-19,3.93,4.05,3.93,4.03,2697042
2017-01-20,4.05,4.07,4.0,4.025,3161846
2017-01-23,4.0,4.08,3.99,4.06,1998599
2017-01-24,4.07,4.13,4.03,4.11,2151540
2017-01-25,4.15,4.15,4.1,4.11,1168132
2017-01-26,4.0,4.25,4.0,4.205,7246930
2017-01-27,4.25,4.29,4.2,4.28,4170183
2017-01-30,4.26,4.29,4.085,4.21,9622553
2017-01-31,4.22,4.25,4.1541,4.225,3532179
2017-02-01,4.22,4.22,4.09,4.125,4537434
2017-02-02,4.13,4.15,4.04,4.04,4660036
2017-02-03,4.08,4.12,3.99,3.995,2485529
2017-02-06,4.01,4.05,3.96,3.98,3509400
2017-02-07,4.01,4.14,3.98,4.13,5992393
2017-02-08,4.1,4.1501,4.08,4.08,1515636
2017-02-09,4.08,4.14,4.06,4.135,3596249
2017-02-10,4.12,4.26,4.065,4.23,6210777
2017-02-13,4.25,4.31,4.21,4.3,3971102
2017-02-14,4.32,4.42,4.27,4.395,4620299
2017-02-15,4.4,4.42,4.34,4.38,3932315
2017-02-16,4.36,4.4,4.27,4.29,2303136
2017-02-17,4.3,4.34,4.22,4.26,1463038
2017-02-21,4.27,4.38,4.25,4.35,6667354
2017-02-22,4.37,4.41,4.31,4.38,3548020
2017-02-23,4.42,4.44,4.33,4.34,3835241
2017-02-24,4.31,4.37,4.25,4.3,4366902
2017-02-27,4.54,4.54,4.07,4.13,11995983
2017-02-28,4.1,4.1595,4.08,4.11,4308481
2017-03-01,4.14,4.24,4.11,4.15,4493125
2017-03-02,4.23,4.23,4.08,4.085,3426377
2017-03-03,4.12,4.12,4.07,4.1,3299066
2017-03-06,4.08,4.09,4.02,4.05,2380586
2017-03-07,4.03,4.04,3.96,3.985,4038044
2017-03-08,3.97,4.03,3.965,3.99,1471236
2017-03-09,3.97,4.01,3.94,3.99,5441692
2017-03-10,4.04,4.04,3.94,3.98,2936694
2017-03-13,3.97,4.05,3.95,4.02,4678856
2017-03-14,4.01,4.11,3.98,4.05,5103329
2017-03-15,4.03,4.13,4.01,4.1,2976731
2017-03-16,4.1,4.14,4.07,4.09,2887708
2017-03-17,4.1,4.13,4.08,4.09,2573218
2017-03-20,4.12,4.12,4.05,4.06,1734433
2017-03-21,4.07,4.13,4.06,4.08,4439598
2017-03-22,4.1,4.1,3.98,4.05,2488517
2017-03-23,4.05,4.125,4.05,4.06,1213205
2017-03-24,4.06,4.11,4.06,4.09,3765940
2017-03-27,4.08,4.13,4.055,4.1,3561256
2017-03-28,3.93,4.04,3.92,3.92,3835573
2017-03-29,3.91,3.99,3.88,3.94,2531030
2017-03-30,3.97,4.065,3.945,4.04,3561140
2026-01-02,1.5,1.6699999570846558,1.5,1.6399999856948853,208300
2026-01-05,1.6699999570846558,1.75,1.6399999856948853,1.690000057220459,217900
2026-01-06,1.6799999475479126,1.6799999475479126,1.5800000429153442,1.6399999856948853,107900
2026-01-07,1.6299999952316284,1.6299999952316284,1.5800000429153442,1.6100000143051147,113900
2026-01-08,1.5800000429153442,1.6399999856948853,1.5700000524520874,1.600000023841858,57700
2026-01-09,1.6100000143051147,1.6299999952316284,1.5299999713897705,1.6200000047683716,119000
2026-01-12,1.6200000047683716,1.6699999570846558,1.590000033378601,1.6299999952316284,78100
2026-01-13,1.6699999570846558,1.6699999570846558,1.5299999713897705,1.6200000047683716,254800
2026-01-14,1.6200000047683716,1.7300000190734863,1.6100000143051147,1.649999976158142,391300
2026-01-15,1.649999976158142,1.649999976158142,1.5499999523162842,1.5700000524520874,270600
2026-01-16,1.5700000524520874,1.6200000047683716,1.5299999713897705,1.5299999713897705,192200
2026-01-20,1.4900000095367432,1.5299999713897705,1.4500000476837158,1.4600000381469727,191900
2026-01-21,1.4600000381469727,1.4800000190734863,1.3799999952316284,1.440000057220459,127200
2026-01-22,1.4600000381469727,1.4800000190734863,1.3899999856948853,1.409999966621399,245100
2026-01-23,1.409999966621399,1.4299999475479126,1.3799999952316284,1.3899999856948853,57400
2026-01-26,1.3799999952316284,1.3799999952316284,1.2999999523162842,1.3200000524520874,108300
2026-01-27,1.350000023841858,1.3899999856948853,1.3200000524520874,1.350000023841858,87900
2026-01-28,1.3700000047683716,1.399999976158142,1.350000023841858,1.350000023841858,85400
2026-01-29,1.350000023841858,1.350000023841858,1.2799999713897705,1.3200000524520874,133700
2026-01-30,1.309999942779541,1.3799999952316284,1.25,1.2899999618530273,103200
2026-02-02,1.2799999713897705,1.3899999856948853,1.25,1.309999942779541,165200
2026-02-03,1.2999999523162842,1.2999999523162842,1.2000000476837158,1.2300000190734863,149600
2026-02-04,1.2400000095367432,1.25,1.149999976158142,1.2200000286102295,114300
2026-02-05,1.1699999570846558,1.2100000381469727,1.0199999809265137,1.0299999713897705,204900
2026-02-06,1.1299999952316284,1.25,1.1100000143051147,1.2100000381469727,126000
2026-02-09,1.2100000381469727,1.2799999713897705,1.1799999475479126,1.2400000095367432,56400
2026-02-10,1.2599999904632568,1.2999999523162842,1.190000057220459,1.25,75600
2026-02-11,1.25,1.2699999809265137,1.1200000047683716,1.159999966621399,94300
2026-02-12,1.159999966621399,1.2300000190734863,1.090000033378601,1.1200000047683716,97400
2026-02-13,1.149999976158142,1.350000023841858,1.1399999856948853,1.2699999809265137,266800
2026-02-17,1.2400000095367432,1.2699999809265137,1.1799999475479126,1.2000000476837158,81400
2026-02-18,1.2000000476837158,1.3200000524520874,1.2000000476837158,1.2699999809265137,85300
2026-02-19,1.2699999809265137,1.2799999713897705,1.2200000286102295,1.2699999809265137,82100
2026-02-20,1.2699999809265137,1.350000023841858,1.2699999809265137,1.2799999713897705,62500
2026-02-23,1.2599999904632568,1.3200000524520874,1.2300000190734863,1.2899999618530273,38700
2026-02-24,1.2599999904632568,1.3300000429153442,1.2599999904632568,1.2799999713897705,72300
2026-02-25,1.309999942779541,1.4199999570846558,1.2899999618530273,1.3600000143051147,114400
2026-02-26,1.340000033378601,1.3700000047683716,1.2899999618530273,1.2999999523162842,58800
2026-02-27,1.2699999809265137,1.2899999618530273,1.190000057220459,1.2200000286102295,93400
2026-03-02,1.2000000476837158,1.2999999523162842,1.2000000476837158,1.25,74600
2026-03-03,1.190000057220459,1.2899999618530273,1.190000057220459,1.25,38900
2026-03-04,1.2799999713897705,1.3799999952316284,1.25,1.3300000429153442,63000
2026-03-05,1.3300000429153442,1.4299999475479126,1.2200000286102295,1.2400000095367432,168000
2026-03-06,1.2000000476837158,1.5199999809265137,1.1799999475479126,1.5099999904632568,611800
2026-03-09,1.4900000095367432,1.6100000143051147,1.4800000190734863,1.600000023841858,338600
2026-03-10,1.590000033378601,1.7799999713897705,1.159999966621399,1.2899999618530273,794800
2026-03-11,1.2599999904632568,1.4600000381469727,1.2599999904632568,1.3799999952316284,136000
2026-03-12,1.3799999952316284,1.399999976158142,1.309999942779541,1.3600000143051147,100200
2026-03-13,1.3799999952316284,1.4700000286102295,1.340000033378601,1.3600000143051147,220400
2026-03-16,1.399999976158142,1.4299999475479126,1.309999942779541,1.340000033378601,214200
2026-03-17,1.340000033378601,1.399999976158142,1.2899999618530273,1.3300000429153442,74900
2026-03-18,1.350000023841858,1.3600000143051147,1.2899999618530273,1.2899999618530273,83800
2026-03-19,1.2599999904632568,1.309999942779541,1.25,1.2599999904632568,70800
2026-03-20,1.2699999809265137,1.2999999523162842,1.2100000381469727,1.2699999809265137,137300
2026-03-23,1.25,1.3200000524520874,1.25,1.2799999713897705,74300
2026-03-24,1.2899999618530273,1.2999999523162842,1.2000000476837158,1.2000000476837158,115500
2026-03-25,1.2200000286102295,1.2899999618530273,1.2200000286102295,1.2799999713897705,47800
2026-03-26,1.2599999904632568,1.2899999618530273,1.2300000190734863,1.2300000190734863,50800
2026-03-27,1.25,1.2699999809265137,1.090000033378601,1.1100000143051147,165900
2026-03-30,1.1100000143051147,1.2000000476837158,1.0299999713897705,1.0700000524520874,233800
2026-03-31,1.0700000524520874,1.1100000143051147,1.0199999809265137,1.100000023841858,83000
2026-04-01,1.2200000286102295,1.2200000286102295,1.0399999618530273,1.0399999618530273,118000
2026-04-02,1.1799999475479126,1.1799999475479126,1.0,1.0499999523162842,183500
2026-04-06,1.1100000143051147,1.149999976158142,1.0800000429153442,1.100000023841858,123300
2026-04-07,1.100000023841858,1.1100000143051147,1.0499999523162842,1.0700000524520874,68600
2026-04-08,1.149999976158142,1.149999976158142,1.1100000143051147,1.1200000047683716,85900
2026-04-09,1.1100000143051147,1.190000057220459,1.090000033378601,1.149999976158142,90400
2026-04-10,1.190000057220459,1.2699999809265137,1.1399999856948853,1.2000000476837158,144200
2026-04-13,1.190000057220459,1.2699999809265137,1.1699999570846558,1.2200000286102295,67800
2026-04-14,1.2400000095367432,1.2699999809265137,1.149999976158142,1.2100000381469727,121400
2026-04-15,1.190000057220459,1.2599999904632568,1.190000057220459,1.2200000286102295,75800
2026-04-16,1.2300000190734863,1.2400000095367432,1.159999966621399,1.190000057220459,117200
2026-04-17,1.2200000286102295,1.350000023841858,1.2200000286102295,1.3200000524520874,339700
2026-04-20,1.2999999523162842,1.3300000429153442,1.25,1.2899999618530273,119900
2026-04-21,1.3200000524520874,1.3200000524520874,1.25,1.2599999904632568,88800
2026-04-22,1.2999999523162842,1.309999942779541,1.2599999904632568,1.2999999523162842,76300
2026-04-23,1.309999942779541,1.309999942779541,1.1799999475479126,1.2000000476837158,205500
2026-04-24,1.2100000381469727,1.2400000095367432,1.159999966621399,1.2000000476837158,84300
2026-04-27,1.2100000381469727,1.2200000286102295,1.1699999570846558,1.1799999475479126,87200
2026-04-28,1.1799999475479126,1.2200000286102295,1.100000023841858,1.1200000047683716,237300
2026-04-29,1.1399999856948853,1.1399999856948853,1.0800000429153442,1.1100000143051147,121200
2026-04-30,1.1299999952316284,1.1699999570846558,1.100000023841858,1.159999966621399,110600
2026-05-01,1.1399999856948853,1.25,1.1399999856948853,1.25,137900
2026-05-04,1.2400000095367432,1.2599999904632568,1.149999976158142,1.1699999570846558,140000
2026-05-05,1.1699999570846558,1.2100000381469727,1.159999966621399,1.1699999570846558,85800
2026-05-06,1.1799999475479126,1.2599999904632568,1.1799999475479126,1.2400000095367432,138600
2026-05-07,1.25,1.25,1.159999966621399,1.2200000286102295,140700
2026-05-08,1.190000057220459,1.2200000286102295,1.159999966621399,1.2100000381469727,78700
2026-05-11,1.2200000286102295,1.340000033378601,1.2100000381469727,1.2799999713897705,258400
2026-05-12,1.2799999713897705,1.2899999618530273,1.2200000286102295,1.25,202800
2026-05-13,1.2300000190734863,1.4600000381469727,1.2000000476837158,1.340000033378601,520000
2026-05-14,1.3600000143051147,1.4600000381469727,1.3200000524520874,1.4500000476837158,337700
2026-05-15,1.4299999475479126,1.5700000524520874,1.409999966621399,1.4700000286102295,391700
2026-05-18,1.3700000047683716,1.5399999618530273,1.350000023841858,1.4900000095367432,729500
2026-05-19,1.4700000286102295,1.4700000286102295,1.2799999713897705,1.2799999713897705,916300
2026-05-20,1.2999999523162842,1.340000033378601,1.2599999904632568,1.2599999904632568,262000
2026-05-21,1.25,1.3200000524520874,1.2200000286102295,1.2899999618530273,268600
2026-05-22,1.2799999713897705,1.2999999523162842,1.2200000286102295,1.25,166000
2026-05-26,1.2899999618530273,1.2899999618530273,1.2200000286102295,1.25,167500
2026-05-27,1.2699999809265137,1.4600000381469727,1.2699999809265137,1.4500000476837158,563000
2026-05-28,1.4700000286102295,1.590000033378601,1.3600000143051147,1.5800000429153442,311900
2026-05-29,1.600000023841858,1.600000023841858,1.4900000095367432,1.5499999523162842,236200
2026-06-01,1.5399999618530273,1.7200000286102295,1.4700000286102295,1.6699999570846558,531400
2026-06-02,1.649999976158142,1.6799999475479126,1.5800000429153442,1.6299999952316284,202600
2026-06-03,1.590000033378601,1.600000023841858,1.4900000095367432,1.5299999713897705,200200
2026-06-04,1.4800000190734863,1.6799999475479126,1.4800000190734863,1.659999966621399,247200
2026-06-05,1.6200000047683716,1.6200000047683716,1.3899999856948853,1.4299999475479126,295400
2026-06-08,1.440000057220459,1.4800000190734863,1.409999966621399,1.4600000381469727,168900
2026-06-09,1.4800000190734863,1.559999942779541,1.3700000047683716,1.4500000476837158,179500
2026-06-10,1.399999976158142,1.4500000476837158,1.3300000429153442,1.3600000143051147,143200
2026-06-11,1.3600000143051147,1.409999966621399,1.2999999523162842,1.3899999856948853,90800
2026-06-12,1.3899999856948853,1.440000057220459,1.3600000143051147,1.3799999952316284,126900
2026-06-15,1.4700000286102295,1.5499999523162842,1.440000057220459,1.5099999904632568,241600
2026-06-16,1.5099999904632568,1.6299999952316284,1.4900000095367432,1.559999942779541,227500
2026-06-17,1.5399999618530273,1.690000057220459,1.5299999713897705,1.5499999523162842,258000
2026-06-18,1.5800000429153442,1.6299999952316284,1.5099999904632568,1.6100000143051147,297900
2026-06-22,1.6200000047683716,1.9600000381469727,1.559999942779541,1.6799999475479126,640800
2026-06-23,1.590000033378601,1.690000057220459,1.5800000429153442,1.590000033378601,284400
2026-06-24,1.6200000047683716,1.690000057220459,1.5399999618530273,1.6299999952316284,176500
2026-06-25,1.659999966621399,1.7200000286102295,1.559999942779541,1.690000057220459,237900
2026-06-26,1.6799999475479126,1.850000023841858,1.6399999856948853,1.7599999904632568,268100
2026-06-29,1.75,1.7599999904632568,1.6200000047683716,1.7300000190734863,204300
2026-06-30,1.7000000476837158,1.8799999952316284,1.6799999475479126,1.7899999618530273,204100
2026-07-01,1.7699999809265137,1.7799999713897705,1.6699999570846558,1.690000057220459,377500
2026-07-02,1.7599999904632568,1.8600000143051147,1.6200000047683716,1.7999999523162842,335200
2026-07-06,1.8200000524520874,1.9600000381469727,1.7599999904632568,1.9199999570846558,323900
2026-07-07,1.8899999856948853,2.0,1.8700000047683716,1.9500000476837158,348000
2026-07-08,1.940000057220459,2.119999885559082,1.899999976158142,2.069999933242798,539100
2026-07-09,2.069999933242798,2.2899999618530273,2.059999942779541,2.1600000858306885,496300
2026-07-10,2.1600000858306885,2.2200000286102295,1.9800000190734863,1.9800000190734863,327700
2026-07-13,1.9299999475479126,2.0399999618530273,1.909999966621399,2.0299999713897705,403900
2026-07-14,2.0399999618530273,2.0899999141693115,2.0,2.0799999237060547,86100
2026-07-15,2.0899999141693115,2.1600000858306885,1.9299999475479126,1.9299999475479126,238000
2026-07-16,1.8600000143051147,1.8799999952316284,1.5700000524520874,1.6799999475479126,808600
2026-07-17,1.6699999570846558,1.7999999523162842,1.6699999570846558,1.7100000381469727,139100
2026-07-20,1.7000000476837158,2.200000047683716,1.7000000476837158,2.130000114440918,1070800
2026-07-21,2.1600000858306885,3.049999952316284,2.1500000953674316,2.9100000858306885,14022400
2026-07-22,2.890000104904175,3.119999885559082,2.7699999809265137,2.940000057220459,1459100
2026-07-23,2.9000000953674316,3.359999895095825,2.809999942779541,2.8399999141693115,1373200
2026-07-24,2.700000047683716,2.7899999618530273,2.359999895095825,2.450000047683716,662600
2026-07-27,2.4200000762939453,2.450000047683716,2.180000066757202,2.240000009536743,403100
2026-07-28,2.2300000190734863,2.2300000190734863,1.9700000286102295,2.0999999046325684,369100
2026-07-29,2.119999885559082,2.190000057220459,1.9500000476837158,1.9500000476837158,265100
2026-07-30,2.0399999618530273,2.190000057220459,2.0,2.140000104904175,432300
2026-07-31,2.119999885559082,2.1500000953674316,2.0,2.0999999046325684,266700
2026-08-03,2.0999999046325684,2.25,2.0799999237060547,2.1600000858306885,179700
2026-08-04,2.1700000762939453,2.2300000190734863,2.119999885559082,2.180000066757202,127800
2026-08-05,2.1500000953674316,2.2200000286102295,2.109999895095825,2.1600000858306885,192700
2026-08-06,2.0999999046325684,2.25,2.0199999809265137,2.069999933242798,158200
2026-08-07,2.059999942779541,2.0899999141693115,1.9800000190734863,2.049999952316284,126400
2026-08-10,2.0399999618530273,2.049999952316284,1.6299999952316284,1.649999976158142,630500
2026-08-11,1.7000000476837158,1.7699999809265137,1.5499999523162842,1.6799999475479126,802300
2026-08-12,1.7300000190734863,1.7999999523162842,1.7000000476837158,1.7899999618530273,167700
2026-08-13,1.7999999523162842,1.899999976158142,1.7699999809265137,1.850000023841858,134400
2026-08-14,1.8799999952316284,1.909999966621399,1.809999942779541,1.840000033378601,143000
2026-08-17,1.850000023841858,1.9500000476837158,1.7400000095367432,1.8899999856948853,222700
2026-08-18,1.899999976158142,1.909999966621399,1.7300000190734863,1.7899999618530273,136800
2026-08-19,1.7899999618530273,1.850000023841858,1.7200000286102295,1.8300000429153442,88700
2026-08-20,1.8300000429153442,1.899999976158142,1.8300000429153442,1.8600000143051147,47300
2026-08-21,1.8899999856948853,1.940000057220459,1.8300000429153442,1.8300000429153442,57200
2026-08-24,1.850000023841858,1.8899999856948853,1.809999942779541,1.809999942779541,70300
2026-08-25,1.8600000143051147,1.8700000047683716,1.809999942779541,1.8200000524520874,57900
2026-08-26,1.7699999809265137,1.9199999570846558,1.7699999809265137,1.7799999713897705,58200
2026-08-27,1.809999942779541,1.8600000143051147,1.7799999713897705,1.7899999618530273,58300
2026-08-28,1.7599999904632568,1.8300000429153442,1.7100000381469727,1.7899999618530273,233800
2026-08-31,1.7899999618530273,1.8200000524520874,1.690000057220459,1.7300000190734863,207100
2026-09-01,1.7300000190734863,1.75,1.6699999570846558,1.7000000476837158,112600
2026-09-02,1.7200000286102295,1.850000023841858,1.6699999570846558,1.809999942779541,221400
2026-09-03,1.809999942779541,1.909999966621399,1.809999942779541,1.8600000143051147,143300
2026-09-04,1.8899999856948853,1.899999976158142,1.8300000429153442,1.8899999856948853,53700
2026-09-08,1.899999976158142,2.0199999809265137,1.8899999856948853,1.9700000286102295,158600
2026-09-09,1.9500000476837158,1.9700000286102295,1.909999966621399,1.9299999475479126,65100
2026-09-10,1.9299999475479126,1.9299999475479126,1.809999942779541,1.8300000429153442,230000
2026-09-11,1.8899999856948853,1.8899999856948853,1.7799999713897705,1.7799999713897705,136600
