DateTime,Open,High,Low,Close,Volume
2013-07-08,83.25,83.25,80.010002,80.38,915300
2013-07-09,80.71,82.0,79.010002,79.99,1069600
2013-07-10,80.099998,81.73,79.76,81.64,1161100
2013-07-11,82.050003,84.78,81.86,84.7,1475900
2013-07-12,84.55,88.0,83.29,87.79,2087100
2013-07-15,87.089996,87.63,85.66,86.75,1079000
2013-07-16,86.42,87.0,84.98,85.49,1124400
2013-07-17,85.2,86.8,85.2,85.51,804400
2013-07-18,85.99,86.93,85.099998,86.79,715600
2013-07-19,86.99,89.96,86.7,88.51,2228700
2013-07-22,89.010002,89.36,87.0,88.24,1805100
2013-07-23,87.95,88.81,86.28,86.55,1219100
2013-07-24,86.95,87.48,84.5,85.26,1293600
2013-07-25,84.77,87.89,84.0,87.62,1281300
2013-07-26,80.22,82.2,79.6,80.71,4072300
2013-07-29,79.99,81.34,79.13,79.66,1588000
2013-07-30,81.49,85.72,81.0,81.91,3692700
2013-07-31,82.37,83.24,79.65,79.8,2060900
2013-08-01,80.59,81.98,80.26,80.72,2086300
2013-08-02,80.68,81.21,78.52,79.44,1319800
2013-08-05,79.49,79.81,78.029999,78.99,1036500
2013-08-06,78.66,78.98,76.86,77.33,930700
2013-08-07,77.31,78.52,76.8,78.050003,974400
2013-08-08,78.42,78.42,77.22,77.67,707500
2013-08-09,77.29,78.11,76.78,77.15,798600
2013-08-12,76.84,77.84,76.059998,77.48,1062400
2013-08-13,77.69,78.07,76.040001,77.53,1679000
2013-08-14,77.11,78.97,76.4,78.25,1286000
2013-08-15,77.39,78.26,76.6,76.96,1440000
2013-08-16,76.86,77.36,76.25,76.51,3036200
2013-08-19,76.45,76.83,75.22,75.28,976400
2013-08-20,75.34,77.19,75.010002,76.55,953400
2013-08-21,76.51,78.14,75.8,76.35,1010400
2013-08-22,76.84,78.6,76.79,78.4,779600
2013-08-23,78.4,79.0,77.29,77.78,835900
2013-08-26,77.69,78.73,77.42,77.95,717400
2013-08-27,77.029999,77.38,74.67,75.0,1055400
2013-08-28,75.14,77.010002,74.9,75.94,1084700
2013-08-29,75.79,78.15,75.54,77.25,704600
2013-08-30,77.12,77.86,74.83,75.15,2105200
2013-09-03,76.2,77.57,74.019997,75.38,2346400
2013-09-04,75.43,78.55,74.91,78.3,1279300
2013-09-05,78.13,79.91,78.12,78.38,945900
2013-09-06,79.059998,79.2,75.73,78.99,1500400
2013-09-09,79.13,82.16,78.25,81.93,1316900
2013-09-10,82.45,82.74,79.5,81.32,1295700
2013-09-11,81.37,81.5,79.26,79.81,974000
2013-09-12,81.76,82.14,80.26,81.4,2285600
2013-09-13,81.29,81.3,77.07,78.25,2737400
2013-09-16,79.059998,79.49,75.91,76.18,1844200
2013-09-17,76.14,78.21,76.089996,78.029999,1532900
2013-09-18,78.18,78.53,76.69,77.11,1685800
2013-09-19,77.23,77.37,76.0,76.29,2408700
2013-09-20,77.010002,77.75,75.37,76.15,42258300
2013-09-23,76.55,76.74,74.94,75.59,3251200
2013-09-24,75.14,75.7,73.43,74.53,2845200
2013-09-25,74.55,75.71,74.44,74.67,3181900
2013-09-26,74.67,76.59,74.34,76.53,1564400
2013-09-27,75.68,77.51,75.16,76.099998,1028600
2013-09-30,75.32,77.2,74.97,75.82,1277200
2013-10-01,76.019997,77.12,74.99,77.019997,1292800
2013-10-02,76.26,76.83,75.49,76.74,1049300
2013-10-03,76.75,77.65,75.92,77.16,2017200
2013-10-04,77.51,77.84,76.6,77.21,1316900
2013-10-07,76.050003,76.32,75.07,75.48,936100
2013-10-08,75.41,75.85,71.5,72.22,2216700
2013-10-09,72.4,72.59,68.71,70.15,2638900
2013-10-10,70.12,71.61,69.45,70.99,1537700
2013-10-11,70.49,71.0,68.89,70.92,1684800
2013-10-14,69.74,74.019997,69.64,73.71,1722700
2013-10-15,72.49,74.15,72.42,73.35,1994900
2013-10-16,74.13,75.92,73.43,75.46,1766500
2013-10-17,75.13,77.48,74.4,76.86,1420800
2013-10-18,77.080002,78.0,74.96,77.059998,2234500
2013-10-21,77.3,77.53,74.51,74.64,1873700
2013-10-22,75.13,77.98,74.94,77.62,1525300
2013-10-23,77.099998,77.98,75.26,75.61,1737400
2013-10-24,75.75,77.74,75.61,76.91,1252500
2013-10-25,77.7,78.38,76.0,76.83,1619500
2013-10-28,76.67,78.010002,76.21,77.83,1449400
2013-10-29,76.080002,76.88,72.57,76.089996,3696400
2013-10-30,74.97,75.37,70.76,71.75,2685100
2013-10-31,71.75,72.38,70.25,71.35,2462000
2013-11-01,70.16,70.32,66.81,67.36,3938900
2013-11-04,67.31,67.85,65.85,66.21,2780900
2013-11-05,66.11,66.83,64.95,65.38,1903000
2013-11-06,65.089996,65.4,61.96,62.6,4705500
2013-11-07,63.7,63.84,60.97,61.029999,1916200
2013-11-08,60.86,62.25,60.42,61.060001,2187800
2013-11-11,61.3,61.65,60.099998,60.55,2084300
2013-11-12,60.0099983,60.56,58.060001,60.18,3606400
2013-11-13,59.83,62.13,59.14,61.2,2560000
2013-11-14,61.6,61.7,60.6,61.029999,974400
2013-11-15,60.87,63.42,60.87,63.39,3083600
2013-11-18,63.21,63.98,61.24,61.69,2132300
2013-11-19,61.59,62.75,61.25,62.38,1827200
2013-11-20,62.53,67.69,62.39,65.14,3471600
2013-11-21,65.24,66.49,65.14,66.23,1592600
2013-11-22,66.63,67.73,65.98,66.28,1684700
2013-11-25,67.44,69.0,66.75,67.96,1566400
2013-11-26,68.12,68.57,67.099998,68.37,2132700
2013-11-27,68.37,68.79,67.58,68.32,1130200
2013-11-29,68.8,70.69,68.8,69.42,957900
2013-12-02,69.6,70.18,68.93,69.25,1256700
2013-12-03,68.81,69.040001,67.32,67.66,1646700
2013-12-04,67.51,68.099998,66.8,67.33,1556800
2013-12-05,67.14,67.43,65.98,66.45,1561600
2013-12-06,67.13,67.28,65.77,66.45,1240000
2013-12-09,66.56,66.87,65.98,66.75,1451500
2013-12-10,66.73,67.12,65.41,66.23,1091300
2013-12-11,66.12,66.23,64.18,64.39,1195800
2013-12-12,64.38,66.5,64.12,65.36,1262400
2013-12-13,65.11,65.91,64.12,65.18,1146500
2013-12-16,65.68,66.64,63.91,64.76,1212900
2013-12-17,64.59,65.81,63.65,65.58,1345000
2013-12-18,66.099998,69.61,66.0,68.63,3004500
2013-12-19,67.0,71.0,67.0,69.95,3968900
2013-12-20,70.53,71.93,69.93,71.83,3661900
2013-12-23,72.4,73.89,72.0,73.48,1496800
2013-12-24,73.5,73.87,72.84,73.49,449500
2013-12-26,73.63,74.050003,72.76,73.81,698700
2013-12-27,74.010002,74.080002,72.99,73.45,633500
2013-12-30,73.6,74.35,72.84,73.89,624700
2013-12-31,74.07,74.7,73.71,74.3,782400
2014-01-02,74.07,74.15,72.88,73.83,966800
2014-01-03,74.010002,74.63,73.17,73.45,799600
2014-01-06,74.92,75.94,74.11,75.5,1699600
2014-01-07,75.75,75.83,73.97,74.49,1021400
2014-01-08,74.55,75.38,74.099998,75.23,882600
2014-01-09,75.44,77.0,74.96,76.32,1660200
2014-01-10,76.07,78.22,75.71,78.21,1204300
2014-01-13,77.84,78.72,76.16,77.040001,2865100
2014-01-14,77.36,79.47,77.36,79.38,1841000
2014-01-15,79.099998,79.22,78.2,78.77,1221600
2014-01-16,79.17,81.029999,78.77,81.0,1503200
2014-01-17,80.98,82.81,80.64,82.089996,1978400
2014-01-21,82.86,85.85,81.75,85.48,2635100
2014-01-22,85.68,87.77,83.45,84.12,2397900
2014-01-23,83.35,84.2,82.49,83.83,1251200
2014-01-24,83.12,83.12,79.75,79.77,1847400
2014-01-27,79.75,80.97,77.010002,79.37,2657100
2014-01-28,79.69,81.23,78.99,79.3,1340700
2014-01-29,78.56,81.75,77.85,78.82,1973700
2014-01-30,80.82,84.38,80.050003,82.15,2458500
2014-01-31,80.7,81.0,78.96,79.040001,1572700
2014-02-03,78.5,79.84,77.16,77.63,2403900
2014-02-04,76.95,79.7,76.78,79.15,2141200
2014-02-05,78.12,78.73,75.89,77.41,1843600
2014-02-06,76.45,79.24,76.24,78.17,1685300
2014-02-07,78.69,81.46,78.23,81.41,1465400
2014-02-10,81.099998,82.3,80.95,82.17,1590400
2014-02-11,82.28,85.0,81.56,84.98,1439000
2014-02-12,84.54,85.89,83.49,83.9,1265800
2014-02-13,83.39,85.65,82.029999,85.0,1492700
2014-02-14,84.38,84.98,81.050003,81.61,1772000
2014-02-18,82.029999,83.3,81.92,82.0,2043400
2014-02-19,81.96,84.41,81.61,82.6,1241500
2014-02-20,83.07,84.46,81.86,84.010002,1234400
2014-02-21,84.44,86.12,83.48,84.81,1911500
2014-02-24,85.29,85.29,83.76,83.95,1287300
2014-02-25,84.21,85.98,83.57,84.62,1292700
2014-02-26,84.63,85.22,83.45,83.95,1128900
2014-02-27,84.24,84.57,82.39,83.16,1374800
2014-02-28,83.48,84.25,79.33,80.86,1786100
2014-03-03,80.25,83.25,79.57,81.56,1134700
2014-03-04,82.54,83.82,81.65,83.12,1204800
2014-03-05,83.27,83.42,82.080002,82.96,914200
2014-03-06,83.51,83.59,79.33,79.94,1522600
2014-03-07,80.51,81.6,76.31,79.94,1706700
2014-03-10,79.6,79.92,77.92,79.65,1316300
2014-03-11,79.99,80.56,78.48,79.19,1201000
2014-03-12,78.64,80.15,78.050003,79.87,946300
2014-03-13,79.92,80.0,77.11,77.86,1130400
2014-03-14,77.57,79.76,76.9,78.32,1179300
2014-03-17,77.5,79.51,77.019997,77.7,1301600
2014-03-18,78.0,79.95,77.69,79.0,959600
2014-03-19,78.73,79.2,77.16,77.8,1361800
2014-03-20,77.72,78.57,76.6,77.77,957300
2014-03-21,77.5,77.75,72.82,73.83,3525900
2014-03-24,74.3,74.6,70.58,72.44,1982600
2014-03-25,72.75,73.92,70.31,71.9,1409800
2014-03-26,72.56,72.77,69.86,70.44,1656900
2014-03-27,70.3,71.65,68.24,70.78,1786200
2014-03-28,71.07,72.67,67.49,67.8,1425600
2014-03-31,68.17,71.35,68.010002,70.72,1860600
2014-04-01,71.32,73.12,70.76,71.87,2319500
2014-04-02,72.0,73.099998,71.65,72.3,1316700
2014-04-03,71.96,72.74,67.93,69.12,1720700
2014-04-04,70.059998,70.15,65.44,65.84,2207100
2014-04-07,66.0,67.24,64.050003,66.4,1646400
2014-04-08,65.84,67.0,64.6,65.35,1677400
2014-04-09,65.59,70.059998,65.32,69.95,2107100
2014-04-10,69.32,69.81,65.31,65.69,2545700
2014-04-11,64.97,67.64,63.0,63.060001,2139900
2014-04-14,64.050003,65.14,61.19,62.44,1695800
2014-04-15,62.83,63.97,59.79,63.25,1886000
2014-04-16,63.81,64.82,62.83,64.39,1459500
2014-04-17,64.18,65.68,63.42,64.17,1387400
2014-04-21,64.52,65.56,63.040001,65.47,1103800
2014-04-22,65.69,69.050003,65.67,68.3,1862200
2014-04-23,69.49,69.49,66.17,66.92,1445200
2014-04-24,66.96,67.49,64.050003,66.18,1204700
2014-04-25,65.55,66.32,64.019997,64.19,1120400
2014-04-28,64.64,66.099998,62.42,64.51,1333500
2014-04-29,64.97,67.68,64.19,67.57,1282200
2014-04-30,67.27,67.99,65.94,67.7,1466200
2014-05-01,67.54,69.71,66.53,68.95,1832800
2014-05-02,69.37,71.68,66.3,66.37,2812400
2014-05-05,65.41,68.5,64.81,68.41,1467900
2014-05-06,68.4,68.75,66.47,66.56,1373600
2014-05-07,66.49,67.07,64.23,65.17,1380900
2014-05-08,65.13,66.14,63.46,63.8,1309600
2014-05-09,63.9,65.099998,62.41,65.050003,1245900
2014-05-12,65.81,67.76,65.13,67.74,1462700
2014-05-13,67.62,67.93,66.32,66.71,827200
2014-05-14,66.85,68.28,65.32,67.69,1028800
2014-05-15,66.69,67.48,65.019997,65.46,1538500
2014-05-16,65.59,66.11,63.6,65.029999,2018800
2014-05-19,65.0,67.48,64.28,67.22,1317200
2014-05-20,67.28,67.43,65.059998,65.49,1071400
2014-05-21,65.51,67.19,65.47,67.15,1076100
2014-05-22,68.24,71.48,67.5,71.18,2010700
2014-05-23,71.51,71.85,70.010002,71.040001,1118600
2014-05-27,72.07,73.38,71.33,73.36,1593600
2014-05-28,73.43,73.48,71.65,71.72,1460300
2014-05-29,72.31,72.96,71.42,72.81,1321000
2014-05-30,72.96,72.96,71.33,72.26,1173600
2014-06-02,72.16,72.98,71.54,72.63,1173000
2014-06-03,71.7,72.98,71.0,72.96,975500
2014-06-04,72.6,73.6,72.24,72.64,1581900
2014-06-05,72.63,73.45,71.61,73.059998,1397700
2014-06-06,73.65,73.65,72.47,73.49,1185200
2014-06-09,73.64,75.43,73.3,74.61,1114000
2014-06-10,74.3,75.23,72.79,74.040001,1307500
2014-06-11,73.38,74.7,73.22,74.080002,1033100
2014-06-12,73.78,74.93,73.029999,73.5,1029000
2014-06-13,73.88,73.91,72.55,73.49,806300
2014-06-16,69.16,71.019997,67.019997,67.12,3436200
2014-06-17,66.97,67.75,65.66,65.89,1568200
2014-06-18,66.23,66.3,64.19,65.080002,2213200
2014-06-19,65.4,65.49,63.68,64.63,2181900
2014-06-20,64.96,65.050003,63.97,64.96,2685900
2014-06-23,65.059998,67.6,64.72,66.61,2165100
2014-06-24,98.019997,98.8,89.93,93.53,25236800
2014-06-25,92.26,93.35,89.27,89.86,7001200
2014-06-26,89.0,93.3,88.27,93.17,5511800
2014-06-27,93.089996,94.0,91.92,93.77,2179700
2014-06-30,93.77,94.89,93.050003,94.68,2475500
2014-07-01,93.87,96.29,93.74,95.85,2150100
2014-07-02,95.35,98.73,95.33,98.029999,3178600
2014-07-03,97.8,99.0,97.34,98.8,1300900
2014-07-07,97.71,99.58,96.080002,96.84,2146600
2014-07-08,96.88,97.31,94.75,95.040001,2747600
2014-07-09,95.54,98.65,94.89,98.099998,1898200
2014-07-10,96.15,98.49,95.050003,97.82,1330200
2014-07-11,98.080002,99.74,97.14,99.07,1755600
2014-07-14,99.16,99.29,97.029999,98.38,1246700
2014-07-15,98.26,98.49,95.25,96.53,1558400
2014-07-16,96.7,97.22,94.42,96.83,1618900
2014-07-17,95.83,96.68,94.31,94.49,1633000
2014-07-18,95.059998,97.78,94.4,97.2,1964400
2014-07-21,96.7,97.2,95.35,96.31,1152800
2014-07-22,96.6,98.080002,95.75,97.74,1499300
2014-07-23,97.74,98.61,97.44,98.14,1458100
2014-07-24,97.87,98.45,95.68,95.77,1959100
2014-07-25,96.010002,96.81,94.67,95.75,1259000
2014-07-28,95.48,96.29,95.24,95.56,1178300
2014-07-29,95.4,96.63,95.25,95.56,1449700
2014-07-30,93.49,95.24,91.31,92.010002,2295400
2014-07-31,90.64,91.85,88.11,88.91,2470100
2014-08-01,89.6,90.37,86.56,87.53,2479400
2014-08-04,88.37,89.99,86.099998,86.69,1964600
2014-08-05,86.18,88.059998,85.7,87.0,1492700
2014-08-06,86.31,87.55,85.71,86.81,1195400
2014-08-07,86.94,87.45,84.6,84.74,1388800
2014-08-08,85.2,86.99,85.18,86.42,986400
2014-08-11,85.97,86.71,84.47,86.2,959500
2014-08-12,86.019997,86.59,84.94,85.41,710200
2014-08-13,84.41,89.13,84.41,88.75,1386800
2014-08-14,88.46,90.43,88.11,90.37,1156400
2014-08-15,90.87,91.85,89.55,90.88,1053300
2014-08-18,91.11,92.4,90.61,91.3,1147800
2014-08-19,90.85,92.25,90.68,91.92,894200
2014-08-20,91.46,92.73,90.57,91.3,1071400
2014-08-21,91.32,91.88,88.38,88.99,1007400
2014-08-22,89.5,90.63,88.67,90.22,862400
2014-08-25,91.13,92.55,90.51,91.76,971900
2014-08-26,90.89,94.5,90.89,93.64,1893600
2014-08-27,94.029999,94.3,92.71,93.029999,837000
2014-08-28,92.55,94.080002,92.34,92.8,557400
2014-08-29,93.080002,94.0,92.4,93.57,723200
2014-09-02,94.29,94.3,91.69,92.96,1289800
2014-09-03,93.2,93.99,92.26,92.82,660100
2014-09-04,92.99,93.41,90.99,91.55,864900
2014-09-05,94.68,96.31,93.55,95.040001,2065600
2014-09-08,95.07,96.4,94.019997,94.49,1353100
2014-09-09,94.17,94.48,92.48,93.12,967000
2014-09-10,93.17,94.98,92.8,94.74,1705200
2014-09-11,94.3,96.2,92.27,94.25,1339400
2014-09-12,93.97,93.98,92.050003,92.99,1215500
2014-09-15,92.81,92.81,91.27,92.13,1150800
2014-09-16,92.22,94.3,91.040001,93.86,1549600
2014-09-17,94.3,94.92,92.040001,94.5,1275200
2014-09-18,95.0,97.42,94.32,97.35,1413900
2014-09-19,98.12,105.53,97.54,103.75,6299300
2014-09-22,103.79,105.37,102.71,104.71,2695700
2014-09-23,104.28,105.72,102.78,104.84,2410200
2014-09-24,104.84,112.099998,104.099998,111.98,3776000
2014-09-25,111.43,112.71,109.97,110.28,2646600
2014-09-26,112.36,114.24,110.92,113.6,2232300
2014-09-29,112.99,116.88,110.91,113.9,2066800
2014-09-30,113.37,114.43,110.58,112.31,2439600
2014-10-01,112.88,112.89,105.27,107.25,2743600
2014-10-02,107.14,107.37,101.52,104.8,2361700
2014-10-03,105.37,109.080002,103.79,108.59,1954100
2014-10-06,109.37,110.55,104.4,105.76,1462500
2014-10-07,104.7,106.040001,102.72,102.83,1237100
2014-10-08,103.48,107.67,102.53,107.019997,1467000
2014-10-09,105.79,109.15,103.78,105.27,1578300
2014-10-10,105.26,108.41,104.11,104.73,2012000
2014-10-13,106.74,109.94,105.63,105.91,2409300
2014-10-14,107.019997,107.79,103.3,104.26,1801700
2014-10-15,102.0,103.75,96.43,101.099998,2353900
2014-10-16,99.25,103.19,97.77,101.26,1822700
2014-10-17,101.13,102.95,99.26,102.35,1825800
2014-10-20,102.51,105.0,101.85,104.77,1178600
2014-10-21,105.86,110.91,104.51,108.16,1891100
2014-10-22,109.36,111.0,106.0,106.17,1539700
2014-10-23,107.029999,109.55,106.33,108.089996,1261200
2014-10-24,108.12,110.25,107.07,109.91,939300
2014-10-27,109.34,111.78,107.86,111.59,1204900
2014-10-28,112.37,115.24,111.78,114.07,2169900
2014-10-29,113.83,113.92,108.019997,109.91,2447500
2014-10-30,109.21,111.82,108.61,110.85,1398400
2014-10-31,113.75,114.98,111.019997,112.64,1664600
2014-11-03,112.64,113.35,111.61,112.98,1046800
2014-11-04,112.32,115.52,111.91,114.099998,1196300
2014-11-05,114.67,114.99,110.91,111.59,1099300
2014-11-06,112.43,117.61,111.85,117.29,1533600
2014-11-07,116.83,117.19,113.79,115.93,1307200
2014-11-10,116.16,117.56,114.0,116.94,1131700
2014-11-11,116.94,117.97,116.07,117.49,856300
2014-11-12,117.21,117.48,114.45,116.68,833800
2014-11-13,116.7,116.75,111.85,112.72,1240700
2014-11-14,113.46,114.23,110.050003,111.34,1127500
2014-11-17,110.8,112.28,110.26,111.62,930500
2014-11-18,111.17,112.6,109.87,111.040001,1815100
2014-11-19,111.029999,118.17,111.0,112.8,1988500
2014-11-20,112.88,113.0,109.34,112.89,2557400
2014-11-21,114.43,114.43,110.62,111.4,1300100
2014-11-24,111.55,113.96,111.32,113.8,1085900
2014-11-25,114.17,114.99,113.63,114.19,1786100
2014-11-26,114.68,116.27,113.89,115.39,1061100
2014-11-28,115.65,120.91,115.65,117.88,1121800
2014-12-01,117.89,119.76,115.37,116.85,1101000
2014-12-02,116.45,119.4,116.16,118.95,1168100
2014-12-03,120.2,121.88,119.0,120.18,1083600
2014-12-04,119.68,121.19,117.52,118.71,971700
2014-12-05,118.49,118.84,117.050003,117.95,1123100
2014-12-08,118.23,121.099998,117.95,119.38,1486000
2014-12-09,118.33,120.8,116.79,120.3,1056700
2014-12-10,120.18,121.65,116.73,117.2,1559700
2014-12-11,118.12,122.26,117.2,120.78,1299800
2014-12-12,118.87,121.089996,118.38,118.55,1326000
2014-12-15,120.17,120.24,112.59,112.88,2138000
2014-12-16,112.64,113.44,110.07,110.86,2109100
2014-12-17,110.37,112.95,108.7,111.85,2554200
2014-12-18,114.080002,118.67,111.66,117.74,2148300
2014-12-19,117.25,124.35,116.76,118.9,6131400
2014-12-22,118.92,122.17,116.0,116.68,2098100
2014-12-23,117.53,119.54,109.34,113.75,4062300
2014-12-24,113.75,117.29,113.31,115.15,519000
2014-12-26,115.56,118.83,115.51,118.41,573300
2014-12-29,117.91,120.0,116.84,119.79,929200
2014-12-30,119.36,120.42,119.010002,119.15,861200
2014-12-31,119.61,121.96,118.5,118.8,946300
2015-01-02,119.97,123.68,118.3,123.07,1434500
2015-01-05,122.27,122.78,119.34,121.029999,1681100
2015-01-06,121.31,122.58,116.8,117.36,2289700
2015-01-07,118.82,120.77,117.63,120.66,1219900
2015-01-08,122.0,124.0,121.14,123.97,1358300
2015-01-09,123.75,125.29,122.0,122.21,1069500
2015-01-12,123.010002,124.4,117.73,118.31,2783200
2015-01-13,120.4,123.85,119.7,120.6,1628100
2015-01-14,118.42,121.22,118.42,120.38,1224900
2015-01-15,120.78,121.39,117.68,117.78,1050200
2015-01-16,117.4,123.080002,117.15,122.86,1424700
2015-01-20,123.14,125.26,121.029999,124.74,1096100
2015-01-21,123.71,126.21,123.71,125.089996,1196800
2015-01-22,125.41,127.69,122.010002,127.3,1579300
2015-01-23,126.72,127.019997,125.019997,125.57,973000
2015-01-26,125.86,126.83,124.44,125.12,1203800
2015-01-27,123.91,126.54,123.51,123.67,1103800
2015-01-28,124.76,124.99,120.88,121.26,1830600
2015-01-29,112.4,115.94,111.28,114.14,4027000
2015-01-30,113.17,116.19,110.0,110.14,3027800
2015-02-02,110.31,111.36,107.080002,111.18,1797600
2015-02-03,111.18,111.66,106.62,108.72,2205100
2015-02-04,107.5,110.64,103.75,109.27,2302600
2015-02-05,109.42,111.86,108.27,111.59,1099200
2015-02-06,107.12,112.87,106.8,108.66,1718700
2015-02-09,108.29,109.6,107.16,107.88,1183800
2015-02-10,108.34,109.78,107.43,108.43,1282300
2015-02-11,108.68,110.22,107.23,108.62,990900
2015-02-12,109.43,109.97,108.07,109.63,1328800
2015-02-13,109.99,113.85,108.0,113.66,1689600
2015-02-17,113.61,115.68,112.54,113.4,999100
2015-02-18,112.34,113.78,111.84,113.57,960900
2015-02-19,113.47,113.99,111.68,111.97,1243800
2015-02-20,112.55,118.79,111.78,118.61,2466900
2015-02-23,118.28,119.91,116.07,117.12,1262600
2015-02-24,117.31,117.31,114.71,116.92,1011000
2015-02-25,115.44,121.5,115.43,118.84,1651100
2015-02-26,119.050003,120.23,116.5,119.97,1303300
2015-02-27,119.92,120.52,118.21,119.43,1050100
2015-03-02,120.62,120.72,118.44,120.17,1511200
2015-03-03,120.059998,123.82,119.11,123.52,1532500
2015-03-04,123.13,123.4,119.75,120.050003,1363200
2015-03-05,120.79,127.36,120.28,126.96,2413700
2015-03-06,126.84,126.96,124.78,126.34,1581100
2015-03-09,126.34,127.42,125.0,126.98,1403000
2015-03-10,125.89,126.38,123.9,124.14,1672400
2015-03-11,124.52,124.64,121.78,122.64,1570900
2015-03-12,123.21,123.66,121.18,123.31,1371600
2015-03-13,123.31,125.69,121.07,124.0,1353400
2015-03-16,124.86,129.42,124.77,127.73,1974500
2015-03-17,127.16,129.46001,126.46,129.14999,1195600
2015-03-18,129.63,130.95,127.51,129.78999,1926600
2015-03-19,131.16,134.41,130.070007,134.25,2143300
2015-03-20,135.0,136.33,130.63,131.0,5731400
2015-03-23,123.62,128.53999,122.0,125.79,5118500
2015-03-24,126.24,128.8,124.13,124.34,1780300
2015-03-25,124.5,126.29,118.16,118.64,2429900
2015-03-26,118.94,120.019997,116.61,117.6,1902900
2015-03-27,117.73,120.78,117.45,120.34,1617700
2015-03-30,121.23,122.14,119.52,121.25,1263800
2015-03-31,119.98,121.019997,117.81,117.97,1524100
2015-04-01,117.59,117.59,113.68,116.43,1910600
2015-04-02,115.85,117.74,114.32,117.23,1513900
2015-04-06,116.099998,120.0,115.11,118.25,1252200
2015-04-07,118.12,122.059998,118.12,120.47,1113200
2015-04-08,120.83,124.56,120.33,123.79,1356300
2015-04-09,123.67,125.75,123.089996,125.64,1091700
2015-04-10,126.76,128.78,125.84,128.47,1118700
2015-04-13,128.47,129.69,127.7,127.81,1004800
2015-04-14,127.75,128.99001,126.13,128.73,948400
2015-04-15,128.10001,130.25999,126.75,129.2,1203400
2015-04-16,129.029999,131.63,127.61,128.94,1142300
2015-04-17,127.52,128.89999,124.46,125.07,1579100
2015-04-20,126.14,127.010002,124.47,125.55,1351400
2015-04-21,128.8,135.31,127.21,132.2,3074000
2015-04-22,132.28,133.72,130.36,132.85001,1118900
2015-04-23,132.44,137.5,131.78999,135.82001,1671500
2015-04-24,133.61,135.94,132.94,133.2,1246300
2015-04-27,134.089996,135.070007,126.69,127.88,2258800
2015-04-28,128.27,130.0,123.89,125.47,1696300
2015-04-29,124.58,127.74,123.11,123.76,1705800
2015-04-30,124.17,128.69,121.3,123.28,1849700
2015-05-01,123.92,125.97,123.82,125.6,1170900
2015-05-04,126.07,129.22,125.46,126.3,1196700
2015-05-05,125.42,126.22,121.15,122.15,1434200
2015-05-06,122.61,125.16,121.38,122.93,1266600
2015-05-07,122.89,125.78,121.17,125.050003,1305800
2015-05-08,124.5,131.42,124.5,127.41,2294500
2015-05-11,129.0,129.53,123.53,124.080002,2293700
2015-05-12,124.080002,124.080002,124.080002,124.080002,569700
2015-05-13,131.25,131.36,125.0,125.52,3879400
2015-05-14,126.0,126.48,121.019997,123.0,2636900
2015-05-15,124.17,127.11,123.54,126.21,2213200
2015-05-18,126.21,127.47,125.16,127.31,1641100
2015-05-19,127.29,129.14999,126.41,128.31,1097100
2015-05-20,127.16,127.99,124.34,126.75,1703800
2015-05-21,126.42,127.099998,124.32,125.050003,1202600
2015-05-22,124.91,125.96,124.33,125.080002,1174000
2015-05-26,124.8,125.7,122.34,122.63,1139400
2015-05-27,123.23,127.9,121.81,127.8,1387100
2015-05-28,126.75,128.24001,126.36,127.4,799100
2015-05-29,126.92,128.87,125.67,128.28999,1212800
2015-06-01,128.48,128.98,126.11,126.8,946900
2015-06-02,126.28,127.5,123.3,124.8,1341800
2015-06-03,124.38,126.98,124.13,126.92,935700
2015-06-04,125.84,127.92,125.46,126.94,1221400
2015-06-05,126.099998,127.98,125.029999,127.35,707500
2015-06-08,127.0,127.27,124.94,125.52,892600
2015-06-09,125.76,125.84,122.89,124.080002,781200
2015-06-10,124.49,126.16,122.39,125.18,1291500
2015-06-11,125.86,126.88,125.15,126.35,1216100
2015-06-12,125.87,126.29,122.69,124.36,964300
2015-06-15,123.65,124.54,121.39,123.5,998300
2015-06-16,123.52,124.97,123.0,123.34,603800
2015-06-17,123.57,125.0,122.86,124.050003,782500
2015-06-18,124.62,127.75,123.94,127.63,1410700
2015-06-19,127.46,129.25999,126.54,128.039993,1925600
2015-06-22,127.99,129.24001,126.57,129.029999,887700
2015-06-23,129.57001,131.77,129.39,131.62,1333100
2015-06-24,131.67999,132.98,129.050003,129.59,1147600
2015-06-25,130.27,130.84,127.89,128.35001,1201700
2015-06-26,130.5,131.0,126.86,126.87,4661800
2015-06-29,125.8,126.47,121.84,122.029999,1289000
2015-06-30,124.33,125.16,122.39,123.48,1501400
2015-07-01,124.11,126.65,124.099998,126.19,1450800
2015-07-02,127.019997,132.0,126.0,131.25999,3660500
2015-07-06,128.95,130.62,126.9,128.83,2264600
2015-07-07,129.0,129.46001,125.59,127.48,1566900
2015-07-08,126.64,126.86,120.94,121.54,1994100
2015-07-09,123.010002,123.9,120.88,120.89,1660300
2015-07-10,122.75,123.39,121.2,122.95,1520500
2015-07-13,123.81,124.56,123.0,124.24,1067000
2015-07-14,124.99,129.83,123.24,129.44,1784700
2015-07-15,130.53999,136.36,130.25,133.53,3082400
2015-07-16,133.49001,134.32001,133.12,133.89999,2004200
2015-07-17,134.28999,134.48,132.28,134.17,1276700
2015-07-20,134.67999,135.14999,132.95,133.47,1045600
2015-07-21,133.66,133.89,129.91,130.97,1046800
2015-07-22,130.50999,132.12,129.94,131.020004,978500
2015-07-23,131.71001,131.95,129.92999,130.85001,869900
2015-07-24,130.020004,130.7,124.62,125.5,1362800
2015-07-27,124.24,125.35,121.31,123.23,2042300
2015-07-28,124.47,128.56,122.41,128.3,1944900
2015-07-29,128.28,128.98,125.27,125.62,1785300
2015-07-30,126.089996,135.89999,121.15,135.46001,3099800
2015-07-31,134.89,136.0,133.020004,135.0,1545500
2015-08-03,134.88,139.14999,134.67999,136.99001,2161100
2015-08-04,137.81,141.84,137.13,140.3,2013800
2015-08-05,141.59,143.16,139.75999,141.22,1374000
2015-08-06,141.25,142.36,137.22,139.44,1570300
2015-08-07,138.94,139.5,136.029999,137.74001,2440800
2015-08-10,139.17,143.45,139.16,139.63,1679200
2015-08-11,138.85001,139.13,134.029999,135.87,1475700
2015-08-12,134.48,138.28999,132.13,137.64,1160000
2015-08-13,137.89,140.0,136.89,137.37,1268700
2015-08-14,137.25,137.62,133.96001,136.88,956600
2015-08-17,136.39,140.059998,135.0099945,139.61,816300
2015-08-18,140.029999,141.49001,138.38,139.75999,949900
2015-08-19,140.45,142.49001,137.85001,141.48,1339000
2015-08-20,138.69,140.66,132.63,132.91,1861700
2015-08-21,131.33,133.42999,125.36,125.47,2505000
2015-08-24,117.54,128.14999,112.89,119.27,3315800
2015-08-25,126.71,126.84,120.89,121.17,2644400
2015-08-26,124.6,130.28999,121.81,130.11,2515900
2015-08-27,131.49001,133.99001,129.85001,133.75,2017500
2015-08-28,132.39,134.53,131.029999,134.050003,1240200
2015-08-31,132.71001,134.24001,127.41,127.52,1711100
2015-09-01,124.07,127.42,123.0,124.040001,1998500
2015-09-02,125.56,129.10001,124.0,129.0,1486900
2015-09-03,130.13,130.75999,126.15,126.53,1010200
2015-09-04,124.3,128.039993,123.81,126.99,1240700
2015-09-08,129.92999,133.49001,127.97,133.11,1346900
2015-09-09,134.49001,134.61,129.31,129.95,1104600
2015-09-10,129.21001,133.71001,129.21001,132.0,981700
2015-09-11,131.0,134.13,130.10001,134.059998,1056200
2015-09-14,136.31,136.67,132.71001,134.85001,1390200
2015-09-15,135.59,136.49001,133.39999,135.45,1115900
2015-09-16,135.99001,136.97,131.42,133.66,1186500
2015-09-17,134.029999,136.62,133.11,135.19,1175900
2015-09-18,132.25999,132.25999,123.98,124.16,4404900
2015-09-21,124.87,126.78,117.58,118.19,2583100
2015-09-22,116.42,116.99,110.41,114.41,4493700
2015-09-23,114.26,115.88,108.45,111.86,3310200
2015-09-24,110.3,112.94,109.019997,111.11,2671700
2015-09-25,112.31,113.38,101.0,103.28,3395500
2015-09-28,103.72,104.5,97.79,98.5,3948400
2015-09-29,97.84,105.46,97.45,99.83,3783500
2015-09-30,102.080002,105.84,101.58,104.14,2864000
2015-10-01,103.2,107.43,101.49,107.23,2487200
2015-10-02,107.24,115.23,106.010002,115.18,3527700
2015-10-05,116.76,117.21,112.52,114.52,2344400
2015-10-06,113.55,114.5,104.17,109.46,3566600
2015-10-07,110.54,112.48,106.52,109.4,2662000
2015-10-08,109.25,110.5,102.96,109.029999,2745700
2015-10-09,109.42,112.5,107.72,110.0,1861400
2015-10-12,110.64,114.25,109.080002,113.25,1860800
2015-10-13,112.51,114.56,109.17,109.4,1676200
2015-10-14,109.81,114.95,109.63,113.3,2336000
2015-10-15,113.07,115.88,111.47,115.79,2010300
2015-10-16,116.040001,118.83,112.5,114.32,1936500
2015-10-19,113.43,117.58,112.76,115.88,1894500
2015-10-20,115.71,115.87,110.07,110.25,1683700
2015-10-21,112.010002,112.41,106.3,109.62,1624500
2015-10-22,109.87,111.29,107.46,109.49,1844700
2015-10-23,110.81,114.55,110.080002,114.37,1656800
2015-10-26,114.29,117.28,112.11,114.77,1518600
2015-10-27,114.84,121.11,113.5,121.010002,2430900
2015-10-28,120.4,121.87,116.52,120.099998,3676500
2015-10-29,126.56,129.13,122.68,126.17,3563000
2015-10-30,126.93,126.93,122.69,124.74,2033500
2015-11-02,123.6,128.35001,122.71,126.94,1854700
2015-11-03,127.21,128.98,125.62,128.36,1811900
2015-11-04,128.88,128.94,122.56,124.9,1614400
2015-11-05,125.0,126.34,121.82,121.91,1485300
2015-11-06,120.25,121.34,117.010002,117.96,2526400
2015-11-09,117.7,120.11,116.94,118.85,1521300
2015-11-10,118.8,119.95,117.56,118.9,1034600
2015-11-11,119.59,119.9,117.52,118.2,1052300
2015-11-12,117.78,119.11,116.87,117.3,1022400
2015-11-13,117.13,123.089996,116.78,123.050003,2292600
2015-11-16,122.28,125.5,121.52,125.28,1615100
2015-11-17,125.080002,128.36,124.27,128.25999,1501700
2015-11-18,128.0099945,133.42,127.84,133.25999,1760800
2015-11-19,133.0099945,134.0,129.77,130.080002,1248300
2015-11-20,132.53999,133.64,130.11,130.55,1672900
2015-11-23,130.78,134.71001,130.12,132.28999,969400
2015-11-24,130.73,133.2,130.080002,133.13,1030900
2015-11-25,133.16,134.0,131.56,131.97,689900
2015-11-27,132.63,134.23,132.63,133.059998,340900
2015-11-30,132.88,133.41,129.2,129.36,1344700
2015-12-01,131.0,132.81,128.039993,130.36,1185100
2015-12-02,130.63,132.56,129.60001,130.41,930500
2015-12-03,130.25999,130.25999,120.46,122.059998,1770000
2015-12-04,122.82,125.87,122.58,125.17,1658100
2015-12-07,125.35,125.79,121.36,121.79,1510300
2015-12-08,121.019997,123.78,120.010002,123.29,1374900
2015-12-09,122.55,123.13,119.4,120.63,1555100
2015-12-10,119.55,123.12,119.51,121.87,1309300
2015-12-11,120.2,122.029999,117.23,117.64,2205700
2015-12-14,117.61,118.4,113.73,115.7,2272900
2015-12-15,117.040001,118.39,115.84,117.28,3948200
2015-12-16,118.27,119.38,113.77,118.53,2808200
2015-12-17,118.31,119.57,116.44,117.94,1219500
2015-12-18,117.17,119.31,116.48,116.51,2367500
2015-12-21,117.43,120.85,116.4,120.56,1237400
2015-12-22,121.089996,122.97,120.080002,122.74,1525900
2015-12-23,123.92,124.22,121.95,123.8,1162300
2015-12-24,124.38,125.4,124.2,124.84,367500
2015-12-28,123.99,124.74,122.72,123.95,677700
2015-12-29,124.97,129.17999,124.32,127.87,1168600
2015-12-30,127.68,127.95,125.93,126.4,658700
2015-12-31,125.55,127.6,124.91,125.83,797300
2016-01-04,123.029999,123.87,121.040001,122.89,2217600
2016-01-05,123.89,124.96,121.9,123.45,1299900
2016-01-06,120.8,123.17,119.51,122.23,1692400
2016-01-07,119.010002,119.82,113.85,114.96,2362600
2016-01-08,115.62,117.11,110.55,110.71,1823000
2016-01-11,109.88,109.94,101.49,103.95,3230700
2016-01-12,104.95,108.71,98.87,103.64,3253500
2016-01-13,104.3,105.5,95.68,96.37,5709200
2016-01-14,97.44,103.95,94.68,101.91,3688600
2016-01-15,98.15,100.13,95.089996,97.91,3222200
2016-01-19,100.54,101.46,92.57,94.99,2779800
2016-01-20,93.33,98.58,89.97,96.99,4088800
2016-01-21,97.059998,98.84,94.84,95.07,2881100
2016-01-22,97.0,97.81,93.65,94.71,2572900
2016-01-25,94.24,95.17,92.010002,92.12,2665400
2016-01-26,92.7,93.43,90.47,92.2,2561800
2016-01-27,92.35,96.089996,89.92,92.5,3626000
2016-01-28,91.0,94.089996,81.98,92.76,8088500
2016-01-29,92.72,94.49,90.0,90.75,3485600
2016-02-01,91.92,93.99,89.75,92.39,2913200
2016-02-02,90.59,92.68,89.43,90.98,3142900
2016-02-03,91.54,93.98,86.12,93.88,3256700
2016-02-04,93.49,96.35,90.71,91.72,2453000
2016-02-05,89.78,92.23,84.54,86.61,4571300
2016-02-08,85.23,85.85,79.81,82.0,4215100
2016-02-09,80.25,83.53,79.44,80.14,4159500
2016-02-10,82.26,84.059998,80.25,81.73,4115300
2016-02-11,79.21,81.17,78.51,79.71,3894600
2016-02-12,81.94,83.81,79.5,83.23,2771700
2016-02-16,85.42,85.85,83.010002,85.37,2191100
2016-02-17,86.07,88.46,83.5,88.25,2276300
2016-02-18,87.87,88.47,85.76,86.64,2133900
2016-02-19,85.99,88.51,84.040001,88.080002,2029700
2016-02-22,89.41,91.6,87.85,89.0,1599900
2016-02-23,88.059998,89.3,84.76,85.28,1757700
2016-02-24,84.12,87.089996,82.44,86.77,1809400
2016-02-25,87.33,88.94,84.34,85.53,1387800
2016-02-26,86.44,87.93,85.39,87.0,1408200
2016-02-29,86.83,88.97,84.6,85.49,1757500
2016-03-01,86.13,89.61,84.26,89.57,1991100
2016-03-02,88.94,93.42,88.75,92.52,2779100
2016-03-03,92.25,93.0,89.099998,89.45,1575700
2016-03-04,89.91,90.19,87.92,88.36,1703400
2016-03-07,87.36,91.0,85.94,90.95,1642900
2016-03-08,90.63,90.89,85.050003,86.91,2776500
2016-03-09,87.45,87.45,84.35,84.63,2201800
2016-03-10,85.16,85.43,81.16,82.28,2456600
2016-03-11,83.82,86.34,83.029999,86.26,1715900
2016-03-14,86.11,86.96,83.98,85.59,2014300
2016-03-15,84.55,85.41,82.25,82.83,1762600
2016-03-16,82.059998,83.34,77.51,79.3,2957300
2016-03-17,79.33,80.089996,75.9,79.18,2658000
2016-03-18,79.74,83.14,78.47,82.52,3768300
2016-03-21,82.010002,84.75,81.52,84.019997,1784000
2016-03-22,83.65,86.91,83.31,86.78,1785200
2016-03-23,86.0,86.0,80.0,80.15,2198100
2016-03-24,79.71,82.19,78.25,80.58,1888300
2016-03-28,80.85,81.26,77.67,78.7,1508400
2016-03-29,78.49,79.37,76.79,79.24,1742100
2016-03-30,80.11,81.99,77.69,78.4,1729500
2016-03-31,78.72,82.099998,77.81,79.49,3259400
2016-04-01,79.019997,79.25,75.92,79.15,3638700
2016-04-04,79.81,84.4,79.19,82.87,2744000
2016-04-05,82.54,86.48,81.52,84.16,2849000
2016-04-06,83.82,91.76,83.7,91.31,3460300
2016-04-07,90.31,91.78,85.93,86.3,2797600
2016-04-08,87.29,88.0,84.18,85.25,1539700
2016-04-11,85.96,86.79,84.059998,84.47,1413000
2016-04-12,84.79,85.19,82.54,83.37,1832700
2016-04-13,84.040001,85.64,83.2,85.18,2128100
2016-04-14,85.13,88.080002,84.73,87.080002,1319200
2016-04-15,87.42,87.6,81.019997,81.75,4163700
2016-04-18,81.42,85.9,81.42,83.22,2495600
2016-04-19,84.0,84.78,82.61,83.21,1667900
2016-04-20,83.72,84.9,83.25,84.11,1492300
2016-04-21,84.39,87.49,84.099998,86.81,1731200
2016-04-22,86.36,87.38,84.080002,86.8,1279000
2016-04-25,86.26,87.45,85.019997,85.66,1460100
2016-04-26,85.8,86.019997,83.29,84.14,1689800
2016-04-27,83.79,85.76,81.78,84.5,2614900
2016-04-28,81.24,90.25,78.84,86.75,5463300
2016-04-29,85.9,86.23,83.4,84.34,2888000
2016-05-02,84.24,84.7,80.62,83.0,2165400
2016-05-03,82.18,83.27,80.81,82.16,2063400
2016-05-04,81.98,82.91,80.31,80.63,1907400
2016-05-05,81.41,84.07,80.63,84.0,1814600
2016-05-06,83.23,85.66,82.95,85.54,1999300
2016-05-09,85.54,88.94,85.51,88.059998,1800800
2016-05-10,88.58,89.099998,86.26,89.080002,2095100
2016-05-11,88.96,89.07,83.53,83.63,1662700
2016-05-12,84.24,84.83,80.58,82.099998,2047100
2016-05-13,81.79,83.029999,81.059998,81.38,1120000
2016-05-16,81.64,83.22,81.38,82.14,2075500
2016-05-17,81.46,82.49,80.41,80.71,2166700
2016-05-18,80.27,82.25,80.27,81.71,1926300
2016-05-19,80.89,82.29,80.25,81.010002,1674400
2016-05-20,81.029999,85.0,80.55,84.7,1659100
2016-05-23,84.28,85.6,83.3,84.42,1223800
2016-05-24,83.7,88.44,83.62,88.42,1503000
2016-05-25,88.99,89.73,88.14,89.56,1598600
2016-05-26,89.050003,89.93,87.24,89.19,1325300
2016-05-27,89.28,90.49,88.37,90.38,1109500
2016-05-31,90.62,93.6,90.61,93.15,1741000
2016-06-01,92.9,94.35,92.68,93.9,1433000
2016-06-02,93.64,95.88,93.11,95.82,1295100
2016-06-03,95.62,95.69,92.62,93.96,1473300
2016-06-06,94.49,96.49,92.47,96.089996,1259900
2016-06-07,95.22,95.85,93.56,94.77,1852000
2016-06-08,95.029999,96.0,93.42,94.59,1690400
2016-06-09,94.0,94.55,92.18,92.49,1191800
2016-06-10,92.48,93.080002,90.82,91.49,1432000
2016-06-13,91.24,92.47,90.059998,90.54,1203300
2016-06-14,90.080002,91.65,89.52,91.37,1253800
2016-06-15,91.35,91.98,90.4,90.84,1083200
2016-06-16,89.95,90.68,88.58,90.41,1284100
2016-06-17,90.46,91.24,85.88,86.73,2658900
2016-06-20,87.74,89.010002,86.52,86.72,1272900
2016-06-21,86.8,87.64,83.5,85.28,1881900
2016-06-22,85.2,89.17,85.089996,85.22,1917800
2016-06-23,86.21,88.28,85.040001,88.2,1398000
2016-06-24,83.58,85.79,81.82,81.9,2298500
2016-06-27,81.17,82.089996,79.59,79.84,1906000
2016-06-28,80.54,83.55,80.54,83.44,1536400
2016-06-29,83.85,85.94,82.69,85.0,1754300
2016-06-30,85.23,86.64,84.080002,86.019997,1418500
2016-07-01,85.67,88.46,85.17,87.74,1292700
2016-07-05,87.11,87.33,85.53,86.51,870100
2016-07-06,86.16,89.9,85.92,89.66,1705300
2016-07-07,89.69,90.83,89.0,90.050003,1254000
2016-07-08,90.080002,90.43,88.65,88.96,1794300
2016-07-11,90.089996,90.82,89.27,90.099998,1388200
2016-07-12,91.099998,91.45,89.14,89.63,1547000
2016-07-13,90.32,90.41,87.7,87.78,945700
2016-07-14,88.98,89.080002,87.5,88.15,990200
2016-07-15,89.34,90.86,88.050003,90.21,1309200
2016-07-18,90.059998,90.8,89.32,89.42,1127200
2016-07-19,89.080002,89.72,86.64,87.43,1112300
2016-07-20,87.3,91.22,86.53,91.15,1309400
2016-07-21,91.34,93.61,91.0,93.21,1783300
2016-07-22,93.63,94.29,92.7,93.89,1235500
2016-07-25,93.51,96.52,93.46,95.77,1912000
2016-07-26,95.9,95.91,93.87,94.98,1657900
2016-07-27,94.65,97.059998,94.65,96.010002,2299200
2016-07-28,95.35,98.5,95.080002,96.21,1455300
2016-07-29,96.28,97.07,95.41,97.0,1012800
2016-08-01,97.31,98.98,96.85,98.2,1988600
2016-08-02,97.43,99.45,96.010002,99.14,2144300
2016-08-03,99.24,101.5,99.12,100.44,1492100
2016-08-04,100.82,101.019997,98.82,100.28,1414100
2016-08-05,100.46,102.94,99.77,102.43,1113800
2016-08-08,102.69,103.089996,100.73,102.47,1578200
2016-08-09,103.089996,103.73,102.38,102.83,1156000
2016-08-10,102.78,102.78,99.49,99.7,1163900
2016-08-11,99.84,101.28,99.59,101.21,744400
2016-08-12,100.79,101.65,98.56,101.53,605300
2016-08-15,101.96,102.79,101.52,102.48,547800
2016-08-16,100.99,101.94,99.82,100.0,1183500
2016-08-17,100.36,100.36,98.8,99.89,852900
2016-08-18,99.74,100.14,98.79,99.099998,744600
2016-08-19,98.75,98.78,97.29,98.010002,891300
2016-08-22,98.78,101.8,98.0,100.96,1346600
2016-08-23,101.16,102.34,100.66,100.99,844300
2016-08-24,101.2,102.49,96.27,96.71,1494500
2016-08-25,97.089996,98.87,95.16,96.38,1349400
2016-08-26,96.94,98.34,96.13,97.089996,731100
2016-08-29,97.48,97.77,95.57,96.94,595200
2016-08-30,96.77,97.45,95.58,95.8,674400
2016-08-31,95.98,96.16,94.010002,94.51,797500
2016-09-01,95.029999,95.88,93.14,94.75,966600
2016-09-02,94.76,95.54,93.65,95.11,843100
2016-09-06,95.18,96.81,94.53,95.78,877600
2016-09-07,95.8,96.69,95.17,95.6,928300
2016-09-08,95.69,97.8,94.43,97.31,1021700
2016-09-09,96.31,97.31,93.44,93.68,1313600
2016-09-12,93.41,98.050003,93.099998,97.86,1123600
2016-09-13,96.61,96.83,93.75,95.27,927300
2016-09-14,95.019997,97.77,88.16,90.12,4992600
2016-09-15,90.6,94.43,89.35,93.099998,2569300
2016-09-16,92.9,93.13,90.67,92.71,2130300
2016-09-19,93.21,93.59,91.089996,91.26,1183200
2016-09-20,92.07,92.52,90.98,91.69,934800
2016-09-21,91.99,92.71,89.080002,91.82,1936800
2016-09-22,92.83,93.35,90.010002,92.12,1191800
2016-09-23,92.27,92.96,90.27,90.63,1222200
2016-09-26,90.050003,91.23,88.099998,88.29,1608100
2016-09-27,88.23,89.19,87.25,89.12,1520300
2016-09-28,90.51,90.73,86.87,88.84,1715000
2016-09-29,88.45,90.77,84.99,85.0,2381100
2016-09-30,85.25,88.91,83.5,87.21,2545700
2016-10-03,86.46,87.48,84.62,86.79,1371300
2016-10-04,86.94,87.25,85.75,86.42,1081100
2016-10-05,86.85,88.24,86.089996,87.65,964400
2016-10-06,86.74,86.88,84.88,84.96,1375000
2016-10-07,85.36,85.95,84.23,85.7,983300
2016-10-10,86.35,86.95,85.83,85.98,799800
2016-10-11,85.15,86.080002,80.78,81.66,2329300
2016-10-12,81.81,82.82,80.040001,80.15,2255400
2016-10-13,79.55,81.56,79.52,80.56,2114100
2016-10-14,81.13,82.23,79.2,79.23,1977000
2016-10-17,79.36,81.54,78.5,80.5,1934600
2016-10-18,81.73,83.14,81.73,82.96,1510200
2016-10-19,82.79,82.89,81.21,81.83,1318800
2016-10-20,81.4,83.26,81.4,82.92,1045900
2016-10-21,82.34,82.6,80.69,80.76,1142900
2016-10-24,80.0,80.4,77.9,78.73,2032700
2016-10-25,78.88,79.75,77.43,78.71,2557700
2016-10-26,81.9,82.81,76.67,78.71,4337900
2016-10-27,79.39,81.050003,75.010002,75.84,3549000
2016-10-28,75.35,79.3,74.95,77.58,3400700
2016-10-31,77.61,77.88,75.77,75.86,1928200
2016-11-01,75.089996,77.99,73.31,77.88,2458200
2016-11-02,77.6,78.43,76.77,78.0,2580400
2016-11-03,78.43,78.52,77.55,77.69,2371000
2016-11-04,77.39,80.92,77.39,78.96,1902100
2016-11-07,80.38,83.94,79.31,83.22,2170100
2016-11-08,82.73,84.21,81.85,82.99,1768000
2016-11-09,88.92,93.8,87.79,92.88,3988000
2016-11-10,94.07,97.93,94.059998,95.36,4130900
2016-11-11,94.28,95.25,89.97,92.0,2631100
2016-11-14,92.33,94.51,89.64,94.42,2485100
2016-11-15,94.14,94.68,91.96,93.059998,2265700
2016-11-16,92.58,93.059998,90.43,90.47,1487000
2016-11-17,90.67,92.4,90.010002,91.2,1320100
2016-11-18,90.94,91.48,89.0,89.44,1265400
2016-11-21,89.95,90.51,88.76,89.050003,1278200
2016-11-22,89.32,89.75,85.4,86.2,1765600
2016-11-23,85.37,87.47,84.26,87.34,1040900
2016-11-25,87.71,87.97,86.29,87.77,814400
2016-11-28,87.47,88.0,86.13,86.9,1855300
2016-11-29,86.21,87.5,84.4,85.65,1745500
2016-11-30,85.86,86.91,81.59,81.61,2292700
2016-12-01,81.85,82.53,77.75,77.82,2662600
2016-12-02,77.65,78.010002,75.38,75.5,4580500
2016-12-05,76.13,77.33,75.25,75.55,2588600
2016-12-06,75.77,78.39,75.040001,78.12,1816700
2016-12-07,76.7,76.94,74.089996,75.32,2569100
2016-12-08,75.98,77.34,74.59,77.22,1773400
2016-12-09,77.7,79.67,76.28,76.67,1618500
2016-12-12,76.58,76.92,75.24,76.080002,1731700
2016-12-13,76.62,77.77,76.080002,76.6,1210100
2016-12-14,76.34,78.69,76.0,78.33,3200100
2016-12-15,78.0,78.62,76.27,77.050003,1972200
2016-12-16,77.35,78.9,76.29,76.8,2280200
2016-12-19,76.46,78.45,76.050003,76.3,1555100
2016-12-20,76.44,76.85,75.97,76.44,1327000
2016-12-21,76.3,76.8,72.41,72.6,2845100
2016-12-22,72.61,73.0,71.46,72.019997,2486200
2016-12-23,72.11,74.81,71.96,74.31,1485200
2016-12-27,74.32,76.28,74.32,75.19,1032800
2016-12-28,75.2,75.5,74.52,74.59,1166000
2016-12-29,74.45,75.010002,73.73,74.44,938600
2016-12-30,74.67,74.99,73.23,73.67,1357400
2017-01-03,74.43,74.99,73.34,74.89,1761900
2017-01-04,75.22,78.089996,74.87,77.050003,1667700
2017-01-05,77.15,79.61,76.15,79.059998,2354700
2017-01-06,78.94,79.7,77.56,79.39,1669800
2017-01-09,79.8,83.62,77.089996,82.86,4522500
2017-01-10,82.6,83.47,81.69,82.93,2109700
2017-01-11,83.17,85.37,80.38,81.93,2785200
2017-01-12,81.61,82.68,80.5,82.39,1351700
2017-01-13,82.4,84.41,81.71,83.17,1518600
2017-01-17,82.35,82.55,79.78,81.55,1501500
2017-01-18,81.88,82.87,81.58,82.52,1620700
2017-01-19,82.55,82.72,80.51,80.91,1653000
2017-01-20,81.47,82.46,80.89,81.37,1105600
2017-01-23,81.089996,81.75,80.059998,81.4,1124000
2017-01-24,81.42,82.6,80.55,82.24,1366600
2017-01-25,82.55,85.62,82.35,85.19,2654600
2017-01-26,85.75,87.91,84.050003,85.33,2531700
2017-01-27,85.62,87.5,85.099998,87.37,1861100
2017-01-30,87.07,87.07,83.78,84.38,1805700
2017-01-31,83.77,85.95,82.66,85.87,2418400
2017-02-01,85.98,86.43,84.33,86.24,1754700
2017-02-02,85.99,86.9,85.16,86.72,1290800
2017-02-03,87.099998,87.27,85.77,86.73,1226800
2017-02-06,86.22,87.98,85.73,87.42,1423800
2017-02-07,87.29,88.12,86.07,86.84,1285200
2017-02-08,86.27,87.8,85.79,87.72,1310100
2017-02-09,88.089996,89.42,87.7,89.27,1520000
2017-02-10,89.21,89.64,87.89,88.15,1633800
2017-02-13,88.39,88.64,87.25,87.72,1123500
2017-02-14,87.89,89.26,87.34,88.91,2321600
2017-02-15,88.69,89.46,88.34,89.37,1329800
2017-02-16,89.62,89.94,87.050003,87.7,1322200
2017-02-17,87.69,88.98,86.9,88.33,1429000
2017-02-21,88.34,89.0,86.010002,86.55,1665300
2017-02-22,86.55,87.33,85.72,85.79,1263200
2017-02-23,86.2,86.63,84.39,85.73,890800
2017-02-24,85.73,86.11,84.62,86.07,1406800
2017-02-27,86.19,88.95,85.84,88.9,2073700
2017-02-28,89.17,91.95,88.79,90.62,2401900
2017-03-01,91.8,92.26,89.83,90.31,2089400
2017-03-02,89.94,91.059998,89.57,89.89,1060900
2017-03-03,89.54,90.39,88.95,90.19,1422600
2017-03-06,89.75,91.68,88.87,90.91,1587700
2017-03-07,90.14,91.7,89.77,91.32,1960700
2017-03-08,91.11,93.4,91.11,92.18,1763100
2017-03-09,92.45,93.6,91.96,93.57,1217100
2017-03-10,94.15,94.22,92.95,93.98,1533700
2017-03-13,94.24,94.24,92.93,92.95,897600
2017-03-14,92.6,93.089996,92.16,92.74,695200
2017-03-15,93.21,95.0,93.13,94.57,1031400
2017-03-16,94.38,94.86,91.7,92.36,1449700
2017-03-17,92.97,93.5,91.76,91.92,2501000
2017-03-20,92.0,92.61,91.23,91.31,1382500
2017-03-21,91.81,91.83,89.44,89.5,1711800
2017-03-22,89.95,90.25,89.059998,90.040001,1336700
2017-03-23,90.0,90.75,88.94,89.050003,1043600
2017-03-24,89.74,90.48,89.12,89.98,1064400
2017-03-27,89.28,91.49,88.9,90.8,1383200
2017-03-28,90.31,90.76,89.22,89.67,1561400
2017-03-29,106.029999,111.88,106.029999,108.010002,13681500
2017-03-30,107.88,109.73,106.52,107.29,3024400
2017-03-31,107.89,109.49,106.54,109.35,2849200
2017-04-03,109.010002,110.49,107.31,107.45,2040800
2017-04-04,107.24,112.69,107.24,112.29,2913800
2017-04-05,112.35,116.86,111.22,114.11,4032600
2017-04-06,114.11,114.88,113.17,114.26,1959300
2017-04-07,114.35,117.65,114.07,115.88,2108100
2017-04-10,115.66,116.66,112.94,114.059998,2116600
2017-04-11,113.42,114.35,111.32,114.23,1794300
2017-04-12,114.23,115.8,113.69,114.86,1161900
2017-04-13,114.7,116.11,113.22,113.8,1600000
2017-04-17,114.39,115.23,113.95,114.81,1183700
2017-04-18,114.62,115.48,113.83,114.65,1136500
2017-04-19,115.55,116.63,114.29,114.63,1570400
2017-04-20,115.2,117.99,114.13,117.26,1495500
2017-04-21,117.17,117.69,115.92,116.7,2803900
2017-04-24,117.66,118.79,117.31,117.66,1503000
2017-04-25,117.79,118.41,116.92,117.27,1243000
2017-04-26,118.080002,118.080002,116.07,116.34,1759100
2017-04-27,116.0,118.26,116.0,117.42,1424400
2017-04-28,119.5,120.5,115.45,118.3,3387200
2017-05-01,118.98,120.73,117.99,120.62,2108800
2017-05-02,120.82,121.96,116.4,118.47,2465400
2017-05-03,118.52,119.36,117.88,119.050003,1333300
2017-05-04,119.59,119.95,115.91,116.39,1672700
2017-05-05,116.54,116.7,113.66,114.84,2545100
2017-05-08,114.56,115.65,113.81,115.059998,1544400
2017-05-09,115.5,117.0,114.38,116.63,1185200
2017-05-10,116.55,116.55,114.22,115.35,1414000
2017-05-11,115.41,115.54,113.84,115.36,1395100
2017-05-12,115.12,116.23,113.84,114.6,986000
2017-05-15,114.64,116.35,113.8,116.23,1100500
2017-05-16,117.36,118.13,115.13,118.089996,1320400
2017-05-17,117.44,117.88,114.2,114.38,1717900
2017-05-18,115.55,118.61,115.42,117.93,2154800
2017-05-19,117.77,118.82,117.099998,118.019997,1564700
2017-05-22,118.57,119.27,117.51,118.94,1062000
2017-05-23,118.94,119.27,115.87,116.59,1860000
2017-05-24,116.86,118.44,115.099998,117.8,1818300
2017-05-25,118.0,119.42,117.38,118.6,1393200
2017-05-26,118.099998,120.82,118.050003,119.92,1477800
2017-05-30,119.52,120.99,119.19,120.39,1634800
2017-05-31,120.95,123.78,120.61,123.6,2813600
2017-06-01,124.0,127.89,123.54,127.16,3356300
2017-06-02,128.44,130.0,126.99,129.89999,2837100
2017-06-05,127.85,130.69,127.22,130.17,2030000
2017-06-06,129.38,129.86,127.51,127.72,1250600
2017-06-07,128.27,128.91,122.93,124.99,2635200
2017-06-08,125.0,126.16,124.07,125.91,1954800
2017-06-09,126.48,127.080002,122.47,122.66,1791100
2017-06-12,122.19,123.54,121.26,122.35,2043400
2017-06-13,122.38,122.75,120.77,122.49,1344400
2017-06-14,122.78,125.8,122.37,124.71,1759300
2017-06-15,123.76,124.48,121.15,124.040001,1017700
2017-06-16,124.059998,124.97,122.54,123.14,3152300
2017-06-19,123.99,126.37,123.8,125.58,1509100
2017-06-20,125.54,127.97,123.82,126.33,1737600
2017-06-21,126.72,134.99001,126.52,134.83,3239800
2017-06-22,134.64999,137.25999,132.75999,135.53,2890100
2017-06-23,136.58,137.0,132.12,133.5,2172600
2017-06-26,133.83,135.029999,131.62,133.41,1289000
2017-06-27,133.14999,133.17999,129.10001,129.23,1723700
2017-06-28,129.69,131.62,128.94,131.11,1191700
2017-06-29,129.66,130.92,126.32,127.24,1368300
2017-06-30,132.2,132.39,126.59,128.87,1582300
2017-07-03,129.49001,129.89,126.68,128.23,825200
2017-07-05,128.31,130.44,127.34,129.0,1320600
2017-07-06,127.32,128.94,125.5,128.46001,1171800
2017-07-07,129.14,130.88,129.12,130.35001,1019900
2017-07-10,129.92999,130.36,128.64,128.66,1517300
2017-07-11,129.71001,132.5,129.25999,132.17,1336500
2017-07-12,133.38,133.62,130.60001,131.44,1288000
2017-07-13,131.74001,131.74001,128.39,130.92,1600600
2017-07-14,131.77,131.81,130.42999,130.99001,1278200
2017-07-17,130.44,132.050003,128.25999,129.21001,1136200
2017-07-18,129.21001,132.3,127.67,132.16,3311600
2017-07-19,161.8,167.0,158.88,159.69,16800100
2017-07-20,159.94,161.75999,157.25,159.33,4927400
2017-07-21,158.14,163.64,156.53,163.17,3176400
2017-07-24,162.33,166.58,160.91,166.11,2444500
2017-07-25,166.94,167.86,161.72,161.97,2424100
2017-07-26,162.14999,164.53,161.7,163.42,2087200
2017-07-27,160.88,163.32001,153.5,156.19,3918900
2017-07-28,155.3,157.2,153.58,154.14999,1880400
2017-07-31,152.99001,154.49001,151.53999,151.82001,2972700
2017-08-01,153.029999,154.070007,150.64,153.2,1621100
2017-08-02,151.8,157.91,151.47,157.55,1781700
2017-08-03,155.72,157.27,152.25999,154.029999,1407100
2017-08-04,154.67999,155.17,153.0099945,154.53999,807800
2017-08-07,152.60001,156.63,152.60001,156.47,926300
2017-08-08,156.12,156.55,152.89999,153.25999,892900
2017-08-09,153.020004,155.089996,152.19,152.58,1038000
2017-08-10,152.0099945,152.039993,148.5,148.53999,1302800
2017-08-11,149.35001,154.080002,149.020004,153.78,1551500
2017-08-14,154.52,155.87,153.53999,154.49001,1081800
2017-08-15,154.45,155.28,152.55,152.72,734900
2017-08-16,152.78999,153.25999,150.31,151.37,913400
2017-08-17,150.92999,152.41,148.52,148.53999,1019200
2017-08-18,147.64999,150.11,147.17999,148.13,887000
2017-08-21,148.0,150.25999,147.42,149.0099945,1090100
2017-08-22,149.19,155.92,149.19,155.48,1659700
2017-08-23,154.46001,154.89999,152.050003,153.25,989400
2017-08-24,153.60001,156.63,151.10001,156.080002,1148700
2017-08-25,156.88,156.92999,152.25,153.27,943400
2017-08-28,154.64,154.91,151.050003,153.39999,1187900
2017-08-29,151.86,154.16,151.77,152.89,888400
2017-08-30,152.52,158.089996,152.52,156.28999,1246900
2017-08-31,156.57001,160.85001,154.029999,160.53999,3329500
2017-09-01,160.75999,163.64,158.85001,162.24001,1708700
2017-09-05,161.37,162.070007,157.0,159.070007,1327000
2017-09-06,159.5,160.8,156.91,157.080002,1328400
2017-09-07,157.080002,159.67999,155.52,159.41,1236000
2017-09-08,159.61,161.44,157.38,158.83,1064700
2017-09-11,161.050003,161.46001,155.33,157.81,1519900
2017-09-12,156.64999,157.78999,155.39999,156.82001,800600
2017-09-13,156.78999,157.95,155.7,156.8,995100
2017-09-14,156.050003,156.56,152.88,153.38,1461700
2017-09-15,153.86,155.95,152.64,153.61,3112900
2017-09-18,153.59,155.11,151.78999,153.2,1386900
2017-09-19,153.27,154.10001,151.60001,153.0,1428300
2017-09-20,153.28999,155.14,151.50999,152.72,1931400
2017-09-21,153.22,153.28999,151.69,152.059998,808200
2017-09-22,151.53999,152.070007,148.58,151.25999,1269900
2017-09-25,151.19,152.78999,148.77,149.10001,1741200
2017-09-26,149.85001,150.82001,148.0,148.46001,1762000
2017-09-27,148.86,150.98,147.3,149.070007,2112300
2017-09-28,148.60001,150.99001,147.60001,149.62,2111100
2017-09-29,151.21001,152.34,149.17999,152.039993,1500200
2017-10-02,151.23,153.17,150.10001,152.23,2057700
2017-10-03,152.21001,152.99001,150.17999,152.50999,995000
2017-10-04,152.25999,153.82001,151.36,152.50999,970200
2017-10-05,153.089996,153.57001,150.96001,152.3,1273700
2017-10-06,152.42999,156.46001,152.31,155.10001,1551100
2017-10-09,155.85001,157.28999,154.46001,155.55,1141900
2017-10-10,155.19,156.23,153.5,154.52,1055500
2017-10-11,153.85001,154.64,151.64999,154.020004,1757600
2017-10-12,152.92999,154.85001,152.84,153.98,1535000
2017-10-13,155.0,155.49001,152.67999,152.91,930100
2017-10-16,153.11,157.78,153.10001,154.7,2328400
2017-10-17,154.55,156.0,154.020004,155.050003,795400
2017-10-18,155.28999,158.039993,154.020004,154.75999,1050400
2017-10-19,154.57001,155.78999,152.42,154.60001,1308800
2017-10-20,154.97,155.85001,152.60001,154.63,1320400
2017-10-23,155.32001,155.35001,150.67999,151.059998,1552200
2017-10-24,151.059998,152.87,148.34,151.11,1829600
2017-10-25,150.080002,151.089996,146.080002,146.8,2389000
2017-10-26,144.88,147.42999,139.050003,143.75999,3735300
2017-10-27,141.41,150.14999,141.020004,150.11,2747600
2017-10-30,149.71001,152.8,148.87,149.53,1750500
2017-10-31,149.34,149.34,141.82001,146.23,2457100
2017-11-01,147.35001,147.35001,142.39,142.63,2412600
2017-11-02,142.0099945,146.50999,142.0099945,144.89999,2050000
2017-11-03,143.050003,150.080002,142.99001,149.97,1884900
2017-11-06,148.17,150.59,146.83,148.98,1608300
2017-11-07,149.029999,151.34,148.32001,151.31,1385000
2017-11-08,151.50999,152.0,146.69,147.39999,1191700
2017-11-09,146.25999,148.5,144.32001,148.17,1132400
2017-11-10,148.25999,149.27,146.10001,148.74001,861000
2017-11-13,147.44,148.73,146.25,148.029999,743600
2017-11-14,147.39999,149.050003,145.42,147.82001,1209100
2017-11-15,147.28999,151.75,146.3,148.66,1086600
2017-11-16,148.77,150.33,147.75,147.94,1516400
2017-11-17,147.7,148.78999,146.64999,147.41,903600
2017-11-20,146.92,147.46001,143.42999,144.64,1451600
2017-11-21,145.71001,146.36,143.50999,145.11,1501100
2017-11-22,145.42,147.39,144.81,147.039993,907000
2017-11-24,146.080002,147.89999,146.039993,146.55,661000
2017-11-27,146.84,149.28999,146.72,148.55,1197700
2017-11-28,148.86,149.0,146.050003,147.32001,1117000
2017-11-29,147.0099945,148.34,142.44,143.75,1313900
2017-11-30,144.19,146.10001,143.95,144.28999,1739300
2017-12-01,143.089996,144.7,139.86,140.78999,2448300
2017-12-04,141.99001,142.7,138.67,138.78999,2127700
2017-12-05,138.60001,141.67,138.020004,138.36,1374000
2017-12-06,138.3,139.41,136.83,137.28,1582700
2017-12-07,137.92,140.85001,136.5,138.78,1687500
2017-12-08,139.8,144.8,139.11,143.61,1725500
2017-12-11,143.73,143.91,139.8,141.67999,1475200
2017-12-12,140.039993,142.080002,140.039993,140.91,1010200
2017-12-13,141.92999,146.36,141.55,144.8,2024200
2017-12-14,145.57001,146.32001,142.28,142.53,1411300
2017-12-15,143.97,145.96001,142.050003,145.86,3246100
2017-12-18,146.99001,147.94,145.17,145.44,1231900
2017-12-19,145.57001,147.34,144.27,145.14999,1051100
2017-12-20,145.050003,146.25999,144.36,145.12,813600
2017-12-21,145.23,149.98,144.67999,148.82001,2290100
2017-12-22,148.2,151.10001,147.8,149.97,1459200
2017-12-26,149.5,151.49001,149.5,150.60001,777700
2017-12-27,151.13,152.7,150.3,151.55,939100
2017-12-28,152.19,152.49001,148.75,151.17,957400
2017-12-29,150.45,151.66,149.75,149.86,881900
2018-01-02,150.0,153.3,147.72,152.91,1382000
2018-01-03,153.5,153.5,148.58,152.0099945,1604000
2018-01-04,153.39,153.97,151.63,153.070007,1345100
2018-01-05,155.53999,157.35001,154.10001,155.69,1940000
2018-01-08,155.14999,157.21001,153.35001,156.89,1987000
2018-01-09,156.81,157.88,154.50999,156.0099945,1487700
2018-01-10,156.0,157.87,154.21001,157.38,1701000
2018-01-11,158.0,159.050003,156.62,158.39999,950600
2018-01-12,157.16,158.42,156.35001,157.92999,1561100
2018-01-16,158.28,159.87,155.14,155.71001,1834800
2018-01-17,157.74001,157.94,155.25999,156.99001,1270100
2018-01-18,156.36,157.50999,154.22,157.19,1250900
2018-01-19,157.3,159.5,156.32001,157.97,2085300
2018-01-22,158.75999,161.95,157.98,161.91,1689000
2018-01-23,163.7,167.31,163.24001,166.58,3058700
2018-01-24,167.080002,169.28999,165.38,167.45,2492700
2018-01-25,168.69,169.11,165.94,166.24001,1270600
2018-01-26,167.14,169.3,166.10001,169.21001,1495100
2018-01-29,169.13,171.25999,166.42,167.14,1828700
2018-01-30,166.37,168.080002,164.0,166.53999,2184600
2018-01-31,166.72,168.59,164.53,166.87,2323800
2018-02-01,174.11,174.96001,163.17,172.99001,5090000
2018-02-02,169.42,169.96001,163.64,166.24001,3455100
2018-02-05,163.080002,165.87,155.029999,155.14,2906900
2018-02-06,152.63,159.78999,151.35001,159.27,3114600
2018-02-07,157.10001,160.11,155.62,155.67,1812900
2018-02-08,155.32001,157.62,151.59,151.60001,2854000
2018-02-09,152.92,154.63,146.21001,152.96001,2719800
2018-02-12,153.41,154.17999,148.61,152.0099945,2242200
2018-02-13,151.39999,155.49001,150.99001,154.14,1624500
2018-02-14,152.63,158.24001,152.32001,157.25999,1992100
2018-02-15,158.36,161.080002,157.16,160.94,1244700
2018-02-16,160.85001,162.070007,159.39,160.72,1001900
2018-02-20,158.49001,164.0099945,158.0099945,160.98,1136400
2018-02-21,160.63,161.72,157.83,157.89,1160800
2018-02-22,161.5,162.32001,157.0,157.59,1654800
2018-02-23,159.0099945,165.98,158.10001,165.89999,1591100
2018-02-26,166.92,170.36,166.029999,169.53999,1779300
2018-02-27,168.99001,170.89,165.72,165.88,1635800
2018-02-28,166.7,169.53999,164.63,166.029999,2055500
2018-03-01,165.67999,168.0,163.61,165.83,2028700
2018-03-02,163.080002,170.22,161.89,170.059998,2111900
2018-03-05,168.49001,173.45,167.17,173.16,1882400
2018-03-06,173.33,173.85001,166.050003,168.72,2176800
2018-03-07,167.94,170.77,167.91,170.17,1215800
2018-03-08,170.39,171.98,169.17999,171.88,1060700
2018-03-09,173.25999,176.31,171.75999,176.25999,1415300
2018-03-12,176.5,178.14999,174.8,177.13,1357600
2018-03-13,176.5,178.14999,174.53999,174.96001,1989500
2018-03-14,176.14999,176.48,172.82001,174.38,1036300
2018-03-15,174.57001,176.64999,173.070007,173.97,952500
2018-03-16,174.84,176.42,173.25,175.66,2462100
2018-03-19,174.62,175.28,168.12,170.77,1161500
2018-03-20,171.92,172.67,169.64,171.47,1674300
2018-03-21,171.94,172.42,168.60001,170.34,1050000
2018-03-22,167.83,170.38,165.55,166.10001,1095500
2018-03-23,165.83,166.47,160.74001,160.92999,1319400
2018-03-26,163.85001,166.35001,160.27,166.10001,1327300
2018-03-27,167.63,168.28,159.28999,160.34,1289300
2018-03-28,160.92999,162.59,158.36,159.58,1443700
2018-03-29,159.83,165.50999,158.75999,162.98,1527200
2018-04-02,161.53,161.99001,153.42999,156.31,1804500
2018-04-03,155.86,159.55,153.91,158.36,1542300
2018-04-04,156.37,162.45,154.60001,162.12,1832000
2018-04-05,162.82001,163.49001,157.12,157.66,1352800
2018-04-06,155.74001,157.59,152.60001,154.25,1446300
2018-04-09,156.25999,160.39,155.67,156.75999,1235400
2018-04-10,159.039993,161.72,157.77,161.17,1264200
2018-04-11,159.52,162.94,158.10001,158.89,1527000
2018-04-12,159.53999,163.45,159.53999,161.98,1079900
2018-04-13,163.080002,163.080002,160.41,161.39,1486100
2018-04-16,163.0099945,163.71001,158.070007,158.7,1482900
2018-04-17,160.53999,165.60001,159.45,164.99001,2399400
2018-04-18,165.0,166.12,162.66,163.36,1122100
2018-04-19,162.33,162.82001,159.039993,159.55,1235600
2018-04-20,159.61,160.78,157.089996,158.14999,1534700
2018-04-23,158.71001,160.13,157.74001,158.69,1154600
2018-04-24,160.27,160.5,154.69,155.67,1504900
2018-04-25,155.49001,157.42,154.13,155.14999,1313100
2018-04-26,156.60001,160.85001,155.83,158.81,1991100
2018-04-27,157.5,159.050003,153.33,156.050003,1866400
2018-04-30,157.16,157.78999,153.14999,153.16,1717300
2018-05-01,153.14,154.7,150.39999,152.48,1648600
2018-05-02,151.32001,153.16,148.96001,149.47,2565200
2018-05-03,148.32001,150.3,145.78,149.64,1518900
2018-05-04,148.25999,152.14,147.78999,149.39,2263800
2018-05-07,150.53999,151.81,148.64,149.5,1448800
2018-05-08,149.45,150.0,146.95,148.27,1147000
2018-05-09,148.64999,150.14,146.67,149.070007,1419600
2018-05-10,150.13,151.66,149.080002,151.0099945,1267600
2018-05-11,150.75,157.53,150.62,155.97,2242900
2018-05-14,156.11,158.46001,155.39,157.46001,1442400
2018-05-15,155.78,155.78999,153.94,155.53999,1370000
2018-05-16,155.78999,156.45,154.39999,156.16,1240700
2018-05-17,156.19,157.16,155.28999,156.34,1147500
2018-05-18,156.61,157.52,155.33,157.24001,998500
2018-05-21,157.84,158.16,155.33,156.22,1199200
2018-05-22,157.10001,158.22,155.8,156.28,956400
2018-05-23,155.5,157.32001,155.31,156.98,791200
2018-05-24,156.99001,157.71001,155.53,156.97,634400
2018-05-25,157.0,157.89999,156.22,157.5,653600
2018-05-29,156.60001,157.75999,153.27,155.24001,1142300
2018-05-30,156.14,157.57001,155.55,156.64,1164400
2018-05-31,155.49001,157.070007,153.52,154.0,1649400
2018-06-01,154.86,154.99001,150.5,152.050003,2176800
2018-06-04,152.050003,153.0,148.2,149.64999,2661000
2018-06-05,149.71001,150.39999,144.14,145.72,2957800
2018-06-06,145.72,146.95,144.070007,145.97,3087500
2018-06-07,147.10001,149.69,145.56,145.75,2183200
2018-06-08,145.98,151.25999,145.98,150.55,1791100
2018-06-11,150.67,151.28999,147.42999,148.63,1460300
2018-06-12,148.88,151.73,148.17,150.99001,1539700
2018-06-13,151.11,153.39,150.53,151.94,1307700
2018-06-14,152.44,155.59,152.0,154.99001,1384600
2018-06-15,155.50999,156.3,154.11,155.020004,2890200
2018-06-18,153.89999,153.97,151.41,151.69,1371700
2018-06-19,150.0099945,155.080002,149.67,154.5,1551200
2018-06-20,154.46001,158.19,153.75,157.63,1385400
2018-06-21,157.88,157.88,155.58,156.57001,835400
2018-06-22,157.089996,160.28,155.75999,159.19,2203500
2018-06-25,158.72,160.17,152.91,154.75999,1491800
2018-06-26,154.41,155.5,151.0099945,151.5,1813900
2018-06-27,151.75999,151.89999,147.22,147.5,2075400
2018-06-28,147.78999,148.52,145.37,147.59,1368400
2018-06-29,161.5,172.0,161.5,169.96001,6716400
2018-07-02,168.39999,169.66,164.7,169.61,2283600
2018-07-03,170.0,170.0,167.28,167.73,1059900
2018-07-05,168.38,169.95,166.71001,169.49001,1178600
2018-07-06,170.0,173.64,169.42,173.45,1518900
2018-07-09,174.37,174.62,171.81,174.16,1334700
2018-07-10,174.91,175.71001,172.95,175.11,1600000
2018-07-11,173.83,175.69,173.0,175.0099945,1618400
2018-07-12,175.020004,178.33,175.020004,178.27,1181100
2018-07-13,178.35001,181.60001,177.89999,180.5,1457300
2018-07-16,179.85001,182.41,179.55,181.22,1961500
2018-07-17,180.58,183.39,179.82001,182.59,1133000
2018-07-18,182.0,182.34,180.58,181.13,1138500
2018-07-19,180.13,180.92999,178.52,180.12,1080500
2018-07-20,180.12,180.14,176.71001,177.39999,1606400
2018-07-23,176.28999,178.67,176.16,176.53999,1388700
2018-07-24,178.44,178.67,174.39,174.88,1705000
2018-07-25,174.78,177.42,173.99001,176.81,1524500
2018-07-26,178.61,178.85001,169.33,175.87,2400700
2018-07-27,175.17999,176.28999,169.52,172.10001,1392100
2018-07-30,170.64999,175.34,169.97,174.42,1534200
2018-07-31,175.050003,175.74001,173.58,175.050003,1529400
2018-08-01,175.25999,177.92999,174.039993,177.87,1384500
2018-08-02,174.59,179.86,173.50999,177.89,1684300
2018-08-03,174.2,178.089996,173.75999,174.53999,1118000
2018-08-06,175.55,175.99001,173.25999,174.91,761500
2018-08-07,175.94,178.0,175.48,177.50999,1097800
2018-08-08,177.25,178.39999,175.25,175.3,903500
2018-08-09,175.74001,177.45,174.95,175.050003,837000
2018-08-10,174.41,175.96001,173.86,174.82001,568000
2018-08-13,175.13,176.14999,174.17999,175.050003,810400
2018-08-14,175.31,177.3,175.31,175.92999,566700
2018-08-15,174.38,175.64999,171.81,173.0,907500
2018-08-16,174.17999,176.28,173.089996,174.96001,732500
2018-08-17,174.66,177.0,173.59,176.080002,981700
2018-08-20,176.62,176.83,173.62,175.71001,946700
2018-08-21,175.74001,178.42999,175.039993,176.86,919200
2018-08-22,176.81,178.23,176.020004,177.72,616400
2018-08-23,177.72,177.72,174.60001,176.020004,681000
2018-08-24,176.45,177.28,175.10001,176.84,905200
2018-08-27,177.98,179.64,177.60001,179.32001,825600
2018-08-28,180.36,182.22,178.83,180.87,1257600
2018-08-29,180.89999,186.44,180.89999,184.86,1277500
2018-08-30,185.0,186.19,184.37,186.029999,968900
2018-08-31,185.16,185.88,183.72,184.39999,1302100
2018-09-04,183.23,184.59,181.67,183.31,1371100
2018-09-05,183.0,184.74001,181.5,183.21001,1027900
2018-09-06,182.50999,183.32001,178.2,180.050003,890700
2018-09-07,178.75999,180.78999,177.0099945,179.47,1204400
2018-09-10,180.0,180.57001,177.98,179.28,797500
2018-09-11,178.92999,180.25,177.34,178.61,1077700
2018-09-12,179.46001,179.98,177.089996,178.34,860800
2018-09-13,179.37,181.11,178.0099945,179.86,830400
2018-09-14,180.50999,181.88,177.77,179.0099945,847300
2018-09-17,179.0,179.59,175.47,175.8,878100
2018-09-18,175.88,178.46001,174.23,177.12,964900
2018-09-19,177.34,177.55,175.8,176.60001,732200
2018-09-20,177.39,181.38,177.39,180.52,784800
2018-09-21,181.3,182.0,179.34,180.080002,1642000
2018-09-24,179.42999,182.5,179.42999,182.17,706300
2018-09-25,183.48,184.16,182.28,182.64999,835800
2018-09-26,182.67,189.28999,182.67,186.64999,1712100
2018-09-27,188.0,190.0,187.5,189.74001,1381100
2018-09-28,189.74001,193.78,189.44,192.74001,2148200
2018-10-01,193.24001,194.92,191.39,191.57001,1841400
2018-10-02,191.84,192.62,190.78999,191.92999,941200
2018-10-03,192.13,193.059998,191.35001,192.21001,1000900
2018-10-04,191.58,192.62,187.10001,188.62,935500
2018-10-05,188.64,191.5,185.37,188.050003,859800
2018-10-08,186.95,187.7,183.63,185.34,852200
2018-10-09,185.34,187.96001,184.78,185.66,1087300
2018-10-10,184.92,185.61,176.22,176.42999,1565400
2018-10-11,175.49001,177.84,171.66,175.66,2395200
2018-10-12,177.2,182.19,175.89999,181.32001,1257500
2018-10-15,180.8,181.0,177.59,177.64999,1064200
2018-10-16,178.87,185.78,178.45,185.45,1136700
2018-10-17,185.25999,185.84,181.72,185.48,886900
2018-10-18,184.28999,184.28999,173.8,178.89999,2643400
2018-10-19,179.35001,181.13,175.050003,175.69,1905500
2018-10-22,175.53,178.61,172.7,177.39999,1513400
2018-10-23,175.86,177.029999,170.8,174.17,1960500
2018-10-24,175.020004,175.74001,162.53,163.089996,2053400
2018-10-25,157.0,167.0,153.0,165.61,2800100
2018-10-26,162.10001,171.39,160.67999,169.48,2659500
2018-10-29,173.49001,174.98,167.35001,170.34,2700800
2018-10-30,171.67,173.46001,168.46001,171.49001,1441900
2018-10-31,172.62,174.28,169.42,169.46001,1607500
2018-11-01,169.50999,175.75,169.25,175.19,1369000
2018-11-02,175.36,177.25,171.11,173.28999,1338100
2018-11-05,172.080002,175.14999,171.7,174.59,801400
2018-11-06,175.21001,178.35001,174.12,175.23,920200
2018-11-07,177.34,184.14,176.56,183.88,1536000
2018-11-08,183.91,185.57001,179.63,180.25999,1101800
2018-11-09,179.61,180.56,176.78999,180.55,1845500
2018-11-12,180.55,181.45,171.7,172.85001,1754100
2018-11-13,174.070007,175.8,170.070007,170.31,955700
2018-11-14,171.98,173.32001,163.13,164.58,1502600
2018-11-15,163.75,167.69,162.67,166.67,1648100
2018-11-16,166.25999,167.99001,164.67,165.11,1924100
2018-11-19,164.75999,165.57001,159.77,161.070007,1362900
2018-11-20,161.35001,161.92,157.28999,159.75999,1658200
2018-11-21,160.57001,162.48,159.059998,160.25,874200
2018-11-23,158.75999,161.99001,157.39999,160.39,346800
2018-11-26,164.3,167.7,162.89,167.39999,1604000
2018-11-27,168.42999,176.60001,168.42999,175.45,2327600
2018-11-28,175.50999,178.42,172.34,178.38,1445100
2018-11-29,176.89,181.64999,176.89,179.45,976400
2018-11-30,179.60001,181.0,178.33,180.78999,1096000
2018-12-03,182.60001,186.78999,181.92,184.64999,1692900
2018-12-04,184.74001,187.75999,177.41,177.92999,1316200
2018-12-06,175.37,179.75999,174.0,179.61,1906300
2018-12-07,178.029999,179.55,170.89999,172.21001,1627300
2018-12-10,172.98,174.37,167.63,173.78,907100
2018-12-11,176.28999,176.56,170.86,173.23,1023600
2018-12-12,176.2,178.62,174.72,175.45,905000
2018-12-13,175.059998,177.49001,171.60001,173.42,971200
2018-12-14,171.38,172.0,169.63,170.059998,916900
2018-12-17,169.64,171.41,164.48,166.17,1765100
2018-12-18,168.059998,169.62,161.35001,163.42999,1593200
2018-12-19,163.039993,164.42,156.3,158.66,1877600
2018-12-20,158.52,163.48,157.7,161.3,2213300
2018-12-21,161.94,165.070007,156.3,156.5,2677600
2018-12-24,155.39999,158.47,151.8,151.91,1158200
2018-12-26,152.98,161.87,152.39999,161.84,1638400
2018-12-27,158.95,162.58,156.27,162.37,1485000
2018-12-28,163.52,164.84,160.38,161.42,966700
2018-12-31,162.8,166.21001,162.0,165.71001,1375400
2019-01-02,161.21001,165.14,160.95,164.080002,1465400
2019-01-03,165.83,169.32001,163.17999,163.73,1690900
2019-01-04,165.89999,173.31,164.89999,172.7,1874500
2019-01-07,173.050003,176.78,170.87,175.85001,1294600
2019-01-08,177.0,178.41,174.72,178.19,1653200
2019-01-09,179.14,182.7,178.25,182.3,2298500
2019-01-10,181.85001,186.089996,180.25999,186.029999,1988200
2019-01-11,184.62,188.86,183.42999,188.16,2222600
2019-01-14,186.71001,186.99001,183.78,183.91,1962000
2019-01-15,184.37,186.75999,183.059998,186.67999,1330500
2019-01-16,186.21001,188.34,184.13,186.14999,2251200
2019-01-17,185.77,191.42,184.71001,190.52,1605900
2019-01-18,192.63,194.78,189.41,194.7,2150100
2019-01-22,193.48,195.81,192.39,193.88,2003900
2019-01-23,194.67,195.2,187.78,189.89,2043000
2019-01-24,189.64,190.23,186.47,186.58,1825300
2019-01-25,188.16,190.39,186.27,189.5,1404800
2019-01-28,188.94,188.98,185.75999,188.089996,1513500
2019-01-29,188.16,188.25999,184.7,186.38,1024500
2019-01-30,185.84,187.92,184.5,187.050003,1385900
2019-01-31,187.17,190.98,186.86,190.91,900800
2019-02-01,190.92,193.029999,189.92,191.52,892800
2019-02-04,189.19,189.28,184.49001,187.98,1482300
2019-02-05,185.81,190.74001,185.44,187.020004,1643500
2019-02-06,193.0,193.0,182.059998,182.39,1915700
2019-02-07,181.5,182.59,178.99001,180.17999,1462500
2019-02-08,178.75999,181.45,178.75999,181.34,980600
2019-02-11,182.050003,182.17,178.39999,181.53,2037000
2019-02-12,181.44,184.3,181.44,184.0099945,1316600
2019-02-13,185.0,186.25,184.35001,185.25,1244500
2019-02-14,184.52,186.84,183.53,185.72,917800
2019-02-15,185.67,188.56,185.67,188.070007,1408200
2019-02-19,187.89999,189.089996,185.83,186.86,1823700
2019-02-20,186.059998,188.64,185.64999,187.84,1066300
2019-02-21,187.7,188.12,182.16,183.059998,1087000
2019-02-22,184.33,185.84,182.94,185.75999,1027400
2019-02-25,186.74001,188.10001,185.63,186.33,1268800
2019-02-26,186.25999,189.99001,184.89,188.92,1478000
2019-02-27,187.97,189.87,186.44,189.81,633200
2019-02-28,189.74001,190.039993,188.23,188.75,1194700
2019-03-01,189.95,192.69,189.28,192.16,887600
2019-03-04,193.029999,193.89,186.71001,190.039993,1208600
2019-03-05,190.16,190.50999,187.52,187.8,1409100
2019-03-06,188.17999,188.7,180.56,181.11,1381000
2019-03-07,181.36,181.83,177.45,178.61,1432900
2019-03-08,177.25999,177.62,173.59,177.25999,1451500
2019-03-11,177.94,180.56,177.78,180.52,1350700
2019-03-12,181.14999,183.23,179.85001,182.57001,1545300
2019-03-13,183.37,186.78,182.21001,185.66,1202300
2019-03-14,185.62,186.66,184.45,186.11,785700
2019-03-15,186.88,189.35001,186.37,188.089996,2768600
2019-03-18,188.0,189.21001,185.53,187.48,1554100
2019-03-19,184.64,185.0,181.17999,181.75999,1556200
2019-03-20,181.53,182.46001,179.53999,179.98,1213600
2019-03-21,178.22,182.74001,178.22,182.56,1156500
2019-03-22,182.070007,183.85001,181.039993,181.53,1612300
2019-03-25,181.67,185.059998,181.44,183.85001,1754500
2019-03-26,185.24001,190.070007,184.83,189.91,1373700
2019-03-27,190.0,190.0099945,185.62,185.82001,1181200
2019-03-28,186.0099945,186.94,181.49001,182.42,1615200
2019-03-29,184.28999,184.86,181.92,183.95,1274700
2019-04-01,185.2,187.38,184.67999,186.050003,1030000
2019-04-02,185.96001,189.42999,184.91,187.11,814400
2019-04-03,187.89999,188.98,187.0099945,187.89,829400
2019-04-04,188.22,188.34,182.49001,184.14999,1193400
2019-04-05,184.49001,189.35001,184.24001,188.89,2289000
2019-04-08,189.27,189.95,186.67,188.92999,910100
2019-04-09,188.0099945,189.7,187.75,188.31,976000
2019-04-10,188.32001,191.71001,187.070007,190.37,1155900
2019-04-11,191.080002,191.42,184.22,185.12,1971900
2019-04-12,185.42,186.47,182.31,182.78,1077400
2019-04-15,182.27,184.32001,180.24001,182.49001,826700
2019-04-16,183.63,184.8,179.59,179.74001,900300
2019-04-17,180.45,180.75,166.64999,166.97,2851100
2019-04-18,169.96001,170.45,163.67999,168.16,3195700
2019-04-22,167.78999,169.86,166.2,168.52,1213500
2019-04-23,169.22,175.60001,168.77,175.37,1514600
2019-04-24,175.58,175.86,171.75999,172.58,1164500
2019-04-25,172.39999,175.22,170.2,174.61,806500
2019-04-26,173.98,174.42,170.0099945,172.85001,1117700
2019-04-29,172.58,173.67,171.22,172.52,750300
2019-04-30,173.92999,174.92,168.49001,168.98,1619800
2019-05-01,168.75999,175.60001,168.50999,172.60001,1824800
2019-05-02,172.10001,172.49001,167.8,169.53999,1209800
2019-05-03,170.050003,174.19,169.46001,173.87,971800
2019-05-06,170.3,175.14999,169.95,174.75999,888300
2019-05-07,172.33,174.38,168.59,170.28,1345900
2019-05-08,170.059998,171.53999,168.39999,169.0099945,1121600
2019-05-09,167.39999,170.5,166.48,169.91,820200
2019-05-10,169.36,169.36,164.31,168.85001,805700
2019-05-13,165.7,167.48,164.070007,164.61,1118500
2019-05-14,165.60001,167.58,164.96001,166.72,938200
2019-05-15,165.41,168.22,164.96001,166.88,663700
2019-05-16,167.63,173.41,167.63,170.23,1688900
2019-05-17,168.89999,170.84,167.97,168.73,898200
2019-05-20,167.77,168.25,165.67999,165.73,644300
2019-05-21,167.89,170.14999,167.38,169.12,703300
2019-05-22,168.47,174.28999,168.47,172.37,1230400
2019-05-23,171.61,173.32001,169.5,173.0099945,1272800
2019-05-24,174.31,175.94,171.37,171.77,1115700
2019-05-28,172.24001,173.78999,171.059998,172.75999,1542100
2019-05-29,171.14999,171.87,166.3,166.55,1788400
2019-05-30,167.25999,170.5,167.25999,170.25999,902900
2019-05-31,168.49001,169.99001,166.10001,166.17999,982500
2019-06-03,166.87,168.85001,165.8,166.64,1080600
2019-06-04,168.16,172.97,167.080002,171.27,1456800
2019-06-05,171.89999,174.0,170.39,173.27,1254500
2019-06-06,173.22,173.99001,167.42,167.75,1261100
2019-06-07,169.42999,173.98,169.25999,173.50999,1109600
2019-06-10,173.28999,174.12,171.50999,172.84,1025100
2019-06-11,174.080002,174.88,171.75,172.0,1442300
2019-06-12,172.60001,173.47,169.25999,170.63,1444600
2019-06-13,171.17,171.95,167.84,168.89,951600
2019-06-14,168.89999,170.99001,167.94,170.22,806100
2019-06-17,171.17,174.14,171.17,173.78,955600
2019-06-18,175.97,178.89999,174.8,177.94,1521400
2019-06-19,178.52,182.14,177.0,181.75,1535400
2019-06-20,183.52,186.33,181.21001,182.17,1217700
2019-06-21,183.34,184.45,180.75999,183.97,1844600
2019-06-24,184.56,184.98,180.55,181.020004,764000
2019-06-25,181.64,183.10001,179.49001,180.14999,960100
2019-06-26,180.11,181.029999,177.13,177.66,768700
2019-06-27,178.0,179.24001,176.67999,178.58,731500
2019-06-28,179.74001,184.99001,178.75,183.38,1604900
2019-07-01,185.070007,185.14,180.81,181.84,1111500
2019-07-02,181.53999,181.53999,178.88,179.53,819600
2019-07-03,180.25,183.45,178.53999,183.25999,571600
2019-07-05,179.45,183.24001,177.41,178.34,878900
2019-07-08,177.75999,177.75999,174.17999,176.75,818900
2019-07-09,175.62,178.63,174.78,178.46001,714700
2019-07-10,179.0,179.75,175.53,178.75999,766600
2019-07-11,178.81,178.86,172.74001,176.0099945,1258100
2019-07-12,176.059998,176.27,173.95,175.78999,1004000
2019-07-15,176.16,178.080002,174.7,176.37,1055300
2019-07-16,176.47,177.92999,175.58,176.16,620000
2019-07-17,176.92999,179.24001,176.33,177.14,773100
2019-07-18,176.92,178.58,176.38,178.089996,853500
2019-07-19,179.14999,179.14999,174.050003,174.13,1121600
2019-07-22,173.34,174.57001,172.41,174.080002,1121000
2019-07-23,174.42999,176.36,173.39999,175.24001,828400
2019-07-24,175.0,175.0,172.31,173.34,1135700
2019-07-25,172.22,172.50999,169.020004,169.56,1784000
2019-07-26,170.17999,171.13,165.85001,166.83,1640900
2019-07-29,167.21001,167.50999,165.27,166.23,1366600
2019-07-30,165.74001,171.10001,165.52,169.53999,2339000
2019-07-31,168.78999,170.21001,165.66,166.62,1460400
2019-08-01,173.42,181.3,170.13,179.28999,3130300
2019-08-02,177.78,180.97,177.059998,178.39,1814900
2019-08-05,176.44,177.14,173.92,175.56,1709400
2019-08-06,174.23,177.050003,173.64,176.94,1287600
2019-08-07,175.11,176.47,172.48,175.64999,941000
2019-08-08,175.59,183.11,175.59,182.94,1641700
2019-08-09,182.94,184.070007,179.39,182.98,1275800
2019-08-12,182.059998,183.14,179.12,179.84,1160900
2019-08-13,178.36,185.53999,178.039993,183.91,1246100
2019-08-14,181.77,183.57001,178.85001,179.53,1405800
2019-08-15,180.0099945,182.039993,178.37,181.12,823100
2019-08-16,183.080002,185.75,180.84,184.94,1304200
2019-08-19,186.24001,187.71001,185.88,187.089996,963200
2019-08-20,187.039993,188.44,182.89999,183.72,1001300
2019-08-21,185.86,187.3,184.60001,186.39999,575500
2019-08-22,186.75999,187.62,181.48,184.21001,1026800
2019-08-23,184.36,186.78,179.24001,180.17999,1198700
2019-08-26,180.82001,182.38,179.56,180.64,829500
2019-08-27,181.99001,182.92,177.27,178.25,940100
2019-08-28,177.47,180.71001,170.53999,178.34,1680200
2019-08-29,179.3,180.5,178.14,178.98,680300
2019-08-30,180.25999,181.2,178.75999,180.020004,892900
2019-09-03,180.55,181.57001,177.58,178.7,1030100
2019-09-04,179.73,179.75,173.56,176.83,1003300
2019-09-05,178.17999,180.050003,177.020004,179.86,868700
2019-09-06,180.35001,182.14999,179.33,181.33,979400
2019-09-09,181.089996,181.28,174.45,174.81,1177000
2019-09-10,174.029999,174.14,166.64999,171.0099945,1849400
2019-09-11,171.19,173.61,170.89999,173.11,1190800
2019-09-12,174.39,175.45,172.0,172.45,874500
2019-09-13,173.16,175.78999,172.45,174.94,1216300
2019-09-16,173.89,178.089996,173.13,177.55,959000
2019-09-17,173.020004,177.82001,173.020004,176.0,1157200
2019-09-18,176.0099945,176.5,171.96001,174.52,1172700
2019-09-19,174.48,176.7,173.60001,176.14,773500
2019-09-20,177.0099945,179.55,175.58,178.12,1719400
2019-09-23,178.23,179.0099945,175.77,175.88,724000
2019-09-24,176.32001,177.78,171.029999,172.52,767400
2019-09-25,172.31,173.49001,170.56,171.5,949600
2019-09-26,172.050003,172.050003,167.42999,169.55,1593800
2019-09-27,170.28999,170.53999,165.53,166.74001,1206300
2019-09-30,169.55,171.28999,167.61,169.42,1432300
2019-10-01,169.24001,170.11,166.52,167.58,950800
2019-10-02,167.69,168.52,165.23,166.71001,1486100
2019-10-03,166.059998,170.64,166.059998,170.5,1094000
2019-10-04,170.89,172.92,170.52,172.42,873400
2019-10-07,171.55,172.75999,169.27,172.050003,897300
2019-10-08,170.47,171.89,167.60001,169.55,972100
2019-10-09,170.87,171.99001,168.55,168.73,768500
2019-10-10,168.42,170.37,167.62,170.22,765600
2019-10-11,171.44,174.72,171.13,172.41,854900
2019-10-14,172.32001,175.25,172.32001,173.59,540600
2019-10-15,174.36,176.98,174.020004,176.14,738800
2019-10-16,175.32001,177.2,173.62,176.089996,749400
2019-10-17,177.8,180.050003,177.5,177.72,1133600
2019-10-18,180.25,180.25,175.38,176.23,1122600
2019-10-21,177.23,184.81,174.82001,183.53,1097200
2019-10-22,186.91,194.75,186.19,191.059998,4428000
2019-10-23,190.37,192.53999,186.41,190.50999,1544600
2019-10-24,191.7,194.89999,189.35001,194.47,1881000
2019-10-25,193.13,195.94,192.55,194.49001,1199300
2019-10-28,194.56,195.020004,192.32001,194.020004,1337400
2019-10-29,194.42999,198.46001,193.25999,197.89,1695000
2019-10-30,198.11,199.46001,196.64,199.28,1195700
2019-10-31,197.059998,200.0,194.2,195.48,2273400
2019-11-01,196.24001,202.94,195.020004,200.94,3010600
2019-11-04,202.13,202.25,197.8,199.42,1293300
2019-11-05,199.0,199.95,196.46001,197.14,1324200
2019-11-06,198.23,198.49001,195.7,195.97,1124000
2019-11-07,196.39999,197.16,195.11,195.83,1018500
2019-11-08,197.080002,202.11,196.71001,201.31,1219900
2019-11-11,200.98,202.21001,199.28999,201.89999,825200
2019-11-12,202.14,204.84,201.84,203.86,939800
2019-11-13,205.0,207.64,203.75,207.10001,1080500
2019-11-14,206.84,207.5,203.24001,205.0,995500
2019-11-15,205.95,210.050003,205.0099945,209.8,1581500
2019-11-18,209.87,210.080002,207.67999,210.0,1533600
2019-11-19,212.97,215.46001,209.41,215.0,1706100
2019-11-20,214.78,217.080002,212.85001,215.070007,2487300
2019-11-21,214.34,215.64,212.8,215.5,1241300
2019-11-22,216.92999,218.60001,215.10001,218.0,1318900
2019-11-25,219.37,223.61,219.0,223.27,1490500
2019-11-26,223.66,223.73,218.23,219.050003,1875300
2019-11-27,219.10001,220.99001,218.070007,220.059998,833100
2019-11-29,220.39,222.42,220.029999,221.75,537100
2019-12-02,222.96001,223.41,218.41,220.78999,1093200
2019-12-03,219.61,222.75,218.39,221.13,949200
2019-12-04,222.0,224.080002,221.070007,223.91,937000
2019-12-05,223.77,224.31,221.35001,223.070007,767200
2019-12-06,224.17,224.66,220.36,223.25,1021300
2019-12-09,222.99001,225.66,219.19,219.37,1784300
2019-12-10,219.42,221.87,218.5,220.27,1256600
2019-12-11,221.91,224.27,219.58,220.0,958900
2019-12-12,219.71001,222.55,219.17,220.55,1094600
2019-12-13,220.19,221.62,217.83,218.98,1484100
2019-12-16,220.5,221.86,219.33,219.5,1919300
2019-12-17,219.72,219.73,216.0099945,217.62,1452500
2019-12-18,217.83,219.92,217.49001,219.35001,1759400
2019-12-19,220.14,220.67999,216.98,217.78,1864200
2019-12-20,219.62,221.020004,217.0,220.69,2824100
2019-12-23,220.95,222.87,219.67999,219.98,1132800
2019-12-24,220.46001,220.64,218.50999,220.56,300500
2019-12-26,220.60001,220.89999,218.38,220.25,697000
2019-12-27,220.59,221.48,218.12,220.97,904600
2019-12-30,220.38,221.95,217.33,218.97,774300
2019-12-31,218.60001,219.81,216.7,218.95,1036400
2020-01-02,220.24001,220.64999,216.95,219.45,1334300
2020-01-03,216.16,219.89,214.55,217.98,943400
2020-01-06,217.73,224.35001,216.91,224.029999,1436600
2020-01-07,224.25999,225.92,222.14,223.78999,1027700
2020-01-08,225.89,232.7,224.91,231.089996,1802600
2020-01-09,233.080002,233.25999,227.27,230.25999,1435400
2020-01-10,231.69,231.69,228.070007,228.95,1017300
2020-01-13,229.38,230.0,224.56,226.49001,1031500
2020-01-14,226.44,229.8,225.53,229.75,1042000
2020-01-15,229.88,234.33,228.78,234.14999,1741500
2020-01-16,234.27,235.78,233.27,235.5,2124000
2020-01-17,236.50999,236.50999,232.82001,235.83,1599300
2020-01-21,235.84,237.2,233.13,233.99001,1399800
2020-01-22,234.94,237.47,234.39999,234.61,1134000
2020-01-23,235.0,235.63,231.38,233.91,978000
2020-01-24,234.070007,235.17999,228.42,229.059998,904300
2020-01-27,226.50999,228.78999,226.070007,227.37,802000
2020-01-28,228.53,232.3,227.57001,231.97,861800
2020-01-29,231.72,233.59,230.57001,232.41,893500
2020-01-30,230.84,231.75,228.67999,230.31,1169500
2020-01-31,238.64999,239.39999,223.0099945,227.050003,3373500
2020-02-03,230.75999,233.78,225.0099945,230.50999,1988000
2020-02-04,233.35001,241.23,233.28999,239.66,1485900
2020-02-05,241.61,244.41,240.0,240.75999,1951600
2020-02-06,242.13,244.64999,238.0099945,239.12,1320300
2020-02-07,237.66,240.34,234.10001,240.059998,1443100
2020-02-10,239.22,244.89,237.0,244.75,1273000
2020-02-11,245.0,249.0,242.78,247.81,2280000
2020-02-12,247.61,248.8,240.7,242.21001,1805700
2020-02-13,241.41,245.39,239.73,240.089996,1329200
2020-02-14,241.24001,244.45,238.55,243.82001,1354000
2020-02-18,244.92,246.0,241.089996,245.92999,1305400
2020-02-19,249.85001,249.85001,245.24001,247.78,947700
2020-02-20,247.28999,247.7,242.59,245.10001,1524800
2020-02-21,247.3,247.5,243.27,246.28999,1365100
2020-02-24,241.44,242.75999,235.7,237.0099945,1659300
2020-02-25,238.17999,239.99001,228.5,230.0,1581100
2020-02-26,232.41,237.37,229.49001,232.039993,1578500
2020-02-27,228.48,231.63,218.0099945,223.3,1973000
2020-02-28,215.57001,224.53999,215.5,224.029999,2485900
2020-03-02,224.42999,232.98,223.14,232.28999,2406400
2020-03-03,230.27,237.55,226.67,228.25999,2092900
2020-03-04,232.28999,246.059998,230.89999,245.32001,1971800
2020-03-05,239.24001,242.17999,235.28999,237.31,1518300
2020-03-06,227.64999,234.48,226.61,233.5,1872600
2020-03-09,218.070007,227.61,214.080002,219.64999,2034500
2020-03-10,226.21001,231.41,216.47,230.50999,2024200
2020-03-11,225.63,230.83,218.7,220.34,1733800
2020-03-12,206.59,215.36,201.5,204.059998,3757900
2020-03-13,218.23,221.47,200.75999,220.86,3813400
2020-03-16,201.60001,219.0,199.16,199.77,2521300
2020-03-17,203.97,230.059998,202.5,210.44,4447500
2020-03-18,200.60001,224.99001,197.47,212.98,3406400
2020-03-19,215.14999,223.92999,202.0099945,215.69,3118600
2020-03-20,217.7,227.42999,204.16,206.0,2764700
2020-03-23,210.5,218.10001,199.52,202.21001,2802000
2020-03-24,207.84,224.98,207.84,223.13,2830400
2020-03-25,219.88,224.0,209.50999,210.089996,2066600
2020-03-26,209.8,225.62,209.42999,224.49001,1752500
2020-03-27,219.42999,224.17999,215.57001,217.24001,1712700
2020-03-30,221.34,233.77,220.0,231.92,2138900
2020-03-31,228.95,240.0,228.020004,237.95,3300700
2020-04-01,232.12,234.98,223.45,225.48,1482300
2020-04-02,222.77,242.96001,222.39,242.16,2503900
2020-04-03,241.38,247.45,234.35001,238.31,1989800
2020-04-06,248.61,256.64999,241.94,255.3,3046300
2020-04-07,263.14999,267.45001,245.38,247.67,3551100
2020-04-08,249.42999,251.67999,240.5,249.66,2737500
2020-04-09,252.0,252.0,243.0,246.61,2491400
2020-04-13,244.66,253.83,243.81,252.28,1831300
2020-04-14,257.44,265.66,253.50999,262.41,2180500
2020-04-15,260.89999,262.82001,254.31,255.23,2686500
2020-04-16,259.67001,265.28,258.60999,264.76001,2172800
2020-04-17,272.34,272.67001,265.14999,270.45999,2166700
2020-04-20,271.97,276.26001,269.049988,273.26001,1967800
2020-04-21,273.0,277.22,262.54999,262.79999,1602700
2020-04-22,267.14999,271.25,264.0,269.37,1546000
2020-04-23,270.029999,277.79999,266.92001,267.91,2770400
2020-04-24,270.12,271.35001,266.42999,269.85999,1805800
2020-04-27,275.0,275.26001,267.16,268.51001,2181600
2020-04-28,268.0,269.95001,250.42999,256.95999,2338300
2020-04-29,260.97,262.0,250.52,251.050003,2401700
2020-04-30,257.75,258.5,245.059998,251.2,2825200
2020-05-01,249.25999,256.0,248.0,254.89999,1940200
2020-05-04,257.39999,265.0,256.01001,264.69,2650300
2020-05-05,266.97,274.059998,264.79999,272.32999,1934300
2020-05-06,272.32999,275.54999,268.0,270.059998,1290200
2020-05-07,272.69,273.72,266.82999,270.01001,1622000
2020-05-08,269.5,274.41,268.29001,271.63,1084100
2020-05-11,271.45001,286.82001,270.44,285.28,2068500
2020-05-12,287.32999,288.51999,276.41,276.47,1727500
2020-05-13,276.60001,284.85999,272.19,277.029999,1644900
2020-05-14,277.56,282.48001,272.20999,277.0,3076100
2020-05-15,275.63,288.73001,273.51001,288.69,1740100
2020-05-18,293.78,295.54999,283.10001,284.13,1727000
2020-05-19,285.29999,288.41,281.14001,282.28,1267200
2020-05-20,284.81,285.98999,282.13,284.62,1436500
2020-05-21,285.26001,285.39999,281.25,284.63,1315000
2020-05-22,284.17999,286.0,281.51999,284.95999,1066500
2020-05-26,287.95001,288.5,264.41,266.5,3487000
2020-05-27,264.38,278.69,254.41,278.51001,3189300
2020-05-28,276.26999,283.73001,276.070007,277.38,1922200
2020-05-29,281.35001,289.44,276.040009,287.95999,5392900
2020-06-01,285.42001,288.73001,283.82001,286.64001,1819400
2020-06-02,283.92001,286.17999,278.66,284.26999,1600700
2020-06-03,283.72,283.79999,274.059998,277.01001,1782900
2020-06-04,274.26999,279.29001,270.76001,272.82001,1603900
2020-06-05,270.82001,271.67999,262.54999,265.69,2753400
2020-06-08,264.049988,265.84,261.28,265.01001,2088500
2020-06-09,267.28,275.14001,265.089996,270.85001,2687900
2020-06-10,275.76001,277.89999,271.81,274.34,1600200
2020-06-11,275.56,276.35999,263.67001,263.89001,1831000
2020-06-12,268.12,271.39001,262.29999,268.56,1530100
2020-06-15,264.76999,268.51999,262.23999,267.76999,1385400
2020-06-16,270.42999,275.69,268.22,273.76999,1557200
2020-06-17,273.88,282.76001,273.76999,280.089996,1645100
2020-06-18,279.39999,282.22,275.92999,279.19,1371900
2020-06-19,280.29999,295.54001,280.29999,293.26999,4085300
2020-06-22,294.0,295.0,287.79999,293.20001,1592100
2020-06-23,294.059998,299.20999,293.31,295.79999,1571800
2020-06-24,294.92999,297.70999,288.89999,291.17999,1622100
2020-06-25,292.38,295.35999,288.82999,295.14999,1188700
2020-06-26,292.67999,293.0,284.73999,286.14001,1895300
2020-06-29,286.95001,287.64999,280.89001,285.17999,1452500
2020-06-30,287.67999,292.37,283.0,290.31,2171900
2020-07-01,290.5,291.66,283.79001,286.28,1752400
2020-07-02,288.51999,293.95001,287.45001,291.10001,1101700
2020-07-06,294.35999,295.0,289.63,291.31,1341900
2020-07-07,292.29999,306.079987,291.45001,299.059998,1624800
2020-07-08,300.049988,301.64999,292.13,295.92001,1500300
2020-07-09,295.51999,297.79001,290.049988,295.39999,1106800
2020-07-10,293.95001,295.0,290.85999,294.45001,911300
2020-07-13,293.049988,296.85001,283.85001,284.82001,1667300
2020-07-14,283.14001,294.72,279.12,293.82999,1738300
2020-07-15,292.76001,295.35001,290.20001,295.10999,1126900
2020-07-16,292.01001,293.32999,284.69,290.56,903300
2020-07-17,291.53,294.67001,289.28,294.53,1072200
2020-07-20,292.69,304.0,292.69,303.10001,1255800
2020-07-21,300.64999,301.14001,290.95999,291.39999,1515000
2020-07-22,293.56,293.56,286.45999,291.23001,846200
2020-07-23,291.32999,291.98999,283.32001,284.45999,1310200
2020-07-24,281.78,282.64001,276.5,278.48999,1837800
2020-07-27,280.84,285.57001,277.67999,284.20999,1485100
2020-07-28,283.82999,284.59,278.14001,278.51999,1098400
2020-07-29,280.28,281.59,278.089996,278.72,1091200
2020-07-30,275.079987,282.28,274.66,279.39999,1538400
2020-07-31,278.88,283.0,268.25,272.0,2983400
2020-08-03,274.20001,280.59,274.0,279.51999,1716300
2020-08-04,279.23001,280.57001,274.029999,275.70999,1288400
2020-08-05,275.41,275.75,271.16,273.23001,1329800
2020-08-06,269.29999,273.88,268.57999,273.34,1141900
2020-08-07,273.48001,277.20001,269.95001,272.98999,1006000
2020-08-10,271.57999,272.29001,265.089996,268.73001,1186700
2020-08-11,266.0,267.98999,261.29999,261.85999,1370100
2020-08-12,263.079987,271.35001,262.87,270.85001,1262600
2020-08-13,270.059998,272.73001,266.87,267.14999,979200
2020-08-14,268.29001,269.95001,265.79999,267.29001,1008300
2020-08-17,267.89999,274.17001,267.84,273.84,985000
2020-08-18,275.0,275.0,269.26001,271.31,887100
2020-08-19,270.85001,273.98999,269.53,270.070007,996500
2020-08-20,270.67001,272.089996,268.60001,271.42999,1117700
2020-08-21,271.73001,273.10999,267.98999,271.28,1064100
2020-08-24,269.89999,271.94,263.47,267.42999,1037300
2020-08-25,268.17001,273.32001,266.23001,272.35001,1316200
2020-08-26,272.85999,272.85999,268.82001,271.29001,857500
2020-08-27,272.95001,275.63,269.72,274.34,961000
2020-08-28,272.94,275.26001,268.10001,269.95999,813500
2020-08-31,270.35001,279.73999,270.0,279.12,1310900
2020-09-01,277.87,279.95999,271.76999,275.48999,1252800
2020-09-02,275.64001,283.45001,273.72,281.89001,1352400
2020-09-03,281.85999,281.85999,265.25,267.42001,1619600
2020-09-04,267.84,269.91,263.01001,266.5,1514800
2020-09-08,261.78,264.84,258.0,258.60999,1264600
2020-09-09,261.10999,264.35999,259.040009,263.040009,1829100
2020-09-10,262.95001,263.57999,253.97,255.64999,1231700
2020-09-11,257.84,262.079987,255.77,257.95999,1169700
2020-09-14,261.23999,268.39999,260.87,264.79999,1200500
2020-09-15,266.76999,267.88,264.23999,266.85001,1217100
2020-09-16,271.0,273.54999,267.31,267.54999,1387500
2020-09-17,258.98001,273.23999,258.82001,271.45999,1763600
2020-09-18,273.29999,273.59,257.42001,265.39001,2179500
2020-09-21,264.14001,264.94,259.26999,264.0,1150500
2020-09-22,263.66,268.0,260.38,267.57999,817500
2020-09-23,267.87,270.079987,262.75,263.82001,864300
2020-09-24,262.14001,263.89999,257.5,263.13,1422500
2020-09-25,264.10001,268.91,260.51999,268.17999,1345800
2020-09-28,269.89999,270.57999,264.23001,267.73001,1103300
2020-09-29,267.82001,271.67999,266.38,270.31,891700
2020-09-30,271.32999,274.66,269.45999,272.12,1382800
2020-10-01,272.89999,275.39999,270.64999,273.51001,932500
2020-10-02,269.34,272.79001,260.13,260.79999,1339100
2020-10-05,262.85999,269.070007,261.70001,268.98001,1302900
2020-10-06,269.89001,270.5,260.26001,260.98001,1022800
2020-10-07,263.17999,266.5,262.10001,265.82001,764200
2020-10-08,267.16,268.92001,264.91,268.53,777700
2020-10-09,268.87,270.079987,266.23999,269.95001,877700
2020-10-12,273.14001,277.32999,269.57999,274.60001,1331200
2020-10-13,275.88,280.98999,274.48001,276.089996,1087900
2020-10-14,275.19,275.75,269.79001,271.45999,1026800
2020-10-15,227.55,232.46001,213.17,215.28,17493000
2020-10-16,217.78999,225.0,217.19,218.080002,5956100
2020-10-19,219.080002,225.97,217.25,220.50999,3789600
2020-10-20,222.0,222.62,214.48,214.53999,2924300
2020-10-21,215.89,217.92999,209.16,211.38,2775700
2020-10-22,210.37,214.74001,208.23,210.080002,2380500
2020-10-23,212.19,213.50999,209.070007,211.58,1715600
2020-10-26,209.75,210.53999,204.85001,207.14999,2087500
2020-10-27,208.35001,213.58,206.78999,212.19,2756100
2020-10-28,212.0,214.24001,208.25,208.34,2221200
2020-10-29,209.0099945,210.38,205.0,207.0099945,1930800
2020-10-30,205.92999,211.64,203.50999,208.36,2829400
2020-11-02,211.14,211.45,202.57001,207.42,1877700
2020-11-03,208.92,214.88,208.0,211.14,1892000
2020-11-04,218.27,223.77,214.22,215.089996,3778600
2020-11-05,220.080002,220.92,216.22,219.48,2347200
2020-11-06,219.12,221.72,216.36,220.28,1707900
2020-11-09,224.41,229.080002,221.5,222.85001,2478300
2020-11-10,223.77,224.74001,215.059998,215.35001,1917500
2020-11-11,217.12,218.8,213.64999,216.72,1647200
2020-11-12,217.050003,221.32001,216.89999,218.31,2143900
2020-11-13,222.28,227.27,219.64,225.52,1695100
2020-11-16,225.99001,227.36,221.78999,224.27,1706800
2020-11-17,222.72,223.42999,218.23,222.96001,1750500
2020-11-18,222.71001,223.77,216.34,216.35001,2500400
2020-11-19,216.42,218.14,211.39999,211.97,2604100
2020-11-20,212.35001,217.23,210.039993,215.21001,2239200
2020-11-23,216.78,218.28999,214.14,217.87,1851000
2020-11-24,215.53,219.47,215.13,216.5,2179600
2020-11-25,217.87,220.53999,215.84,218.10001,2033300
2020-11-27,219.61,226.72,219.61,226.71001,1052800
2020-11-30,231.0,232.17,224.3,227.75,4585300
2020-12-01,227.47,230.56,226.020004,230.3,1762000
2020-12-02,230.3,232.45,226.32001,226.7,1864200
2020-12-03,226.0,229.050003,224.71001,226.87,1291600
2020-12-04,227.3,230.21001,225.59,228.32001,948900
2020-12-07,231.0,231.42,225.12,227.059998,1219700
2020-12-08,228.81,230.2,225.39999,229.83,1329800
2020-12-09,230.0,231.0,221.31,224.38,1992100
2020-12-10,224.81,224.89,221.7,224.039993,1462600
2020-12-11,224.10001,224.56,220.92999,224.17,1476000
2020-12-14,226.78999,233.47,226.42999,228.13,2220200
2020-12-15,229.7,230.60001,226.0,228.81,1188800
2020-12-16,229.66,232.75,228.55,232.11,1708700
2020-12-17,233.0,237.35001,232.32001,236.92,1992800
2020-12-18,238.53999,239.71001,234.47,236.72,2929300
2020-12-21,233.020004,235.58,228.8,234.55,1567200
2020-12-22,235.0099945,235.8,232.35001,234.89999,1127800
2020-12-23,235.39999,238.57001,234.080002,235.84,1012900
2020-12-24,237.17,237.5,233.48,234.46001,451700
2020-12-28,235.39999,236.48,232.2,232.47,903200
2020-12-29,233.94,236.56,232.96001,233.49001,656600
2020-12-30,235.0,237.0099945,232.070007,232.67999,819100
2020-12-31,232.35001,237.5,230.33,236.34,1161100
2021-01-04,237.91,238.080002,226.27,229.42999,2117700
2021-01-05,228.84,229.92,225.089996,228.58,1730500
2021-01-06,225.10001,227.50999,222.31,226.64999,2306700
2021-01-07,227.89999,233.97,227.2,232.89999,1503800
2021-01-08,233.86,237.75999,233.0099945,237.0,1231200
2021-01-11,235.58,236.47,227.38,234.64,2263100
2021-01-12,234.8,238.25999,228.74001,229.38,1816900
2021-01-13,230.2,231.059998,226.94,227.10001,1809600
2021-01-14,228.22,228.39999,224.7,226.12,1727800
2021-01-15,226.59,227.60001,224.39,225.55,2241900
2021-01-19,227.0,233.88,223.31,231.91,2044800
2021-01-20,233.28999,239.36,231.17999,236.7,1608800
2021-01-21,237.059998,239.75,232.78,238.64,1624000
2021-01-22,237.25,241.83,236.99001,237.59,1258200
2021-01-25,240.99001,242.99001,239.050003,241.31,1828600
2021-01-26,240.42999,241.98,236.24001,237.64,1629200
2021-01-27,234.0,234.0,224.7,225.25,2546200
2021-01-28,226.8,234.96001,226.57001,230.039993,1593500
2021-01-29,229.45,232.92,227.56,229.080002,2029500
2021-02-01,231.0,232.38,226.17999,231.77,1927900
2021-02-02,225.8,227.89999,216.14,217.33,6292900
2021-02-03,218.42,219.089996,210.99001,211.0,3830200
2021-02-04,213.35001,214.78999,211.64999,213.71001,2908100
2021-02-05,214.5,217.55,212.25999,215.25999,2740500
2021-02-08,217.13,218.22,213.53999,214.37,2141500
2021-02-09,214.45,215.59,212.57001,213.82001,1624900
2021-02-10,215.98,216.3,212.020004,212.53,1863000
2021-02-11,212.48,212.89,209.72,210.5,1893700
2021-02-12,210.82001,214.36,210.22,213.98,1798200
2021-02-16,213.8,214.41,208.61,210.27,2509700
2021-02-17,209.58,215.0,208.5,214.85001,2086700
2021-02-18,213.56,213.75999,209.58,209.83,2126400
2021-02-19,210.0,211.73,206.78999,207.020004,2231200
2021-02-22,206.72,216.22,204.62,214.96001,3671900
2021-02-23,215.2,217.69,211.67,216.44,2600900
2021-02-24,215.82001,220.42,214.72,217.039993,1775800
2021-02-25,215.8,217.39999,210.5,212.98,1830600
2021-02-26,214.67,215.5,209.34,212.55,3083300
2021-03-01,212.67999,213.69,209.38,210.38,1845000
2021-03-02,211.81,214.13,211.45,212.059998,2491300
2021-03-03,212.0,213.28,208.059998,208.44,2478400
2021-03-04,207.3,213.10001,205.85001,207.78999,2273300
2021-03-05,208.23,212.60001,206.39,211.98,1704700
2021-03-08,212.27,219.3,211.75999,213.58,3426600
2021-03-09,217.28999,219.13,213.86,214.039993,2276700
2021-03-10,217.3,217.72,211.56,214.28999,1938600
2021-03-11,214.71001,217.67999,214.31,215.14999,1625500
2021-03-12,214.34,214.89999,211.25999,214.33,1162600
2021-03-15,213.71001,219.85001,213.48,219.64999,1577700
2021-03-16,220.63,220.63,216.72,218.99001,1367500
2021-03-17,217.16,217.88,214.14999,217.080002,1195500
2021-03-18,214.13,216.25,212.64999,213.36,1620400
2021-03-19,214.44,216.92999,213.28,216.11,2098600
2021-03-22,215.84,220.33,215.25,218.82001,1934300
2021-03-23,219.83,219.85001,212.11,213.59,1620700
2021-03-24,213.61,214.50999,209.41,211.53999,1522000
2021-03-25,213.16,213.60001,209.71001,212.36,2292300
2021-03-26,212.5,214.96001,209.22,214.64,2848400
2021-03-29,213.92999,218.46001,212.21001,216.71001,1531500
2021-03-30,214.75,215.5,212.37,212.99001,1272500
2021-03-31,213.38,216.059998,212.87,214.89,1523300
2021-04-01,215.89,216.020004,212.3,213.039993,2071400
2021-04-05,214.38,215.61,213.17999,215.32001,2050000
2021-04-06,215.5,216.46001,213.14999,215.3,1926000
2021-04-07,215.71001,218.47,211.7,212.72,1515400
2021-04-08,214.17999,216.050003,209.95,210.28,2259400
2021-04-09,210.5,213.82001,209.53,213.35001,1533600
2021-04-12,212.67999,214.45,211.21001,213.60001,1468000
2021-04-13,214.61,218.7,214.46001,215.94,1628700
2021-04-14,216.16,220.25,216.16,217.13,1564700
2021-04-15,218.52,222.35001,218.0,221.10001,1686500
2021-04-16,222.34,222.78,219.24001,219.39,1917500
2021-04-19,220.86,222.59,218.14999,219.17999,1510900
2021-04-20,218.84,222.0,218.14999,220.16,1370500
2021-04-21,220.78999,221.48,217.82001,219.75999,1173400
2021-04-22,217.11,218.92999,214.0,215.98,1777600
2021-04-23,217.070007,218.81,215.77,217.89999,1205100
2021-04-26,217.74001,218.28,214.46001,216.97,1303400
2021-04-27,217.10001,218.14999,215.0,215.53,1223900
2021-04-28,215.67999,215.72,212.81,213.48,1426800
2021-04-29,213.60001,213.8,210.27,211.86,1656000
2021-04-30,213.34,221.41,213.0,218.2,2592700
2021-05-03,217.27,219.69,216.7,217.95,1367000
2021-05-04,217.53999,217.53999,211.75999,214.85001,1772600
2021-05-05,214.85001,215.84,213.24001,213.87,1254800
2021-05-06,212.25,213.58,211.059998,213.16,1184100
2021-05-07,214.36,216.77,213.81,215.0099945,1232000
2021-05-10,215.63,216.28,212.75,212.89999,1269700
2021-05-11,211.8,214.020004,211.39,213.0,1330200
2021-05-12,212.059998,215.67,211.74001,212.67999,1198000
2021-05-13,212.69,215.020004,212.33,214.35001,1077100
2021-05-14,215.10001,218.17999,213.28999,217.089996,1428200
2021-05-17,215.62,217.64999,214.8,216.35001,933000
2021-05-18,216.89999,218.059998,214.38,214.64999,1336900
2021-05-19,213.2,214.17999,211.0,214.050003,1117400
2021-05-20,213.92999,218.97,213.39999,216.61,1417500
2021-05-21,217.28999,218.42,213.0,213.42999,1618800
2021-05-24,215.020004,215.7,210.99001,211.22,1505300
2021-05-25,211.41,212.059998,207.48,208.75999,1707200
2021-05-26,209.63,209.63,206.14,206.8,1485000
2021-05-27,207.039993,207.44,204.62,207.31,2194900
2021-05-28,208.78,211.78,208.3,208.63,1724900
2021-06-01,209.49001,210.2,207.2,209.67,1808700
2021-06-02,210.0,212.21001,208.45,210.38,1559000
2021-06-03,209.039993,211.48,208.5,211.14999,1447600
2021-06-04,211.67999,212.98,209.39,209.92999,1601800
2021-06-07,210.58,211.57001,208.62,209.16,2258900
2021-06-08,210.7,213.17,209.13,211.13,1917200
2021-06-09,212.0,215.47,211.55,213.56,1599900
2021-06-10,213.82001,217.25999,211.28,216.77,2623200
2021-06-11,194.039993,200.050003,192.88,193.020004,13725100
2021-06-14,195.66,196.32001,192.63,194.8,3399200
2021-06-15,195.91,196.0,188.0099945,188.97,4608900
2021-06-16,189.57001,192.55,187.2,187.49001,2796400
2021-06-17,187.49001,189.17,185.64,188.36,4314200
2021-06-18,188.52,188.84,185.88,187.85001,3517900
2021-06-21,188.11,190.85001,187.48,187.7,2027200
2021-06-22,188.13,188.94,185.33,188.87,1879500
2021-06-23,188.19,189.78,187.089996,187.52,1930600
2021-06-24,188.60001,193.28,188.28999,191.94,2482100
2021-06-25,192.0,194.78,191.020004,194.34,5671600
2021-06-28,197.0,198.73,194.42,197.82001,2803900
2021-06-29,197.34,198.8,196.57001,196.78,2645900
2021-06-30,196.82001,202.22,196.21001,201.63,2572900
2021-07-01,201.25999,202.42999,199.86,202.21001,2551800
2021-07-02,203.19,203.24001,200.31,200.53999,1402300
2021-07-06,201.47,201.89999,199.97,200.050003,1947300
2021-07-07,199.78999,200.44,197.21001,198.99001,2308500
2021-07-08,197.39999,198.99001,196.3,197.74001,1806700
2021-07-09,197.55,198.71001,196.42999,198.16,948300
2021-07-12,198.0,198.46001,197.2,198.34,2074900
2021-07-13,198.16,200.44,197.36,198.33,1685900
2021-07-14,197.50999,199.020004,195.75,197.89,1655000
2021-07-15,196.78999,200.16,195.85001,200.089996,2452800
2021-07-16,200.60001,204.46001,199.25999,202.28,3066500
2021-07-19,202.16,204.25999,198.33,199.24001,1897500
2021-07-20,195.0,196.99001,193.88,196.55,3487800
2021-07-21,196.080002,197.21001,194.45,196.27,1382600
2021-07-22,195.39999,196.57001,195.0,196.020004,1295100
2021-07-23,196.72,203.52,195.5,200.5,2887400
2021-07-26,199.42999,202.41,198.25999,198.92999,4010700
2021-07-27,199.85001,203.10001,198.66,202.85001,1822500
2021-07-28,202.85001,204.88,201.050003,202.24001,1258500
2021-07-29,202.73,202.94,198.83,200.38,1397000
2021-07-30,201.53999,203.46001,197.31,201.58,2132900
2021-08-02,200.64999,201.27,197.45,198.32001,2809600
2021-08-03,198.59,200.71001,198.029999,200.050003,2060100
2021-08-04,200.0,202.0,199.11,199.59,2612200
2021-08-05,200.25999,203.13,199.73,202.99001,1975500
2021-08-06,202.99001,204.0,200.53,200.67,1542200
2021-08-09,201.38,201.53999,198.63,200.39999,2314400
2021-08-10,200.5,200.66,195.34,196.46001,2891700
2021-08-11,196.82001,199.28,194.53,195.25,4204300
2021-08-12,195.72,196.35001,193.88,194.81,3580200
2021-08-13,195.0,195.71001,193.7,194.36,3231900
2021-08-16,194.67,194.95,189.61,190.97,3548900
2021-08-17,189.47,198.59,188.84,198.44,2082200
2021-08-18,198.72,198.72,194.67999,194.77,1120200
2021-08-19,194.3,197.92,194.3,195.039993,1140900
2021-08-20,195.60001,198.61,194.3,195.85001,974700
2021-08-23,197.27,200.5,196.14,198.39999,1125800
2021-08-24,198.82001,200.16,196.67999,199.73,880100
2021-08-25,199.59,202.17,198.089996,201.33,1192700
2021-08-26,200.94,202.74001,197.91,198.25,1134700
2021-08-27,198.14999,202.77,195.85001,199.92,1290000
2021-08-30,199.3,201.56,198.7,199.49001,1119600
2021-08-31,200.21001,200.35001,198.14999,200.28999,1889700
2021-09-01,200.62,202.55,196.35001,197.14,1450700
2021-09-02,198.059998,199.8,196.60001,199.22,1240100
2021-09-03,198.5,199.17999,196.66,198.050003,985400
2021-09-07,196.2,197.050003,192.0,192.2,1714000
2021-09-08,191.81,193.39999,191.059998,191.37,940300
2021-09-09,189.42,190.2,188.050003,188.089996,1449900
2021-09-10,188.17,190.14999,186.14999,188.57001,1375500
2021-09-13,190.070007,193.25,189.61,190.72,972700
2021-09-14,190.86,191.75,188.21001,188.41,960700
2021-09-15,188.47,190.60001,188.42,188.86,1599100
2021-09-16,188.85001,189.53999,185.44,187.10001,1548200
2021-09-17,186.24001,188.53999,184.78,188.3,2214200
2021-09-20,186.89,188.89,185.070007,185.67,1874400
2021-09-21,186.17,187.49001,185.11,185.8,913500
2021-09-22,186.12,186.44,182.60001,184.27,1376000
2021-09-23,184.62,186.5,184.5,185.089996,1076300
2021-09-24,185.3,185.3,181.98,183.61,1159800
2021-09-27,183.2,184.050003,181.45,183.41,1469900
2021-09-28,182.39999,183.32001,180.020004,181.60001,1589100
2021-09-29,182.17,184.25,181.96001,182.22,1100800
2021-09-30,182.48,184.21001,181.37,181.39,1322100
2021-10-01,180.16,181.14999,178.35001,180.35001,1355800
2021-10-04,179.0,181.0,177.039993,177.39999,1647900
2021-10-05,177.5,179.39999,176.92,177.0099945,1802600
2021-10-06,177.0099945,182.58,176.36,180.91,1723000
2021-10-07,180.91,182.0,179.72,180.020004,1287300
2021-10-08,180.27,181.020004,178.58,178.94,1157800
2021-10-11,179.23,181.020004,178.21001,179.58,1533000
2021-10-12,181.50999,181.50999,179.31,180.21001,1425000
2021-10-13,180.22,182.5,180.22,181.34,1088900
2021-10-14,182.14,184.19,181.33,181.89999,1913400
2021-10-15,182.48,183.14999,181.0,181.77,1409200
2021-10-18,182.5,182.7,177.71001,180.8,2335900
2021-10-19,182.059998,185.60001,181.11,185.41,2011200
2021-10-20,185.99001,187.88,185.080002,185.49001,1623500
2021-10-21,185.53999,187.2,184.34,187.089996,1629100
2021-10-22,186.77,187.14999,182.88,183.52,1945200
2021-10-25,183.52,186.14,182.50999,184.99001,982600
2021-10-26,185.020004,186.58,183.95,184.070007,1003400
2021-10-27,184.39,184.96001,180.39999,180.94,1217100
2021-10-28,181.19,183.83,181.0099945,182.0,1356700
2021-10-29,181.92999,185.91,180.67,184.92999,1567900
2021-11-01,184.17999,186.74001,183.41,185.39999,1172700
2021-11-02,185.66,185.66,180.71001,181.39999,2317300
2021-11-03,187.5,190.75,184.10001,189.070007,3917500
2021-11-04,189.10001,194.41,188.3,194.21001,3469200
2021-11-05,193.75999,195.23,191.48,192.85001,2231700
2021-11-08,192.99001,194.46001,190.64,192.23,1345700
2021-11-09,192.23,193.41,190.31,191.089996,1727500
2021-11-10,191.0099945,192.61,187.50999,187.91,1340200
2021-11-11,188.0,188.14999,185.10001,185.87,1146200
2021-11-12,187.0099945,187.78999,186.029999,187.28999,940200
2021-11-15,187.28999,187.92,186.11,186.86,1003200
2021-11-16,186.45,188.87,185.58,188.33,1372000
2021-11-17,188.63,198.53,187.12,188.25,2691200
2021-11-18,188.25,189.48,184.89,185.41,1594400
2021-11-19,184.82001,185.22,181.020004,182.88,1587700
2021-11-22,182.64999,183.64999,180.14999,181.5,1173700
2021-11-23,181.050003,187.070007,179.96001,186.85001,2159400
2021-11-24,187.25999,188.33,184.71001,186.24001,3086800
2021-11-26,187.33,189.8,182.66,183.59,1127400
2021-11-29,187.45,192.36,185.46001,190.11,2802000
2021-11-30,189.5,192.62,186.25999,186.94,3988600
2021-12-01,195.59,205.85001,194.10001,205.0,7044400
2021-12-02,201.82001,208.16,201.50999,204.45,3378100
2021-12-03,205.78,206.42999,202.0,203.81,2870200
2021-12-06,203.73,206.88,203.039993,205.059998,1964800
2021-12-07,205.53999,205.73,203.13,205.22,1949300
2021-12-08,205.71001,206.88,203.73,206.61,1296500
2021-12-09,207.96001,209.0,205.85001,208.41,1734000
2021-12-10,206.7,208.42,204.11,208.059998,1371300
2021-12-13,208.49001,208.87,205.14,208.14999,1677700
2021-12-14,208.28,209.99001,206.89999,209.24001,1370100
2021-12-15,209.050003,211.53,206.98,211.13,1500200
2021-12-16,212.050003,214.23,211.11,212.61,1964600
2021-12-17,211.53,218.32001,210.35001,214.53999,4586500
2021-12-20,215.92,216.39,213.25,215.41,1631600
2021-12-21,216.25,218.81,215.66,218.60001,1860400
2021-12-22,218.60001,223.10001,218.27,222.77,1436300
2021-12-23,222.77,224.39999,221.45,223.45,1210100
2021-12-27,223.34,224.2,220.52,222.34,2073400
2021-12-28,222.42,223.13,220.24001,221.92999,1066900
2021-12-29,221.92999,223.95,221.22,223.32001,726200
2021-12-30,222.8,224.49001,222.16,222.45,961500
2021-12-31,222.63,223.5,219.039993,219.60001,1142000
2022-01-03,218.38,222.59,214.66,222.53,1382100
2022-01-04,220.73,222.7,219.11,221.86,1384900
2022-01-05,222.2,224.89,220.69,221.42,1685700
2022-01-06,221.82001,223.99001,221.0099945,221.64999,1592900
2022-01-07,220.78,223.98,220.0,221.85001,1277400
2022-01-10,222.91,225.87,219.10001,223.96001,1844500
2022-01-11,224.2,226.91,222.14,226.14999,1458900
2022-01-12,225.089996,227.19,223.67999,226.14,1225000
2022-01-13,225.23,228.12,225.17,226.58,1750400
2022-01-14,227.0,234.58,226.59,234.059998,2178400
2022-01-18,231.42999,232.49001,228.74001,231.070007,2016400
2022-01-19,231.39999,232.66,230.41,230.84,1649300
2022-01-20,233.47,234.41,228.2,228.61,2013100
2022-01-21,228.13,231.11,227.25999,228.080002,2214700
2022-01-24,225.13,229.95,221.69,229.67999,2818900
2022-01-25,226.089996,229.63,223.66,227.11,1956300
2022-01-26,226.62,229.81,225.0099945,226.58,1998900
2022-01-27,228.99001,233.69,226.89,228.22,2237000
2022-01-28,227.28999,243.3,227.17999,243.020004,3164300
2022-01-31,240.87,244.41,239.16,243.050003,2829000
2022-02-01,242.39,245.77,241.50999,245.66,2777100
2022-02-02,243.58,254.92999,241.0,253.57001,3679900
2022-02-03,250.16,250.16,243.53999,243.75,2519800
2022-02-04,241.27,244.63,238.48,241.96001,1822400
2022-02-07,243.32001,244.81,241.22,243.25999,1202900
2022-02-08,242.36,243.0,239.23,240.94,1135700
2022-02-09,242.52,245.61,241.50999,244.24001,1069900
2022-02-10,238.39,241.0099945,234.46001,235.89,1809500
2022-02-11,236.55,237.34,233.17,233.89,1524400
2022-02-14,233.75,234.0,229.25999,231.23,1578100
2022-02-15,231.88,233.87,231.28999,233.41,1583900
2022-02-16,233.46001,236.89,231.56,235.77,1402200
2022-02-17,233.85001,234.95,230.059998,232.77,1665300
2022-02-18,233.0,233.89,228.55,229.61,1271200
2022-02-22,229.21001,233.029999,229.21001,230.21001,1692000
2022-02-23,231.7,233.53,229.2,230.69,1817100
2022-02-24,227.7,230.42999,225.28,230.25,1475200
2022-02-25,229.46001,233.16,228.039993,230.3,1428100
2022-02-28,227.99001,230.13,226.17999,230.020004,2035700
2022-03-01,229.19,232.52,228.5,230.69,1253800
2022-03-02,230.17999,235.5,229.39999,234.11,1029100
2022-03-03,234.92999,238.53,234.74001,235.69,1140600
2022-03-04,233.39999,243.17999,233.039993,238.66,2032800
2022-03-07,237.46001,242.5,235.050003,235.53999,1548000
2022-03-08,233.089996,242.89999,232.97,238.71001,1460200
2022-03-09,240.50999,240.74001,236.35001,239.24001,1378900
2022-03-10,235.16,242.91,234.53999,241.92999,1080100
2022-03-11,242.60001,247.49001,236.13,236.48,1374000
2022-03-14,239.72,242.45,238.66,241.67999,1414900
2022-03-15,243.92999,247.47,243.52,246.99001,1600800
2022-03-16,246.36,248.8,243.0099945,248.52,1181900
2022-03-17,248.2,251.33,247.37,250.0,1418700
2022-03-18,250.13,250.13,246.22,249.080002,2225300
2022-03-21,248.029999,252.19,246.73,250.25999,1790100
2022-03-22,249.13,252.19,248.5,251.88,1052600
2022-03-23,251.28999,252.080002,247.94,248.13,1241600
2022-03-24,249.31,253.50999,249.31,251.7,1040400
2022-03-25,252.0,254.14999,250.49001,253.95,1226600
2022-03-28,253.83,258.25,252.8,255.72,1686900
2022-03-29,256.10999,258.0,252.52,257.98001,1644000
2022-03-30,258.81,260.10001,255.98,256.51999,1040000
2022-03-31,260.0,263.57999,256.089996,260.97,2394900
2022-04-01,261.54999,267.13,259.040009,266.14999,2120500
2022-04-04,266.84,269.29999,264.69,268.64001,1686100
2022-04-05,267.95999,275.88,267.95999,269.95999,1838000
2022-04-06,266.75,273.040009,266.62,272.39001,2300100
2022-04-07,272.39001,277.66,271.79999,275.82999,1651800
2022-04-08,274.41,281.5,273.20001,280.28,1574500
2022-04-11,279.85999,282.73001,278.79001,281.089996,1951900
2022-04-12,280.95001,284.76999,278.98999,281.14999,1621800
2022-04-13,281.59,291.44,281.59,290.92999,1685900
2022-04-14,289.32001,292.75,286.079987,287.97,2520600
2022-04-18,287.67001,287.85999,281.75,282.98999,1326000
2022-04-19,282.98999,284.31,279.59,282.51999,1354100
2022-04-20,284.34,286.88,282.76999,285.29999,1115800
2022-04-21,286.0,286.79999,281.45001,281.70999,1118600
2022-04-22,280.57999,281.84,270.19,270.42001,1774300
2022-04-25,270.0,272.5,265.87,271.67999,1688700
2022-04-26,271.070007,272.23001,267.39001,267.69,1446500
2022-04-27,267.32999,269.39001,264.81,267.25,1240000
2022-04-28,268.57001,269.29999,262.22,268.64001,1620700
2022-04-29,275.0,279.70999,272.63,273.22,2871500
2022-05-02,264.14999,266.19,254.089996,261.95999,3748700
2022-05-03,266.54999,271.25,265.57999,269.10999,1363500
2022-05-04,269.34,275.26001,266.23999,273.70001,1353400
2022-05-05,271.69,273.59,264.59,266.37,1556900
2022-05-06,256.32001,261.67999,252.69,253.92999,2268500
2022-05-09,251.0,251.0,234.39999,235.020004,3148800
2022-05-10,239.58,244.10001,237.41,240.16,2041500
2022-05-11,237.85001,241.75,233.0099945,234.96001,1905900
2022-05-12,236.55,241.050003,233.62,240.85001,1475400
2022-05-13,241.22,247.53999,240.25,246.72,1366600
2022-05-16,245.85001,254.71001,244.61,254.17,1558200
2022-05-17,255.82001,262.95001,254.67,261.84,1566800
2022-05-18,260.59,262.079987,251.41,252.35001,1397000
2022-05-19,252.55,257.14999,250.38,255.45,1448800
2022-05-20,256.60999,259.10001,252.50999,258.59,1552300
2022-05-23,260.049988,270.28,259.19,268.35001,1674000
2022-05-24,265.51001,270.98001,263.78,268.48001,1622100
2022-05-25,269.70001,273.19,267.82001,270.84,1880700
2022-05-26,270.84,274.17001,268.87,269.64999,1376600
2022-05-27,271.14999,273.85999,268.92999,273.73001,1479100
2022-05-31,274.029999,276.0,266.47,268.64999,3878600
2022-06-01,275.32999,275.56,266.17999,269.41,1377600
2022-06-02,268.57999,270.95999,260.66,270.049988,1234700
2022-06-03,268.62,272.45999,266.29001,269.44,1134000
2022-06-06,271.44,272.019989,266.60999,268.0,907100
2022-06-07,267.22,272.91,265.63,271.85999,962800
2022-06-08,272.20001,279.13,271.5,274.54001,1770200
2022-06-09,273.17001,273.17001,259.64999,259.70001,1954400
2022-06-10,256.51001,258.0,252.87,254.88,1375600
2022-06-13,250.81,250.89,244.13,245.39,1583600
2022-06-14,246.33,249.44,243.17,249.080002,1208800
2022-06-15,250.8,256.22,248.27,253.50999,963000
2022-06-16,248.49001,251.45,245.32001,250.96001,1296000
2022-06-17,251.070007,264.89999,251.0,263.089996,3443700
2022-06-21,266.22,271.92999,265.98001,270.17001,1333800
2022-06-22,266.95999,276.0,266.44,272.31,1403200
2022-06-23,275.0,284.51001,274.20001,283.5,2746000
2022-06-24,286.26001,293.17001,280.28,292.54999,4269000
2022-06-27,289.81,291.14001,286.70999,287.32001,1976600
2022-06-28,288.45001,289.41,275.97,276.17001,1926400
2022-06-29,275.82999,282.29001,275.82999,280.35001,1430100
2022-06-30,277.049988,284.62,276.76001,281.79001,1872800
2022-07-01,280.17001,287.85999,279.42001,287.32001,1459700
2022-07-05,285.92001,289.95001,284.5,288.98001,1845000
2022-07-06,290.14001,293.62,288.26999,291.16,2082200
2022-07-07,289.76999,294.95999,287.79001,294.17001,1791000
2022-07-08,291.35999,295.73999,291.029999,294.29001,1307800
2022-07-11,294.0,296.84,288.0,294.070007,1481100
2022-07-12,293.0,293.88,282.91,290.01001,1363300
2022-07-13,288.98001,294.60001,287.88,288.73001,1053900
2022-07-14,285.60999,286.92001,282.25,286.14999,1034600
2022-07-15,286.079987,293.53,284.92999,292.84,2711700
2022-07-18,292.87,295.76999,285.26999,286.059998,1588900
2022-07-19,290.0,290.13,286.019989,289.60001,1362100
2022-07-20,288.70001,290.95001,283.72,285.5,1046000
2022-07-21,285.79001,286.95999,281.059998,283.10999,1040000
2022-07-22,284.54999,288.14001,278.73001,280.29001,1197200
2022-07-25,282.0,283.84,278.89999,283.67999,1158500
2022-07-26,284.14001,290.73001,283.70001,288.22,1534000
2022-07-27,286.26999,288.20999,280.76999,286.98999,1210700
2022-07-28,287.54001,288.0,276.23999,280.82001,1299200
2022-07-29,281.79999,282.41,275.64999,280.41,1673300
2022-08-01,279.79001,280.72,272.51999,273.82999,1455900
2022-08-02,275.82001,278.25,273.0,273.85999,1006700
2022-08-03,276.01001,279.37,271.60999,275.029999,1474300
2022-08-04,277.41,278.14001,272.92999,274.85001,2034300
2022-08-05,273.10999,288.70001,272.10001,288.029999,2398800
2022-08-08,288.64999,296.95001,288.64999,293.95001,1686900
2022-08-09,294.28,301.73001,293.95001,298.82999,1599800
2022-08-10,301.20001,301.79999,295.10999,295.76999,1432500
2022-08-11,295.39001,297.76001,289.78,292.16,1160000
2022-08-12,292.87,295.66,292.12,294.51999,990800
2022-08-15,293.70999,305.95001,293.70999,305.53,1814400
2022-08-16,305.0,305.91,301.97,303.0,1103700
2022-08-17,300.040009,302.82001,298.79001,299.23001,908600
2022-08-18,299.89001,299.89001,291.45001,294.29001,956000
2022-08-19,293.23001,300.26001,292.10999,299.040009,1091600
2022-08-22,299.73001,302.20999,293.48001,293.84,1126200
2022-08-23,292.19,295.0,282.67001,286.25,1407200
2022-08-24,287.35001,291.95999,285.029999,291.029999,910000
2022-08-25,293.0,293.0,288.23999,291.22,590600
2022-08-26,292.17001,294.14999,281.31,281.67999,1263800
2022-08-29,278.75,284.62,277.20001,281.60001,1080700
2022-08-30,281.5,282.95999,278.97,281.35999,849600
2022-08-31,281.85999,286.70999,281.12,281.76001,1442200
2022-09-01,281.64999,290.5,281.54001,290.20001,1106600
2022-09-02,290.23001,292.0,279.5,281.040009,1121800
2022-09-06,281.70001,284.10999,278.51999,279.17999,989300
2022-09-07,279.89001,286.079987,277.5,284.44,1053700
2022-09-08,284.76999,291.29001,283.29999,288.98999,1189700
2022-09-09,288.53,292.92999,286.51999,292.10999,1464100
2022-09-12,294.0,296.14001,290.049988,293.48001,1706200
2022-09-13,291.20001,292.95001,280.019989,280.67001,1614700
2022-09-14,282.76999,287.35999,279.62,284.85999,1354300
2022-09-15,285.91,288.14999,282.040009,287.67001,1028600
2022-09-16,288.39001,291.94,286.01001,289.70999,2484400
2022-09-19,284.32001,287.0,279.69,285.14001,1350300
2022-09-20,284.38,288.47,282.47,286.94,1130600
2022-09-21,286.94,288.31,280.23999,280.39999,1109800
2022-09-22,278.39001,288.92001,277.67001,286.34,1408200
2022-09-23,283.29001,285.12,279.70001,283.45001,1353200
2022-09-26,282.70001,285.32999,276.57001,276.78,1583000
2022-09-27,279.92999,289.51999,278.19,284.73999,1464700
2022-09-28,289.28,293.82999,286.019989,292.41,1656300
2022-09-29,292.41,293.32999,286.57001,292.79999,1341200
2022-09-30,292.95999,294.62,289.17001,289.54001,1914300
2022-10-03,293.70999,299.59,289.64001,297.42999,1795500
2022-10-04,299.85001,303.040009,295.87,300.64001,1539700
2022-10-05,300.64001,304.26001,296.79999,302.019989,1296700
2022-10-06,300.0,302.89001,297.42001,298.63,1132500
2022-10-07,295.91,300.049988,292.73001,295.23001,1424700
2022-10-10,295.45001,296.57999,291.5,294.54001,835000
2022-10-11,294.54001,300.14001,292.89999,295.16,1261200
2022-10-12,295.0,295.64001,289.91,290.13,928500
2022-10-13,284.89001,297.89999,283.57999,296.54001,1124500
2022-10-14,298.070007,300.94,292.70999,293.20999,1028100
2022-10-17,297.079987,298.35001,294.20001,297.019989,1108300
2022-10-18,300.20999,303.29001,296.45999,300.17001,983500
2022-10-19,298.85001,299.57999,289.54001,292.019989,928700
2022-10-20,292.10001,295.54999,289.17999,290.16,1000900
2022-10-21,289.69,300.14001,287.95999,300.0,1467100
2022-10-24,302.73999,312.26999,302.5,310.5,1994000
2022-10-25,312.0,315.37,308.14999,309.20999,1759700
2022-10-26,313.040009,316.48001,309.42001,311.17999,1266100
2022-10-27,310.70999,311.5,287.20001,287.89001,4090200
2022-10-28,302.0,314.48999,294.31,313.89001,3260200
2022-10-31,310.35001,314.089996,308.41,312.0,1575200
2022-11-01,312.44,316.089996,309.59,314.20001,1192500
2022-11-02,314.47,318.38,309.44,310.01001,1492900
2022-11-03,307.39999,313.64001,305.059998,311.29999,936000
2022-11-04,311.63,312.60001,304.040009,308.82001,1180200
2022-11-07,305.35999,308.79999,298.53,303.23001,1560100
2022-11-08,303.089996,311.67999,300.31,306.5,1356600
2022-11-09,306.5,312.14999,305.60001,309.34,1321400
2022-11-10,315.12,316.17999,302.73999,311.029999,2112600
2022-11-11,308.89001,309.79999,288.82999,303.26001,2182100
2022-11-14,305.10999,311.57001,303.87,306.029999,1393700
2022-11-15,308.60999,309.98001,300.0,305.28,1309100
2022-11-16,306.54999,308.75,304.57999,305.44,874300
2022-11-17,304.13,311.85999,302.019989,309.89999,1048200
2022-11-18,311.63,315.54001,311.13,314.63,1172400
2022-11-21,315.0,318.0,313.89999,316.20001,1149300
2022-11-22,317.82999,322.26001,313.059998,321.48001,1461100
2022-11-23,323.48001,323.60999,315.28,316.16,1042800
2022-11-25,315.17001,317.029999,312.01001,312.98001,713700
2022-11-28,313.78,320.92999,313.51001,315.29999,1113500
2022-11-29,315.69,317.20999,312.47,316.32999,1380400
2022-11-30,319.51999,322.73999,314.029999,316.39999,6633400
2022-12-01,318.54999,321.51999,315.17999,320.76001,1549100
2022-12-02,317.39999,322.45001,316.88,321.37,1094800
2022-12-05,318.85001,319.69,315.54999,317.60001,812900
2022-12-06,316.44,317.28,310.040009,311.81,1064400
2022-12-07,311.81,317.70999,310.64999,317.57999,871200
2022-12-08,317.54999,324.75,316.95001,321.32001,1147900
2022-12-09,319.29999,321.14999,311.79001,312.22,1007700
2022-12-12,315.22,315.41,311.14001,314.19,1401800
2022-12-13,317.0,317.32999,306.76999,307.089996,2006200
2022-12-14,305.85999,314.79999,304.51999,312.089996,1402500
2022-12-15,311.23001,312.39999,307.14001,308.39999,1008900
2022-12-16,305.45999,307.66,302.85001,304.79999,3091400
2022-12-19,301.54999,302.59,289.48001,291.59,1658200
2022-12-20,291.79999,296.0,291.29999,293.23001,1287700
2022-12-21,292.26001,294.39001,289.28,290.54999,1539400
2022-12-22,290.19,294.34,288.19,293.92001,1189200
2022-12-23,292.79999,294.82001,288.070007,289.69,701100
2022-12-27,290.0,291.0,285.98999,287.32001,671100
2022-12-28,287.0,289.67999,284.76001,285.76001,842500
2022-12-29,287.22,291.73001,285.79999,289.079987,894800
2022-12-30,288.67001,289.32001,284.39999,288.78,1030700
2023-01-03,288.60999,289.059998,283.5,286.019989,1100400
2023-01-04,288.29999,289.29001,283.98001,286.82999,1137400
2023-01-05,284.32999,290.17001,283.89999,287.89001,1187000
2023-01-06,291.81,293.64999,288.62,290.20999,943400
2023-01-09,290.089996,291.66,282.20999,283.23001,1299200
2023-01-10,283.23001,288.85001,282.57999,288.75,1038900
2023-01-11,289.87,292.89001,286.89001,292.25,1630300
2023-01-12,290.22,296.28,288.72,296.25,1801100
2023-01-13,296.39001,301.26001,295.57999,300.94,1448300
2023-01-17,303.48999,312.35001,302.62,311.98001,2070700
2023-01-18,311.79999,312.66,307.059998,309.85999,2264900
2023-01-19,310.029999,311.54001,302.51999,307.94,1551500
2023-01-20,306.31,310.45999,305.48999,309.84,1466200
2023-01-23,309.59,312.42999,308.53,311.81,1810700
2023-01-24,311.79999,313.89001,309.53,313.57001,932300
2023-01-25,314.35999,315.32999,312.0,315.28,1315100
2023-01-26,315.75,321.10999,314.60001,321.019989,1302000
2023-01-27,321.0,323.67001,319.57999,321.45001,1288600
2023-01-30,321.20999,322.69,319.23001,319.98001,2261800
2023-01-31,319.98001,325.19,319.98001,323.10001,1352900
2023-02-01,321.5,323.10001,312.57999,317.26999,1237700
2023-02-02,315.0,315.76999,301.059998,303.78,1944000
2023-02-03,304.56,306.39999,300.75,301.019989,1621300
2023-02-06,299.81,310.28,299.72,304.87,1295600
2023-02-07,303.59,309.44,302.23999,308.54001,1300600
2023-02-08,302.98001,303.10999,293.089996,293.32999,2168600
2023-02-09,293.10001,295.51999,289.57999,291.60001,1798700
2023-02-10,291.95001,298.48999,290.17001,297.39999,1342100
2023-02-13,295.53,300.98999,295.53,299.17999,1053300
2023-02-14,297.47,301.35001,295.0,300.25,1190400
2023-02-15,299.059998,299.57001,294.079987,298.75,899800
2023-02-16,296.17001,298.39001,291.48999,292.040009,1039300
2023-02-17,291.23999,295.69,290.0,293.66,1278000
2023-02-21,290.76001,295.84,290.76001,292.48001,1125300
2023-02-22,292.84,296.66,290.0,294.35999,1010800
2023-02-23,293.91,296.26001,290.72,292.57001,750700
2023-02-24,290.39999,291.75,286.48001,287.37,1085100
2023-02-27,286.62,290.049988,285.31,287.39999,856100
2023-02-28,286.22,291.56,285.60001,290.29001,1510500
2023-03-01,289.059998,292.60001,287.16,291.23001,1056400
2023-03-02,290.10001,293.14999,289.57001,290.76001,766600
2023-03-03,290.51999,291.20001,287.51001,290.51001,1060300
2023-03-06,290.0,294.0,288.88,291.62,1026400
2023-03-07,291.85001,291.85001,285.26999,286.57999,1057900
2023-03-08,285.51999,287.10999,283.60001,285.17999,676700
2023-03-09,288.29999,289.20999,284.57001,286.88,1000000
2023-03-10,286.57999,296.39999,285.92001,287.23999,1459300
2023-03-13,288.31,296.75,288.31,293.45999,1355000
2023-03-14,293.81,295.56,290.70999,295.25,1095200
2023-03-15,295.22,296.22,291.85001,294.26999,839100
2023-03-16,291.35999,301.54999,290.66,300.64001,1120700
2023-03-17,300.17001,301.23001,293.39999,295.76999,1676000
2023-03-20,296.72,300.73999,296.089996,298.95001,767800
2023-03-21,301.0,303.44,299.64001,302.66,1025500
2023-03-22,303.48001,303.98999,297.75,297.87,774700
2023-03-23,301.95001,305.47,300.67999,304.75,1312800
2023-03-24,305.38,315.0,302.87,314.39001,2376600
2023-03-27,314.67999,315.26999,307.92999,308.47,1114400
2023-03-28,310.75,313.32999,309.42999,313.25,1056700
2023-03-29,312.54999,316.31,311.41,314.23999,1185800
2023-03-30,314.75,315.56,310.89999,312.16,781400
2023-03-31,313.0,315.38,312.10001,315.070007,1111100
2023-04-03,315.0,318.0,313.54999,316.32999,835100
2023-04-04,315.56,318.85001,313.47,314.42001,952200
2023-04-05,316.39999,322.10001,314.32999,321.94,1126100
2023-04-06,321.41,324.64999,321.13,321.66,912000
2023-04-10,320.48001,323.45001,318.019989,323.23999,665700
2023-04-11,324.17001,324.97,321.39999,324.82999,649800
2023-04-12,324.35999,327.98001,323.98001,326.37,988800
2023-04-13,326.97,334.089996,326.01001,333.35001,1259300
2023-04-14,332.95999,334.17999,331.37,333.51999,931000
2023-04-17,335.0,335.0,327.089996,327.73999,1044700
2023-04-18,328.0,328.0,323.38,325.14999,957500
2023-04-19,326.79001,330.14999,325.19,328.45001,796400
2023-04-20,326.79001,330.47,326.67999,329.14999,812200
2023-04-21,330.89001,335.28,330.25,331.089996,925000
2023-04-24,331.049988,333.85999,329.84,332.84,597000
2023-04-25,334.5,336.25,331.17999,331.92999,842200
2023-04-26,326.5,327.23001,316.42999,323.29999,1572700
2023-04-27,324.5,340.22,324.5,339.37,2518600
2023-04-28,338.5,346.29001,338.35001,340.73001,1455400
2023-05-01,340.22,345.69,339.78,345.0,1489000
2023-05-02,345.0,354.45999,344.39001,346.029999,2002000
2023-05-03,349.28,352.23001,342.34,346.35999,1226400
2023-05-04,347.97,349.13,345.01001,346.59,927800
2023-05-05,346.89001,350.54001,345.01001,348.089996,1119400
2023-05-08,347.62,347.92999,340.79001,344.089996,707900
2023-05-09,343.29001,346.48999,342.66,344.82999,871000
2023-05-10,348.0,352.47,346.17001,350.040009,1199200
2023-05-11,350.57001,351.60001,347.35001,350.39999,787600
2023-05-12,350.42001,351.98001,345.79999,347.41,509200
2023-05-15,348.0,351.73999,347.029999,348.64999,691000
2023-05-16,347.5,347.92999,342.059998,345.14999,827900
2023-05-17,343.89999,345.45999,334.26999,341.20001,1073800
2023-05-18,341.10001,341.10001,336.35001,339.45999,1139300
2023-05-19,341.37,345.64001,338.089996,341.70001,942700
2023-05-22,344.059998,346.0,337.95001,339.97,961700
2023-05-23,340.5,340.5,332.079987,333.51001,1381500
2023-05-24,335.76999,336.57001,331.049988,333.85001,1154100
2023-05-25,330.92001,333.98999,327.59,332.63,1368300
2023-05-26,328.98999,331.78,325.82001,329.98999,1850500
2023-05-30,329.82001,330.070007,321.62,325.29999,1888200
2023-05-31,327.13,328.64999,321.70001,323.57001,5592300
2023-06-01,324.47,324.57999,320.01001,323.62,1342900
2023-06-02,323.0,334.53,322.25,333.78,1572700
2023-06-05,334.0,335.23999,332.0,334.42001,1044500
2023-06-06,337.98001,337.98001,328.85001,330.41,1089100
2023-06-07,329.13,332.0,324.040009,324.64999,1139600
2023-06-08,324.0,334.079987,323.019989,332.57999,1446800
2023-06-09,333.51999,335.0,328.60999,334.10999,1066200
2023-06-12,335.91,341.079987,331.87,340.60001,1417100
2023-06-13,340.87,344.39999,339.20999,342.10001,986300
2023-06-14,342.63,342.63,338.20001,340.95999,835900
2023-06-15,344.20001,349.79001,341.19,349.079987,1230800
2023-06-16,350.0,352.19,347.01001,347.89001,2614500
2023-06-20,350.39001,350.39001,342.29999,342.69,1352300
2023-06-21,343.57999,345.84,341.25,343.28,1239600
2023-06-22,344.079987,348.59,342.029999,348.16,1265600
2023-06-23,346.76999,347.88,342.45001,347.0,1370000
2023-06-26,351.0,351.92999,341.89999,347.45001,1464400
2023-06-27,348.049988,350.079987,342.63,347.12,1258100
2023-06-28,348.0,351.94,345.029999,350.78,1045200
2023-06-29,349.91,352.76999,347.70001,348.17999,1050800
2023-06-30,349.85999,354.94,349.57001,351.91,1453300
2023-07-03,348.76999,348.84,343.85001,347.57001,688800
2023-07-05,347.57001,349.98999,343.10999,348.32001,854300
2023-07-06,347.0,347.92001,344.51999,345.76001,829700
2023-07-07,345.66,345.66,335.82001,338.17999,1268500
2023-07-10,339.019989,346.69,339.019989,344.45999,1008900
2023-07-11,342.63,344.79001,340.019989,341.73999,940000
2023-07-12,342.78,347.63,341.91,346.059998,795800
2023-07-13,347.53,349.97,346.089996,349.019989,756400
2023-07-14,348.84,353.39999,348.17999,352.73999,961300
2023-07-17,351.73999,359.34,351.63,357.98001,1244300
2023-07-18,356.32001,359.32999,353.48999,358.98001,935500
2023-07-19,360.0,365.53,358.45001,358.57001,1000200
2023-07-20,360.70001,365.56,360.26999,361.82001,1128100
2023-07-21,364.92999,367.0,361.42001,362.45999,4433200
2023-07-24,361.82001,362.85999,355.70999,357.049988,1170300
2023-07-25,355.0,358.47,352.51999,358.059998,1359900
2023-07-26,356.26001,356.26001,349.54001,351.91,1233300
2023-07-27,352.38,352.89999,348.67001,349.64001,895500
2023-07-28,350.32001,355.13,348.89001,354.049988,728100
2023-07-31,353.42001,353.60001,350.35999,352.34,902500
2023-08-01,351.42001,352.47,345.69,347.73999,1421700
2023-08-02,350.0,360.98001,344.23999,358.39999,2182900
2023-08-03,355.0,356.84,347.079987,347.73999,1177100
2023-08-04,347.73999,348.94,340.20001,340.48001,1248200
2023-08-07,342.38,346.42999,340.67999,345.32001,985900
2023-08-08,347.51999,349.84,343.29001,344.47,788200
2023-08-09,345.51001,347.69,342.70001,345.10999,740300
2023-08-10,345.79001,350.70999,345.35999,347.38,632600
2023-08-11,347.38,350.51999,346.82001,349.85999,726000
2023-08-14,348.76999,351.92999,348.0,349.37,557800
2023-08-15,349.37,351.82999,348.019989,349.78,516900
2023-08-16,348.76001,350.42001,342.64001,343.41,649400
2023-08-17,344.20999,345.63,342.28,343.87,889900
2023-08-18,343.39999,347.44,342.42001,344.82001,803300
2023-08-21,344.76999,351.23001,344.44,350.73999,1049800
2023-08-22,349.91,352.63,348.23999,350.39999,613800
2023-08-23,354.0,355.89999,350.20999,350.60001,507000
2023-08-24,351.29001,352.76999,346.56,346.76999,704400
2023-08-25,347.94,350.87,345.35999,350.059998,697900
2023-08-28,352.41,353.17001,350.0,351.60001,552500
2023-08-29,350.45999,353.17999,349.10999,351.26001,882600
2023-08-30,353.17001,354.60001,349.89001,350.76001,640500
2023-08-31,349.85001,350.66,346.57001,348.34,1025900
2023-09-01,352.31,352.73999,350.17999,351.10001,764200
2023-09-05,352.66,353.42001,347.5,348.26001,771100
2023-09-06,347.82001,347.98001,340.82999,344.32001,1148700
2023-09-07,345.78,348.56,343.73999,343.95999,1452600
2023-09-08,344.29999,347.35001,342.059998,343.049988,1275300
2023-09-11,343.42001,348.85001,343.049988,347.22,725700
2023-09-12,348.26999,348.98999,345.35999,346.54999,642400
2023-09-13,345.53,349.51001,345.53,346.84,739500
2023-09-14,347.48999,351.20999,346.56,349.42001,775200
2023-09-15,351.26001,352.75,348.070007,348.89999,1741600
2023-09-18,349.75,352.82999,347.20999,352.0,628300
2023-09-19,351.0,358.51001,350.5,358.26001,800700
2023-09-20,358.59,358.59,352.17999,352.31,903900
2023-09-21,351.10999,355.95001,350.25,354.28,1061100
2023-09-22,351.76001,355.25,348.41,349.53,938800
2023-09-25,350.0,350.79999,344.62,350.67001,698100
2023-09-26,350.0,352.54001,349.17001,351.69,633600
2023-09-27,351.16,352.91,347.51999,349.64999,860600
2023-09-28,351.14001,354.51999,350.63,352.5,578900
2023-09-29,351.94,354.17999,347.26001,347.73999,896800
2023-10-02,346.76001,348.070007,342.62,347.82999,750200
2023-10-03,345.28,347.79001,341.85001,345.14999,784700
2023-10-04,346.72,353.70001,345.10001,352.97,895500
2023-10-05,353.38,355.76999,351.23001,355.14001,670900
2023-10-06,354.60999,362.98999,352.25,360.62,1147900
2023-10-09,361.22,363.48001,353.62,355.20001,1429300
2023-10-10,354.45999,362.39999,352.63,360.57001,966600
2023-10-11,361.45999,365.26999,359.14001,365.25,1184600
2023-10-12,366.37,370.64001,365.53,368.0,1303800
2023-10-13,368.57001,372.78,367.17999,371.0,1360700
2023-10-16,372.12,374.45001,371.049988,374.0,1767600
2023-10-17,373.25,375.92999,372.57999,373.5,1674500
2023-10-18,372.42999,375.64999,366.67999,367.54999,1516600
2023-10-19,367.54999,369.67001,361.72,364.79999,1514700
2023-10-20,365.72,367.48001,361.59,361.85999,1389400
2023-10-23,363.25,368.14999,360.47,367.66,1566000
2023-10-24,365.92999,371.019989,364.57999,369.38,997300
2023-10-25,369.20999,370.0,360.91,363.040009,958000
2023-10-26,362.029999,365.66,360.019989,361.28,942100
2023-10-27,360.60999,362.31,353.76001,355.28,910700
2023-10-30,357.14999,358.97,355.57999,357.45001,872400
2023-10-31,355.92001,363.10001,353.13,362.10999,987700
2023-11-01,364.95001,370.70999,363.22,369.32999,1003500
2023-11-02,370.23001,376.84,367.73001,376.54999,1138000
2023-11-03,379.64001,381.0,375.85001,376.20001,1456800
2023-11-06,379.26999,387.42001,379.26999,385.76001,1999000
2023-11-07,377.38,385.48001,370.17999,378.25,1930400
2023-11-08,380.78,380.78,371.76999,376.95999,1276400
2023-11-09,377.32999,377.73999,367.019989,368.57001,1207100
2023-11-10,372.79001,375.88,369.57001,373.64999,1315800
2023-11-13,373.16,379.089996,371.75,378.92001,957400
2023-11-14,380.82001,381.59,369.32999,369.95001,1578100
2023-11-15,369.92001,370.070007,348.54001,349.34,3234900
2023-11-16,350.72,352.059998,341.89999,343.0,3094500
2023-11-17,346.26001,351.62,342.64001,350.5,2035200
2023-11-20,349.76001,357.41,349.32001,356.84,1520500
2023-11-21,357.89999,358.20999,351.32001,354.78,1227000
2023-11-22,357.059998,358.5,350.029999,353.23001,913500
2023-11-24,354.95001,355.41,350.44,353.040009,658700
2023-11-27,353.95001,354.45001,349.16,350.19,1308600
2023-11-28,350.32001,353.029999,346.29001,347.040009,1154100
2023-11-29,347.5,353.60001,346.67999,351.0,1497200
2023-11-30,352.79001,355.37,350.19,354.81,1637000
2023-12-01,355.10999,356.70999,350.23001,351.16,1135000
2023-12-04,349.0,352.89999,347.51001,350.63,1469500
2023-12-05,350.059998,355.16,349.63,354.14999,1113200
2023-12-06,355.28,356.32999,351.10999,353.45999,1137600
2023-12-07,353.45999,355.19,349.29001,353.95001,865300
2023-12-08,354.0,354.35001,348.45999,350.14999,1394200
2023-12-11,352.57999,357.51999,351.44,356.29001,1255600
2023-12-12,360.0,361.79999,355.66,357.73001,972400
2023-12-13,373.5,406.0,372.79999,405.070007,6222500
2023-12-14,404.10001,406.85999,396.14999,406.60001,3124900
2023-12-15,408.16,411.60001,400.51001,410.67999,4074700
2023-12-18,411.73999,413.0,400.23001,404.64999,1867300
2023-12-19,399.70001,403.75,395.01001,403.14001,1595900
2023-12-20,404.0,405.98999,400.079987,400.25,909500
2023-12-21,404.10999,404.29999,398.22,400.63,819100
2023-12-22,403.59,406.91,402.35001,405.25,804200
2023-12-26,406.97,408.51999,404.48001,407.66,531600
2023-12-27,408.64999,409.0,405.59,408.049988,594000
2023-12-28,411.26001,412.57001,409.0,409.26999,735600
2023-12-29,409.0,409.62,406.070007,406.89001,727400
2024-01-02,405.0,412.26001,403.42999,410.91,1269400
2024-01-03,412.42999,414.42999,408.059998,410.70999,1026500
2024-01-04,411.10999,418.70999,411.10999,416.14999,1547200
2024-01-05,415.01001,418.51999,414.42001,416.5,1000200
2024-01-08,416.070007,419.28,412.85001,419.12,1142200
2024-01-09,418.69,422.0,415.64001,421.01001,1106100
2024-01-10,419.89001,424.54999,418.53,423.76001,1192400
2024-01-11,422.72,431.10001,422.57999,430.079987,1593100
2024-01-12,432.48999,434.85001,431.14001,433.39999,1183600
2024-01-16,431.78,438.029999,430.45999,437.48999,1787000
2024-01-17,437.5,439.76999,432.17999,433.76001,1407700
2024-01-18,431.59,434.88,425.41,432.98001,1339100
2024-01-19,433.51999,435.19,429.67999,435.019989,2586400
2024-01-22,437.64001,443.82001,437.64001,440.10999,1411400
2024-01-23,440.01001,441.57001,436.31,439.70001,779800
2024-01-24,436.92999,437.39001,424.34,427.56,1670900
2024-01-25,428.059998,431.35001,427.059998,429.95999,1230600
2024-01-26,431.029999,432.19,428.14001,430.17001,944500
2024-01-29,431.32999,436.10999,429.35001,435.82001,1004100
2024-01-30,430.0,448.39999,429.69,446.079987,3329900
2024-01-31,441.57001,444.070007,430.12,433.38,2755200
2024-02-01,434.0,435.91,431.0,433.87,1484600
2024-02-02,430.0,431.29001,424.31,424.67999,2181300
2024-02-05,424.98999,430.92999,421.89999,428.89001,1920000
2024-02-06,428.76001,430.98999,410.79999,416.13,4504000
2024-02-07,416.73999,426.72,416.73999,419.079987,1989800
2024-02-08,420.28,424.48001,417.14001,423.059998,1407400
2024-02-09,425.95999,425.95999,419.51001,422.91,1169500
2024-02-12,420.23999,421.29999,415.28,418.53,1368200
2024-02-13,417.35999,419.42001,412.76999,416.040009,1163900
2024-02-14,418.38,420.45001,414.26001,417.88,1133100
2024-02-15,419.16,427.41,418.60999,426.29001,1474000
2024-02-16,427.040009,427.040009,420.97,422.20001,1189500
2024-02-20,420.79001,425.0,416.16,420.64001,1056500
2024-02-21,421.76999,424.0,414.79999,419.63,916700
2024-02-22,419.85001,429.81,419.85001,426.78,1091800
2024-02-23,430.0,434.5,429.070007,430.10999,749700
2024-02-26,425.70001,434.26001,425.70001,433.48001,788000
2024-02-27,434.13,437.0,430.51999,430.92001,917400
2024-02-28,429.60001,433.48999,425.70999,426.97,786600
2024-02-29,429.17999,429.17999,420.23999,420.73999,1849200
2024-03-01,423.20001,433.67001,422.95001,432.76001,1102200
2024-03-04,432.73001,433.98999,422.16,424.029999,1121500
2024-03-05,424.87,425.48999,414.040009,415.44,1124100
2024-03-06,414.23001,418.22,410.45999,411.85001,1222300
2024-03-07,415.14999,418.32001,410.23001,410.54001,923300
2024-03-08,412.34,416.25,410.95001,413.59,814800
2024-03-11,414.0,416.70999,409.51999,414.47,1263500
2024-03-12,413.0,416.10999,409.019989,412.45001,888800
2024-03-13,414.45999,415.92001,410.39001,413.20001,764500
2024-03-14,414.01001,414.98001,407.079987,408.76999,1031200
2024-03-15,410.10001,411.64001,406.97,407.69,1905400
2024-03-18,410.48999,415.5,409.25,411.38,926300
2024-03-19,412.51001,415.70001,411.10001,415.20001,859900
2024-03-20,414.32999,414.51001,409.019989,412.10999,796300
2024-03-21,415.60999,419.26001,414.0,415.70999,895100
2024-03-22,417.75,417.75,412.19,415.66,821700
2024-03-25,415.66,418.28,414.97,416.029999,732800
2024-03-26,417.38,419.54999,414.85999,418.45999,952400
2024-03-27,420.29999,420.42001,412.64999,417.32001,905400
2024-03-28,419.48001,420.67001,415.059998,418.01001,1092100
2024-04-01,420.42999,421.45001,414.73999,420.48001,767600
2024-04-02,419.0,420.87,406.73001,409.42001,974700
2024-04-03,409.45001,414.95999,408.25,408.81,729000
2024-04-04,412.64001,412.64001,403.14999,404.01001,957500
2024-04-05,404.29001,409.92999,400.82999,406.67001,695700
2024-04-08,403.45001,404.60001,399.0,404.22,751900
2024-04-09,406.0,406.45001,399.29999,404.48001,727100
2024-04-10,399.89001,401.0,394.81,397.57999,1026700
2024-04-11,404.29999,404.69,398.85001,400.23001,1060200
2024-04-12,396.57001,400.14001,393.76001,396.54999,1200300
2024-04-15,400.0,402.48999,396.69,397.35999,1373700
2024-04-16,396.88,398.48999,392.81,394.17001,695400
2024-04-17,394.94,398.10999,392.029999,393.10001,881000
2024-04-18,394.19,396.14001,391.01001,393.48001,949100
2024-04-19,394.72,396.98001,391.25,394.28,1342000
2024-04-22,397.29999,406.34,396.0,399.92001,1393800
2024-04-23,404.0,406.85999,403.47,404.91,1070300
2024-04-24,404.5,406.82999,399.29001,400.76001,806500
2024-04-25,402.44,403.88,393.0,397.70001,787600
2024-04-26,393.51999,399.67999,393.48999,397.48001,682500
2024-04-29,397.48001,399.31,394.35001,396.20001,604500
2024-04-30,396.20001,396.69,391.70001,392.81,1727900
2024-05-01,392.81,406.95001,392.47,402.14001,1256300
2024-05-02,402.95001,404.070007,398.45999,400.16,1051200
2024-05-03,401.5,405.67001,397.59,401.079987,1064000
2024-05-06,402.76999,407.59,401.019989,402.5,1463600
2024-05-07,406.42001,415.67001,394.029999,410.23999,1614000
2024-05-08,413.32999,425.64999,412.12,418.82001,1651700
2024-05-09,419.0,421.17999,416.029999,418.98999,676200
2024-05-10,420.67001,423.32001,417.5,422.78,1064500
2024-05-13,425.98999,430.51999,424.56,429.92999,939700
2024-05-14,429.070007,429.92999,422.44,428.59,935900
2024-05-15,430.92999,439.26001,428.62,437.48999,1059200
2024-05-16,434.59,441.66,432.22,440.64001,1216000
2024-05-17,442.0,446.10001,440.35001,445.20999,1382400
2024-05-20,444.72,447.85001,442.98999,445.87,742200
2024-05-21,446.0,446.39001,437.45999,442.0,1106700
2024-05-22,442.54001,449.91,441.39999,447.53,1084600
2024-05-23,449.57999,453.70999,446.67001,450.79999,1554700
2024-05-24,451.89999,457.66,449.42001,456.95001,1050600
2024-05-28,454.79001,454.79001,445.22,446.88,1379600
2024-05-29,445.56,448.20999,440.56,441.13,967300
2024-05-30,439.10999,443.25,435.57001,443.049988,975400
2024-05-31,444.73999,456.91,443.47,455.34,2362600
2024-06-03,455.0,471.39001,453.73001,470.17999,1971000
2024-06-04,472.57001,477.31,467.37,474.95001,1112200
2024-06-05,475.26001,484.45001,474.16,483.040009,1196600
2024-06-06,484.41,485.85001,479.019989,485.53,1263600
2024-06-07,484.45001,486.42999,480.10001,483.040009,944300
2024-06-10,480.17999,485.39999,478.51001,483.28,1253800
2024-06-11,481.82001,483.23001,478.38,481.53,881800
2024-06-12,478.0,481.70999,473.51001,475.79001,1245000
2024-06-13,473.5,481.35001,472.60999,479.029999,808400
2024-06-14,477.73001,483.53,477.73001,480.73001,641800
2024-06-17,479.13,479.14999,473.10999,473.69,1190200
2024-06-18,473.39999,476.37,466.51001,467.28,1230800
2024-06-20,466.17999,473.28,463.23001,471.38,1409700
2024-06-21,464.39001,472.56,464.39001,468.70999,2825800
2024-06-24,472.72,477.56,468.12,474.95001,1188600
2024-06-25,478.29999,483.92001,471.31,473.82001,1195800
2024-06-26,471.72,481.14001,469.95001,474.0,1272300
2024-06-27,476.76999,477.84,472.10999,472.51001,959600
2024-06-28,473.20999,477.31,467.67001,468.72,3234600
2024-07-01,467.94,478.95999,467.85999,471.25,950500
2024-07-02,469.76001,477.92999,467.41,473.78,852500
2024-07-03,477.51999,477.51999,466.01001,470.28,708700
2024-07-05,472.14001,476.57001,471.76001,474.57001,848800
2024-07-08,473.0,483.0,471.82001,481.89001,774600
2024-07-09,485.0,487.95001,480.47,485.98999,753900
2024-07-10,487.34,491.76001,485.76999,491.62,854900
2024-07-11,491.32999,495.23001,489.01001,492.13,888300
2024-07-12,496.059998,496.70999,488.45001,488.73999,839700
2024-07-15,488.45001,494.39001,485.85999,490.85001,827600
2024-07-16,493.25,496.92999,488.089996,488.98001,813000
2024-07-17,489.95001,493.48999,478.78,488.37,1697300
2024-07-18,488.37,493.28,486.20001,488.12,1473000
2024-07-19,490.73001,495.79001,489.070007,491.57001,1691800
2024-07-22,497.0,498.76999,491.51999,495.91,966200
2024-07-23,494.69,495.35001,487.98001,490.32001,821300
2024-07-24,488.45999,491.98999,486.25,490.79999,967500
2024-07-25,494.0,503.98999,490.70001,492.26001,990500
2024-07-26,493.14001,502.97,492.17001,495.26001,774100
2024-07-29,495.12,501.57001,493.85001,498.14999,694500
2024-07-30,499.70001,506.14999,498.60001,502.60001,1036500
2024-07-31,507.040009,507.79999,495.29001,495.72,1351400
2024-08-01,495.85001,510.64001,495.85001,505.78,1893000
2024-08-02,491.5,508.64999,491.0,494.45999,1554700
2024-08-05,469.56,483.81,463.38,476.91,2231400
2024-08-06,474.01001,481.70001,472.79999,474.29001,1626400
2024-08-07,476.75,477.89999,465.45001,465.89001,1650000
2024-08-08,466.29001,472.66,463.82001,465.95999,1545100
2024-08-09,465.049988,469.42999,462.13,468.45001,791700
2024-08-12,466.95999,467.54999,462.28,464.51001,828400
2024-08-13,463.48999,469.26999,458.040009,467.59,1141500
2024-08-14,464.54999,471.95999,463.51001,471.44,1068000
2024-08-15,471.44,475.29001,468.66,472.0,1307200
2024-08-16,474.029999,477.67001,469.91,477.37,1181300
2024-08-19,477.01001,488.39001,476.0,488.049988,895800
2024-08-20,488.72,491.12,483.53,487.37,921800
2024-08-21,489.26999,491.88,485.97,486.10999,810300
2024-08-22,486.47,488.44,479.70999,479.89001,1112400
2024-08-23,482.39001,486.76999,481.19,481.23999,999700
2024-08-26,481.98001,485.0,481.45999,482.64001,877600
2024-08-27,482.76001,483.45001,476.38,480.29999,1062200
2024-08-28,481.89001,493.94,480.049988,489.73001,942200
2024-08-29,491.19,497.5,487.92999,493.35001,706700
2024-08-30,495.67001,500.25,492.29001,495.89001,1809700
2024-09-03,492.64999,493.0,474.57999,475.70001,1783000
2024-09-04,476.82001,480.14001,472.82999,478.57001,872200
2024-09-05,477.73001,477.73001,463.41,468.57001,833000
2024-09-06,467.92001,471.89001,463.040009,468.0,1090400
2024-09-09,472.23001,473.67999,468.97,471.10999,775600
2024-09-10,471.53,473.10999,466.029999,470.78,720100
2024-09-11,469.070007,476.10999,460.69,474.73999,947500
2024-09-12,474.73999,479.51001,468.45999,478.64999,738200
2024-09-13,480.0,486.059998,478.75,485.37,700900
2024-09-16,490.0,490.14999,483.95001,489.42999,695500
2024-09-17,486.42001,487.23001,477.17001,481.26001,1266100
2024-09-18,483.78,483.78,473.75,474.16,868200
2024-09-19,477.70001,483.98001,476.26999,477.89999,939900
2024-09-20,474.35999,474.92999,463.81,464.92001,2238600
2024-09-23,464.92001,465.75,458.54999,460.0,975000
2024-09-24,459.59,466.089996,456.070007,462.98999,1416400
2024-09-25,463.089996,464.88,458.54001,461.76001,778200
2024-09-26,462.079987,465.32001,458.10001,463.14999,948200
2024-09-27,466.01001,467.57001,461.48999,462.88,710700
2024-09-30,463.16,467.57001,461.41,465.079987,808000
2024-10-01,472.0,472.31,461.35999,469.76001,1128900
2024-10-02,462.60001,468.070007,460.54999,462.14001,897200
2024-10-03,460.0,462.13,452.26001,453.54999,992700
2024-10-04,454.98001,458.14001,452.62,455.31,781800
2024-10-07,454.17001,454.35999,447.70001,448.60001,914100
2024-10-08,452.029999,459.87,451.10999,458.94,1315500
2024-10-09,460.0,468.16,456.16,467.97,1007000
2024-10-10,467.48999,477.0,464.85001,476.14999,1083300
2024-10-11,478.53,482.89001,475.87,481.70999,940300
2024-10-14,481.64001,487.089996,478.89999,484.82001,743900
2024-10-15,487.01001,488.0,480.79001,484.29999,1251000
2024-10-16,480.82001,488.48001,480.70001,487.25,725100
2024-10-17,490.0,499.089996,487.95999,498.73001,1018900
2024-10-18,498.29999,498.63,480.79001,483.0,2260100
2024-10-21,480.17001,487.88,477.66,478.089996,689500
2024-10-22,479.42999,482.87,473.57999,474.91,1132500
2024-10-23,474.47,477.47,464.78,470.049988,991300
2024-10-24,473.35001,477.84,471.87,471.91,674000
2024-10-25,477.20001,480.41,475.049988,477.70001,1019700
2024-10-28,477.95001,478.32001,474.69,476.37,501200
2024-10-29,476.32999,478.059998,469.62,470.35999,999500
2024-10-30,470.44,475.45999,468.47,475.079987,722000
2024-10-31,471.57999,477.70001,468.98001,475.98001,1376000
2024-11-01,471.059998,475.73001,463.14001,471.12,1352700
2024-11-04,473.91,475.48001,468.76999,472.79999,1248000
2024-11-05,483.0,503.20999,474.0,499.88,1722900
2024-11-06,505.35001,506.64999,485.29001,493.64001,1648700
2024-11-07,493.70001,504.31,486.64001,502.45001,992300
2024-11-08,507.17001,519.88,504.94,516.73999,1259300
2024-11-11,518.27002,518.34998,500.13,501.72,1335500
2024-11-12,503.0,508.040009,489.019989,490.0,1364300
2024-11-13,491.34,498.25,491.029999,494.60999,1079500
2024-11-14,495.62,496.32999,483.54999,483.95999,1231500
2024-11-15,478.56,479.94,458.10001,465.70001,2581300
2024-11-18,465.19,468.88,458.049988,467.01001,1129300
2024-11-19,462.79999,463.89999,447.14001,448.01001,2192600
2024-11-20,448.45999,451.76001,445.38,451.23001,1651100
2024-11-21,454.23999,455.42999,445.0,450.37,1507700
2024-11-22,454.29999,457.54001,449.040009,450.97,1270400
2024-11-25,456.57999,462.95001,455.82999,461.70999,2168200
2024-11-26,464.0,467.95999,459.070007,467.070007,1327700
2024-11-27,464.81,470.42001,462.01001,464.56,1006900
2024-11-29,463.60001,470.92999,462.32999,468.13,770600
2024-12-02,467.48001,468.19,463.049988,465.73001,960000
2024-12-03,462.85999,468.51001,455.01001,456.97,1181700
2024-12-04,454.72,464.87,450.0,463.98001,1220600
2024-12-05,461.35001,467.059998,457.95999,459.92001,1183800
2024-12-06,458.059998,465.91,456.85999,462.10001,1115300
2024-12-09,467.32999,476.019989,467.0,473.98001,1260600
2024-12-10,473.29999,476.45999,465.12,469.22,865000
2024-12-11,472.31,472.32999,460.73999,468.29001,1043800
2024-12-12,466.51999,470.25,460.049988,464.12,958600
2024-12-13,462.32999,466.70999,459.79001,463.73001,1097100
2024-12-16,463.37,470.079987,462.13,468.089996,1511300
2024-12-17,468.070007,474.19,465.62,469.23999,1304600
2024-12-18,467.059998,471.049988,445.87,447.5,1760900
2024-12-19,391.0,404.040009,377.85001,396.64001,8207400
2024-12-20,395.72,401.31,386.48999,397.26999,6203100
2024-12-23,391.87,405.92999,390.92001,405.26999,2204300
2024-12-24,401.53,410.67999,401.26999,408.17999,1468600
2024-12-26,407.20001,411.29001,406.019989,410.64999,1191500
2024-12-27,405.26001,410.98001,404.48999,408.76001,1373400
2024-12-30,404.54001,407.35001,399.059998,399.35001,1456000
2024-12-31,399.63,404.98999,399.63,402.70001,1048100
2025-01-02,403.14001,409.60001,402.72,405.76001,1277700
2025-01-03,407.57001,411.64999,406.39999,407.10999,1086900
2025-01-06,401.31,404.73999,399.0,402.48999,2176400
2025-01-07,403.0,410.81,401.54001,408.32001,1679900
2025-01-08,410.70999,412.35999,407.23999,412.10999,1173900
2025-01-10,406.17001,413.51999,405.17001,409.56,1687900
2025-01-13,408.0,416.54999,397.25,413.37,1859600
2025-01-14,411.94,414.5,408.019989,411.66,1376400
2025-01-15,415.13,425.48999,415.13,424.26001,1722100
2025-01-16,423.41,424.57999,415.14999,416.95999,1226100
2025-01-17,422.73001,428.25,419.26999,422.0,1773600
2025-01-21,427.94,430.53,423.48999,427.89001,1561100
2025-01-22,427.89001,432.60001,424.64999,428.0,1215400
2025-01-23,429.25,442.89001,424.54001,439.73001,1658000
2025-01-24,438.73001,442.66,436.60999,439.62,1647800
2025-01-27,436.72,447.72,435.32999,443.88,1613600
2025-01-28,443.88,446.98001,438.01001,440.67999,1159600
2025-01-29,437.73999,442.92001,430.81,441.51999,1026500
2025-01-30,443.56,444.28,435.0,438.39999,1167300
2025-01-31,454.17001,472.040009,447.20001,461.67999,3648800
2025-02-03,463.35999,473.070007,458.73999,470.37,2189200
2025-02-04,468.040009,482.73999,467.29999,482.28,2029500
2025-02-05,484.5,491.81,481.70001,488.44,1557500
2025-02-06,487.79001,488.42999,478.81,481.16,1010400
2025-02-07,478.98001,480.47,468.70001,469.32001,1192100
2025-02-10,470.57999,471.94,464.01001,469.97,1759600
2025-02-11,459.82999,468.19,452.48999,455.22,1561000
2025-02-12,451.82999,455.66,446.0,453.20001,1137900
2025-02-13,454.45001,465.67999,450.60001,462.57999,1350300
2025-02-14,462.5,469.54999,457.35999,459.0,995000
2025-02-18,455.059998,467.85999,451.98999,462.10999,1405300
2025-02-19,463.12,472.12,461.91,471.76001,1454600
2025-02-20,474.01001,481.17999,472.79999,480.32999,1576500
2025-02-21,481.35999,487.38,479.69,484.23999,1444000
2025-02-24,482.84,487.5,479.049988,481.64999,1245400
2025-02-25,480.95001,486.14001,476.26001,480.35001,1199200
2025-02-26,479.92999,484.98001,474.23999,479.10001,823400
2025-02-27,475.34,486.070007,473.51001,474.5,1054100
2025-02-28,479.89999,484.98001,474.01001,479.79001,2470500
2025-03-03,477.82001,490.64999,477.73001,483.31,1282500
2025-03-04,485.48999,490.70001,480.10999,486.22,1195800
2025-03-05,485.25,495.54001,483.54001,491.64001,1147300
2025-03-06,490.14999,491.62,479.78,485.72,1325400
2025-03-07,485.70999,492.34,482.82001,488.29001,1198300
2025-03-10,483.39001,503.89001,480.38,500.01001,1796700
2025-03-11,496.85999,497.5,480.28,488.34,1389800
2025-03-12,484.62,496.64001,483.089996,495.42001,1368700
2025-03-13,493.79001,512.75,488.0,502.92001,1699800
2025-03-14,507.0,519.67999,502.26001,504.76999,1386500
2025-03-17,505.20001,517.20001,504.0,513.76001,1108800
2025-03-18,513.080017,516.5,508.51999,512.22998,1335400
2025-03-19,512.01001,514.82001,505.0,512.52002,1124000
2025-03-20,509.98999,515.66998,505.48999,510.17999,1064700
2025-03-21,505.42001,510.079987,501.070007,503.20001,2280500
2025-03-24,505.0,513.97998,501.0,511.73999,1237600
2025-03-25,511.78,512.71002,503.98999,509.040009,1006600
2025-03-26,504.87,508.64001,497.78,500.28,1328700
2025-03-27,498.59,506.54001,498.59,502.54999,1233500
2025-03-28,504.79001,504.79001,491.37,492.69,1280600
2025-03-31,487.13,487.13,471.5,484.82001,2231900
2025-04-01,486.26999,491.92999,480.95001,484.73999,1249500
2025-04-02,481.64001,487.92999,480.42001,483.48999,988400
2025-04-03,480.01001,494.48999,480.01001,484.01001,2063800
2025-04-04,484.35001,499.070007,473.64001,474.62,2884300
2025-04-07,465.92999,481.73999,448.14001,474.56,2712400
2025-04-08,477.20001,483.94,466.98001,472.37,2391400
2025-04-09,460.019989,487.14999,452.0,482.29999,3171700
2025-04-10,478.98999,480.0,455.69,475.48999,2252300
2025-04-11,477.10999,486.97,468.29999,484.22,1574200
2025-04-14,487.01001,498.64001,484.20001,495.82999,1362200
2025-04-15,499.0,501.91,493.12,500.48999,1030700
2025-04-16,500.97,502.22,483.42999,485.89001,1391300
2025-04-17,492.23001,492.23001,485.079987,489.10001,1205500
2025-04-21,488.0,490.82999,472.89999,477.51999,1176300
2025-04-22,483.82999,491.79999,480.56,490.47,1131300
2025-04-23,488.26999,498.41,484.97,492.42001,1247300
2025-04-24,492.42001,494.10001,486.64999,492.47,1369100
2025-04-25,492.54001,494.92001,484.5,493.84,1561500
2025-04-28,495.39999,498.64999,490.37,496.48999,1503300
2025-04-29,494.26001,506.95999,490.85001,503.5,1254900
2025-04-30,500.79001,510.76999,497.34,509.5,1445700
2025-05-01,507.0,507.75,498.20999,498.85999,1452300
2025-05-02,505.85999,509.0,498.029999,501.14999,1653600
2025-05-05,501.45001,505.60999,498.019989,500.19,1669600
2025-05-06,465.56,467.85001,428.54999,450.029999,8000700
2025-05-07,447.51999,449.0,432.29001,434.82001,3996700
2025-05-08,430.17001,432.14001,423.39999,429.60001,2940800
2025-05-09,430.22,434.92999,424.79999,424.98999,1642300
2025-05-12,425.29999,441.10001,423.20001,439.37,2095100
2025-05-13,437.53,442.12,429.54001,432.0,2645600
2025-05-14,432.0,433.41,416.60001,421.16,2058700
2025-05-15,424.69,434.42001,421.76001,434.38,1935500
2025-05-16,435.29999,438.95001,429.94,438.64999,1505100
2025-05-19,437.48999,441.63,435.14999,440.66,1182600
2025-05-20,442.0,448.0,440.81,447.17999,1510500
2025-05-21,444.37,445.16,433.76999,435.32001,1427300
2025-05-22,435.76001,437.0,429.54999,434.029999,1618200
2025-05-23,428.67999,436.59,427.42999,436.0,1427300
2025-05-27,437.34,447.47,437.34,446.0,2048300
2025-05-28,446.39999,451.64001,443.41,445.10001,1209500
2025-05-29,444.98999,449.22,442.76001,447.089996,882500
2025-05-30,447.64001,447.98999,439.37,442.049988,2581700
2025-06-02,441.26999,447.98001,439.54001,445.42999,1179000
2025-06-03,444.29999,449.85001,439.54001,446.48001,1683400
2025-06-04,448.040009,453.87,445.84,445.85001,840100
2025-06-05,445.01001,447.48999,437.45001,443.82001,1400000
2025-06-06,443.82999,451.66,443.82999,450.5,960500
2025-06-09,450.78,451.51999,444.84,446.14999,912500
2025-06-10,442.45001,455.64001,441.92001,451.51999,1286900
2025-06-11,451.29999,460.32999,450.13,452.44,1016500
2025-06-12,453.19,460.059998,451.94,460.059998,1074500
2025-06-13,455.39001,460.10001,454.0,455.45001,1021500
2025-06-16,456.38,457.23001,448.70999,450.91,1029900
2025-06-17,449.42999,452.70999,440.75,441.98999,1363300
2025-06-18,443.41,451.63,440.0,448.39999,1380300
2025-06-20,451.26001,451.81,436.81,440.87,2167300
2025-06-23,441.69,445.0,439.57001,443.54001,949800
2025-06-24,445.0,451.88,441.0,450.26999,1068000
2025-06-25,450.48001,451.079987,442.76001,445.82001,1077100
2025-06-26,445.82001,446.17999,441.13,443.39999,1169200
2025-06-27,442.98999,446.62,440.5,441.29999,3615500
2025-06-30,440.45001,446.45001,439.23001,445.20001,1114600
2025-07-01,445.5,456.97,443.48999,452.16,1146600
2025-07-02,449.81,457.75,448.0,457.029999,978300
2025-07-03,458.45001,461.049988,456.57999,459.62,764000
2025-07-07,460.0,461.25,455.79001,459.41,1589700
2025-07-08,457.73001,470.34,456.76999,466.35999,1103800
2025-07-09,468.089996,479.34,466.79001,478.97,1044500
2025-07-10,477.67999,484.56,475.91,479.53,932600
2025-07-11,476.48999,478.26999,467.97,468.85001,892800
2025-07-14,467.69,475.26999,467.0,472.35001,730000
2025-07-15,473.0,475.29001,463.39999,464.20001,988000
2025-07-16,465.10001,470.94,465.10001,469.54999,785400
2025-07-17,466.32001,472.22,461.87,463.26999,1251800
2025-07-18,467.0,467.0,458.14001,459.81,975100
2025-07-21,459.81,462.31,456.82999,458.48999,801100
2025-07-22,461.029999,470.79999,458.88,470.13,1005400
2025-07-23,472.54001,478.73999,471.31,476.95001,908900
2025-07-24,477.14001,480.0,472.029999,472.26999,907900
2025-07-25,472.66,472.70999,465.84,469.64999,1176900
2025-07-28,467.44,471.0,460.73001,460.82999,2107300
2025-07-29,464.32999,468.98001,460.54999,468.41,1151400
2025-07-30,471.20001,474.76001,466.79999,469.16,993300
2025-07-31,465.29001,470.59,455.45001,456.87,1480000
2025-08-01,457.39001,464.23001,453.51001,462.13,1857300
2025-08-04,466.51001,473.37,462.059998,472.26999,2326800
2025-08-05,408.22,414.88,373.19,374.98001,10729400
2025-08-06,375.76001,390.56,372.35001,385.64999,4726600
2025-08-07,385.0,388.32001,374.45001,375.63,3995500
2025-08-08,377.029999,381.0,364.66,366.54001,3680300
2025-08-11,362.97,380.20001,362.5,374.45999,2792600
2025-08-12,377.60999,388.25,375.0,387.76999,2044300
2025-08-13,391.45999,396.72,386.79001,395.92001,1913700
2025-08-14,393.67999,395.59,388.70999,390.29999,1703600
2025-08-15,391.48999,395.76001,388.70999,392.79001,1408800
2025-08-18,392.79999,395.60999,389.20999,389.88,1382500
2025-08-19,389.66,395.84,388.92999,390.76001,1700000
2025-08-20,392.42001,400.94,391.95001,394.35999,1669600
2025-08-21,394.78,399.0,393.87,397.45999,1851700
2025-08-22,400.0,403.57999,394.32001,395.12,1404000
2025-08-25,395.51999,396.13,387.60001,388.94,1175100
2025-08-26,387.0,390.54001,383.64001,387.17999,1907200
2025-08-27,386.69,390.37,385.98999,389.079987,1911200
2025-08-28,389.23999,392.45001,388.0,392.049988,1526100
2025-08-29,392.13,394.53,389.39001,391.019989,1309900
2025-09-02,391.019989,401.56,390.51001,401.0,1859400
2025-09-03,400.089996,402.39001,393.049988,396.62,1250900
2025-09-04,397.54001,400.35999,394.75,396.92999,1053000
2025-09-05,397.87,402.73999,393.42999,396.12,1171100
2025-09-08,395.28,396.0,390.98001,395.25,1365500
2025-09-09,395.01001,397.31,391.72,396.48001,946700
2025-09-10,396.17001,396.85999,387.19,388.54999,1512700
2025-09-11,388.54999,398.5,388.54999,397.37,1330000
2025-09-12,394.67999,396.82999,393.17001,394.53,978300
2025-09-15,393.0,398.29001,391.92999,393.20999,1404800
2025-09-16,392.59,395.45001,386.32001,391.35999,1698400
2025-09-17,392.94,396.31,386.44,387.14999,2041400
2025-09-18,389.69,390.66,384.87,387.10999,1979600
2025-09-19,388.60001,389.45999,382.60001,383.12,3394000
2025-09-22,384.070007,386.079987,381.60999,383.13,1484600
2025-09-23,381.59,383.5,376.0,379.72,1568900
2025-09-24,377.56,380.73001,374.17001,376.62,1530600
2025-09-25,383.20001,387.48001,377.019989,381.87,2635400
2025-09-26,381.91,387.48001,379.72,385.73999,1838600
2025-09-29,386.88,399.10001,384.39001,395.31,2082300
2025-09-30,394.94,397.64999,385.85999,391.64001,2260400
2025-10-01,393.62,407.5,392.5,404.20999,1995400
2025-10-02,404.20999,411.0,402.82001,408.85001,1642200
2025-10-03,411.72,411.91,403.040009,403.29999,1315800
2025-10-06,404.66,405.45001,400.73999,402.89999,1191100
2025-10-07,402.84,413.29001,400.85999,410.28,1589400
2025-10-08,410.92999,422.73001,410.019989,421.14999,1930200
2025-10-09,419.31,421.01001,414.28,414.85999,880400
2025-10-10,413.32999,414.22,406.10001,407.79001,1148600
2025-10-13,404.20999,409.47,402.57999,407.37,880700
2025-10-14,406.079987,415.54999,405.45999,412.22,1048300
2025-10-15,412.17001,413.57001,407.049988,407.89999,1273200
2025-10-16,409.92001,413.31,405.54001,408.60999,1314400
2025-10-17,407.35999,419.37,406.76001,416.81,1054400
2025-10-20,418.17001,420.5,414.51999,419.10001,1083500
2025-10-21,417.57001,426.97,417.57001,426.26999,1075900
2025-10-22,426.26999,431.81,421.94,426.44,1697200
2025-10-23,427.85001,432.76001,421.26001,422.63,1760900
2025-10-24,423.41,425.85999,420.60001,421.39001,1004900
2025-10-27,422.0,423.60999,418.76001,420.17001,1261800
2025-10-28,418.0,422.57001,417.37,422.39001,1219100
2025-10-29,418.019989,422.98001,415.76999,417.20999,1324900
2025-10-30,417.19,422.95001,415.0,419.89001,1234400
2025-10-31,416.28,426.95999,415.76001,425.57001,1499100
2025-11-03,428.48001,430.10001,418.60001,426.0,1939100
2025-11-04,418.54999,430.70999,403.16,421.67001,2365500
2025-11-05,417.70001,427.17999,410.45001,417.0,1420800
2025-11-06,414.10001,424.25,410.29001,416.25,1331800
2025-11-07,415.60999,416.28,406.67001,409.47,1357700
2025-11-10,412.38,422.23001,410.5,421.20001,1494000
2025-11-11,423.29999,429.48001,417.12,429.22,990000
2025-11-12,429.69,435.94,425.45999,434.19,1365300
2025-11-13,434.019989,441.23001,430.66,434.51999,1560000
2025-11-14,440.019989,442.22,433.67001,437.14999,1265000
2025-11-17,436.98999,439.98999,432.23999,434.019989,1304500
2025-11-18,434.0,437.79001,430.14999,435.51999,1084300
2025-11-19,434.35999,434.92999,418.53,421.029999,1545100
2025-11-20,420.84,431.13,420.0,422.32001,1188900
2025-11-21,423.13,435.85001,421.87,426.76001,1917700
2025-11-24,426.23001,432.54999,423.87,424.0,2223000
2025-11-25,425.92001,431.5,424.12,429.82001,1550100
2025-11-26,432.42999,433.32001,428.070007,432.17001,1152100
2025-11-28,434.67001,434.67001,429.070007,433.60999,727900
2025-12-01,431.92001,434.0,423.45999,425.60001,1173900
2025-12-02,427.34,435.20001,424.059998,433.14999,1399800
2025-12-03,440.31,463.85001,439.35001,463.13,2542200
2025-12-04,462.0,463.70001,453.54001,457.35999,1518800
2025-12-05,457.78,462.0,454.45999,455.48001,911400
2025-12-08,455.64999,457.17001,439.79999,442.040009,1504400
2025-12-09,442.54999,448.28,436.48999,437.01001,989500
2025-12-10,438.81,446.28,433.81,444.64001,999600
2025-12-11,445.64999,448.32999,442.070007,445.92999,1178400
2025-12-12,444.81,456.0,444.81,452.040009,1621600
2025-12-15,454.28,456.45999,449.48001,455.70999,1337300
2025-12-16,455.70999,459.049988,452.82999,454.95999,1258700
2025-12-17,453.82999,456.049988,447.31,449.51999,1349700
2025-12-18,449.73999,452.63,445.41,447.38,1056900
2025-12-19,446.85999,460.39999,445.51001,456.20001,5558100
2025-12-22,454.34,460.94,453.029999,460.31,919500
2025-12-23,460.44,461.48999,457.040009,459.20999,768500
2025-12-24,459.39001,464.44,459.079987,462.98999,310200
2025-12-26,462.67001,463.64999,460.85999,462.89999,388100
2025-12-29,463.0,463.54999,457.45001,459.78,628200
2025-12-30,456.82999,458.35999,453.39999,453.73999,685900
2025-12-31,451.75,455.92001,451.75,453.35999,693000
2026-01-02,454.34,455.98999,448.51999,452.13,825300
2026-01-05,448.82999,450.72,443.12,448.79999,931400
2026-01-06,454.85001,471.28,453.69,468.38,2078400
2026-01-07,469.13,487.51999,467.45999,484.14999,1723700
2026-01-08,481.51001,485.69,465.28,469.67999,2115000
2026-01-09,467.73001,475.32999,463.39001,463.85999,1700300
2026-01-12,461.070007,464.59,454.54001,460.59,1350300
2026-01-13,460.22,462.42001,452.91,454.67001,1346100
2026-01-14,454.57999,455.029999,446.01001,449.53,1295400
2026-01-15,448.79001,450.44,436.69,438.92001,1214900
2026-01-16,440.45999,445.76999,437.45999,441.35999,2047400
2026-01-20,435.41,442.38,429.0,442.079987,1811400
2026-01-21,440.54001,465.14999,439.91,461.14001,2289200
2026-01-22,463.73999,472.57999,458.31,467.35001,1535100
2026-01-23,465.23001,470.34,462.73999,468.41,1330000
2026-01-26,470.79001,479.10001,468.42999,476.84,1668000
2026-01-27,476.79999,485.0,470.48999,474.17001,1631800
2026-01-28,474.089996,479.5,469.5,477.91,1089100
2026-01-29,479.029999,484.35001,473.85999,475.67999,1498100
2026-01-30,471.17999,475.67001,468.0,469.89999,1190100
2026-02-02,466.79001,473.73999,464.01001,472.01001,759600
2026-02-03,468.79999,476.82999,461.53,465.60999,1050800
2026-02-04,470.48999,478.72,467.10001,470.51999,1362400
2026-02-05,473.89999,478.0,457.73999,458.81,1673000
2026-02-06,459.69,478.28,459.0,477.92001,1621700
2026-02-09,476.97,478.54001,467.98001,470.87,1794700
2026-02-10,469.82999,474.57001,462.23999,463.48001,2127500
2026-02-11,460.42999,464.73001,454.39999,461.23999,1845900
2026-02-12,462.0,469.0,460.0,465.019989,1818900
2026-02-13,471.64999,503.88,471.64999,491.47,2918300
2026-02-17,489.45999,494.049988,473.45001,477.32001,1721400
2026-02-18,473.67999,477.72,466.45001,470.31,1662600
2026-02-19,469.82999,472.23999,463.0,469.26999,1165700
2026-02-20,466.94,479.12,465.0,476.89999,1006600
2026-02-23,475.079987,487.60001,475.079987,481.01001,1241000
2026-02-24,479.20001,491.22,479.0,487.42999,1331400
2026-02-25,486.35001,492.28,481.70999,483.049988,820900
2026-02-26,483.35999,483.63,474.59,480.13,1305300
2026-02-27,480.31,497.79999,479.75,496.82999,1782900
2026-03-02,496.60001,498.029999,484.39999,486.029999,1034500
2026-03-03,478.95001,484.10001,471.57999,474.26999,1056000
2026-03-04,475.29999,480.67999,470.42999,477.89001,996200
2026-03-05,476.64001,480.0,457.0,460.82001,1109800
2026-03-06,457.29999,460.0,450.67001,456.69,1171700
2026-03-09,455.59,461.26001,450.78,460.87,1179900
2026-03-10,482.25,507.92001,477.76999,499.17001,3363800
2026-03-11,497.88,499.5,488.79001,492.38,2062300
2026-03-12,489.97,489.97,476.57001,478.13,1607700
2026-03-13,481.79001,486.66,469.079987,469.34,1097500
2026-03-16,475.14001,476.17001,461.13,466.10001,1496800
2026-03-17,468.39999,468.45001,461.5,462.48999,1512900
2026-03-18,462.79999,463.95999,451.10001,451.59,1410500
2026-03-19,454.5,459.45999,449.75,458.049988,1300000
2026-03-20,454.62,461.049988,452.89001,454.0,2200200
2026-03-23,458.42001,463.78,450.97,451.23999,1152000
2026-03-24,447.019989,452.079987,441.20001,448.62,1224200
2026-03-25,449.14001,459.37,449.14001,454.97,1200000
2026-03-26,450.72,457.54001,449.29001,453.73999,1158100
2026-03-27,450.95001,452.0,431.01001,433.070007,1915500
2026-03-30,438.73001,443.64999,432.14001,443.16,1960900
2026-03-31,443.42999,448.35001,442.089996,446.54001,1624800
2026-04-01,449.17001,453.98001,446.70999,447.26001,1188100
2026-04-02,447.54999,449.62,436.56,438.70999,1244900
2026-04-06,437.79001,440.89999,433.45001,434.29999,948900
2026-04-07,435.5,435.5,425.26001,431.85999,1029200
2026-04-08,436.25,443.98999,432.32999,443.92001,1279200
2026-04-09,439.76999,447.0,436.35001,446.78,1040900
2026-04-10,446.079987,446.75,434.25,436.26999,985800
2026-04-13,434.17001,445.10999,433.67999,440.049988,1004600
2026-04-14,435.28,444.79001,435.28,444.28,1445500
2026-04-15,444.14999,447.82001,437.19,441.70001,1459400
2026-04-16,442.35001,445.92999,431.14999,435.64999,1364000
2026-04-17,441.54999,443.89999,437.57999,441.20001,1025200
2026-04-20,444.01001,444.01001,437.67001,439.17999,789200
2026-04-21,437.12,440.32001,429.64999,436.59,986900
2026-04-22,437.38,441.0,435.45001,437.67001,734200
2026-04-23,440.70999,442.040009,433.81,435.10001,777500
2026-04-24,431.89001,433.67999,427.38,430.29001,1128100
2026-04-27,427.01001,434.070007,425.87,426.01001,967000
2026-04-28,431.25,431.76999,426.67999,430.14001,808500
2026-04-29,424.44,426.72,419.70999,423.23999,1059500
2026-04-30,423.66,430.95001,423.66,427.38,1121100
2026-05-01,425.019989,427.38,421.54001,423.92001,796900
2026-05-04,423.73001,430.13,422.10999,429.85001,1417266
