DateTime,Open,High,Low,Close,Volume
2015-12-15,18.41,18.67,18.41,18.55,310000
2015-12-16,18.63,18.9,18.55,18.9,529800
2015-12-17,19.0,19.98,19.0,19.82,1933600
2015-12-18,19.8,20.1,19.14,19.32,902500
2015-12-21,19.11,19.8,19.01,19.7,289900
2015-12-22,19.74,20.45,19.61,20.18,683800
2015-12-23,20.24,20.56,20.23,20.41,556900
2015-12-24,20.26,20.38,19.93,19.99,577700
2015-12-28,19.82,20.2,19.6,19.9,356800
2015-12-29,19.98,20.1,19.57,19.89,283000
2015-12-30,19.89,20.0,19.47,19.48,289800
2015-12-31,19.3,19.65,19.0,19.5,317600
2016-01-04,18.74,18.88,17.75,18.86,991600
2016-01-05,18.86,19.41,18.7,19.27,422300
2016-01-06,19.2,19.33,18.84,18.94,1272800
2016-01-07,18.32,18.41,17.0,17.049999,1292700
2016-01-08,17.73,18.12,17.41,17.42,493800
2016-01-11,17.4,17.42,16.23,16.65,1014600
2016-01-12,17.01,17.01,16.74,16.99,530700
2016-01-13,17.049999,17.3,16.24,16.46,440100
2016-01-14,16.54,16.92,16.24,16.79,546900
2016-01-15,16.26,16.6,15.62,15.88,725700
2016-01-19,16.35,16.48,15.83,16.02,552700
2016-01-20,15.61,15.97,15.11,15.63,758000
2016-01-21,15.77,16.0,15.5,15.84,419600
2016-01-22,16.16,16.64,15.94,16.21,341100
2016-01-25,16.2,16.5,16.13,16.31,193800
2016-01-26,16.1,16.22,15.47,15.55,481500
2016-01-27,15.63,15.93,15.47,15.52,298100
2016-01-28,15.8,15.96,14.7,15.0,430300
2016-01-29,15.35,15.8,15.08,15.22,530300
2016-02-01,15.07,15.74,14.9,15.61,425000
2016-02-02,15.5,15.5,14.17,14.7,1173300
2016-02-03,14.79,14.85,14.11,14.41,448300
2016-02-04,14.5,15.18,14.4,14.71,339300
2016-02-05,14.6,14.6,13.55,13.79,611000
2016-02-08,13.5,13.5,12.91,12.94,494500
2016-02-09,12.79,13.29,12.41,12.73,417000
2016-02-10,13.01,13.2,12.64,12.68,281000
2016-02-11,12.66,12.89,12.21,12.3,437300
2016-02-12,12.52,12.79,12.09,12.09,920600
2016-02-16,12.5,13.58,12.5,13.55,760700
2016-02-17,13.75,14.5,13.74,14.33,725400
2016-02-18,14.44,14.89,14.41,14.47,501200
2016-02-19,14.35,14.92,14.17,14.9,270600
2016-02-22,15.0,15.73,14.91,15.48,577100
2016-02-23,15.35,15.83,15.15,15.19,422900
2016-02-24,15.12,15.54,14.55,15.49,316200
2016-02-25,14.94,15.1,14.21,15.01,645800
2016-02-26,15.25,15.46,14.8,15.16,292400
2016-02-29,14.61,14.69,14.1,14.36,787700
2016-03-01,14.61,15.14,14.46,14.74,1261800
2016-03-02,14.9,15.27,14.47,14.55,1052300
2016-03-03,14.71,16.18,14.7,15.93,1872800
2016-03-04,15.96,16.1,15.3,15.77,814900
2016-03-07,15.79,16.36,15.77,16.01,535100
2016-03-08,16.01,16.48,15.93,16.01,560900
2016-03-09,16.15,16.8,16.15,16.78,859300
2016-03-10,16.61,18.0,16.61,17.72,2202000
2016-03-11,18.0,18.18,17.34,18.08,1716900
2016-03-14,18.0,18.09,17.61,17.68,584400
2016-03-15,17.49,17.6,17.049999,17.44,379200
2016-03-16,17.32,17.77,17.19,17.67,315600
2016-03-17,17.56,18.25,17.56,18.1,612300
2016-03-18,18.15,18.91,18.08,18.85,708500
2016-03-21,18.88,18.95,18.56,18.89,366500
2016-03-22,18.71,19.1,18.59,18.95,584700
2016-03-23,18.82,19.0,17.8,18.16,587800
2016-03-24,18.15,18.15,17.85,18.01,515500
2016-03-28,18.1,18.5,18.030001,18.42,559000
2016-03-29,18.31,18.5,17.81,18.43,444000
2016-03-30,18.5,18.72,18.27,18.34,527900
2016-03-31,18.22,18.6,17.91,17.95,450600
2016-04-01,17.82,18.17,17.73,17.98,335000
2016-04-04,18.0,18.49,17.9,18.15,310200
2016-04-05,18.01,18.29,17.89,18.0,590400
2016-04-06,18.1,20.6,18.030001,20.32,3518200
2016-04-07,20.32,20.32,19.72,20.14,1183000
2016-04-08,20.28,21.28,20.25,20.98,1323300
2016-04-11,20.88,21.78,20.88,21.2,1137500
2016-04-12,21.28,21.57,20.83,20.98,737700
2016-04-13,21.44,22.19,21.44,21.88,1010600
2016-04-14,21.95,22.08,21.35,21.97,1507900
2016-04-15,22.01,22.1,21.0,21.33,2910900
2016-04-18,21.32,21.74,20.96,21.39,1049400
2016-04-19,21.61,21.99,21.33,21.95,697100
2016-04-20,21.79,23.28,21.77,23.18,2088200
2016-04-21,23.22,24.4,23.18,24.07,1625300
2016-04-22,23.83,24.059999,23.38,23.71,744800
2016-04-25,23.71,24.55,23.58,24.19,942700
2016-04-26,24.21,24.5,23.87,24.16,1423900
2016-04-27,24.0,24.45,22.77,23.33,1556100
2016-04-28,23.44,24.54,23.31,24.19,872000
2016-04-29,24.12,24.79,24.059999,24.47,793300
2016-05-02,24.46,24.5,24.0,24.38,773500
2016-05-03,24.01,24.030001,22.55,22.7,1702900
2016-05-04,22.75,23.65,22.7,23.3,1700800
2016-05-05,23.5,23.94,23.3,23.59,989700
2016-05-06,23.36,23.53,22.27,22.83,979900
2016-05-09,22.75,23.2,21.23,21.55,2103400
2016-05-10,21.95,23.4,21.6,23.18,1367700
2016-05-11,23.14,23.89,22.7,23.08,1691800
2016-05-12,24.6,24.7,22.48,22.82,2290000
2016-05-13,22.93,23.36,22.43,23.3,1055600
2016-05-16,22.75,23.95,22.64,23.55,1238300
2016-05-17,23.47,23.47,22.98,23.040001,1206400
2016-05-18,22.91,23.36,22.13,23.35,1438100
2016-05-19,22.88,23.49,22.71,23.1,638800
2016-05-20,23.26,23.5,22.89,23.0,778000
2016-05-23,23.08,23.23,23.0,23.12,528300
2016-05-24,23.17,23.5,23.07,23.34,891100
2016-05-25,23.34,24.3,23.34,24.25,1594300
2016-05-26,24.26,24.45,23.57,23.65,771900
2016-05-27,23.87,25.8,23.81,25.61,2871200
2016-05-31,26.049999,26.63,25.75,26.59,1758100
2016-06-01,26.42,27.6,25.78,26.85,1865900
2016-06-02,26.8,26.95,26.28,26.79,813800
2016-06-03,26.85,27.65,26.84,27.54,1055100
2016-06-06,27.7,29.1,27.67,28.98,1843500
2016-06-07,28.97,29.49,28.32,28.37,1297700
2016-06-08,28.55,28.96,27.99,28.63,1002900
2016-06-09,28.65,28.65,27.51,27.79,771400
2016-06-10,27.65,28.1,27.0,27.08,1439100
2016-06-13,26.9,27.17,26.23,26.72,1795800
2016-06-14,26.74,28.14,26.73,28.09,1130300
2016-06-15,28.1,28.9,27.64,27.85,1183800
2016-06-16,27.43,27.5,26.65,27.01,1452200
2016-06-17,27.1,27.57,26.6,26.72,1007200
2016-06-20,27.2,28.19,27.059999,28.040001,1460900
2016-06-21,28.1,28.71,27.63,27.82,1281900
2016-06-22,27.55,27.97,26.7,26.86,1738600
2016-06-23,27.16,27.79,27.0,27.61,788200
2016-06-24,26.25,27.55,26.049999,27.0,1484200
2016-06-27,26.66,26.74,26.01,26.45,1125500
2016-06-28,26.9,27.71,26.2,26.88,1550600
2016-06-29,27.4,27.63,27.01,27.43,664900
2016-06-30,27.5,28.47,27.5,28.41,1293800
2016-07-01,28.56,28.98,28.1,28.54,656100
2016-07-05,28.26,29.68,28.18,28.9,1702800
2016-07-06,28.85,29.1,28.14,28.49,795900
2016-07-07,28.77,31.64,28.7,31.57,2117600
2016-07-08,31.78,32.0,30.62,30.94,1240400
2016-07-11,31.35,32.0,30.9,31.9,1108000
2016-07-12,32.0,34.09,31.93,32.56,1704600
2016-07-13,32.44,32.64,31.66,31.92,828200
2016-07-14,32.02,32.93,31.55,32.58,942700
2016-07-15,32.45,33.25,31.63,31.99,733000
2016-07-18,32.0,32.88,31.41,32.88,671400
2016-07-19,32.78,34.21,32.61,33.44,958600
2016-07-20,33.53,34.14,32.96,33.0,761900
2016-07-21,33.34,33.98,32.95,33.080002,591000
2016-07-22,33.09,33.77,32.9,33.3,611500
2016-07-25,33.56,33.71,31.47,32.28,1546300
2016-07-26,32.28,33.13,32.080002,32.86,596100
2016-07-27,32.76,32.76,31.89,32.45,736000
2016-07-28,32.4,32.59,32.13,32.42,415500
2016-07-29,32.32,32.74,31.25,32.54,947700
2016-08-01,32.59,34.15,32.19,34.040001,1387000
2016-08-02,34.040001,34.86,32.95,33.22,798000
2016-08-03,33.38,33.5,32.4,33.0,637100
2016-08-04,33.16,34.0,33.16,33.86,586700
2016-08-05,34.25,35.89,34.080002,35.86,1504100
2016-08-08,36.71,37.3,35.92,37.17,1957400
2016-08-09,38.42,42.18,38.0,41.81,3384300
2016-08-10,41.0,43.080002,39.51,42.94,2473100
2016-08-11,42.78,43.56,42.049999,42.68,1141800
2016-08-12,42.68,42.9,41.89,42.71,1160100
2016-08-15,43.13,45.94,43.02,45.72,1343200
2016-08-16,45.58,45.58,43.13,43.19,1652700
2016-08-17,43.0,43.79,42.2,43.71,1504200
2016-08-18,44.14,45.95,43.21,45.25,1858100
2016-08-19,44.95,45.5,44.049999,44.33,1233500
2016-08-22,45.24,45.3,44.33,45.02,1578000
2016-08-23,45.0,46.85,44.95,46.43,1194200
2016-08-24,47.0,47.58,45.22,45.45,1939700
2016-08-25,44.99,46.0,44.7,45.91,824300
2016-08-26,46.58,48.61,46.18,48.38,1813900
2016-08-29,49.41,52.29,47.69,48.73,3541300
2016-08-30,49.2,49.9,47.049999,47.54,1960500
2016-08-31,46.99,47.98,45.12,47.77,3389600
2016-09-01,47.45,49.24,46.16,49.02,1856800
2016-09-02,49.24,50.69,48.54,49.54,2334800
2016-09-06,50.63,51.82,50.13,51.21,1676400
2016-09-07,51.5,51.53,48.31,49.2,2083200
2016-09-08,48.71,50.25,48.5,49.22,1576900
2016-09-09,48.99,49.16,46.78,47.99,2819100
2016-09-12,46.24,48.19,45.52,48.17,2863000
2016-09-13,47.69,48.56,45.5,46.33,2181000
2016-09-14,45.88,48.0,45.88,47.87,1755100
2016-09-15,48.72,49.13,47.7,48.97,1433400
2016-09-16,49.12,49.39,48.33,49.35,1078200
2016-09-19,49.97,50.049999,47.81,48.77,1550200
2016-09-20,48.81,48.98,47.4,47.75,956700
2016-09-21,48.12,49.65,48.049999,49.51,1467700
2016-09-22,50.029999,50.4,48.91,49.48,1020600
2016-09-23,49.96,50.31,48.76,49.15,875600
2016-09-26,48.78,49.22,47.64,48.87,972500
2016-09-27,48.63,51.9,48.63,51.63,2571200
2016-09-28,51.62,52.29,50.18,51.54,1415300
2016-09-29,51.6,51.71,50.23,51.39,900300
2016-09-30,51.84,52.21,49.51,50.14,1777300
2016-10-03,50.64,51.13,49.35,51.0,1081900
2016-10-04,51.11,55.59,50.81,54.34,2896800
2016-10-05,54.63,54.77,52.68,53.080002,1854200
2016-10-06,53.0,54.060001,51.56,52.63,1651500
2016-10-07,52.72,53.17,51.0,51.9,1118600
2016-10-10,53.28,55.93,52.040001,55.85,1908700
2016-10-11,54.98,55.49,52.0,52.54,2792500
2016-10-12,53.13,54.77,52.54,53.47,1746900
2016-10-13,52.0,53.8,50.72,52.79,2217700
2016-10-14,53.64,54.74,52.83,53.080002,1482200
2016-10-17,52.97,53.62,52.5,52.91,1098200
2016-10-18,53.61,53.79,52.71,52.99,1450500
2016-10-19,52.83,53.39,52.099998,52.79,1046200
2016-10-20,52.25,52.62,51.0099983,52.15,1351900
2016-10-21,51.66,52.0,50.65,51.26,1286300
2016-10-24,51.73,53.59,51.53,51.84,1632000
2016-10-25,51.85,52.52,51.34,51.44,1198400
2016-10-26,51.0,51.4,49.77,50.7,1872800
2016-10-27,51.57,51.96,49.44,49.68,1522400
2016-10-28,49.49,50.27,48.029999,48.88,1511600
2016-10-31,49.21,49.22,45.92,46.0099983,3102600
2016-11-01,46.25,47.5,45.96,46.21,2093000
2016-11-02,46.5,46.93,44.45,44.76,1803900
2016-11-03,44.35,45.65,44.0099983,44.88,1240700
2016-11-04,44.3,46.3,44.27,45.41,1151000
2016-11-07,46.79,48.71,46.77,48.5,1780500
2016-11-08,49.41,49.5,46.38,46.67,1427000
2016-11-09,45.099998,48.84,45.099998,47.91,2647200
2016-11-10,47.91,48.099998,44.14,44.88,4285200
2016-11-11,44.53,45.59,42.8,45.41,3053600
2016-11-14,45.5,45.59,41.26,41.91,3295100
2016-11-15,43.33,45.41,42.64,44.81,2194800
2016-11-16,44.51,45.8,44.07,44.52,1921000
2016-11-17,44.78,45.54,44.24,44.76,1527700
2016-11-18,44.59,44.8,43.049999,44.28,1854500
2016-11-21,45.81,47.0099983,44.58,45.61,3365700
2016-11-22,45.53,49.92,43.8,48.96,6672400
2016-11-23,48.38,50.63,47.07,49.95,4571100
2016-11-25,50.72,50.87,48.049999,49.049999,1785600
2016-11-28,49.080002,52.0099983,48.5,51.79,3004400
2016-11-29,52.14,52.49,51.11,51.73,3249500
2016-11-30,51.75,52.24,50.88,51.31,6357700
2016-12-01,50.81,50.82,45.75,46.099998,4425600
2016-12-02,46.31,48.049999,45.63,46.4,2938200
2016-12-05,46.99,48.28,46.28,47.56,1530600
2016-12-06,47.79,47.85,45.41,46.2,2043500
2016-12-07,45.67,47.7,45.67,47.28,2038300
2016-12-08,46.96,48.82,46.96,48.76,1517100
2016-12-09,48.63,49.26,47.9,48.45,1138300
2016-12-12,47.23,47.55,45.26,46.61,2101900
2016-12-13,46.99,48.029999,46.15,46.39,1665400
2016-12-14,46.2,46.63,45.080002,45.47,1500500
2016-12-15,45.02,45.14,43.3,43.63,2254000
2016-12-16,43.65,43.8,42.52,43.36,1613400
2016-12-19,43.029999,43.049999,41.81,42.11,1929900
2016-12-20,42.11,42.92,42.049999,42.54,1248900
2016-12-21,42.54,42.76,41.89,42.69,839500
2016-12-22,42.43,42.43,40.54,40.69,1337600
2016-12-23,40.5,41.3,40.12,41.25,1076000
2016-12-27,41.25,42.88,40.93,42.47,1586000
2016-12-28,42.65,42.69,41.25,41.46,636700
2016-12-29,41.47,41.9,40.9,41.14,561100
2016-12-30,41.39,41.49,40.31,40.6,900200
2017-01-03,41.33,42.3,41.040001,41.55,1104300
2017-01-04,41.67,43.26,41.6,43.2,1505800
2017-01-05,43.5,45.76,43.5,44.94,2526200
2017-01-06,45.0,45.55,44.17,44.75,1234600
2017-01-09,44.88,45.59,44.15,45.13,973100
2017-01-10,45.33,46.63,45.33,45.7,1037400
2017-01-11,45.86,46.27,44.38,45.38,1072700
2017-01-12,45.82,46.24,44.9,46.15,950700
2017-01-13,46.3,47.91,45.94,47.69,1837600
2017-01-17,47.69,47.69,45.4,46.65,1864400
2017-01-18,46.64,47.22,46.22,46.76,846200
2017-01-19,46.81,47.75,46.75,47.080002,835300
2017-01-20,47.28,47.49,46.67,46.91,815800
2017-01-23,46.84,47.65,46.56,47.53,582500
2017-01-24,47.7,49.43,47.42,48.2,1973600
2017-01-25,48.45,49.080002,48.31,48.6,716000
2017-01-26,48.7,48.73,46.58,47.43,938900
2017-01-27,47.46,48.34,47.02,48.11,541800
2017-01-30,48.060001,48.060001,46.049999,47.39,664800
2017-01-31,47.17,48.5,46.74,48.22,468300
2017-02-01,48.45,48.5,47.25,47.97,498100
2017-02-02,47.66,49.42,47.15,49.11,1559900
2017-02-03,49.14,49.39,48.42,48.55,709500
2017-02-06,48.83,51.33,48.62,50.85,1552600
2017-02-07,51.07,53.69,51.0,53.24,2337900
2017-02-08,53.83,54.32,52.11,52.92,1697000
2017-02-09,53.0,54.5,52.55,53.9,1657600
2017-02-10,54.0099983,54.28,52.89,53.099998,904600
2017-02-13,53.42,55.52,52.85,54.39,1477200
2017-02-14,54.21,55.26,53.81,54.87,1170000
2017-02-15,55.43,55.49,53.81,54.17,1045500
2017-02-16,54.71,56.3,54.12,55.26,1734900
2017-02-17,55.0,55.47,53.09,55.31,1447400
2017-02-21,56.15,58.67,56.15,58.09,2188900
2017-02-22,58.09,58.79,56.56,58.21,1798800
2017-02-23,55.7,55.7,48.5,48.89,9307600
2017-02-24,49.88,52.14,49.51,51.09,4169600
2017-02-27,51.2,52.68,50.5,51.44,2559200
2017-02-28,51.029999,52.17,50.49,50.52,1271700
2017-03-01,51.57,51.59,50.5,51.17,1413000
2017-03-02,50.78,51.33,50.21,50.5,914600
2017-03-03,50.5,51.4,49.89,50.3,1000400
2017-03-06,51.0,51.0099983,49.060001,49.67,939500
2017-03-07,49.93,50.13,49.09,49.64,824600
2017-03-08,49.79,50.8,49.68,49.95,1177500
2017-03-09,49.71,49.89,47.45,48.62,2368000
2017-03-10,48.55,48.67,47.36,47.84,1317800
2017-03-13,48.07,50.11,47.84,49.84,1868800
2017-03-14,49.81,49.81,48.43,49.13,935500
2017-03-15,49.17,49.79,48.9,49.7,764900
2017-03-16,50.11,52.16,49.71,51.14,1836400
2017-03-17,51.48,52.5,50.86,51.099998,1025000
2017-03-20,51.0,51.58,49.85,50.72,1035000
2017-03-21,50.81,51.82,47.6,47.75,2152400
2017-03-22,47.75,49.029999,47.52,48.92,968700
2017-03-23,48.63,49.81,48.57,49.15,871000
2017-03-24,49.029999,50.78,49.0,49.78,1220300
2017-03-27,48.56,50.98,48.2,50.89,1163800
2017-03-28,51.0,52.0,50.99,51.61,1644100
2017-03-29,52.25,53.72,51.39,53.61,2578000
2017-03-30,53.060001,53.61,51.91,52.47,1465400
2017-03-31,51.94,52.63,51.59,52.18,688400
2017-04-03,52.49,52.96,51.78,52.26,698000
2017-04-04,52.09,52.09,50.33,50.38,1103700
2017-04-05,51.3,51.3,49.36,49.72,844400
2017-04-06,50.25,50.25,49.41,49.86,839500
2017-04-07,49.75,49.97,48.82,49.75,771800
2017-04-10,50.11,50.82,49.81,50.61,901100
2017-04-11,50.66,51.080002,50.0,50.58,1530200
2017-04-12,50.33,50.97,50.0,50.38,853400
2017-04-13,50.040001,50.92,50.040001,50.16,625700
2017-04-17,50.34,50.99,50.0099983,50.46,509700
2017-04-18,50.33,50.45,49.77,50.39,768000
2017-04-19,50.89,50.89,50.0,50.56,1114500
2017-04-20,50.77,52.26,50.73,51.94,1783400
2017-04-21,51.74,53.47,51.6,52.87,1830300
2017-04-24,53.76,54.3,53.42,53.65,1703000
2017-04-25,53.83,54.74,53.76,54.21,1999700
2017-04-26,54.049999,55.15,53.69,54.99,1142400
2017-04-27,55.49,57.47,55.21,55.37,2357100
2017-04-28,55.6,56.0,54.24,55.86,1081600
2017-05-01,56.12,56.32,55.21,55.3,1253000
2017-05-02,55.25,56.02,54.69,55.34,1272000
2017-05-03,55.15,55.39,53.8,54.7,803400
2017-05-04,54.71,55.74,53.76,55.57,906200
2017-05-05,55.66,56.7,54.69,56.67,1528100
2017-05-08,57.24,60.0,56.75,59.33,3976100
2017-05-09,60.049999,62.17,60.0,61.029999,2702100
2017-05-10,61.11,63.21,60.0,62.51,1884000
2017-05-11,62.45,63.28,60.5,62.62,2110700
2017-05-12,62.62,63.099998,61.75,62.44,1426700
2017-05-15,63.75,63.96,61.56,62.9,2497600
2017-05-16,70.2,79.26,69.54,78.6,13713400
2017-05-17,77.75,79.7,74.050003,74.8,8240400
2017-05-18,74.040001,79.4,71.019997,79.040001,7327900
2017-05-19,80.080002,82.28,77.16,78.31,5893900
2017-05-22,79.9,81.36,78.5,80.75,2832200
2017-05-23,80.58,81.29,76.31,76.98,3742300
2017-05-24,77.11,78.07,74.88,75.35,3602200
2017-05-25,76.46,78.12,75.35,77.57,1921600
2017-05-26,77.5,79.2,76.24,77.57,2910500
2017-05-30,77.57,78.059998,73.55,74.51,3123900
2017-05-31,75.26,75.35,72.56,73.53,3143000
2017-06-01,73.39,74.58,72.29,74.14,2042500
2017-06-02,74.13,75.61,73.6,74.52,1159500
2017-06-05,74.59,77.31,74.52,75.29,1939000
2017-06-06,75.040001,76.88,74.47,75.48,1450500
2017-06-07,75.68,79.82,75.099998,78.82,3465200
2017-06-08,80.080002,80.19,75.14,77.63,5754700
2017-06-09,77.4,78.88,72.37,74.91,3338400
2017-06-12,73.22,75.64,71.099998,74.74,2554000
2017-06-13,75.059998,76.32,72.69,73.94,1843700
2017-06-14,74.63,74.88,70.66,71.81,1660200
2017-06-15,70.14,72.38,68.76,71.94,1764900
2017-06-16,72.12,72.5,70.7,71.099998,1216700
2017-06-19,72.78,74.87,72.0,74.77,1762600
2017-06-20,74.42,75.059998,73.59,74.080002,1254200
2017-06-21,74.0,77.5,73.65,76.96,1381900
2017-06-22,69.42,74.39,68.66,72.25,9631600
2017-06-23,73.61,73.64,72.14,72.38,2444800
2017-06-26,72.96,73.18,69.76,71.61,2835800
2017-06-27,71.5,71.61,68.85,69.080002,2302200
2017-06-28,69.36,69.39,66.8,69.36,2512000
2017-06-29,68.68,70.25,66.42,67.43,2722600
2017-06-30,66.35,67.87,65.65,66.47,1383600
2017-07-03,67.029999,68.63,66.35,68.33,1214500
2017-07-05,69.0,70.48,68.089996,68.62,1831800
2017-07-06,68.0,69.36,67.49,68.29,746100
2017-07-07,69.040001,69.8,68.77,69.42,961900
2017-07-10,69.5,70.56,68.36,68.76,1338400
2017-07-11,68.47,69.9,68.18,68.8,1499100
2017-07-12,69.63,73.0,69.35,72.56,2607400
2017-07-13,73.36,75.43,72.15,73.11,2880600
2017-07-14,73.28,75.0,73.28,74.31,1591500
2017-07-17,75.41,75.6,72.17,72.43,1683700
2017-07-18,72.19,74.51,71.2,74.35,1442200
2017-07-19,75.099998,76.95,74.029999,74.2,2071000
2017-07-20,74.57,74.77,73.080002,73.55,1355600
2017-07-21,73.55,75.010002,73.46,73.93,939700
2017-07-24,74.34,76.89,74.010002,76.7,2022400
2017-07-25,76.98,77.2,75.2,76.0,1307400
2017-07-26,76.26,77.16,75.7,76.35,1351000
2017-07-27,77.3,78.98,71.7,74.12,2913800
2017-07-28,74.0,76.8,72.8,76.35,1119500
2017-07-31,77.32,78.19,76.22,76.95,1454100
2017-08-01,77.81,78.87,77.050003,77.65,1559200
2017-08-02,77.99,78.5,74.51,76.14,1615900
2017-08-03,75.17,78.66,75.0,78.28,1362500
2017-08-04,78.77,80.33,78.19,78.77,1812300
2017-08-07,80.12,86.88,80.0,86.26,5763400
2017-08-08,86.26,88.88,85.050003,86.26,4058000
2017-08-09,80.97,87.4,76.029999,87.23,6429800
2017-08-10,85.73,86.91,80.78,82.2,4278600
2017-08-11,80.0,83.58,79.019997,82.72,4274300
2017-08-14,84.55,85.99,83.6,85.86,2161300
2017-08-15,86.0,87.17,84.65,85.46,1850400
2017-08-16,86.0,88.24,85.7,88.11,2101100
2017-08-17,87.93,89.95,86.080002,88.32,2631700
2017-08-18,88.27,89.83,85.67,89.68,2351900
2017-08-21,89.79,92.010002,89.22,91.059998,2396800
2017-08-22,91.0,94.86,90.24,94.41,2770400
2017-08-23,93.19,97.98,92.58,97.41,2528700
2017-08-24,98.0,99.8,96.51,98.21,2478900
2017-08-25,99.040001,99.45,94.86,95.99,3100000
2017-08-28,95.5,95.69,92.28,95.080002,2091600
2017-08-29,92.85,97.39,92.6,96.96,2145000
2017-08-30,97.16,99.15,96.4,97.9,1745600
2017-08-31,98.68,101.2,98.12,101.099998,2975800
2017-09-01,101.15,105.84,100.88,104.72,2997000
2017-09-05,103.43,105.82,100.25,102.9,2653400
2017-09-06,103.080002,104.3,100.9,102.34,1997300
2017-09-07,102.74,107.0,102.12,106.68,2209500
2017-09-08,106.010002,107.84,103.55,104.81,2018400
2017-09-11,106.07,107.0,103.63,106.61,1961100
2017-09-12,107.2,107.86,105.15,106.61,1868900
2017-09-13,106.69,108.3,105.13,106.099998,1865100
2017-09-14,105.56,108.0,105.22,106.98,1743100
2017-09-15,107.13,108.25,105.97,106.11,2066300
2017-09-18,107.33,107.56,104.16,104.93,1888500
2017-09-19,104.66,105.67,102.059998,105.34,2055700
2017-09-20,105.5,105.78,97.53,100.8,2799400
2017-09-21,100.56,100.96,97.0,99.81,3150000
2017-09-22,99.22,100.5,98.68,100.040001,1213400
2017-09-25,98.51,98.94,93.94,95.56,3277000
2017-09-26,97.0,99.35,96.15,96.91,2209400
2017-09-27,98.38,98.98,96.41,98.45,1726100
2017-09-28,97.94,98.5,95.66,98.089996,1124400
2017-09-29,98.099998,99.88,98.099998,98.94,946000
2017-10-02,100.49,101.68,99.7,100.39,1108300
2017-10-03,101.79,104.8,101.45,104.21,1850400
2017-10-04,104.26,105.5,102.21,103.19,1507700
2017-10-05,103.18,104.2,101.16,101.5,948600
2017-10-06,100.61,101.48,99.69,100.4,1629600
2017-10-09,101.0,101.25,99.54,100.33,1175300
2017-10-10,100.7,102.74,98.2,99.72,1437400
2017-10-11,99.87,100.86,98.56,99.7,1455900
2017-10-12,100.69,101.37,98.099998,98.86,1352500
2017-10-13,99.27,100.8,98.98,99.74,1092900
2017-10-16,100.52,100.57,98.13,99.07,1287900
2017-10-17,99.14,99.73,98.019997,98.18,837500
2017-10-18,98.7,99.69,97.57,99.27,949200
2017-10-19,97.15,97.42,94.6,96.89,1349000
2017-10-20,97.88,99.0,95.37,95.48,1419500
2017-10-23,95.67,97.26,94.21,96.07,971000
2017-10-24,96.86,96.96,95.55,95.83,691800
2017-10-25,95.8,98.9,90.099998,90.35,4460000
2017-10-26,91.13,92.0,89.67,89.96,2614200
2017-10-27,90.49,91.41,89.57,90.89,1971800
2017-10-30,90.010002,93.44,89.3,89.87,1548000
2017-10-31,90.010002,93.17,89.6,92.65,1509000
2017-11-01,93.72,96.87,93.61,96.6,2809300
2017-11-02,97.73,98.17,94.41,94.68,1688500
2017-11-03,95.21,96.94,93.86,96.41,1251500
2017-11-06,96.44,100.099998,96.39,99.21,2022800
2017-11-07,99.69,100.42,93.65,99.28,5521800
2017-11-08,98.45,109.07,98.45,108.97,4969600
2017-11-09,107.24,110.48,105.5,109.29,3329700
2017-11-10,109.12,110.4,104.65,105.16,1860200
2017-11-13,105.0,109.98,104.68,108.58,1751600
2017-11-14,108.58,113.63,107.089996,112.21,2544600
2017-11-15,110.040001,113.92,107.64,111.17,2214500
2017-11-16,113.26,118.099998,113.18,117.72,2209400
2017-11-17,118.17,118.65,114.2,115.73,2297400
2017-11-20,117.48,122.49,116.82,120.43,2528400
2017-11-21,121.0,123.0,119.059998,119.54,1764200
2017-11-22,121.14,121.97,117.010002,117.45,1761900
2017-11-24,116.0,118.12,114.72,117.49,1033000
2017-11-27,116.059998,116.68,113.43,114.37,1830100
2017-11-28,114.5,118.25,114.0,116.010002,1389600
2017-11-29,115.25,115.76,105.26,110.82,3308300
2017-11-30,111.21,111.53,106.5,108.56,2226900
2017-12-01,106.96,108.56,104.52,104.83,2189600
2017-12-04,107.6,108.77,99.11,102.029999,2653500
2017-12-05,100.38,103.31,99.26,100.41,1793800
2017-12-06,98.8,101.56,97.49,98.36,1877800
2017-12-07,99.77,102.26,99.28,100.71,1851900
2017-12-08,104.25,106.71,99.95,100.24,2731200
2017-12-11,101.46,104.61,101.46,104.0,1473600
2017-12-12,103.5,104.16,100.95,101.69,1274900
2017-12-13,102.5,105.49,102.31,103.53,1739200
2017-12-14,103.13,104.61,101.33,101.83,974100
2017-12-15,102.23,102.96,100.8,102.72,1207700
2017-12-18,103.66,108.61,101.89,107.99,1676200
2017-12-19,107.0,109.76,105.31,107.16,1667000
2017-12-20,107.41,107.49,103.39,105.53,1034500
2017-12-21,106.64,109.56,106.53,107.72,1237900
2017-12-22,107.089996,107.48,105.22,106.82,640600
2017-12-26,106.84,106.84,102.58,105.080002,820900
2017-12-27,104.66,104.99,102.080002,104.37,774100
2017-12-28,104.9,105.5,103.080002,104.33,589000
2017-12-29,105.099998,105.42,103.43,103.46,611300
2018-01-02,104.61,113.5,104.6,113.17,2486900
2018-01-03,113.7,117.19,113.0,115.089996,2244900
2018-01-04,115.81,118.5,114.42,116.21,1378100
2018-01-05,117.73,121.0,116.61,120.86,1773100
2018-01-08,120.35,122.21,119.67,120.029999,1372200
2018-01-09,120.75,121.9,116.51,121.68,1757700
2018-01-10,119.8,120.72,116.9,120.099998,1799900
2018-01-11,120.11,121.0,119.0,119.93,1007800
2018-01-12,120.15,122.050003,118.26,121.44,1479700
2018-01-16,124.4,128.37,122.099998,123.19,3029500
2018-01-17,124.62,130.89,123.45,129.2,1918200
2018-01-18,129.89,130.82001,126.77,129.62,1445100
2018-01-19,131.070007,132.5,129.50999,130.28999,1097000
2018-01-22,131.95,132.24001,130.17,131.13,1174500
2018-01-23,130.82001,131.89999,128.11,131.73,1224200
2018-01-24,132.39999,132.72,125.62,128.58,1926300
2018-01-25,126.41,130.89999,125.029999,130.52,1768900
2018-01-26,132.21001,136.19,132.0,136.10001,1589500
2018-01-29,131.87,135.28,128.7,132.14,2371400
2018-01-30,127.52,130.0,125.5,128.59,1841000
2018-01-31,131.57001,131.91,129.10001,129.57001,1279400
2018-02-01,127.75,133.38,126.0,130.10001,1960900
2018-02-02,128.13,128.59,120.99,121.44,2799800
2018-02-05,117.67,126.19,115.83,117.51,2723900
2018-02-06,113.98,120.82,113.6,118.31,3044900
2018-02-07,117.19,121.11,116.6,117.53,1386400
2018-02-08,118.16,122.8,111.76,111.76,2030300
2018-02-09,115.3,116.65,108.7,115.35,2459100
2018-02-12,117.15,119.89,115.47,118.31,2444800
2018-02-13,124.38,130.97,120.26,129.66,5019700
2018-02-14,127.9,140.0,127.63,139.64,4045300
2018-02-15,140.5,142.12,134.020004,135.12,3125600
2018-02-16,134.81,138.89999,133.53999,134.74001,1727200
2018-02-20,133.31,136.5,132.28999,133.89999,1846100
2018-02-21,135.39,139.59,135.070007,136.75,1853200
2018-02-22,137.14,138.0,134.070007,134.71001,1354200
2018-02-23,135.0,139.81,134.95,139.74001,1758700
2018-02-26,139.96001,140.58,132.3,132.77,2834900
2018-02-27,132.92999,134.58,128.059998,129.13,2413000
2018-02-28,130.5,131.82001,126.36,128.52,2149600
2018-03-01,129.45,131.050003,126.15,127.78,1620300
2018-03-02,125.15,130.67,122.8,130.55,1700700
2018-03-05,128.86,132.17999,126.67,131.28,1556600
2018-03-06,133.59,136.7,132.35001,135.60001,1992300
2018-03-07,134.71001,139.0,133.88,138.92999,1450600
2018-03-08,139.0,139.41,136.49001,137.57001,1149200
2018-03-09,138.81,139.050003,136.050003,137.50999,1006100
2018-03-12,138.22,138.39999,129.78999,130.67999,2537600
2018-03-13,138.22,138.39999,129.78999,131.13,1699300
2018-03-14,132.17,133.55,130.13,131.49001,946600
2018-03-15,133.5,134.91,131.71001,133.72,1385000
2018-03-16,133.88,133.88,130.73,133.029999,1519200
2018-03-19,131.070007,133.67999,129.60001,133.56,1231000
2018-03-20,133.25,138.72,133.25,135.94,2101300
2018-03-21,135.17,135.92999,133.059998,134.14,1044000
2018-03-22,130.56,132.0,123.099998,124.81,3256300
2018-03-23,126.14,127.85,122.32,122.78,2272000
2018-03-26,126.88,129.28,123.019997,128.78,2019600
2018-03-27,128.94,129.5,117.13,118.23,2775300
2018-03-28,118.0,120.43,113.13,115.089996,3014000
2018-03-29,116.019997,121.25,115.66,119.54,2127300
2018-04-02,119.31,119.43,113.45,115.81,1633700
2018-04-03,116.42,116.99,112.91,115.010002,1338200
2018-04-04,110.92,116.63,109.0,116.53,1767000
2018-04-05,118.34,120.6,114.55,116.13,1318800
2018-04-06,113.71,116.99,112.62,113.6,972700
2018-04-09,116.31,120.8,115.42,117.14,1994500
2018-04-10,121.34,124.97,119.96,123.57,2162300
2018-04-11,122.54,125.19,122.5,123.91,1217000
2018-04-12,124.73,125.39,121.3,122.59,920800
2018-04-13,123.45,123.66,112.57,114.18,3415300
2018-04-16,114.14,118.58,113.99,116.55,1445900
2018-04-17,116.52,120.89,115.86,120.38,1733300
2018-04-18,121.050003,122.5,117.32,118.38,1508500
2018-04-19,118.18,118.96,116.32,118.32,799200
2018-04-20,118.47,120.35,117.37,119.089996,979500
2018-04-23,119.23,120.9,117.68,117.95,822200
2018-04-24,119.99,121.78,111.31,114.13,2109800
2018-04-25,113.49,113.73,108.080002,108.88,2377100
2018-04-26,112.48,112.82,109.9,111.61,1399600
2018-04-27,114.78,116.24,109.85,111.87,1555300
2018-04-30,112.5,115.64,111.14,114.52,1270100
2018-05-01,114.010002,116.5,113.51,115.5,933500
2018-05-02,116.51,118.95,115.72,116.33,1772200
2018-05-03,115.51,116.19,112.3,115.7,1421300
2018-05-04,115.0,116.54,113.3,115.28,1730400
2018-05-07,116.45,125.0,116.25,123.36,3033500
2018-05-08,124.83,128.17,123.0,127.99,4053300
2018-05-09,117.36,117.9,109.2,109.82,13618100
2018-05-10,112.75,114.5,111.0,112.74,5458800
2018-05-11,113.88,113.88,105.0,107.32,6091600
2018-05-14,108.84,109.95,107.22,107.8,3317600
2018-05-15,106.0,106.2,102.099998,104.55,3691000
2018-05-16,103.92,105.38,103.0,103.84,2709200
2018-05-17,102.5,103.2,99.75,101.8,3616300
2018-05-18,101.79,104.37,101.25,101.62,1699400
2018-05-21,104.11,104.3,99.010002,101.45,3172800
2018-05-22,101.45,104.080002,100.37,102.66,2113300
2018-05-23,101.2,106.39,101.12,103.48,2730200
2018-05-24,104.11,105.34,102.0,102.4,1811100
2018-05-25,102.5,103.67,102.5,102.57,1210300
2018-05-29,102.19,104.97,101.58,102.21,2062400
2018-05-30,102.59,104.07,101.22,102.26,1518200
2018-05-31,103.0,104.050003,101.7,101.91,1892300
2018-06-01,102.0,103.9,101.53,103.3,1926600
2018-06-04,104.27,105.38,102.6,104.37,2155100
2018-06-05,105.059998,108.0,104.95,106.19,2927800
2018-06-06,107.080002,108.6,104.7,105.17,2020200
2018-06-07,105.5,106.77,103.53,105.2,1495100
2018-06-08,104.5,107.81,104.019997,106.54,2567000
2018-06-11,107.16,108.55,102.92,103.84,2774400
2018-06-12,104.88,107.14,104.5,105.89,2123900
2018-06-13,106.81,108.42,105.65,107.37,1980500
2018-06-14,107.4,112.029999,107.18,111.31,3260700
2018-06-15,109.13,111.029999,109.13,109.68,2488900
2018-06-18,107.38,107.72,104.54,107.31,2581200
2018-06-19,103.49,104.41,100.72,101.17,3538000
2018-06-20,103.2,104.24,101.42,104.2,2296400
2018-06-21,102.84,103.62,98.32,98.65,3336700
2018-06-22,99.58,99.76,95.54,98.17,1898400
2018-06-25,95.099998,95.91,92.16,93.31,3470600
2018-06-26,94.17,94.94,90.98,92.27,3638200
2018-06-27,92.2,92.48,87.059998,87.14,3627500
2018-06-28,86.099998,88.64,85.33,87.93,3191700
2018-06-29,90.0,90.64,87.8,88.76,1968600
2018-07-02,85.83,89.25,85.66,89.07,1261500
2018-07-03,90.19,90.4,86.94,88.029999,1134400
2018-07-05,88.7,89.6,86.82,88.07,1475900
2018-07-06,87.77,91.31,87.3,90.44,2420500
2018-07-09,92.75,92.99,89.5,90.97,1741200
2018-07-10,90.45,91.84,89.53,90.28,1923900
2018-07-11,88.099998,89.51,87.6,88.62,1986300
2018-07-12,90.019997,91.31,89.57,90.65,1594700
2018-07-13,91.029999,91.54,89.13,90.67,900200
2018-07-16,90.63,91.32,89.56,90.27,890600
2018-07-17,89.31,90.95,88.51,90.74,877200
2018-07-18,90.65,91.25,88.37,89.51,1521200
2018-07-19,88.59,88.66,86.9,87.07,1822300
2018-07-20,87.8,89.37,86.93,88.099998,1274600
2018-07-23,87.96,88.75,86.88,88.36,932000
2018-07-24,90.0,90.8,87.35,88.27,1535200
2018-07-25,88.62,90.07,88.099998,89.72,1345600
2018-07-26,87.24,88.95,87.15,88.0,1586300
2018-07-27,88.49,88.7,85.62,87.050003,2210800
2018-07-30,86.17,86.69,80.9,82.099998,4235800
2018-07-31,82.64,83.57,80.7,82.75,2755600
2018-08-01,81.93,83.39,80.99,81.97,1677100
2018-08-02,80.12,80.7,79.31,79.99,2669900
2018-08-03,80.44,82.019997,79.69,80.79,1352800
2018-08-06,81.040001,83.43,80.63,83.099998,1992200
2018-08-07,84.65,86.42,82.77,83.47,3012600
2018-08-08,89.11,90.0,79.86,80.089996,6652400
2018-08-09,80.7,82.080002,80.0,80.12,2425600
2018-08-10,78.73,81.17,77.44,80.55,2901100
2018-08-13,79.35,80.19,75.95,76.84,4049100
2018-08-14,76.089996,76.79,74.56,75.59,2942800
2018-08-15,71.41,73.73,70.13,72.79,3782300
2018-08-16,74.21,76.0,73.31,73.96,2340800
2018-08-17,73.66,75.4,72.36,74.9,1808100
2018-08-20,76.85,79.88,76.51,76.76,2709700
2018-08-21,77.53,79.23,77.53,78.15,2287400
2018-08-22,77.92,79.75,77.9,79.23,1613800
2018-08-23,79.68,81.43,77.94,78.059998,2240700
2018-08-24,79.050003,79.94,78.41,78.57,977200
2018-08-27,80.49,83.35,80.0,80.77,3352100
2018-08-28,81.47,81.92,79.16,80.099998,1468500
2018-08-29,80.29,80.9,79.080002,79.86,1179300
2018-08-30,79.010002,79.36,74.93,76.44,2644500
2018-08-31,75.75,77.76,75.75,76.74,1981000
2018-09-04,76.52,76.73,74.8,76.010002,1337700
2018-09-05,74.25,74.72,71.29,72.3,2598900
2018-09-06,72.33,74.0,71.26,72.26,1674300
2018-09-07,72.0,75.36,71.55,72.99,2236300
2018-09-10,72.77,72.95,69.94,70.66,2382600
2018-09-11,67.9,70.080002,66.68,68.72,2874100
2018-09-12,68.77,69.69,66.89,69.32,2396300
2018-09-13,71.88,74.55,71.55,73.35,3240300
2018-09-14,74.0,75.23,72.0,72.86,1854600
2018-09-17,71.099998,73.3,71.07,72.41,1377500
2018-09-18,72.18,74.37,71.029999,72.050003,1487100
2018-09-19,73.4,76.95,73.010002,75.91,2430200
2018-09-20,76.63,78.38,76.37,77.41,2229900
2018-09-21,79.0,79.2,76.7,77.69,1726900
2018-09-24,75.15,75.88,74.099998,75.68,1152100
2018-09-25,75.68,76.76,75.010002,75.7,885100
2018-09-26,76.089996,77.8,75.79,76.080002,1320200
2018-09-27,76.49,76.8,75.51,76.2,881700
2018-09-28,75.33,76.32,72.25,73.13,2812200
2018-10-01,73.67,73.67,71.83,72.52,1260900
2018-10-02,70.49,70.6,67.67,68.4,2654200
2018-10-03,69.29,71.080002,69.099998,69.37,2363200
2018-10-04,68.65,68.72,65.080002,65.54,3263100
2018-10-05,66.080002,66.080002,62.9,64.25,2924200
2018-10-08,61.66,64.9,61.27,64.07,2787500
2018-10-09,62.11,63.74,61.049999,61.080002,3445000
2018-10-10,60.37,60.37,56.44,56.5,5345600
2018-10-11,55.11,56.68,54.36,55.82,6008600
2018-10-12,58.48,60.17,57.89,59.64,3194700
2018-10-15,57.78,61.11,57.58,60.37,2945900
2018-10-16,61.13,63.24,60.15,63.14,2379900
2018-10-17,63.14,63.14,59.81,60.66,2374700
2018-10-18,59.0099983,60.25,58.19,58.49,2635000
2018-10-19,59.96,60.3,56.81,56.99,1752800
2018-10-22,60.28,61.5,58.92,60.87,3535800
2018-10-23,56.53,60.3,55.73,58.81,2350500
2018-10-24,58.9,59.31,54.93,54.97,2412000
2018-10-25,55.51,56.84,55.02,56.33,1683400
2018-10-26,54.39,58.68,53.91,57.13,2398800
2018-10-29,57.25,58.0,53.93,54.65,1860400
2018-10-30,54.41,55.57,53.11,55.07,2065400
2018-10-31,56.5,59.45,56.060001,59.0099983,2318300
2018-11-01,60.0,66.58,58.62,66.25,4422300
2018-11-02,67.12,68.83,64.029999,64.75,3867300
2018-11-05,64.16,64.89,61.32,64.14,1744000
2018-11-06,64.48,66.42,63.43,65.0,1447300
2018-11-07,65.59,66.34,63.7,65.089996,1375600
2018-11-08,63.26,63.69,60.52,61.57,1691400
2018-11-09,59.65,59.99,55.75,57.16,2858900
2018-11-12,57.16,57.29,53.69,54.6,2317800
2018-11-13,55.68,57.45,54.93,55.46,1557600
2018-11-14,56.39,59.69,56.24,57.17,1884700
2018-11-15,58.33,60.47,58.33,60.060001,1846200
2018-11-16,58.87,59.75,56.89,59.25,1572300
2018-11-19,58.0,58.49,55.68,56.8,2561800
2018-11-20,54.63,58.61,54.58,56.85,1693200
2018-11-21,58.79,60.91,58.6,60.060001,2034500
2018-11-23,58.27,58.9,56.67,56.93,1688200
2018-11-26,58.53,60.3,57.78,59.25,1474900
2018-11-27,58.73,59.85,58.0099983,59.099998,2184000
2018-11-28,61.65,65.49,57.61,61.99,6997700
2018-11-29,61.0,61.0,58.2,59.73,2758500
2018-11-30,59.72,64.35,59.23,63.68,3612600
2018-12-03,68.42,70.94,66.24,66.71,3592100
2018-12-04,66.64,68.099998,64.57,65.089996,2667100
2018-12-06,62.13,63.75,61.63,62.58,2860700
2018-12-07,62.5,64.4,61.040001,61.62,2885500
2018-12-10,61.2,62.5,60.25,61.22,3280800
2018-12-11,62.76,65.099998,62.65,63.35,2959500
2018-12-12,64.71,66.13,64.43,64.73,2207000
2018-12-13,65.28,65.98,63.099998,63.75,1683100
2018-12-14,62.46,65.67,62.19,64.56,1898500
2018-12-17,64.28,64.34,60.13,60.77,2191500
2018-12-18,61.5,61.59,59.87,60.62,1931400
2018-12-19,60.69,61.84,55.72,56.37,2360200
2018-12-20,56.69,57.59,54.33,55.38,2758500
2018-12-21,56.66,58.88,54.85,55.45,2817400
2018-12-24,55.35,57.72,54.4,56.32,1351800
2018-12-26,56.85,60.16,55.55,60.07,2057100
2018-12-27,58.88,59.96,57.3,58.86,1406400
2018-12-28,58.89,59.5,56.84,58.84,1531200
2018-12-31,59.49,61.5,57.8,58.43,1349300
2019-01-02,56.86,59.23,55.24,58.94,1619400
2019-01-03,57.99,58.19,55.47,55.97,1745700
2019-01-04,57.39,61.6,57.049999,61.23,2288900
2019-01-07,61.46,62.68,60.65,62.63,2137300
2019-01-08,60.7,60.95,56.96,59.080002,4686000
2019-01-09,59.59,61.080002,58.55,60.64,3029200
2019-01-10,60.14,60.14,58.0099983,59.59,1537100
2019-01-11,58.23,58.37,56.63,57.12,3259200
2019-01-14,56.25,56.5,53.81,54.22,4145200
2019-01-15,54.76,55.59,54.39,54.66,2297200
2019-01-16,55.049999,57.99,54.8,57.24,2087800
2019-01-17,56.83,59.060001,55.7,58.23,1801200
2019-01-18,59.09,61.36,58.41,60.8,2925500
2019-01-22,58.53,58.7,51.82,52.51,9167100
2019-01-23,53.69,54.24,51.45,52.2,3151500
2019-01-24,51.15,54.57,51.15,54.37,3005600
2019-01-25,55.5,58.5,55.41,58.19,3485600
2019-01-28,57.5,58.58,56.23,58.33,1983900
2019-01-29,58.17,58.48,56.94,57.66,1044900
2019-01-30,58.32,59.23,57.64,58.9,1584800
2019-01-31,59.0,63.17,59.0,60.66,2609500
2019-02-01,60.3,62.12,60.09,60.9,958400
2019-02-04,61.26,61.8,60.25,61.78,839600
2019-02-05,62.11,62.65,61.41,62.15,1252700
2019-02-06,62.41,63.07,61.38,62.36,1565800
2019-02-07,61.56,61.85,59.18,60.07,1629200
2019-02-08,59.47,61.44,59.21,61.029999,1613700
2019-02-11,62.060001,63.61,61.89,62.31,1950000
2019-02-12,63.5,66.059998,63.38,65.31,3287500
2019-02-13,66.15,68.4,65.95,66.17,3419400
2019-02-14,65.9,65.9,63.83,65.53,1833300
2019-02-15,65.2,65.85,63.68,64.28,1599100
2019-02-19,63.67,65.8,63.18,65.59,2303000
2019-02-20,66.27,68.55,65.57,66.050003,2860900
2019-02-21,66.54,67.24,65.019997,65.55,1468400
2019-02-22,66.73,69.29,65.16,68.47,2907900
2019-02-25,70.99,74.68,70.54,74.040001,5531500
2019-02-26,71.8,74.39,70.55,74.25,3022100
2019-02-27,72.74,74.55,72.21,73.14,2409800
2019-02-28,73.87,74.0,70.29,72.25,2003200
2019-03-01,73.84,74.37,71.86,72.07,1727400
2019-03-04,73.4,73.83,70.61,72.37,2669600
2019-03-05,67.33,70.76,64.55,69.72,6105200
2019-03-06,68.61,69.39,67.010002,67.29,2207600
2019-03-07,66.2,66.2,61.62,62.12,5754800
2019-03-08,59.78,62.53,59.35,61.54,2779200
2019-03-11,62.88,64.53,62.42,64.28,1988400
2019-03-12,64.71,64.76,62.43,63.25,1809200
2019-03-13,63.25,63.52,62.099998,62.45,1974700
2019-03-14,61.8,62.36,60.19,61.38,1844100
2019-03-15,62.15,63.55,62.0,62.61,1670500
2019-03-18,63.31,63.6,61.24,62.83,1744100
2019-03-19,63.2,63.59,62.58,63.049999,1218000
2019-03-20,62.52,62.52,60.43,61.0099983,2567900
2019-03-21,60.78,61.63,60.07,60.65,1779800
2019-03-22,60.32,61.18,58.59,58.7,2016800
2019-03-25,58.31,59.26,57.6,59.029999,1432400
2019-03-26,59.12,59.75,57.84,58.59,1201900
2019-03-27,58.68,59.09,57.37,57.89,1228100
2019-03-28,58.040001,58.67,57.45,58.33,860600
2019-03-29,59.67,62.25,59.38,61.99,3593100
2019-04-01,63.23,66.91,63.13,66.4,4483800
2019-04-02,65.88,66.81,65.22,65.9,1690000
2019-04-03,67.28,70.0,67.050003,68.94,3685400
2019-04-04,68.61,69.7,68.080002,68.74,2402900
2019-04-05,69.11,72.089996,68.47,71.059998,2215800
2019-04-08,70.94,71.97,69.77,71.91,1437600
2019-04-09,70.4,71.7,70.059998,70.8,1464000
2019-04-10,70.71,71.31,69.21,70.57,1492600
2019-04-11,70.13,70.13,68.17,68.9,1303200
2019-04-12,70.19,71.5,69.25,70.47,911100
2019-04-15,70.059998,70.28,67.73,68.6,1169200
2019-04-16,69.86,71.39,69.67,70.4,1781900
2019-04-17,69.8,72.49,69.8,71.15,1424700
2019-04-18,70.89,71.6,70.42,71.5,908100
2019-04-22,70.64,72.78,70.5,72.32,1037300
2019-04-23,72.54,72.62,71.35,72.0,959100
2019-04-24,72.0,72.0,68.63,70.31,1458400
2019-04-25,69.88,70.21,68.64,69.84,1805200
2019-04-26,69.89,69.99,67.089996,67.74,2084100
2019-04-29,67.64,68.64,67.15,67.75,1984500
2019-04-30,67.47,69.25,67.35,68.5,1756800
2019-05-01,69.0,69.34,67.88,67.94,567200
2019-05-02,68.44,68.44,65.84,67.11,982400
2019-05-03,68.29,69.029999,67.71,68.79,955100
2019-05-06,64.31,65.6,62.49,65.23,2401300
2019-05-07,64.6,64.91,61.63,62.44,2167300
2019-05-08,62.39,62.8,61.12,61.95,1422800
2019-05-09,60.3,61.98,59.56,61.79,1244800
2019-05-10,61.64,62.34,59.97,61.43,1165300
2019-05-13,58.49,59.35,57.52,58.63,2343100
2019-05-14,60.2,60.25,58.43,59.22,1213200
2019-05-15,58.59,59.4,57.43,58.99,1175300
2019-05-16,58.97,59.6,58.080002,59.040001,1263000
2019-05-17,56.29,56.85,53.029999,53.099998,5571500
2019-05-20,51.72,51.77,50.21,50.56,3576100
2019-05-21,51.62,53.0,51.029999,52.62,2176800
2019-05-22,52.3,52.43,50.4,51.16,3153000
2019-05-23,45.0,45.9,42.7,45.39,10162000
2019-05-24,45.54,45.71,43.26,43.66,4021600
2019-05-28,43.31,43.85,42.25,42.95,3984800
2019-05-29,42.55,43.63,42.41,42.91,2272100
2019-05-30,43.15,43.27,41.64,42.02,1979900
2019-05-31,41.28,42.32,40.61,41.52,2235900
2019-06-03,41.22,42.59,40.67,41.11,1970200
2019-06-04,41.45,43.35,40.74,42.89,2604500
2019-06-05,43.0,43.25,40.31,41.43,2577200
2019-06-06,41.48,41.8,40.59,41.25,1370000
2019-06-07,41.75,42.82,41.64,42.4,2047400
2019-06-10,43.14,44.09,42.78,42.92,1999000
2019-06-11,43.94,45.39,43.8,44.2,2866300
2019-06-12,43.4,43.86,41.59,42.41,2293200
2019-06-13,42.97,43.15,41.94,42.43,1251900
2019-06-14,41.85,41.95,40.85,41.41,1147700
2019-06-17,41.47,41.93,41.02,41.61,981900
2019-06-18,42.23,44.080002,42.15,43.24,2798700
2019-06-19,43.5,44.0,41.75,42.22,2580100
2019-06-20,43.5,44.42,42.92,43.02,3331400
2019-06-21,42.74,43.41,42.2,43.21,1688100
2019-06-24,43.5,43.5,42.44,43.02,1550700
2019-06-25,42.69,42.94,40.92,41.57,2323200
2019-06-26,42.23,43.21,42.2,42.62,1744600
2019-06-27,43.14,43.95,42.91,43.9,1708700
2019-06-28,43.95,44.080002,43.0,43.55,1207400
2019-07-01,45.34,46.14,43.84,43.94,3890500
2019-07-02,44.0,44.51,43.66,44.26,1516100
2019-07-03,44.2,44.33,42.94,44.23,1399800
2019-07-05,43.71,44.61,43.040001,43.92,1477900
2019-07-08,43.029999,43.34,41.96,42.48,1631600
2019-07-09,42.049999,43.46,41.71,43.21,1561500
2019-07-10,43.36,43.83,42.11,42.33,1805900
2019-07-11,42.44,42.8,41.78,42.23,1162600
2019-07-12,42.32,42.68,41.99,42.36,1488000
2019-07-15,42.53,43.51,42.31,43.049999,1030600
2019-07-16,43.12,43.29,41.22,41.57,2998900
2019-07-17,41.15,42.099998,40.81,40.86,1896300
2019-07-18,40.75,40.76,39.5,39.8,2800400
2019-07-19,39.96,40.97,39.73,40.39,2437500
2019-07-22,40.5,40.54,39.0099983,39.7,2467700
2019-07-23,40.049999,41.060001,39.83,40.89,2118800
2019-07-24,41.049999,41.35,40.71,41.28,1419700
2019-07-25,41.36,41.4,40.049999,40.24,1457800
2019-07-26,40.63,40.65,39.57,40.07,1447800
2019-07-29,40.029999,40.39,39.69,40.16,1568800
2019-07-30,39.59,40.18,39.42,39.92,1060600
2019-07-31,39.97,40.040001,38.82,39.17,1320900
2019-08-01,39.13,39.32,36.85,37.3,2693900
2019-08-02,36.94,38.09,36.41,37.76,2408600
2019-08-05,36.0,36.2,34.26,34.89,4121800
2019-08-06,35.78,36.66,35.42,36.14,3201100
2019-08-07,35.8,36.77,35.13,36.09,1633800
2019-08-08,36.5,36.81,36.14,36.75,1419900
2019-08-09,36.3,36.45,35.41,35.53,1016300
2019-08-12,35.060001,35.78,34.66,35.53,1886200
2019-08-13,35.57,37.61,35.22,36.47,1679300
2019-08-14,35.74,35.74,34.41,35.0099983,2086600
2019-08-15,35.68,35.84,34.98,35.36,1419900
2019-08-16,35.79,37.48,35.64,37.080002,3174000
2019-08-19,39.66,42.9,38.65,42.31,9914400
2019-08-20,42.0,42.49,40.97,42.19,3033300
2019-08-21,42.5,42.79,41.02,41.43,2079300
2019-08-22,41.26,41.78,40.13,40.19,1602500
2019-08-23,39.62,41.040001,39.33,39.62,2095800
2019-08-26,40.29,40.78,40.0,40.31,1448500
2019-08-27,40.36,41.19,39.8,40.35,1450000
2019-08-28,40.25,41.39,39.69,40.76,1240800
2019-08-29,41.45,42.79,41.32,41.61,1816500
2019-08-30,42.0099983,42.48,40.98,41.37,1252500
2019-09-03,41.4,44.17,41.32,43.43,4692900
2019-09-04,43.75,45.33,43.65,45.0,4153600
2019-09-05,46.23,46.7,45.49,46.25,2401700
2019-09-06,46.19,47.21,46.080002,46.9,1582700
2019-09-09,47.46,50.4,47.32,49.61,4795900
2019-09-10,48.92,50.38,48.64,50.21,2689500
2019-09-11,50.2,50.46,48.85,49.81,2091000
2019-09-12,49.86,50.099998,48.45,48.97,1846200
2019-09-13,49.38,50.67,48.86,50.17,1533900
2019-09-16,49.82,50.26,49.36,49.79,1257300
2019-09-17,48.99,49.85,48.64,49.77,1188200
2019-09-18,49.57,50.0,48.17,49.0099983,1456700
2019-09-19,49.4,51.5,49.35,49.41,2358000
2019-09-20,49.54,49.78,47.76,47.83,1943800
2019-09-23,47.53,47.96,46.6,47.57,1273800
2019-09-24,47.75,47.75,45.09,45.61,1469600
2019-09-25,45.58,46.92,45.21,46.74,1309500
2019-09-26,46.89,47.2,45.55,45.98,1090700
2019-09-27,46.21,46.41,43.63,44.55,2695500
2019-09-30,45.51,45.69,44.7,44.75,1321300
2019-10-01,44.85,45.22,43.43,44.56,977300
2019-10-02,44.52,44.56,43.09,43.92,1185200
2019-10-03,44.23,46.67,43.76,46.2,1666300
2019-10-04,47.73,48.02,46.5,47.57,2132300
2019-10-07,47.51,48.85,47.24,48.2,1822700
2019-10-08,47.25,48.0,46.27,46.27,2353600
2019-10-09,46.73,47.2,46.3,46.79,1042600
2019-10-10,47.080002,48.26,46.73,47.72,1245400
2019-10-11,48.53,49.49,48.15,48.52,1492500
2019-10-14,48.15,49.2,48.15,48.57,836800
2019-10-15,48.95,49.41,48.57,49.32,970200
2019-10-16,49.35,52.57,49.040001,50.99,2937000
2019-10-17,51.16,51.49,50.040001,50.25,1393000
2019-10-18,50.54,51.0099983,47.5,47.55,2761600
2019-10-21,48.25,49.2,48.0099983,49.11,1275300
2019-10-22,48.62,49.21,48.18,48.68,1073800
2019-10-23,48.28,48.88,47.14,47.97,1425400
2019-10-24,48.13,48.78,47.75,48.34,1784100
2019-10-25,48.22,50.060001,48.22,49.21,1228700
2019-10-28,49.61,50.93,49.31,50.0099983,1096900
2019-10-29,49.53,49.91,48.64,49.36,1365800
2019-10-30,49.35,49.35,48.029999,49.16,651800
2019-10-31,49.09,49.47,48.75,49.19,837700
2019-11-01,49.79,50.86,49.57,50.79,1127100
2019-11-04,52.7,53.29,51.6,52.54,2305400
2019-11-05,52.56,53.17,51.61,52.33,1134400
2019-11-06,52.0099983,52.15,51.049999,51.62,971900
2019-11-07,53.14,55.43,52.4,54.65,2573200
2019-11-08,53.81,55.52,53.81,54.67,2296500
2019-11-11,53.51,53.67,52.060001,53.61,1338300
2019-11-12,53.78,54.0,52.99,53.47,1547700
2019-11-13,52.91,53.86,52.15,52.78,1411400
2019-11-14,45.7,45.85,43.0,43.44,13090800
2019-11-15,44.0099983,44.44,42.91,43.55,4852000
2019-11-18,43.32,43.4,41.45,42.25,3614500
2019-11-19,42.56,42.56,41.2,41.67,2578900
2019-11-20,41.09,41.19,39.83,40.66,3474200
2019-11-21,40.8,41.53,40.6,41.43,2944900
2019-11-22,41.61,41.71,40.77,41.7,1671500
2019-11-25,42.38,43.18,42.099998,42.78,1547800
2019-11-26,42.78,43.47,42.4,43.25,1766600
2019-11-27,43.62,43.93,43.0099983,43.39,1210600
2019-11-29,42.72,43.17,42.51,42.81,762600
2019-12-02,42.95,43.95,42.77,43.61,1191300
2019-12-03,42.14,43.029999,41.88,42.93,1054500
2019-12-04,43.049999,43.5,42.52,42.82,1082300
2019-12-05,42.72,44.51,42.42,43.86,2190400
2019-12-06,44.29,44.5,43.77,44.17,1107800
2019-12-09,44.0099983,44.46,43.64,43.77,645400
2019-12-10,43.52,43.76,42.67,42.9,1613300
2019-12-11,43.0,43.3,42.75,42.91,1581900
2019-12-12,42.84,43.97,42.6,43.54,1153100
2019-12-13,43.92,44.09,43.21,43.53,1267500
2019-12-16,43.93,45.74,43.78,44.94,2193900
2019-12-17,45.25,46.24,44.59,45.35,1185700
2019-12-18,45.26,46.15,44.8,46.099998,1250800
2019-12-19,46.099998,46.41,45.43,46.27,1140200
2019-12-20,46.18,46.81,46.07,46.25,1516800
2019-12-23,46.040001,47.43,45.87,47.12,1231400
2019-12-24,47.31,47.87,46.94,47.21,440200
2019-12-26,47.17,47.86,46.93,47.77,432500
2019-12-27,48.0,48.099998,46.7,47.07,626400
2019-12-30,46.99,46.99,46.25,46.34,720700
2019-12-31,46.34,47.18,46.25,46.35,851800
2020-01-02,48.3,51.4,47.63,51.060001,2902200
2020-01-03,49.62,52.2,49.61,50.13,2228700
2020-01-06,50.0,50.040001,48.73,49.28,1766100
2020-01-07,49.88,49.94,48.48,48.9,1093600
2020-01-08,48.34,49.49,48.27,49.060001,1039900
2020-01-09,49.42,49.51,47.67,47.97,1872700
2020-01-10,47.88,48.28,46.52,46.86,2046100
2020-01-13,47.8,52.33,47.61,51.69,4358600
2020-01-14,51.21,51.69,50.11,50.41,2168400
2020-01-15,50.73,51.07,49.53,50.37,1375600
2020-01-16,49.51,49.8,47.84,48.0,3554900
2020-01-17,48.24,48.32,46.36,46.79,3602300
2020-01-21,45.4,45.4,42.64,44.13,4790200
2020-01-22,45.39,45.4,43.91,43.96,1711600
2020-01-23,42.8,44.68,42.39,44.3,2269000
2020-01-24,44.63,44.68,42.92,43.56,1557900
2020-01-27,40.84,44.080002,40.8,43.14,2158400
2020-01-28,43.78,43.99,42.95,43.46,1076000
2020-01-29,43.63,44.5,42.98,43.92,1089100
2020-01-30,43.2,43.96,42.16,43.85,1151200
2020-01-31,43.47,43.47,42.09,42.62,1399600
2020-02-03,43.0,45.18,42.9,44.11,2022200
2020-02-04,45.15,46.24,45.0099983,45.13,1901700
2020-02-05,46.07,46.17,43.71,44.28,1582600
2020-02-06,45.0099983,45.72,44.46,45.28,1468400
2020-02-07,45.17,45.34,44.12,45.3,890900
2020-02-10,45.13,45.25,44.61,44.75,1588400
2020-02-11,45.0,45.31,43.96,44.22,2030400
2020-02-12,44.88,46.35,44.84,45.38,2421500
2020-02-13,44.53,44.67,43.43,44.080002,2230600
2020-02-14,44.37,44.37,43.4,43.56,1547500
2020-02-18,43.31,43.41,41.3,41.69,2785900
2020-02-19,42.38,43.9,41.93,42.95,2512500
2020-02-20,43.0,43.93,42.69,43.73,1829900
2020-02-21,43.5,43.55,42.29,43.28,1475800
2020-02-24,41.53,43.22,40.54,42.76,2244300
2020-02-25,43.36,44.25,42.27,43.38,3628900
2020-02-26,41.55,45.88,40.87,41.39,7000000
2020-02-27,40.8,42.3,39.71,41.0,3729600
2020-02-28,40.82,42.14,40.42,42.14,3130800
2020-03-02,42.83,43.81,41.68,42.62,2150400
2020-03-03,42.080002,43.89,41.61,42.66,2411800
2020-03-04,43.09,43.88,42.65,43.74,1592300
2020-03-05,42.82,44.35,42.8,43.46,1804000
2020-03-06,42.39,42.94,41.27,41.96,2009600
2020-03-09,39.89,41.09,39.31,39.75,2548600
2020-03-10,41.19,41.84,40.13,41.82,2596300
2020-03-11,40.76,41.74,39.16,39.78,2163700
2020-03-12,37.98,37.98,35.0,36.61,3107600
2020-03-13,38.85,39.45,36.33,38.0099983,2017400
2020-03-16,33.83,35.41,32.5,33.12,3807500
2020-03-17,33.6,36.21,33.0,34.13,2201000
2020-03-18,32.060001,32.32,29.5,30.33,4098500
2020-03-19,30.01,34.16,29.78,33.34,2980700
2020-03-20,34.060001,36.42,32.83,33.39,2073100
2020-03-23,33.24,35.07,32.16,34.080002,1757400
2020-03-24,35.42,36.22,34.68,35.44,1541000
2020-03-25,35.0,36.3,34.73,34.96,1997200
2020-03-26,34.99,36.25,34.76,35.75,932500
2020-03-27,34.7,35.040001,33.049999,33.53,1343700
2020-03-30,33.6,34.0,32.12,32.86,1574000
2020-03-31,33.049999,33.97,32.44,33.11,1270100
2020-04-01,32.31,33.49,31.76,32.0,1501300
2020-04-02,32.16,32.83,31.91,32.33,1137900
2020-04-03,32.31,32.98,31.34,32.0,745300
2020-04-06,32.96,33.99,32.76,33.88,1086700
2020-04-07,34.5,37.83,34.49,36.64,2842300
2020-04-08,36.47,36.98,35.52,35.54,1471200
2020-04-09,35.92,36.69,34.84,35.62,1224900
2020-04-13,35.5,35.5,33.9,34.39,1230400
2020-04-14,35.18,35.55,34.76,35.24,2108600
2020-04-15,34.23,35.040001,33.8,34.9,643800
2020-04-16,35.029999,36.040001,35.029999,35.81,990800
2020-04-17,36.34,37.91,36.099998,36.69,1562300
2020-04-20,36.17,37.040001,36.060001,36.26,928000
2020-04-21,35.17,35.86,34.31,35.46,1164900
2020-04-22,35.98,36.66,35.42,35.94,820300
2020-04-23,36.060001,36.82,35.8,35.95,1164400
2020-04-24,35.97,36.56,35.5,36.49,740000
2020-04-27,37.35,38.0,36.88,37.18,942900
2020-04-28,37.79,37.82,36.13,36.65,1043000
2020-04-29,37.33,38.14,36.81,36.86,970800
2020-04-30,36.94,38.24,36.41,37.53,1412900
2020-05-01,36.060001,36.16,34.63,34.98,1905600
2020-05-04,34.9,36.22,34.3,34.6,1265800
2020-05-05,35.27,36.15,34.86,35.0099983,858200
2020-05-06,36.049999,36.62,35.099998,35.97,974900
2020-05-07,36.27,36.94,36.099998,36.88,815800
2020-05-08,37.0,37.099998,36.14,36.49,1155000
2020-05-11,36.16,36.89,35.41,36.37,852500
2020-05-12,36.89,37.09,36.049999,36.07,896400
2020-05-13,36.32,36.41,34.62,35.029999,1549300
2020-05-14,34.89,34.89,32.66,34.55,2200100
2020-05-15,33.7,35.2,33.51,35.060001,1285100
2020-05-18,36.21,36.83,35.52,36.6,1716600
2020-05-19,37.27,37.43,35.17,35.89,2930800
2020-05-20,35.97,36.75,33.65,34.32,3692100
2020-05-21,33.76,34.0,32.64,33.09,4318300
2020-05-22,32.049999,32.3,29.7,29.88,6492200
2020-05-26,30.75,31.11,29.51,29.81,4820000
2020-05-27,30.17,31.21,29.68,30.83,2742200
2020-05-28,30.79,30.79,29.91,29.99,1710100
2020-05-29,30.12,30.9,28.93,30.77,2280300
2020-06-01,30.54,31.0,30.26,30.76,1676100
2020-06-02,30.88,31.91,30.73,31.66,1607300
2020-06-03,32.040001,33.19,32.029999,32.98,1798500
2020-06-04,32.87,34.49,32.76,33.54,1778100
2020-06-05,34.080002,35.34,34.080002,34.4,1414100
2020-06-08,34.66,35.41,34.029999,34.51,1804100
2020-06-09,34.0,34.18,33.0099983,33.099998,1697700
2020-06-10,32.0,33.2,32.0,32.8,1911700
2020-06-11,32.0,32.42,31.61,31.76,2212900
2020-06-12,32.46,32.66,31.58,32.47,1338700
2020-06-15,31.9,33.99,31.73,33.43,1824100
2020-06-16,34.38,35.33,34.16,34.45,2721100
2020-06-17,34.57,35.24,34.14,34.59,1823700
2020-06-18,34.66,36.040001,34.58,35.14,2684300
2020-06-19,35.93,36.36,34.79,34.88,3070900
2020-06-22,35.16,35.16,33.32,33.9,1969100
2020-06-23,34.07,34.27,33.49,34.18,1450300
2020-06-24,33.78,34.0,32.62,32.96,1285900
2020-06-25,32.84,33.93,32.45,33.9,1054500
2020-06-26,33.5,34.15,33.19,34.040001,1166800
2020-06-29,34.15,34.25,32.8,33.33,1268900
2020-06-30,33.18,34.0,33.02,33.6,848600
2020-07-01,33.51,33.78,32.55,33.049999,808100
2020-07-02,33.49,34.19,33.49,33.72,1180800
2020-07-06,36.36,40.24,36.0099983,39.78,7753000
2020-07-07,38.69,39.99,38.4,39.4,3257100
2020-07-08,39.98,40.0,37.91,38.16,3343900
2020-07-09,38.12,38.81,37.55,38.14,1648800
2020-07-10,38.14,38.19,36.92,37.39,1335000
2020-07-13,37.28,38.78,36.83,36.85,1774200
2020-07-14,36.68,37.15,35.71,36.28,1597700
2020-07-15,36.96,37.060001,35.73,35.9,1239500
2020-07-16,35.44,35.99,34.53,35.9,1937600
2020-07-17,35.8,36.24,35.28,35.36,878300
2020-07-20,35.22,35.86,35.099998,35.36,970300
2020-07-21,35.88,37.09,35.76,36.22,1449600
2020-07-22,35.96,35.99,33.35,33.88,3347200
2020-07-23,34.080002,34.080002,32.97,33.33,1542300
2020-07-24,33.14,33.93,32.62,33.72,1088100
2020-07-27,33.46,33.83,32.5,33.11,1382600
2020-07-28,33.3,34.93,33.15,34.09,1837900
2020-07-29,34.25,34.83,33.92,34.44,744200
2020-07-30,33.94,34.64,33.94,34.15,582300
2020-07-31,34.47,34.8,34.0,34.56,776500
2020-08-03,34.85,35.35,34.57,34.85,847200
2020-08-04,34.98,35.71,34.92,35.47,750200
2020-08-05,35.49,36.24,35.31,35.94,628200
2020-08-06,36.0099983,36.02,34.45,35.49,931500
2020-08-07,34.53,35.33,34.049999,34.37,1173600
2020-08-10,34.3,35.89,34.3,35.36,1254800
2020-08-11,35.31,35.72,34.85,35.099998,593300
2020-08-12,35.5,36.14,35.0099983,35.72,844800
2020-08-13,35.56,35.98,34.060001,34.13,1143900
2020-08-14,34.31,34.31,32.53,32.68,1938100
2020-08-17,33.02,34.21,32.83,33.66,1035500
2020-08-18,33.75,34.35,33.51,33.89,1120400
2020-08-19,33.72,33.8,32.9,33.26,989000
2020-08-20,33.27,34.080002,33.26,33.62,702500
2020-08-21,33.76,34.09,33.48,33.79,803600
2020-08-24,34.21,34.99,34.0099983,34.79,1114200
2020-08-25,34.8,36.040001,34.68,35.88,1490700
2020-08-26,35.49,36.3,35.36,36.2,1247300
2020-08-27,35.91,36.55,35.83,36.27,1412900
2020-08-28,36.14,38.7,36.14,38.49,1517300
2020-08-31,37.62,39.029999,37.26,37.3,2216800
2020-09-01,37.93,38.49,36.92,38.45,1415200
2020-09-02,38.32,38.87,37.25,37.93,839700
2020-09-03,37.49,37.49,35.68,36.17,1471100
2020-09-04,35.88,36.38,34.75,36.080002,750400
2020-09-08,34.98,35.38,34.2,34.25,1319200
2020-09-09,34.81,34.81,33.52,34.13,1190000
2020-09-10,34.14,34.51,32.9,33.040001,986600
2020-09-11,33.44,33.88,32.68,33.25,712500
2020-09-14,33.69,35.33,33.55,35.15,1337700
2020-09-15,35.5,35.5,34.29,34.63,658700
2020-09-16,34.88,35.77,34.69,35.24,683200
2020-09-17,34.94,35.91,34.8,35.89,1627000
2020-09-18,35.92,37.080002,35.64,36.78,1250100
2020-09-21,35.62,36.32,34.94,36.24,790200
2020-09-22,36.16,36.57,35.3,35.98,685600
2020-09-23,35.68,36.56,35.099998,35.37,1056900
2020-09-24,35.0099983,35.029999,34.24,34.52,951600
2020-09-25,34.19,34.44,32.51,32.54,1746500
2020-09-28,34.33,37.4,34.2,34.96,2530900
2020-09-29,34.96,35.099998,33.029999,33.65,1465000
2020-09-30,33.84,37.15,33.78,36.43,4190600
2020-10-01,36.37,37.76,35.92,37.0,1427700
2020-10-02,36.26,39.049999,36.0,38.55,1969300
2020-10-05,38.82,41.95,38.56,40.3,3626300
2020-10-06,40.35,41.51,40.099998,40.79,1379400
2020-10-07,40.71,41.67,40.71,41.51,1152200
2020-10-08,41.73,42.45,41.18,41.4,591300
2020-10-09,41.15,41.8,41.13,41.23,527800
2020-10-12,41.88,41.99,40.79,40.87,1021700
2020-10-13,40.73,40.8,39.47,39.88,914000
2020-10-14,40.25,40.25,37.96,38.79,1845600
2020-10-15,38.0,38.81,37.44,37.83,907600
2020-10-16,38.22,38.6,37.7,38.35,885500
2020-10-19,38.82,39.51,38.22,38.3,799600
2020-10-20,38.44,39.09,38.32,38.68,409100
2020-10-21,38.82,39.81,38.79,39.29,929100
2020-10-22,39.46,40.040001,39.02,39.91,1289700
2020-10-23,40.25,40.25,39.28,40.0,446200
2020-10-26,39.73,40.17,39.47,39.8,369500
2020-10-27,39.55,42.16,39.42,41.67,1357600
2020-10-28,40.57,41.79,40.2,41.5,1131000
2020-10-29,41.5,42.6,41.42,41.85,1348900
2020-10-30,41.53,41.66,40.59,41.55,1472700
2020-11-02,42.0,42.25,41.21,41.61,1263100
2020-11-03,41.34,41.55,39.95,40.53,897200
2020-11-04,41.98,43.78,41.55,42.81,1712800
2020-11-05,43.87,44.39,42.18,43.91,1521300
2020-11-06,42.94,44.48,42.94,44.17,1376900
2020-11-09,44.5,46.97,44.48,45.6,1629900
2020-11-10,44.38,46.83,43.9,46.42,1867200
2020-11-11,46.14,47.19,45.37,46.29,1024000
2020-11-12,45.83,46.56,45.0099983,45.060001,974900
2020-11-13,45.72,46.85,45.5,46.38,588400
2020-11-16,46.76,48.16,46.5,47.47,908200
2020-11-17,47.31,47.31,44.81,46.71,1260700
2020-11-18,46.4,46.48,43.68,44.56,1154500
2020-11-19,44.67,45.94,44.67,45.41,1081400
2020-11-20,45.0,45.62,44.8,45.049999,472400
2020-11-23,45.33,45.56,44.12,44.51,548600
2020-11-24,44.52,45.0,44.02,44.45,546200
2020-11-25,43.69,43.92,42.91,43.62,1259000
2020-11-27,43.72,43.72,42.91,43.11,646600
2020-11-30,42.55,43.58,42.040001,42.25,2052300
2020-12-01,42.99,42.99,41.68,41.8,845600
2020-12-02,41.6,42.35,40.81,42.099998,806400
2020-12-03,42.28,43.25,42.14,42.67,525400
2020-12-04,43.0,43.46,41.71,41.91,645400
2020-12-07,42.25,42.75,41.14,41.28,577400
2020-12-08,41.5,41.5,40.52,40.76,1004900
2020-12-09,41.5,41.59,40.77,40.82,589600
2020-12-10,40.8,41.23,39.5,40.81,1060700
2020-12-11,40.47,41.37,39.59,39.65,976700
2020-12-14,40.93,43.29,40.76,41.73,1683600
2020-12-15,42.69,42.75,41.52,42.16,1238300
2020-12-16,42.5,44.93,42.3,44.45,1661300
2020-12-17,44.85,46.19,44.74,45.62,2462400
2020-12-18,45.56,46.58,45.43,46.23,1956900
2020-12-21,44.91,46.22,44.75,45.75,1219000
2020-12-22,45.79,46.79,45.31,45.94,833400
2020-12-23,46.040001,46.24,44.82,45.46,866200
2020-12-24,45.0099983,45.060001,43.91,44.31,689700
2020-12-28,43.65,44.44,37.3,38.33,6453800
2020-12-29,39.39,40.45,38.63,39.6,3475600
2020-12-30,39.22,41.2,39.22,41.02,2294600
2020-12-31,40.7,41.049999,38.74,40.99,1893900
2021-01-04,41.0,41.73,40.59,40.66,1421900
2021-01-05,40.61,41.18,39.94,41.09,940300
2021-01-06,40.81,42.5,40.78,41.34,1194800
2021-01-07,41.72,42.19,41.47,41.99,897700
2021-01-08,42.38,43.67,41.87,43.38,1305200
2021-01-11,42.14,42.59,41.48,41.67,783700
2021-01-12,42.0,42.21,40.72,41.64,877300
2021-01-13,41.47,42.029999,41.040001,41.4,1480000
2021-01-14,41.81,41.99,39.55,40.58,1913500
2021-01-15,40.58,41.83,40.49,41.099998,1020700
2021-01-19,41.74,42.080002,40.96,41.56,1105300
2021-01-20,42.61,43.15,42.09,42.71,1033700
2021-01-21,43.0,43.060001,41.89,42.94,643800
2021-01-22,43.22,43.62,42.37,42.96,1095700
2021-01-25,43.29,44.14,42.32,44.11,2147700
2021-01-26,44.63,47.0,43.64,46.94,2865700
2021-01-27,46.49,54.57,45.2,50.38,6356300
2021-01-28,48.9,49.55,45.21,47.0099983,3904100
2021-01-29,46.91,47.5,45.13,45.58,1948300
2021-02-01,46.25,47.81,45.77,47.12,1096600
2021-02-02,47.43,48.82,46.8,48.72,1111200
2021-02-03,51.02,51.2,48.4,49.16,1650800
2021-02-04,50.02,51.0,49.17,50.36,1291300
2021-02-05,50.52,52.15,50.2,51.07,1554100
2021-02-08,51.049999,52.77,50.85,52.66,1297800
2021-02-09,53.0,56.0,52.63,54.96,2190900
2021-02-10,56.31,57.7,55.09,57.27,1277400
2021-02-11,57.66,59.22,56.65,58.7,1068200
2021-02-12,57.25,62.77,57.21,61.82,1707600
2021-02-16,62.6,63.55,60.67,60.99,2388600
2021-02-17,60.34,60.46,56.24,58.85,1749500
2021-02-18,58.62,59.029999,57.51,58.66,1675000
2021-02-19,59.32,59.94,58.68,59.7,2050800
2021-02-22,58.2,60.46,57.21,58.3,1260000
2021-02-23,56.2,59.26,54.21,59.11,1558800
2021-02-24,57.84,59.72,57.53,58.53,889000
2021-02-25,57.8,59.53,57.19,57.34,2829900
2021-02-26,56.34,56.5,53.87,55.17,2101900
2021-03-01,56.37,57.080002,55.79,56.49,742700
2021-03-02,56.11,57.26,55.82,56.54,514500
2021-03-03,56.79,57.69,54.16,55.35,1664500
2021-03-04,54.9,54.9,51.16,51.77,2314000
2021-03-05,51.59,54.34,50.060001,53.98,1649300
2021-03-08,53.09,53.38,50.85,51.77,1706100
2021-03-09,52.3,53.24,51.52,52.92,1764200
2021-03-10,53.69,53.86,51.59,52.09,863900
2021-03-11,52.95,53.09,52.41,52.95,1289100
2021-03-12,51.71,52.37,51.02,52.11,979300
2021-03-15,49.88,51.52,49.47,50.88,1102100
2021-03-16,51.2,51.42,49.46,50.25,1275100
2021-03-17,48.88,50.57,47.86,50.44,1876600
2021-03-18,50.8,55.5,49.83,52.8,5130800
2021-03-19,52.26,53.91,50.81,52.28,2081000
2021-03-22,52.0099983,52.84,51.37,52.46,984400
2021-03-23,52.060001,53.8,51.69,52.52,1984300
2021-03-24,52.92,53.15,50.080002,51.029999,2928700
2021-03-25,49.62,51.79,49.099998,51.18,1859600
2021-03-26,51.11,52.66,47.36,49.21,6199400
2021-03-29,48.97,48.97,46.73,48.69,3153200
2021-03-30,48.12,51.15,47.99,50.77,1616600
2021-03-31,51.22,51.49,49.91,50.46,917900
2021-04-01,51.17,51.39,48.93,50.0099983,1425900
2021-04-05,50.59,50.59,48.14,49.55,1179000
2021-04-06,49.8,51.25,49.5,51.040001,740500
2021-04-07,50.86,50.86,49.34,49.42,912800
2021-04-08,49.51,50.38,48.85,50.34,877700
2021-04-09,50.15,50.34,48.56,49.38,912300
2021-04-12,49.25,49.44,48.62,49.12,560700
2021-04-13,49.11,50.69,49.060001,49.72,920900
2021-04-14,50.09,50.97,49.4,50.02,1070100
2021-04-15,50.4,50.4,48.76,48.86,640600
2021-04-16,48.99,49.58,48.22,49.48,1236100
2021-04-19,49.61,50.49,48.38,49.16,995300
2021-04-20,49.17,49.28,46.96,47.7,1158800
2021-04-21,47.33,49.57,46.87,49.49,1074100
2021-04-22,49.79,50.72,49.47,49.74,1780700
2021-04-23,50.16,51.88,49.95,51.67,1210200
2021-04-26,51.81,51.89,49.74,50.61,1289900
2021-04-27,50.89,52.61,50.51,52.48,1023800
2021-04-28,52.6,53.24,51.93,51.95,771600
2021-04-29,52.45,52.74,50.3,51.099998,1233600
2021-04-30,50.5,50.6,49.44,50.4,983900
2021-05-03,50.099998,50.15,48.65,48.65,534000
2021-05-04,48.8,49.35,46.99,48.51,1934500
2021-05-05,48.74,48.8,47.5,47.6,921500
2021-05-06,47.67,48.29,46.23,48.15,1656000
2021-05-07,47.86,48.78,47.56,47.91,765300
2021-05-10,49.19,50.029999,44.0099983,48.67,4975900
2021-05-11,47.6,48.81,46.72,47.89,1825400
2021-05-12,47.74,49.45,47.64,48.6,1364100
2021-05-13,48.76,49.12,46.66,47.09,1365400
2021-05-14,47.29,49.099998,46.97,48.91,941600
2021-05-17,48.7,49.37,47.63,48.79,1107900
2021-05-18,48.99,50.5,48.72,48.84,1404000
2021-05-19,47.62,49.63,46.8,49.060001,1366700
2021-05-20,49.27,50.0099983,48.77,49.12,1516100
2021-05-21,49.15,49.57,47.77,48.060001,1164500
2021-05-24,48.28,48.52,47.12,48.34,1044500
2021-05-25,49.17,50.86,48.51,50.66,2677400
2021-05-26,50.65,51.41,50.31,50.71,2070800
2021-05-27,50.92,51.14,50.029999,50.93,1227400
2021-05-28,50.96,51.39,50.36,50.84,1002500
2021-06-01,51.34,52.27,50.71,52.099998,1013900
2021-06-02,52.029999,52.43,50.23,50.57,1075100
2021-06-03,50.0,50.14,47.67,47.82,1374500
2021-06-04,47.84,48.72,47.65,47.73,1210100
2021-06-07,47.73,48.0,46.8,47.42,574800
2021-06-08,47.51,48.37,47.049999,48.24,1509200
2021-06-09,48.57,50.099998,48.43,49.51,991700
2021-06-10,49.23,50.2,49.23,49.74,556000
2021-06-11,49.86,50.029999,48.53,48.69,872100
2021-06-14,48.69,49.74,48.45,49.27,535100
2021-06-15,49.02,49.16,47.99,48.27,888500
2021-06-16,48.6,48.81,47.53,47.85,357300
2021-06-17,47.9,48.5,47.57,48.13,1291400
2021-06-18,47.92,48.18,47.4,47.55,1129700
2021-06-21,47.66,49.3,47.28,49.23,1145500
2021-06-22,48.64,49.79,48.6,49.16,720800
2021-06-23,49.68,50.93,49.67,50.83,844600
2021-06-24,51.0,51.8,50.5,51.22,917000
2021-06-25,51.5,52.42,51.07,52.39,833900
2021-06-28,52.66,52.79,50.91,52.29,921800
2021-06-29,51.87,52.47,51.099998,52.09,541300
2021-06-30,52.11,52.77,51.79,52.62,1219500
2021-07-01,52.84,53.93,52.29,52.9,763200
2021-07-02,52.83,54.42,52.47,54.31,1177000
2021-07-06,59.93,62.76,57.5,57.74,20178500
2021-07-07,57.8,64.7,57.8,59.52,6624700
2021-07-08,57.98,60.64,57.07,59.72,1644600
2021-07-09,60.58,61.02,59.46,60.029999,1031800
2021-07-12,60.2,60.38,59.3,60.31,860500
2021-07-13,60.57,63.46,60.07,62.099998,1752900
2021-07-14,62.27,62.57,61.5,61.89,741700
2021-07-15,62.049999,63.94,61.89,62.66,825100
2021-07-16,63.0,63.23,59.93,60.29,1062700
2021-07-19,59.64,60.76,58.65,60.39,603300
2021-07-20,60.77,60.86,59.69,60.67,544300
2021-07-21,60.53,62.0,60.049999,61.78,727300
2021-07-22,61.52,61.8,60.51,61.63,517400
2021-07-23,59.6,60.6,58.73,59.2,1345700
2021-07-26,56.12,58.51,55.049999,56.59,1280000
2021-07-27,54.83,55.61,51.25,51.9,1902800
2021-07-28,54.38,56.11,52.94,55.62,1527800
2021-07-29,56.12,57.37,54.25,55.8,980200
2021-07-30,53.74,56.58,53.6,56.4,703800
2021-08-02,56.86,57.88,56.19,57.5,579400
2021-08-03,56.34,57.029999,56.040001,56.58,359200
2021-08-04,56.98,58.24,56.51,56.85,307600
2021-08-05,56.6,56.84,54.92,56.58,385800
2021-08-06,56.43,57.28,55.38,55.67,300000
2021-08-09,56.5,56.5,54.61,56.0099983,458200
2021-08-10,56.62,56.76,54.34,55.53,449000
2021-08-11,55.8,55.8,54.66,55.52,442700
2021-08-12,55.19,55.43,54.31,54.69,1540900
2021-08-13,54.22,54.51,51.74,52.65,1512900
2021-08-16,51.73,51.73,49.55,50.76,695800
2021-08-17,48.42,48.64,45.099998,46.35,2594400
2021-08-18,48.27,48.69,44.59,48.0099983,2900100
2021-08-19,47.099998,48.2,46.12,47.6,2351800
2021-08-20,48.16,50.66,48.049999,49.89,1996800
2021-08-23,50.74,51.37,48.94,51.13,1667000
2021-08-24,52.26,54.45,52.26,54.21,1746900
2021-08-25,53.45,54.21,52.74,53.67,811900
2021-08-26,54.0,54.78,53.75,54.52,536400
2021-08-27,49.52,50.41,46.26,48.68,3716300
2021-08-30,47.5,49.63,46.81,49.0099983,1534500
2021-08-31,49.44,50.56,48.61,50.52,1630200
2021-09-01,51.26,53.41,51.18,52.74,1415900
2021-09-02,53.080002,53.58,51.85,53.14,1069900
2021-09-03,53.049999,53.89,52.63,53.87,531400
2021-09-07,54.12,55.11,53.13,54.099998,709900
2021-09-08,54.099998,54.7,52.43,53.55,733100
2021-09-09,52.21,53.78,52.02,53.67,511500
2021-09-10,54.55,55.27,53.38,53.54,505800
2021-09-13,53.060001,53.060001,51.79,52.029999,422700
2021-09-14,51.6,52.099998,51.0,51.66,508100
2021-09-15,51.37,52.31,50.34,52.12,888200
2021-09-16,52.11,52.55,51.48,51.52,489700
2021-09-17,51.64,51.72,50.43,50.86,1301400
2021-09-20,49.86,50.13,48.36,49.080002,803200
2021-09-21,49.19,49.83,48.77,48.79,451400
2021-09-22,49.0,50.42,48.79,49.8,670500
2021-09-23,49.62,49.88,48.41,48.74,585700
2021-09-24,47.82,47.92,46.26,46.91,1195300
2021-09-27,46.84,47.48,45.7,47.029999,1460400
2021-09-28,46.81,47.46,46.21,46.59,1061700
2021-09-29,46.7,47.35,46.29,46.34,435900
2021-09-30,46.46,48.18,46.36,47.49,906100
2021-10-01,47.42,47.53,45.6,46.14,447300
2021-10-04,45.65,46.14,45.02,45.38,486000
2021-10-05,45.44,45.78,44.9,45.44,771600
2021-10-06,44.9,45.56,44.62,45.029999,451200
2021-10-07,46.67,48.29,46.29,47.7,1086400
2021-10-08,47.62,49.049999,47.5,48.56,879800
2021-10-11,49.09,49.37,48.0,48.11,493000
2021-10-12,48.51,48.86,48.19,48.71,273600
2021-10-13,49.060001,49.39,48.72,49.39,441700
2021-10-14,48.45,49.02,48.26,48.46,398500
2021-10-15,48.23,48.84,47.41,47.92,369900
2021-10-18,48.0099983,49.17,47.9,49.15,384500
2021-10-19,49.15,49.88,48.54,49.14,843400
2021-10-20,49.63,50.91,48.77,50.88,814800
2021-10-21,50.35,51.0,49.84,50.72,464100
2021-10-22,50.91,52.049999,49.64,50.29,1705800
2021-10-25,50.63,50.91,49.51,50.12,775800
2021-10-26,49.76,49.76,47.64,47.66,1161200
2021-10-27,47.59,48.38,46.080002,46.6,1244100
2021-10-28,46.3,46.48,45.52,45.86,885100
2021-10-29,45.31,45.76,44.55,44.98,522400
2021-11-01,44.84,46.52,44.64,46.3,596600
2021-11-02,45.6,45.76,43.72,43.77,1327900
2021-11-03,44.5,45.080002,44.31,44.75,820700
2021-11-04,45.0,46.07,43.5,43.53,483000
2021-11-05,43.54,44.28,43.19,43.22,1473000
2021-11-08,44.95,44.95,43.8,43.97,1296800
2021-11-09,44.029999,44.62,43.07,43.44,800200
2021-11-10,43.7,45.85,43.64,44.080002,1007500
2021-11-11,48.099998,49.3,45.7,46.11,3045700
2021-11-12,46.3,46.49,45.25,46.34,1094900
2021-11-15,46.55,46.55,43.34,44.02,1443600
2021-11-16,44.46,44.5,43.3,44.16,839300
2021-11-17,43.92,44.0,41.85,43.34,1287400
2021-11-18,41.99,42.65,41.2,41.76,1498700
2021-11-19,41.8,42.55,41.21,41.97,544300
2021-11-22,41.45,42.7,40.73,42.38,2059200
2021-11-23,41.81,44.040001,41.57,43.96,2099000
2021-11-24,43.82,43.82,42.0099983,43.029999,2107600
2021-11-26,42.09,42.91,41.59,42.79,857200
2021-11-29,41.99,42.6,39.4,39.61,4993000
2021-11-30,39.86,40.79,39.5,39.81,2973200
2021-12-01,39.84,40.22,35.98,36.0,6404800
2021-12-02,37.35,37.43,33.5,34.36,3660600
2021-12-03,33.53,33.61,30.38,32.18,3073000
2021-12-06,32.19,33.080002,31.65,31.98,1657800
2021-12-07,33.48,34.31,33.099998,33.48,1893200
2021-12-08,32.51,33.44,30.82,32.64,2135100
2021-12-09,32.64,33.3,31.43,31.52,1493800
2021-12-10,31.43,31.87,30.63,31.65,1470500
2021-12-13,31.13,31.28,29.040001,29.88,3055400
2021-12-14,28.98,29.63,28.46,28.83,2009900
2021-12-15,28.48,29.0,27.83,28.98,1257300
2021-12-16,30.26,31.08,28.94,29.24,1380200
2021-12-17,28.55,29.65,27.3,29.52,1684300
2021-12-20,29.14,29.84,28.59,29.67,1529100
2021-12-21,30.0,31.52,29.99,31.36,1108100
2021-12-22,30.28,30.99,29.56,30.21,1653300
2021-12-23,29.75,29.88,28.75,29.75,1073200
2021-12-27,29.75,30.48,29.75,30.07,648600
2021-12-28,29.69,29.77,28.68,29.54,990400
2021-12-29,29.44,29.49,28.14,28.52,3607400
2021-12-30,28.53,31.63,28.43,31.42,1362100
2021-12-31,30.93,31.8,30.6,30.98,1628500
2022-01-03,31.49,32.45,31.08,31.81,1633500
2022-01-04,31.73,31.73,30.67,31.13,687000
2022-01-05,30.82,32.68,30.48,31.98,4511600
2022-01-06,32.2,34.42,31.6,33.48,2046400
2022-01-07,33.73,35.2,33.36,33.43,2246400
2022-01-10,33.78,33.78,31.67,33.15,1117100
2022-01-11,33.14,34.36,32.71,34.35,1341000
2022-01-12,35.27,36.51,34.71,35.099998,7711400
2022-01-13,34.24,34.85,32.93,33.099998,1633300
2022-01-14,33.14,34.41,33.029999,34.24,2227300
2022-01-18,33.74,34.38,33.09,33.47,711700
2022-01-19,33.57,34.29,33.3,33.55,5506400
2022-01-20,35.22,36.44,34.41,34.64,3371300
2022-01-21,34.45,34.72,32.82,33.46,1633400
2022-01-24,32.58,33.28,31.34,33.02,2659100
2022-01-25,32.39,33.76,32.11,33.54,1116000
2022-01-26,33.78,34.029999,31.98,32.15,2061300
2022-01-27,32.51,32.86,30.85,31.0,3346300
2022-01-28,30.91,31.85,30.39,30.91,2245300
2022-01-31,32.49,34.76,31.9,34.65,3081800
2022-02-01,34.2,35.16,33.88,34.71,452000
2022-02-02,34.64,34.64,33.040001,33.29,629600
2022-02-03,32.73,33.029999,31.88,32.02,660800
2022-02-04,32.26,32.91,31.85,32.79,406700
2022-02-07,32.32,32.94,30.54,31.030001,1250400
2022-02-08,31.040001,32.44,30.66,32.37,2512200
2022-02-09,32.61,32.86,32.15,32.5,669800
2022-02-10,31.5,32.12,31.17,31.55,1036300
2022-02-11,31.8,31.8,30.97,31.25,879300
2022-02-14,30.92,31.85,30.46,30.85,3971100
2022-02-15,31.12,32.11,31.12,32.099998,516300
2022-02-16,31.77,32.62,31.59,32.36,411600
2022-02-17,31.7,32.46,31.45,31.79,628600
2022-02-18,31.22,31.3,29.6,30.15,996800
2022-02-22,29.97,30.43,29.0,29.19,732400
2022-02-23,29.58,29.84,28.44,28.49,542600
2022-02-24,27.14,28.12,26.85,28.07,1865900
2022-02-25,28.17,29.01,27.71,28.29,1017500
2022-02-28,27.82,28.22,27.059999,27.43,693500
2022-03-01,27.57,28.45,26.64,26.88,1032400
2022-03-02,27.07,27.7,26.47,27.42,1804200
2022-03-03,29.58,30.09,27.02,27.28,2507300
2022-03-04,26.86,27.4,25.55,25.78,1074100
2022-03-07,25.2,25.39,23.66,23.67,1620200
2022-03-08,24.15,25.44,23.81,25.11,1026600
2022-03-09,24.98,26.49,24.98,26.19,692400
2022-03-10,25.02,25.049999,24.23,24.46,732300
2022-03-11,24.4,25.07,21.41,21.41,1263300
2022-03-14,19.4,21.23,18.62,20.059999,1550800
2022-03-15,19.41,21.91,19.41,21.15,1580400
2022-03-16,24.98,25.98,23.63,25.52,2838200
2022-03-17,24.08,24.61,23.059999,24.17,1232000
2022-03-18,24.32,27.83,24.32,26.91,2675700
2022-03-21,26.17,27.2,25.69,26.030001,1177800
2022-03-22,26.99,27.8,26.3,27.16,1421000
2022-03-23,26.58,28.4,24.42,27.0,3038400
2022-03-24,25.58,27.2,25.56,26.66,944000
2022-03-25,25.79,26.99,25.049999,25.38,724800
2022-03-28,25.75,26.47,25.33,25.88,674700
2022-03-29,26.4,27.17,25.13,25.35,897200
2022-03-30,24.96,25.58,24.53,24.68,632600
2022-03-31,26.33,26.9,23.89,24.51,1811700
2022-04-01,26.18,26.7,25.09,25.62,1087100
2022-04-04,26.72,27.34,26.030001,26.85,755100
2022-04-05,26.71,27.51,26.17,26.49,820400
2022-04-06,26.0,26.41,25.45,26.0,700900
2022-04-07,25.8,26.2,24.5,24.86,580900
2022-04-08,25.07,25.41,24.54,24.9,387800
2022-04-11,24.35,25.38,23.79,24.0,783900
2022-04-12,24.5,24.69,23.46,23.63,510500
2022-04-13,23.69,23.81,23.18,23.43,630900
2022-04-14,23.4,23.4,22.57,22.8,554300
2022-04-18,22.4,22.95,22.02,22.51,677600
2022-04-19,22.2,22.79,22.02,22.6,403900
2022-04-20,22.63,22.7,21.64,22.0,470100
2022-04-21,21.79,21.79,20.57,20.78,1005200
2022-04-22,21.14,21.8,20.82,20.95,1172000
2022-04-25,20.37,21.34,19.89,21.15,668900
2022-04-26,21.02,21.08,20.29,20.62,1434900
2022-04-27,20.88,21.27,20.54,20.95,593900
2022-04-28,21.26,21.38,20.64,21.25,648800
2022-04-29,22.8,23.8,22.53,23.14,1555500
2022-05-02,22.91,23.36,22.42,22.83,3008700
2022-05-03,23.19,23.55,22.35,22.55,539400
2022-05-04,22.16,22.71,21.53,22.68,738800
2022-05-05,22.25,22.42,21.71,21.91,843400
2022-05-06,21.65,21.78,20.64,20.81,511300
2022-05-09,20.43,20.45,19.79,20.01,903600
2022-05-10,20.25,20.61,19.59,20.24,1022400
2022-05-11,20.62,20.88,19.73,19.99,768000
2022-05-12,19.81,20.57,19.62,20.34,1121800
2022-05-13,20.97,21.8,20.5,21.18,656900
2022-05-16,21.0,21.89,20.86,21.19,787500
2022-05-17,22.3,22.89,21.27,21.5,1134900
2022-05-18,21.33,22.2,21.23,21.5,703100
2022-05-19,21.52,22.28,21.24,21.46,566200
2022-05-20,21.88,22.49,21.5,21.67,1280000
2022-05-23,22.049999,22.33,21.43,21.54,1199200
2022-05-24,20.97,21.28,20.34,20.56,984900
2022-05-25,20.73,21.030001,20.38,20.59,1239000
2022-05-26,20.88,21.94,20.88,21.93,1369900
2022-05-27,22.11,22.45,21.85,22.0,1213000
2022-05-31,23.25,23.78,21.9,22.0,2657900
2022-06-01,22.5,23.13,21.8,21.99,2359100
2022-06-02,21.77,22.2,20.9,21.0,2051200
2022-06-03,20.9,22.97,20.62,22.45,2120000
2022-06-06,23.87,24.68,23.26,23.37,1262100
2022-06-07,23.01,23.77,22.94,23.33,1082200
2022-06-08,23.8,25.18,23.8,24.66,1808600
2022-06-09,23.59,24.17,23.32,23.8,869100
2022-06-10,23.88,24.15,21.9,22.31,5650500
2022-06-13,21.68,22.3,20.82,21.0,2033200
2022-06-14,21.3,22.12,21.2,21.6,1902200
2022-06-15,21.74,22.31,21.66,21.82,1546800
2022-06-16,21.27,21.37,20.86,21.0,838700
2022-06-17,21.55,21.84,20.5,21.58,3626900
2022-06-21,21.78,22.97,21.73,22.58,1264400
2022-06-22,22.27,23.21,22.13,22.91,745800
2022-06-23,23.22,23.7,22.74,23.24,562000
2022-06-24,23.62,23.87,23.19,23.82,512300
2022-06-27,23.89,24.049999,23.07,23.26,1207900
2022-06-28,23.4,24.08,23.18,23.85,1416400
2022-06-29,23.7,24.28,23.23,23.38,2356900
2022-06-30,23.6,23.6,22.81,23.13,2698800
2022-07-01,23.0,24.23,22.9,24.23,626300
2022-07-05,23.79,24.049999,23.44,24.01,916300
2022-07-06,23.66,23.97,22.75,22.97,861200
2022-07-07,23.07,23.61,22.82,23.28,522800
2022-07-08,22.99,23.16,22.55,22.84,759600
2022-07-11,22.18,22.23,20.43,20.52,1080800
2022-07-12,20.62,20.94,19.9,20.33,807400
2022-07-13,20.0,20.72,19.82,20.53,679200
2022-07-14,20.39,20.7,19.13,19.51,869800
2022-07-15,19.4,19.49,18.56,19.31,828200
2022-07-18,19.89,20.45,19.76,20.0,547300
2022-07-19,20.23,20.66,20.01,20.47,567100
2022-07-20,20.49,20.56,19.85,20.08,362100
2022-07-21,20.2,20.58,20.16,20.5,1840500
2022-07-22,20.25,20.57,19.83,20.01,545700
2022-07-25,19.91,20.11,19.62,19.84,284600
2022-07-26,19.98,19.98,19.18,19.39,356600
2022-07-27,19.65,20.07,19.42,19.99,468500
2022-07-28,19.99,20.22,19.22,19.56,588900
2022-07-29,18.92,19.27,18.52,19.22,883400
2022-08-01,18.65,18.79,17.73,18.28,1006300
2022-08-02,17.98,18.62,17.74,18.45,809100
2022-08-03,18.34,19.16,18.1,19.040001,704900
2022-08-04,19.43,19.89,18.78,18.97,568500
2022-08-05,18.58,19.15,18.4,18.96,802600
2022-08-08,18.85,19.55,18.83,19.23,512200
2022-08-09,18.87,18.91,18.42,18.77,528400
2022-08-10,18.81,19.21,18.55,19.13,403200
2022-08-11,19.46,20.55,19.39,19.58,1451400
2022-08-12,19.059999,19.65,18.96,19.47,375000
2022-08-15,19.11,19.46,18.72,19.32,648600
2022-08-16,18.88,19.3,18.64,19.26,547700
2022-08-17,19.059999,19.059999,18.28,18.41,847700
2022-08-18,18.28,18.28,17.83,18.08,746900
2022-08-19,18.08,18.23,17.84,18.2,655600
2022-08-22,18.07,18.58,17.73,18.56,484700
2022-08-23,18.58,18.71,18.14,18.33,432300
2022-08-24,18.1,19.14,18.01,18.92,522500
2022-08-25,19.49,20.33,19.21,20.2,1252300
2022-08-26,22.37,22.43,20.41,20.61,1179100
2022-08-29,20.61,20.97,20.01,20.02,549300
2022-08-30,20.11,20.23,19.4,19.64,567900
2022-08-31,20.62,21.29,20.38,20.69,1982700
2022-09-01,19.63,19.81,18.5,19.68,1061700
2022-09-02,19.07,19.58,18.75,19.040001,712200
2022-09-06,18.57,18.57,17.96,18.15,1247900
2022-09-07,18.13,18.56,18.09,18.41,647000
2022-09-08,18.07,18.41,18.0,18.35,637700
2022-09-09,18.75,18.86,18.52,18.6,400200
2022-09-12,18.64,18.93,18.44,18.87,536300
2022-09-13,18.14,18.6,17.98,18.09,1879400
2022-09-14,17.99,18.059999,17.63,17.9,699100
2022-09-15,17.71,18.13,17.6,18.11,799100
2022-09-16,17.94,18.16,17.79,18.1,1062700
2022-09-19,18.0,18.25,17.98,18.15,500300
2022-09-20,18.07,19.28,18.030001,18.93,1615400
2022-09-21,18.67,19.19,18.59,18.73,790500
2022-09-22,18.73,18.96,18.42,18.46,652600
2022-09-23,18.14,18.21,17.18,17.48,814100
2022-09-26,17.51,17.75,16.84,16.85,863000
2022-09-27,16.96,17.37,16.16,16.22,937800
2022-09-28,16.0,17.68,16.0,17.55,911900
2022-09-29,17.0,17.030001,16.63,16.76,585000
2022-09-30,16.6,17.11,16.57,17.1,1102400
2022-10-03,17.030001,17.22,16.36,16.42,654700
2022-10-04,16.64,17.76,16.64,17.64,769300
2022-10-05,17.53,17.9,17.22,17.45,357500
2022-10-06,17.25,17.48,16.76,16.8,246600
2022-10-07,16.5,16.61,15.92,15.98,410800
2022-10-10,15.85,15.91,14.72,14.74,545600
2022-10-11,14.47,14.52,13.78,14.04,782300
2022-10-12,14.04,14.16,13.69,13.78,540700
2022-10-13,13.17,14.09,12.9,13.99,860600
2022-10-14,14.28,14.28,13.64,13.66,535900
2022-10-17,13.94,14.18,13.72,13.85,544800
2022-10-18,14.18,14.25,13.56,13.6,623800
2022-10-19,13.24,13.42,12.4,12.73,779600
2022-10-20,13.0,13.52,12.28,12.65,1546200
2022-10-21,12.45,12.45,11.93,12.25,598700
2022-10-24,11.02,11.07,10.02,10.71,1894400
2022-10-25,10.95,11.44,10.95,11.3,1161000
2022-10-26,11.25,12.6,11.25,12.2,3365800
2022-10-27,11.88,12.08,11.5,11.79,2044800
2022-10-28,11.29,11.37,10.68,10.88,1002500
2022-10-31,10.88,11.69,10.88,11.32,2106500
2022-11-01,12.15,12.57,12.06,12.46,3047100
2022-11-02,12.74,12.84,12.28,12.31,1127500
2022-11-03,11.94,12.8,11.94,12.68,613200
2022-11-04,13.88,13.88,12.85,13.16,1526300
2022-11-07,13.45,13.79,13.16,13.17,884500
2022-11-08,12.96,13.36,12.62,13.12,547200
2022-11-09,12.73,12.9,12.2,12.25,833100
2022-11-10,12.87,13.12,12.71,13.01,946000
2022-11-11,13.45,14.09,13.21,14.01,905600
2022-11-14,14.1,14.49,13.73,13.76,823700
2022-11-15,14.67,15.72,14.57,15.35,1462500
2022-11-16,15.21,15.27,14.54,14.81,1060600
2022-11-17,13.72,16.030001,13.03,15.9,1866100
2022-11-18,15.5,15.58,14.08,14.4,934400
2022-11-21,14.0,14.28,13.56,13.82,658000
2022-11-22,13.82,13.82,13.22,13.7,704700
2022-11-23,13.74,13.94,13.66,13.82,514600
2022-11-25,13.45,13.52,13.11,13.18,404300
2022-11-28,13.14,13.8,13.01,13.39,2867600
2022-11-29,14.0,14.95,13.77,14.74,961000
2022-11-30,15.5,16.49,15.32,15.94,3718900
2022-12-01,15.5,16.040001,15.11,15.15,916000
2022-12-02,15.15,16.66,15.15,16.42,1813000
2022-12-05,16.64,16.91,16.13,16.51,1589400
2022-12-06,16.63,16.65,15.71,16.32,667000
2022-12-07,15.46,15.79,15.19,15.48,930000
2022-12-08,16.25,18.08,16.25,17.69,1548700
2022-12-09,18.01,18.35,17.44,18.040001,4453700
2022-12-12,17.53,18.049999,17.12,17.71,1206000
2022-12-13,18.48,19.08,18.21,18.48,2420800
2022-12-14,18.0,18.59,17.64,18.44,1706200
2022-12-15,18.7,19.049999,17.88,18.41,1242400
2022-12-16,18.37,18.59,17.57,17.59,1045900
2022-12-19,17.54,17.77,17.21,17.37,705600
2022-12-20,17.01,17.77,17.01,17.7,2258300
2022-12-21,17.72,18.73,17.42,18.57,1445300
2022-12-22,18.56,18.96,18.3,18.63,876000
2022-12-23,18.63,18.91,17.82,17.92,1008300
2022-12-27,18.030001,19.69,18.030001,19.5,1473200
2022-12-28,19.54,19.66,18.24,18.35,1754300
2022-12-29,18.53,19.24,18.23,19.19,1100700
2022-12-30,18.51,19.14,18.51,19.12,580000
2023-01-03,19.61,20.73,19.56,20.17,1340500
2023-01-04,19.95,20.33,19.55,20.040001,6515900
2023-01-05,19.43,20.049999,19.059999,19.95,2945000
2023-01-06,19.6,19.88,18.93,19.68,2935300
2023-01-09,20.93,21.48,20.049999,20.09,4276600
2023-01-10,20.25,20.96,20.2,20.8,2610400
2023-01-11,20.8,20.92,20.13,20.36,1706100
2023-01-12,20.08,20.42,19.66,20.02,1325900
2023-01-13,20.01,20.83,19.95,20.69,2021700
2023-01-17,20.38,20.89,20.12,20.73,1572700
2023-01-18,21.040001,21.1,19.97,20.14,1244500
2023-01-19,20.26,21.24,20.17,21.2,1664400
2023-01-20,21.85,22.37,21.49,22.02,1326200
2023-01-23,22.040001,22.49,21.96,22.28,1291600
2023-01-24,22.040001,22.46,22.01,22.3,855100
2023-01-25,22.0,22.3,21.84,21.95,613500
2023-01-26,22.59,25.34,22.57,25.02,3551200
2023-01-27,24.49,25.13,23.92,24.31,1713100
2023-01-30,23.51,23.51,22.43,22.97,1587500
2023-01-31,22.8,23.45,22.71,22.75,866200
2023-02-01,23.67,25.29,23.66,25.18,2373100
2023-02-02,25.17,25.57,25.0,25.44,1004500
2023-02-03,24.88,25.24,24.07,24.07,917800
2023-02-06,23.5,23.86,23.16,23.35,1729100
2023-02-07,23.85,24.22,23.16,23.73,636100
2023-02-08,23.67,23.83,22.96,23.1,673500
2023-02-09,24.08,24.19,23.29,23.47,690300
2023-02-10,22.61,22.96,22.44,22.56,589200
2023-02-13,23.31,23.65,23.0,23.29,821400
2023-02-14,22.57,23.37,22.47,23.16,991200
2023-02-15,22.96,23.24,22.25,22.6,721500
2023-02-16,22.32,22.58,21.86,22.45,675000
2023-02-17,21.86,22.040001,21.2,21.27,1003400
2023-02-21,20.6,21.08,20.21,21.059999,1140100
2023-02-22,21.2,21.63,20.82,20.88,950500
2023-02-23,21.3,21.52,20.61,20.84,880400
2023-02-24,20.11,20.67,20.1,20.5,753400
2023-02-27,20.98,21.27,20.53,20.58,933800
2023-02-28,21.44,21.52,20.68,20.68,2089600
2023-03-01,21.34,21.48,18.6,19.12,2625400
2023-03-02,19.0,20.13,18.76,19.39,1461700
2023-03-03,19.34,19.6,19.030001,19.13,1554500
2023-03-06,18.73,19.1,18.13,18.32,1923300
2023-03-07,18.049999,18.14,17.6,17.72,1176600
2023-03-08,17.28,17.58,17.16,17.5,909600
2023-03-09,17.18,17.39,16.56,16.58,1010100
2023-03-10,16.51,17.040001,16.39,16.58,788600
2023-03-13,16.41,16.78,16.36,16.57,483300
2023-03-14,16.44,16.72,16.29,16.6,510300
2023-03-15,16.16,16.24,15.78,16.11,638100
2023-03-16,15.86,16.48,15.69,16.48,638900
2023-03-17,16.98,17.0,16.2,16.47,1206000
2023-03-20,15.95,16.65,15.69,16.54,520100
2023-03-21,17.08,17.33,16.86,16.92,1229200
2023-03-22,16.97,17.99,16.79,17.48,1445100
2023-03-23,18.4,19.040001,18.3,18.81,1350200
2023-03-24,18.51,19.1,18.29,18.72,923900
2023-03-27,18.32,18.63,18.12,18.39,984200
2023-03-28,19.21,19.45,18.95,19.22,4464200
2023-03-29,19.47,19.77,19.22,19.58,1044600
2023-03-30,20.0,20.35,19.83,20.040001,2103300
2023-03-31,21.5,21.58,19.8,20.059999,4273000
2023-04-03,19.59,19.67,18.61,19.02,1375300
2023-04-04,18.79,19.27,18.66,18.89,1629800
2023-04-05,18.69,18.69,17.62,18.049999,1194900
2023-04-06,18.049999,18.35,17.9,18.17,663800
2023-04-10,17.96,17.96,17.51,17.74,954300
2023-04-11,17.8,18.12,17.73,17.78,504900
2023-04-12,17.78,17.8,17.18,17.32,721400
2023-04-13,17.67,18.09,17.59,17.71,1383800
2023-04-14,17.84,17.91,17.31,17.33,469400
2023-04-17,17.86,17.98,17.6,17.75,586200
2023-04-18,17.75,17.81,17.22,17.23,367200
2023-04-19,17.0,17.22,17.0,17.07,726300
2023-04-20,17.0,17.24,16.76,16.86,670100
2023-04-21,16.75,16.85,16.57,16.74,588300
2023-04-24,16.57,16.61,16.24,16.33,737900
2023-04-25,16.13,16.23,15.85,15.97,855300
2023-04-26,16.72,16.76,16.45,16.62,707400
2023-04-27,16.89,17.42,15.97,17.18,873500
2023-04-28,18.1,18.1,17.47,17.51,1282600
2023-05-01,17.32,17.69,16.89,17.11,652700
2023-05-02,16.79,16.79,15.85,16.09,718000
2023-05-03,16.17,16.31,15.91,16.24,450400
2023-05-04,16.32,16.76,16.3,16.4,409500
2023-05-05,16.54,16.69,16.24,16.38,333700
2023-05-08,16.57,16.57,16.1,16.2,332000
2023-05-09,15.63,15.72,15.41,15.62,429600
2023-05-10,15.5,15.89,15.23,15.49,642800
2023-05-11,15.39,16.2,15.39,16.02,622600
2023-05-12,15.91,16.07,15.76,15.91,665200
2023-05-15,16.25,17.16,16.1,17.01,841600
2023-05-16,16.68,17.41,16.68,17.21,1088400
2023-05-17,16.92,17.4,16.9,17.37,718000
2023-05-18,17.67,17.67,16.67,16.79,810900
2023-05-19,17.18,17.25,16.35,16.8,1251100
2023-05-22,17.08,17.23,16.89,17.049999,403500
2023-05-23,16.66,16.97,16.25,16.33,1375200
2023-05-24,16.049999,16.38,15.81,16.059999,1217400
2023-05-25,15.27,16.049999,15.18,15.31,1818600
2023-05-26,15.5,15.65,15.11,15.29,1371700
2023-05-30,15.19,15.24,13.66,14.16,2906100
2023-05-31,14.18,14.18,13.2,13.97,2205800
2023-06-01,13.7,14.37,13.64,14.17,1267200
2023-06-02,14.59,14.72,14.31,14.51,1224800
2023-06-05,14.59,14.64,14.19,14.29,516300
2023-06-06,14.07,14.76,14.07,14.46,964400
2023-06-07,14.38,14.87,14.38,14.58,1083900
2023-06-08,14.65,15.14,14.6,14.79,1528300
2023-06-09,14.9,14.97,14.3,14.38,1415300
2023-06-12,14.3,14.99,14.23,14.46,675400
2023-06-13,14.66,14.9,14.52,14.88,1003000
2023-06-14,14.77,15.4,14.77,15.16,3201400
2023-06-15,15.56,15.82,15.24,15.25,1582400
2023-06-16,15.57,15.66,14.75,15.25,1688700
2023-06-20,14.85,15.14,14.22,14.38,2326400
2023-06-21,14.29,14.53,14.15,14.18,814200
2023-06-22,14.13,14.26,13.91,14.19,809700
2023-06-23,13.49,13.55,12.91,13.35,1188000
2023-06-26,13.37,13.52,13.19,13.22,523400
2023-06-27,13.45,13.68,13.33,13.5,2022600
2023-06-28,13.37,13.44,12.91,13.25,879500
2023-06-29,13.0,13.19,12.87,13.19,1041800
2023-06-30,13.19,13.39,13.1,13.11,524200
2023-07-03,13.51,13.81,13.32,13.43,690400
2023-07-05,13.23,13.23,12.87,13.1,705800
2023-07-06,12.93,13.09,12.77,12.86,599700
2023-07-07,12.99,13.51,12.97,13.34,1008000
2023-07-10,13.16,13.4,13.12,13.37,1196500
2023-07-11,13.5,13.7,13.13,13.45,803600
2023-07-12,13.88,14.28,13.79,14.1,1162000
2023-07-13,14.45,14.61,14.28,14.46,1806100
2023-07-14,14.18,14.43,13.9,14.1,672700
2023-07-17,13.85,14.02,13.68,13.92,557200
2023-07-18,13.7,13.84,13.34,13.39,1533600
2023-07-19,13.66,14.26,13.6,13.79,1206700
2023-07-20,13.67,13.67,13.44,13.49,456900
2023-07-21,13.68,13.8,13.43,13.5,507600
2023-07-24,13.5,14.43,13.44,14.29,1469800
2023-07-25,14.68,14.98,14.15,14.24,971300
2023-07-26,14.26,14.78,14.2,14.5,980800
2023-07-27,14.65,14.65,14.08,14.27,1152500
2023-07-28,14.81,15.48,14.81,15.36,3180500
2023-07-31,15.36,16.02,15.27,15.75,1658800
2023-08-01,15.41,15.71,15.0,15.15,1814800
2023-08-02,14.7,14.74,14.02,14.35,1290100
2023-08-03,14.75,15.01,14.65,14.79,881000
2023-08-04,14.87,14.9,14.41,14.43,780300
2023-08-07,14.47,14.49,13.9,13.94,1476700
2023-08-08,13.68,13.81,13.31,13.77,848000
2023-08-09,14.01,14.04,13.66,13.91,540800
2023-08-10,14.16,14.72,14.16,14.19,700100
2023-08-11,13.76,13.87,13.51,13.69,773400
2023-08-14,13.52,13.76,13.27,13.64,574300
2023-08-15,13.5,13.63,13.2,13.46,537400
2023-08-16,13.18,13.29,12.9,13.19,507300
2023-08-17,13.47,13.5,13.15,13.22,935900
2023-08-18,12.71,12.83,12.46,12.65,1253200
2023-08-21,12.62,12.95,12.55,12.91,663900
2023-08-22,13.16,13.23,12.91,13.16,3865800
2023-08-23,13.11,13.34,13.09,13.28,782600
2023-08-24,13.83,14.23,13.11,13.7,1659000
2023-08-25,13.35,13.36,12.3,12.49,2443300
2023-08-28,12.62,13.54,12.62,13.48,1450400
2023-08-29,13.69,13.69,13.2,13.33,1172000
2023-08-30,13.01,13.34,13.01,13.14,701900
2023-08-31,13.13,13.18,12.89,12.9,1671900
2023-09-01,13.13,13.83,13.06,13.58,923300
2023-09-05,13.34,13.49,12.99,13.07,663900
2023-09-06,13.0,13.4,13.0,13.28,944900
2023-09-07,12.82,12.88,12.42,12.52,710200
2023-09-08,12.48,12.58,12.25,12.33,515800
2023-09-11,12.6,12.62,12.28,12.32,785500
2023-09-12,12.34,12.44,12.04,12.1,777700
2023-09-13,12.08,12.19,11.96,12.01,561700
2023-09-14,12.11,12.19,12.0,12.03,397000
2023-09-15,12.12,12.34,11.92,11.96,872500
2023-09-18,11.9,12.09,11.68,11.96,949300
2023-09-19,11.98,12.14,11.94,11.97,678200
2023-09-20,11.89,12.02,11.86,11.93,626700
2023-09-21,11.61,11.82,11.55,11.79,680700
2023-09-22,12.24,12.4,12.07,12.29,586500
2023-09-25,11.88,12.38,11.85,12.28,1138600
2023-09-26,12.13,12.25,12.06,12.12,1347400
2023-09-27,12.22,12.32,11.98,12.24,1181900
2023-09-28,12.15,12.62,12.01,12.5,1491100
2023-09-29,12.68,12.77,12.32,12.54,1670800
2023-10-02,12.45,12.68,12.42,12.58,1180800
2023-10-03,12.25,12.36,12.05,12.21,1237300
2023-10-04,12.1,12.27,11.93,12.19,1147400
2023-10-05,12.1,12.1,11.66,11.76,1617800
2023-10-06,11.78,12.43,11.71,12.4,1689000
2023-10-09,12.23,12.91,12.23,12.76,1195700
2023-10-10,12.83,13.35,12.83,13.17,897200
2023-10-11,13.29,13.54,13.17,13.21,621200
2023-10-12,13.16,13.22,12.5,12.54,840300
2023-10-13,12.5,12.5,12.19,12.26,482100
2023-10-16,12.13,12.49,12.04,12.34,602200
2023-10-17,12.14,12.52,12.14,12.3,524200
2023-10-18,12.11,12.18,11.93,12.04,562100
2023-10-19,11.96,12.07,11.7,11.71,699900
2023-10-20,11.6,11.78,11.51,11.51,622200
2023-10-23,11.46,11.68,11.22,11.49,511800
2023-10-24,11.5,12.41,11.5,12.19,753400
2023-10-25,12.01,12.15,11.8,11.97,566600
2023-10-26,11.97,12.05,11.67,11.96,670400
2023-10-27,12.15,12.24,11.98,12.04,487100
2023-10-30,12.23,12.28,11.85,12.08,759300
2023-10-31,11.8,11.87,11.37,11.83,1254700
2023-11-01,11.79,11.79,11.36,11.56,917200
2023-11-02,11.65,11.93,11.6,11.78,666700
2023-11-03,12.05,12.37,12.04,12.14,655800
2023-11-06,12.38,12.65,12.3,12.34,839800
2023-11-07,12.21,12.29,11.99,12.14,455800
2023-11-08,12.04,12.38,12.01,12.06,584000
2023-11-09,12.03,12.1,11.33,11.37,992600
2023-11-10,11.3,11.33,11.05,11.25,792300
2023-11-13,11.36,11.59,11.07,11.09,895100
2023-11-14,11.29,11.72,11.22,11.61,1137400
2023-11-15,11.87,12.54,11.8,12.21,996400
2023-11-16,11.45,12.1,11.41,11.7,890000
2023-11-17,11.67,11.89,11.47,11.7,814300
2023-11-20,11.82,12.47,11.78,12.23,827800
2023-11-21,12.06,12.2,11.82,11.89,726600
2023-11-22,12.04,12.08,11.84,12.01,369400
2023-11-24,11.91,12.29,11.91,12.24,326500
2023-11-27,12.07,12.11,11.93,11.98,582100
2023-11-28,11.93,11.93,11.64,11.69,908200
2023-11-29,11.58,11.68,11.3,11.32,897300
2023-11-30,10.51,10.54,9.62,10.11,13197800
2023-12-01,9.95,10.15,9.72,9.92,6021000
2023-12-04,9.8,9.84,9.59,9.62,4255400
2023-12-05,9.5,9.55,9.09,9.31,4857700
2023-12-06,9.4,9.59,9.34,9.52,4471600
2023-12-07,9.52,9.77,9.49,9.64,3730900
2023-12-08,9.56,9.81,9.51,9.57,4139700
2023-12-11,9.6,9.76,9.41,9.57,1728400
2023-12-12,9.6,9.79,9.6,9.63,1664800
2023-12-13,9.63,9.83,9.54,9.82,2175800
2023-12-14,9.82,10.07,9.81,9.98,2171400
2023-12-15,10.12,10.18,9.97,9.99,2477900
2023-12-18,9.99,10.11,9.94,9.95,1347400
2023-12-19,9.95,10.4,9.94,10.23,3245700
2023-12-20,10.1,10.34,10.03,10.03,4056800
2023-12-21,10.21,10.52,10.14,10.5,2599200
2023-12-22,10.19,10.65,10.19,10.43,2392100
2023-12-26,10.43,10.56,10.38,10.44,1702000
2023-12-27,10.48,10.69,10.38,10.48,1418900
2023-12-28,10.7,11.01,10.66,10.86,1682500
2023-12-29,10.87,11.03,10.81,10.95,2310000
2024-01-02,10.74,10.87,10.45,10.53,1567100
2024-01-03,10.41,10.67,10.3,10.55,2454300
2024-01-04,10.49,10.53,10.36,10.42,1190700
2024-01-05,10.33,10.43,10.03,10.11,1125200
2024-01-08,9.88,10.07,9.66,9.93,1159300
2024-01-09,9.85,9.87,9.53,9.62,1944000
2024-01-10,9.62,9.76,9.55,9.55,997000
2024-01-11,9.33,9.35,8.78,9.13,3484900
2024-01-12,9.21,9.47,9.02,9.03,1419800
2024-01-16,8.92,8.99,8.56,8.61,2020500
2024-01-17,8.35,8.36,8.12,8.27,3841700
2024-01-18,8.39,8.39,8.16,8.23,2598300
2024-01-19,8.0,8.21,7.84,8.12,2294700
2024-01-22,7.9,8.42,7.85,8.37,3415500
2024-01-23,8.83,9.29,8.52,8.65,2846800
2024-01-24,9.09,9.13,8.66,8.67,1780200
2024-01-25,8.71,8.8,8.45,8.52,2349900
2024-01-26,8.36,8.45,8.15,8.32,1244000
2024-01-29,8.29,8.31,8.15,8.26,944600
2024-01-30,8.15,8.23,8.09,8.1,799700
2024-01-31,8.0,8.32,7.85,8.1,1749600
2024-02-01,8.19,8.6,8.17,8.52,1675500
2024-02-02,8.4,8.53,8.39,8.44,2299600
2024-02-05,8.53,8.56,8.26,8.33,3934200
2024-02-06,8.72,9.16,8.72,9.04,3078700
2024-02-07,8.73,8.96,8.58,8.94,1298700
2024-02-08,8.88,9.08,8.66,8.94,1967100
2024-02-09,8.95,8.95,8.69,8.81,1402700
2024-02-12,8.9,9.25,8.87,9.24,1182200
2024-02-13,9.08,9.13,8.74,8.77,1627600
2024-02-14,8.97,9.29,8.94,9.29,3522700
2024-02-15,9.34,9.48,9.25,9.37,1654700
2024-02-16,9.5,9.74,9.27,9.3,1543900
2024-02-20,9.17,9.31,8.94,9.31,1755100
2024-02-21,9.59,9.59,9.19,9.31,1920600
2024-02-22,9.38,9.39,9.05,9.22,1833100
2024-02-23,9.23,9.27,9.05,9.21,1410400
2024-02-26,9.11,9.31,9.06,9.23,1187100
2024-02-27,9.36,9.71,9.17,9.67,3477100
2024-02-28,9.38,9.41,9.13,9.13,1594300
2024-02-29,9.17,9.41,9.06,9.12,10622900
2024-03-01,9.24,9.37,9.11,9.14,1202000
2024-03-04,9.1,9.11,8.29,8.31,3090000
2024-03-05,8.2,8.52,8.08,8.32,2584100
2024-03-06,8.62,8.95,8.57,8.77,2180100
2024-03-07,8.64,9.03,8.6,9.0,1815100
2024-03-08,9.0,9.28,8.99,9.01,1656300
2024-03-11,9.31,9.71,9.25,9.25,1823400
2024-03-12,9.62,9.89,9.59,9.68,2140600
2024-03-13,9.74,9.96,9.65,9.7,2312300
2024-03-14,10.29,10.29,9.24,9.51,4930800
2024-03-15,9.39,9.93,9.36,9.91,2206000
2024-03-18,9.74,9.9,9.41,9.43,2285600
2024-03-19,9.5,9.5,9.06,9.31,2856000
2024-03-20,9.39,9.48,9.2,9.43,2416800
2024-03-21,9.3,9.3,9.08,9.08,1834400
2024-03-22,8.93,8.93,8.59,8.61,3750100
2024-03-25,8.69,8.95,8.64,8.91,1964700
2024-03-26,8.94,9.2,8.9,9.13,3163900
2024-03-27,9.1,9.68,8.93,9.5,3216300
2024-03-28,9.36,9.57,9.05,9.09,2632500
2024-04-01,9.31,9.65,9.3,9.41,1637300
2024-04-02,9.39,9.56,9.36,9.44,1191800
2024-04-03,9.35,9.48,9.27,9.45,1112600
2024-04-04,9.45,9.54,9.02,9.03,2030500
2024-04-05,9.14,9.14,8.75,8.78,1762000
2024-04-08,8.85,9.01,8.76,8.78,2299200
2024-04-09,8.91,9.18,8.86,9.1,4289900
2024-04-10,9.21,9.26,8.8,8.94,4613700
2024-04-11,8.3,8.41,8.0,8.2,2133700
2024-04-12,8.1,8.12,7.6,7.63,3291200
2024-04-15,7.66,8.0,7.58,7.68,3362300
2024-04-16,7.63,7.81,7.59,7.7,2387900
2024-04-17,7.8,7.97,7.73,7.77,1094900
2024-04-18,7.85,8.11,7.8,8.06,2378400
2024-04-19,8.14,8.14,7.84,7.9,2150400
2024-04-22,8.0,8.12,7.84,8.09,1663400
2024-04-23,8.11,8.22,7.97,8.13,1318600
2024-04-24,8.33,8.53,8.27,8.53,1224700
2024-04-25,8.32,8.57,8.27,8.43,1727600
2024-04-26,8.72,8.98,8.72,8.8,2236700
2024-04-29,8.76,8.95,8.65,8.88,1087900
2024-04-30,8.69,8.79,8.56,8.62,1079400
2024-05-01,8.6,8.79,8.57,8.58,847400
2024-05-02,9.0,9.34,8.82,9.29,2425700
2024-05-03,9.41,9.78,9.21,9.67,4852100
2024-05-06,9.91,10.25,9.73,9.96,3170100
2024-05-07,9.73,9.82,9.56,9.82,1231900
2024-05-08,9.55,9.6,9.36,9.44,1627300
2024-05-09,9.68,9.95,9.55,9.68,883600
2024-05-10,9.9,9.93,9.56,9.65,1547700
2024-05-13,9.94,10.25,9.77,9.78,2414700
2024-05-14,9.86,9.96,9.55,9.72,1409000
2024-05-15,9.81,9.81,9.41,9.62,1262800
2024-05-16,9.7,10.13,9.53,10.04,1697200
2024-05-17,9.85,10.01,9.52,9.66,3639200
2024-05-20,9.59,9.68,9.3,9.36,1720900
2024-05-21,9.1,9.24,9.0,9.07,1581300
2024-05-22,9.09,9.2,8.78,8.87,1919800
2024-05-23,9.13,9.34,8.72,8.79,2317100
2024-05-24,8.92,8.98,8.74,8.77,1593300
2024-05-28,8.9,9.13,8.82,8.89,1752200
2024-05-29,8.65,8.76,8.6,8.63,1896000
2024-05-30,8.61,9.06,8.58,9.01,1903500
2024-05-31,8.9,8.97,8.74,8.85,2156000
2024-06-03,8.87,8.93,8.45,8.51,1892100
2024-06-04,8.52,8.6,8.45,8.52,4560500
2024-06-05,8.53,8.65,8.34,8.37,3424400
2024-06-06,8.32,8.49,8.2,8.41,2979200
2024-06-07,8.26,8.34,8.07,8.08,1769600
2024-06-10,8.16,8.56,8.07,8.41,2085100
2024-06-11,8.4,8.5,8.25,8.34,2484300
2024-06-12,8.42,8.5,8.25,8.27,1158000
2024-06-13,8.29,8.5,8.29,8.4,1305100
2024-06-14,8.3,8.35,8.06,8.1,2215200
2024-06-17,8.18,8.23,7.96,8.12,1233400
2024-06-18,8.11,8.87,8.06,8.21,2118400
2024-06-20,8.27,8.44,8.02,8.27,2312700
2024-06-21,8.25,8.36,8.11,8.19,1224500
2024-06-24,8.17,8.29,8.16,8.24,898700
2024-06-25,8.22,8.25,8.01,8.07,1688800
2024-06-26,8.08,8.08,7.99,8.05,1140600
2024-06-27,7.97,8.04,7.72,7.72,1342300
2024-06-28,7.81,7.81,7.65,7.68,1331800
2024-07-01,7.73,7.9,7.71,7.75,1579600
2024-07-02,7.77,8.13,7.69,8.07,1594300
2024-07-03,8.15,8.42,8.09,8.32,1024800
2024-07-05,8.2,8.25,7.97,8.22,877800
2024-07-08,8.21,8.29,7.99,8.07,1569500
2024-07-09,8.05,8.43,8.01,8.27,1862000
2024-07-10,8.3,8.43,8.23,8.31,768000
2024-07-11,8.41,8.74,8.35,8.59,1750400
2024-07-12,8.68,8.78,8.47,8.5,1167500
2024-07-15,8.41,8.43,8.06,8.08,1133400
2024-07-16,8.08,8.26,8.01,8.24,1017600
2024-07-17,8.19,8.23,7.86,7.94,2164500
2024-07-18,7.96,8.12,7.85,7.9,1734400
2024-07-19,7.88,7.9,7.65,7.65,1882000
2024-07-22,7.85,8.02,7.74,7.95,1670500
2024-07-23,7.79,7.84,7.74,7.77,1161400
2024-07-24,7.7,7.95,7.68,7.7,1139800
2024-07-25,7.71,7.81,7.66,7.68,1135700
2024-07-26,7.71,7.78,7.67,7.71,651400
2024-07-29,7.74,7.82,7.68,7.69,1075800
2024-07-30,7.68,7.72,7.58,7.66,1379400
2024-07-31,7.84,7.9,7.68,7.72,998600
2024-08-01,7.72,7.77,7.51,7.6,1746000
2024-08-02,7.55,7.6,7.43,7.47,1604000
2024-08-05,7.2,7.56,7.17,7.47,4053900
2024-08-06,7.45,7.94,7.45,7.83,2319300
2024-08-07,7.91,7.91,7.57,7.59,1827100
2024-08-08,7.59,7.92,7.59,7.84,1287600
2024-08-09,7.83,7.87,7.75,7.84,885100
2024-08-12,7.79,8.22,7.7,8.19,2188300
2024-08-13,8.18,8.2,7.89,8.04,863400
2024-08-14,8.09,8.12,7.82,7.86,776400
2024-08-15,7.91,8.02,7.87,7.92,812000
2024-08-16,7.96,8.3,7.96,8.21,1755200
2024-08-19,8.25,8.39,8.24,8.35,1653100
2024-08-20,8.22,8.22,7.77,7.8,1903600
2024-08-21,7.78,8.0,7.74,7.89,1785200
2024-08-22,8.07,8.15,7.61,7.77,1868400
2024-08-23,7.83,7.92,7.68,7.77,1603700
2024-08-26,7.72,7.78,7.58,7.7,1784400
2024-08-27,7.69,7.78,7.58,7.58,1320500
2024-08-28,7.55,7.6,7.32,7.34,1459900
2024-08-29,7.48,7.58,7.42,7.46,830000
2024-08-30,7.62,7.62,7.45,7.48,966800
2024-09-03,7.38,7.46,7.32,7.35,801300
2024-09-04,7.35,7.44,7.29,7.3,743300
2024-09-05,7.32,7.58,7.31,7.39,1704800
2024-09-06,7.35,7.43,7.27,7.29,2738200
2024-09-09,7.22,7.22,7.03,7.13,1338800
2024-09-10,7.13,7.22,7.09,7.14,719300
2024-09-11,7.14,7.27,7.14,7.23,918300
2024-09-12,7.26,7.34,7.16,7.26,776800
2024-09-13,7.28,7.36,7.2,7.28,934700
2024-09-16,7.21,7.27,7.16,7.23,797600
2024-09-17,7.34,7.61,7.32,7.43,1597500
2024-09-18,7.44,7.58,7.41,7.51,579000
2024-09-19,7.72,7.84,7.64,7.76,1682100
2024-09-20,7.76,7.8,7.58,7.63,831600
2024-09-23,7.67,7.9,7.64,7.76,790100
2024-09-24,8.2,8.73,8.12,8.66,5112300
2024-09-25,8.33,8.49,8.23,8.38,2188000
2024-09-26,9.04,9.22,8.74,9.22,6743500
2024-09-27,9.08,10.15,9.08,9.91,7131900
2024-09-30,10.46,10.9,9.97,10.08,6072900
2024-10-01,10.15,10.82,10.0,10.8,4230100
2024-10-02,11.54,11.56,10.65,11.2,6521000
2024-10-03,10.51,10.77,10.33,10.6,2620000
2024-10-04,10.9,11.65,10.61,11.65,5649000
2024-10-07,12.17,12.4,11.53,11.71,7339100
2024-10-08,10.54,10.95,10.1,10.26,4694200
2024-10-09,9.84,10.15,9.71,10.01,3465400
2024-10-10,10.04,10.41,10.03,10.2,2296900
2024-10-11,9.9,10.26,9.86,10.19,1329700
2024-10-14,9.96,9.99,9.59,9.7,1850000
2024-10-15,9.41,9.58,9.22,9.35,2497500
2024-10-16,9.51,9.55,9.28,9.29,1498700
2024-10-17,9.03,9.08,8.77,8.79,1460000
2024-10-18,9.33,9.54,9.08,9.09,1810500
2024-10-21,8.96,9.02,8.88,9.01,629700
2024-10-22,9.04,9.35,9.04,9.24,1240900
2024-10-23,9.26,9.41,9.11,9.11,1335300
2024-10-24,9.11,9.16,8.92,9.04,817300
2024-10-25,9.3,9.54,9.22,9.27,1405600
2024-10-28,9.33,9.8,9.33,9.59,1082100
2024-10-29,9.6,9.65,9.27,9.28,882400
2024-10-30,9.15,9.32,9.09,9.16,1005200
2024-10-31,9.09,9.1,8.83,9.05,1367100
2024-11-01,9.06,9.12,8.94,8.96,771300
2024-11-04,9.02,9.15,8.86,8.88,945700
2024-11-05,9.07,9.33,8.99,9.29,1125200
2024-11-06,8.88,9.15,8.77,9.02,2042800
2024-11-07,9.4,9.67,9.13,9.27,1681700
2024-11-08,8.96,8.97,8.49,8.62,2360300
2024-11-11,8.67,8.73,8.42,8.62,1369400
2024-11-12,8.47,8.48,8.18,8.27,2441900
2024-11-13,8.32,8.32,8.15,8.19,1300500
2024-11-14,8.1,8.24,8.1,8.2,1328800
2024-11-15,8.22,8.41,8.21,8.35,1141100
2024-11-18,8.35,8.7,8.27,8.51,2032700
2024-11-19,8.72,9.32,8.72,9.05,2988500
2024-11-20,9.13,9.43,9.07,9.18,1927800
2024-11-21,9.14,9.15,8.84,8.97,1861300
2024-11-22,8.69,9.05,8.66,8.92,1643200
2024-11-25,8.92,9.34,8.92,9.21,1361700
2024-11-26,9.16,9.3,9.06,9.08,662900
2024-11-27,9.3,9.57,9.2,9.46,2149000
2024-11-29,9.45,9.67,9.45,9.6,571900
2024-12-02,9.56,9.84,9.56,9.76,1251200
2024-12-03,9.85,10.04,9.81,9.9,1031600
2024-12-04,9.88,9.91,9.47,9.57,1632400
2024-12-05,9.63,9.78,9.53,9.6,738200
2024-12-06,9.8,9.89,9.72,9.82,821100
2024-12-09,10.41,10.99,10.4,10.57,4111400
2024-12-10,10.25,10.38,10.07,10.31,1598200
2024-12-11,10.11,10.44,10.11,10.4,1868900
2024-12-12,10.2,10.49,10.19,10.46,1207700
2024-12-13,10.17,10.39,9.96,10.36,2644000
2024-12-16,10.14,10.41,10.01,10.03,1657800
2024-12-17,10.06,10.59,10.05,10.46,2594200
2024-12-18,10.46,10.51,9.96,10.01,1122700
2024-12-19,10.15,10.24,9.84,9.85,1261000
2024-12-20,9.9,9.96,9.68,9.76,1343900
2024-12-23,9.79,9.94,9.56,9.9,854600
2024-12-24,9.98,10.06,9.9,9.91,377100
2024-12-26,9.83,10.0,9.8,9.84,423000
2024-12-27,9.76,9.84,9.63,9.78,649600
2024-12-30,9.67,9.67,9.48,9.54,895400
2024-12-31,9.49,9.67,9.37,9.55,712800
2025-01-02,9.45,9.56,9.21,9.28,980000
2025-01-03,9.32,9.44,9.07,9.26,1389700
2025-01-06,9.44,9.57,9.09,9.11,1008600
2025-01-07,9.13,9.32,9.06,9.28,902600
2025-01-08,9.14,9.18,9.0,9.12,936000
2025-01-10,8.96,9.11,8.71,8.88,1123100
2025-01-13,8.75,8.98,8.75,8.98,496900
2025-01-14,9.28,9.4,9.16,9.33,955900
2025-01-15,9.34,9.48,9.28,9.43,822900
2025-01-16,9.4,9.45,9.31,9.37,618400
2025-01-17,9.39,9.9,9.31,9.73,860500
2025-01-21,9.85,9.85,9.39,9.53,971800
2025-01-22,9.43,9.72,9.39,9.6,564100
2025-01-23,9.58,9.58,9.31,9.34,484100
2025-01-24,9.43,9.81,9.37,9.79,1047400
2025-01-27,9.67,9.99,9.62,9.83,879000
2025-01-28,9.83,10.05,9.61,10.03,629800
2025-01-29,10.14,10.31,9.9,9.94,827300
2025-01-30,10.04,10.47,10.04,10.33,965600
2025-01-31,10.25,10.26,9.75,9.82,1230200
2025-02-03,9.62,10.12,9.56,10.06,864600
2025-02-04,10.12,10.5,10.08,10.16,1261800
2025-02-05,10.01,10.31,9.93,10.22,788500
2025-02-06,10.34,10.97,10.34,10.74,1732000
2025-02-07,10.92,11.15,10.6,10.76,1719000
2025-02-10,10.96,11.23,10.75,10.91,2204800
2025-02-11,10.52,10.59,10.22,10.37,1793900
2025-02-12,10.45,10.7,10.32,10.48,1268500
2025-02-13,10.4,10.89,10.25,10.89,1601100
2025-02-14,11.6,11.67,10.75,11.1,2789100
2025-02-18,11.21,11.21,10.33,10.83,2466100
2025-02-19,10.68,10.68,10.24,10.5,1514900
2025-02-20,10.73,11.15,10.66,11.05,3642400
2025-02-21,11.56,11.77,11.15,11.34,4105800
2025-02-24,11.08,11.1,10.56,10.68,1752500
2025-02-25,11.0,11.08,10.54,10.61,1888500
2025-02-26,10.83,11.2,10.73,10.82,1168700
2025-02-27,10.71,10.83,10.4,10.53,1144600
2025-02-28,10.27,10.31,10.0,10.01,2034200
2025-03-03,10.11,10.45,9.85,9.86,1197700
2025-03-04,9.95,10.16,9.77,10.08,1159200
2025-03-05,10.31,10.75,10.26,10.67,1573300
2025-03-06,10.93,10.98,10.67,10.82,1881000
2025-03-07,10.97,11.23,10.79,10.92,1414100
2025-03-10,10.91,10.93,10.55,10.73,1474500
2025-03-11,11.0,11.37,10.71,10.97,2388000
2025-03-12,10.56,10.84,10.55,10.76,1062600
2025-03-13,10.43,10.62,10.08,10.42,3278000
2025-03-14,10.71,10.76,10.38,10.56,1958900
2025-03-17,10.6,11.02,10.59,10.9,2624100
2025-03-18,11.0,11.11,10.64,10.85,1753900
2025-03-19,10.86,10.89,10.56,10.7,1327900
2025-03-20,10.38,10.38,10.12,10.17,2327900
2025-03-21,10.09,10.27,9.95,10.12,3533700
2025-03-24,10.35,10.35,9.94,10.19,2599200
2025-03-25,10.04,10.19,9.84,9.91,1836700
2025-03-26,9.91,9.99,9.69,9.88,1353700
2025-03-27,9.84,10.24,9.82,10.01,1093700
2025-03-28,9.95,9.95,9.37,9.39,2140400
2025-03-31,9.38,9.49,9.21,9.47,1344200
2025-04-01,9.51,9.53,9.32,9.45,1364600
2025-04-02,9.54,9.61,9.33,9.44,1072300
2025-04-03,9.24,9.3,9.13,9.17,1544300
2025-04-04,8.84,8.93,8.31,8.6,2687700
2025-04-07,8.3,8.9,7.96,8.33,4706900
2025-04-08,8.57,8.69,7.67,7.85,5062100
2025-04-09,7.11,7.68,7.1,7.67,4327600
2025-04-10,7.58,7.65,7.18,7.34,3403100
2025-04-11,7.6,7.67,7.4,7.6,2333000
2025-04-14,7.74,7.97,7.61,7.63,1823500
2025-04-15,7.65,7.81,7.57,7.71,1248400
2025-04-16,7.59,7.59,7.45,7.54,2194600
2025-04-17,7.72,7.87,7.56,7.61,1754000
2025-04-21,7.59,7.69,7.44,7.67,982400
2025-04-22,7.76,7.94,7.74,7.82,986100
2025-04-23,7.92,8.18,7.92,8.05,1198600
2025-04-24,8.04,8.23,7.93,8.2,816800
2025-04-25,8.1,8.2,8.04,8.11,588700
2025-04-28,8.05,8.22,8.05,8.18,457100
2025-04-29,8.15,8.19,8.07,8.13,587800
2025-04-30,8.12,8.23,7.97,8.1,922900
2025-05-01,8.16,8.16,8.05,8.1,405400
2025-05-02,8.35,8.45,8.3,8.35,816900
2025-05-05,8.28,8.52,8.27,8.47,746800
2025-05-06,8.46,8.73,8.46,8.62,1366700
2025-05-07,8.6,8.72,8.36,8.41,950400
2025-05-08,8.48,8.59,8.4,8.54,1173200
2025-05-09,8.61,8.79,8.52,8.54,828400
2025-05-12,8.77,8.9,8.72,8.83,854300
2025-05-13,8.63,8.81,8.57,8.71,1025600
2025-05-14,8.84,8.84,8.68,8.72,919200
2025-05-15,8.59,8.61,8.43,8.45,677700
2025-05-16,8.5,8.59,8.45,8.5,653500
2025-05-19,8.49,8.49,8.34,8.47,1194200
2025-05-20,8.56,8.64,8.38,8.42,757500
2025-05-21,8.79,8.9,8.55,8.78,3908300
2025-05-22,9.05,9.6,9.0,9.41,4673000
2025-05-23,9.21,9.5,9.21,9.37,1891800
2025-05-27,9.31,9.41,9.15,9.26,1680300
2025-05-28,9.24,9.28,9.18,9.2,1092200
2025-05-29,9.33,9.34,9.15,9.21,1330100
2025-05-30,9.12,9.12,8.91,9.05,1194400
2025-06-02,9.06,9.2,9.04,9.18,724200
2025-06-03,9.2,9.29,9.14,9.18,732000
2025-06-04,9.24,9.52,9.23,9.47,968600
2025-06-05,9.57,9.63,9.42,9.48,882400
2025-06-06,9.55,9.65,9.48,9.65,1323500
2025-06-09,9.76,9.92,9.7,9.79,1745500
2025-06-10,9.8,9.82,9.64,9.67,653500
2025-06-11,9.81,10.03,9.71,9.73,1397500
2025-06-12,9.75,9.75,9.61,9.69,885900
2025-06-13,9.53,9.65,9.49,9.55,1064200
2025-06-16,9.68,9.94,9.65,9.78,1110000
2025-06-17,9.8,9.8,9.6,9.61,671300
2025-06-18,9.54,9.55,9.43,9.5,697900
2025-06-20,9.52,9.57,9.36,9.39,1619900
2025-06-23,9.4,9.44,9.27,9.28,1259400
2025-06-24,9.48,9.84,9.44,9.81,1108900
2025-06-25,9.84,9.84,9.68,9.73,605700
2025-06-26,9.78,9.79,9.57,9.62,943600
2025-06-27,9.64,9.74,9.55,9.67,557800
2025-06-30,9.61,9.65,9.43,9.53,593500
2025-07-01,9.55,9.58,9.41,9.52,591800
2025-07-02,9.5,9.52,9.42,9.5,408900
2025-07-03,9.48,9.57,9.42,9.55,383900
2025-07-07,9.48,9.78,9.48,9.63,675400
2025-07-08,9.77,10.12,9.75,9.77,1431400
2025-07-09,9.74,9.81,9.64,9.74,880800
2025-07-10,9.83,9.92,9.74,9.76,716700
2025-07-11,9.76,9.81,9.71,9.73,395500
2025-07-14,9.77,9.9,9.7,9.78,423600
2025-07-15,9.94,10.42,9.94,10.37,2800400
2025-07-16,10.32,10.32,9.99,10.18,791200
2025-07-17,10.14,10.22,10.07,10.13,512000
2025-07-18,10.17,10.35,10.14,10.24,772300
2025-07-21,10.24,10.34,10.13,10.14,663900
2025-07-22,10.13,10.27,10.06,10.2,748100
2025-07-23,10.38,10.68,10.38,10.61,1213000
2025-07-24,10.54,10.64,10.28,10.32,771300
2025-07-25,10.2,10.22,9.98,10.19,673400
2025-07-28,10.19,10.36,10.11,10.18,697900
2025-07-29,10.17,10.33,10.17,10.21,548700
2025-07-30,10.11,10.19,9.81,9.84,878300
2025-07-31,9.76,9.8,9.48,9.64,1031600
2025-08-01,9.5,9.57,9.38,9.5,528200
2025-08-04,9.68,9.79,9.6,9.62,400200
2025-08-05,9.71,9.8,9.64,9.76,1111800
2025-08-06,9.74,9.79,9.6,9.75,378600
2025-08-07,9.8,9.88,9.71,9.72,382900
2025-08-08,9.7,9.95,9.65,9.89,902800
2025-08-11,9.99,10.01,9.7,9.73,615200
2025-08-12,9.79,10.13,9.79,10.1,664100
2025-08-13,10.41,10.47,10.15,10.28,1902200
2025-08-14,10.54,11.51,10.3,11.44,5532100
2025-08-15,11.56,11.79,11.22,11.55,2782500
2025-08-18,11.72,11.97,11.61,11.94,2625500
2025-08-19,11.93,11.95,11.2,11.21,2510200
2025-08-20,11.22,11.28,11.07,11.16,1149300
2025-08-21,11.22,11.39,11.13,11.28,641500
2025-08-22,11.49,11.66,11.45,11.48,1062600
2025-08-25,11.53,11.76,11.51,11.55,1804200
2025-08-26,11.52,11.58,11.29,11.32,716300
2025-08-27,10.95,11.17,10.89,11.17,923800
2025-08-28,11.17,11.31,11.11,11.17,1403500
2025-08-29,11.3,11.6,11.24,11.46,959800
2025-09-02,11.32,11.39,11.15,11.27,532600
2025-09-03,11.21,11.83,11.2,11.81,1041700
2025-09-04,11.59,11.72,11.4,11.54,733000
2025-09-05,11.66,11.71,11.54,11.71,721300
2025-09-08,11.88,12.0,11.51,11.52,883000
2025-09-09,11.7,12.28,11.7,12.27,3599900
2025-09-10,12.3,12.32,11.97,12.18,1603400
2025-09-11,12.18,12.3,11.91,11.91,949400
2025-09-12,12.05,12.27,11.89,12.25,1499200
2025-09-15,12.5,12.92,12.47,12.7,2855600
2025-09-16,12.7,12.78,12.34,12.59,2222800
2025-09-17,12.79,12.89,12.57,12.76,1837900
2025-09-18,12.62,12.71,12.26,12.4,1543400
2025-09-19,12.36,12.89,12.36,12.53,2288200
2025-09-22,12.33,12.48,12.25,12.28,1037500
2025-09-23,12.21,12.26,11.94,12.02,911100
2025-09-24,12.28,12.58,12.27,12.52,1105800
2025-09-25,12.5,12.58,12.3,12.39,1229300
2025-09-26,12.31,12.35,12.01,12.33,1074900
2025-09-29,12.63,12.88,12.39,12.5,1158400
2025-09-30,12.69,12.72,12.36,12.4,787500
2025-10-01,12.4,12.57,12.36,12.54,518300
2025-10-02,12.86,12.96,12.58,12.83,981000
2025-10-03,12.67,12.74,12.43,12.61,677900
2025-10-06,12.51,12.67,12.38,12.51,950100
2025-10-07,12.49,12.64,12.46,12.5,940400
2025-10-08,12.67,12.71,12.48,12.63,875300
2025-10-09,12.67,12.77,12.23,12.37,1519700
2025-10-10,12.08,12.34,11.16,11.39,2691400
2025-10-13,11.77,11.84,11.55,11.61,1083900
2025-10-14,11.26,11.39,10.95,11.27,1293200
2025-10-15,11.64,11.72,11.36,11.42,973100
2025-10-16,11.37,11.37,11.07,11.21,852800
2025-10-17,11.04,11.21,10.93,11.18,845700
2025-10-20,11.2,11.38,11.14,11.33,832700
2025-10-21,11.35,11.43,11.21,11.23,569600
2025-10-22,11.12,11.43,11.12,11.24,1055100
2025-10-23,11.3,11.49,11.28,11.38,660100
2025-10-24,11.53,11.56,11.29,11.32,527200
2025-10-27,11.56,11.61,11.39,11.52,727600
2025-10-28,11.5,11.52,11.24,11.28,662800
2025-10-29,11.28,11.4,11.04,11.16,1167500
2025-10-30,11.01,11.05,10.91,10.94,828100
2025-10-31,10.93,11.05,10.83,10.88,630900
2025-11-03,10.86,10.86,10.68,10.81,930000
2025-11-04,10.73,10.74,10.55,10.64,1240100
2025-11-05,10.62,10.69,10.55,10.6,774900
2025-11-06,10.71,10.85,10.55,10.59,2253400
2025-11-07,10.41,10.47,10.3,10.44,917200
2025-11-10,10.7,10.83,10.65,10.8,974000
2025-11-11,10.84,10.91,10.67,10.71,1110300
2025-11-12,10.85,10.85,10.5,10.57,3423200
2025-11-13,10.57,10.64,10.28,10.29,801300
2025-11-14,10.22,10.33,10.04,10.06,1006500
2025-11-17,10.16,10.33,9.9,9.95,1295800
2025-11-18,9.61,10.05,9.6,9.94,1275600
2025-11-19,9.9,9.93,9.73,9.77,1145600
2025-11-20,9.88,9.89,9.5,9.54,1157800
2025-11-21,9.49,9.74,9.46,9.64,1032500
2025-11-24,9.86,9.96,9.8,9.92,966700
2025-11-25,10.01,10.13,9.92,10.0,721100
2025-11-26,10.01,10.04,9.82,9.86,1021000
2025-11-28,9.84,10.0,9.84,9.94,364500
2025-12-01,10.0,10.4,9.96,10.28,1393500
2025-12-02,10.24,10.43,10.13,10.4,1128900
2025-12-03,10.33,10.51,10.25,10.33,747300
2025-12-04,10.39,10.39,10.28,10.28,498800
2025-12-05,10.43,10.48,10.37,10.42,1106200
2025-12-08,10.44,10.49,10.17,10.24,1401900
2025-12-09,10.01,10.05,9.91,9.99,902700
2025-12-10,10.01,10.29,9.99,10.23,834900
2025-12-11,10.16,10.24,10.02,10.2,1750800
2025-12-12,10.21,10.39,10.18,10.24,1049300
2025-12-15,10.28,10.28,10.15,10.16,588200
2025-12-16,10.02,10.21,9.95,10.18,1002100
2025-12-17,10.19,10.22,10.01,10.07,1024700
2025-12-18,10.14,10.25,10.1,10.13,603900
2025-12-19,10.17,10.27,9.97,10.18,2304400
2025-12-22,10.13,10.23,10.06,10.08,467800
2025-12-23,10.06,10.13,10.01,10.08,393400
2025-12-24,10.02,10.14,10.01,10.08,211300
2025-12-26,10.08,10.17,10.05,10.14,239100
2025-12-29,10.03,10.19,10.0,10.15,601200
2025-12-30,10.2,10.29,10.15,10.15,682900
2025-12-31,10.2,10.26,10.19,10.22,587500
2026-01-02,10.51,10.67,10.49,10.54,1129900
2026-01-05,10.52,10.78,10.45,10.77,948500
2026-01-06,10.82,10.9,10.63,10.69,619000
2026-01-07,10.62,10.72,10.57,10.65,712600
2026-01-08,10.62,10.79,10.58,10.71,703200
2026-01-09,10.67,10.73,10.46,10.5,707600
2026-01-12,10.73,11.28,10.73,11.22,5904100
2026-01-13,11.12,11.19,10.96,10.99,749600
2026-01-14,11.03,11.22,10.9,11.1,2628400
2026-01-15,11.02,11.12,10.81,11.01,502400
2026-01-16,10.93,10.95,10.67,10.75,531700
2026-01-20,10.57,10.69,10.52,10.6,494700
2026-01-21,10.76,11.01,10.74,10.92,740100
2026-01-22,10.96,11.1,10.87,10.89,755900
2026-01-23,10.92,10.92,10.75,10.77,479800
2026-01-26,10.72,10.9,10.66,10.89,628300
2026-01-27,10.99,11.11,10.78,10.84,797500
2026-01-28,10.99,10.99,10.79,10.91,862700
2026-01-29,11.06,11.07,10.67,10.83,603000
2026-01-30,10.65,10.76,10.48,10.58,627500
2026-02-02,10.46,10.59,10.32,10.47,623000
2026-02-03,10.44,10.63,10.15,10.25,1240600
2026-02-04,10.24,10.29,10.1,10.18,834900
2026-02-05,10.18,10.18,9.7,9.96,1203700
2026-02-06,10.08,10.23,10.01,10.19,607200
2026-02-09,10.19,10.3,10.1,10.18,1361700
2026-02-10,10.16,10.37,10.1,10.32,5756700
2026-02-11,10.31,10.37,10.11,10.18,574500
2026-02-12,10.2,10.2,9.85,9.96,816300
2026-02-13,9.8,10.12,9.8,10.01,530800
2026-02-17,10.0,10.11,9.8,9.95,509700
2026-02-18,9.99,10.04,9.89,9.98,364500
2026-02-19,9.92,10.06,9.9,10.01,380400
2026-02-20,9.9,10.26,9.87,10.19,785400
2026-02-23,10.24,10.55,10.19,10.27,842300
2026-02-24,10.13,10.42,10.12,10.31,683100
2026-02-25,10.35,10.59,10.2,10.23,857500
2026-02-26,10.15,10.21,10.03,10.21,788200
2026-02-27,10.13,10.16,9.92,9.93,921900
2026-03-02,9.76,9.92,9.74,9.85,974900
2026-03-03,9.72,9.74,9.5,9.63,1188700
2026-03-04,9.65,9.77,9.62,9.66,670100
2026-03-05,9.6,9.68,9.52,9.59,480000
2026-03-06,9.57,9.77,9.53,9.54,601100
2026-03-09,9.54,9.67,9.23,9.64,1352300
2026-03-10,9.88,9.98,9.71,9.83,1101100
2026-03-11,9.84,9.86,9.68,9.79,748000
2026-03-12,9.87,9.89,9.67,9.7,499500
2026-03-13,9.71,9.86,9.71,9.75,429100
2026-03-16,9.83,9.91,9.68,9.69,556300
2026-03-17,9.71,9.85,9.62,9.67,696500
2026-03-18,9.1,9.32,8.56,8.64,3606600
2026-03-19,8.46,8.82,8.36,8.78,1344100
2026-03-20,8.75,8.85,8.65,8.66,1902700
2026-03-23,8.61,8.8,8.5,8.76,2829400
2026-03-24,8.76,8.83,8.69,8.71,1002200
2026-03-25,8.8,8.87,8.71,8.71,751100
2026-03-26,8.5,8.72,8.47,8.57,1464800
2026-03-27,8.53,8.74,8.5,8.58,1806700
2026-03-30,8.62,8.69,8.5,8.64,932800
2026-03-31,8.65,8.81,8.64,8.75,1002200
2026-04-01,8.77,8.9,8.73,8.77,1586500
2026-04-02,8.62,8.78,8.62,8.68,917800
2026-04-06,8.69,8.83,8.69,8.78,506900
2026-04-07,8.74,8.85,8.59,8.69,2037500
2026-04-08,9.0,9.12,8.82,8.85,1701700
2026-04-09,8.9,8.95,8.76,8.87,810900
2026-04-10,8.93,8.97,8.81,8.81,721800
2026-04-13,8.8,8.93,8.75,8.9,1927300
2026-04-14,8.97,9.17,8.95,9.15,1754900
2026-04-15,9.14,9.23,9.04,9.16,1094800
2026-04-16,9.24,9.34,9.14,9.27,1169800
2026-04-17,8.75,8.93,8.75,8.84,1496200
2026-04-20,8.62,8.84,8.62,8.78,1098400
2026-04-21,8.75,8.81,8.62,8.63,1200100
2026-04-22,8.63,8.65,8.52,8.56,679800
2026-04-23,8.54,8.57,8.29,8.33,995500
2026-04-24,8.39,8.46,8.34,8.41,901300
2026-04-27,8.4,8.5,8.32,8.33,1415000
2026-04-28,8.25,8.26,8.1,8.14,663000
2026-04-29,8.15,8.24,8.12,8.15,624000
2026-04-30,8.15,8.41,8.15,8.41,715800
2026-05-01,8.42,8.48,8.3,8.36,516400
2026-05-04,8.32,8.4,8.32,8.35,423425
